pitcher_name,pitcher_id,pitcher_team,pitch_type,batter_side,pitch_count,batted_ball_count,raw_pitch_score_20_80,location_score_20_80,final_pitch_score_20_80,final_pitch_score_0_100,stuff_plus_raw,stuff_plus_20_80,stuff_plus_0_100,execution_raw,execution_plus_20_80,execution_plus_0_100,execution_plus_rank,execution_plus_pitch_type_rank,execution_quadrant,overall_rank,pitch_type_rank,pitch_type_batter_side_rank,platoon_gap,better_side,platoon_category,IVB,HB,velocity,spin_rate,extension,release_height,release_side,archetype,cluster,stuff_plus_model_type,stuff_plus_model_pitch_type
"Sanders, Brayden",695550.0,MIS_MUD,Slider,R,44,11,76.63176981970868,72.16877966723867,75.29287277396767,100.0,49.398073424548926,48.84170626613599,49.24284913067864,25.894799349418747,80.0,100.0,1,1,Command/Deception Weapon,1,1,1,,,,1.5199565151515153,-3.552810909090909,82.00244212121213,2010.2618439393937,4.579595151515152,5.887610151515151,1.780821818181818,Tight High-Spin Breakers,1,pitch_type_specific,Slider
"Grounds, Jackson",805984.0,DOW_EAS1,Curveball,R,43,10,80.0,60.58178899021485,74.17453669706445,99.66348850252383,49.01849486584831,47.51721184684772,41.92372406057207,25.156041831216143,80.0,99.94391475042063,2,1,Command/Deception Weapon,7,1,1,4.61680617262158,RHH,Balanced Weapon,-10.500080243902438,-12.01293524390244,81.40860719512196,1945.774660975609,5.351570975609756,6.060410609756097,2.076265,Tight High-Spin Breakers,1,pitch_type_specific,Curveball
"Grounds, Jackson",805984.0,DOW_EAS1,Four-Seam,R,48,27,74.08339138811952,64.55294282124727,71.22425681805784,99.49523275378576,48.88452584567735,47.049742819668246,39.624228827818285,22.339730972380487,80.0,99.88782950084128,3,1,Command/Deception Weapon,10,1,1,4.028432110726158,RHH,Balanced Weapon,17.0341461682243,14.240285607476636,92.4652793457944,2162.7614570093456,5.590913457943926,6.146667102803739,1.9688526168224296,Soft-Speed Separation,0,pitch_type_specific,Four-Seam
"Bargo, Casey",1000492781.0,NEW_ENG23,Slider,R,29,16,73.55133729118444,78.88074808629042,75.15016052971623,99.94391475042065,53.56121533794731,63.36849684639736,89.035333707235,21.58894519176892,80.0,99.83174425126192,4,2,Elite Weapon,2,2,2,12.841862926338392,RHH,Right-Handed Killer,1.4834028571428572,-4.979310535714285,83.56961232142858,2415.5824839285715,5.66463625,5.811873571428571,2.415990178571428,Tight High-Spin Breakers,1,pitch_type_specific,Slider
"Ryan, Dillon",1000132418.0,NEW_ENG23,Slider,R,76,29,79.61169570014512,63.97120171000348,74.91954750310262,99.83174425126192,53.42986059955874,62.91015004583438,87.85754346606842,21.489686903543884,80.0,99.77565900168256,5,3,Elite Weapon,4,4,4,4.108531892988083,RHH,Balanced Weapon,-2.1872343624161075,-8.479868523489934,85.49828328859061,2503.5827758389264,5.75161543624161,4.573205906040268,1.9020504697986576,Tight High-Spin Breakers,1,pitch_type_specific,Slider
"Morgan, Cooper",692707.0,QUE_CAP,Curveball,L,77,30,78.78332044966055,50.957669871488,70.43562527620878,99.32697700504768,49.2903926608962,48.46596699621787,47.11160964666293,21.14523261531258,80.0,99.7195737521032,6,2,Command/Deception Weapon,13,2,1,,,,-1.5865363636363636,17.676954545454546,75.60081525252525,2699.112308080808,5.306855555555555,4.765558282828283,-4.242589393939394,Tight High-Spin Breakers,1,pitch_type_specific,Curveball
"Heintz, Danny",830746.0,FLO_Y'A,Four-Seam,R,36,12,75.84529384427294,54.91490046583763,69.56617583074234,98.93438025799216,48.67943765178124,46.33411185988172,35.38979248457655,20.886738178961096,80.0,99.66348850252383,7,2,Command/Deception Weapon,20,3,3,,,,14.246257833333337,10.411413666666668,92.17820516666669,2179.840385,5.8207675000000005,5.2832785,2.8342455,Soft-Speed Separation,0,pitch_type_specific,Four-Seam
"Grounds, Jackson",805984.0,DOW_EAS1,Curveball,L,39,10,80.0,45.19243508147623,69.55773052444287,98.8782950084128,49.01849486584831,47.51721184684772,41.92372406057207,20.539235658594563,79.7345111013309,99.60740325294447,8,3,Command/Deception Weapon,21,3,2,4.61680617262158,RHH,Balanced Weapon,-10.500080243902438,-12.01293524390244,81.40860719512196,1945.774660975609,5.351570975609756,6.060410609756097,2.076265,Tight High-Spin Breakers,1,pitch_type_specific,Curveball
"Harley, Tristan",10041912.0,SUS_COU1,Slider,R,44,16,77.04487618881197,69.97094313223029,74.92269627183747,99.88782950084128,54.670225243674665,67.23825554957493,94.81211441390914,20.2524710281628,79.31936390555518,99.55131800336513,9,4,Elite Weapon,3,3,3,9.653970751272894,RHH,Right-Handed Killer,1.4645616216216215,-8.65943581081081,81.28331135135136,2431.6961094594594,5.64155891891892,5.109674189189189,1.7037759459459458,Tight High-Spin Breakers,1,pitch_type_specific,Slider
"Debban, Caleb",1000551056.0,NEW_JER6,Four-Seam,R,37,13,73.53844489956356,55.79807277753442,68.21633326295482,98.48569826135729,48.03335912567303,44.07969737139831,26.19181155356141,20.18297413728179,79.21875373155657,99.49523275378576,10,3,Command/Deception Weapon,28,4,4,,,,13.060401964285717,-4.575228214285715,87.24131339285714,2324.788823214286,6.581025892857142,5.427232678571428,-2.3519233928571426,Soft-Speed Separation,0,pitch_type_specific,Four-Seam
"Vecerka, Boris",807828.0,QUE_CAP,Slider,R,62,18,80.0,62.58845539762927,74.77653661928878,99.7195737521032,54.92441999450906,68.12523802309784,96.0179472798654,19.85211662477972,78.73977357173086,99.43914750420639,11,5,Elite Weapon,6,6,6,,,,2.424770120481928,-11.770099156626506,82.49418361445784,2471.718618072289,5.644459397590362,4.83581265060241,2.840886506024096,Tight High-Spin Breakers,1,pitch_type_specific,Slider
"Davis, Tyler",824623.0,WIN_CIT29,Four-Seam,R,33,19,74.42834807478019,59.89869984519119,70.06945360590349,99.04655075715088,50.46395602164415,52.56097733429613,63.74088614694335,19.60549758425934,78.38274487212178,99.38306225462703,12,4,Elite Weapon,18,2,2,3.72581002676084,RHH,Balanced Weapon,21.23184789473684,5.648621842105263,89.31716763157894,2170.9824881578947,5.858615394736842,6.558214736842106,0.4845959210526316,Soft-Speed Separation,0,pitch_type_specific,Four-Seam
"Morrissey, Joe",1000570088.0,EVA_OTT,Cutter,R,38,18,80.0,47.006546361996605,70.10196390859898,99.10263600673022,50.58243594794381,52.97439900310373,65.05888951205833,19.519527960655168,78.25828723553168,99.32697700504767,13,1,Elite Weapon,17,1,1,,,,12.494604193548389,-3.190279838709677,85.79811532258064,2648.924272580645,5.561154193548387,5.685640483870968,1.0819735483870967,Tight High-Spin Breakers,1,pitch_type_specific,Cutter
"Carroll, Jake",1000088275.0,JOL_SLA,Slider,L,55,15,80.0,52.67192620787785,71.80157786236336,99.55131800336513,52.56588117403256,59.89539617931822,82.27706113292204,19.235696688330798,77.84738664224197,99.27089175546831,14,6,Elite Weapon,9,8,1,,,,-5.749618378378378,7.748712027027026,75.41806608108108,2046.2702162162163,6.093651891891892,6.210710945945945,-1.944665,Tight High-Spin Breakers,1,pitch_type_specific,Slider
"Alpern, Liam",1000137537.0,FLO_Y'A,Slider,L,38,16,76.11874704566937,55.80531804034287,70.02471834407142,98.99046550757151,51.24705129698122,55.293495539501286,73.05103757711721,18.777667047090198,77.18430026071402,99.21480650588896,15,7,Elite Weapon,19,14,4,-4.774558694095504,LHH,Balanced Weapon,-4.042234102564103,11.5085708974359,76.82941141025641,2219.105,5.546514358974359,4.826601153846154,-2.125199871794872,Tight High-Spin Breakers,1,pitch_type_specific,Slider
"Grounds, Jackson",805984.0,DOW_EAS1,Four-Seam,L,59,27,74.08339138811952,51.1248357854934,67.19582470733168,98.31744251261918,48.88452584567735,47.049742819668246,39.624228827818285,18.31129886165433,76.50914222573877,99.15872125630959,16,5,Command/Deception Weapon,31,5,1,4.028432110726158,RHH,Balanced Weapon,17.0341461682243,14.240285607476636,92.4652793457944,2162.7614570093456,5.590913457943926,6.146667102803739,1.9688526168224296,Soft-Speed Separation,0,pitch_type_specific,Four-Seam
"Duncan, Tanner",677365.0,DOW_EAS1,Slider,R,58,14,67.8533067759293,76.14576182976687,70.34104329208057,99.21480650588896,52.13626311310649,58.39629484422188,79.0521592821088,18.204780178974083,76.354935856753,99.10263600673022,17,8,Elite Weapon,15,12,10,9.790947013934629,RHH,Right-Handed Killer,6.892258522727272,-0.243992159090909,86.5027253409091,2208.0277181818183,5.910504204545455,5.796946590909091,2.656812954545454,Soft-Speed Separation,0,pitch_type_specific,Slider
"Kirby, Zach",813716.0,WAS_WIL3,Slider,R,126,42,71.61409231611167,79.83797401683347,74.0812568263282,99.60740325294448,55.92284922712377,71.60913856579285,98.31744251261918,18.15840759920443,76.28780258992273,99.04655075715087,18,9,Elite Weapon,8,7,7,,,,5.775077874015748,-13.35486874015748,77.95873236220473,2204.134622047244,5.682268267716535,6.0299599212598425,2.182132125984252,Tight High-Spin Breakers,1,pitch_type_specific,Slider
"Earwood, Micah",1000112366.0,SUS_COU1,Four-Seam,R,96,13,73.33681511612797,49.60706884684035,66.21789123534168,97.86876051598428,48.19614434645677,44.6477171173206,28.771733034212005,18.021746888884913,76.08995981350904,98.99046550757151,19,6,Command/Deception Weapon,39,8,6,,,,18.33996673469388,2.872796224489796,80.84746714285714,2068.1867785714285,5.654916836734694,5.907355204081632,0.2764612244897959,Soft-Speed Separation,0,pitch_type_specific,Four-Seam
"Bauer, Patrick",10998513.0,QUE_CAP,Slider,R,65,14,76.51343941168344,70.92257681740935,74.8361806334012,99.77565900168256,56.83760871222279,74.80108343526132,99.38306225462703,17.99857192117841,76.0564095711341,98.93438025799215,20,10,Elite Weapon,5,5,5,,,,0.0980684507042253,-10.53625014084507,78.04351845070423,2415.844625352113,6.062802816901408,6.580565915492958,2.1245591549295777,Tight High-Spin Breakers,1,pitch_type_specific,Slider
"Glickstein, Aaron",1000292360.0,SCH_BOO,Sinker,R,84,38,66.55069011132231,59.39557051961893,64.4041542338113,96.80314077397644,46.8702532680747,40.02117725186344,13.993269770050476,17.5339009657366,75.38370860442265,98.87829500841279,21,1,Command/Deception Weapon,58,1,1,3.6404170705966408,RHH,Balanced Weapon,9.71882616,13.68230352,88.1996532,2160.8155096,6.07514648,5.22134576,2.37534352,Soft-Speed Separation,0,pitch_type_specific,Sinker
"Ryan, Dillon",1000132418.0,NEW_ENG23,Slider,L,73,29,79.61169570014512,50.27609540004318,70.81101561011454,99.38306225462703,53.42986059955874,62.91015004583438,87.85754346606842,17.3811550105558,75.1625793289471,98.82220975883342,22,11,Elite Weapon,12,10,2,4.108531892988083,RHH,Balanced Weapon,-2.1872343624161075,-8.479868523489934,85.49828328859061,2503.5827758389264,5.75161543624161,4.573205906040268,1.9020504697986576,Tight High-Spin Breakers,1,pitch_type_specific,Slider
"Jones, Breyln",690202.0,NEW_JER6,Curveball,R,37,12,68.45763732473227,52.26411501199357,63.59958063091066,96.0179472798654,46.289464871337714,37.99458493616772,11.104879416713406,17.310115759572945,75.05973629076928,98.76612450925406,23,4,Command/Deception Weapon,72,7,4,,,,-17.016712,-9.712321666666666,74.1360635,2182.879356666667,5.5759905000000005,5.7466558333333335,1.2142206666666666,Tight High-Spin Breakers,1,pitch_type_specific,Curveball
"Cameron, Zach",1000084075.0,WIN_CIT29,Four-Seam,R,75,54,68.741015855502,57.7943360906265,65.45701192603934,97.5883342680875,48.32925494864758,45.11219079663843,29.921480650588894,17.127756977391762,74.79573672801425,98.71003925967472,24,7,Command/Deception Weapon,44,9,7,4.9542467218889,RHH,Balanced Weapon,15.709198888888888,9.947721319444446,88.16176847222222,2181.664397916667,5.564969166666667,5.404369652777778,1.3985334027777778,Soft-Speed Separation,0,pitch_type_specific,Four-Seam
"Colon, Jeffrey",681738.0,TRO_AIG,Sinker,R,26,17,64.57769391369858,59.76878485234596,63.13502119529279,95.68143578238924,46.09142863296934,37.30356093988705,10.01121704991587,17.043592562323454,74.67389247948505,98.65395401009535,25,2,Command/Deception Weapon,78,3,3,3.4469665721922027,RHH,Balanced Weapon,13.90886982142857,17.741614464285714,90.1649375,2261.9668892857144,5.606242678571428,6.096117678571429,2.126033571428571,Soft-Speed Separation,0,pitch_type_specific,Sinker
"Mercado, Nelson",683319.0,OTT_TIT,Four-Seam,R,42,27,60.63395154705632,79.7762968645275,66.37665514229766,98.03701626472238,49.43912093973996,48.98493670829344,49.66348850252383,16.937534202557707,74.52035251683682,98.59786876051598,26,8,Command/Deception Weapon,36,6,5,6.005367566250655,RHH,Right-Handed Killer,19.20557395061728,12.62073901234568,87.8185487654321,2126.133588888889,5.666295925925926,5.812977654320988,2.833291975308642,Soft-Speed Separation,0,pitch_type_specific,Four-Seam
"Sabatine, Gino",1000229070.0,TRI_VAL,Sinker,L,36,19,59.42876961840577,56.25196350896788,58.4757277855744,88.72686483454851,41.87473115828209,22.589894572195067,0.1682557487380818,16.60099662729231,74.03314936896523,98.54178351093663,27,3,Command/Deception Weapon,202,13,6,,,,9.458431296296297,14.015529629629633,88.18236296296297,1890.242353703704,5.026216851851852,5.866474259259259,1.8490603703703703,Soft-Speed Separation,0,pitch_type_specific,Sinker
"Smith, Ben",814168.0,NEW_ENG23,Changeup,R,60,22,62.94589515785283,65.66089755984231,63.76039587844967,96.24228827818284,47.24449170678174,41.3270379549744,17.442512619181155,16.515904171667934,73.90996160246507,98.48569826135727,28,1,Command/Deception Weapon,68,6,2,,,,3.929682465753425,-14.273868493150689,82.5139890410959,1566.941402739726,5.985978493150685,4.719594931506849,-1.669350684931507,Tight High-Spin Breakers,1,pitch_type_specific,Changeup
"Peyton, Blake",1000017005.0,GAT_GRI,Changeup,R,104,21,70.7734736742062,56.134284688001024,66.38171697834464,98.09310151430174,49.96341008817424,50.81438158940515,58.384744812114405,16.4183068901704,73.7686706850042,98.4296130117779,29,2,Elite Weapon,35,1,1,,,,10.717444444444444,-13.441118055555556,81.05968750000001,1927.230682407408,6.085521111111111,5.8693719444444445,-2.4450050925925924,Tight High-Spin Breakers,1,pitch_type_specific,Changeup
"Jones, Logan",814785.0,TRI_VAL,Slider,L,33,17,74.31026197241798,54.288605831449686,68.30376513012749,98.54178351093664,52.19374234945546,58.59686183101319,79.38867077958497,16.110022780672026,73.32236988644416,98.37352776219855,30,12,Elite Weapon,27,19,6,-2.292768024319244,Balanced,Balanced Weapon,2.4548069230769234,2.3349756923076925,83.46183384615384,2341.4368646153844,5.692705692307692,5.695370615384616,3.0107698461538464,Tight High-Spin Breakers,1,pitch_type_specific,Slider
"Garcia, Andrew",1000190083.0,EVA_OTT,Sinker,R,29,12,62.72482619999834,58.82286789500929,61.55423870850162,93.4380257992148,45.480529576882944,35.1719010450164,7.403252944475602,16.073709131618678,73.26979886487089,98.31744251261918,31,4,Command/Deception Weapon,118,6,5,,,,10.488453076923076,14.220468846153846,91.02721230769232,2057.620732692308,5.9202776923076925,5.371980192307692,1.956904807692308,Soft-Speed Separation,0,pitch_type_specific,Sinker
"Flontek, Zac",1000563032.0,DOW_EAS1,Slider,R,35,12,80.0,47.85460995907352,70.35638298772206,99.27089175546833,54.37394145445211,66.20440836206723,93.2978126752664,15.982441533269949,73.13767138644856,98.26135726303981,32,13,Elite Weapon,14,11,9,0.2399569507692973,Balanced,Balanced Weapon,2.836519736842105,-3.543129868421053,86.79538973684211,2635.616901315789,5.810521842105263,6.071428947368421,1.0067468421052632,Tight High-Spin Breakers,1,pitch_type_specific,Slider
"Davis, Tyler",824623.0,WIN_CIT29,Four-Seam,L,43,19,74.42834807478019,47.47933308932174,66.34364357914265,97.980931015143,50.46395602164415,52.56097733429613,63.74088614694335,15.8796875574985,72.9889151579273,98.20527201346046,33,9,Elite Weapon,37,7,2,3.72581002676084,RHH,Balanced Weapon,21.23184789473684,5.648621842105263,89.31716763157894,2170.9824881578947,5.858615394736842,6.558214736842106,0.4845959210526316,Soft-Speed Separation,0,pitch_type_specific,Four-Seam
"Flontek, Zac",1000563032.0,DOW_EAS1,Slider,L,41,12,80.0,47.0547534565092,70.11642603695276,99.1587212563096,54.37394145445211,66.20440836206723,93.2978126752664,15.742484582500651,72.79028734864453,98.1491867638811,34,14,Elite Weapon,16,13,3,0.2399569507692973,Balanced,Balanced Weapon,2.836519736842105,-3.543129868421053,86.79538973684211,2635.616901315789,5.810521842105263,6.071428947368421,1.0067468421052632,Tight High-Spin Breakers,1,pitch_type_specific,Slider
"Scafidi, Christian",690280.0,LAK_ERI24,Cutter,R,27,14,74.44599984895876,50.067417880664216,67.13242525847039,98.20527201346046,51.4300313566553,55.9319827836412,74.28491306786316,15.702393901815093,72.73224834418889,98.09310151430174,35,2,Elite Weapon,33,2,2,2.6280872905290664,Balanced,Balanced Weapon,6.246355961538462,-0.1741498076923077,85.31306384615384,2406.451676923077,5.400798653846153,6.382825192307692,1.1956775,Tight High-Spin Breakers,1,pitch_type_specific,Cutter
"McEvoy, Aidan",1000079355.0,FLO_Y'A,Slider,L,88,33,71.92477001645264,62.13779144648467,68.98867644546225,98.82220975883342,53.47448559942181,63.0658636969998,88.41839596186203,15.514190846040435,72.45978806649134,98.03701626472238,36,15,Elite Weapon,22,15,5,-7.577831911758366,LHH,Reverse Split Weapon,6.3607206666666665,10.476191555555555,78.4255397037037,2222.9411725925925,6.0387901481481485,4.762526444444444,-2.786225407407408,Tight High-Spin Breakers,1,pitch_type_specific,Slider
"Petschke, Ben",814386.0,EVA_OTT,Sinker,R,44,13,60.62307005460912,59.388349099949664,60.25265376821128,91.41895681435784,44.75878949224776,32.65347451020803,4.038137969713965,15.493864275963524,72.43036142989929,97.98093101514301,37,5,Command/Deception Weapon,154,11,7,,,,6.518977966101695,12.95657186440678,89.94565711864408,2110.9169627118645,5.288576610169492,5.743100677966102,2.063421525423729,Soft-Speed Separation,0,pitch_type_specific,Sinker
"Sparks, Alec",836152.0,GAT_GRI,Curveball,L,51,12,75.97770059377355,51.57388867763419,68.65655701893174,98.65395401009536,53.39156681168758,62.77652840897908,87.40886146943355,15.264990207244153,72.09902200470042,97.92484576556366,38,5,Elite Weapon,25,4,3,-3.284850024463452,LHH,Balanced Weapon,-4.41539404494382,-7.034468651685394,77.61372561797752,2566.2428123595505,5.368496853932585,6.722630224719101,1.1950658426966292,Tight High-Spin Breakers,1,pitch_type_specific,Curveball
"Barraza, Chris",696511.0,MIS_MUD,Slider,R,57,24,64.24138772055635,74.74228549734306,67.39165705359235,98.37352776219856,52.131217648377614,58.37868929268866,78.93998878295008,15.26043940521474,72.09243383970184,97.86876051598429,39,16,Elite Weapon,30,21,15,8.429276755565162,RHH,Right-Handed Killer,3.572824512195122,-3.213696219512196,84.07897792682927,2316.5041829268293,5.273830243902439,5.974720365853659,2.2953363414634147,Tight High-Spin Breakers,1,pitch_type_specific,Slider
"Tomczak, Anthony",687088.0,EVA_OTT,Slider,R,55,19,66.41213571940392,67.21206086475775,66.65211326301007,98.1491867638811,51.55962203455677,56.38417410408841,75.26640493550197,15.092491228453298,71.84929641193335,97.81267526640494,40,17,Elite Weapon,34,23,17,,,,5.59684472972973,-0.4024543243243243,83.79072891891892,2069.3442635135134,5.706359864864865,5.413956756756757,1.8099712162162165,Tight High-Spin Breakers,1,pitch_type_specific,Slider
"Pierson, Kenny",1000055344.0,LAK_ERI24,Curveball,L,67,12,69.31085019702148,45.13841365466358,62.0591192343141,94.22321929332584,47.1741275704995,41.08151063608975,16.82557487380819,14.884991663814603,71.54890071022237,97.75659001682557,41,6,Command/Deception Weapon,104,11,5,,,,-2.73776065934066,11.809466263736264,70.07821516483517,2025.522276923077,4.543826153846154,4.640022637362637,-3.375578241758242,Tight High-Spin Breakers,1,pitch_type_specific,Curveball
"Rodriguez, Joe Joe",689487.0,NEW_JER6,Changeup,L,140,31,69.06269021039824,56.78797684968377,65.3802762021839,97.53224901850814,50.50029947466404,52.68779350870622,64.13348289399889,14.879976727519853,71.54164062121968,97.70050476724622,42,3,Elite Weapon,45,3,2,-1.654535187534293,Balanced,Balanced Weapon,8.992318235294118,14.540397647058825,81.84687689839572,1831.656501604278,5.362543475935829,5.654339411764706,2.632338288770053,Soft-Speed Separation,0,pitch_type_specific,Changeup
"Townes, Holland",830218.0,SCH_BOO,Slider,R,36,14,68.386399998725,60.283294702616665,65.95546840989249,97.75659001682556,51.11850044069518,54.84493255341365,72.12563095905776,14.83696796919731,71.47937713571062,97.64441951766686,43,18,Elite Weapon,41,26,19,,,,1.695926,-3.687205454545455,83.08370236363636,2127.8514345454546,5.262258545454546,5.850027818181818,2.571078181818182,Tight High-Spin Breakers,1,pitch_type_specific,Slider
"Kemlage, Joe",703240.0,NEW_ENG23,Four-Seam,R,28,19,57.77096293622214,77.99763515801608,63.83896460276032,96.35445877734156,49.12705097441864,47.89600552917068,44.11104879416713,14.711913628341684,71.29833682105387,97.5883342680875,44,10,Command/Deception Weapon,66,10,8,7.41537698740354,RHH,Right-Handed Killer,12.809419433962264,-8.71753962264151,92.05896603773586,2447.149220754717,6.0355473584905655,5.434008867924528,-1.972065849056604,Soft-Speed Separation,0,pitch_type_specific,Four-Seam
"Hohenstein, Liam",1000116556.0,WIN_CIT29,Curveball,R,61,20,67.03893928644968,59.60781010801495,64.80960053291926,96.97139652271451,50.29851091993358,51.98367624894407,62.84352215367358,14.511089612985685,71.00760526641989,97.53224901850814,45,7,Elite Weapon,55,6,3,5.634875222493214,RHH,Right-Handed Killer,-7.267657064220184,-11.905876972477063,75.79900458715596,2585.108647706422,5.348523119266055,5.73284,1.1387511926605505,Tight High-Spin Breakers,1,pitch_type_specific,Curveball
"MacMillan, Blake",832350.0,TRO_AIG,Slider,L,64,14,68.09915744226561,61.87991925068104,66.23338598479023,97.92484576556366,51.78290044231311,57.16327766049896,76.69657879977566,14.450485542477125,70.91986916770247,97.47616376892877,46,19,Elite Weapon,38,24,7,-1.1389984005304683,Balanced,Balanced Weapon,6.117321388888889,-0.0588822222222221,79.53956314814815,1925.012174166667,5.321300740740741,6.6326744444444445,-0.4235488888888888,Tight High-Spin Breakers,1,pitch_type_specific,Slider
"Correa, Nelvin",673388.0,QUE_CAP,Four-Seam,R,61,34,67.73571812642852,50.50278744249754,62.56583892124922,94.8962422882782,48.12463927571982,44.39820864280058,27.902411665731915,14.441199645529395,70.90642603814948,97.4200785193494,47,11,Command/Deception Weapon,92,11,9,3.77021913110346,RHH,Balanced Weapon,15.36056638888889,6.892367962962963,89.60627101851851,2129.175783333333,5.958368611111111,6.267765185185185,1.452215185185185,Soft-Speed Separation,0,pitch_type_specific,Four-Seam
"Lawson, Nathan",1000569348.0,FLO_Y'A,Changeup,L,74,31,68.94201536492878,58.47290380107445,65.80128189577248,97.70050476724622,51.49448820758476,56.15689733000866,74.84576556365677,14.306793688187717,70.71184745221322,97.36399326977005,48,4,Elite Weapon,42,2,1,-4.320772074654897,LHH,Balanced Weapon,8.548397476635515,9.23126878504673,79.42432252336448,1402.6303224299068,5.8157435514018685,5.617267570093458,1.7161242990654206,Soft-Speed Separation,0,pitch_type_specific,Changeup
"Donnan, Blake",1000557509.0,FLO_Y'A,Slider,R,52,10,69.73761387082013,65.12660876120113,68.35431233793442,98.59786876051598,54.12673976189219,65.34182733706135,92.14806505888951,14.227572576042228,70.5971595895437,97.3079080201907,49,20,Elite Weapon,26,18,13,,,,4.95090523076923,-7.336028307692308,80.50229584615384,2367.13478,5.415160461538462,5.295732,3.730530615384615,Tight High-Spin Breakers,1,pitch_type_specific,Slider
"Alpern, Liam",1000137537.0,FLO_Y'A,Slider,R,40,16,76.11874704566937,39.890122393357856,65.25015964997591,97.25182277061133,51.24705129698122,55.293495539501286,73.05103757711721,14.003108352994694,70.2722042677878,97.25182277061133,50,21,Elite Weapon,50,30,21,-4.774558694095504,LHH,Balanced Weapon,-4.042234102564103,11.5085708974359,76.82941141025641,2219.105,5.546514358974359,4.826601153846154,-2.125199871794872,Tight High-Spin Breakers,1,pitch_type_specific,Slider
"Parsons, Billy",698892.0,SUS_COU1,Changeup,L,43,17,68.39253004249707,51.09027207996465,63.20185265373734,95.7375210319686,49.21981443334607,48.21969263121315,45.59730790802019,13.982038220391267,70.2417011808075,97.19573752103197,51,5,Command/Deception Weapon,77,9,6,,,,1.8214079032258064,7.810270967741935,80.88670516129032,1430.9652177419357,5.49046564516129,5.667848387096774,1.3606614516129032,Tight High-Spin Breakers,1,pitch_type_specific,Changeup
"O'Dell, Casey",1000220727.0,JOL_SLA,Slider,R,41,13,66.13178379119903,74.747567197771,68.71651881317061,98.71003925967472,54.74597899335365,67.50258928600475,95.06449803701626,13.970539819816956,70.22505502487417,97.1396522714526,52,22,Elite Weapon,24,17,12,,,,0.2758744262295082,-5.087891803278689,82.79806754098361,2596.358185245901,5.638546721311475,6.018860655737705,1.3010572131147542,Tight High-Spin Breakers,1,pitch_type_specific,Slider
"Binns, Malik",702238.0,NEW_JER6,Curveball,R,28,13,66.15190011145756,53.599948261944895,62.38631455660376,94.6158160403814,48.48790667136315,45.66578719066705,32.27706113292204,13.898407885240609,70.12063011612527,97.08356702187325,53,8,Command/Deception Weapon,97,10,6,0.7792893729400205,Balanced,Balanced Weapon,-7.552233454545455,-16.192382,74.82743545454547,2448.3027,5.951959272727272,5.963799272727273,1.101261090909091,Tight High-Spin Breakers,1,pitch_type_specific,Curveball
"Glickstein, Aaron",1000292360.0,SCH_BOO,Sinker,L,41,38,66.55069011132231,47.26084695096349,60.76373716321466,92.42849130678631,46.8702532680747,40.02117725186344,13.993269770050476,13.893483895139958,70.11350168930626,97.02748177229388,54,6,Command/Deception Weapon,136,7,2,3.6404170705966408,RHH,Balanced Weapon,9.71882616,13.68230352,88.1996532,2160.8155096,6.07514648,5.22134576,2.37534352,Soft-Speed Separation,0,pitch_type_specific,Sinker
"Jones, Logan",814785.0,TRI_VAL,Slider,R,32,17,74.31026197241798,46.64604575038553,66.01099710580824,97.81267526640494,52.19374234945546,58.59686183101319,79.38867077958497,13.817254756352781,70.00314528602094,96.97139652271453,55,23,Elite Weapon,40,25,18,-2.292768024319244,Balanced,Balanced Weapon,2.4548069230769234,2.3349756923076925,83.46183384615384,2341.4368646153844,5.692705692307692,5.695370615384616,3.0107698461538464,Tight High-Spin Breakers,1,pitch_type_specific,Slider
"Nakata, Yuto",1000432352.0,QUE_CAP,Slider,R,99,24,68.97886046050299,68.56321601205377,68.85416712596822,98.76612450925406,55.06090147832003,68.60147399454632,96.52271452607964,13.793265647648191,69.96841641728676,96.91531127313516,56,24,Elite Weapon,23,16,11,,,,3.910109345794393,-8.186113271028038,81.7379506542056,2427.2513626168225,5.601257757009345,6.148999439252337,1.0483388785046728,Tight High-Spin Breakers,1,pitch_type_specific,Slider
"O'Hanlon, Michael",1000061333.0,WAS_WIL3,Changeup,L,60,11,66.42443044713886,56.68573684597514,63.502822366789744,95.96186203028604,49.84299740016135,50.394215777536,56.53393157599551,13.659824966628392,69.77523525528514,96.8592260235558,57,6,Elite Weapon,73,8,5,,,,7.337629242424242,13.350888484848484,79.93762636363637,1554.1321015151516,5.387379696969697,6.12226909090909,0.2322786363636363,Soft-Speed Separation,0,pitch_type_specific,Changeup
"Gregory, Ben",833406.0,GAT_GRI,Four-Seam,R,100,43,60.851969012019694,62.42097035606673,61.32266941523381,92.98934380257992,47.66771234438173,42.80381623915282,21.39652271452608,13.654957070852085,69.76818803583615,96.80314077397645,58,12,Command/Deception Weapon,126,14,11,4.941316981687699,RHH,Balanced Weapon,15.011548053691277,13.915517651006711,88.39476798657718,2230.0544053691274,6.460365234899329,5.860910536912751,2.122742080536913,Soft-Speed Separation,0,pitch_type_specific,Four-Seam
"Colon, Jeffrey",681738.0,TRO_AIG,Sinker,L,30,17,64.57769391369858,48.27889627837195,59.68805462310059,90.40942232192933,46.09142863296934,37.30356093988705,10.01121704991587,13.596625990131251,69.6837425289012,96.74705552439708,59,7,Command/Deception Weapon,172,12,5,3.4469665721922027,RHH,Balanced Weapon,13.90886982142857,17.741614464285714,90.1649375,2261.9668892857144,5.606242678571428,6.096117678571429,2.126033571428571,Soft-Speed Separation,0,pitch_type_specific,Sinker
"Leak, Anthony",1000264276.0,NEW_YOR13,Cutter,R,44,12,68.57447481244823,39.18091352644961,59.75640642664864,90.4655075715087,46.2206160501466,37.75434512980361,10.88053841839596,13.535790376502035,69.59567122679034,96.69097027481772,60,3,Command/Deception Weapon,171,10,6,,,,7.700693076923077,-1.680715576923077,86.91128653846155,2187.6556961538463,5.6895138461538455,5.507589038461538,1.5521359615384616,Soft-Speed Separation,0,pitch_type_specific,Cutter
"Harper, Scott",1000241275.0,NEW_YOR13,Slider,R,193,40,72.75905596464109,66.28852517727061,70.81789672842994,99.4391475042064,57.36410620293391,76.63823406516869,99.69153112731352,13.453790525496032,69.47696060286188,96.63488502523836,61,25,Elite Weapon,11,9,8,5.4770449044030585,RHH,Right-Handed Killer,3.230245185185185,-16.689722962962964,79.69253358024692,2663.9512744855965,5.580717037037037,4.1311455144032925,1.8665411522633744,Tight High-Spin Breakers,1,pitch_type_specific,Slider
"MacMillan, Blake",832350.0,TRO_AIG,Slider,R,44,14,68.09915744226561,58.083257915579495,65.09438758425976,97.19573752103196,51.78290044231311,57.16327766049896,76.69657879977566,13.311487141946657,69.27094896697439,96.578799775659,62,26,Elite Weapon,51,31,22,-1.1389984005304683,Balanced,Balanced Weapon,6.117321388888889,-0.0588822222222221,79.53956314814815,1925.012174166667,5.321300740740741,6.6326744444444445,-0.4235488888888888,Tight High-Spin Breakers,1,pitch_type_specific,Slider
"Rodriguez, Joe Joe",689487.0,NEW_JER6,Changeup,R,47,31,69.06269021039824,51.272859557902784,63.7257410146496,96.18620302860349,50.50029947466404,52.68779350870622,64.13348289399889,13.22544153998556,69.1463813370362,96.52271452607964,63,7,Elite Weapon,69,7,3,-1.654535187534293,Balanced,Balanced Weapon,8.992318235294118,14.540397647058825,81.84687689839572,1831.656501604278,5.362543475935829,5.654339411764706,2.632338288770053,Soft-Speed Separation,0,pitch_type_specific,Changeup
"Campbell, Tyler",809429.0,MIS_MUD,Four-Seam,R,37,20,68.56979197182989,37.4500752782408,59.23387696375316,89.73639932697701,46.02252597843572,37.063133288450864,9.590577678070668,13.211350985317438,69.1259825373356,96.46662927650029,64,13,Command/Deception Weapon,184,22,15,,,,8.429261333333333,-5.419535,85.19940116666666,2306.616163333333,6.3064305,4.8443586666666665,-2.4285616666666665,Soft-Speed Separation,0,pitch_type_specific,Four-Seam
"Binns, Malik",702238.0,NEW_JER6,Curveball,L,27,13,66.15190011145756,51.00231701881148,61.60702518366374,93.55019629837352,48.48790667136315,45.66578719066705,32.27706113292204,13.119118512300588,68.99245821645002,96.41054402692092,65,9,Command/Deception Weapon,116,15,6,0.7792893729400205,Balanced,Balanced Weapon,-7.552233454545455,-16.192382,74.82743545454547,2448.3027,5.951959272727272,5.963799272727273,1.101261090909091,Tight High-Spin Breakers,1,pitch_type_specific,Curveball
"Scafidi, Christian",690280.0,LAK_ERI24,Cutter,L,25,14,74.44599984895876,41.307126912234,64.50433796794132,96.8592260235558,51.4300313566553,55.9319827836412,74.28491306786316,13.074306611286026,68.92758433358809,96.35445877734156,66,4,Elite Weapon,57,3,1,2.6280872905290664,Balanced,Balanced Weapon,6.246355961538462,-0.1741498076923077,85.31306384615384,2406.451676923077,5.400798653846153,6.382825192307692,1.1956775,Tight High-Spin Breakers,1,pitch_type_specific,Cutter
"Foy, Corbin",813822.0,LAK_ERI24,Four-Seam,R,47,19,65.52486512602182,55.53707395073584,62.528527773436025,94.84015703869882,49.501767190538594,49.20353337997101,51.065619742007854,13.026760582897431,68.85875227321134,96.2983735277622,67,14,Command/Deception Weapon,93,12,10,4.428902252679492,RHH,Balanced Weapon,16.460386315789474,10.398229894736843,91.29729484210526,2336.5153231578947,6.149718105263157,5.303276947368421,1.8389270526315789,Soft-Speed Separation,0,pitch_type_specific,Four-Seam
"Still, Stephen",1000338771.0,TRI_VAL,Sinker,R,50,18,69.35804919054273,47.66426897358132,62.8499151254543,95.40100953449245,49.8472502373894,50.40905554929226,56.7021873247336,13.0026648880649,68.82386910046813,96.24228827818284,68,8,Elite Weapon,83,4,4,,,,14.06653524590164,-18.149606885245905,90.6449337704918,2325.112870491804,5.390428524590164,5.599262786885245,-3.091156557377049,Soft-Speed Separation,0,pitch_type_specific,Sinker
"Mannering, Shawn",1000457814.0,DOW_EAS1,Sinker,R,32,15,63.1030326772915,54.79646484866677,60.61106232870408,92.3163208076276,47.69056427897328,42.88355535808533,21.733034212002245,12.920498049730803,68.70491673012594,96.18620302860347,69,9,Command/Deception Weapon,138,8,6,0.1848375142301961,Balanced,Balanced Weapon,13.51220661016949,18.55734440677966,89.13675237288136,2231.0259694915253,5.822554406779661,5.100436271186441,1.920502372881356,Soft-Speed Separation,0,pitch_type_specific,Sinker
"Perdomo, Rafael",1000557553.0,QUE_CAP,Changeup,L,52,14,69.09308232940478,51.98737145825654,63.9613690680603,96.41054402692092,51.05981942528393,54.64017210093597,70.83567021873247,12.901549642776367,68.67748525086817,96.13011777902412,70,8,Elite Weapon,65,5,4,,,,14.339327272727273,13.794933636363638,81.90585272727273,1924.972909090909,5.778060727272727,5.93312909090909,1.5441989090909092,Soft-Speed Separation,0,pitch_type_specific,Changeup
"Hickey, Matt",806277.0,GAT_GRI,Slider,R,91,33,67.93786627394965,59.77669396106449,65.4895145800841,97.64441951766686,52.635683750171765,60.13896400060087,82.44531688166012,12.85383082991234,68.60840305158712,96.07403252944475,71,27,Elite Weapon,43,27,20,,,,-1.8925333928571428,-6.6859657142857145,79.84710678571427,2281.0882464285714,5.330912946428571,4.825241696428571,2.858746428571429,Tight High-Spin Breakers,1,pitch_type_specific,Slider
"Mannering, Shawn",1000457814.0,DOW_EAS1,Sinker,L,27,15,63.1030326772915,54.18033980123276,60.42622481447388,91.69938306225464,47.69056427897328,42.88355535808533,21.733034212002245,12.735660535500607,68.43732872392277,96.0179472798654,72,10,Command/Deception Weapon,149,10,4,0.1848375142301961,Balanced,Balanced Weapon,13.51220661016949,18.55734440677966,89.13675237288136,2231.0259694915253,5.822554406779661,5.100436271186441,1.920502372881356,Soft-Speed Separation,0,pitch_type_specific,Sinker
"Morgan, Cooper",692707.0,QUE_CAP,Four-Seam,L,45,23,61.86635511353386,60.132072139183286,61.34607022122868,93.10151430173865,48.63604437028594,46.18269614406292,34.127874369040946,12.710025850942742,68.40021756627141,95.96186203028604,73,15,Command/Deception Weapon,124,13,3,-6.956321197469158,LHH,Left-Handed Killer,13.291768965517242,-8.409440344827587,87.52630091954023,2203.1354862068965,6.129696321839081,4.849182298850574,-4.077965747126437,Soft-Speed Separation,0,pitch_type_specific,Four-Seam
"Hampton, Ky",673132.0,OTT_TIT,Curveball,R,61,20,61.3479010412339,62.82395910884926,61.79071846151851,93.77453729669098,49.2144856826496,48.20109858685141,45.316881660123386,12.576232778868906,68.20652625014904,95.90577678070667,74,10,Command/Deception Weapon,112,13,8,,,,-5.321778289473684,-13.75736657894737,81.73688907894737,2227.0968894736843,5.535226315789473,5.45261302631579,2.346443947368421,Tight High-Spin Breakers,1,pitch_type_specific,Curveball
"Balzan, Jackson",827496.0,SUS_COU1,Slider,L,77,27,67.30674736361439,59.90160281580541,65.0852039992717,97.1396522714526,52.54410863634529,59.81942348802804,81.77229388670779,12.541095362926406,68.15565805321216,95.8496915311273,75,28,Elite Weapon,52,32,10,,,,5.84548623655914,0.8812140860215054,79.76088806451614,2186.5809720430107,5.26193752688172,5.342791720430108,-1.025829247311828,Tight High-Spin Breakers,1,pitch_type_specific,Slider
"Leak, Anthony",1000264276.0,NEW_YOR13,Changeup,L,77,22,64.33759464637417,56.61121261422591,62.01968003672969,94.11104879416712,49.5938294600343,49.524773764547774,53.39315759955132,12.425850576695389,67.98881896374863,95.79360628154795,76,9,Command/Deception Weapon,106,14,10,,,,6.685914725274725,11.544483516483515,83.3750178021978,1736.261420879121,6.533681538461538,5.5322620879120885,1.6799563736263734,Soft-Speed Separation,0,pitch_type_specific,Changeup
"Escobar, Anthony",678673.0,TRO_AIG,Changeup,L,187,46,67.61499442351968,60.07322741022922,65.35246431953253,97.4200785193494,52.98118595862135,61.34455303205138,84.35221536735838,12.371278360911177,67.909815139895,95.7375210319686,77,10,Elite Weapon,47,4,3,,,,10.113392769230767,10.93671923076923,78.89662907692308,1590.1836856410257,6.258349743589744,5.597765641025641,1.887860871794872,Soft-Speed Separation,0,pitch_type_specific,Changeup
"Moore, Kyle",1000517760.0,SCH_BOO,Slider,R,78,32,62.17285352586136,66.01922409601696,63.32676469690804,95.90577678070667,50.96349455487165,54.304057875368336,69.12507010656196,12.363270142036392,67.89822169615677,95.68143578238923,78,29,Elite Weapon,74,43,33,8.181718774872124,RHH,Right-Handed Killer,6.7844455660377365,-1.6474094339622642,82.74108273584906,2167.816869811321,4.802129433962264,6.29058783018868,2.453318679245283,Tight High-Spin Breakers,1,pitch_type_specific,Slider
"Marynczak, Arlo",837346.0,TRI_VAL,Slider,R,49,12,66.6828843343132,70.83627485578518,67.92890149075478,98.4296130117779,55.581701668171775,70.41874456795345,97.81267526640494,12.347199822583008,67.87495680450591,95.62535053280988,79,30,Elite Weapon,29,20,14,,,,0.7180626315789473,-13.124768421052632,77.90681666666666,2320.709617543859,5.627374385964912,5.750804385964912,2.833113157894737,Tight High-Spin Breakers,1,pitch_type_specific,Slider
"Riedel, Caleb",1000120428.0,SCH_BOO,Sinker,R,58,26,70.64246504961392,46.044747750091325,63.263149859757135,95.79360628154797,51.048371624530624,54.600226356205845,70.6393718452047,12.214778235226511,67.68325097743634,95.56926528323051,80,11,Elite Weapon,76,2,2,0.6714903071282734,Balanced,Balanced Weapon,15.91741274725275,-15.902861428571429,88.9499643956044,2306.0140615384616,5.998398461538461,5.2153449450549445,-1.5469225274725271,Soft-Speed Separation,0,pitch_type_specific,Sinker
"Cameron, Zach",1000084075.0,WIN_CIT29,Four-Seam,L,69,54,68.741015855502,41.28018035099681,60.50276520415044,92.0358945597308,48.32925494864758,45.11219079663843,29.921480650588894,12.173510255502862,67.62350760520872,95.51318003365114,81,16,Command/Deception Weapon,143,16,4,4.9542467218889,RHH,Balanced Weapon,15.709198888888888,9.947721319444446,88.16176847222222,2181.664397916667,5.564969166666667,5.404369652777778,1.3985334027777778,Soft-Speed Separation,0,pitch_type_specific,Four-Seam
"Allemann, Braeden",1000367619.0,QUE_CAP,Curveball,R,158,60,56.133972439063086,61.73875807182184,57.81540812889071,87.21256309590578,45.7117706547961,35.97878939575633,8.048233314638251,12.103637474094612,67.5223532570626,95.4570947840718,82,11,Command/Deception Weapon,229,26,16,6.596905171202948,RHH,Right-Handed Killer,-6.9322469055374585,-15.688652084690553,77.05629361563518,2201.1950263843646,6.137953973941368,5.148423713355049,1.6117029315960911,Tight High-Spin Breakers,1,pitch_type_specific,Curveball
"Sparks, Alec",836152.0,GAT_GRI,Curveball,R,38,12,75.97770059377355,40.62438859608936,65.37170699446828,97.47616376892876,53.39156681168758,62.77652840897908,87.40886146943355,11.980140182780701,67.34356707238679,95.40100953449243,83,12,Elite Weapon,46,5,2,-3.284850024463452,LHH,Balanced Weapon,-4.41539404494382,-7.034468651685394,77.61372561797752,2566.2428123595505,5.368496853932585,6.722630224719101,1.1950658426966292,Tight High-Spin Breakers,1,pitch_type_specific,Curveball
"Langhorne, Miles",695680.0,SUS_COU1,Four-Seam,R,40,21,58.90329158507024,65.83191829231677,60.9818795972442,92.65283230510376,49.00234408618501,47.46085561428173,41.5872125630959,11.97953551105919,67.34269169326777,95.34492428491306,84,17,Command/Deception Weapon,132,15,12,3.4464960394858224,RHH,Balanced Weapon,14.174214428571428,3.7800477142857134,93.92540071428571,2304.484337142857,6.502676,6.004582714285714,1.2088032857142856,Soft-Speed Separation,0,pitch_type_specific,Four-Seam
"Salata, Derek",1000057774.0,SCH_BOO,Curveball,R,131,31,63.105887706905975,58.53507292010177,61.73464327086471,93.7184520471116,49.79556588034842,50.22870910743945,56.00112170499158,11.939077390516289,67.28412074864168,95.28883903533371,85,13,Elite Weapon,113,14,9,4.83263287401337,RHH,Balanced Weapon,-12.607784812834224,-12.201576256684492,74.05520363636364,2570.812860962567,5.54550679144385,6.273645187165776,1.0809435294117646,Tight High-Spin Breakers,1,pitch_type_specific,Curveball
"Bohnert, Matthew",810066.0,WIN_CIT29,Curveball,L,62,14,69.85110715006789,46.33022929518362,62.7948437936026,95.176668536175,50.91302978012431,54.12796702146895,68.45204711160964,11.88181401347829,67.20122094903188,95.23275378575434,86,14,Elite Weapon,87,9,4,-2.3656482457489574,Balanced,Balanced Weapon,-16.23012137096774,13.431355806451611,78.4176625,2814.0381370967743,4.781116451612903,5.494022580645161,-2.21525185483871,Tight High-Spin Breakers,1,pitch_type_specific,Curveball
"Harris, Everette",810834.0,TRI_VAL,Changeup,L,71,32,66.2599445778155,54.74393848550788,62.80514275012321,95.23275378575434,50.92379909997339,54.16554528745019,68.67638810992709,11.881343650149823,67.20054000725563,95.17666853617499,87,11,Elite Weapon,86,11,7,-2.828382785650433,Balanced,Balanced Weapon,2.067787372881356,16.36918838983051,82.62601237288135,2097.8510347457627,6.536197288135593,4.109619491525423,3.761844322033898,Soft-Speed Separation,0,pitch_type_specific,Changeup
"Grills, Evan",592361.0,OTT_TIT,Sinker,L,26,18,61.42067855231178,50.6832926338161,58.19946277676307,88.22209758833426,46.32478336982569,38.11782465314515,11.301177790241166,11.874679406937382,67.19089222789928,95.12058328659563,88,12,Command/Deception Weapon,211,15,7,-6.455041589136869,LHH,Left-Handed Killer,15.23126509090909,-14.073708,87.57620163636363,2176.0900854545457,5.459962,6.406319818181819,-1.5947352727272728,Soft-Speed Separation,0,pitch_type_specific,Sinker
"Heredia-Bustos, Rolando",837343.0,DOW_EAS1,Curveball,R,40,18,66.04239421378729,55.34195526332365,62.8322625286482,95.28883903533372,50.963948915588354,54.30564331326998,69.2372406057207,11.868313613059847,67.18167651160552,95.06449803701626,89,15,Elite Weapon,85,8,5,3.0561496665464176,RHH,Balanced Weapon,5.573646266666667,-11.022328666666668,73.73444946666666,2220.1646626666666,5.050011733333333,5.438483333333334,1.8475796,Tight High-Spin Breakers,1,pitch_type_specific,Curveball
"Hickey, Matt",806277.0,GAT_GRI,Curveball,R,48,18,65.01342907504554,49.04592129086213,60.22317673979051,91.3067863151991,48.67595253160863,46.321950945853885,35.19349411104879,11.54722420818188,66.71683757443365,95.0084127874369,90,16,Command/Deception Weapon,156,18,11,3.1144646984551443,RHH,Balanced Weapon,-4.064078928571429,-5.708743452380952,79.70012202380951,2253.654319047619,5.452245595238095,5.020762738095239,2.715674285714285,Tight High-Spin Breakers,1,pitch_type_specific,Curveball
"Riedel, Caleb",1000120428.0,SCH_BOO,Sinker,L,33,26,70.64246504961392,43.80644672633042,62.59165955262886,95.06449803701626,51.048371624530624,54.600226356205845,70.6393718452047,11.543287928098238,66.71113904865642,94.95232753785754,91,13,Elite Weapon,89,5,1,0.6714903071282734,Balanced,Balanced Weapon,15.91741274725275,-15.902861428571429,88.9499643956044,2306.0140615384616,5.998398461538461,5.2153449450549445,-1.5469225274725271,Soft-Speed Separation,0,pitch_type_specific,Sinker
"Garcia, Hector",815312.0,WAS_WIL3,Splitter,L,59,13,73.40175296529067,43.2734612871919,64.36326546186103,96.63488502523836,52.89712411652209,61.05122919121932,83.6231071228267,11.46614134533894,66.5994544680023,94.89624228827819,92,1,Elite Weapon,61,1,1,,,,11.710719032258064,7.632015645161291,78.2026027419355,1216.2821867741936,5.923504193548387,5.863632580645162,0.8772966129032258,Soft-Speed Separation,0,pooled_fixed_effects,Pooled
"Allemann, Braeden",1000367619.0,QUE_CAP,Slider,R,89,19,59.39098004594564,78.15807228695833,65.02110771824944,97.08356702187324,53.859218623239904,64.40834401176618,90.4655075715087,11.161889095009535,66.15899056440817,94.84015703869882,93,31,Elite Weapon,53,33,23,,,,3.0849770707070707,-3.681313636363636,83.20085212121212,2257.180751515152,6.20482808080808,5.080805656565657,1.7706282828282829,Tight High-Spin Breakers,1,pitch_type_specific,Slider
"Mercado, Nelson",683319.0,OTT_TIT,Four-Seam,L,39,27,60.63395154705632,59.75840497702531,60.37128757604701,91.5872125630959,49.43912093973996,48.98493670829344,49.66348850252383,10.932166636307052,65.8264229308285,94.78407178911947,94,18,Command/Deception Weapon,151,19,7,6.005367566250655,RHH,Right-Handed Killer,19.20557395061728,12.62073901234568,87.8185487654321,2126.133588888889,5.666295925925926,5.812977654320988,2.833291975308642,Soft-Speed Separation,0,pitch_type_specific,Four-Seam
"Fritz, AJ",1000059998.0,MIS_MUD,Sinker,L,33,21,55.55121360408601,53.96022061531124,55.07391570745358,78.01458216489064,44.21912949183713,30.77039486181103,2.299495232753786,10.85478621561645,65.71439982459924,94.7279865395401,95,14,Command/Deception Weapon,393,28,14,,,,6.806056727272727,16.46859309090909,88.40326127272726,2041.500036363636,5.3931178181818185,5.273014909090909,1.3977010909090908,Soft-Speed Separation,0,pitch_type_specific,Sinker
"Jones, Logan",1000577428.0,FLO_Y'A,Slider,R,58,15,66.74264125487832,58.821569286080525,64.36631966423897,96.69097027481772,53.52546345808357,63.24374489644345,88.95120583286595,10.8408562061554,65.69423344509778,94.67190128996073,96,32,Elite Weapon,60,37,27,,,,-3.104239268292683,-2.605438780487805,80.8452156097561,2516.515201219512,5.53416487804878,5.5820903658536585,2.694517682926829,Tight High-Spin Breakers,1,pitch_type_specific,Slider
"Hagan, Jack",699522.0,DOW_EAS1,Slider,R,191,68,57.62631302648895,80.0,64.33841911854226,96.578799775659,53.50504194168811,63.17248643392183,88.7549074593382,10.83337717685415,65.68340610548876,94.61581604038139,97,33,Elite Weapon,62,38,28,13.795647669575873,RHH,Right-Handed Killer,3.8336034006734008,-3.3355071043771045,84.63305821548822,2439.15648989899,5.691647710437711,5.608405892255892,2.077511043771044,Tight High-Spin Breakers,1,pitch_type_specific,Slider
"Aldeano, Austin",699054.0,TRO_AIG,Sinker,R,25,24,54.0886156844874,67.31692900949417,58.05710968198943,87.99775659001683,47.31545682573394,41.57466233169916,18.03140773976444,10.741652856255492,65.55061743338638,94.55973079080202,98,15,Command/Deception Weapon,215,16,9,1.274839091046708,Balanced,Balanced Weapon,16.030849,17.757058571428573,90.18807685714286,2218.82574,6.062735714285714,5.661507285714286,3.0507898571428576,Soft-Speed Separation,0,pitch_type_specific,Sinker
"Correa, Nelvin",673388.0,QUE_CAP,Cutter,R,66,40,67.78675216528991,43.38559212070834,60.46640415191544,91.92372406057208,49.734155704565765,50.01442557311634,55.15984296130117,10.732248447349676,65.53700273488154,94.50364554122265,99,5,Elite Weapon,145,9,5,0.9580418120259396,Balanced,Balanced Weapon,11.448030791366907,-0.6502823021582734,87.7447181294964,2236.281749640288,5.97678654676259,6.17270856115108,1.6446585611510791,Soft-Speed Separation,0,pitch_type_specific,Cutter
"Soto, Noel",1000195638.0,TRI_VAL,Changeup,L,48,10,55.48748788667409,66.7229171735778,58.8581166727452,89.1755468311834,48.15441997588505,44.50212486848616,28.266965787997755,10.703696696860149,65.49566856081563,94.4475602916433,100,12,Command/Deception Weapon,194,27,17,,,,5.364003606557377,15.151045409836067,83.04654950819672,1644.6002459016397,5.57240262295082,5.095808524590163,1.8548686885245904,Soft-Speed Separation,0,pitch_type_specific,Changeup
"Correa, Nelvin",673388.0,QUE_CAP,Four-Seam,L,47,34,67.73571812642852,37.93539033881935,58.79561979014576,89.11946158160404,48.12463927571982,44.39820864280058,27.902411665731915,10.670980514425935,65.4483055670824,94.39147504206393,101,19,Command/Deception Weapon,195,25,9,3.77021913110346,RHH,Balanced Weapon,15.36056638888889,6.892367962962963,89.60627101851851,2129.175783333333,5.958368611111111,6.267765185185185,1.452215185185185,Soft-Speed Separation,0,pitch_type_specific,Four-Seam
"Harley, Tristan",10041912.0,SUS_COU1,Slider,L,30,16,77.04487618881197,37.79104062798733,65.26872552056457,97.3079080201907,54.670225243674665,67.23825554957493,94.81211441390914,10.598500276889908,65.34337642251901,94.33538979248458,102,34,Elite Weapon,49,29,9,9.653970751272894,RHH,Right-Handed Killer,1.4645616216216215,-8.65943581081081,81.28331135135136,2431.6961094594594,5.64155891891892,5.109674189189189,1.7037759459459458,Tight High-Spin Breakers,1,pitch_type_specific,Slider
"Drakeford, Dosie",836144.0,NEW_JER6,Changeup,L,66,15,64.52893682621365,54.87252940445583,61.6320145996863,93.60628154795288,51.07640187127481,54.69803458202092,71.28435221536736,10.55561272841149,65.28128841167296,94.27930454290522,103,13,Elite Weapon,115,16,12,,,,9.920160476190476,14.791810357142856,81.03244654761905,1849.503775,6.110769523809523,5.756659404761905,1.1500441666666663,Soft-Speed Separation,0,pitch_type_specific,Changeup
"Conklin, MacCallan",1000187772.0,TRO_AIG,Curveball,R,36,13,64.21208293916295,47.81217451658394,59.29211041238925,89.84856982613573,48.78970416464112,46.71887379537473,37.91362871564778,10.502406247748127,65.20426175322058,94.22321929332585,104,17,Command/Deception Weapon,182,21,13,,,,-7.102101454545455,-15.41603,78.4120081818182,2744.9612581818183,5.969476545454546,5.288832181818181,1.5767443636363636,Tight High-Spin Breakers,1,pitch_type_specific,Curveball
"Coles, Chad",694311.0,WAS_WIL3,Splitter,L,38,11,67.5026858380428,43.6656330697969,60.35157000756902,91.53112731351656,49.8494138667353,50.41660527761165,56.78631519910263,10.502156140833726,65.20389967514978,94.16713404374649,105,2,Elite Weapon,152,2,2,-1.420745995832192,Balanced,Balanced Weapon,2.295153015873016,7.1285719047619045,86.19068015873016,1031.1558957142856,5.594046349206349,6.178649206349207,1.3745484126984129,Soft-Speed Separation,0,pooled_fixed_effects,Pooled
"Good, Ty",688612.0,GAT_GRI,Slider,R,179,42,63.55748898207476,64.26214739857582,63.76888650702507,96.2983735277622,53.34423894426365,62.61138342161623,87.07234997195738,10.424647562761422,65.09169103635486,94.11104879416713,106,35,Elite Weapon,67,40,30,7.213654645039973,RHH,Right-Handed Killer,3.722708810572687,-0.3646196475770925,79.24667198237886,2054.79748061674,5.824234185022026,6.840432599118943,0.174738281938326,Tight High-Spin Breakers,1,pitch_type_specific,Slider
"Wiltse, Ryan",813813.0,EVA_OTT,Curveball,R,62,20,58.55318134386664,54.80448472621777,57.428572358571984,86.0347728547392,47.04626192289431,40.635338604530574,15.395401009534492,10.382310435677674,65.03039986680038,94.05496354458778,107,18,Command/Deception Weapon,250,29,19,4.031214970209746,RHH,Balanced Weapon,-12.950391637426902,-4.1847003508771925,73.91435719298245,1930.015597076024,5.815191637426901,6.407919941520468,1.2282090643274854,Tight High-Spin Breakers,1,pitch_type_specific,Curveball
"Zentko, Dylan",1000303828.0,EVA_OTT,Changeup,R,90,26,61.55107411001498,58.100212385876304,60.51581559277337,92.09197980931016,50.136346249754354,51.41782184085167,61.918115535614135,10.379469343019018,65.02628683637398,93.99887829500841,108,14,Elite Weapon,142,22,7,,,,9.965770272727273,-11.254893545454545,79.87159745454545,1420.0704672727277,5.789966545454546,5.7753155454545455,-1.254579090909091,Soft-Speed Separation,0,pitch_type_specific,Changeup
"Kelly, Colin",1000456530.0,SUS_COU1,Four-Seam,R,49,30,58.37184074727418,61.967170158517376,59.450439570647134,90.07291082445316,49.11369219401878,47.84939164732057,43.49411104879417,10.336747376628352,64.96443853758481,93.94279304542906,109,20,Command/Deception Weapon,178,20,13,3.823341222528626,RHH,Balanced Weapon,17.424607926829268,10.589698536585368,90.58819756097562,1989.660214634146,5.939912195121952,6.085924146341463,2.4805775609756098,Soft-Speed Separation,0,pitch_type_specific,Four-Seam
"Herbert, Andrew",1000083218.0,WAS_WIL3,Four-Seam,L,35,17,57.48613028180145,62.266296682500446,58.92018020201115,89.28771733034212,48.66324254597927,46.277600956505296,34.66068424004487,10.25693765603188,64.84889855048326,93.88670779584969,110,21,Command/Deception Weapon,192,24,8,,,,15.806175454545455,10.937136909090908,91.21207363636364,2226.311732727273,6.430249636363636,6.016896727272727,2.027302727272727,Soft-Speed Separation,0,pitch_type_specific,Four-Seam
"Sesar, Jorden",813853.0,SUS_COU1,Changeup,L,75,29,62.46444588486944,59.25596560807608,61.50190180183143,93.38194054963544,51.32348339128638,55.56019627915384,73.58384744812115,10.17841841054505,64.73522677537905,93.83062254627032,111,15,Elite Weapon,119,17,13,,,,12.047899999999998,11.658958787878788,83.02668737373737,1973.1079696969696,6.49577606060606,5.655901212121212,2.2503445454545457,Soft-Speed Separation,0,pitch_type_specific,Changeup
"Villers, Ian",677351.0,QUE_CAP,Slider,R,52,11,59.52430888404726,71.2479796643947,63.04141011815149,95.56926528323052,52.93521115095204,61.18412938643158,83.79136287156477,10.106198967199447,64.63067518078292,93.77453729669098,112,36,Elite Weapon,80,46,35,,,,-0.3208289393939394,-5.14844893939394,82.26092181818181,2117.433587878788,5.93743,6.259329999999999,1.4097289393939394,Tight High-Spin Breakers,1,pitch_type_specific,Slider
"Kelly, Colin",1000456530.0,SUS_COU1,Sinker,R,53,29,54.30707164835332,52.48369448751296,53.76005850010121,73.0790802019069,43.71471838924159,29.01031206708768,1.8227706113292208,10.04534011085962,64.54257023035873,93.71845204711161,113,16,Command/Deception Weapon,481,39,20,4.372763494051739,RHH,Balanced Weapon,14.329698854166669,15.794738229166668,90.53656854166668,2008.3051427083333,5.907203958333334,6.1022153125,2.490537395833333,Soft-Speed Separation,0,pitch_type_specific,Sinker
"Lawson, Nathan",1000569348.0,FLO_Y'A,Changeup,R,33,31,68.94201536492878,44.070330218891456,61.48050982111758,93.32585530005608,51.49448820758476,56.15689733000866,74.84576556365677,9.98602161353282,64.45669524715117,93.66236679753224,114,16,Elite Weapon,120,18,5,-4.320772074654897,LHH,Balanced Weapon,8.548397476635515,9.23126878504673,79.42432252336448,1402.6303224299068,5.8157435514018685,5.617267570093458,1.7161242990654206,Soft-Speed Separation,0,pitch_type_specific,Changeup
"Messina, Chris",10179238.0,FDU_KNI,Changeup,R,52,16,66.39369822344918,46.70506078756617,60.48710699268428,91.97980931015142,50.52593535349838,52.77724687131415,64.32978126752664,9.961171639185899,64.42072010910961,93.60628154795289,115,17,Elite Weapon,144,23,8,,,,11.89090161764706,-17.96177794117647,79.82614985294117,1836.169319117647,5.177092058823529,5.326267647058823,-1.3016126470588234,Tight High-Spin Breakers,1,pitch_type_specific,Changeup
"Duby, Bill",1000270408.0,NEW_JER6,Slider,R,70,38,58.76252219224094,77.44925556630811,64.36854220446108,96.74705552439708,54.49315267300247,66.62038178856164,94.47560291643298,9.875389531458609,64.29653393797302,93.55019629837352,116,37,Elite Weapon,59,36,26,10.246324243735636,RHH,Right-Handed Killer,7.333103333333334,-0.2147909803921568,80.05043294117647,2077.276594117647,6.538164019607843,5.491415784313726,3.001049607843137,Soft-Speed Separation,0,pitch_type_specific,Slider
"Boies, Emiles",1000429129.0,QUE_CAP,Curveball,R,75,28,61.22289503848588,52.29151708438471,58.54348165225552,88.78295008412788,48.7526168594914,46.589462037067285,37.324733595064494,9.790864792764125,64.1741680513926,93.49411104879417,117,19,Command/Deception Weapon,201,23,14,4.8818225258938455,RHH,Balanced Weapon,-4.447359745762712,-3.3923774576271186,76.984956779661,2203.0205355932203,5.625969237288135,5.575428644067797,1.898717372881356,Tight High-Spin Breakers,1,pitch_type_specific,Curveball
"Anderson, Colt",1000568252.0,WAS_WIL3,Four-Seam,L,140,110,59.84733887680856,51.43699928163807,57.32423699825741,85.69826135726304,47.53638349371704,42.34555977073592,19.994391475042065,9.787853504540372,64.1698086300097,93.43802579921481,118,22,Command/Deception Weapon,256,40,15,-2.1441498425614824,Balanced,Balanced Weapon,11.703439523809523,-7.121992285714285,88.92470634920635,2052.3081974603174,6.717060730158731,5.915318126984127,-2.3717501904761904,Soft-Speed Separation,0,pitch_type_specific,Four-Seam
"Correa, Nelvin",673388.0,QUE_CAP,Cutter,L,73,40,67.78675216528991,40.19211941395524,59.5083623398895,90.1850813236119,49.734155704565765,50.01442557311634,55.15984296130117,9.774206635323736,64.15005215070514,93.38194054963544,119,6,Elite Weapon,176,11,5,0.9580418120259396,Balanced,Balanced Weapon,11.448030791366907,-0.6502823021582734,87.7447181294964,2236.281749640288,5.97678654676259,6.17270856115108,1.6446585611510791,Soft-Speed Separation,0,pitch_type_specific,Cutter
"Thompson, Ross",1000103401.0,SCH_BOO,Slider,R,243,87,53.44235324743793,78.91299897677563,61.08354696623923,92.76500280426248,51.34282066980471,55.62767142203183,73.6679753224902,9.740726296434524,64.10158289289413,93.32585530005608,120,38,Elite Weapon,130,67,52,16.025806354328218,RHH,Right-Handed Killer,3.247410812720848,-2.1654507773851592,79.3036606360424,2026.7018111307416,5.22838445229682,5.238637137809187,2.760515583038869,Tight High-Spin Breakers,1,pitch_type_specific,Slider
"Shears, Tanner",808632.0,SCH_BOO,Four-Seam,R,171,55,59.44429908747333,57.00025295320013,58.71108524719137,88.95120583286595,49.03234897955161,47.56555413558768,42.26023555804823,9.678736267639763,64.0118403518372,93.26977005047672,121,23,Command/Deception Weapon,198,27,18,2.353056452824724,Balanced,Balanced Weapon,16.788537263157895,12.376654385964912,92.15531596491228,2029.604095087719,5.195683415492958,5.825071087719298,2.444748,Soft-Speed Separation,0,pitch_type_specific,Four-Seam
"Albert, Wes",670784.0,TRI_VAL,Four-Seam,R,54,36,53.03003460155658,69.5603987981971,57.98914386054874,87.71733034212002,48.3364147200793,45.13717397097041,30.14582164890634,9.65272914046944,63.97419001156096,93.21368480089737,122,24,Command/Deception Weapon,220,32,22,9.377595458378458,RHH,Right-Handed Killer,16.11512712,9.29211416,89.0845996,2013.5299296,5.65111576,5.97529312,1.98336528,Soft-Speed Separation,0,pitch_type_specific,Four-Seam
"Petschke, Ben",814386.0,EVA_OTT,Slider,R,86,42,64.48330232673379,64.90110677169893,64.60864366022334,96.91531127313516,54.97462220952514,68.30041270591536,96.10207515423444,9.6340214506982,63.94710701692428,93.157599551318,123,39,Elite Weapon,56,35,25,6.843091348871766,RHH,Right-Handed Killer,-1.72902625,-13.48878722222222,81.05430777777778,2628.153921527778,5.040848680555556,5.794823680555556,1.8442963194444444,Tight High-Spin Breakers,1,pitch_type_specific,Slider
"Leak, Anthony",1000264276.0,NEW_YOR13,Slider,R,220,81,58.470155408602224,75.75571421558507,63.65582305069707,96.13011777902412,54.03104598966676,65.00791525386279,91.39091418956814,9.624777061030315,63.93372397717666,93.10151430173865,124,40,Elite Weapon,70,41,31,11.462194659955536,RHH,Right-Handed Killer,4.71437083076923,-6.451093107692307,82.93379338461538,2296.258672,5.8038599692307695,5.502185046153846,1.7954796000000002,Tight High-Spin Breakers,1,pitch_type_specific,Slider
"Lodes, Jett",699630.0,FLO_Y'A,Sinker,R,58,30,55.86884859905303,53.59095250047447,55.18547976947946,78.51934941110488,45.56119683181712,35.453379876026695,7.711721817162085,9.624282937662336,63.93300863815359,93.04542905215928,125,17,Command/Deception Weapon,384,27,14,0.86198883652186,Balanced,Balanced Weapon,4.381093645833333,13.918450520833334,89.64420239583335,2106.5441572916666,5.288789479166667,4.9771346875,0.9527048958333334,Soft-Speed Separation,0,pitch_type_specific,Sinker
"Harajli, Ahmad",800677.0,FLO_Y'A,Slider,R,54,20,60.09034531665128,66.54318728844808,62.02619790819031,94.16713404374649,52.47473823662937,59.57736369518288,81.26752664049354,9.551459671560941,63.827582893480326,92.98934380257992,126,41,Elite Weapon,105,58,46,,,,-2.467593026315789,-2.8510598684210526,80.48607394736841,2056.258269473684,5.993008815789473,6.0324672368421055,1.8526755263157888,Tight High-Spin Breakers,1,pitch_type_specific,Slider
"Bohnert, Matthew",810066.0,WIN_CIT29,Curveball,R,62,14,69.85110715006789,38.44473514268709,60.429195547853645,91.755468311834,50.91302978012431,54.12796702146895,68.45204711160964,9.516165767729333,63.776488150095794,92.93325855300057,127,20,Elite Weapon,148,17,10,-2.3656482457489574,Balanced,Balanced Weapon,-16.23012137096774,13.431355806451611,78.4176625,2814.0381370967743,4.781116451612903,5.494022580645161,-2.21525185483871,Tight High-Spin Breakers,1,pitch_type_specific,Curveball
"Kramer, Cameron",1000249123.0,TRO_AIG,Slider,R,31,10,75.72526391997874,34.3500918792008,63.31271230774536,95.8496915311273,53.82656380914448,64.29439890596159,90.38137969713964,9.486148498600876,63.7330323547114,92.8771733034212,128,42,Elite Weapon,75,44,34,0.1889401126382708,Balanced,Balanced Weapon,4.671486031746032,-7.181349841269841,81.0000819047619,2184.1836920634923,5.548443650793651,6.249337777777778,1.040925873015873,Tight High-Spin Breakers,1,pitch_type_specific,Slider
"Aldeano, Austin",699054.0,TRO_AIG,Sinker,L,45,24,54.0886156844874,63.067465372671776,56.78227059094272,83.67919237240605,47.31545682573394,41.57466233169916,18.03140773976444,9.466813765208784,63.705041593309915,92.82108805384183,129,18,Command/Deception Weapon,292,22,11,1.274839091046708,Balanced,Balanced Weapon,16.030849,17.757058571428573,90.18807685714286,2218.82574,6.062735714285714,5.661507285714286,3.0507898571428576,Soft-Speed Separation,0,pitch_type_specific,Sinker
"Kostura, Brit",1000146015.0,WAS_WIL3,Curveball,R,33,38,60.7769712336687,47.87334832314842,56.905884360512616,84.01570386988222,47.45289844135532,42.05424856937194,18.98485698261357,9.452985919157292,63.68502311507831,92.76500280426248,130,21,Command/Deception Weapon,286,35,23,1.3735182298491324,Balanced,Balanced Weapon,-2.998129885057472,4.572767931034482,74.21201459770116,2169.1627287356323,5.353802298850575,5.052045977011495,-1.5669847126436782,Tight High-Spin Breakers,1,pitch_type_specific,Curveball
"Widener, Jacob",683179.0,SUS_COU1,Sinker,L,87,53,64.04050501407652,52.59963114458591,60.60824285322933,92.26023555804824,51.1565728861036,54.97778184196338,72.3780145821649,9.451669967125724,63.68311802031519,92.70891755468313,131,19,Elite Weapon,139,9,3,-3.1491266676473515,LHH,Balanced Weapon,8.244251770833333,-10.970803229166668,88.72136104166667,2348.2086307291665,6.759080625,4.205846666666667,-4.40964375,Soft-Speed Separation,0,pitch_type_specific,Sinker
"Rodriguez, Joe Joe",689487.0,NEW_JER6,Four-Seam,R,85,57,54.628697272021256,66.90386484241475,58.3112475431393,88.39035333707234,48.9114860907646,47.14381740144376,40.18508132361189,9.399761452374705,63.60797041824404,92.65283230510376,132,25,Command/Deception Weapon,208,29,20,5.939017625557007,RHH,Right-Handed Killer,16.41940796178344,13.26883025477707,91.32814216560509,2159.3169955414014,5.788765668789809,5.677123312101911,2.468257388535032,Soft-Speed Separation,0,pitch_type_specific,Four-Seam
"Rodriguez, Ramon",1000115889.0,WIN_CIT29,Curveball,R,64,22,69.92777721301516,43.047125168123166,61.86358159954756,93.94279304542906,52.4901353058451,59.63108994441951,81.35165451486259,9.373446293702457,63.56987414286751,92.5967470555244,133,22,Elite Weapon,109,12,7,0.7430733347234906,Balanced,Balanced Weapon,-0.1024799159663865,8.608263781512605,75.85248806722689,2818.0985915966385,5.092404789915967,5.478691680672268,-1.7230852100840337,Tight High-Spin Breakers,1,pitch_type_specific,Curveball
"Lockhart, Gauge",840803.0,LAK_ERI24,Cutter,R,74,37,62.605526566984366,46.88753096086138,57.89012788514747,87.49298934380259,48.53240118703113,45.82104553268961,32.725743129556925,9.357726698116345,63.54711699176252,92.54066180594504,134,7,Command/Deception Weapon,224,12,7,2.4643137505368102,Balanced,Balanced Weapon,5.865042297297297,-0.6465708108108108,86.48435554054053,2081.1143574324324,6.220868986486487,5.815515945945946,1.707449527027027,Soft-Speed Separation,0,pitch_type_specific,Cutter
"Harris, Ben",1000390130.0,GAT_GRI,Curveball,R,181,33,63.08398536844419,52.644997603889465,59.95228903907777,90.85810431856422,50.61051682968662,53.07238391374872,65.47952888390354,9.341772209391152,63.5240197874653,92.48457655636567,135,23,Elite Weapon,164,19,12,3.31720239571176,RHH,Balanced Weapon,-14.151547561728396,-6.975401635802469,77.48750669753086,2164.8731231481484,4.923337314814815,6.515376018518519,0.6032847839506172,Tight High-Spin Breakers,1,pitch_type_specific,Curveball
"Foster, Kobe",816330.0,WAS_WIL3,Four-Seam,L,186,171,58.375799150862015,65.22070887300069,60.42927206750362,91.81155356141336,51.0989023276284,54.77654725927484,71.59282108805384,9.330369739875216,63.5075125102696,92.42849130678633,136,26,Elite Weapon,147,18,6,-1.1630803849057187,Balanced,Balanced Weapon,20.698715828092244,-9.90953033542977,86.65616429769392,2208.6697591194966,5.713561027253669,6.1745940251572335,-1.1766704612159329,Soft-Speed Separation,0,pitch_type_specific,Four-Seam
"Valdez, Alex",677678.0,EVA_OTT,Slider,R,99,37,55.07961760122129,71.76834154481683,60.08623478429995,91.138530566461,50.78809264075516,53.69201367251596,67.44251261918116,9.298142143544787,63.46085683929991,92.37240605720696,137,43,Elite Weapon,159,77,58,10.495826187097895,RHH,Right-Handed Killer,3.698716736842105,-2.529911947368421,86.0214402631579,2142.7170947368422,5.334888578947369,6.0627885263157895,1.7803738947368422,Tight High-Spin Breakers,1,pitch_type_specific,Slider
"Kramer, Cameron",1000249123.0,TRO_AIG,Slider,L,32,10,75.72526391997874,33.72029150373993,63.12377219510709,95.62535053280988,53.82656380914448,64.29439890596159,90.38137969713964,9.297208385962605,63.45950504482932,92.31632080762759,138,44,Elite Weapon,79,45,11,0.1889401126382708,Balanced,Balanced Weapon,4.671486031746032,-7.181349841269841,81.0000819047619,2184.1836920634923,5.548443650793651,6.249337777777778,1.040925873015873,Tight High-Spin Breakers,1,pitch_type_specific,Slider
"Leak, Anthony",1000264276.0,NEW_YOR13,Sinker,L,41,40,55.285332905831645,53.29333637493551,54.6877339465628,76.55636567582725,45.3959792478302,34.876872686821706,6.758272574312955,9.291754698732603,63.45160977909601,92.26023555804824,139,20,Command/Deception Weapon,419,31,16,-4.3292379505875545,LHH,Balanced Weapon,10.40198038961039,14.174884870129867,89.43252668831168,2109.9609896103893,6.267168636363636,5.548369610389611,1.6132888311688312,Soft-Speed Separation,0,pitch_type_specific,Sinker
"Shears, Tanner",808632.0,SCH_BOO,Splitter,L,39,18,65.15270845218879,41.45686601606954,58.043955721353015,87.8855860908581,48.78418343121419,46.69960985001549,37.82950084127874,9.259772290138827,63.4053090647371,92.20415030846887,140,3,Command/Deception Weapon,217,6,4,-0.2545243545869979,Balanced,Balanced Weapon,-1.794228846153846,6.711797307692307,82.03770038461539,910.3193246153846,5.07381141025641,5.850789487179488,2.437794358974359,Tight High-Spin Breakers,1,pooled_fixed_effects,Pooled
"Morgan, Cooper",692707.0,QUE_CAP,Changeup,R,75,27,61.880961875567394,42.41873587529351,56.04229407548522,81.43578238923163,46.81503253906976,39.82849105892767,13.51654514862591,9.227261536415462,63.3582434687447,92.14806505888951,141,18,Command/Deception Weapon,332,46,17,,,,5.982134565217391,-16.53198793478261,82.20358989130435,2000.4523,5.924517608695652,4.789334673913044,-4.202215760869565,Tight High-Spin Breakers,1,pitch_type_specific,Changeup
"Long, Maddox",1000248716.0,WAS_WIL3,Sinker,R,117,84,55.85049889415664,51.29687942669801,54.48441305391905,75.71508693213684,45.279542760351646,34.470581355733884,6.253505328098711,9.204870293567403,63.32582781949149,92.09197980931016,142,21,Command/Deception Weapon,434,33,16,1.579410716795806,Balanced,Balanced Weapon,7.072164771929824,16.644123649122808,89.94795028070176,2181.739884912281,5.888958315789473,5.664510210526316,1.6430663859649122,Soft-Speed Separation,0,pitch_type_specific,Sinker
"Garcia, Brett",702286.0,OTT_TIT,Curveball,R,84,26,62.12091593976562,47.88152647558354,57.84909910051099,87.3247335950645,48.65508567556446,46.24913852337879,34.464385866517105,9.194013424946533,63.310110404983035,92.03589455973079,143,24,Command/Deception Weapon,227,25,15,2.974374933976719,Balanced,Balanced Weapon,-17.487676666666665,-8.414685424836602,81.20720947712418,2161.685967973856,5.332997124183007,6.083155751633988,1.2061788235294115,Tight High-Spin Breakers,1,pitch_type_specific,Curveball
"Vega, Lucas",837223.0,TRO_AIG,Slider,R,94,36,66.66946056519248,68.37765901193828,67.18192009921621,98.2613572630398,58.01139571305473,78.89687413892236,99.97195737521032,9.170524386161482,63.27610548405398,91.97980931015142,144,45,Elite Weapon,32,22,16,7.775128480971581,RHH,Right-Handed Killer,6.615676940298508,-9.30305156716418,79.20904149253732,2697.287079104478,5.9418859701492535,5.111311268656716,2.42052776119403,Tight High-Spin Breakers,1,pitch_type_specific,Slider
"Dill, Austin",1000429156.0,TRI_VAL,Changeup,L,118,45,56.24952986864195,70.4857846131093,60.52040629198216,92.14806505888951,51.35455882441393,55.66863032214957,73.7801458216489,9.165847467568234,63.26933474096779,91.92372406057207,145,19,Elite Weapon,141,21,15,-7.897874772811079,LHH,Left-Handed Killer,10.672417450980392,16.50382,80.49617122549019,1931.0763039215683,5.228787598039215,6.213267843137255,1.7451846568627452,Soft-Speed Separation,0,pitch_type_specific,Changeup
"Zaffiro, Cole",10994263.0,SCH_BOO,Four-Seam,R,246,120,58.033644444595765,60.34387071275382,58.72671232504318,89.00729108244532,49.61826989802603,49.61005577793604,53.98205272013461,9.108442427017152,63.186229856058205,91.86763881099272,146,27,Command/Deception Weapon,197,26,17,1.3181939456776846,Balanced,Balanced Weapon,17.73304825,8.679932590909091,90.79685245454546,2159.6290011363635,6.133131204545455,5.7921491590909095,1.0653988409090909,Soft-Speed Separation,0,pitch_type_specific,Four-Seam
"Coles, Chad",694311.0,WAS_WIL3,Splitter,R,25,11,67.5026858380428,38.92981308368959,58.93082401173683,89.34380257992149,49.8494138667353,50.41660527761165,56.78631519910263,9.081410145001534,63.147095406118176,91.81155356141335,147,4,Elite Weapon,191,4,2,-1.420745995832192,Balanced,Balanced Weapon,2.295153015873016,7.1285719047619045,86.19068015873016,1031.1558957142856,5.594046349206349,6.178649206349207,1.3745484126984129,Soft-Speed Separation,0,pooled_fixed_effects,Pooled
"Harris, Everette",810834.0,TRI_VAL,Changeup,R,47,32,66.2599445778155,45.31599586667309,59.97675996447278,90.97027481772294,50.92379909997339,54.16554528745019,68.67638810992709,9.05296086449939,63.10590957715273,91.755468311834,148,20,Elite Weapon,162,24,9,-2.828382785650433,Balanced,Balanced Weapon,2.067787372881356,16.36918838983051,82.62601237288135,2097.8510347457627,6.536197288135593,4.109619491525423,3.761844322033898,Soft-Speed Separation,0,pitch_type_specific,Changeup
"Cartwright, Eli",1000304859.0,GAT_GRI,Four-Seam,L,61,46,61.356018721283625,58.35344447973152,60.45524644881799,91.86763881099272,51.42435987732433,55.91219282830575,74.11665731912507,9.03088657149366,63.07395277402027,91.69938306225463,149,28,Elite Weapon,146,17,5,-3.814621531930527,LHH,Balanced Weapon,18.38738309178744,-8.608634927536231,90.25465444444444,2099.5454492753624,6.396943719806763,5.168267632850242,-1.93416961352657,Soft-Speed Separation,0,pitch_type_specific,Four-Seam
"Serrano, Elio",665939.0,NEW_JER6,Changeup,L,91,24,61.82335425158677,55.66659264669584,59.97632577011949,90.91418956814358,50.94650185476853,54.24476386115354,68.92877173303421,9.02982391535096,63.07241437398449,91.64329781267526,150,21,Elite Weapon,163,25,16,,,,10.948488811881187,11.503888910891089,82.0910286138614,1856.6243306930687,6.004649108910892,5.7241529702970295,1.923408811881188,Soft-Speed Separation,0,pitch_type_specific,Changeup
"Shears, Tanner",808632.0,SCH_BOO,Splitter,R,39,18,65.15270845218879,40.60845150077955,57.78943136676602,87.15647784632642,48.78418343121419,46.69960985001549,37.82950084127874,9.005247935551829,63.03683589597732,91.5872125630959,151,5,Command/Deception Weapon,230,7,3,-0.2545243545869979,Balanced,Balanced Weapon,-1.794228846153846,6.711797307692307,82.03770038461539,910.3193246153846,5.07381141025641,5.850789487179488,2.437794358974359,Tight High-Spin Breakers,1,pooled_fixed_effects,Pooled
"Grounds, Jackson",805984.0,DOW_EAS1,Sinker,R,41,26,57.02915549040404,46.60872616220348,53.903026691943865,73.3595064498037,44.96999790391246,33.390461244954736,4.795288839035334,8.933028788031407,62.93228472964529,91.53112731351655,152,22,Command/Deception Weapon,476,37,19,0.8061196786982023,Balanced,Balanced Weapon,14.96062474137931,16.364435431034483,92.15568241379312,2138.778992241379,5.5015325,6.1603108620689655,1.9916941379310344,Soft-Speed Separation,0,pitch_type_specific,Sinker
"Willeman, Landon",812254.0,EVA_OTT,Changeup,L,163,64,58.55232427254421,55.53308332872422,57.64655198939821,86.81996634885026,48.76783904053337,46.642578034737184,37.66124509254066,8.878712948864845,62.85365206046899,91.47504206393718,153,22,Command/Deception Weapon,236,31,21,-3.478679259750926,LHH,Balanced Weapon,5.933878156682027,14.324932534562214,83.81967193548387,1683.663605529954,6.222181290322581,5.369843179723502,2.048528894009217,Soft-Speed Separation,0,pitch_type_specific,Changeup
"Hohenstein, Liam",1000116556.0,WIN_CIT29,Curveball,L,48,20,67.03893928644968,40.82489269970426,59.17472531042605,89.68031407739765,50.29851091993358,51.98367624894407,62.84352215367358,8.876214390492471,62.85003491458802,91.41895681435783,154,25,Elite Weapon,185,22,9,5.634875222493214,RHH,Right-Handed Killer,-7.267657064220184,-11.905876972477063,75.79900458715596,2585.108647706422,5.348523119266055,5.73284,1.1387511926605505,Tight High-Spin Breakers,1,pitch_type_specific,Curveball
"Blowers, CJ",1000407060.0,FLO_Y'A,Four-Seam,R,87,54,58.222523438731606,56.98263525685753,57.85055698416937,87.38081884464385,49.00811811459437,47.48100340247921,41.69938306225463,8.842438869575005,62.80113832377193,91.36287156477846,155,29,Command/Deception Weapon,226,34,24,0.2604934909090133,Balanced,Balanced Weapon,17.157089272727273,-11.4103,85.09995357575758,1884.8908618181813,5.974377757575757,6.613409151515152,-0.9108882424242424,Soft-Speed Separation,0,pitch_type_specific,Four-Seam
"Heredia-Bustos, Rolando",837343.0,DOW_EAS1,Curveball,L,35,18,66.04239421378729,45.15478970816895,59.77611286210178,90.57767807066742,50.963948915588354,54.30564331326998,69.2372406057207,8.81216394651343,62.75730952454932,91.3067863151991,156,26,Elite Weapon,169,20,8,3.0561496665464176,RHH,Balanced Weapon,5.573646266666667,-11.022328666666668,73.73444946666666,2220.1646626666666,5.050011733333333,5.438483333333334,1.8475796,Tight High-Spin Breakers,1,pitch_type_specific,Curveball
"Earwood, Micah",1000112366.0,SUS_COU1,Slider,R,111,21,64.76408786513569,58.593094847534616,62.91278995985536,95.4570947840718,54.10744703706053,65.27450765899555,91.5872125630959,8.805342922794829,62.74743477512561,91.25070106561975,157,46,Elite Weapon,82,48,37,,,,1.2375572868217055,-2.709737131782945,78.88502581395349,2326.4476523255817,5.694266511627907,5.601268294573644,1.735578062015504,Tight High-Spin Breakers,1,pitch_type_specific,Slider
"Flontek, Zac",1000563032.0,DOW_EAS1,Four-Seam,R,239,92,56.67544275261197,64.53284855818633,59.03266449428428,89.56814357823892,50.22967939417579,51.74349679294589,62.61918115535614,8.802985100108494,62.74402137133556,91.19461581604038,158,30,Elite Weapon,187,23,16,5.217013408900932,RHH,Right-Handed Killer,18.394149977876108,5.21941517699115,91.76319192477877,2601.2159132743363,6.46087703539823,6.22755028761062,0.8070723451327433,Soft-Speed Separation,0,pitch_type_specific,Four-Seam
"Lodes, Jett",699630.0,FLO_Y'A,Sinker,L,38,30,55.86884859905303,50.71765637873493,54.3234909329576,74.9298934380258,45.56119683181712,35.453379876026695,7.711721817162085,8.762294101140476,62.685113290204875,91.13853056646101,159,23,Command/Deception Weapon,448,36,18,0.86198883652186,Balanced,Balanced Weapon,4.381093645833333,13.918450520833334,89.64420239583335,2106.5441572916666,5.288789479166667,4.9771346875,0.9527048958333334,Soft-Speed Separation,0,pitch_type_specific,Sinker
"Bargo, Casey",1000492781.0,NEW_ENG23,Slider,L,27,16,73.55133729118444,36.07453833182911,62.30829760337784,94.50364554122264,53.56121533794731,63.36849684639736,89.035333707235,8.747082265430528,62.66309121960266,91.08244531688166,160,47,Elite Weapon,99,54,12,12.841862926338392,RHH,Right-Handed Killer,1.4834028571428572,-4.979310535714285,83.56961232142858,2415.5824839285715,5.66463625,5.811873571428571,2.415990178571428,Tight High-Spin Breakers,1,pitch_type_specific,Slider
"Valdez, Alex",677678.0,EVA_OTT,Cutter,R,78,28,57.56826605862862,47.96413355191352,54.687026306614094,76.5002804262479,45.94675812847812,36.79875035076898,9.169938306225465,8.74026817813597,62.653226511992635,91.0263600673023,161,8,Command/Deception Weapon,420,19,10,3.033372974750165,RHH,Balanced Weapon,4.473028666666666,-1.78653,86.41095876190477,2065.213537142857,5.358959714285715,6.044300476190476,1.858898476190476,Tight High-Spin Breakers,1,pitch_type_specific,Cutter
"Gregory, Ben",833406.0,GAT_GRI,Four-Seam,L,49,43,60.851969012019694,45.94991375044109,56.38135243354611,82.44531688166012,47.66771234438173,42.80381623915282,21.39652271452608,8.713640089164386,62.61467720956027,90.97027481772294,162,31,Command/Deception Weapon,314,57,22,4.941316981687699,RHH,Balanced Weapon,15.011548053691277,13.915517651006711,88.39476798657718,2230.0544053691274,6.460365234899329,5.860910536912751,2.122742080536913,Soft-Speed Separation,0,pitch_type_specific,Four-Seam
"Sanchez, Sergio",1000583994.0,MIS_MUD,Slider,R,70,17,57.56688444609485,74.08081278089804,62.52106294653581,94.7279865395401,53.82070440002303,64.27395319188268,90.26920919798091,8.700358546512774,62.59544961102732,90.91418956814358,163,48,Elite Weapon,95,52,41,9.111643043973146,RHH,Right-Handed Killer,-1.583635,-3.6804435576923074,81.19277278846154,2467.795136538461,5.666632211538461,5.483575480769231,2.3857729807692305,Tight High-Spin Breakers,1,pitch_type_specific,Slider
"Lawson, Nathan",1000569348.0,FLO_Y'A,Sinker,L,153,110,57.29383095643064,49.728367164450994,55.02419181883674,77.84632641615255,46.32888292607353,38.13212956907722,11.413348289399888,8.695308892763208,62.58813926180254,90.85810431856422,164,24,Command/Deception Weapon,396,29,15,-0.5551226131787672,Balanced,Balanced Weapon,9.804151811594204,15.670658949275364,88.84311282608697,2181.3912086956525,6.151979420289855,5.4369659782608695,2.0491189492753623,Soft-Speed Separation,0,pitch_type_specific,Sinker
"Ronne, Andrew",701809.0,GAT_GRI,Four-Seam,R,176,104,54.249933843666895,62.27089561257478,56.65622237433925,83.39876612450925,47.961967930354426,43.83058625166199,24.70555243970836,8.694254443984825,62.58661274351199,90.80201906898485,165,32,Command/Deception Weapon,297,49,31,3.984041700551217,RHH,Balanced Weapon,13.11824534591195,7.205954905660378,91.7850784591195,2180.1264188679247,6.344152996845426,5.876882830188679,2.115839716981132,Soft-Speed Separation,0,pitch_type_specific,Four-Seam
"McCartney, Seth",823530.0,MIS_MUD,Sinker,L,67,39,56.63494887430442,61.12071300842638,57.98067811454101,87.66124509254067,49.33846370243377,48.63370520162086,48.093101514301736,8.642214412107236,62.51127474499547,90.7459338194055,166,25,Command/Deception Weapon,221,17,8,-3.2377596020136963,LHH,Balanced Weapon,10.419685833333334,15.158357583333332,90.15501508333334,2315.5121775,5.756986833333333,5.048432333333333,2.9200946666666665,Soft-Speed Separation,0,pitch_type_specific,Sinker
"Gamelin, Shaun",815222.0,JOL_SLA,Slider,R,63,20,55.85793269223508,68.5644906731132,59.66990008649852,90.35333707234996,51.03707943759395,54.560823607456335,70.24677509814919,8.63282064890457,62.49767545820234,90.68984856982614,167,49,Elite Weapon,173,84,65,8.409029150080883,RHH,Right-Handed Killer,3.5866020792079207,-0.6152555445544554,82.16177742574257,2286.19741980198,4.782112475247525,5.686416336633663,1.937717524752476,Tight High-Spin Breakers,1,pitch_type_specific,Slider
"Rodriguez, Ramon",1000115889.0,WIN_CIT29,Curveball,L,55,22,69.92777721301516,40.5702140523782,61.12050826482407,92.82108805384183,52.4901353058451,59.63108994441951,81.35165451486259,8.630372958978967,62.49413195422413,90.63376332024677,168,27,Elite Weapon,129,16,7,0.7430733347234906,Balanced,Balanced Weapon,-0.1024799159663865,8.608263781512605,75.85248806722689,2818.0985915966385,5.092404789915967,5.478691680672268,-1.7230852100840337,Tight High-Spin Breakers,1,pitch_type_specific,Curveball
"Foy, Corbin",813822.0,LAK_ERI24,Four-Seam,L,48,19,65.52486512602182,40.7740664418042,58.09962552075653,88.16601233875491,49.501767190538594,49.20353337997101,51.065619742007854,8.597858330217939,62.4470607483662,90.57767807066742,169,33,Command/Deception Weapon,212,30,10,4.428902252679492,RHH,Balanced Weapon,16.460386315789474,10.398229894736843,91.29729484210526,2336.5153231578947,6.149718105263157,5.303276947368421,1.8389270526315789,Soft-Speed Separation,0,pitch_type_specific,Four-Seam
"Morin, Jacob",822351.0,QUE_CAP,Slider,R,60,20,65.55580365853676,63.41940177543332,64.91488309360572,97.02748177229388,56.33029109700495,73.03085870902052,98.79416713404376,8.584591996600771,62.42785516784847,90.52159282108806,170,50,Elite Weapon,54,34,24,7.153204979397081,RHH,Right-Handed Killer,7.428107882352942,-6.154813882352941,77.36671694117646,2494.7016129411763,5.495547738095238,5.236946823529412,1.0600265882352942,Tight High-Spin Breakers,1,pitch_type_specific,Slider
"Blowers, CJ",1000407060.0,FLO_Y'A,Four-Seam,L,78,54,58.222523438731606,56.11432362049413,57.59006349326036,86.76388109927089,49.00811811459437,47.48100340247921,41.69938306225463,8.581945378665992,62.42402367715083,90.4655075715087,171,34,Command/Deception Weapon,237,37,12,0.2604934909090133,Balanced,Balanced Weapon,17.157089272727273,-11.4103,85.09995357575758,1884.8908618181813,5.974377757575757,6.613409151515152,-0.9108882424242424,Soft-Speed Separation,0,pitch_type_specific,Four-Seam
"Perozzi, John",1000377762.0,SUS_COU1,Slider,R,71,33,61.80263283214624,67.82689088309783,63.60991024743171,96.07403252944476,55.04173059550723,68.53457946977312,96.4385866517106,8.568179651924481,62.40409512861976,90.40942232192933,172,51,Elite Weapon,71,42,32,7.841007420928051,RHH,Right-Handed Killer,7.843225167785236,-3.6448929530201344,83.45249201342281,2410.993324161074,5.911441342281879,6.044385100671141,0.5518324832214765,Tight High-Spin Breakers,1,pitch_type_specific,Slider
"Barrett, Gabriel",811644.0,NEW_YOR13,Sinker,R,37,21,55.25220732862404,49.8856774380732,53.64224836145878,72.63039820527202,45.08587011387274,33.79478359648155,5.215928210880538,8.556378247586046,62.38701031620778,90.35333707234997,173,26,Command/Deception Weapon,489,40,21,,,,11.044839666666666,14.360512166666666,91.22598083333334,2012.3877083333327,5.6958573333333335,5.267026333333333,1.5987233333333333,Soft-Speed Separation,0,pitch_type_specific,Sinker
"Zaffiro, Cole",10994263.0,SCH_BOO,Curveball,R,61,13,59.46474104437976,48.34097479052622,56.12761116822369,81.77229388670779,47.59373802406513,42.54569161070864,20.69545709478407,8.533873144158555,62.354429831771824,90.2972518227706,174,28,Command/Deception Weapon,326,39,25,,,,-10.265823787878787,-5.432330151515152,79.19758287878788,2047.6730409090908,5.733887272727273,5.824685454545454,1.0792319696969697,Tight High-Spin Breakers,1,pitch_type_specific,Curveball
"Langhorne, Miles",695680.0,SUS_COU1,Four-Seam,L,30,21,58.90329158507024,54.34359816069737,57.53538355775838,86.48345485137409,49.00234408618501,47.46085561428173,41.5872125630959,8.533039471573368,62.353222929667425,90.24116657319125,175,35,Command/Deception Weapon,242,38,13,3.4464960394858224,RHH,Balanced Weapon,14.174214428571428,3.7800477142857134,93.92540071428571,2304.484337142857,6.502676,6.004582714285714,1.2088032857142856,Soft-Speed Separation,0,pitch_type_specific,Four-Seam
"Calderon, Jean",703300.0,LAK_ERI24,Four-Seam,R,51,25,54.77210994652653,61.22003091876824,56.70648623819904,83.56702187324734,48.20736681036488,44.68687657582069,28.968031407739765,8.49911942783416,62.30411711414993,90.1850813236119,176,36,Command/Deception Weapon,294,48,30,4.547513788037769,RHH,Balanced Weapon,12.021461494252874,0.7859933333333332,94.05460057471264,2525.7951379310343,6.383003908045977,6.249977241379311,1.5420213793103448,Soft-Speed Separation,0,pitch_type_specific,Four-Seam
"Cerda, Junior",693702.0,EVA_OTT,Slider,R,116,32,53.42565864356359,80.0,61.39796105049451,93.157599551318,52.93472550762119,61.18243479155332,83.70723499719574,8.46323554287332,62.252168259116445,90.12899607403253,177,52,Elite Weapon,123,64,51,12.33347303940785,RHH,Right-Handed Killer,-1.9948805263157896,-7.240299590643275,82.50589578947368,2609.367944444444,4.887694327485381,5.091883684210526,2.2728676608187133,Tight High-Spin Breakers,1,pitch_type_specific,Slider
"Hickey, Matt",806277.0,GAT_GRI,Curveball,L,36,18,65.01342907504554,38.66437229601164,57.108712041335366,84.80089736399327,48.67595253160863,46.321950945853885,35.19349411104879,8.432759509726736,62.20804831419812,90.07291082445317,178,29,Command/Deception Weapon,272,34,12,3.1144646984551443,RHH,Balanced Weapon,-4.064078928571429,-5.708743452380952,79.70012202380951,2253.654319047619,5.452245595238095,5.020762738095239,2.715674285714285,Tight High-Spin Breakers,1,pitch_type_specific,Curveball
"Majick, Eli",828663.0,NEW_ENG23,Cutter,R,83,41,70.76652747359486,48.75470331069739,64.16298022472562,96.52271452607964,55.74870590428579,71.00148606812597,98.12114413909144,8.414274320439823,62.181287431992075,90.0168255748738,179,9,Elite Weapon,63,4,3,2.253862133267525,Balanced,Balanced Weapon,5.849875726495727,-1.1025436752136752,83.05585256410257,2490.780148717949,5.710460427350427,5.646328034188034,-3.47457641025641,Tight High-Spin Breakers,1,pitch_type_specific,Cutter
"Duncan, Tanner",677365.0,DOW_EAS1,Slider,L,30,14,67.8533067759293,43.50927178331814,60.55009627814594,92.20415030846888,52.13626311310649,58.39629484422188,79.0521592821088,8.413833165039456,62.18064877433375,89.96074032529445,180,53,Elite Weapon,140,71,17,9.790947013934629,RHH,Right-Handed Killer,6.892258522727272,-0.243992159090909,86.5027253409091,2208.0277181818183,5.910504204545455,5.796946590909091,2.656812954545454,Soft-Speed Separation,0,pitch_type_specific,Slider
"Culley, Wesley",1000189068.0,LAK_ERI24,Four-Seam,L,28,33,57.19373605045268,58.79862491359405,57.67520270939509,86.93213684800898,49.27063109458234,48.39701135133453,46.578799775659,8.404571614812745,62.16724089136238,89.90465507571508,181,37,Command/Deception Weapon,234,36,11,-5.381578285562945,LHH,Left-Handed Killer,14.261879883720932,-12.403933023255814,89.6397788372093,2106.130493023256,5.303008255813953,5.620173720930233,-1.501712441860465,Soft-Speed Separation,0,pitch_type_specific,Four-Seam
"Garcia, Brett",702286.0,OTT_TIT,Four-Seam,R,191,100,57.35287383856657,59.15121115536157,57.89237503360507,87.54907459338193,49.49786996870618,49.18993448601498,50.95344924284914,8.394505064898887,62.15266761584517,89.84856982613573,182,38,Command/Deception Weapon,223,33,23,2.724955424566083,Balanced,Balanced Weapon,16.666772239263803,6.176818404907976,91.91629352760737,2379.4612917177915,6.1035496012269945,5.989885368098159,1.3120102147239263,Soft-Speed Separation,0,pitch_type_specific,Four-Seam
"Pierson, Kenny",1000055344.0,LAK_ERI24,Slider,R,77,26,62.11656390015438,52.73241336693479,59.3013187401885,89.96074032529445,50.92493228866299,54.169499415155705,68.78855860908581,8.376386451525512,62.12643742308403,89.79248457655636,183,54,Elite Weapon,180,89,67,2.342746601486361,Balanced,Balanced Weapon,-1.0152304098360656,7.238248196721312,71.97918180327869,2051.660935245902,4.651263770491803,4.813371147540983,-2.9610688524590163,Tight High-Spin Breakers,1,pitch_type_specific,Slider
"Long, Jalon",809215.0,NEW_YOR13,Slider,R,160,47,57.9222174714666,67.53513261147413,60.806092013468856,92.5967470555244,52.43452668930231,59.4370502638659,80.84688726864835,8.371565324166546,62.11945790995321,89.73639932697701,184,55,Elite Weapon,133,69,53,8.471491243598557,RHH,Right-Handed Killer,4.7141814,-1.9259214,84.1040546,2174.518124,5.737367900000001,5.9847761,1.3031695,Tight High-Spin Breakers,1,pitch_type_specific,Slider
"Wiltse, Ryan",813813.0,EVA_OTT,Changeup,R,65,56,67.35793177535845,52.293756588110575,62.83867921918409,95.34492428491306,54.46901115795925,66.5361428313946,94.3073471676949,8.369668061224836,62.11671125535807,89.68031407739765,185,23,Elite Weapon,84,10,4,0.819914552998597,Balanced,Balanced Weapon,13.58136613861386,10.19300792079208,78.14277831683168,1834.3729138613865,6.295004900990099,6.33221599009901,1.2799272277227722,Soft-Speed Separation,0,pitch_type_specific,Changeup
"Brouwer, Adam",840585.0,LAK_ERI24,Four-Seam,R,41,29,57.71639786982049,59.75739660280301,58.32869748971524,88.44643858665171,49.97632815399985,50.85945764995135,59.00168255748738,8.352369335715387,62.091668008654565,89.62422882781829,186,39,Elite Weapon,207,28,19,,,,18.5958938,8.3506638,91.00004,2132.780454,5.919800800000001,5.9070908,1.5450236000000002,Soft-Speed Separation,0,pitch_type_specific,Four-Seam
"Garcia, Hector",815312.0,WAS_WIL3,Slider,R,36,12,57.1565983365316,80.0,64.00961883557213,96.46662927650029,55.69374262983771,70.80969823237069,97.980931015143,8.315876205734419,62.03883715376892,89.56814357823892,187,56,Elite Weapon,64,39,29,,,,2.037762321428571,-7.141664821428571,77.30437321428572,2355.122507142857,5.7208942857142855,5.858875892857143,0.9214630357142858,Tight High-Spin Breakers,1,pitch_type_specific,Slider
"Helt, Robert",836007.0,LAK_ERI24,Slider,R,147,45,55.66655751424641,78.52031453436703,62.52268462028259,94.78407178911948,54.245758009332334,65.7571274137242,92.68087492989343,8.276926610950255,61.982450091574734,89.51205832865956,188,57,Elite Weapon,94,51,40,11.27846539536111,RHH,Right-Handed Killer,-1.1853749356223175,-5.072443090128755,81.07140781115879,2404.9244090128755,5.757427253218884,6.376559699570815,2.1534374678111585,Tight High-Spin Breakers,1,pitch_type_specific,Slider
"Brown, Ethan",690384.0,WAS_WIL3,Four-Seam,L,25,25,61.93766347919579,45.69992168295495,57.066340940323535,84.63264161525518,48.80148492709816,46.7599813705305,38.44643858665171,8.264856013225376,61.96497556973682,89.4559730790802,189,40,Command/Deception Weapon,275,45,17,-4.043404325656077,LHH,Balanced Weapon,12.73733656716418,-10.77735776119403,90.37331104477612,2076.754858208956,6.087360149253732,5.5026225373134325,-1.867450597014925,Soft-Speed Separation,0,pitch_type_specific,Four-Seam
"Kalisky, Jack",1000571646.0,OTT_TIT,Four-Seam,R,68,39,49.78795178334893,68.99620250464754,55.550426999738505,79.80931015143017,47.29148102529238,41.491001616005605,17.86315199102636,8.258945974446128,61.9564196469843,89.39988782950084,190,41,Command/Deception Weapon,361,76,46,10.380488625806649,RHH,Right-Handed Killer,13.402519595959596,7.7175198989899,88.39357666666666,2398.2053090909094,5.763868686868688,6.014782525252525,2.51981,Soft-Speed Separation,0,pitch_type_specific,Four-Seam
"Pierson, Kenny",1000055344.0,LAK_ERI24,Sinker,R,174,72,52.10747392337956,49.77700977708678,51.40833467949172,60.964666292765,43.199693925322165,27.21319520518336,0.9814918676388108,8.208640754169558,61.88359312336716,89.34380257992149,191,27,Command/Deception Weapon,697,67,34,0.130965419633334,Balanced,Balanced Weapon,0.3747343265306122,-17.712437714285713,80.96662942857142,1762.2413930612245,4.816517142857143,4.461803591836734,-3.1728633061224487,Tight High-Spin Breakers,1,pitch_type_specific,Sinker
"Bell, Brendan",681141.0,NEW_ENG23,Four-Seam,L,82,37,55.59977551130861,54.74234847422887,55.342547400184685,79.02411665731913,47.14057418188221,40.96443006092779,16.348850252383624,8.201973218302477,61.87394057725719,89.28771733034212,192,42,Command/Deception Weapon,375,80,32,-4.705342716918558,LHH,Balanced Weapon,11.161574901960783,3.241601568627451,92.05818797385622,2365.3515509803924,5.95834091503268,6.154103986928105,1.0895333333333332,Soft-Speed Separation,0,pitch_type_specific,Four-Seam
"Martinez, Mason",809209.0,TRI_VAL,Slider,R,89,35,59.45813363328271,70.50695518389654,62.77278009846685,95.12058328659565,54.57163325714991,66.89423049087404,94.5877734155917,8.201146841316941,61.872744236942545,89.23163208076275,193,58,Elite Weapon,88,49,38,9.301594392997773,RHH,Right-Handed Killer,6.419207196969697,0.1009975757575757,83.26583098484849,2349.487888636364,6.400489545454546,5.254459696969697,2.712698636363636,Soft-Speed Separation,0,pitch_type_specific,Slider
"Foster, Kobe",816330.0,WAS_WIL3,Four-Seam,R,291,171,58.375799150862015,61.3437742566483,59.2661916825979,89.79248457655636,51.0989023276284,54.77654725927484,71.59282108805384,8.167289354969498,61.82372898533361,89.1755468311834,194,43,Elite Weapon,183,21,14,-1.1630803849057187,Balanced,Balanced Weapon,20.698715828092244,-9.90953033542977,86.65616429769392,2208.6697591194966,5.713561027253669,6.1745940251572335,-1.1766704612159329,Soft-Speed Separation,0,pitch_type_specific,Four-Seam
"Lawson, Nathan",1000569348.0,FLO_Y'A,Sinker,R,123,110,57.29383095643064,47.8779584538551,54.46906920565797,75.54683118339877,46.32888292607353,38.13212956907722,11.413348289399888,8.14018627958444,61.78449204831644,89.11946158160404,195,28,Command/Deception Weapon,437,34,17,-0.5551226131787672,Balanced,Balanced Weapon,9.804151811594204,15.670658949275364,88.84311282608697,2181.3912086956525,6.151979420289855,5.4369659782608695,2.0491189492753623,Soft-Speed Separation,0,pitch_type_specific,Sinker
"Andueza, Axel",672847.0,DOW_EAS1,Changeup,R,26,24,57.95585749094735,56.47158419546518,57.5105755023027,86.42736960179472,49.382353692718496,48.78685412392495,48.76612450925407,8.128221809584204,61.76717116686023,89.06337633202467,196,24,Command/Deception Weapon,243,33,11,1.376934203922005,Balanced,Balanced Weapon,5.481494310344828,11.386706120689654,82.30545,2118.8341535344825,5.2129481034482765,6.042291034482759,0.9805797413793104,Tight High-Spin Breakers,1,pitch_type_specific,Changeup
"Grounds, Jackson",805984.0,DOW_EAS1,Sinker,L,75,26,57.02915549040404,43.92166056654281,53.09690701324566,70.27481772293886,44.96999790391246,33.390461244954736,4.795288839035334,8.126909109333205,61.76527077967763,89.00729108244532,197,29,Command/Deception Weapon,531,45,21,0.8061196786982023,Balanced,Balanced Weapon,14.96062474137931,16.364435431034483,92.15568241379312,2138.778992241379,5.5015325,6.1603108620689655,1.9916941379310344,Soft-Speed Separation,0,pitch_type_specific,Sinker
"Good, Ty",688612.0,GAT_GRI,Changeup,L,59,10,70.70455773156127,43.394211959766416,62.51145400002281,94.67190128996072,54.401715448466526,66.30132242433504,93.55019629837352,8.109738551556283,61.740413080524625,88.95120583286595,198,25,Elite Weapon,96,12,8,,,,17.053787260273975,4.5409643835616444,77.92805821917808,1773.4053342465752,6.303647397260274,6.9294873972602735,-0.1818556164383561,Soft-Speed Separation,0,pitch_type_specific,Changeup
"Williams, Pierce",1000337420.0,NEW_ENG23,Four-Seam,R,240,89,56.616833197904526,58.97461450515813,57.324167590080606,85.64217610768368,49.21960633527057,48.21896649762804,45.51318003365115,8.104561254810037,61.732917943405845,88.8951205832866,199,44,Command/Deception Weapon,257,41,26,1.3269065829796745,Balanced,Balanced Weapon,16.353232514619883,-11.57029461988304,85.56984321637427,1916.4706763157888,6.156925438596492,5.955735877192982,-1.612762426900585,Soft-Speed Separation,0,pitch_type_specific,Four-Seam
"Dill, Austin",1000429156.0,TRI_VAL,Slider,R,62,20,60.67121465525247,65.70101101176891,62.1801535622074,94.39147504206392,54.081862254245536,65.18523258989481,91.53112731351656,8.098291307961865,61.72384098420149,88.83903533370724,200,59,Elite Weapon,101,55,43,,,,1.59681375,-3.645549027777778,79.30477763888888,2564.647165277778,4.9712025,6.152320138888888,1.66865875,Tight High-Spin Breakers,1,pitch_type_specific,Slider
"Bauer, Patrick",10998513.0,QUE_CAP,Curveball,R,77,30,57.18116097224935,53.6610712304422,56.1251340497072,81.71620863712845,48.04391326119107,44.11652477714513,26.275939427930457,8.081220788516127,61.6991281098569,88.78295008412788,201,30,Command/Deception Weapon,327,40,26,4.147515576382077,RHH,Balanced Weapon,-12.35305306569343,-14.479309854014598,70.4679094160584,2332.2914481751823,6.107858175182482,6.704482335766424,1.9438229197080288,Tight High-Spin Breakers,1,pitch_type_specific,Curveball
"Kostura, Brit",1000146015.0,WAS_WIL3,Curveball,L,54,38,60.7769712336687,43.29495422365133,55.53236613066348,79.64105440269209,47.45289844135532,42.05424856937194,18.98485698261357,8.07946768930816,61.69659016011391,88.72686483454851,202,31,Command/Deception Weapon,364,46,17,1.3735182298491324,Balanced,Balanced Weapon,-2.998129885057472,4.572767931034482,74.21201459770116,2169.1627287356323,5.353802298850575,5.052045977011495,-1.5669847126436782,Tight High-Spin Breakers,1,pitch_type_specific,Curveball
"Pierson, Kenny",1000055344.0,LAK_ERI24,Sinker,L,71,72,52.10747392337956,49.340458378309,51.27736925985839,60.01121704991588,43.199693925322165,27.21319520518336,0.9814918676388108,8.077675334536224,61.69399538035922,88.67077958496915,203,30,Command/Deception Weapon,714,68,34,0.130965419633334,Balanced,Balanced Weapon,0.3747343265306122,-17.712437714285713,80.96662942857142,1762.2413930612245,4.816517142857143,4.461803591836734,-3.1728633061224487,Tight High-Spin Breakers,1,pitch_type_specific,Sinker
"Brothers, Kellen",1000131959.0,SUS_COU1,Four-Seam,R,208,125,51.38659600962229,70.79974433192709,57.21054050631372,85.30566461020751,49.14748611350294,47.96731152645145,44.55973079080202,8.063054392810777,61.6728287429403,88.61469433538979,204,45,Command/Deception Weapon,263,43,28,1.7024294416817298,Balanced,Balanced Weapon,18.10970343820225,14.45062197752809,89.23876161797753,2350.4921186516854,6.437270471910113,5.997677685393259,2.7122014606741573,Soft-Speed Separation,0,pitch_type_specific,Four-Seam
"Langrell, Connor",815223.0,MIS_MUD,Curveball,R,79,26,59.0697055326724,54.05962764621888,57.56668216673634,86.59562535053281,49.52420633540961,49.28183211806887,52.07515423443634,8.042475831326733,61.64303730011021,88.55860908581043,205,32,Command/Deception Weapon,240,27,17,2.062942544106953,Balanced,Balanced Weapon,-15.832973397435898,-11.131300961538464,77.38620423076922,2744.321366025641,6.039879935897436,6.400580512820513,0.983724423076923,Tight High-Spin Breakers,1,pitch_type_specific,Curveball
"Whitesell, Max",1000223610.0,FLO_Y'A,Slider,R,126,53,56.535618296981085,75.77908033350919,62.30865690793951,94.55973079080202,54.27651183545984,65.86443924718785,92.90521592821088,8.032145072479665,61.62808153112594,88.50252383623108,206,60,Elite Weapon,98,53,42,10.193297105433906,RHH,Right-Handed Killer,6.262529213483146,-4.605104494382022,80.32417005617977,2066.0261382022472,6.319276292134831,5.04355,2.960118539325843,Tight High-Spin Breakers,1,pitch_type_specific,Slider
"Galva, Claudio",669996.0,GAT_GRI,Changeup,R,97,28,51.82358786171996,56.47563090489034,53.219200774671066,70.6674144699944,45.2094256205961,34.22591590197224,5.608524957936063,8.009775154074966,61.59569675312365,88.44643858665171,207,26,Command/Deception Weapon,524,66,26,,,,4.606066363636364,-13.419537818181816,84.40022063636364,1481.1554118181818,4.831474727272727,5.526515545454545,-1.120570909090909,Tight High-Spin Breakers,1,pitch_type_specific,Changeup
"Parsons, Billy",698892.0,SUS_COU1,Cutter,L,45,23,64.11802147098271,42.63547695634707,57.67325811659202,86.87605159842961,49.68582502384543,49.8457813875395,54.62703309029725,7.987433092746585,61.56335230362037,88.39035333707234,208,10,Command/Deception Weapon,235,13,6,,,,9.723403970588237,-2.8181848529411764,86.50463426470589,2563.0616588235293,5.554360147058823,5.775271323529412,1.312571323529412,Tight High-Spin Breakers,1,pitch_type_specific,Cutter
"Reeves, Cobe",802696.0,NEW_YOR13,Sinker,L,56,62,48.67218880086225,56.16607142924252,50.92035358937633,58.04823331463825,42.94274223216708,26.31659270799379,0.8693213684800897,7.9776113572092555,61.549133444203036,88.33426808749299,209,31,Command/Deception Weapon,749,76,38,-2.462958674229164,Balanced,Balanced Weapon,8.925711588785047,-15.150134439252335,90.25474939252337,1821.008714953271,6.018958878504673,6.066867523364485,-1.2802873364485985,Soft-Speed Separation,0,pitch_type_specific,Sinker
"Harper, Scott",1000241275.0,NEW_YOR13,Slider,L,50,40,72.75905596464109,48.03170882926043,65.34085182402688,97.36399326977003,57.36410620293391,76.63823406516869,99.69153112731352,7.976745621092974,61.547880123943784,88.27818283791363,210,61,Elite Weapon,48,28,8,5.4770449044030585,RHH,Right-Handed Killer,3.230245185185185,-16.689722962962964,79.69253358024692,2663.9512744855965,5.580717037037037,4.1311455144032925,1.8665411522633744,Tight High-Spin Breakers,1,pitch_type_specific,Slider
"Vailes, Gage",1000050773.0,GAT_GRI,Slider,R,254,106,57.19170381374656,73.53391456707979,62.09436703974652,94.27930454290522,54.12190013973802,65.32494004881039,91.95176668536176,7.972466900008506,61.54168584866985,88.22209758833426,211,62,Elite Weapon,103,57,45,10.438729444941352,RHH,Right-Handed Killer,5.830751256830601,-11.476517814207652,81.56861090163935,2556.160068032787,4.562169644808743,5.668892540983607,1.6607046994535517,Tight High-Spin Breakers,1,pitch_type_specific,Slider
"O'Hanlon, Michael",1000061333.0,WAS_WIL3,Slider,R,63,18,54.28754731674923,78.79841127782194,61.64080650507104,93.66236679753224,53.68940989958078,63.815816584498165,89.68031407739765,7.95139660549026,61.511182527286564,88.16601233875491,212,63,Elite Weapon,114,60,48,,,,3.240887435897436,-2.7057976923076925,83.60741320512821,2509.3060166666664,5.397548205128205,6.060092564102565,0.524961923076923,Tight High-Spin Breakers,1,pitch_type_specific,Slider
"Cook, Cole",1000161363.0,SCH_BOO,Slider,L,156,66,60.031976074105415,63.26205536808135,61.000999862298194,92.70891755468313,53.05502905885432,61.60221978355682,84.99719573752104,7.9459708034438705,61.50332763074301,88.10992708917554,213,64,Elite Weapon,131,68,16,-7.552694475456825,LHH,Reverse Split Weapon,3.051791618705036,4.635058525179856,79.28296758992806,2468.901785251798,5.097507589928057,5.760871294964029,-1.1671934532374102,Tight High-Spin Breakers,1,pitch_type_specific,Slider
"McEvoy, Aidan",1000079355.0,FLO_Y'A,Slider,R,44,33,71.92477001645264,36.87835174062345,61.41084453370388,93.21368480089735,53.47448559942181,63.0658636969998,88.41839596186203,7.936358934282069,61.48941259344333,88.05384183959617,214,65,Elite Weapon,122,63,50,-7.577831911758366,LHH,Reverse Split Weapon,6.3607206666666665,10.476191555555555,78.4255397037037,2222.9411725925925,6.0387901481481485,4.762526444444444,-2.786225407407408,Tight High-Spin Breakers,1,pitch_type_specific,Slider
"Cameron, Zach",1000084075.0,WIN_CIT29,Slider,R,121,72,60.41672531995539,63.840888945223526,61.44397440753583,93.26977005047672,53.51126105216568,63.19418728327611,88.86707795849692,7.932713355370154,61.48413491376582,87.99775659001683,215,66,Elite Weapon,121,62,49,8.004215074618124,RHH,Right-Handed Killer,6.911058350515464,-1.8931019587628863,81.83997335051546,2363.3132350515466,5.430999742268041,5.313644639175258,1.4611829896907216,Tight High-Spin Breakers,1,pitch_type_specific,Slider
"Turner, Eric",1000080978.0,JOL_SLA,Sinker,R,53,39,55.45907212030669,56.01874070551587,55.62697269586944,80.2019068984857,47.713110262370414,42.96222689656498,21.845204711160964,7.913862433499027,61.456844562996956,87.94167134043747,216,32,Command/Deception Weapon,354,24,12,3.11461822253537,RHH,Balanced Weapon,14.94052477876106,16.07555778761062,88.22916292035397,2318.032217699116,5.090602566371681,5.753434955752212,2.512415486725664,Soft-Speed Separation,0,pitch_type_specific,Sinker
"Hocom, Quinn",1000152021.0,TRI_VAL,Curveball,L,48,27,59.78542816553021,51.202295956877215,57.21048850293431,85.24957936062816,49.32864688693767,48.59945058675463,47.8687605159843,7.881841615996642,61.41048824432353,87.8855860908581,217,33,Command/Deception Weapon,264,33,11,-0.7034859048939097,Balanced,Balanced Weapon,-12.91895275,-11.347695083333331,77.124274,2375.884075,5.479291333333333,6.05531575,2.1773933333333333,Tight High-Spin Breakers,1,pitch_type_specific,Curveball
"Hensey, Rob",802996.0,SUS_COU1,Changeup,L,57,68,55.59815668665414,52.12702907535259,54.55681840326368,75.99551318003364,46.70101830497381,39.43065189410112,13.039820527201346,7.855800098289869,61.37278811710271,87.82950084127874,218,27,Command/Deception Weapon,429,56,34,-2.090468961535564,Balanced,Balanced Weapon,6.405061275862069,-15.908259068965515,84.09562641379311,1697.8380803448276,6.118994103448276,5.679818517241379,-2.531147137931035,Soft-Speed Separation,0,pitch_type_specific,Changeup
"Zaffiro, Cole",10994263.0,SCH_BOO,Four-Seam,L,194,120,58.033644444595765,55.94989089382822,57.408518379365496,85.92260235558048,49.61826989802603,49.61005577793604,53.98205272013461,7.790248481339468,61.27788948921213,87.77341559169939,219,46,Command/Deception Weapon,252,39,14,1.3181939456776846,Balanced,Balanced Weapon,17.73304825,8.679932590909091,90.79685245454546,2159.6290011363635,6.133131204545455,5.7921491590909095,1.0653988409090909,Soft-Speed Separation,0,pitch_type_specific,Four-Seam
"Villers, Ian",677351.0,QUE_CAP,Splitter,R,25,20,65.15515529700599,44.62156549526124,58.99507835648256,89.51205832865956,51.21645596424172,55.18673674994147,72.82669657879978,7.778622392240841,61.26105847947475,87.71733034212002,220,6,Elite Weapon,188,3,1,0.907880553208166,Balanced,Balanced Weapon,7.53466078125,11.53408984375,83.1173184375,1085.56345953125,5.9820428125,6.5333834375,1.1023403125,Soft-Speed Separation,0,pooled_fixed_effects,Pooled
"Hagan, Jack",699522.0,DOW_EAS1,Four-Seam,R,55,27,54.75005951394645,57.00480377953728,55.42648279362369,79.30454290521592,47.65652198257598,42.76476879713643,21.17218171620864,7.76996081104771,61.248519167573214,87.66124509254067,221,47,Command/Deception Weapon,370,78,47,0.7806314172247681,Balanced,Balanced Weapon,13.47295357142857,12.920455816326532,91.6257418367347,2391.6913306122447,6.013047653061225,5.809120408163266,1.9628189795918367,Soft-Speed Separation,0,pitch_type_specific,Four-Seam
"Lefebvre, Charles",1000429097.0,TRO_AIG,Curveball,R,60,29,58.484546402271,54.47303030657957,57.281091573563565,85.53000560852496,49.51763580072257,49.25890501556205,51.73864273696018,7.763455772840992,61.23910186821566,87.6051598429613,222,34,Command/Deception Weapon,259,32,22,3.5331281431148795,RHH,Balanced Weapon,-9.332323387096777,-8.908598548387097,77.36243129032258,2478.6603725806453,6.111624596774194,6.423389112903227,0.924952258064516,Tight High-Spin Breakers,1,pitch_type_specific,Curveball
"Wehrle, Tyler",806332.0,WIN_CIT29,Four-Seam,R,220,104,53.504406593649406,63.840302905819,56.60517548730028,83.11833987661245,48.84735407919197,46.92003634353456,39.1755468311834,7.757821408108306,61.230945036896436,87.54907459338193,223,48,Command/Deception Weapon,302,52,34,0.2317171400666993,Balanced,Balanced Weapon,16.28912585858586,12.972237373737377,91.83674717171718,2340.1935762626263,5.684095151515152,5.774400782828283,1.554570227272727,Soft-Speed Separation,0,pitch_type_specific,Four-Seam
"Morgan, Marcus",808861.0,JOL_SLA,Cutter,L,40,15,61.04682714923906,42.57352574302163,55.50483672737383,79.52888390353337,47.79370755546495,43.24346160402286,22.71452607964105,7.71112917190888,61.163349005637265,87.49298934380259,224,11,Command/Deception Weapon,366,15,7,,,,6.424274920634921,-3.117789523809524,86.91703031746032,2670.242895238095,5.755002857142857,5.297790793650794,2.68132507936508,Tight High-Spin Breakers,1,pitch_type_specific,Cutter
"Westcott, Zac",686170.0,FLO_Y'A,Four-Seam,R,207,122,53.25071519161939,58.42297537016354,54.80239324518263,77.11721817162086,47.09502049001953,40.80547584903385,16.2366797532249,7.7073727551630995,61.15791086678511,87.43690409422322,225,49,Command/Deception Weapon,409,89,51,3.514252203638968,RHH,Balanced Weapon,16.477388523076925,14.460538953846154,83.39890763076923,2099.361166153846,5.902737046153846,5.932613384615385,1.8108055692307687,Soft-Speed Separation,0,pitch_type_specific,Four-Seam
"Long, Maddox",1000248716.0,WAS_WIL3,Slider,R,137,45,58.83340560761585,72.71107909365404,62.99670765342731,95.51318003365114,55.30088071747816,69.4388531239104,97.39203589455973,7.69582693594915,61.141196063211225,87.38081884464385,226,67,Elite Weapon,81,47,36,9.42012310112959,RHH,Right-Handed Killer,2.8225514666666665,-8.621003333333334,82.76038799999999,2597.513281777778,5.5207641333333335,5.857793066666667,1.5228258222222222,Tight High-Spin Breakers,1,pitch_type_specific,Slider
"Odonnell, Brendan",1000423478.0,NEW_ENG23,Sinker,R,92,27,63.13800603614763,43.284960490757285,57.182092372530526,85.13740886146944,49.50919127870871,49.229438856253154,51.28996074032529,7.672901093821814,61.108006478234756,87.3247335950645,227,33,Command/Deception Weapon,266,20,11,1.8581535333956936,Balanced,Balanced Weapon,8.056913185185184,-11.819851333333334,90.11421659259258,2344.1287703703706,6.885873925925926,5.514966148148148,-1.850757851851852,Soft-Speed Separation,0,pitch_type_specific,Sinker
"Vail, Tyler",592821.0,NEW_YOR13,Curveball,R,168,23,58.24726906711732,49.48127053176467,55.617469506511526,80.14582164890633,47.95415936349539,43.80333918253661,24.28491306786315,7.663310143016133,61.094121724296286,87.26864834548513,228,35,Command/Deception Weapon,355,44,29,,,,-2.9037023529411767,-5.452625721925134,74.843638342246,2223.9554962566845,5.725680053475936,5.388945614973262,1.456092727272727,Tight High-Spin Breakers,1,pitch_type_specific,Curveball
"Anderson, Colt",1000568252.0,WAS_WIL3,Four-Seam,R,175,110,59.84733887680856,44.28983313976647,55.18008715569593,78.46326416152552,47.53638349371704,42.34555977073592,19.994391475042065,7.64370366197889,61.065737555686,87.21256309590578,229,50,Command/Deception Weapon,385,82,49,-2.1441498425614824,Balanced,Balanced Weapon,11.703439523809523,-7.121992285714285,88.92470634920635,2052.3081974603174,6.717060730158731,5.915318126984127,-2.3717501904761904,Soft-Speed Separation,0,pitch_type_specific,Four-Seam
"Long, Maddox",1000248716.0,WAS_WIL3,Sinker,L,168,84,55.85049889415664,46.032177037378666,52.90500233712324,68.92877173303421,45.279542760351646,34.470581355733884,6.253505328098711,7.625459576771597,61.03932571820835,87.15647784632642,230,34,Command/Deception Weapon,555,49,23,1.579410716795806,Balanced,Balanced Weapon,7.072164771929824,16.644123649122808,89.94795028070176,2181.739884912281,5.888958315789473,5.664510210526316,1.6430663859649122,Soft-Speed Separation,0,pitch_type_specific,Sinker
"Vail, Tyler",592821.0,NEW_YOR13,Sinker,R,42,13,52.39729134223621,51.6350776922339,52.16862724723552,64.61020751542344,44.56898265407758,31.991166031141784,3.4772854739203587,7.59964459315794,61.00195354284604,87.10039259674706,231,35,Command/Deception Weapon,632,57,29,,,,7.642600333333333,13.733835166666667,87.800861,2040.3023183333328,5.934957499999999,5.3282265,1.53097,Soft-Speed Separation,0,pitch_type_specific,Sinker
"Eckaus, David",824671.0,EVA_OTT,Slider,L,138,36,58.7162653481716,67.20361357690427,61.26246981679141,92.8771733034212,53.67149812488256,63.75331556834867,89.59618620302861,7.590971691908848,60.98939784297684,87.04430734716769,232,68,Elite Weapon,128,66,15,-7.575357163333336,LHH,Reverse Split Weapon,1.9378478240740744,4.879380416666667,82.33015208333333,2603.551234722222,5.543872268518519,5.527885462962963,-1.482646712962963,Tight High-Spin Breakers,1,pitch_type_specific,Slider
"Wiltse, Ryan",813813.0,EVA_OTT,Changeup,L,137,56,67.35793177535845,49.56070807811526,62.01876466618549,94.05496354458778,54.46901115795925,66.5361428313946,94.3073471676949,7.549753508226239,60.92972656013754,86.98822209758833,233,28,Elite Weapon,107,15,11,0.819914552998597,Balanced,Balanced Weapon,13.58136613861386,10.19300792079208,78.14277831683168,1834.3729138613865,6.295004900990099,6.33221599009901,1.2799272277227722,Soft-Speed Separation,0,pitch_type_specific,Changeup
"Wehrle, Tyler",806332.0,WIN_CIT29,Four-Seam,L,176,104,53.504406593649406,63.06791243893001,56.37345834723358,82.3331463825014,48.84735407919197,46.92003634353456,39.1755468311834,7.526104268041607,60.8954897167371,86.93213684800898,234,51,Command/Deception Weapon,316,58,23,0.2317171400666993,Balanced,Balanced Weapon,16.28912585858586,12.972237373737377,91.83674717171718,2340.1935762626263,5.684095151515152,5.774400782828283,1.554570227272727,Soft-Speed Separation,0,pitch_type_specific,Four-Seam
"De Jesus, Larry",692356.0,DOW_EAS1,Four-Seam,R,41,33,53.25925313986796,63.18543801545171,56.23710860254308,82.16489063376332,48.71146641349931,46.44587243007178,36.09085810431856,7.525642189043772,60.894820768129705,86.87605159842961,235,52,Command/Deception Weapon,319,60,36,4.068011157870465,RHH,Balanced Weapon,16.755798144329898,12.39903,89.668863814433,2407.2815288659795,5.245855257731959,5.715880515463918,2.0161919587628865,Soft-Speed Separation,0,pitch_type_specific,Four-Seam
"Benitez, Jorge",1000561771.0,NEW_JER6,Slider,L,85,13,64.5296532754436,54.63249007056677,61.56050431398055,93.49411104879415,54.06664294058987,65.13212659762979,91.47504206393718,7.493861373390679,60.848811898493366,86.81996634885026,236,69,Elite Weapon,117,61,13,,,,4.215977592592592,15.468673888888889,79.58778851851851,2662.9532009259256,5.770963518518518,5.155022314814814,-3.030027962962963,Tight High-Spin Breakers,1,pitch_type_specific,Slider
"Tokar, Heitor",677573.0,OTT_TIT,Changeup,L,47,28,63.854683709433246,45.11528245612968,58.23286333344217,88.27818283791363,50.73911592824297,53.521115235524285,67.16208637128436,7.493747405199201,60.848646907521406,86.76388109927089,237,29,Elite Weapon,210,29,19,-2.553961803455387,Balanced,Balanced Weapon,9.478816375,13.17268375,82.144070375,1402.7874125,6.06730525,6.672358125,2.429772,Soft-Speed Separation,0,pitch_type_specific,Changeup
"Lovell, Justin",822485.0,WIN_CIT29,Sinker,L,106,49,61.779223631023314,46.71412746775359,57.2596947820424,85.4739203589456,49.783869752428096,50.18789685447452,55.60852495793607,7.475825029614306,60.8227008068656,86.70779584969152,238,36,Elite Weapon,260,19,9,-1.7060001929855204,Balanced,Balanced Weapon,12.50270224043716,-15.073140546448087,93.25641404371584,2232.6964792349727,6.25228043715847,5.168744043715847,-2.7548171584699457,Soft-Speed Separation,0,pitch_type_specific,Sinker
"Sechrist, Zander",801415.0,WAS_WIL3,Curveball,R,84,55,53.65271989858766,52.16959810536339,53.20778336062038,70.61132922041503,45.73196489668515,36.04925481080866,8.160403813796972,7.475818463935234,60.82269130177687,86.65171060011218,239,36,Command/Deception Weapon,525,67,40,2.60479501484717,Balanced,Balanced Weapon,2.086195549132948,7.591160751445087,67.68531583815029,1859.3878971098263,5.334255549132948,4.938591791907514,-2.7180284971098265,Tight High-Spin Breakers,1,pitch_type_specific,Curveball
"Long, Maddox",1000248716.0,WAS_WIL3,Four-Seam,L,85,61,56.6797145070814,50.705592766405935,54.88747798487876,77.39764441951766,47.44190316794858,42.01588186521555,18.87268648345485,7.445574816930176,60.77890778068755,86.59562535053281,240,53,Command/Deception Weapon,404,87,37,-2.804161944426099,Balanced,Balanced Weapon,12.722390387096777,9.408594,91.65430348387098,2343.304667741936,6.125293935483871,5.970117612903226,1.3270565161290322,Soft-Speed Separation,0,pitch_type_specific,Four-Seam
"Earwood, Micah",1000112366.0,SUS_COU1,Changeup,R,199,30,63.25084183611207,51.91211563734679,59.84922397648248,90.63376332024676,52.41844880659226,59.380948396583584,80.7627593942793,7.430775169890218,60.75748243280606,86.53954010095345,241,30,Elite Weapon,168,26,10,,,,8.555680601851853,5.542016527777777,79.13166685185186,1842.611478564815,6.192668888888888,5.508734861111111,0.7080574074074074,Soft-Speed Separation,0,pitch_type_specific,Changeup
"Vailes, Gage",1000050773.0,GAT_GRI,Sinker,R,262,178,48.81733619661578,52.38937264499202,49.888947131128646,52.94447560291643,42.47383169452512,24.680384929613723,0.4206393718452047,7.415115436603529,60.734811943942844,86.48345485137409,242,37,Command/Deception Weapon,840,92,48,4.180196392841928,RHH,Balanced Weapon,7.520274450867053,16.196351464354528,89.89710631984586,1955.006711753372,4.990543853564547,5.73653485549133,1.560382620423892,Soft-Speed Separation,0,pitch_type_specific,Sinker
"Eisenbarger, Jack",1000570067.0,QUE_CAP,Changeup,L,45,41,60.54893643800568,61.38384170285844,60.79940801746151,92.54066180594504,53.4248072029918,62.892516817091774,87.74537296690971,7.374600814469709,60.6761592023497,86.42736960179472,243,31,Elite Weapon,134,20,14,-3.874506859252797,LHH,Balanced Weapon,14.302184052863437,-14.516045594713656,78.61982850220264,2316.0195876651983,5.9211210572687225,5.944517841409692,-1.7211874889867842,Tight High-Spin Breakers,1,pitch_type_specific,Changeup
"Cerda, Junior",693702.0,EVA_OTT,Four-Seam,R,60,34,52.23098065786798,65.55394896833837,56.2278711510091,82.10880538418395,48.86539810467515,46.98299883313296,39.28771733034212,7.362473046333946,60.65860191529865,86.37128435221537,244,54,Command/Deception Weapon,320,61,37,8.133900218268096,RHH,Right-Handed Killer,15.308221515151516,15.68508143939394,93.2337612878788,2229.684534848485,5.522660681818182,5.187690151515152,1.994460833333333,Soft-Speed Separation,0,pitch_type_specific,Four-Seam
"Grounds, Jackson",805984.0,TRO_AIG,Four-Seam,R,71,28,53.85669119700888,59.53615960401683,55.56053171911127,79.92148065058889,48.20529349543705,44.67964198896535,28.855860908581043,7.35523822367422,60.648128111975694,86.31519910263602,245,55,Command/Deception Weapon,359,75,45,4.870253104085506,RHH,Balanced Weapon,14.794461680672269,11.338694957983192,92.34799537815124,2221.2683058823527,5.926716806722689,6.091813613445378,1.708645714285714,Soft-Speed Separation,0,pitch_type_specific,Four-Seam
"Maietta, Dante",1000137704.0,WIN_CIT29,Changeup,L,193,70,61.47484809248376,63.93402960345372,62.21260254577474,94.4475602916433,54.86424378909084,67.91526028219693,95.48513740886146,7.348358756683901,60.63816875462691,86.25911385305665,246,32,Elite Weapon,100,13,9,-5.14788970550191,LHH,Left-Handed Killer,15.345352636363636,13.894521787878787,77.74703315151514,1871.0163581818183,6.306961545454545,6.366413727272727,1.234851272727273,Soft-Speed Separation,0,pitch_type_specific,Changeup
"Shears, Tanner",808632.0,SCH_BOO,Four-Seam,L,114,55,59.44429908747333,49.15673144378438,56.358028794366646,82.27706113292204,49.03234897955161,47.56555413558768,42.26023555804823,7.3256798148150395,60.60533660546736,86.20302860347728,247,56,Command/Deception Weapon,317,59,24,2.353056452824724,Balanced,Balanced Weapon,16.788537263157895,12.376654385964912,92.15531596491228,2029.604095087719,5.195683415492958,5.825071087719298,2.444748,Soft-Speed Separation,0,pitch_type_specific,Four-Seam
"Plumadore, Carson",1000207816.0,WIN_CIT29,Sinker,R,66,48,61.39398872350922,51.378880511165086,58.38945625980598,88.50252383623108,51.065013207704666,54.658295189486616,70.91979809310152,7.324443052101316,60.60354615253853,86.14694335389792,248,38,Elite Weapon,206,14,8,1.5408690319578326,Balanced,Balanced Weapon,13.86848175,18.40472675,87.26505882716049,2380.7651172839505,5.8243649382716045,4.703621728395062,3.983187469135802,Soft-Speed Separation,0,pitch_type_specific,Sinker
"Scafidi, Christian",690280.0,LAK_ERI24,Curveball,R,36,12,61.19245233147285,48.30560474776539,57.3263980563606,85.7543466068424,50.02837858706343,51.04108147072312,59.8149186763881,7.298019469297174,60.565292912287205,86.09085810431857,249,37,Elite Weapon,255,30,20,3.1009692331972047,RHH,Balanced Weapon,-6.872953278688525,-2.796024426229508,77.66586409836066,2245.834295081967,5.794509180327869,6.422081147540983,1.0652075409836066,Tight High-Spin Breakers,1,pitch_type_specific,Curveball
"Kemlage, Joe",703240.0,NEW_ENG23,Four-Seam,L,25,19,57.77096293622214,53.27971186667096,56.42358761535678,82.55748738081884,49.12705097441864,47.89600552917068,44.11104879416713,7.296536640938143,60.563146231805234,86.0347728547392,250,57,Command/Deception Weapon,312,55,20,7.41537698740354,RHH,Right-Handed Killer,12.809419433962264,-8.71753962264151,92.05896603773586,2447.149220754717,6.0355473584905655,5.434008867924528,-1.972065849056604,Soft-Speed Separation,0,pitch_type_specific,Four-Seam
"Fowler, Dalton",687096.0,SUS_COU1,Four-Seam,L,43,20,52.666502067298026,65.17839910668503,56.42007117911412,82.50140213123949,49.1245188526408,47.88716999015821,43.886707795849695,7.29555232647332,60.56172124648114,85.97868760515985,251,58,Command/Deception Weapon,313,56,21,-10.596789331362118,LHH,Left-Handed Killer,14.637967640449435,-10.859139101123596,92.19468202247192,2106.6310078651686,5.569549325842696,6.606794719101123,-1.419548426966292,Soft-Speed Separation,0,pitch_type_specific,Four-Seam
"Gregory, Ben",833406.0,GAT_GRI,Curveball,R,33,16,55.75587413003391,54.44977759616026,55.36404516987181,79.13628715647785,48.08622831603111,44.26417814876698,26.892877173303415,7.277816853840697,60.53604572395208,85.92260235558048,252,38,Command/Deception Weapon,373,48,30,2.066101667514076,Balanced,Balanced Weapon,-6.992838870967742,-5.972258870967742,77.84054387096775,2285.146591935484,6.129918387096774,5.830825483870968,2.0777420967741933,Tight High-Spin Breakers,1,pitch_type_specific,Curveball
"Joven, Art",1000048892.0,MIS_MUD,Sinker,L,139,102,50.42226384170177,50.99481679660995,50.59402972817422,56.47784632641615,43.33575204294654,27.687953890471704,1.2058328659562534,7.258277685227682,60.50775900307835,85.86651710600111,253,39,Command/Deception Weapon,777,78,39,-2.0634790476355604,Balanced,Balanced Weapon,7.013915796344647,-15.298982140992166,83.61251365535249,1788.8536733681462,5.145206788511749,5.10202725848564,-2.155408015665796,Tight High-Spin Breakers,1,pitch_type_specific,Sinker
"Burcham, Jacob",1000122547.0,GAT_GRI,Changeup,L,76,28,55.83841729099187,59.02401511724268,56.7940966388671,83.79136287156477,49.58710474552947,49.501308669829456,53.19685922602355,7.20699189333763,60.43351291263743,85.81043185642176,254,33,Command/Deception Weapon,290,41,27,-4.346411684686942,LHH,Balanced Weapon,3.352382372881356,17.859976016949155,83.45568254237288,1905.9719381355933,6.178184322033898,4.73182779661017,3.3136025423728817,Soft-Speed Separation,0,pitch_type_specific,Changeup
"McKillican, Adam",1000570064.0,QUE_CAP,Changeup,L,37,23,54.79848485924442,58.31393534624469,55.85312000534449,80.7627593942793,48.66590387148501,46.28688733662205,34.74481211441391,7.187216133859486,60.404883680785076,85.7543466068424,255,34,Command/Deception Weapon,344,49,30,-3.533246722756246,LHH,Balanced Weapon,10.266131714285716,13.061906,85.51391328571428,1713.7797785714286,6.787187714285714,5.9040927142857145,1.6324174285714286,Soft-Speed Separation,0,pitch_type_specific,Changeup
"Simone, Andrew",1000132681.0,TRO_AIG,Changeup,L,91,29,52.7811841627767,56.82846365044535,53.99536800907729,73.6399326977005,46.81495132402699,39.82820766865589,13.460459899046551,7.180416685050297,60.395040165210276,85.69826135726304,256,35,Command/Deception Weapon,471,61,37,,,,9.824721111111112,12.956444351851852,85.31317648148149,1681.228713888889,5.943232962962963,5.28128537037037,0.8261733333333333,Soft-Speed Separation,0,pitch_type_specific,Changeup
"Hocom, Quinn",1000152021.0,TRI_VAL,Curveball,R,72,27,59.78542816553021,48.85734294056416,56.5070025980404,82.95008412787436,49.32864688693767,48.59945058675463,47.8687605159843,7.178355711102732,60.39205650731073,85.64217610768368,257,39,Command/Deception Weapon,305,38,24,-0.7034859048939097,Balanced,Balanced Weapon,-12.91895275,-11.347695083333331,77.124274,2375.884075,5.479291333333333,6.05531575,2.1773933333333333,Tight High-Spin Breakers,1,pitch_type_specific,Curveball
"Henderson, Drew",1000429021.0,DOW_EAS1,Sinker,R,50,40,55.23745704830026,48.03785477426598,53.07757636608997,70.16264722378016,45.91359907373988,36.68304575696892,8.609085810431855,7.16397729235009,60.37124096874218,85.58609085810431,258,40,Command/Deception Weapon,533,46,25,0.7519383576733958,Balanced,Balanced Weapon,16.069333034482757,15.499405655172415,88.96000848275862,2218.161484137931,5.577595655172414,5.967620827586207,1.3202244827586207,Soft-Speed Separation,0,pitch_type_specific,Sinker
"Shears, Tanner",808632.0,SCH_BOO,Sinker,R,50,15,47.82506399195816,58.52564652854802,51.03523875293512,58.496915311273135,43.87801042622932,29.58010028812112,2.131239484015704,7.157228326705805,60.36147053730022,85.53000560852496,259,41,Command/Deception Weapon,741,73,37,,,,12.899401538461538,14.607693846153843,92.64516523076922,1949.9674030769231,5.322902769230769,5.7747790769230765,2.424784307692308,Soft-Speed Separation,0,pitch_type_specific,Sinker
"Campbell, Tyler",809429.0,MIS_MUD,Changeup,R,113,37,65.62096054612563,51.11556967623553,61.2693432851586,92.93325855300056,54.11459531608858,65.29945073194621,91.7274256870443,7.154747969070016,60.35787974050123,85.4739203589456,260,36,Elite Weapon,127,19,6,3.0048888441588417,RHH,Balanced Weapon,11.415185144927536,-8.0886915942029,74.66492840579711,1850.970095652174,6.32425268115942,4.672256739130435,-2.4673460144927533,Tight High-Spin Breakers,1,pitch_type_specific,Changeup
"Jones, Breyln",690202.0,NEW_JER6,Slider,R,62,36,56.30988948024404,64.85857604812972,58.87449545060974,89.23163208076275,51.7389846036512,57.01003854334446,76.24789680314078,7.135510846958546,60.33003029028365,85.41783510936624,261,70,Elite Weapon,193,94,69,5.944925033645831,RHH,Right-Handed Killer,8.150232692307693,-0.5716352884615385,86.09056903846155,2073.246207692308,5.859145673076923,5.698140480769231,1.573452596153846,Soft-Speed Separation,0,pitch_type_specific,Slider
"Salata, Derek",1000057774.0,SCH_BOO,Curveball,L,56,31,63.105887706905975,42.42629667339053,56.90201039685134,83.95961862030286,49.79556588034842,50.22870910743945,56.00112170499158,7.106444516502918,60.287951162317356,85.36174985978687,262,40,Elite Weapon,287,36,13,4.83263287401337,RHH,Balanced Weapon,-12.607784812834224,-12.201576256684492,74.05520363636364,2570.812860962567,5.54550679144385,6.273645187165776,1.0809435294117646,Tight High-Spin Breakers,1,pitch_type_specific,Curveball
"Kowalski, Benjamin",834996.0,WAS_WIL3,Changeup,L,41,16,56.00739594161029,61.256130904623326,57.5820164305142,86.70779584969152,50.49091458463947,52.65504604661108,64.04935501962984,7.091101845874732,60.265739682898115,85.30566461020751,263,37,Elite Weapon,238,32,22,,,,4.669470588235294,11.139840980392156,80.73951333333333,1315.3603588235294,5.868128823529411,5.558725490196078,2.5911456862745097,Soft-Speed Separation,0,pitch_type_specific,Changeup
"Hopewell, Chase",803045.0,FLO_Y'A,Four-Seam,R,156,90,53.65007108632781,60.09411067044282,55.58328296156232,80.03365114974763,48.550911672552665,45.885635679339416,33.00616937745373,7.032371289009653,60.1807158570791,85.24957936062816,264,59,Command/Deception Weapon,357,74,44,3.6026396070544067,RHH,Balanced Weapon,16.4105384,11.182410866666668,92.43692483333334,2210.5426976666668,6.5397534,6.6894754,0.8802102666666667,Soft-Speed Separation,0,pitch_type_specific,Four-Seam
"Hoeymans, Jack",1000184889.0,GAT_GRI,Sinker,R,35,18,50.14040596524132,57.73968989539272,52.42019114428674,66.01233875490746,45.40673662610793,34.91440928410424,6.982613572630399,7.013454518178811,60.153330177221264,85.19349411104879,265,42,Command/Deception Weapon,607,54,28,3.6294546930898193,RHH,Balanced Weapon,7.36031803030303,15.077851818181818,89.42637727272728,2157.4701924242427,6.318393181818182,5.686797272727273,2.1683143939393936,Soft-Speed Separation,0,pitch_type_specific,Sinker
"Hagan, Jack",699522.0,DOW_EAS1,Four-Seam,L,43,27,54.75005951394645,54.40269905545471,54.64585137639892,76.27593942793045,47.65652198257598,42.76476879713643,21.17218171620864,6.989329393822942,60.11840439955823,85.13740886146944,266,60,Command/Deception Weapon,424,95,42,0.7806314172247681,Balanced,Balanced Weapon,13.47295357142857,12.920455816326532,91.6257418367347,2391.6913306122447,6.013047653061225,5.809120408163266,1.9628189795918367,Soft-Speed Separation,0,pitch_type_specific,Four-Seam
"Morgan, Cooper",692707.0,QUE_CAP,Slider,L,49,27,61.12191789691647,58.003934360897794,60.18652283611087,91.25070106561977,53.20225050936642,62.11593159665375,86.37128435221537,6.9842723267444455,60.11108331810782,85.08132361189007,267,71,Elite Weapon,157,75,19,,,,3.104787972972973,10.668096486486483,78.95798932432432,2473.1443905405404,5.48686554054054,4.815818378378379,-4.000991756756757,Tight High-Spin Breakers,1,pitch_type_specific,Slider
"Hensey, Rob",802996.0,SUS_COU1,Sinker,L,173,179,54.48857243665065,54.679026422039605,54.545708632267335,75.9394279304543,47.56325684409901,42.43933114373007,20.49915872125631,6.982451788168326,60.108447736852426,85.02523836231072,268,43,Command/Deception Weapon,430,32,17,-3.9944614973598433,LHH,Balanced Weapon,13.453833242718446,-15.956270349514565,91.66656980582523,2144.0736149514564,6.224332330097087,5.782045281553398,-2.438503145631068,Soft-Speed Separation,0,pitch_type_specific,Sinker
"Langhorne, Miles",695680.0,SUS_COU1,Slider,R,31,14,58.93516971766448,62.7206522083119,60.0708144648587,91.08244531688166,53.100119945892246,61.7595590928343,85.33370723499719,6.970694518966454,60.09142681857604,84.96915311273135,269,72,Elite Weapon,160,78,59,4.35459674197422,RHH,Balanced Weapon,0.0200218032786885,-3.07087,86.8480781967213,2486.6170918032785,5.895105081967213,5.775641639344262,1.883611147540984,Tight High-Spin Breakers,1,pitch_type_specific,Slider
"Fauci, Sonny",688649.0,NEW_JER6,Sinker,L,86,39,55.83848208510456,49.07019229663217,53.80799514856284,73.24733595064498,46.88919173177751,40.08726077768253,14.1054402692092,6.91880341678533,60.01630442456332,84.913067863152,270,44,Command/Deception Weapon,478,38,19,-0.7968380929049417,Balanced,Balanced Weapon,14.360195081967213,15.929244672131148,92.73405155737704,2227.009709836065,6.54197368852459,5.852990245901639,2.0548827049180325,Soft-Speed Separation,0,pitch_type_specific,Sinker
"Ortiz, Julio",683650.0,GAT_GRI,Four-Seam,R,199,93,58.47952048400266,53.72900725482626,57.05436651524974,84.52047111609646,50.14162231839682,51.4362320574262,62.05832865956253,6.91274419685292,60.00753253327485,84.85698261357263,271,61,Elite Weapon,277,46,29,2.4378942121502547,Balanced,Balanced Weapon,18.16253161953728,8.397394550128535,95.46143593830334,2184.2959421593832,6.129130719794345,6.607959640102827,1.3486904627249356,Soft-Speed Separation,0,pitch_type_specific,Four-Seam
"Moore, Kyle",1000517760.0,SCH_BOO,Four-Seam,L,114,84,54.67537491800847,55.84467360370614,55.02616452371777,77.9024116657319,48.12027537481273,44.38298132749184,27.678070667414477,6.90588914890504,59.99760852720692,84.80089736399327,272,62,Command/Deception Weapon,395,84,35,-0.4649539918737986,Balanced,Balanced Weapon,17.86704088669951,14.085125221674875,88.23435783251232,2166.947087192118,4.705460591133004,6.365815763546799,1.896402906403941,Soft-Speed Separation,0,pitch_type_specific,Four-Seam
"Lockhart, Gauge",840803.0,LAK_ERI24,Cutter,L,74,37,62.605526566984366,38.67315179240536,55.42581413461066,79.24845765563657,48.53240118703113,45.82104553268961,32.725743129556925,6.8934129475795345,59.979546815808206,84.74481211441392,273,12,Command/Deception Weapon,371,16,8,2.4643137505368102,Balanced,Balanced Weapon,5.865042297297297,-0.6465708108108108,86.48435554054053,2081.1143574324324,6.220868986486487,5.815515945945946,1.707449527027027,Soft-Speed Separation,0,pitch_type_specific,Cutter
"Kelly, Aiden",1000062337.0,TRI_VAL,Sinker,L,51,18,51.98019055529559,57.48157850089672,53.63060693897592,72.5182277061133,46.74456830730828,39.58261446872454,13.264161525518787,6.886038631667645,59.96887106905738,84.68872686483455,274,45,Command/Deception Weapon,491,41,20,-0.4111155883346598,Balanced,Balanced Weapon,9.288065897435898,13.787190128205127,88.7635514102564,2221.402273076923,5.90378,5.490166153846154,1.9768889743589744,Soft-Speed Separation,0,pitch_type_specific,Sinker
"Leach, Landon",667743.0,TRO_AIG,Sinker,R,60,29,43.43027236087523,63.75135954136573,49.52659851502238,50.98149186763881,42.64064961881243,25.262476316735704,0.532809871003926,6.885948896209946,59.9687411596485,84.63264161525518,275,46,Command/Deception Weapon,875,99,50,5.878196405355176,RHH,Right-Handed Killer,9.388307634408603,11.448822365591395,91.56413795698926,1912.633583870968,5.686315913978494,5.8693555913978495,1.3292332258064516,Soft-Speed Separation,0,pitch_type_specific,Sinker
"Villers, Ian",677351.0,QUE_CAP,Splitter,L,39,20,65.15515529700599,41.59529698456734,58.08719780327439,88.10992708917554,51.21645596424172,55.18673674994147,72.82669657879978,6.870741839032675,59.94672600689539,84.57655636567583,276,7,Elite Weapon,213,5,3,0.907880553208166,Balanced,Balanced Weapon,7.53466078125,11.53408984375,83.1173184375,1085.56345953125,5.9820428125,6.5333834375,1.1023403125,Soft-Speed Separation,0,pooled_fixed_effects,Pooled
"Blair, Davis",836357.0,DOW_EAS1,Slider,R,61,19,51.13782506332043,76.66108522324622,58.794803111298165,89.06337633202467,51.92562072967903,57.66128319796262,77.65002804262478,6.869182381619133,59.94446839105487,84.52047111609646,277,73,Elite Weapon,196,95,70,10.711385622266327,RHH,Right-Handed Killer,3.5963564646464645,-5.853289090909091,81.92703404040404,2145.676063131313,5.11264797979798,5.611588080808081,0.9594122222222222,Tight High-Spin Breakers,1,pitch_type_specific,Slider
"Hill, Kaleb",1000371973.0,OTT_TIT,Curveball,R,132,68,61.21472237140424,43.98147165040176,56.04474715510349,81.49186763881099,49.18657427982676,48.103705052822725,45.120583286595625,6.858172875276729,59.92853000396005,84.4643858665171,278,41,Command/Deception Weapon,331,42,27,0.4340382507120282,Balanced,Balanced Weapon,-4.185553828996283,13.161749516728625,73.37041992565057,2160.661239033457,5.348565539033458,5.985318029739776,-3.173889219330855,Tight High-Spin Breakers,1,pitch_type_specific,Curveball
"Jones, Breyln",690202.0,NEW_JER6,Four-Seam,L,34,16,53.0807294015204,57.17130934480191,54.30790338450485,74.76163768928772,47.45748078134447,42.07023810198326,19.209197980931016,6.850422603160375,59.91730998798124,84.40830061693775,279,63,Command/Deception Weapon,451,105,45,-2.3247032534257244,Balanced,Balanced Weapon,13.419927833333333,6.132457666666666,88.86618766666668,1990.1695816666663,5.887975666666667,5.808589,1.3377656666666666,Soft-Speed Separation,0,pitch_type_specific,Four-Seam
"Johnson, Preston",699980.0,MIS_MUD,Four-Seam,R,28,34,50.03977415180952,76.72334740342828,58.044846127295145,87.94167134043747,51.205224541319005,55.14754603002114,72.71452607964105,6.83962158597614,59.90167342921592,84.35221536735838,280,64,Elite Weapon,216,31,21,7.2798295236267165,RHH,Right-Handed Killer,20.290158295454543,6.92373840909091,92.15110443181818,2368.1672693181818,6.333238977272727,6.025896022727273,2.3214998863636365,Soft-Speed Separation,0,pitch_type_specific,Four-Seam
"Barraza, Chris",696511.0,MIS_MUD,Slider,L,25,24,64.24138772055635,46.644696312125824,58.96238029802719,89.4559730790802,52.131217648377614,58.37868929268866,78.93998878295008,6.831162649649578,59.88942748490288,84.29613011777903,281,74,Elite Weapon,189,92,25,8.429276755565162,RHH,Right-Handed Killer,3.572824512195122,-3.213696219512196,84.07897792682927,2316.5041829268293,5.273830243902439,5.974720365853659,2.2953363414634147,Tight High-Spin Breakers,1,pitch_type_specific,Slider
"Hensey, Rob",802996.0,SUS_COU1,Four-Seam,R,158,68,63.03107938980048,45.234595441250434,57.69213420523547,86.98822209758833,50.86435801176837,53.95813265098972,68.17162086371285,6.827776193467102,59.884524935429965,84.24004486819966,282,65,Elite Weapon,233,35,25,0.5663157829651269,Balanced,Balanced Weapon,16.503283333333332,-13.943401646090535,92.15997300411524,2200.6661769547327,6.185861604938271,5.783974773662552,-2.436410041152264,Soft-Speed Separation,0,pitch_type_specific,Four-Seam
"Lodes, Jett",699630.0,FLO_Y'A,Slider,R,57,18,58.20545616224979,66.51452147779051,60.69817575691199,92.37240605720696,53.91740688065296,64.61138504357662,90.63376332024676,6.780768876259032,59.81647276354779,84.1839596186203,283,75,Elite Weapon,137,70,54,,,,1.1710094871794872,-6.3276708974358975,81.01197115384616,2544.212647435897,5.157147692307692,4.732865641025641,1.0143388461538465,Tight High-Spin Breakers,1,pitch_type_specific,Slider
"Williams, Pierce",1000337420.0,NEW_ENG23,Four-Seam,L,102,89,56.616833197904526,54.55159256189256,55.99726100710093,81.15535614133483,49.21960633527057,48.21896649762804,45.51318003365115,6.777654671830362,59.81196435107835,84.12787436904094,284,66,Command/Deception Weapon,337,66,26,1.3269065829796745,Balanced,Balanced Weapon,16.353232514619883,-11.57029461988304,85.56984321637427,1916.4706763157888,6.156925438596492,5.955735877192982,-1.612762426900585,Soft-Speed Separation,0,pitch_type_specific,Four-Seam
"Hughes, Grif",835627.0,EVA_OTT,Four-Seam,R,27,16,52.59067024968859,68.09954302926238,57.24333208356073,85.36174985978687,50.46852593881488,52.57692351895408,63.85305664610208,6.7748061447458525,59.807840557884454,84.07178911946158,285,67,Elite Weapon,262,42,27,0.74372657844998,Balanced,Balanced Weapon,17.667540877192984,-12.864936315789476,87.95006333333333,2418.976752631579,6.380288947368421,6.128095964912281,-1.2041142105263158,Soft-Speed Separation,0,pitch_type_specific,Four-Seam
"Nova, Fraynel",805843.0,LAK_ERI24,Slider,R,174,79,52.4672480687943,78.86403839788917,60.38628516752276,91.64329781267526,53.6237694426862,63.58677198531423,89.37184520471116,6.762515724836554,59.79004780097238,84.01570386988222,286,76,Elite Weapon,150,72,55,12.38881242891005,RHH,Right-Handed Killer,-0.6788191176470588,-6.921539438502673,80.7468900802139,2288.221609358289,5.593282005347594,5.77443050802139,1.406990267379679,Tight High-Spin Breakers,1,pitch_type_specific,Slider
"Andueza, Axel",672847.0,DOW_EAS1,Changeup,L,90,24,57.95585749094735,51.88180351572516,56.133641298380695,81.82837913628715,49.382353692718496,48.78685412392495,48.76612450925407,6.751287605662199,59.77379292957471,83.95961862030286,287,38,Command/Deception Weapon,325,45,29,1.376934203922005,Balanced,Balanced Weapon,5.481494310344828,11.386706120689654,82.30545,2118.8341535344825,5.2129481034482765,6.042291034482759,0.9805797413793104,Tight High-Spin Breakers,1,pitch_type_specific,Changeup
"Anglin, Mack",683084.0,WAS_WIL3,Four-Seam,R,36,17,52.24740181635355,64.85849023139842,56.03072834086701,81.37969713965228,49.28319450214474,48.44084987388069,46.859226023555806,6.747533838722269,59.76835862682837,83.90353337072351,288,68,Command/Deception Weapon,333,65,40,2.7143066605064305,Balanced,Balanced Weapon,16.0538275,9.353857368421052,94.09248315789472,2418.4187065789474,6.080832105263158,6.1384625,1.4020315789473683,Soft-Speed Separation,0,pitch_type_specific,Four-Seam
"Almanzar, Elian",687038.0,DOW_EAS1,Four-Seam,L,82,23,53.9230533169419,61.21746200948458,56.1113759247047,81.66012338754908,49.377350382214665,48.769395664566815,48.65395401009535,6.734025542490038,59.74880275868635,83.84744812114414,289,69,Command/Deception Weapon,328,63,25,-0.2058758218736471,Balanced,Balanced Weapon,15.980507755102042,3.676556802721088,95.13262544217687,2279.442606802721,6.178857823129252,6.750843741496598,0.8258653741496599,Soft-Speed Separation,0,pitch_type_specific,Four-Seam
"Barker, Alex",1000106691.0,NEW_YOR13,Changeup,R,185,47,54.15210944301339,53.48968675547784,53.95338263675272,73.47167694896243,47.23104047258078,41.28010146653655,17.21817162086371,6.722342164171941,59.73188881173745,83.79136287156477,290,39,Command/Deception Weapon,474,63,25,,,,5.290102751322752,-12.00821074074074,82.7223883068783,1542.1078772486774,6.07419925925926,5.929529788359788,-2.5531003703703705,Soft-Speed Separation,0,pitch_type_specific,Changeup
"Widener, Jacob",683179.0,SUS_COU1,Four-Seam,L,70,42,54.509375653023646,55.02827865302253,54.66504655302331,76.3320246775098,47.9575909329366,43.81531323763032,24.481211441390915,6.707455620086712,59.71033766359736,83.73527762198542,291,70,Command/Deception Weapon,423,94,41,-3.3714334958075867,LHH,Balanced Weapon,10.098941184210526,-7.348917565789474,88.90884901315789,2358.6156217105263,6.671701250000001,4.306776381578947,-4.018049539473684,Soft-Speed Separation,0,pitch_type_specific,Four-Seam
"Vail, Tyler",592821.0,NEW_YOR13,Slider,R,189,47,58.44841455398567,64.01032602448322,60.11698799513493,91.19461581604038,53.432529465112026,62.91946273605393,87.96971396522714,6.684458530022901,59.67704493347015,83.67919237240605,292,77,Elite Weapon,158,76,57,6.655962178646725,RHH,Right-Handed Killer,0.8006903041825095,-1.407429733840304,80.65125996197719,2271.107466159696,5.907616235741445,5.282499771863118,1.7310264638783268,Tight High-Spin Breakers,1,pitch_type_specific,Slider
"Marynczak, Arlo",837346.0,TRI_VAL,Changeup,L,159,48,56.91290390740931,60.076465901385646,57.86197250560221,87.43690409422322,51.18200729489302,55.06653219871379,72.60235558048234,6.679965210709192,59.670539985806265,83.6231071228267,293,40,Elite Weapon,225,30,20,-5.200525553207179,LHH,Left-Handed Killer,6.8472458,13.2430464,81.7482634,1679.0946485,6.28516645,5.91715585,2.4707109,Soft-Speed Separation,0,pitch_type_specific,Changeup
"Scott, Brandon",1000138331.0,LAK_ERI24,Slider,L,70,41,58.89088884450877,61.47862513002595,59.66720973016392,90.2972518227706,52.98737222481924,61.366139275182135,84.43634324172743,6.679837505344679,59.67035510762278,83.56702187324734,294,78,Elite Weapon,174,85,20,-4.038819636775301,LHH,Balanced Weapon,-0.3362480405405404,6.764234797297298,77.91278668918919,2400.684742567568,5.413931418918919,5.509008243243243,-1.814019391891892,Tight High-Spin Breakers,1,pitch_type_specific,Slider
"Perez, Kelvin",692487.0,WAS_WIL3,Four-Seam,R,67,50,53.37757215245845,56.70490642144219,54.37577243315357,75.26640493550197,47.74050400731159,43.05781412473243,22.181716208637127,6.6352684258419785,59.60583275580417,83.51093662366797,295,71,Command/Deception Weapon,442,102,59,1.7837459158333004,Balanced,Balanced Weapon,15.063085430463577,11.23553238410596,88.84227397350993,2065.3138880794704,6.174842516556291,5.947947086092715,1.290865761589404,Soft-Speed Separation,0,pitch_type_specific,Four-Seam
"Kines, Gunnar",665129.0,JOL_SLA,Four-Seam,R,392,227,54.47331550086814,61.4898094039055,56.57826367177934,83.0622546270331,49.967602539816006,50.829010652810815,58.58104318564218,6.610661131963333,59.57020894461809,83.4548513740886,296,72,Elite Weapon,303,53,35,0.864614292993231,Balanced,Balanced Weapon,17.509923690140845,-12.535646464788732,86.2593434084507,2237.621741971831,5.85562210155148,6.058445816901409,-0.9414264929577464,Soft-Speed Separation,0,pitch_type_specific,Four-Seam
"Soto, Carlos",666728.0,JOL_SLA,Splitter,L,46,15,61.874866376569706,44.58904540191169,56.689120084172295,83.51093662366797,50.10978996651472,51.3251568360939,61.44139091418956,6.579330117657577,59.524851249318424,83.39876612450925,297,8,Elite Weapon,295,10,6,-1.5563542287325944,Balanced,Balanced Weapon,3.796835492957747,5.630489295774648,80.67299098591549,988.7202176056338,5.098649014084507,5.425103802816901,2.044174366197183,Tight High-Spin Breakers,1,pooled_fixed_effects,Pooled
"Cohn, Cooper",1000301881.0,NIU_HUS,Slider,R,27,12,58.51521295531189,72.08638807138242,62.58656549013304,94.95232753785754,56.01164357056473,71.91897590948926,98.40157038698824,6.574921919568311,59.518469531069464,83.3426808749299,298,79,Elite Weapon,91,50,39,10.706910739928496,RHH,Right-Handed Killer,-1.2188149206349206,-13.693016031746032,78.92597190476191,2533.865233333333,5.400379047619047,5.697465555555556,0.9187114285714284,Tight High-Spin Breakers,1,pitch_type_specific,Slider
"Vilchez, Michael",699074.0,OTT_TIT,Four-Seam,R,150,74,56.134993013438944,55.31023532246083,55.88756570614551,80.87492989343804,49.34090188640529,48.6422129557852,48.20527201346046,6.546663819740218,59.47756047305934,83.28659562535053,299,73,Command/Deception Weapon,342,70,42,3.4253260528962173,RHH,Balanced Weapon,16.318599732142857,9.570913616071428,93.600628125,2263.055646875,6.1788178125,5.989576205357143,1.065914017857143,Soft-Speed Separation,0,pitch_type_specific,Four-Seam
"Earwood, Micah",1000112366.0,SUS_COU1,Curveball,R,162,40,58.15446524969601,50.973983798972135,56.00032081447884,81.21144139091419,49.45520397057746,49.04105653935668,50.0,6.545116843901383,59.47532092670923,83.23051037577117,300,42,Command/Deception Weapon,336,43,28,2.557739059000248,Balanced,Balanced Weapon,-3.3137506410256408,-4.749653461538462,75.38488576923076,2353.8313952991457,5.554180213675213,5.618887393162392,1.43026594017094,Tight High-Spin Breakers,1,pitch_type_specific,Curveball
"Brouwer, Adam",10998502.0,LAK_ERI24,Four-Seam,R,137,119,55.56575520615212,59.07057412099311,56.617200880604415,83.23051037577117,50.07668433555931,51.209638658255926,60.99270891755468,6.540516545045108,59.46866110549266,83.1744251261918,301,74,Elite Weapon,300,51,33,4.02215064542272,RHH,Balanced Weapon,19.29641007575757,10.454826931818182,90.5760731439394,2260.7728799242423,5.881494166666666,5.921604204545455,1.7540235606060608,Soft-Speed Separation,0,pitch_type_specific,Four-Seam
"Hagan, Jack",699522.0,DOW_EAS1,Changeup,L,49,15,60.57516850766783,38.89899602490466,54.07231676283888,73.92035894559731,47.53435180732891,42.33847044173896,19.910263600673023,6.53796495550997,59.464967186759765,83.11833987661245,302,41,Command/Deception Weapon,466,60,36,,,,5.986911153846155,17.342475384615383,85.81723807692308,1975.0098884615384,5.961253461538462,5.4420925,2.1616865384615385,Soft-Speed Separation,0,pitch_type_specific,Changeup
"Almanzar, Elian",687038.0,DOW_EAS1,Four-Seam,R,65,23,53.9230533169419,60.53120926990577,55.905500102831056,80.98710039259674,49.377350382214665,48.769395664566815,48.65395401009535,6.5281497206163905,59.45075773827996,83.0622546270331,303,75,Command/Deception Weapon,340,68,41,-0.2058758218736471,Balanced,Balanced Weapon,15.980507755102042,3.676556802721088,95.13262544217687,2279.442606802721,6.178857823129252,6.750843741496598,0.8258653741496599,Soft-Speed Separation,0,pitch_type_specific,Four-Seam
"Garcia, Andrew",1000190083.0,EVA_OTT,Slider,R,150,40,57.69770539613858,64.5927444476985,59.76621711160655,90.52159282108806,53.24011555354627,62.24805718318317,86.56758272574314,6.526101558060283,59.44779262734427,83.00616937745373,304,80,Elite Weapon,170,83,64,6.717936359348734,RHH,Right-Handed Killer,2.190588678414097,-7.195437136563876,82.23062114537444,2337.8379991189427,5.377475418502203,5.299277709251101,1.9560762114537444,Tight High-Spin Breakers,1,pitch_type_specific,Slider
"Kelly, Colin",1000456530.0,SUS_COU1,Four-Seam,L,33,30,58.37184074727418,49.2226994167553,55.62709834811851,80.25799214806506,49.11369219401878,47.84939164732057,43.49411104879417,6.513406154099727,59.42941357778879,82.95008412787436,305,76,Command/Deception Weapon,353,73,30,3.823341222528626,RHH,Balanced Weapon,17.424607926829268,10.589698536585368,90.58819756097562,1989.660214634146,5.939912195121952,6.085924146341463,2.4805775609756098,Soft-Speed Separation,0,pitch_type_specific,Four-Seam
"Gilleran, Jimmy",10103730.0,NEW_ENG23,Sinker,R,121,97,50.63447936580822,52.17366625024151,51.09623543113821,58.94559730790802,44.59372885695665,32.07751497488641,3.5614133482894004,6.5025065741815595,59.41363433042712,82.89399887829501,306,47,Command/Deception Weapon,733,70,35,2.4158569888226182,Balanced,Balanced Weapon,11.620934377104378,15.881054444444445,87.66731265993266,2088.6827744107745,5.548459292929293,5.555530875420875,1.1642647138047135,Soft-Speed Separation,0,pitch_type_specific,Sinker
"Kelly, Aiden",1000062337.0,TRI_VAL,Sinker,R,27,18,51.98019055529559,56.11119320644785,53.21949135064126,70.72349971957375,46.74456830730828,39.58261446872454,13.264161525518787,6.474923043332986,59.37370184131876,82.83791362871564,307,48,Command/Deception Weapon,523,44,24,-0.4111155883346598,Balanced,Balanced Weapon,9.288065897435898,13.787190128205127,88.7635514102564,2221.402273076923,5.90378,5.490166153846154,1.9768889743589744,Soft-Speed Separation,0,pitch_type_specific,Sinker
"Bice, Emmett",828456.0,NEW_YOR13,Slider,R,157,98,56.455859535815904,68.0070086586128,59.92120427265497,90.80201906898483,53.46519384184582,63.03344120955238,88.30622546270331,6.456010430809151,59.34632218141356,82.78182837913629,308,81,Elite Weapon,165,80,61,8.765993058607926,RHH,Right-Handed Killer,2.103521847133758,-2.4949273248407646,82.91882468152866,2371.7109668789813,5.697560095541402,6.025204140127388,1.500562388535032,Tight High-Spin Breakers,1,pitch_type_specific,Slider
"Moore, Kyle",1000517760.0,SCH_BOO,Four-Seam,R,89,84,54.67537491800847,54.2948269641268,54.56121053184397,76.05159842961301,48.12027537481273,44.38298132749184,27.678070667414477,6.440935157031241,59.32449781058712,82.72574312955693,309,77,Command/Deception Weapon,428,98,55,-0.4649539918737986,Balanced,Balanced Weapon,17.86704088669951,14.085125221674875,88.23435783251232,2166.947087192118,4.705460591133004,6.365815763546799,1.896402906403941,Soft-Speed Separation,0,pitch_type_specific,Four-Seam
"Vega, Lucas",837223.0,TRO_AIG,Changeup,L,65,19,54.28428290417382,61.44019051319566,56.43105518688037,82.66965787997756,50.00445202399722,50.957592563018665,59.33819405496354,6.426603162883154,59.303749480601326,82.66965787997756,310,42,Elite Weapon,310,43,28,,,,8.626175,14.684891891891892,83.5608791891892,1967.1293283783784,6.237007162162162,5.175994594594594,2.4575221621621623,Soft-Speed Separation,0,pitch_type_specific,Changeup
"Hill, Kaleb",1000371973.0,OTT_TIT,Curveball,L,137,68,61.21472237140424,42.53467748136163,55.61070890439146,80.08973639932697,49.18657427982676,48.103705052822725,45.120583286595625,6.424134624564701,59.30017579454727,82.6135726303982,311,43,Command/Deception Weapon,356,45,16,0.4340382507120282,Balanced,Balanced Weapon,-4.185553828996283,13.161749516728625,73.37041992565057,2160.661239033457,5.348565539033458,5.985318029739776,-3.173889219330855,Tight High-Spin Breakers,1,pitch_type_specific,Curveball
"Henderson, Drew",1000429021.0,DOW_EAS1,Sinker,L,95,40,55.23745704830026,45.53139358202132,52.325638008416576,65.45148625911385,45.91359907373988,36.68304575696892,8.609085810431855,6.412038934676694,59.282664946956274,82.55748738081884,312,49,Command/Deception Weapon,617,55,27,0.7519383576733958,Balanced,Balanced Weapon,16.069333034482757,15.499405655172415,88.96000848275862,2218.161484137931,5.577595655172414,5.967620827586207,1.3202244827586207,Soft-Speed Separation,0,pitch_type_specific,Sinker
"Lockhart, Gauge",840803.0,LAK_ERI24,Sinker,R,34,22,45.29255772399185,58.02987184413045,49.11375196003343,48.51374088614694,42.71890227330362,25.53552968551099,0.6449803701626472,6.394849686729813,59.25778019017195,82.50140213123949,313,50,Command/Deception Weapon,919,106,54,3.8036024216456994,RHH,Balanced Weapon,9.52492746835443,14.793059620253166,89.12462253164557,1959.796896202532,6.223185443037974,5.905323544303798,1.7412384810126582,Soft-Speed Separation,0,pitch_type_specific,Sinker
"Barreto, Brayhans",810980.0,TRI_VAL,Cutter,L,33,16,72.36389438363517,39.780176668946666,62.58877906922862,95.0084127874369,56.20767004220792,72.60298706284041,98.59786876051598,6.381109027020699,59.23788793101238,82.44531688166012,314,13,Elite Weapon,90,5,2,,,,9.06686137254902,0.0815117647058823,83.46991725490196,1918.6406411764704,6.444008235294118,6.644671960784313,-1.9709964705882352,Soft-Speed Separation,0,pitch_type_specific,Cutter
"Barreto, Brayhans",810980.0,TRI_VAL,Changeup,L,31,27,60.91604093272002,49.46877981797237,57.48186259829572,86.25911385305665,51.11109659973549,54.819097727374015,71.98541783510936,6.3707659985602305,59.22291439939264,82.38923163208077,315,43,Elite Weapon,246,34,23,-0.8245489014393712,Balanced,Balanced Weapon,10.763371538461538,-12.894869153846155,81.09044084615385,1788.619413076923,6.163389538461538,6.958408153846154,-1.399656769230769,Soft-Speed Separation,0,pitch_type_specific,Changeup
"Perdomo, Rafael",1000557553.0,QUE_CAP,Slider,R,73,24,49.52276817442743,80.0,58.6659377220992,88.8951205832866,52.29689846342367,58.95681287180449,80.00560852495794,6.369039258675528,59.220414609861805,82.3331463825014,316,82,Elite Weapon,199,96,71,13.141099203790212,RHH,Right-Handed Killer,2.268450948275862,-0.3108729310344827,82.52568137931034,2197.611123275862,5.694401206896552,5.967406120689655,1.6324370689655172,Tight High-Spin Breakers,1,pitch_type_specific,Slider
"Brothers, Kellen",1000131959.0,SUS_COU1,Four-Seam,L,237,125,51.38659600962229,65.1249795263213,55.50811106463199,79.58496915311272,49.14748611350294,47.96731152645145,44.55973079080202,6.360624951129047,59.2082332743287,82.27706113292204,317,78,Command/Deception Weapon,365,77,31,1.7024294416817298,Balanced,Balanced Weapon,18.10970343820225,14.45062197752809,89.23876161797753,2350.4921186516854,6.437270471910113,5.997677685393259,2.7122014606741573,Soft-Speed Separation,0,pitch_type_specific,Four-Seam
"Wiltse, Ryan",813813.0,EVA_OTT,Curveball,L,109,20,58.55318134386664,41.367101492185306,53.39735738836224,71.62086371284352,47.04626192289431,40.635338604530574,15.395401009534492,6.351095465467928,59.194437503059966,82.22097588334269,318,44,Command/Deception Weapon,507,64,26,4.031214970209746,RHH,Balanced Weapon,-12.950391637426902,-4.1847003508771925,73.91435719298245,1930.015597076024,5.815191637426901,6.407919941520468,1.2282090643274854,Tight High-Spin Breakers,1,pitch_type_specific,Curveball
"Soto, Noel",1000195638.0,TRI_VAL,Four-Seam,R,33,28,52.73595525250629,64.16946694778152,56.16600876108885,81.94054963544588,49.81850449120598,50.30875067293531,56.22546270330903,6.347504269882869,59.18923855375309,82.16489063376332,319,79,Elite Weapon,323,62,38,4.106149119249096,RHH,Balanced Weapon,19.385374347826087,11.35266032608696,87.7839097826087,2096.501852173913,5.506398913043478,5.324571956521739,1.6084433695652174,Soft-Speed Separation,0,pitch_type_specific,Four-Seam
"Boies, Emiles",1000429129.0,QUE_CAP,Four-Seam,L,63,57,59.229040403796105,45.87986433012971,55.22428758169619,78.74369040942231,48.88822901628629,47.06266459486548,39.73639932697701,6.3360585654099,59.17266868560556,82.10880538418395,320,80,Command/Deception Weapon,380,81,33,-0.9364254292273984,Balanced,Balanced Weapon,16.896855782312926,8.006957891156462,87.85859299319729,2131.841687755102,6.142265714285714,5.615149387755102,1.2388373469387757,Soft-Speed Separation,0,pitch_type_specific,Four-Seam
"Widener, Jacob",683179.0,SUS_COU1,Sinker,R,105,53,64.04050501407652,42.10254225242808,57.459116185581976,86.09085810431857,51.1565728861036,54.97778184196338,72.3780145821649,6.302543299478373,59.124148864154066,82.0527201346046,321,51,Elite Weapon,249,18,10,-3.1491266676473515,LHH,Balanced Weapon,8.244251770833333,-10.970803229166668,88.72136104166667,2348.2086307291665,6.759080625,4.205846666666667,-4.40964375,Soft-Speed Separation,0,pitch_type_specific,Sinker
"Gregory, Ben",833406.0,GAT_GRI,Sinker,R,136,66,53.63655384912333,52.335880926809885,53.246351972429295,70.89175546831183,46.95190558402013,40.30609333659147,14.32978126752664,6.294446388409163,59.11242702133208,81.99663488502524,322,52,Command/Deception Weapon,520,43,23,0.2503692873091481,Balanced,Balanced Weapon,14.689477136563877,15.90617845814978,89.13032022026431,2259.711811894273,6.542401145374449,5.853679030837005,2.140367400881057,Soft-Speed Separation,0,pitch_type_specific,Sinker
"Dima, Josh",1000098214.0,GAT_GRI,Slider,L,94,34,57.33357045450483,59.53679326610764,57.99453729798567,87.77341559169939,51.709524153878014,56.90723979346807,76.13572630398205,6.285013144107658,59.09877057802196,81.94054963544588,323,83,Elite Weapon,219,102,26,-5.490650229883471,LHH,Reverse Split Weapon,2.612991958041958,2.06080937062937,82.04491321678321,1933.9387426573423,5.979903286713287,6.284517412587412,-0.8371357342657343,Tight High-Spin Breakers,1,pitch_type_specific,Slider
"Hensey, Rob",802996.0,SUS_COU1,Four-Seam,L,85,68,63.03107938980048,43.34687616470002,57.12581842227034,84.96915311273135,50.86435801176837,53.95813265098972,68.17162086371285,6.261460410501975,59.06467344653636,81.88446438586652,324,81,Elite Weapon,269,44,16,0.5663157829651269,Balanced,Balanced Weapon,16.503283333333332,-13.943401646090535,92.15997300411524,2200.6661769547327,6.185861604938271,5.783974773662552,-2.436410041152264,Soft-Speed Separation,0,pitch_type_specific,Four-Seam
"Webster, Evan",804248.0,FLO_Y'A,Cutter,L,104,32,70.28843638203662,41.97247062272349,61.79364665424268,93.83062254627032,55.56705818462083,70.36764786663143,97.72854739203588,6.226588469621852,59.014189576033075,81.82837913628715,325,14,Elite Weapon,111,7,4,-1.0295700118781426,Balanced,Balanced Weapon,5.690678609271523,-0.4841362251655629,84.50197284768211,2030.609334437086,6.9437746357615895,5.784073112582782,-2.6788621192052977,Soft-Speed Separation,0,pitch_type_specific,Cutter
"Garcia, Brett",702286.0,OTT_TIT,Curveball,L,69,26,62.12091593976562,37.9669433623278,54.87472416653427,77.34155916993831,48.65508567556446,46.24913852337879,34.464385866517105,6.219638490969814,59.00412813943348,81.77229388670779,326,45,Command/Deception Weapon,405,51,19,2.974374933976719,Balanced,Balanced Weapon,-17.487676666666665,-8.414685424836602,81.20720947712418,2161.685967973856,5.332997124183007,6.083155751633988,1.2061788235294115,Tight High-Spin Breakers,1,pitch_type_specific,Curveball
"Perez, Kelvin",692487.0,WAS_WIL3,Slider,R,168,61,52.49942604681793,77.13408762533953,59.8898245203744,90.68984856982614,53.71688243235048,63.9116787334608,89.8766124509254,6.172942088023916,58.93652607600392,81.71620863712845,327,84,Elite Weapon,167,82,63,10.509483497742444,RHH,Right-Handed Killer,5.062926952380953,-3.213747809523809,80.8725001904762,2169.364719523809,5.828186571428572,5.920842238095238,1.3258294285714285,Tight High-Spin Breakers,1,pitch_type_specific,Slider
"Castro, Alexander",669418.0,TRO_AIG,Sinker,L,40,19,51.91385800454314,53.65634872940202,52.43660522200079,66.06842400448683,46.26511017548404,37.90960210981399,11.048794167134044,6.171495046516753,58.93443120390283,81.66012338754908,328,53,Command/Deception Weapon,606,53,26,,,,15.795236315789474,16.932284736842107,93.35701877192984,2192.512861403509,5.259678421052632,5.928769298245614,2.0605849122807016,Soft-Speed Separation,0,pitch_type_specific,Sinker
"Majick, Eli",828663.0,NEW_ENG23,Cutter,L,34,41,70.76652747359486,41.24182953313896,61.90911809145809,93.9988782950084,55.74870590428579,71.00148606812597,98.12114413909144,6.160412187172298,58.91838662416823,81.60403813796971,329,15,Elite Weapon,108,6,3,2.253862133267525,Balanced,Balanced Weapon,5.849875726495727,-1.1025436752136752,83.05585256410257,2490.780148717949,5.710460427350427,5.646328034188034,-3.47457641025641,Tight High-Spin Breakers,1,pitch_type_specific,Cutter
"Leach, Landon",667743.0,TRO_AIG,Four-Seam,R,70,54,49.077164184251565,61.49644626472913,52.80294880839483,67.807066741447,46.64323994904062,39.22904116495158,12.254627033090298,6.159708859354211,58.91736842129241,81.54795288839036,330,82,Command/Deception Weapon,575,141,83,5.456822503721341,RHH,Right-Handed Killer,10.55249889423077,5.197363798076923,91.576919375,1971.0109735576923,5.659885384615384,5.911047788461539,1.338520576923077,Soft-Speed Separation,0,pitch_type_specific,Four-Seam
"Pindel, Buddie",1000054422.0,SCH_BOO,Splitter,R,35,32,63.58532683357448,43.16840167500581,57.46024928600387,86.14694335389792,51.30150469874929,55.48350423493437,73.44363432417275,6.158744587254581,58.91597245116344,81.49186763881099,331,9,Elite Weapon,248,8,4,0.5946953360166205,Balanced,Balanced Weapon,5.2844794791666665,7.202741041666666,80.3509025,1118.6003244791666,5.749205104166666,5.780495729166667,2.2605875,Soft-Speed Separation,0,pooled_fixed_effects,Pooled
"Vailes, Gage",1000050773.0,GAT_GRI,Changeup,L,168,57,52.52496473343125,53.177462747723794,52.72071413771901,67.58272574312956,46.57964859791864,39.00714667764338,12.030286034772857,6.1410655398003655,58.890378614979554,81.43578238923163,332,44,Command/Deception Weapon,579,71,42,-0.9475693161935368,Balanced,Balanced Weapon,6.108948102564103,11.54201082051282,85.60033461538461,1883.2351066666668,5.124081846153846,5.697475333333333,1.6093364615384615,Soft-Speed Separation,0,pitch_type_specific,Changeup
"Widener, Jacob",683179.0,SUS_COU1,Slider,L,61,14,63.35368255832808,56.61590478310786,61.33234922576201,93.04542905215928,55.197744943832205,69.07897305826427,96.9994391475042,6.1346042819298034,58.88102469611547,81.37969713965228,333,85,Elite Weapon,125,65,14,-1.0863508907598742,Balanced,Balanced Weapon,3.311959108910892,16.689723465346535,80.30359089108912,2865.0974653465346,6.067032574257426,4.203644257425743,-4.454785544554455,Tight High-Spin Breakers,1,pitch_type_specific,Slider
"Daly, Ryan",831333.0,JOL_SLA,Four-Seam,R,338,208,53.80770842346184,56.12616117213239,54.503244248063,75.77117218171621,48.37038649906481,45.25571446976365,30.650588895120585,6.132857748998191,58.87849625232588,81.32361189007291,334,83,Command/Deception Weapon,433,99,56,2.235653958634672,Balanced,Balanced Weapon,14.734516201438849,13.53090712230216,90.4011362589928,2207.631893669065,6.798547798561151,5.384400287769784,2.125271251798561,Soft-Speed Separation,0,pitch_type_specific,Four-Seam
"Fauci, Sonny",688649.0,NEW_JER6,Sinker,R,36,39,55.83848208510456,46.414065320282376,53.0111570556579,69.6578799775659,46.88919173177751,40.08726077768253,14.1054402692092,6.121965323880389,58.862727362919806,81.26752664049354,335,54,Command/Deception Weapon,542,47,26,-0.7968380929049417,Balanced,Balanced Weapon,14.360195081967213,15.929244672131148,92.73405155737704,2227.009709836065,6.54197368852459,5.852990245901639,2.0548827049180325,Soft-Speed Separation,0,pitch_type_specific,Sinker
"Milburn, Isaac",830926.0,FLO_Y'A,Sinker,L,58,50,55.566764158415296,44.683340427391215,52.30173703910807,65.22714526079642,46.179960215174006,37.61248140937366,10.459899046550756,6.121776823934063,58.86245447283569,81.21144139091419,336,55,Command/Deception Weapon,621,56,28,-0.6845476039540443,Balanced,Balanced Weapon,10.043796861313869,-13.097894525547446,88.23810715328467,2092.0978693430657,5.475740437956204,5.732343211678832,-1.7431069343065693,Soft-Speed Separation,0,pitch_type_specific,Sinker
"Majick, Eli",828663.0,NEW_ENG23,Curveball,R,45,17,55.938232838957205,52.34939706112794,54.86158210560842,77.28547392035895,48.75286476729918,46.59032708199772,37.436904094223216,6.108717338309241,58.84354834474291,81.15535614133483,337,46,Command/Deception Weapon,406,52,33,2.7968859917915623,Balanced,Balanced Weapon,-0.965562,5.040149571428572,76.98630085714285,2207.3174742857145,5.510264428571428,5.526897857142857,-3.6216172857142857,Tight High-Spin Breakers,1,pitch_type_specific,Curveball
"Foster, Kobe",816330.0,WAS_WIL3,Slider,L,124,39,61.73370225985843,54.18142943183668,59.4680204114519,90.12899607403251,53.37044726730576,62.70283426048081,87.1845204711161,6.097573144146146,58.82741497101052,81.09927089175547,338,86,Elite Weapon,177,87,21,-6.992560700482514,LHH,Reverse Split Weapon,5.232522684563759,5.242033825503356,78.41507657718121,2328.295377852349,5.347809194630873,5.983897382550336,-1.447556241610738,Tight High-Spin Breakers,1,pitch_type_specific,Slider
"Hensey, Rob",802996.0,SUS_COU1,Slider,L,84,33,61.87000509469015,56.56388731049698,60.2781697594322,91.47504206393718,54.19176459163378,65.56872377821632,92.40044868199664,6.086405167798425,58.811247167971956,81.04318564217611,339,87,Elite Weapon,153,73,18,-3.172204409542111,LHH,Balanced Weapon,5.059465044247788,-0.5098474336283185,82.80743575221238,2208.197291150442,6.201528141592921,5.627440707964602,-2.626804867256637,Soft-Speed Separation,0,pitch_type_specific,Slider
"Baird, Dustin",1000027580.0,MIS_MUD,Slider,R,34,10,61.43947138633636,63.8280207087705,62.1560361830666,94.33538979248458,56.07549515845383,72.14177846217117,98.54178351093664,6.080541024612764,58.80275768795663,80.98710039259674,340,88,Elite Weapon,102,56,44,,,,8.174804912280702,-9.034650350877191,81.25810350877194,2365.160880701754,5.868118596491228,6.392287894736842,1.968627719298245,Tight High-Spin Breakers,1,pitch_type_specific,Slider
"O'Dell, Casey",1000220727.0,JOL_SLA,Four-Seam,R,79,64,50.36158908715412,67.19192069594303,55.41068856979079,79.19237240605722,49.33411182545914,48.61851984240021,47.98093101514302,6.076576744331653,58.79701862648487,80.93101514301738,341,84,Command/Deception Weapon,372,79,48,5.774203713859464,RHH,Right-Handed Killer,17.341409235294115,9.141952882352944,90.89350164705884,2215.707778823529,6.046115823529412,5.944113941176471,1.299699588235294,Soft-Speed Separation,0,pitch_type_specific,Four-Seam
"Gregory, Ben",833406.0,GAT_GRI,Sinker,L,91,66,53.63655384912333,51.5013166357794,52.99598268512015,69.60179472798654,46.95190558402013,40.30609333659147,14.32978126752664,6.044077101100015,58.74996911507542,80.87492989343804,342,56,Command/Deception Weapon,543,48,22,0.2503692873091481,Balanced,Balanced Weapon,14.689477136563877,15.90617845814978,89.13032022026431,2259.711811894273,6.542401145374449,5.853679030837005,2.140367400881057,Soft-Speed Separation,0,pitch_type_specific,Sinker
"Cameron, Zach",1000084075.0,WIN_CIT29,Changeup,L,163,63,56.97044625065188,57.09069788968928,57.0065217423631,84.4643858665171,50.96970124680727,54.32571539169146,69.34941110487942,6.03682049555583,58.739463776819505,80.81884464385867,343,45,Elite Weapon,278,38,25,-2.476363430449105,Balanced,Balanced Weapon,7.6586246987951805,20.94079297188755,80.465780562249,2125.460191566265,5.558825983935743,5.05451156626506,1.7271308032128514,Soft-Speed Separation,0,pitch_type_specific,Changeup
"Pierson, Kenny",1000055344.0,LAK_ERI24,Slider,L,45,26,62.11656390015438,44.923258028646906,56.95857213870214,84.29613011777903,50.92493228866299,54.169499415155705,68.78855860908581,6.033639850039151,58.73485917804099,80.7627593942793,344,89,Elite Weapon,281,120,33,2.342746601486361,Balanced,Balanced Weapon,-1.0152304098360656,7.238248196721312,71.97918180327869,2051.660935245902,4.651263770491803,4.813371147540983,-2.9610688524590163,Tight High-Spin Breakers,1,pitch_type_specific,Slider
"Hughes, Grif",835627.0,EVA_OTT,Four-Seam,L,30,16,52.59067024968859,65.6204544344291,56.49960550511075,82.89399887829501,50.46852593881488,52.57692351895408,63.85305664610208,6.0310795662958725,58.73115267276239,80.70667414469995,345,85,Elite Weapon,306,54,19,0.74372657844998,Balanced,Balanced Weapon,17.667540877192984,-12.864936315789476,87.95006333333333,2418.976752631579,6.380288947368421,6.128095964912281,-1.2041142105263158,Soft-Speed Separation,0,pitch_type_specific,Four-Seam
"Kaminer, Brandon",690510.0,DOW_EAS1,Four-Seam,R,121,57,59.35163950369976,48.40514761225301,56.06769193626573,81.54795288839036,50.03907384191392,51.07840129566485,60.15143017386427,6.028618094351813,58.72758921665026,80.65058889512058,346,86,Elite Weapon,330,64,39,2.3917821600945643,Balanced,Balanced Weapon,18.059482432432432,-4.807482972972974,89.35872464864865,2364.501427567568,5.376486,6.120867675675675,-1.1812207027027029,Soft-Speed Separation,0,pitch_type_specific,Four-Seam
"McMahon, Chris",675657.0,LAK_ERI24,Four-Seam,R,49,21,57.74813085186465,43.766433908548976,53.553621768869945,72.34997195737522,47.525887964366255,42.30893686426781,19.854178351093665,6.02773380450369,58.72630903628021,80.59450364554122,347,87,Command/Deception Weapon,494,117,66,,,,13.873402028985506,9.742500289855071,88.18015449275363,2266.2422217391304,6.5427413043478255,5.735187536231884,1.5351131884057971,Soft-Speed Separation,0,pitch_type_specific,Four-Seam
"Harris, Ben",1000390130.0,GAT_GRI,Curveball,L,143,33,63.08398536844419,41.587656284850254,56.63508664336601,83.28659562535053,50.61051682968662,53.07238391374872,65.47952888390354,6.024569813679392,58.72172854838605,80.53841839596187,348,47,Elite Weapon,299,37,14,3.31720239571176,RHH,Balanced Weapon,-14.151547561728396,-6.975401635802469,77.48750669753086,2164.8731231481484,4.923337314814815,6.515376018518519,0.6032847839506172,Tight High-Spin Breakers,1,pitch_type_specific,Curveball
"Gilleran, Jimmy",10103730.0,NEW_ENG23,Slider,R,109,54,49.92109612654718,80.0,58.94476728858302,89.39988782950084,52.9495313547688,61.23409804141384,84.09983174425126,5.995235933814222,58.679262090967946,80.4823331463825,349,90,Elite Weapon,190,93,68,10.470797572666562,RHH,Right-Handed Killer,3.909953018867925,-3.2488343396226416,80.77322729559748,2247.352243396226,5.354633081761007,5.624758427672956,1.130277044025157,Tight High-Spin Breakers,1,pitch_type_specific,Slider
"Langrell, Connor",815223.0,MIS_MUD,Curveball,L,77,26,59.0697055326724,47.18315249919569,55.50373962262939,79.47279865395402,49.52420633540961,49.28183211806887,52.07515423443634,5.97953328721978,58.65652947680237,80.42624789680313,350,48,Command/Deception Weapon,367,47,18,2.062942544106953,Balanced,Balanced Weapon,-15.832973397435898,-11.131300961538464,77.38620423076922,2744.321366025641,6.039879935897436,6.400580512820513,0.983724423076923,Tight High-Spin Breakers,1,pitch_type_specific,Curveball
"Smith, Jackson",1000333915.0,MIS_MUD,Cutter,R,83,51,51.0338778887137,44.885983097239205,49.18950945127135,48.96242288278183,43.211620776393445,27.254812539254253,1.0936623667975325,5.977888674877903,58.65414858275403,80.37016264722378,351,16,Command/Deception Weapon,911,40,22,1.942594813944325,Balanced,Balanced Weapon,3.371126713286713,5.8448547552447545,82.17088503496504,2422.092079020979,5.092863706293706,4.206598111888112,4.074077412587413,Tight High-Spin Breakers,1,pitch_type_specific,Cutter
"Heredia-Bustos, Rolando",837343.0,DOW_EAS1,Slider,R,267,152,55.41769372521601,70.8985381452089,60.06194705121388,91.0263600673023,54.12501286366175,65.33580153023831,92.06393718452048,5.936934187552126,58.594859051328456,80.31407739764443,352,91,Elite Weapon,161,79,60,10.478197124821278,RHH,Right-Handed Killer,6.677663585746103,-3.89654434298441,78.51777966592428,2320.950694432071,5.257680935412027,5.485934966592428,1.6842910913140312,Tight High-Spin Breakers,1,pitch_type_specific,Slider
"Alpern, Liam",1000137537.0,FLO_Y'A,Four-Seam,L,86,68,53.82970143399343,64.33088772160873,56.98005732027802,84.40830061693775,51.06635634821062,54.66298191918637,71.03196859226023,5.913700972067403,58.56122448404303,80.25799214806506,353,88,Elite Weapon,279,47,18,-6.358821106591229,LHH,Left-Handed Killer,17.222483257575757,-12.715147651515151,89.05921640151514,2226.845839015152,6.035173863636364,5.039088825757576,-2.0425453409090912,Soft-Speed Separation,0,pitch_type_specific,Four-Seam
"Brothers, Kellen",1000131959.0,SUS_COU1,Curveball,R,43,19,55.2552708364031,47.21542316065968,52.84331653368008,68.0874929893438,46.97804520955644,40.39730446364682,14.834548513740886,5.86527132412364,58.491113213674765,80.2019068984857,354,49,Command/Deception Weapon,570,75,45,2.842066689691471,Balanced,Balanced Weapon,-14.84358,-12.90856,74.21156068376068,2240.435976068376,5.8406147008547,5.97098452991453,2.7734329059829057,Tight High-Spin Breakers,1,pitch_type_specific,Curveball
"Delaney, Carter",1000039247.0,WIN_CIT29,Four-Seam,R,92,52,53.27886457573274,58.90822215363191,54.96767184910249,77.67807066741447,49.10511708429544,47.81946981766764,43.15759955131801,5.862554764807044,58.48718046931663,80.14582164890633,355,89,Command/Deception Weapon,399,85,50,2.2889977618562085,Balanced,Balanced Weapon,17.8527373480663,9.499068453038674,89.05318093922652,2218.7472662983428,6.302993977900553,6.126104751381215,1.3231142541436465,Soft-Speed Separation,0,pitch_type_specific,Four-Seam
"Odonnell, Brendan",1000423478.0,NEW_ENG23,Sinker,L,43,27,63.13800603614763,37.09111537943832,55.32393883913483,78.85586090858105,49.50919127870871,49.229438856253154,51.28996074032529,5.81474756042612,58.417970306240605,80.08973639932697,356,57,Command/Deception Weapon,378,26,13,1.8581535333956936,Balanced,Balanced Weapon,8.056913185185184,-11.819851333333334,90.11421659259258,2344.1287703703706,6.885873925925926,5.514966148148148,-1.850757851851852,Soft-Speed Separation,0,pitch_type_specific,Sinker
"Long, Jalon",809215.0,NEW_YOR13,Curveball,R,31,13,53.759124336114205,59.09421368222701,55.35965113994804,79.08020190689848,49.54558816804765,49.35644149036901,52.41166573191251,5.814062971900391,58.416979232110265,80.03365114974763,357,50,Command/Deception Weapon,374,49,31,0.9913516863779464,Balanced,Balanced Weapon,-7.934523793103448,-3.446418103448276,75.68485379310344,2334.7706,5.521669137931035,5.9756065517241375,1.301101379310345,Tight High-Spin Breakers,1,pitch_type_specific,Curveball
"Plumadore, Carson",1000207816.0,WIN_CIT29,Sinker,L,96,48,61.39398872350922,46.242650404638994,56.84858722784815,83.84744812114414,51.065013207704666,54.658295189486616,70.91979809310152,5.783574020143483,58.37284058500806,79.97756590016826,358,58,Elite Weapon,289,21,10,1.5408690319578326,Balanced,Balanced Weapon,13.86848175,18.40472675,87.26505882716049,2380.7651172839505,5.8243649382716045,4.703621728395062,3.983187469135802,Soft-Speed Separation,0,pitch_type_specific,Sinker
"Carroll, Jake",1000088275.0,JOL_SLA,Curveball,L,47,15,51.08931145589924,56.62798694701665,52.750914103234464,67.75098149186763,46.96785880280556,40.36176020387532,14.722378014582166,5.783055300428906,58.37208963802211,79.92148065058889,359,51,Command/Deception Weapon,576,77,31,-9.35235974398902,LHH,Left-Handed Killer,-6.169631527777778,7.543053055555556,75.48692902777778,2018.1722888888887,6.20755125,6.167962361111112,-2.0975656944444445,Tight High-Spin Breakers,1,pitch_type_specific,Curveball
"Lovell, Justin",822485.0,WIN_CIT29,Sinker,R,77,49,61.779223631023314,41.027460157801855,55.55369458905688,79.86539540100954,49.783869752428096,50.18789685447452,55.60852495793607,5.769824836628786,58.3529359859934,79.86539540100954,360,59,Elite Weapon,360,25,13,-1.7060001929855204,Balanced,Balanced Weapon,12.50270224043716,-15.073140546448087,93.25641404371584,2232.6964792349727,6.25228043715847,5.168744043715847,-2.7548171584699457,Soft-Speed Separation,0,pitch_type_specific,Sinker
"Shinn, Nathan",1000490914.0,LAK_ERI24,Four-Seam,L,101,73,55.06340846168352,58.04182886412367,55.95693458241556,81.09927089175547,50.19067147603104,51.60738328309,62.3948401570387,5.766263106384521,58.34777969345903,79.80931015143017,361,90,Elite Weapon,338,67,27,-3.5088743300099523,LHH,Balanced Weapon,17.40977764,-9.48407284,89.0775906,1970.19583,5.88117904,5.802242000000001,-2.28558964,Soft-Speed Separation,0,pitch_type_specific,Four-Seam
"Hensey, Rob",802996.0,SUS_COU1,Changeup,R,233,68,55.59815668665414,45.1587992035674,52.46634944172811,66.40493550196298,46.70101830497381,39.43065189410112,13.039820527201346,5.765331136754305,58.34643048739429,79.75322490185081,362,46,Command/Deception Weapon,600,77,33,-2.090468961535564,Balanced,Balanced Weapon,6.405061275862069,-15.908259068965515,84.09562641379311,1697.8380803448276,6.118994103448276,5.679818517241379,-2.531147137931035,Soft-Speed Separation,0,pitch_type_specific,Changeup
"Morgan, Cooper",692707.0,QUE_CAP,Four-Seam,R,36,23,61.86635511353386,36.94433481428606,54.38974902375952,75.43466068424004,48.63604437028594,46.18269614406292,34.127874369040946,5.753704653473584,58.32959890700218,79.69713965227146,363,91,Command/Deception Weapon,439,100,57,-6.956321197469158,LHH,Left-Handed Killer,13.291768965517242,-8.409440344827587,87.52630091954023,2203.1354862068965,6.129696321839081,4.849182298850574,-4.077965747126437,Soft-Speed Separation,0,pitch_type_specific,Four-Seam
"Kines, Gunnar",665129.0,JOL_SLA,Four-Seam,L,318,227,54.47331550086814,58.60776176059472,55.71364937878611,80.59450364554122,49.967602539816006,50.829010652810815,58.58104318564218,5.746046838970102,58.31851274127769,79.64105440269209,364,92,Elite Weapon,347,71,29,0.864614292993231,Balanced,Balanced Weapon,17.509923690140845,-12.535646464788732,86.2593434084507,2237.621741971831,5.85562210155148,6.058445816901409,-0.9414264929577464,Soft-Speed Separation,0,pitch_type_specific,Four-Seam
"Vega, Lucas",837223.0,TRO_AIG,Four-Seam,R,50,40,50.52335861946191,58.51279335496464,52.92018904011272,69.04094223219293,47.17828276999189,41.09600971253268,16.90970274817723,5.741906270120829,58.31251846805053,79.58496915311272,365,93,Command/Deception Weapon,553,134,77,2.596303741824656,Balanced,Balanced Weapon,11.742717177419356,10.135257419354838,89.76036588709677,2080.6987959677417,6.134458548387097,5.202330403225806,2.333323306451613,Soft-Speed Separation,0,pitch_type_specific,Four-Seam
"Eisenbarger, Jack",1000570067.0,QUE_CAP,Curveball,L,68,14,63.92137209058262,45.63660715809814,58.43594261083727,88.67077958496915,52.71583186056445,60.41863133822661,82.69770050476724,5.7201107502728235,58.28096524291342,79.52888390353337,366,52,Elite Weapon,203,24,10,-1.1400835737492017,Balanced,Balanced Weapon,-3.602459387755102,12.189873979591836,77.32607163265307,2800.761220408164,5.251263265306122,5.914630714285715,-1.9409292857142857,Tight High-Spin Breakers,1,pitch_type_specific,Curveball
"Valdez, Alex",677678.0,EVA_OTT,Cutter,L,27,28,57.56826605862862,37.85289030274632,51.65365333186393,62.03028603477285,45.94675812847812,36.79875035076898,9.169938306225465,5.706895203385805,58.261833185997865,79.47279865395402,367,17,Command/Deception Weapon,678,25,12,3.033372974750165,RHH,Balanced Weapon,4.473028666666666,-1.78653,86.41095876190477,2065.213537142857,5.358959714285715,6.044300476190476,1.858898476190476,Tight High-Spin Breakers,1,pitch_type_specific,Cutter
"Kelly, Colin",1000456530.0,SUS_COU1,Sinker,L,43,29,54.30707164835332,37.907816174007145,49.38729500604947,50.02804262478968,43.71471838924159,29.01031206708768,1.8227706113292208,5.672576616807881,58.21215040273634,79.41671340437465,368,60,Command/Deception Weapon,892,103,51,4.372763494051739,RHH,Balanced Weapon,14.329698854166669,15.794738229166668,90.53656854166668,2008.3051427083333,5.907203958333334,6.1022153125,2.490537395833333,Soft-Speed Separation,0,pitch_type_specific,Sinker
"Garcia, Brett",702286.0,OTT_TIT,Four-Seam,L,135,100,57.35287383856657,50.06802640680797,55.16741960903899,78.40717891194616,49.49786996870618,49.18993448601498,50.95344924284914,5.669549640332804,58.20776826957921,79.3606281547953,369,94,Command/Deception Weapon,386,83,34,2.724955424566083,Balanced,Balanced Weapon,16.666772239263803,6.176818404907976,91.91629352760737,2379.4612917177915,6.1035496012269945,5.989885368098159,1.3120102147239263,Soft-Speed Separation,0,pitch_type_specific,Four-Seam
"Ferguson, Francis",823799.0,QUE_CAP,Four-Seam,L,51,51,50.65531918220041,64.9794709666155,54.952564717524936,77.6219854178351,49.29034693671788,48.4658074471137,47.02748177229389,5.662217780807055,58.19715398664846,79.30454290521592,370,95,Command/Deception Weapon,400,86,36,-5.225385307335088,LHH,Left-Handed Killer,14.678097209302326,-8.075807286821707,90.09471325581396,2190.453217054264,5.696394031007752,5.529279534883721,-2.2426848837209303,Soft-Speed Separation,0,pitch_type_specific,Four-Seam
"Garcia, Jorge",1000221236.0,SUS_COU1,Cutter,R,28,24,60.502222143785374,44.53954565284332,55.71341919650276,80.53841839596187,50.11208589318293,51.3331682002488,61.55356141334829,5.601333303319834,58.10901194466429,79.24845765563657,371,18,Elite Weapon,348,14,8,0.5800688674235062,Balanced,Balanced Weapon,16.62174051724138,1.7788970689655172,85.16496655172413,2128.0986551724136,6.19832448275862,5.616546206896552,1.2785905172413792,Soft-Speed Separation,0,pitch_type_specific,Cutter
"Pindel, Buddie",1000054422.0,SCH_BOO,Splitter,L,61,32,63.58532683357448,41.186083888283726,56.86555394998725,83.90353337072351,51.30150469874929,55.48350423493437,73.44363432417275,5.564049251237961,58.05503607725819,79.19237240605722,372,10,Elite Weapon,288,9,5,0.5946953360166205,Balanced,Balanced Weapon,5.2844794791666665,7.202741041666666,80.3509025,1118.6003244791666,5.749205104166666,5.780495729166667,2.2605875,Soft-Speed Separation,0,pooled_fixed_effects,Pooled
"Barreto, Brayhans",810980.0,TRI_VAL,Changeup,R,99,27,60.91604093272002,46.720283479841136,56.65731369685635,83.4548513740886,51.11109659973549,54.819097727374015,71.98541783510936,5.546217097120859,58.02922058960474,79.13628715647785,373,47,Elite Weapon,296,42,15,-0.8245489014393712,Balanced,Balanced Weapon,10.763371538461538,-12.894869153846155,81.09044084615385,1788.619413076923,6.163389538461538,6.958408153846154,-1.399656769230769,Soft-Speed Separation,0,pitch_type_specific,Changeup
"Tiburcio, David",696010.0,DOW_EAS1,Four-Seam,L,39,27,55.09216977014148,52.51256340758941,54.31828786137586,74.87380818844643,48.80038640514427,46.75614820829298,38.33426808749299,5.517901456231584,57.98822822979358,79.08020190689848,374,96,Command/Deception Weapon,449,104,44,-1.4391082233765005,Balanced,Balanced Weapon,16.73086564102564,13.443002307692309,93.74055397435896,2269.538497435897,5.19450141025641,6.32845858974359,1.2195807692307692,Soft-Speed Separation,0,pitch_type_specific,Four-Seam
"Reeves, Cobe",802696.0,NEW_YOR13,Sinker,R,158,62,48.67218880086225,47.95620918181198,48.45739491514717,45.09254066180595,42.94274223216708,26.31659270799379,0.8693213684800897,5.514652682980092,57.98352500295895,79.02411665731913,375,61,Command/Deception Weapon,980,115,59,-2.462958674229164,Balanced,Balanced Weapon,8.925711588785047,-15.150134439252335,90.25474939252337,1821.008714953271,6.018958878504673,6.066867523364485,-1.2802873364485985,Soft-Speed Separation,0,pitch_type_specific,Sinker
"Maher, Adam",1000133555.0,TRI_VAL,Slider,L,77,31,57.132064319506455,58.30804980081943,57.48485996390035,86.31519910263602,51.9765784443985,57.839094107505744,78.43522153673584,5.50828151950185,57.97430151313094,78.96803140773977,376,92,Elite Weapon,245,109,30,-3.20136501190472,LHH,Balanced Weapon,5.147968680555556,0.7079660416666667,79.30566486111111,1886.037194305556,5.705482430555556,5.5899407638888885,-0.8529539583333334,Tight High-Spin Breakers,1,pitch_type_specific,Slider
"Allemann, Braeden",1000367619.0,QUE_CAP,Curveball,L,147,60,56.133972439063086,39.74907416781202,51.21850295768776,59.50644980370162,45.7117706547961,35.97878939575633,8.048233314638251,5.506732302891663,57.972058722831456,78.9119461581604,377,53,Command/Deception Weapon,723,93,39,6.596905171202948,RHH,Right-Handed Killer,-6.9322469055374585,-15.688652084690553,77.05629361563518,2201.1950263843646,6.137953973941368,5.148423713355049,1.6117029315960911,Tight High-Spin Breakers,1,pitch_type_specific,Curveball
"Morgan, Marcus",808861.0,JOL_SLA,Sinker,L,60,23,57.91700132630415,53.060910058452805,56.460173945948746,82.72574312955693,50.9971070776147,54.42134479205765,69.91026360067303,5.463066868334046,57.908844571624485,78.85586090858105,378,62,Elite Weapon,309,23,12,-2.087695848123836,Balanced,Balanced Weapon,10.338318842105265,15.246999894736842,91.90567178947369,2455.207531578947,6.196234736842105,5.086414421052631,2.7535417894736844,Soft-Speed Separation,0,pitch_type_specific,Sinker
"Milburn, Isaac",830926.0,FLO_Y'A,Sinker,R,79,50,55.566764158415296,42.40151508087773,51.617189435154025,61.80594503645541,46.179960215174006,37.61248140937366,10.459899046550756,5.4372292199800185,57.87143958467242,78.79977565900168,379,63,Command/Deception Weapon,682,62,31,-0.6845476039540443,Balanced,Balanced Weapon,10.043796861313869,-13.097894525547446,88.23810715328467,2092.0978693430657,5.475740437956204,5.732343211678832,-1.7431069343065693,Soft-Speed Separation,0,pitch_type_specific,Sinker
"Grills, Evan",592361.0,OTT_TIT,Sinker,R,29,18,61.42067855231178,29.166487336693187,51.7444211876262,62.47896803140775,46.32478336982569,38.11782465314515,11.301177790241166,5.419637817800513,57.84597263195378,78.74369040942231,380,64,Command/Deception Weapon,670,59,30,-6.455041589136869,LHH,Left-Handed Killer,15.23126509090909,-14.073708,87.57620163636363,2176.0900854545457,5.459962,6.406319818181819,-1.5947352727272728,Soft-Speed Separation,0,pitch_type_specific,Sinker
"McCartney, Seth",823530.0,MIS_MUD,Sinker,R,53,39,56.63494887430442,50.32818100171408,54.74291851252731,76.83679192372406,49.33846370243377,48.63370520162086,48.093101514301736,5.40445481009354,57.82399229545447,78.68760515984296,381,65,Command/Deception Weapon,414,30,15,-3.2377596020136963,LHH,Balanced Weapon,10.419685833333334,15.158357583333332,90.15501508333334,2315.5121775,5.756986833333333,5.048432333333333,2.9200946666666665,Soft-Speed Separation,0,pitch_type_specific,Sinker
"Willeman, Landon",812254.0,EVA_OTT,Changeup,R,54,64,58.55232427254421,43.93748579622112,54.167872729647286,74.14469994391474,48.76783904053337,46.642578034737184,37.66124509254066,5.4000336891139185,57.81759186882545,78.6315199102636,382,48,Command/Deception Weapon,462,59,24,-3.478679259750926,LHH,Balanced Weapon,5.933878156682027,14.324932534562214,83.81967193548387,1683.663605529954,6.222181290322581,5.369843179723502,2.048528894009217,Soft-Speed Separation,0,pitch_type_specific,Changeup
"Boies, Emiles",1000429129.0,QUE_CAP,Four-Seam,R,84,57,59.229040403796105,42.75844623270507,54.28786215246879,74.70555243970836,48.88822901628629,47.06266459486548,39.73639932697701,5.399633136182501,57.81701199108395,78.57543466068424,383,97,Command/Deception Weapon,452,106,61,-0.9364254292273984,Balanced,Balanced Weapon,16.896855782312926,8.006957891156462,87.85859299319729,2131.841687755102,6.142265714285714,5.615149387755102,1.2388373469387757,Soft-Speed Separation,0,pitch_type_specific,Four-Seam
"Kemlage, Joe",703240.0,NEW_ENG23,Slider,L,40,18,60.68694985052116,48.77638607962023,57.11378071925088,84.85698261357263,51.73949729808597,57.01182752984565,76.3600673022995,5.374283421164911,57.78031338188859,78.51934941110488,384,93,Elite Weapon,271,116,32,-0.7336534808091741,Balanced,Balanced Weapon,-2.777168764044944,14.35671224719101,82.15037685393258,2608.2033438202247,5.518066179775281,5.1290610112359545,-2.992367191011236,Tight High-Spin Breakers,1,pitch_type_specific,Slider
"Pardinho, Eric",672078.0,OTT_TIT,Changeup,L,156,36,49.53475213151699,59.09543791052149,52.40295786521833,65.90016825574874,47.03265266744952,40.58785071968007,15.28323051037577,5.370305197768815,57.77455413506456,78.46326416152552,385,49,Command/Deception Weapon,609,80,46,-1.6795843582143917,Balanced,Balanced Weapon,4.288907747252748,14.503079340659342,83.74423626373625,1561.7097362637364,5.371839450549451,5.495448516483517,1.3846515384615383,Soft-Speed Separation,0,pitch_type_specific,Changeup
"Martinez, Gregory",1000051547.0,DOW_EAS1,Four-Seam,R,61,32,51.74940539841064,61.67263419526009,54.72637403746547,76.72462142456534,49.37204477561716,48.75088237879695,48.54178351093663,5.3543292618483065,57.75142588180925,78.40717891194616,386,98,Command/Deception Weapon,416,91,52,1.7128730757334978,Balanced,Balanced Weapon,16.361831409395972,13.06441832214765,95.12240932885906,2329.0957932885904,5.585727986577181,5.960431543624161,1.978974899328859,Soft-Speed Separation,0,pitch_type_specific,Four-Seam
"Glickstein, Aaron",1000292360.0,SCH_BOO,Four-Seam,L,136,97,53.36805249555572,54.25345530402987,53.63367333809797,72.57431295569265,48.30217362647314,45.01769373070884,29.75322490185081,5.331499711624829,57.71837569796396,78.3510936623668,387,99,Command/Deception Weapon,490,116,51,-0.8046672165625637,Balanced,Balanced Weapon,14.641177509433962,9.628003924528302,88.89376645283018,2217.037629056604,6.091603169811321,5.309658150943396,2.3856755849056603,Soft-Speed Separation,0,pitch_type_specific,Four-Seam
"Kirby, Zach",813716.0,WAS_WIL3,Curveball,R,52,12,56.39950524438218,44.46706111463465,52.81977200545792,67.86315199102636,47.52190988537218,42.29505582882373,19.77005047672462,5.297862120085739,57.66967878656635,78.29500841278744,388,54,Command/Deception Weapon,574,76,46,0.381548952590343,Balanced,Balanced Weapon,-18.283612666666667,-10.73816085714286,70.78799095238095,2261.262364761905,5.409231238095239,6.244328761904763,1.8807977142857144,Tight High-Spin Breakers,1,pitch_type_specific,Curveball
"Dima, Josh",1000098214.0,GAT_GRI,Four-Seam,L,117,68,57.27586480776375,52.67936456918921,55.89691473619139,80.93101514301738,50.61407628683432,53.08480421784589,65.59169938306225,5.282838449357072,57.64792912112165,78.23892316320807,389,100,Elite Weapon,341,69,28,-2.9092979111281494,Balanced,Balanced Weapon,17.929562305084744,-10.876460271186442,90.22969918644068,2047.4850905084745,6.186408610169492,6.289473288135594,-0.8613356949152543,Soft-Speed Separation,0,pitch_type_specific,Four-Seam
"Scafidi, Christian",690280.0,LAK_ERI24,Four-Seam,R,221,118,55.04160334210225,53.84830236749356,54.68361304971964,76.44419517666854,49.41856346021331,48.91320381853043,49.4391475042064,5.265049589506326,57.622176310281745,78.18283791362872,390,101,Command/Deception Weapon,421,93,53,3.2546779608995564,RHH,Balanced Weapon,17.949040474860336,5.10532220670391,90.04564740223464,2497.7637882681565,6.149195279329608,6.521726592178771,0.9597387988826817,Soft-Speed Separation,0,pitch_type_specific,Four-Seam
"Leduc, Zachary",824497.0,TRO_AIG,Slider,R,67,23,59.99194004258811,54.7421753377419,58.41701063113425,88.55860908581043,53.18056771659936,62.0402720596323,86.00673022994953,5.236442914534884,57.5807626224187,78.12675266404936,391,94,Elite Weapon,205,99,74,3.31402058199128,RHH,Balanced Weapon,1.703310775862069,-4.609182413793104,82.9109375,2108.345131896552,6.216293706896551,5.260630086206896,1.651802844827586,Tight High-Spin Breakers,1,pitch_type_specific,Slider
"Rodriguez, Esteban",701454.0,TRO_AIG,Four-Seam,R,60,61,51.4543770999694,59.88379693622241,53.9832030508453,73.58384744812115,48.74874629484676,46.57595616021043,37.10039259674706,5.234456755998536,57.577887274278694,78.07066741447,392,102,Command/Deception Weapon,472,110,63,0.8058492722947719,Balanced,Balanced Weapon,16.756395070422535,5.038134295774648,88.68312176056338,2157.194233802817,5.8072602112676055,6.162508591549296,1.1530240845070423,Soft-Speed Separation,0,pitch_type_specific,Four-Seam
"Luera, Ashton",1000139093.0,QUE_CAP,Four-Seam,L,27,21,56.33067614325656,50.888080047420765,54.69789731450582,76.61245092540662,49.48058315759107,49.12961420626146,50.44868199663488,5.217314156914753,57.55307005073469,78.01458216489064,393,103,Command/Deception Weapon,418,92,40,-3.653002974545494,LHH,Balanced Weapon,19.40048446153846,7.051858153846154,87.2864223076923,1910.1089307692307,6.047272615384616,6.102144461538462,0.8055835384615384,Soft-Speed Separation,0,pitch_type_specific,Four-Seam
"Cartwright, Eli",1000304859.0,GAT_GRI,Four-Seam,R,146,46,61.356018721283625,45.63803937329643,56.64062491688746,83.3426808749299,51.42435987732433,55.91219282830575,74.11665731912507,5.216265039563133,57.55155125071424,77.95849691531127,394,104,Elite Weapon,298,50,32,-3.814621531930527,LHH,Balanced Weapon,18.38738309178744,-8.608634927536231,90.25465444444444,2099.5454492753624,6.396943719806763,5.168267632850242,-1.93416961352657,Soft-Speed Separation,0,pitch_type_specific,Four-Seam
"Gregory, Ben",833406.0,GAT_GRI,Curveball,L,29,16,55.75587413003391,47.56277203778001,53.29794350235773,71.11609646662927,48.08622831603111,44.26417814876698,26.892877173303415,5.211715186326622,57.544964459276656,77.9024116657319,395,55,Command/Deception Weapon,516,66,27,2.066101667514076,Balanced,Balanced Weapon,-6.992838870967742,-5.972258870967742,77.84054387096775,2285.146591935484,6.129918387096774,5.830825483870968,2.0777420967741933,Tight High-Spin Breakers,1,pitch_type_specific,Curveball
"Webster, Evan",804248.0,FLO_Y'A,Cutter,R,47,32,70.28843638203662,38.54057058312968,60.764076642364536,92.48457655636568,55.56705818462083,70.36764786663143,97.72854739203588,5.1970184577437095,57.523688105742096,77.84632641615255,396,19,Elite Weapon,135,8,4,-1.0295700118781426,Balanced,Balanced Weapon,5.690678609271523,-0.4841362251655629,84.50197284768211,2030.609334437086,6.9437746357615895,5.784073112582782,-2.6788621192052977,Soft-Speed Separation,0,pitch_type_specific,Cutter
"Joven, Art",1000048892.0,MIS_MUD,Sinker,R,244,102,50.42226384170177,44.11655330449142,48.53055068053866,45.48513740886147,43.33575204294654,27.687953890471704,1.2058328659562534,5.194798637592122,57.52047448727851,77.7902411665732,397,66,Command/Deception Weapon,973,114,58,-2.0634790476355604,Balanced,Balanced Weapon,7.013915796344647,-15.298982140992166,83.61251365535249,1788.8536733681462,5.145206788511749,5.10202725848564,-2.155408015665796,Tight High-Spin Breakers,1,pitch_type_specific,Sinker
"Vailes, Gage",1000050773.0,GAT_GRI,Changeup,R,27,57,52.52496473343125,50.01889836041201,51.77314482152547,62.59113853056646,46.57964859791864,39.00714667764338,12.030286034772857,5.193496223606829,57.51858899145248,77.73415591699383,398,50,Command/Deception Weapon,668,89,40,-0.9475693161935368,Balanced,Balanced Weapon,6.108948102564103,11.54201082051282,85.60033461538461,1883.2351066666668,5.124081846153846,5.697475333333333,1.6093364615384615,Soft-Speed Separation,0,pitch_type_specific,Changeup
"Carsten, Will",702040.0,FLO_Y'A,Sinker,R,57,29,50.07122207595422,54.54680385584035,51.41389660992006,61.02075154234437,46.23500091100663,37.80453939787967,10.964666292765004,5.178895698913429,57.49745191163133,77.67807066741447,399,67,Command/Deception Weapon,696,66,33,0.1576741030198434,Balanced,Balanced Weapon,13.199431904761903,17.973225952380954,91.55316476190475,2245.514476190476,5.794913095238095,6.048121428571428,2.480708928571429,Soft-Speed Separation,0,pitch_type_specific,Sinker
"Petschke, Ben",814386.0,EVA_OTT,Four-Seam,R,122,69,50.769622205165305,54.86172565889634,51.99725324128461,63.71284352215368,46.83298109802556,39.89112042938683,13.600673022994952,5.164272143259048,57.47628149004535,77.6219854178351,400,105,Command/Deception Weapon,648,168,94,0.1948466986794912,Balanced,Balanced Weapon,11.734125659574469,5.3342053191489365,89.6861155319149,2253.5461578723407,5.509554765957447,5.96922370212766,1.5505805957446808,Soft-Speed Separation,0,pitch_type_specific,Four-Seam
"Ronne, Andrew",701809.0,GAT_GRI,Changeup,L,49,10,54.12406621757281,48.30657139577558,52.37881777103364,65.78799775659002,47.23650206569542,41.29915904878125,17.386427369601794,5.14231570533822,57.44449530491391,77.56590016825575,401,51,Command/Deception Weapon,611,81,47,,,,4.734773529411765,14.46349156862745,85.25120901960786,1506.8942823529412,5.954100588235295,5.849003921568627,2.1638280392156863,Soft-Speed Separation,0,pitch_type_specific,Changeup
"Cohn, Cooper",1000301881.0,NIU_HUS,Four-Seam,R,38,26,49.15656919681654,66.54150214708991,54.37204908189855,75.15423443634323,49.25121230205391,48.32925177497364,46.35445877734156,5.120836779844645,57.413400411260156,77.50981491867638,402,106,Command/Deception Weapon,444,103,60,10.816635923160504,RHH,Right-Handed Killer,17.801946857142855,12.584340571428571,91.068749,2195.3771314285714,5.955519285714286,5.893885285714286,0.7525884285714286,Soft-Speed Separation,0,pitch_type_specific,Four-Seam
"Agosto, Justus",1000116159.0,TRI_VAL,Four-Seam,L,65,37,52.030221130186376,59.19842268047154,54.18068159527192,74.20078519349411,49.125353688595126,47.89008305133402,43.99887829500842,5.055327906676794,57.31856366325147,77.45372966909703,403,107,Command/Deception Weapon,461,107,46,-4.425192633742206,LHH,Balanced Weapon,17.11089871559633,8.103172110091743,89.4328909174312,2005.881305504587,6.025378165137615,5.747639266055045,1.374033119266055,Soft-Speed Separation,0,pitch_type_specific,Four-Seam
"Widener, Jacob",683179.0,SUS_COU1,Slider,R,40,14,63.35368255832808,52.9947351472416,60.245998335002135,91.36287156477846,55.197744943832205,69.07897305826427,96.9994391475042,5.048253391169929,57.308321935498206,77.39764441951766,404,95,Elite Weapon,155,74,56,-1.0863508907598742,Balanced,Balanced Weapon,3.311959108910892,16.689723465346535,80.30359089108912,2865.0974653465346,6.067032574257426,4.203644257425743,-4.454785544554455,Tight High-Spin Breakers,1,pitch_type_specific,Slider
"Soto, Carlos",666728.0,JOL_SLA,Splitter,R,25,15,61.874866376569706,39.40119797280305,55.1327658554397,78.23892316320807,50.10978996651472,51.3251568360939,61.44139091418956,5.022975888924982,57.27172786824032,77.34155916993831,405,11,Elite Weapon,389,11,5,-1.5563542287325944,Balanced,Balanced Weapon,3.796835492957747,5.630489295774648,80.67299098591549,988.7202176056338,5.098649014084507,5.425103802816901,2.044174366197183,Tight High-Spin Breakers,1,pooled_fixed_effects,Pooled
"Garcia, Jorge",1000221236.0,SUS_COU1,Cutter,L,30,24,60.502222143785374,42.605982761431655,55.133350329079256,78.29500841278744,50.11208589318293,51.3331682002488,61.55356141334829,5.021264435896327,57.269250209386506,77.28547392035895,406,20,Elite Weapon,388,17,9,0.5800688674235062,Balanced,Balanced Weapon,16.62174051724138,1.7788970689655172,85.16496655172413,2128.0986551724136,6.19832448275862,5.616546206896552,1.2785905172413792,Soft-Speed Separation,0,pitch_type_specific,Cutter
"Carsten, Will",702040.0,FLO_Y'A,Sinker,L,27,29,50.07122207595422,54.0212235124409,51.256222506900215,59.84296130117779,46.23500091100663,37.80453939787967,10.964666292765004,5.021221595893586,57.2691881902073,77.22938867077958,407,68,Command/Deception Weapon,717,69,35,0.1576741030198434,Balanced,Balanced Weapon,13.199431904761903,17.973225952380954,91.55316476190475,2245.514476190476,5.794913095238095,6.048121428571428,2.480708928571429,Soft-Speed Separation,0,pitch_type_specific,Sinker
"Orth, Harry",1000145875.0,SCH_BOO,Sinker,L,38,22,46.13786994411967,50.04735880180073,47.31071660142399,37.85754346606842,42.3245531792738,24.159495232769817,0.2243409983174425,4.986163422150192,57.21843471166054,77.17330342120022,408,69,Command/Deception Weapon,1109,135,67,,,,13.147682456140352,15.410034385964911,90.94288087719298,1962.8263649122805,6.235345087719298,6.242934035087719,1.24969350877193,Soft-Speed Separation,0,pitch_type_specific,Sinker
"Petschke, Ben",814386.0,EVA_OTT,Four-Seam,L,113,69,50.769622205165305,54.21223666329804,51.80240654260512,62.759394279304544,46.83298109802556,39.89112042938683,13.600673022994952,4.9694254445795565,57.194203255916,77.11721817162086,409,108,Command/Deception Weapon,665,175,76,0.1948466986794912,Balanced,Balanced Weapon,11.734125659574469,5.3342053191489365,89.6861155319149,2253.5461578723407,5.509554765957447,5.96922370212766,1.5505805957446808,Soft-Speed Separation,0,pitch_type_specific,Four-Seam
"Leak, Anthony",1000264276.0,NEW_YOR13,Sinker,R,113,40,55.285332905831645,38.86254320631033,50.35849599597525,55.30005608524958,45.3959792478302,34.876872686821706,6.758272574312955,4.962516748145049,57.18420158330061,77.0611329220415,410,70,Command/Deception Weapon,798,82,41,-4.3292379505875545,LHH,Balanced Weapon,10.40198038961039,14.174884870129867,89.43252668831168,2109.9609896103893,6.267168636363636,5.548369610389611,1.6132888311688312,Soft-Speed Separation,0,pitch_type_specific,Sinker
"Tokar, Heitor",677573.0,OTT_TIT,Changeup,R,33,28,63.854683709433246,36.60207644461172,55.67890152998678,80.42624789680313,50.73911592824297,53.521115235524285,67.16208637128436,4.939785601743814,57.15129385799631,77.00504767246214,411,52,Elite Weapon,350,50,20,-2.553961803455387,Balanced,Balanced Weapon,9.478816375,13.17268375,82.144070375,1402.7874125,6.06730525,6.672358125,2.429772,Soft-Speed Separation,0,pitch_type_specific,Changeup
"Lyons, Kendall",1000234937.0,QUE_CAP,Four-Seam,L,38,29,61.38455311749392,39.42759478276327,54.79746561707472,77.0611329220415,49.87261283715506,50.49755533696009,57.17891194615816,4.924852779919661,57.129675713889824,76.94896242288279,412,109,Elite Weapon,410,90,39,-0.9999583581786736,Balanced,Balanced Weapon,18.45013329113924,11.224556075949367,90.89636037974684,2284.455565822785,6.601533924050632,5.942397215189874,2.128857341772152,Soft-Speed Separation,0,pitch_type_specific,Four-Seam
"Kirby, Zach",813716.0,WAS_WIL3,Curveball,L,53,12,56.39950524438218,43.19523127266684,52.43822305286758,66.12450925406618,47.52190988537218,42.29505582882373,19.77005047672462,4.916313167495396,57.11731297534146,76.89287717330342,413,56,Command/Deception Weapon,605,84,35,0.381548952590343,Balanced,Balanced Weapon,-18.283612666666667,-10.73816085714286,70.78799095238095,2261.262364761905,5.409231238095239,6.244328761904763,1.8807977142857144,Tight High-Spin Breakers,1,pitch_type_specific,Curveball
"Webster, Evan",804248.0,FLO_Y'A,Slider,L,81,23,58.464294959883176,60.36588920851475,59.03477323447265,89.62422882781829,54.11903779048042,65.31495222012289,91.83959618620304,4.915735443992233,57.116476608974,76.83679192372406,414,96,Elite Weapon,186,91,24,-6.966944676621615,LHH,Reverse Split Weapon,3.178170504201681,0.9298634453781512,81.36368957983194,1949.2987697478995,6.828028655462185,5.812978151260505,-2.6038528571428574,Soft-Speed Separation,0,pitch_type_specific,Slider
"Boies, Emiles",1000429129.0,QUE_CAP,Curveball,L,43,28,61.22289503848588,36.018775331405216,53.66165912636168,72.68648345485137,48.7526168594914,46.589462037067285,37.324733595064494,4.90904226687028,57.10678694219457,76.78070667414471,415,57,Command/Deception Weapon,488,60,23,4.8818225258938455,RHH,Balanced Weapon,-4.447359745762712,-3.3923774576271186,76.984956779661,2203.0205355932203,5.625969237288135,5.575428644067797,1.898717372881356,Tight High-Spin Breakers,1,pitch_type_specific,Curveball
"Leach, Landon",667743.0,TRO_AIG,Slider,R,36,10,51.6049293688421,70.06638904978054,57.14336727312363,85.02523836231072,52.236598044950746,58.74640170416232,79.72518227706114,4.906769228172884,57.103496279605906,76.72462142456534,416,97,Elite Weapon,268,114,84,10.920843172811864,RHH,Right-Handed Killer,2.406333611111111,-6.935633611111111,82.09509652777778,2108.66805,5.335431388888889,5.993075833333333,1.1599511111111112,Tight High-Spin Breakers,1,pitch_type_specific,Slider
"Thompson, Ross",1000103401.0,SCH_BOO,Sinker,L,47,20,49.14099338899637,50.75662132167445,49.625681768799794,51.65451486259114,44.74853815032026,32.617703666829314,3.9820527201346048,4.877143618479536,57.060607486909184,76.66853617498597,417,71,Command/Deception Weapon,863,96,47,,,,13.221268857142858,12.193568285714289,89.85633271428571,1957.0360642857145,6.018064857142857,5.4855477142857145,2.456629142857143,Soft-Speed Separation,0,pitch_type_specific,Sinker
"Sechrist, Zander",801415.0,WAS_WIL3,Curveball,L,89,55,53.65271989858766,43.48694805587282,50.60298834577321,56.59001682557487,45.73196489668515,36.04925481080866,8.160403813796972,4.871023449088064,57.05174735950534,76.61245092540662,418,58,Command/Deception Weapon,775,96,41,2.60479501484717,Balanced,Balanced Weapon,2.086195549132948,7.591160751445087,67.68531583815029,1859.3878971098263,5.334255549132948,4.938591791907514,-2.7180284971098265,Tight High-Spin Breakers,1,pitch_type_specific,Curveball
"Perez, Kelvin",692487.0,WAS_WIL3,Four-Seam,L,84,50,53.37757215245845,50.75908670199787,52.59202651732027,66.85361749859787,47.74050400731159,43.05781412473243,22.181716208637127,4.851522510008678,57.023515983266186,76.55636567582725,419,110,Command/Deception Weapon,592,147,63,1.7837459158333004,Balanced,Balanced Weapon,15.063085430463577,11.23553238410596,88.84227397350993,2065.3138880794704,6.174842516556291,5.947947086092715,1.290865761589404,Soft-Speed Separation,0,pitch_type_specific,Four-Seam
"Parsons, Billy",698892.0,SUS_COU1,Four-Seam,L,199,132,48.47774518376707,67.35864751581585,54.1420158833817,74.08861469433539,49.31215598884653,48.54190755122191,47.53224901850813,4.829859894535176,56.992155162883805,76.5002804262479,420,111,Command/Deception Weapon,463,108,47,-2.817819312400076,Balanced,Balanced Weapon,17.42373946015424,9.36888208226221,90.61801347043702,2234.0554192802056,5.748498431876607,5.854063290488432,1.300063264781491,Soft-Speed Separation,0,pitch_type_specific,Four-Seam
"Rivera, Matthew",681344.0,NEW_ENG23,Curveball,R,35,13,53.429379791405566,50.513783813960856,52.55470099817215,66.74144699943915,47.72604218178744,43.007351297577415,22.069545709478408,4.82865881638471,56.990416370253335,76.44419517666854,421,59,Command/Deception Weapon,594,83,49,3.5029731331806104,RHH,Balanced Weapon,-16.330048875,-8.135112125000001,73.92996875,2201.6856625,5.638981375,6.325625875,1.4540228750000002,Tight High-Spin Breakers,1,pitch_type_specific,Curveball
"Sanchez, Sergio",1000583994.0,MIS_MUD,Four-Seam,R,161,104,51.89124640536787,58.012448506796,53.72760703579631,72.96690970274817,48.90071042744626,47.10621700067792,39.84856982613573,4.826896608350047,56.98786523372418,76.38810992708918,422,112,Command/Deception Weapon,483,114,65,2.6636669205575174,Balanced,Balanced Weapon,15.444765691318327,11.211546623794211,91.47516279742766,2285.9532736334404,6.205942161290323,5.504842122186496,2.216776881028939,Soft-Speed Separation,0,pitch_type_specific,Four-Seam
"Whitesell, Max",1000223610.0,FLO_Y'A,Four-Seam,R,124,83,53.10842616800878,51.41352895777898,52.59995700493984,66.96578799775659,47.776621435950965,43.18384161383945,22.518227706113294,4.823335568988874,56.98270994137654,76.3320246775098,423,113,Command/Deception Weapon,590,145,84,3.870365182961663,RHH,Balanced Weapon,13.96839242677824,12.726667280334729,88.78616397489539,1909.538690794979,6.405655983263599,5.258831297071129,2.7838815062761504,Soft-Speed Separation,0,pitch_type_specific,Four-Seam
"Long, Jalon",809215.0,NEW_YOR13,Curveball,L,27,13,53.759124336114205,55.78970806096718,54.368299453570096,75.09814918676389,49.54558816804765,49.35644149036901,52.41166573191251,4.822711285522445,56.98180617046844,76.27593942793045,424,60,Command/Deception Weapon,445,54,20,0.9913516863779464,Balanced,Balanced Weapon,-7.934523793103448,-3.446418103448276,75.68485379310344,2334.7706,5.521669137931035,5.9756065517241375,1.301101379310345,Tight High-Spin Breakers,1,pitch_type_specific,Curveball
"Grounds, Jackson",805984.0,TRO_AIG,Curveball,R,44,10,56.96312838663641,45.43529717767037,53.5047790239466,72.18171620863713,48.69871467238317,46.40137673989804,35.8945597307908,4.806064351563428,56.95770651793826,76.2198541783511,425,61,Command/Deception Weapon,497,62,38,,,,-11.3429776119403,-11.079014626865671,81.8592852238806,2036.3568626865672,5.553520000000001,6.026894328358209,1.8227297014925368,Tight High-Spin Breakers,1,pitch_type_specific,Curveball
"Turner, Eric",1000080978.0,JOL_SLA,Sinker,L,60,39,55.45907212030669,45.6366799637313,52.51235447333407,66.68536174985978,47.713110262370414,42.96222689656498,21.845204711160964,4.799244210963657,56.94783304699965,76.16376892877173,426,72,Command/Deception Weapon,595,52,25,3.11461822253537,RHH,Balanced Weapon,14.94052477876106,16.07555778761062,88.22916292035397,2318.032217699116,5.090602566371681,5.753434955752212,2.512415486725664,Soft-Speed Separation,0,pitch_type_specific,Sinker
"Anibal, Trevor",822669.0,NEW_ENG23,Curveball,R,67,24,53.777949306812665,50.70224231859552,52.855237210347525,68.19966348850252,48.09207621069226,44.2845836845006,27.285473920358942,4.763160999655263,56.895595628574966,76.10768367919238,427,62,Command/Deception Weapon,568,74,44,3.6829170562259534,RHH,Balanced Weapon,-15.20252225,-9.262682916666668,76.018285,2492.501268333333,5.428183833333334,5.599501416666667,0.8478108333333334,Tight High-Spin Breakers,1,pitch_type_specific,Curveball
"Castro, Alexander",669418.0,TRO_AIG,Slider,R,78,28,50.32685664877578,72.47873866062298,56.97242125232994,84.35221536735838,52.21795861394777,58.68136161752871,79.61301177790241,4.754462638382165,56.883003070403014,76.05159842961301,428,98,Elite Weapon,280,119,87,5.765277481000084,RHH,Right-Handed Killer,0.8546985714285714,-4.6075830612244895,83.3786062585034,2470.406120408163,4.908569387755102,5.922689795918368,2.206035714285714,Tight High-Spin Breakers,1,pitch_type_specific,Slider
"Hill, Kaleb",1000371973.0,OTT_TIT,Changeup,R,240,87,51.04644264842485,54.11578480142777,51.96724529432572,63.2641615255188,47.21335869136013,41.21840298538419,17.02187324733595,4.7538866029655935,56.882169147866975,75.99551318003364,429,53,Command/Deception Weapon,656,86,38,4.4101159648870905,RHH,Balanced Weapon,9.196971277258568,-14.997986230529596,82.99442725856697,1783.4819062305296,5.669384330218069,5.977755669781931,-3.1029882554517134,Tight High-Spin Breakers,1,pitch_type_specific,Changeup
"Woolfolk, Dallas",663762.0,MIS_MUD,Slider,R,72,21,52.89751350737895,64.86644972316493,56.48819437211474,82.83791362871564,51.760638877524286,57.08559856706347,76.47223780145822,4.7275554945904545,56.84404978221456,75.9394279304543,430,99,Elite Weapon,307,127,90,10.642617811627254,RHH,Right-Handed Killer,0.421680366972477,-1.2819196330275229,81.99361403669725,2280.5644651376147,5.203725779816513,6.06842504587156,1.7289893577981652,Tight High-Spin Breakers,1,pitch_type_specific,Slider
"Ronne, Andrew",701809.0,GAT_GRI,Four-Seam,L,142,104,54.249933843666895,48.99075661073737,52.672180673788034,67.30229949523276,47.961967930354426,43.83058625166199,24.70555243970836,4.710212743433608,56.81894279988219,75.88334268087493,431,114,Command/Deception Weapon,584,144,61,3.984041700551217,RHH,Balanced Weapon,13.11824534591195,7.205954905660378,91.7850784591195,2180.1264188679247,6.344152996845426,5.876882830188679,2.115839716981132,Soft-Speed Separation,0,pitch_type_specific,Four-Seam
"Scafidi, Christian",690280.0,LAK_ERI24,Slider,R,128,48,51.91907439307665,72.04871571874335,57.95796679077666,87.6051598429613,53.257084559450014,62.30726851929583,86.73583847448121,4.700882231326645,56.80543508126806,75.82725743129556,432,100,Elite Weapon,222,103,77,10.548220797960148,RHH,Right-Handed Killer,4.203553009708738,-1.7272827669902913,84.3415818932039,2388.0164019417475,5.6105785436893205,6.336556893203883,1.2385373786407767,Tight High-Spin Breakers,1,pitch_type_specific,Slider
"Almonte, Lisandro",1000570068.0,NEW_JER6,Four-Seam,R,84,54,51.85065074446416,60.29791527324466,54.38483010309831,75.37857543466069,49.71751476195717,49.95635897501282,55.04767246214246,4.6673153411411406,56.75684052373688,75.77117218171621,433,115,Command/Deception Weapon,440,101,58,4.472477540269253,RHH,Balanced Weapon,16.38449419047619,12.659336714285711,96.55209204761906,2194.595610952381,5.6668662380952375,5.815835904761905,1.457266238095238,Soft-Speed Separation,0,pitch_type_specific,Four-Seam
"Harley, Tristan",10041912.0,SUS_COU1,Sinker,R,49,65,50.79075787444701,48.299552724467965,50.043396329453294,53.841839596186205,45.38548781735607,34.840264082898166,6.533931575995513,4.657908512097222,56.74322232161465,75.71508693213684,434,73,Command/Deception Weapon,824,88,46,0.6500840625075313,Balanced,Balanced Weapon,12.360737514124294,15.638296723163842,91.50546039548024,2026.4420175141245,5.713981581920904,5.2373997175141245,1.6715422033898306,Soft-Speed Separation,0,pitch_type_specific,Sinker
"McEvoy, Aidan",1000079355.0,FLO_Y'A,Four-Seam,R,27,20,53.32888177322013,57.6502911023095,54.62530457194694,76.2198541783511,49.97601782639635,50.85837479853742,58.91755468311835,4.64928674555059,56.730740649104774,75.65900168255749,435,116,Elite Weapon,425,96,54,6.422380959001046,RHH,Right-Handed Killer,14.367143333333336,-14.952043174603174,90.06132841269842,1966.7459269841268,6.446223492063492,5.253647619047619,-2.438282063492064,Soft-Speed Separation,0,pitch_type_specific,Four-Seam
"Long, Maddox",1000248716.0,WAS_WIL3,Four-Seam,R,70,61,56.6797145070814,41.35838628498561,52.08331604045266,64.21761076836792,47.44190316794858,42.01588186521555,18.87268648345485,4.641412872504077,56.71934169690403,75.60291643297813,436,117,Command/Deception Weapon,639,163,91,-2.804161944426099,Balanced,Balanced Weapon,12.722390387096777,9.408594,91.65430348387098,2343.304667741936,6.125293935483871,5.970117612903226,1.3270565161290322,Soft-Speed Separation,0,pitch_type_specific,Four-Seam
"Kemlage, Joe",703240.0,NEW_ENG23,Slider,R,49,18,60.68694985052116,46.33087447692299,56.38012723844171,82.38923163208077,51.73949729808597,57.01182752984565,76.3600673022995,4.640629940355737,56.7182082513833,75.54683118339877,437,101,Elite Weapon,315,129,92,-0.7336534808091741,Balanced,Balanced Weapon,-2.777168764044944,14.35671224719101,82.15037685393258,2608.2033438202247,5.518066179775281,5.1290610112359545,-2.992367191011236,Tight High-Spin Breakers,1,pitch_type_specific,Slider
"Primeaux, Parker",1000101108.0,SUS_COU1,Changeup,L,26,24,50.52003074393427,54.61103851595779,51.74733307554132,62.5350532809871,47.16116023944749,41.03626267037154,16.517106001121707,4.58617283609383,56.63937107369386,75.4907459338194,438,54,Command/Deception Weapon,669,90,50,-5.234812786749821,LHH,Left-Handed Killer,0.7963100980392157,17.74079460784314,85.86330284313725,2013.653287254902,5.568377647058823,4.099335294117648,4.016456372549019,Soft-Speed Separation,0,pitch_type_specific,Changeup
"Kines, Gunnar",665129.0,JOL_SLA,Sinker,L,73,49,50.177206525725424,56.21239949626876,51.987764416888425,63.54458777341559,47.402887898826776,41.87974270499596,18.592260235558047,4.584876518061648,56.637494402937484,75.43466068424004,439,74,Command/Deception Weapon,651,58,29,-1.1133981941544349,Balanced,Balanced Weapon,17.320623008849555,-12.703182389380531,84.67783743362831,2194.5131451327434,5.852600707964602,6.026419292035398,-1.2063709734513277,Soft-Speed Separation,0,pitch_type_specific,Sinker
"Eisenbarger, Jack",1000570067.0,QUE_CAP,Curveball,R,30,14,63.92137209058262,41.83632857893412,57.29585903708807,85.58609085810431,52.71583186056445,60.41863133822661,82.69770050476724,4.580027176523622,56.63047404433245,75.37857543466069,440,63,Elite Weapon,258,31,21,-1.1400835737492017,Balanced,Balanced Weapon,-3.602459387755102,12.189873979591836,77.32607163265307,2800.761220408164,5.251263265306122,5.914630714285715,-1.9409292857142857,Tight High-Spin Breakers,1,pitch_type_specific,Curveball
"Glickstein, Aaron",1000292360.0,SCH_BOO,Four-Seam,R,129,97,53.36805249555572,51.57123124882137,52.82900612153541,67.97532249018509,48.30217362647314,45.01769373070884,29.75322490185081,4.526832495062266,56.553464467504185,75.32249018508132,441,118,Command/Deception Weapon,572,139,81,-0.8046672165625637,Balanced,Balanced Weapon,14.641177509433962,9.628003924528302,88.89376645283018,2217.037629056604,6.091603169811321,5.309658150943396,2.3856755849056603,Soft-Speed Separation,0,pitch_type_specific,Four-Seam
"Jones, Breyln",690202.0,NEW_JER6,Four-Seam,R,26,16,53.0807294015204,49.42229850004949,51.98320013107912,63.48850252383623,47.45748078134447,42.07023810198326,19.209197980931016,4.525719349734651,56.55185297462044,75.26640493550197,442,119,Command/Deception Weapon,652,170,96,-2.3247032534257244,Balanced,Balanced Weapon,13.419927833333333,6.132457666666666,88.86618766666668,1990.1695816666663,5.887975666666667,5.808589,1.3377656666666666,Soft-Speed Separation,0,pitch_type_specific,Four-Seam
"Willeman, Landon",812254.0,EVA_OTT,Slider,R,103,31,49.28271908922193,76.18063174434725,57.35209288575952,85.86651710600111,52.83431439306537,60.83206210106478,83.4828939988783,4.517778492694148,56.54035705014936,75.2103196859226,443,102,Elite Weapon,253,111,81,9.861958329408829,RHH,Right-Handed Killer,1.0370622068965518,-4.123798,80.93965055172414,2261.061468965517,5.474103931034483,5.535208689655173,2.083764965517241,Tight High-Spin Breakers,1,pitch_type_specific,Slider
"Kirby, Zach",813716.0,WAS_WIL3,Changeup,L,119,37,51.48433026864917,69.72782168584408,56.95737769380764,84.24004486819966,52.44158177520516,59.46166815044492,81.21144139091419,4.515795918602485,56.53748689118543,75.15423443634323,444,55,Elite Weapon,282,39,26,,,,9.930012213114754,15.441075573770492,79.81976139344262,1690.2108459016397,6.066626639344262,6.000082704918032,2.113271393442623,Soft-Speed Separation,0,pitch_type_specific,Changeup
"Webster, Evan",804248.0,FLO_Y'A,Sinker,L,41,40,47.64709905949172,49.435147251389424,48.18351351706103,43.241727425687046,43.66795831464838,28.847148325552272,1.7106001121704992,4.515555202412649,56.53713840800242,75.09814918676389,445,75,Command/Deception Weapon,1013,119,59,-7.342991105899877,LHH,Left-Handed Killer,15.844424749999998,-11.154360375,88.978652375,1879.46013125,6.938769375,5.969678,-2.43866,Soft-Speed Separation,0,pitch_type_specific,Sinker
"Figueredo, Kevin",1000210447.0,WIN_CIT29,Changeup,R,74,27,51.244862185540434,44.83933879201176,49.32320516748183,49.63544587773416,44.82552464361113,32.886338916073626,4.234436343241727,4.497680523870699,56.51126135802973,75.04206393718452,446,56,Command/Deception Weapon,899,119,52,2.807828604843216,Balanced,Balanced Weapon,6.007454414414415,-12.659673333333332,83.98271423423424,1696.045325855856,5.341149459459459,5.242650630630631,-3.420458738738739,Tight High-Spin Breakers,1,pitch_type_specific,Changeup
"Ortiz, Julio",683650.0,GAT_GRI,Four-Seam,L,190,93,58.47952048400266,45.60269321432539,54.616472303099485,76.16376892877173,50.14162231839682,51.4362320574262,62.05832865956253,4.474849984702665,56.478209742496155,74.98597868760515,447,120,Elite Weapon,426,97,43,2.4378942121502547,Balanced,Balanced Weapon,18.16253161953728,8.397394550128535,95.46143593830334,2184.2959421593832,6.129130719794345,6.607959640102827,1.3486904627249356,Soft-Speed Separation,0,pitch_type_specific,Four-Seam
"Sesar, Jorden",813853.0,SUS_COU1,Curveball,R,91,28,48.89059884302373,56.40772996617541,51.14573817996923,59.05776780706674,46.680719528551045,39.35982171817557,12.815479528883902,4.465018651418184,56.46397698848586,74.9298934380258,448,64,Command/Deception Weapon,731,94,55,2.226160976727876,Balanced,Balanced Weapon,-11.888001544117646,-11.176484705882352,74.91239676470589,2417.764692647059,6.030058014705882,5.501168382352941,2.233816323529412,Tight High-Spin Breakers,1,pitch_type_specific,Curveball
"Morrissey, Joe",1000570088.0,EVA_OTT,Slider,R,60,25,56.14972693501196,75.08538049604186,61.83042300332093,93.88670779584967,57.37676669397175,76.68241134900282,99.77565900168256,4.453656309349178,56.447527803520856,74.87380818844643,449,103,Elite Weapon,110,59,47,,,,2.0027564788732395,-13.30657323943662,79.84573577464789,2768.314046478873,5.393376056338028,5.72691,0.974914647887324,Tight High-Spin Breakers,1,pitch_type_specific,Slider
"Maryniak, Connor",831880.0,NEW_JER6,Curveball,R,96,52,56.83713049531213,59.245589728719416,57.55966826533431,86.53954010095345,53.111784985272784,61.8002628660221,85.44587773415591,4.447883280061525,56.43917022847302,74.81772293886708,450,65,Elite Weapon,241,28,18,4.527485396015933,RHH,Balanced Weapon,-9.562291534653465,-4.527544405940594,81.29340762376236,2513.634288118812,4.767897772277228,6.131661683168317,1.5859285643564356,Tight High-Spin Breakers,1,pitch_type_specific,Curveball
"Odonnell, Brendan",1000423478.0,NEW_ENG23,Slider,L,109,54,59.77437678915969,52.42981568212068,57.57100845704799,86.65171060011218,53.13597398362341,61.88466751056591,85.67021873247336,4.4350344734245795,56.42056909891125,74.76163768928772,451,104,Elite Weapon,239,107,29,-5.404449213696665,LHH,Reverse Split Weapon,-1.2336298863636364,12.152738484848484,84.12559337121212,2651.091545454545,6.101607234848485,5.532538409090909,-1.620610568181818,Tight High-Spin Breakers,1,pitch_type_specific,Slider
"Rodriguez, Esteban",701454.0,TRO_AIG,Four-Seam,L,82,61,51.4543770999694,57.19763269523983,53.177353778550525,70.44307347167695,48.74874629484676,46.57595616021043,37.10039259674706,4.428607483703765,56.41126478981337,74.70555243970836,452,121,Command/Deception Weapon,528,125,55,0.8058492722947719,Balanced,Balanced Weapon,16.756395070422535,5.038134295774648,88.68312176056338,2157.194233802817,5.8072602112676055,6.162508591549296,1.1530240845070423,Soft-Speed Separation,0,pitch_type_specific,Four-Seam
"Phelps, Travis",1000568112.0,FLO_Y'A,Four-Seam,R,96,38,49.723596847628215,60.72542718436248,53.024145948648496,69.88222097588334,48.61248933759001,46.100503647577575,33.73527762198542,4.411656611058483,56.38672512732416,74.64946719012899,453,122,Command/Deception Weapon,538,126,71,3.267652981055946,RHH,Balanced Weapon,15.30228512987013,6.8658639610389605,91.05275636363636,2131.236573376624,6.391171103896104,6.066015909090909,1.4549275974025977,Soft-Speed Separation,0,pitch_type_specific,Four-Seam
"MacMillan, Blake",832350.0,TRO_AIG,Four-Seam,R,91,48,58.720502656436416,48.618454150781126,55.68988810473983,80.4823331463825,51.30100989459245,55.481777674438895,73.33146382501403,4.388878210147382,56.35374899198885,74.59338194054963,454,123,Elite Weapon,349,72,43,2.2434338664765434,Balanced,Balanced Weapon,21.93593690789473,-5.798935855263158,88.33472493421053,2202.016450657895,5.562984407894737,6.726249078947369,-0.0123508552631578,Soft-Speed Separation,0,pitch_type_specific,Four-Seam
"Sechrist, Zander",801415.0,WAS_WIL3,Slider,L,54,26,56.43718252547492,57.496043817021885,56.754840912939,83.6231071228267,52.40120285001855,59.320770673913046,80.56646102075155,4.353638062920453,56.302732071673546,74.53729669097028,455,105,Elite Weapon,293,124,35,-4.898906321163324,LHH,Balanced Weapon,3.356311777777778,6.918043111111111,69.6365611111111,1878.8226277777776,5.179534666666667,4.935716555555556,-2.6838605555555555,Tight High-Spin Breakers,1,pitch_type_specific,Slider
"Daly, Ryan",831333.0,JOL_SLA,Sinker,R,91,58,52.731525525336224,48.60794342332077,51.49445089473159,61.469433538979246,47.16679081980165,41.05590991357191,16.629276500280426,4.327660074929945,56.26512391598881,74.48121144139091,456,76,Command/Deception Weapon,688,64,32,1.511617989950615,Balanced,Balanced Weapon,12.713183406593409,15.624441373626372,90.03469373626373,2201.2913153846152,6.83080532967033,5.412784395604396,2.0057403846153847,Soft-Speed Separation,0,pitch_type_specific,Sinker
"Whitesell, Max",1000223610.0,FLO_Y'A,Changeup,L,49,19,52.06082169363898,54.72635709820903,52.86048231500999,68.25574873808189,48.54199673002402,45.85452804336575,32.922041503084685,4.318485584985972,56.25184206959381,74.42512619181156,457,57,Command/Deception Weapon,567,70,41,,,,8.982075492957746,10.875208309859154,85.48114929577466,1630.343385915493,6.437424225352113,5.257695774647887,2.772011690140845,Soft-Speed Separation,0,pitch_type_specific,Changeup
"Salata, Derek",1000057774.0,SCH_BOO,Changeup,R,70,38,58.09846025564913,47.60863227746474,54.95151186219381,77.56590016825575,50.643712666451805,53.18821685407499,66.3768928771733,4.307799195742007,56.23637145691428,74.36904094223219,458,58,Elite Weapon,401,53,22,0.4789618123501924,Balanced,Balanced Weapon,8.068090875912409,8.299134963503649,81.21176197080291,1615.3495810218978,5.997711240875912,6.046859562043796,1.216369270072993,Soft-Speed Separation,0,pitch_type_specific,Changeup
"Tokar, Heitor",677573.0,OTT_TIT,Slider,R,105,56,60.82966167360655,49.72662005562668,57.498749188212585,86.37128435221537,53.19391156668473,62.08683384391853,86.23107122826697,4.304837621527852,56.23208400616333,74.31295569265284,459,106,Elite Weapon,244,108,79,4.145696680132858,RHH,Balanced Weapon,3.8057955844155846,-3.419024415584416,81.94212012987012,2104.8071383116885,5.8973337012987015,6.831711363636364,2.4597715584415587,Tight High-Spin Breakers,1,pitch_type_specific,Slider
"Cameron, Wyatt",1000179557.0,TRI_VAL,Four-Seam,L,37,28,49.8047419367792,60.53086435754049,53.02257866300759,69.77005047672462,48.73372458486242,46.52353968255022,36.81996634885025,4.288854078145171,56.20894473963702,74.25687044307348,460,124,Command/Deception Weapon,540,128,56,-2.819515793210286,Balanced,Balanced Weapon,16.262928260869565,11.365948550724635,91.6060304347826,2252.8018840579707,5.501737536231884,5.907202173913044,1.2732226086956522,Soft-Speed Separation,0,pitch_type_specific,Four-Seam
"Cooper, Garrett",1000327042.0,NEW_YOR13,Curveball,R,97,55,52.00364833268684,55.23508227921185,52.97307851664435,69.37745372966909,48.71938520319759,46.47350410873875,36.53954010095345,4.25369331344676,56.158042740865774,74.20078519349411,461,66,Command/Deception Weapon,547,70,42,3.1449091766049264,RHH,Balanced Weapon,-5.670510670103093,-6.490437319587628,76.15799840206186,2195.551227835052,5.537445618556701,5.68569881443299,1.549036237113402,Tight High-Spin Breakers,1,pitch_type_specific,Curveball
"Balzan, Jackson",827496.0,SUS_COU1,Curveball,R,54,17,57.07306536215448,43.181010058253456,52.90544877098417,68.98485698261358,48.65260867132305,46.24049531048097,34.35221536735838,4.252840099661121,56.15680754909902,74.14469994391474,462,67,Command/Deception Weapon,554,71,43,0.2527327519367972,Balanced,Balanced Weapon,-5.086346746987952,5.083794939759036,76.14340048192771,2104.381384337349,5.116793132530121,5.416710240963855,-1.2165334939759036,Tight High-Spin Breakers,1,pitch_type_specific,Curveball
"Albert, Wes",670784.0,DOW_EAS1,Changeup,L,67,25,49.31110102862049,66.86682547286594,54.57781836189413,76.10768367919238,50.33652158537127,52.11630996360381,63.18003365114975,4.241296776522859,56.14009635907685,74.08861469433539,463,59,Elite Weapon,427,55,33,-9.59966522341812,LHH,Left-Handed Killer,11.84903585106383,12.810574680851063,82.54851521276596,1806.612877659575,6.001849468085107,6.008719255319149,1.4390030851063829,Soft-Speed Separation,0,pitch_type_specific,Changeup
"Lefebvre, Charles",1000429097.0,TRO_AIG,Curveball,L,64,29,58.484546402271,42.69593649619664,53.747963430448685,73.02299495232754,49.51763580072257,49.25890501556205,51.73864273696018,4.230327629726112,56.12421640022047,74.03252944475604,464,68,Command/Deception Weapon,482,59,22,3.5331281431148795,RHH,Balanced Weapon,-9.332323387096777,-8.908598548387097,77.36243129032258,2478.6603725806453,6.111624596774194,6.423389112903227,0.924952258064516,Tight High-Spin Breakers,1,pitch_type_specific,Curveball
"Belton, Hunter",10294453.0,MIS_MUD,Slider,R,75,22,49.920222423920144,78.2694636801939,58.42499480080227,88.61469433538979,54.198365484076255,65.59175681051485,92.48457655636568,4.226629316726012,56.11886237776386,73.97644419517667,465,107,Elite Weapon,204,98,73,,,,6.451122525252525,-2.5553682828282827,78.51569595959596,2107.5793404040405,5.822019595959596,6.092227070707071,1.0429552525252526,Tight High-Spin Breakers,1,pitch_type_specific,Slider
"Brown, Ethan",690384.0,WAS_WIL3,Four-Seam,R,42,25,61.93766347919579,32.221907264101354,53.02293661466746,69.82613572630399,48.80148492709816,46.7599813705305,38.44643858665171,4.221451687569299,56.11136675941672,73.92035894559731,466,125,Command/Deception Weapon,539,127,72,-4.043404325656077,LHH,Balanced Weapon,12.73733656716418,-10.77735776119403,90.37331104477612,2076.754858208956,6.087360149253732,5.5026225373134325,-1.867450597014925,Soft-Speed Separation,0,pitch_type_specific,Four-Seam
"Thebiay, Nolan",1000338675.0,EVA_OTT,Slider,R,50,13,53.629711463265046,62.12548235591774,56.178442731060855,81.99663488502524,51.95718716819734,57.77143054610959,78.12675266404936,4.221255562863512,56.11108283102043,73.86427369601795,467,108,Elite Weapon,322,132,94,,,,-0.6830991803278689,-1.1024534426229509,79.13704081967212,1839.8533573770487,6.183823278688524,5.521387540983607,1.6201790163934426,Tight High-Spin Breakers,1,pitch_type_specific,Slider
"Harley, Tristan",10041912.0,SUS_COU1,Four-Seam,R,53,40,52.17670119375008,51.56333216527626,51.99269048520793,63.65675827257431,47.78614174529097,43.217061605595305,22.630398205272016,4.206548739916961,56.08979186394462,73.80818844643858,468,126,Command/Deception Weapon,649,169,95,0.6315523376412742,Balanced,Balanced Weapon,13.604232549019608,15.63427411764706,91.9017562745098,2038.948475490196,5.784352941176471,5.234994901960784,1.6345105882352942,Soft-Speed Separation,0,pitch_type_specific,Four-Seam
"Moore, Kyle",1000517760.0,SCH_BOO,Cutter,L,39,51,54.75072657849808,40.89636301200503,50.594417508550166,56.53393157599551,46.392151586987424,38.35289806712714,11.749859786876051,4.202265921562741,56.08359165708126,73.75210319685922,469,21,Command/Deception Weapon,776,34,18,-0.1306676057128868,Balanced,Balanced Weapon,9.577103475609755,1.4451676219512195,84.22337792682927,2126.1918548780486,4.693244329268293,6.184250975609756,2.261241097560976,Tight High-Spin Breakers,1,pitch_type_specific,Cutter
"Garcia, Jorge",1000221236.0,SUS_COU1,Four-Seam,R,148,109,54.0482231177666,50.53016850162159,52.99280673292309,69.54570947840718,48.7913974295666,46.72478224276399,38.10992708917555,4.201409303356492,56.082351536758054,73.69601794727987,470,127,Command/Deception Weapon,544,130,73,3.793871336904026,RHH,Balanced Weapon,16.616959149560117,4.5649568035190615,86.35156463343108,2153.477324633431,6.067799794721408,5.55588486803519,1.198894340175953,Soft-Speed Separation,0,pitch_type_specific,Four-Seam
"Scafidi, Christian",690280.0,LAK_ERI24,Curveball,L,25,12,61.19245233147285,37.96904063710803,54.2254288231634,74.36904094223219,50.02837858706343,51.04108147072312,59.8149186763881,4.197050236099969,56.07604094487991,73.6399326977005,471,69,Elite Weapon,458,57,21,3.1009692331972047,RHH,Balanced Weapon,-6.872953278688525,-2.796024426229508,77.66586409836066,2245.834295081967,5.794509180327869,6.422081147540983,1.0652075409836066,Tight High-Spin Breakers,1,pitch_type_specific,Curveball
"Westcott, Zac",686170.0,FLO_Y'A,Four-Seam,L,118,122,53.25071519161939,46.70880135803363,51.28814104154366,60.12338754907459,47.09502049001953,40.80547584903385,16.2366797532249,4.193120551524132,56.07035196737426,73.58384744812115,472,128,Command/Deception Weapon,712,191,82,3.514252203638968,RHH,Balanced Weapon,16.477388523076925,14.460538953846154,83.39890763076923,2099.361166153846,5.902737046153846,5.932613384615385,1.8108055692307687,Soft-Speed Separation,0,pitch_type_specific,Four-Seam
"Scott, Brandon",1000138331.0,LAK_ERI24,Four-Seam,R,328,151,51.35548253883264,56.381303453454734,52.86322881321927,68.31183398766125,48.67398295210664,46.31507833147949,35.08132361189008,4.1892458611126315,56.0647426045445,73.52776219854178,473,129,Command/Deception Weapon,566,137,80,1.468197529482623,Balanced,Balanced Weapon,13.392251673728811,-8.819425593220338,88.82651868644068,2304.124253601696,6.191586843220339,5.602655148305085,-1.6927825,Soft-Speed Separation,0,pitch_type_specific,Four-Seam
"Moore, Kyle",1000517760.0,SCH_BOO,Slider,L,28,32,62.17285352586136,38.74682817977654,55.14504592203592,78.3510936623668,50.96349455487165,54.304057875368336,69.12507010656196,4.181551367164268,56.053603338238304,73.47167694896243,474,109,Elite Weapon,387,149,41,8.181718774872124,RHH,Right-Handed Killer,6.7844455660377365,-1.6474094339622642,82.74108273584906,2167.816869811321,4.802129433962264,6.29058783018868,2.453318679245283,Tight High-Spin Breakers,1,pitch_type_specific,Slider
"Marklund, Brandon",647282.0,OTT_TIT,Four-Seam,R,153,65,49.25427781687471,62.72686675724232,53.29605449898499,71.06001121704992,49.12151292721719,47.876681169446094,43.774537296690966,4.174541571767797,56.043455305346576,73.41559169938307,475,130,Command/Deception Weapon,517,121,68,5.486303333044866,RHH,Right-Handed Killer,16.920219498207885,10.538823655913978,90.76353982078854,2208.789931899641,5.25247935483871,5.688515555555555,2.198153870967742,Soft-Speed Separation,0,pitch_type_specific,Four-Seam
"Campbell, Tyler",809429.0,MIS_MUD,Changeup,L,25,37,65.62096054612563,41.09927352903941,58.26445444099976,88.33426808749299,54.11459531608858,65.29945073194621,91.7274256870443,4.149859124911174,56.007722695707855,73.3595064498037,476,60,Elite Weapon,209,28,18,3.0048888441588417,RHH,Balanced Weapon,11.415185144927536,-8.0886915942029,74.66492840579711,1850.970095652174,6.32425268115942,4.672256739130435,-2.4673460144927533,Tight High-Spin Breakers,1,pitch_type_specific,Changeup
"Townes, Holland",830218.0,SCH_BOO,Curveball,R,69,14,58.81973435465628,45.845834719964095,54.92756446424863,77.50981491867638,50.81686285376442,53.79240392296357,67.89119461581605,4.110701610484213,55.95103462966769,73.30342120022434,477,70,Elite Weapon,402,50,32,3.13569644312328,RHH,Balanced Weapon,-9.38448090909091,-13.510521212121212,78.36964555555555,2322.3926,4.931660101010101,5.844541111111111,2.594628585858586,Tight High-Spin Breakers,1,pitch_type_specific,Curveball
"Petery, Dylan",10998503.0,WIN_CIT29,Four-Seam,R,59,29,47.005251215862565,66.95507816910518,52.99019930183535,69.48962422882782,48.88033239572597,47.03511027277948,39.39988782950084,4.109866906109374,55.949826233848455,73.24733595064498,478,131,Command/Deception Weapon,545,131,74,4.202348826143705,RHH,Balanced Weapon,17.149415094339624,9.841408679245282,86.29239386792453,2346.468066981132,6.1853246226415095,5.291403396226416,1.3504088679245283,Soft-Speed Separation,0,pitch_type_specific,Four-Seam
"Brodsky, Jack",1000302079.0,WAS_WIL3,Four-Seam,R,176,166,50.1834471412594,58.97263240739158,52.82020272109905,67.91923724060572,48.73294555349401,46.52082134486687,36.707795849691536,4.087257167605038,55.91709426992681,73.19125070106563,479,132,Command/Deception Weapon,573,140,82,6.22607766696315,RHH,Right-Handed Killer,14.950709260089686,6.296376569506727,89.84890410313902,2152.5796932735425,6.274722511210762,5.444961210762331,1.5998584977578474,Soft-Speed Separation,0,pitch_type_specific,Four-Seam
"Gilleran, Jimmy",10103730.0,NEW_ENG23,Sinker,L,176,97,50.63447936580822,44.1208096208328,48.68037844231559,46.102075154234434,44.59372885695665,32.07751497488641,3.5614133482894004,4.086649585358941,55.916214677261245,73.13516545148626,480,77,Command/Deception Weapon,962,112,56,2.4158569888226182,Balanced,Balanced Weapon,11.620934377104378,15.881054444444445,87.66731265993266,2088.6827744107745,5.548459292929293,5.555530875420875,1.1642647138047135,Soft-Speed Separation,0,pitch_type_specific,Sinker
"Correa, Nelvin",673388.0,QUE_CAP,Slider,R,117,57,56.85185829524632,60.824413537965306,58.04362486806202,87.82950084127874,53.95972542186061,64.75905058046531,91.05440269209198,4.083899446201407,55.912233319596865,73.0790802019069,481,110,Elite Weapon,218,101,76,3.98331273680266,RHH,Balanced Weapon,4.381503134328359,-6.970833631840796,84.37630373134328,2410.977652238806,5.5507807960199,6.228350547263681,1.66021223880597,Tight High-Spin Breakers,1,pitch_type_specific,Slider
"Tiburcio, David",696010.0,DOW_EAS1,Four-Seam,R,39,27,55.09216977014148,47.71553599633441,52.87917963799936,68.64834548513741,48.80038640514427,46.75614820829298,38.33426808749299,4.078793232855084,55.90484108943038,73.02299495232754,482,133,Command/Deception Weapon,560,135,78,-1.4391082233765005,Balanced,Balanced Weapon,16.73086564102564,13.443002307692309,93.74055397435896,2269.538497435897,5.19450141025641,6.32845858974359,1.2195807692307692,Soft-Speed Separation,0,pitch_type_specific,Four-Seam
"Moore, Kyle",1000517760.0,SCH_BOO,Cutter,R,125,51,54.75072657849808,40.46080432629543,50.46374990283728,55.91699383062255,46.392151586987424,38.35289806712714,11.749859786876051,4.0715983158498545,55.894425057250736,72.96690970274817,483,22,Command/Deception Weapon,787,35,17,-0.1306676057128868,Balanced,Balanced Weapon,9.577103475609755,1.4451676219512195,84.22337792682927,2126.1918548780486,4.693244329268293,6.184250975609756,2.261241097560976,Tight High-Spin Breakers,1,pitch_type_specific,Cutter
"Hargrove, Dawson",1000471986.0,LAK_ERI24,Four-Seam,R,113,73,52.35123256045198,55.58124003144873,53.320234801751,71.228266965788,49.25740672263692,48.35086647186538,46.466629276500285,4.062828079114077,55.88172844546265,72.91082445316881,484,134,Command/Deception Weapon,514,119,67,3.850983411598918,RHH,Balanced Weapon,19.292834627659573,7.559105053191489,89.44491494680851,1979.581967553192,5.470098297872341,6.637600212765958,0.3056742553191489,Soft-Speed Separation,0,pitch_type_specific,Four-Seam
"Perdomo, Rafael",1000557553.0,QUE_CAP,Curveball,R,46,11,50.26745934145335,60.02417722139886,53.194474705437,70.49915872125631,49.138910612492296,47.9373883314478,44.33538979248458,4.0555640929447065,55.87121242232609,72.85473920358946,485,71,Command/Deception Weapon,527,68,41,6.478656183758446,RHH,Right-Handed Killer,-12.058477684210526,-6.526844421052632,79.88667115789474,2185.319587368421,5.491424736842105,6.068615368421053,1.412072842105263,Tight High-Spin Breakers,1,pitch_type_specific,Curveball
"Smith, Jackson",1000333915.0,MIS_MUD,Cutter,L,60,51,51.0338778887137,38.41066705075812,47.24691463732702,37.63320246775098,43.211620776393445,27.254812539254253,1.0936623667975325,4.035293860933578,55.84186734596687,72.79865395401009,486,23,Command/Deception Weapon,1113,54,24,1.942594813944325,Balanced,Balanced Weapon,3.371126713286713,5.8448547552447545,82.17088503496504,2422.092079020979,5.092863706293706,4.206598111888112,4.074077412587413,Tight High-Spin Breakers,1,pitch_type_specific,Cutter
"Anglin, Mack",683084.0,WAS_WIL3,Four-Seam,L,40,17,52.24740181635355,55.81080136304365,53.31642168036058,71.17218171620864,49.28319450214474,48.44084987388069,46.859226023555806,4.033227178215839,55.83887542351975,72.74256870443074,487,135,Command/Deception Weapon,515,120,53,2.7143066605064305,Balanced,Balanced Weapon,16.0538275,9.353857368421052,94.09248315789472,2418.4187065789474,6.080832105263158,6.1384625,1.4020315789473683,Soft-Speed Separation,0,pitch_type_specific,Four-Seam
"Marynczak, Arlo",837346.0,TRI_VAL,Four-Seam,R,189,140,51.85151780051564,55.24122036696597,52.86842857045073,68.53617498597869,48.84580568950598,46.914633421132926,39.06337633202468,4.022622880944752,55.82352365482835,72.68648345485137,488,136,Command/Deception Weapon,562,136,79,0.8069919865633963,Balanced,Balanced Weapon,16.97544687830688,10.863039391534391,89.06844592592593,2155.8000134920635,6.365442486772487,5.951273201058202,2.521450740740741,Soft-Speed Separation,0,pitch_type_specific,Four-Seam
"Harley, Tristan",10041912.0,SUS_COU1,Sinker,L,128,65,50.79075787444701,46.13260584944285,49.39331226694576,50.084127874369045,45.38548781735607,34.840264082898166,6.533931575995513,4.007824449589691,55.80210006688557,72.63039820527202,489,78,Command/Deception Weapon,891,102,50,0.6500840625075313,Balanced,Balanced Weapon,12.360737514124294,15.638296723163842,91.50546039548024,2026.4420175141245,5.713981581920904,5.2373997175141245,1.6715422033898306,Soft-Speed Separation,0,pitch_type_specific,Sinker
"Balzan, Jackson",827496.0,SUS_COU1,Curveball,L,29,17,57.07306536215448,42.33856755179747,52.652716019047375,67.13404374649468,48.65260867132305,46.24049531048097,34.35221536735838,4.000107347724324,55.79092807125243,72.57431295569265,490,72,Command/Deception Weapon,587,80,34,0.2527327519367972,Balanced,Balanced Weapon,-5.086346746987952,5.083794939759036,76.14340048192771,2104.381384337349,5.116793132530121,5.416710240963855,-1.2165334939759036,Tight High-Spin Breakers,1,pitch_type_specific,Curveball
"Earwood, Micah",1000112366.0,SUS_COU1,Curveball,L,72,40,58.15446524969601,42.44818693563796,53.44258175547859,71.7891194615816,49.45520397057746,49.04105653935668,50.0,3.9873777849011347,55.77249957014495,72.5182277061133,491,73,Command/Deception Weapon,504,63,25,2.557739059000248,Balanced,Balanced Weapon,-3.3137506410256408,-4.749653461538462,75.38488576923076,2353.8313952991457,5.554180213675213,5.618887393162392,1.43026594017094,Tight High-Spin Breakers,1,pitch_type_specific,Curveball
"Stuka, Ted",682247.0,OTT_TIT,Sinker,L,122,67,52.48859818280075,49.07051261486415,51.46317251241976,61.30117779024117,47.49173101280287,42.18975022769786,19.433538979248457,3.971441499616887,55.74942871884479,72.46214245653393,492,79,Command/Deception Weapon,691,65,33,-1.2617834865787358,Balanced,Balanced Weapon,11.84508928888889,19.52062111111111,95.10796235555554,2324.381935555556,5.233855377777777,5.834638177777777,2.2865744,Soft-Speed Separation,0,pitch_type_specific,Sinker
"Calderon, Jean",703300.0,LAK_ERI24,Four-Seam,L,36,25,54.77210994652653,46.06165162530903,52.15897245016127,64.49803701626472,48.20736681036488,44.68687657582069,28.968031407739765,3.951605639796391,55.72071248013752,72.40605720695457,493,137,Command/Deception Weapon,634,161,72,4.547513788037769,RHH,Balanced Weapon,12.021461494252874,0.7859933333333332,94.05460057471264,2525.7951379310343,6.383003908045977,6.249977241379311,1.5420213793103448,Soft-Speed Separation,0,pitch_type_specific,Four-Seam
"Barreto, Brayhans",810980.0,TRI_VAL,Sinker,L,76,49,46.82101842388873,49.995825642535614,47.7734605894828,40.77397644419518,43.830955686251336,29.415908346628832,2.047111609646663,3.942504903231466,55.70753740600536,72.34997195737522,494,80,Command/Deception Weapon,1057,125,61,-1.4888973533728702,Balanced,Balanced Weapon,12.348565027027028,-14.084673297297298,88.44461405405406,2051.4291945945947,6.238570810810812,6.839437675675675,-1.4941966486486489,Soft-Speed Separation,0,pitch_type_specific,Sinker
"Kirby, Zach",813716.0,WAS_WIL3,Four-Seam,L,163,140,51.09710294599844,60.53356035839219,53.92804016971655,73.41559169938307,49.99221690646973,50.91489956966316,59.2540661805945,3.9358232632468244,55.69786444146077,72.29388670779585,495,138,Elite Weapon,475,111,48,-3.708803388883752,LHH,Balanced Weapon,20.23035471428572,7.237524942857143,87.8447874,2174.366733142857,6.123339457142857,6.287446685714285,1.7813043714285717,Soft-Speed Separation,0,pitch_type_specific,Four-Seam
"Bauer, Patrick",10998513.0,QUE_CAP,Curveball,L,60,30,57.18116097224935,39.83601930916857,51.97761847332512,63.32024677509816,48.04391326119107,44.11652477714513,26.275939427930457,3.9337052121340506,55.69479815333921,72.2378014582165,496,74,Command/Deception Weapon,655,88,37,4.147515576382077,RHH,Balanced Weapon,-12.35305306569343,-14.479309854014598,70.4679094160584,2332.2914481751823,6.107858175182482,6.704482335766424,1.9438229197080288,Tight High-Spin Breakers,1,pitch_type_specific,Curveball
"Lyons, Kendall",1000234937.0,QUE_CAP,Four-Seam,R,41,29,61.38455311749392,36.09440025550104,53.79750725889605,73.19125070106563,49.87261283715506,50.49755533696009,57.17891194615816,3.924894421740987,55.6820428322986,72.18171620863713,497,139,Elite Weapon,479,113,64,-0.9999583581786736,Balanced,Balanced Weapon,18.45013329113924,11.224556075949367,90.89636037974684,2284.455565822785,6.601533924050632,5.942397215189874,2.128857341772152,Soft-Speed Separation,0,pitch_type_specific,Four-Seam
"Gollert, Harley",8890793.0,QUE_CAP,Slider,R,35,22,61.22049879124909,41.11845341699032,55.18988517897145,78.57543466068424,51.28619417945172,55.43007999138527,73.13516545148626,3.903690999519732,55.651346782849444,72.12563095905776,498,111,Elite Weapon,383,148,108,,,,0.9863563157894736,5.10749,79.37657543859649,2221.548757894737,5.088315438596491,5.615387543859649,-1.1260180701754383,Tight High-Spin Breakers,1,pitch_type_specific,Slider
"Daly, Ryan",831333.0,JOL_SLA,Four-Seam,L,357,208,53.80770842346184,48.673981310016806,52.26759028942833,65.00280426247896,48.37038649906481,45.25571446976365,30.650588895120585,3.8972037903635197,55.64195529448647,72.0695457094784,499,140,Command/Deception Weapon,625,158,70,2.235653958634672,Balanced,Balanced Weapon,14.734516201438849,13.53090712230216,90.4011362589928,2207.631893669065,6.798547798561151,5.384400287769784,2.125271251798561,Soft-Speed Separation,0,pitch_type_specific,Four-Seam
"Pardinho, Eric",672078.0,OTT_TIT,Slider,R,185,61,50.18590355921532,68.39562591239515,55.64882026516926,80.37016264722378,51.80704781309815,57.24753705058349,77.03309029725183,3.841772452071112,55.561707724848816,72.01346045989905,500,112,Elite Weapon,351,138,98,9.565593984416338,RHH,Right-Handed Killer,4.535617702702703,1.359346036036036,85.88813725225225,2351.76365945946,5.531059774774775,5.523843423423424,1.3674616216216215,Tight High-Spin Breakers,1,pitch_type_specific,Slider
"Martinez, Mason",809209.0,TRI_VAL,Sinker,L,172,105,53.61661583066135,46.83551546955356,51.58228572232902,61.69377453729668,47.74327928646439,43.06749813260275,22.29388670779585,3.8390064358646256,55.55770338208917,71.95737521031968,501,81,Command/Deception Weapon,684,63,32,-2.2451087826085896,Balanced,Balanced Weapon,12.08075008645533,18.898977002881846,88.78855988472623,2279.060583861672,6.448849077809799,5.39042409221902,2.6532596829971182,Soft-Speed Separation,0,pitch_type_specific,Sinker
"Salata, Derek",1000057774.0,SCH_BOO,Changeup,L,67,38,58.09846025564913,46.01209290296409,54.47255004984362,75.60291643297813,50.643712666451805,53.18821685407499,66.3768928771733,3.8288373833918143,55.54298171431784,71.90128996074033,502,61,Elite Weapon,436,58,35,0.4789618123501924,Balanced,Balanced Weapon,8.068090875912409,8.299134963503649,81.21176197080291,1615.3495810218978,5.997711240875912,6.046859562043796,1.216369270072993,Soft-Speed Separation,0,pitch_type_specific,Changeup
"Saturria, Michael",800014.0,NEW_ENG23,Cutter,R,131,67,58.504161164358415,44.888485421350126,54.41945844145592,75.4907459338194,50.6158472060533,53.09098363069415,65.70386988222097,3.80361123540262,55.50646199226506,71.84520471116096,503,24,Elite Weapon,438,20,11,2.426828832501677,Balanced,Balanced Weapon,12.884832840909093,-0.6339008712121212,86.51389030303031,2505.751821969697,6.362555681818182,5.700331742424242,3.1063919696969697,Soft-Speed Separation,0,pitch_type_specific,Cutter
"Geshel, James",1000215898.0,JOL_SLA,Four-Seam,R,44,23,50.37388548704707,59.93008863168468,53.24074643043835,70.83567021873247,49.48264606809836,49.13681248812373,50.5608524957936,3.758100362339988,55.44057621234579,71.7891194615816,504,141,Command/Deception Weapon,521,123,70,0.8561288991110914,Balanced,Balanced Weapon,18.93876252873564,9.141257011494252,88.79229793103448,2234.9640609195403,5.913033103448276,6.131844827586207,1.256743908045977,Soft-Speed Separation,0,pitch_type_specific,Four-Seam
"Brothers, Kellen",1000131959.0,SUS_COU1,Sinker,L,151,94,50.75384770569035,53.82991283785053,51.6766672453384,62.14245653393158,47.92094485739743,43.68744109778502,23.583847448121144,3.7557223879409705,55.437133635059006,71.73303421200224,505,82,Command/Deception Weapon,676,61,31,-0.6224919905098076,Balanced,Balanced Weapon,15.957715762711864,16.340592669491528,88.9614961440678,2338.055066525424,6.369458474576271,5.965890762711864,2.7657492796610166,Soft-Speed Separation,0,pitch_type_specific,Sinker
"Encarnacion, J.D.",1000563022.0,EVA_OTT,Four-Seam,R,169,107,48.53023665604964,60.09854918077495,52.00073041346722,63.76892877173304,48.2645626713239,44.88645475775472,29.52888390353337,3.7361677421433157,55.408824507970834,71.67694896242288,506,142,Command/Deception Weapon,647,167,93,4.660679671479208,RHH,Balanced Weapon,14.433681165644174,8.107315889570552,88.68619515337423,2332.7223423312885,5.892542331288344,5.32741226993865,2.263545766871166,Soft-Speed Separation,0,pitch_type_specific,Four-Seam
"Roland, Cole",813401.0,QUE_CAP,Changeup,L,38,17,53.979982474385736,52.587669587005664,53.56228860817171,72.40605720695457,49.84459096156311,50.39977632128917,56.61805945036456,3.717697646608606,55.38208547688671,71.62086371284352,507,62,Elite Weapon,493,64,39,-1.69449838698975,Balanced,Balanced Weapon,10.351916197183098,9.576182253521129,82.57694,2033.302404225352,5.564836901408451,5.607161267605634,1.162455352112676,Soft-Speed Separation,0,pitch_type_specific,Changeup
"Morse, Colby",1000128195.0,EVA_OTT,Four-Seam,R,38,33,51.91180269799755,52.63575795256935,52.12898927436909,64.38586651710601,48.415771632604425,45.41408051735511,31.43578238923163,3.7132176417646647,55.37559980448972,71.56477846326416,508,143,Command/Deception Weapon,636,162,90,1.135580195464243,Balanced,Balanced Weapon,15.107006860465118,10.455209418604651,89.31610220930233,2367.828565116279,6.422043255813953,5.623727325581395,2.532953372093023,Soft-Speed Separation,0,pitch_type_specific,Four-Seam
"McCartney, Seth",823530.0,MIS_MUD,Slider,R,36,10,51.48928017808027,71.01632776546532,57.34739445429578,85.81043185642176,53.63466229886927,63.62478131669997,89.4559730790802,3.712732155426508,55.3748969692357,71.50869321368481,509,113,Elite Weapon,254,112,82,,,,4.150951578947368,-3.011914736842105,81.93111140350877,2474.273214035088,5.4526545614035085,5.0330589473684215,3.1844436842105264,Tight High-Spin Breakers,1,pitch_type_specific,Slider
"Traver, Eliott",1000124995.0,LAK_ERI24,Sinker,R,57,15,49.32050769464989,51.7358531287221,50.04511132487155,53.897924845765566,46.33512962894414,38.153926698818665,11.497476163768928,3.709981695927411,55.370915147815026,71.45260796410544,510,83,Command/Deception Weapon,823,87,45,,,,8.846899846153846,16.66066323076923,80.70809461538461,2147.225324615385,5.766489538461538,4.664465384615385,1.5880960000000002,Soft-Speed Separation,0,pitch_type_specific,Sinker
"Johnson, Caiden",1000147367.0,OTT_TIT,Sinker,L,33,22,50.79960233240559,49.15334989577388,50.30572660141607,55.07571508693214,46.60798236263436,39.106013993468224,12.142456533931576,3.697744238781709,55.35319906473388,71.39652271452607,511,84,Command/Deception Weapon,802,83,42,-3.941779074522693,LHH,Balanced Weapon,12.792059047619048,-15.488509880952382,90.04158488095239,2224.8358119047616,5.949635,6.476081428571429,-2.32289119047619,Soft-Speed Separation,0,pitch_type_specific,Sinker
"Pardinho, Eric",672078.0,OTT_TIT,Changeup,R,26,36,49.53475213151699,53.496823383140175,50.72337350700394,56.982613572630406,47.03265266744952,40.58785071968007,15.28323051037577,3.690720839554423,55.34303133766924,71.34043746494672,512,63,Command/Deception Weapon,768,103,47,-1.6795843582143917,Balanced,Balanced Weapon,4.288907747252748,14.503079340659342,83.74423626373625,1561.7097362637364,5.371839450549451,5.495448516483517,1.3846515384615383,Soft-Speed Separation,0,pitch_type_specific,Changeup
"Brito, Richard",695870.0,NEW_ENG23,Slider,R,36,10,58.601778930049655,58.5248773832802,58.57870846601881,88.83903533370724,54.89601138219892,68.02610953545799,95.76556365675827,3.682697083819889,55.33141540132533,71.28435221536736,513,114,Elite Weapon,200,97,72,2.389372208496731,Balanced,Balanced Weapon,3.550484383561644,-6.026810547945206,81.67084835616438,2286.71134520548,6.091779726027397,6.295780684931507,2.214177534246576,Tight High-Spin Breakers,1,pitch_type_specific,Slider
"Riedel, Caleb",1000120428.0,SCH_BOO,Four-Seam,L,135,98,56.66559126076719,50.56802287588345,54.83632074530206,77.22938867077958,51.17503582593781,55.04220608356908,72.49018508132362,3.661284919364249,55.30041715716996,71.228266965788,514,144,Elite Weapon,407,88,38,-2.83044001978255,Balanced,Balanced Weapon,17.09450888888889,-15.05825615873016,89.45993425396826,2318.4261285714283,5.87077907936508,5.236448984126985,-1.515218126984127,Soft-Speed Separation,0,pitch_type_specific,Four-Seam
"McKillican, Adam",1000570064.0,QUE_CAP,Changeup,R,33,23,54.79848485924442,46.53644627039051,52.31987328258825,65.3954010095345,48.66590387148501,46.28688733662205,34.74481211441391,3.6539694111032404,55.28982654585343,71.17218171620864,515,64,Command/Deception Weapon,618,82,35,-3.533246722756246,LHH,Balanced Weapon,10.266131714285716,13.061906,85.51391328571428,1713.7797785714286,6.787187714285714,5.9040927142857145,1.6324174285714286,Soft-Speed Separation,0,pitch_type_specific,Changeup
"Harajli, Ahmad",800677.0,FLO_Y'A,Four-Seam,R,112,54,48.97111651465503,58.9932136154752,51.97774564490108,63.37633202467751,48.33455608898967,45.13068849793905,30.033651149747616,3.6431895559114054,55.27422062315989,71.11609646662927,516,145,Command/Deception Weapon,654,172,97,2.969071175104176,Balanced,Balanced Weapon,14.651722819148937,8.833245,92.03370441489362,2041.8302494680847,6.42600494680851,6.092600797872341,1.7260147872340423,Soft-Speed Separation,0,pitch_type_specific,Four-Seam
"Martinez, Gregory",1000051547.0,DOW_EAS1,Four-Seam,L,88,32,51.74940539841064,55.963057276148426,53.01350096173197,69.71396522714525,49.37204477561716,48.75088237879695,48.54178351093663,3.6414561861148087,55.27171123555091,71.06001121704992,517,146,Command/Deception Weapon,541,129,57,1.7128730757334978,Balanced,Balanced Weapon,16.361831409395972,13.06441832214765,95.12240932885906,2329.0957932885904,5.585727986577181,5.960431543624161,1.978974899328859,Soft-Speed Separation,0,pitch_type_specific,Four-Seam
"Kaminer, Brandon",690510.0,DOW_EAS1,Four-Seam,L,64,57,59.35163950369976,40.43254041193779,53.67590977617117,72.74256870443074,50.03907384191392,51.07840129566485,60.15143017386427,3.636835934257249,55.26502252851073,71.00392596747056,518,147,Elite Weapon,487,115,50,2.3917821600945643,Balanced,Balanced Weapon,18.059482432432432,-4.807482972972974,89.35872464864865,2364.501427567568,5.376486,6.120867675675675,-1.1812207027027029,Soft-Speed Separation,0,pitch_type_specific,Four-Seam
"Shinn, Nathan",1000490914.0,LAK_ERI24,Slider,L,77,34,58.42186789206092,46.984825019703685,54.99075503035374,77.7902411665732,51.36033064678978,55.688770412654456,73.89231632080762,3.6304243835639625,55.255740570387495,70.9478407178912,519,115,Elite Weapon,397,154,44,-2.989225540641968,Balanced,Balanced Weapon,0.306981304347826,0.7920934057971015,82.14640072463767,2178.8548934782607,5.243499492753624,5.706384637681159,-2.5168126811594203,Tight High-Spin Breakers,1,pitch_type_specific,Slider
"Darden, Nathan",1000439869.0,FLO_Y'A,Four-Seam,R,77,57,51.74484162276941,53.530608935853415,52.28057181669461,65.05888951205833,48.666006485825136,46.2872453972072,34.856982613572626,3.6145653308694747,55.232781528179736,70.89175546831183,520,148,Command/Deception Weapon,624,157,88,2.3235490702546286,Balanced,Balanced Weapon,15.758784966887417,7.606319867549669,91.55986417218544,1934.6062304635764,5.382498278145696,5.905142715231788,1.047986953642384,Soft-Speed Separation,0,pitch_type_specific,Four-Seam
"Shoemaker, Adam",692248.0,QUE_CAP,Sinker,L,25,13,46.82343669299163,54.07891770997846,49.00008099808768,47.61637689287717,45.39349798929645,34.868214629074686,6.646102075154234,3.606583008791233,55.221225575056884,70.83567021873247,521,85,Command/Deception Weapon,935,108,53,-1.454123117339691,Balanced,Balanced Weapon,10.456468387096772,-15.177693064516127,91.68103596774192,2055.517008064516,6.057157258064516,6.054410322580646,-2.6085229032258064,Soft-Speed Separation,0,pitch_type_specific,Sinker
"Flontek, Zac",1000563032.0,DOW_EAS1,Four-Seam,L,213,92,56.67544275261197,47.1428038618499,53.81565108538335,73.30342120022434,50.22967939417579,51.74349679294589,62.61918115535614,3.585971691207561,55.19138671144522,70.7795849691531,522,149,Elite Weapon,477,112,49,5.217013408900932,RHH,Right-Handed Killer,18.394149977876108,5.21941517699115,91.76319192477877,2601.2159132743363,6.46087703539823,6.22755028761062,0.8070723451327433,Soft-Speed Separation,0,pitch_type_specific,Four-Seam
"Baird, Dustin",1000027580.0,MIS_MUD,Four-Seam,R,41,20,50.016002951344014,52.20601311332294,50.673005999937686,56.75827257431296,47.09389769844379,40.80155800082561,16.12450925406618,3.5791083014938962,55.181450629059974,70.72349971957375,523,150,Command/Deception Weapon,772,210,118,5.219876172071963,RHH,Right-Handed Killer,14.368957530864195,13.404188024691356,89.54048,2056.317709876543,5.988174938271605,6.363452222222222,1.8677961728395065,Soft-Speed Separation,0,pitch_type_specific,Four-Seam
"Harley, Tristan",10041912.0,SUS_COU1,Four-Seam,L,49,40,52.17670119375008,49.45815770647201,51.361138147566656,60.74032529444756,47.78614174529097,43.217061605595305,22.630398205272016,3.574996402275687,55.175497860661785,70.6674144699944,524,151,Command/Deception Weapon,701,186,80,0.6315523376412742,Balanced,Balanced Weapon,13.604232549019608,15.63427411764706,91.9017562745098,2038.948475490196,5.784352941176471,5.234994901960784,1.6345105882352942,Soft-Speed Separation,0,pitch_type_specific,Four-Seam
"Delaney, Carter",1000039247.0,WIN_CIT29,Four-Seam,L,89,52,53.27886457573274,51.27822961411121,52.67867408724628,67.41446999439148,49.10511708429544,47.81946981766764,43.15759955131801,3.5735570029508352,55.17341405209581,70.61132922041503,525,152,Command/Deception Weapon,582,143,60,2.2889977618562085,Balanced,Balanced Weapon,17.8527373480663,9.499068453038674,89.05318093922652,2218.7472662983428,6.302993977900553,6.126104751381215,1.3231142541436465,Soft-Speed Separation,0,pitch_type_specific,Four-Seam
"Cameron, Zach",1000084075.0,WIN_CIT29,Changeup,R,86,63,56.97044625065188,48.83615312152558,54.53015831191399,75.88334268087493,50.96970124680727,54.32571539169146,69.34941110487942,3.560457065106725,55.15444936160162,70.55524397083566,526,65,Elite Weapon,431,57,23,-2.476363430449105,Balanced,Balanced Weapon,7.6586246987951805,20.94079297188755,80.465780562249,2125.460191566265,5.558825983935743,5.05451156626506,1.7271308032128514,Soft-Speed Separation,0,pitch_type_specific,Changeup
"Ginn, Landon",701061.0,WAS_WIL3,Four-Seam,R,74,56,47.34489975210824,63.53938197092999,52.20324441775476,64.83454851374088,48.648163829336205,46.22498556086195,34.24004486819967,3.555080588418555,55.146665873042075,70.49915872125631,527,153,Command/Deception Weapon,628,159,89,7.75050431199729,RHH,Right-Handed Killer,15.167455189873415,3.153595,91.86183810126585,2601.769874050633,5.646418734177215,6.435200949367089,0.6475664556962025,Soft-Speed Separation,0,pitch_type_specific,Four-Seam
"McEvoy, Aidan",1000079355.0,FLO_Y'A,Sinker,L,76,78,53.82409827917704,42.92277977314983,50.55370272736887,56.253505328098704,47.0072735800912,40.499293400510645,15.17106001121705,3.546429147277671,55.13414124082488,70.44307347167695,528,86,Command/Deception Weapon,781,80,41,-0.3637536611309144,Balanced,Balanced Weapon,12.65277179916318,-16.495139079497907,90.49798025104604,1968.584839748954,6.4670564285714285,5.112378661087866,-2.3481887447698746,Soft-Speed Separation,0,pitch_type_specific,Sinker
"Boies, Emiles",1000429129.0,QUE_CAP,Slider,R,78,27,51.42664006103099,68.26666276179324,56.47864687125966,82.78182837913629,52.96494561913206,61.287884291081,84.29613011777903,3.5137012521276034,55.08676129067295,70.38698822209759,529,116,Elite Weapon,308,128,91,,,,4.476808725490196,-0.1288298039215686,80.46713019607843,2102.480928431373,5.944978725490196,5.527963627450981,2.2089653921568626,Tight High-Spin Breakers,1,pitch_type_specific,Slider
"Eisenbarger, Jack",1000570067.0,QUE_CAP,Changeup,R,182,41,60.54893643800568,48.46881883868245,56.92490115820871,84.12787436904094,53.4248072029918,62.892516817091774,87.74537296690971,3.5000939552169115,55.06706209992528,70.33090297251823,530,66,Elite Weapon,284,40,14,-3.874506859252797,LHH,Balanced Weapon,14.302184052863437,-14.516045594713656,78.61982850220264,2316.0195876651983,5.9211210572687225,5.944517841409692,-1.7211874889867842,Tight High-Spin Breakers,1,pitch_type_specific,Changeup
"Bell, Brendan",681141.0,NEW_ENG23,Four-Seam,R,71,37,55.59977551130861,39.05787275116704,50.63720468326613,56.7021873247336,47.14057418188221,40.96443006092779,16.348850252383624,3.496630501383919,55.06204808147991,70.27481772293886,531,154,Command/Deception Weapon,773,211,119,-4.705342716918558,LHH,Balanced Weapon,11.161574901960783,3.241601568627451,92.05818797385622,2365.3515509803924,5.95834091503268,6.154103986928105,1.0895333333333332,Soft-Speed Separation,0,pitch_type_specific,Four-Seam
"Ryan, Dillon",1000132418.0,NEW_ENG23,Sinker,R,133,69,52.12126914805612,56.28399827844723,53.370087887173455,71.50869321368481,49.89024938967906,50.55909599793286,57.4032529444756,3.4798384974943914,55.037738412202714,70.2187324733595,532,87,Elite Weapon,509,42,22,1.6634014178120111,Balanced,Balanced Weapon,12.190088398576512,16.207753202846973,91.25033110320284,2329.6374334519573,6.245544626334519,4.76494743772242,1.7230106761565835,Soft-Speed Separation,0,pitch_type_specific,Sinker
"Kines, Gunnar",665129.0,JOL_SLA,Sinker,R,40,49,50.177206525725424,52.50107218242064,50.87436622273399,57.99214806505889,47.402887898826776,41.87974270499596,18.592260235558047,3.4714783239072133,55.02563544603255,70.16264722378016,533,88,Command/Deception Weapon,750,77,39,-1.1133981941544349,Balanced,Balanced Weapon,17.320623008849555,-12.703182389380531,84.67783743362831,2194.5131451327434,5.852600707964602,6.026419292035398,-1.2063709734513277,Soft-Speed Separation,0,pitch_type_specific,Sinker
"Rodriguez, Joe Joe",689487.0,NEW_JER6,Four-Seam,L,72,57,54.628697272021256,47.10713942389139,52.372229917582295,65.6758272574313,48.9114860907646,47.14381740144376,40.18508132361189,3.4607438268176978,55.01009518795377,70.10656197420079,534,155,Command/Deception Weapon,613,151,66,5.939017625557007,RHH,Right-Handed Killer,16.41940796178344,13.26883025477707,91.32814216560509,2159.3169955414014,5.788765668789809,5.677123312101911,2.468257388535032,Soft-Speed Separation,0,pitch_type_specific,Four-Seam
"De Jesus, Larry",692356.0,DOW_EAS1,Four-Seam,L,56,33,53.25925313986796,49.62540082255016,52.169097444672616,64.66629276500281,48.71146641349931,46.44587243007178,36.09085810431856,3.4576310311733067,55.0055888149717,70.05047672462142,535,156,Command/Deception Weapon,631,160,71,4.068011157870465,RHH,Balanced Weapon,16.755798144329898,12.39903,89.668863814433,2407.2815288659795,5.245855257731959,5.715880515463918,2.0161919587628865,Soft-Speed Separation,0,pitch_type_specific,Four-Seam
"Marklund, Brandon",647282.0,OTT_TIT,Slider,R,72,19,58.26829632348617,63.73477201032323,59.908239029537285,90.7459338194055,56.452660331779605,73.45785165906081,99.0185081323612,3.45557869775768,55.002617665911195,69.99439147504206,536,117,Elite Weapon,166,81,62,5.230787965903772,RHH,Right-Handed Killer,6.360011370967742,-14.17492435483871,79.64491620967742,2707.040933870968,4.872112016129032,5.508189596774193,2.485900483870968,Tight High-Spin Breakers,1,pitch_type_specific,Slider
"Smith, Jackson",1000333915.0,MIS_MUD,Slider,R,93,44,58.84545561006741,55.51406856187624,57.84603949561006,87.26864834548513,54.40218151835573,66.30294872000718,93.63432417274257,3.443857977254325,54.985649658935884,69.9383062254627,537,118,Elite Weapon,228,104,78,1.2326621338722674,Balanced,Balanced Weapon,1.7184955,-9.161899571428572,78.47183221428571,2643.898051428572,4.849725428571428,3.957759857142857,4.078768428571429,Tight High-Spin Breakers,1,pitch_type_specific,Slider
"Hopewell, Chase",803045.0,FLO_Y'A,Four-Seam,L,144,90,53.65007108632781,48.08531198026146,51.98064335450791,63.43241727425687,48.550911672552665,45.885635679339416,33.00616937745373,3.4297316819552464,54.96519911776809,69.88222097588334,538,157,Command/Deception Weapon,653,171,75,3.6026396070544067,RHH,Balanced Weapon,16.4105384,11.182410866666668,92.43692483333334,2210.5426976666668,6.5397534,6.6894754,0.8802102666666667,Soft-Speed Separation,0,pitch_type_specific,Four-Seam
"Daly, Ryan",831333.0,JOL_SLA,Changeup,L,192,76,56.632515881837264,58.34257959377898,57.14553499541978,85.08132361189007,53.75561906083402,64.04684561017831,89.98878295008413,3.3899159345857584,54.90755813239527,69.82613572630399,539,67,Elite Weapon,267,36,24,-4.2681633240628685,LHH,Balanced Weapon,5.291436027874564,16.269762682926828,79.12940648083624,2114.6711477351914,6.812283240418118,5.307025749128919,2.0752107317073167,Soft-Speed Separation,0,pitch_type_specific,Changeup
"Melendez, Omar",801018.0,NEW_ENG23,Four-Seam,R,70,31,55.36038361081666,45.19196336615468,52.30985753741806,65.28323051037577,48.925509624236135,47.19275086039712,40.40942232192933,3.3843479131819265,54.89949734585985,69.77005047672462,540,158,Command/Deception Weapon,620,155,86,2.381345960539342,Balanced,Balanced Weapon,19.01693326732673,-3.921573663366337,82.25815871287128,2139.8147465346538,6.9473517821782185,6.706490594059406,-0.5842511881188118,Soft-Speed Separation,0,pitch_type_specific,Four-Seam
"Hoeymans, Jack",1000184889.0,GAT_GRI,Sinker,L,31,18,50.14040596524132,45.641507585093336,48.79073645119692,46.83118339876612,45.40673662610793,34.91440928410424,6.982613572630399,3.383999825088992,54.89899342110648,69.71396522714525,541,89,Command/Deception Weapon,949,111,55,3.6294546930898193,RHH,Balanced Weapon,7.36031803030303,15.077851818181818,89.42637727272728,2157.4701924242427,6.318393181818182,5.686797272727273,2.1683143939393936,Soft-Speed Separation,0,pitch_type_specific,Sinker
"Morgan, Marcus",808861.0,JOL_SLA,Sinker,R,35,23,57.91700132630415,46.10192389804,54.37247809782491,75.2103196859226,50.9971070776147,54.42134479205765,69.91026360067303,3.37537102021021,54.88650155925124,69.6578799775659,542,90,Elite Weapon,443,35,18,-2.087695848123836,Balanced,Balanced Weapon,10.338318842105265,15.246999894736842,91.90567178947369,2455.207531578947,6.196234736842105,5.086414421052631,2.7535417894736844,Soft-Speed Separation,0,pitch_type_specific,Sinker
"Widener, Jacob",683179.0,SUS_COU1,Four-Seam,R,82,42,54.509375653023646,43.79016700033056,51.29361305721572,60.179472798653954,47.9575909329366,43.81531323763032,24.481211441390915,3.3360221242791255,54.82953643151542,69.60179472798654,543,159,Command/Deception Weapon,711,190,109,-3.3714334958075867,LHH,Balanced Weapon,10.098941184210526,-7.348917565789474,88.90884901315789,2358.6156217105263,6.671701250000001,4.306776381578947,-4.018049539473684,Soft-Speed Separation,0,pitch_type_specific,Four-Seam
"Majick, Eli",828663.0,NEW_ENG23,Curveball,L,25,17,55.938232838957205,43.026443755156045,52.06469611381686,64.1054402692092,48.75286476729918,46.59032708199772,37.436904094223216,3.3118313465176783,54.794515607865804,69.54570947840718,544,75,Command/Deception Weapon,641,87,36,2.7968859917915623,Balanced,Balanced Weapon,-0.965562,5.040149571428572,76.98630085714285,2207.3174742857145,5.510264428571428,5.526897857142857,-3.6216172857142857,Tight High-Spin Breakers,1,pitch_type_specific,Curveball
"Ginn, Landon",701061.0,WAS_WIL3,Slider,R,74,32,59.75655789866704,54.1371044045196,58.07072185042281,88.05384183959617,54.77076422507736,67.58907441627974,95.14862591138532,3.2999576253454492,54.77732610286775,69.48962422882782,545,119,Elite Weapon,214,100,75,3.7928252906594793,RHH,Balanced Weapon,1.048370633802817,-3.462452253521127,85.7958914084507,2877.623773239437,5.345960985915492,6.271683591549296,1.01999338028169,Tight High-Spin Breakers,1,pitch_type_specific,Slider
"Johnston, Spencer",800918.0,DOW_EAS1,Four-Seam,R,33,14,47.77003629006624,59.23881722755577,51.210670571313095,59.450364554122274,47.917718834119256,43.676184271680135,23.471676948962426,3.292951737193839,54.7671837264677,69.43353897924845,546,160,Command/Deception Weapon,724,192,110,2.9475628862153016,Balanced,Balanced Weapon,17.762294545454544,11.781931363636364,84.89395242424243,2141.41375,5.979750303030303,6.323320454545454,1.941465,Soft-Speed Separation,0,pitch_type_specific,Four-Seam
"Gamelin, Shaun",815222.0,JOL_SLA,Cutter,R,90,29,53.928172294953846,41.8057682075544,50.29145106873401,55.01962983735278,46.999337123495415,40.471600075297474,14.946719012899608,3.2921139452385972,54.76597086077942,69.37745372966909,547,25,Command/Deception Weapon,803,36,18,1.4696354883157454,Balanced,Balanced Weapon,5.717839662162162,-0.2565494594594595,83.97187256756756,2312.59095945946,5.058044527027027,5.685141824324324,2.0361214864864863,Tight High-Spin Breakers,1,pitch_type_specific,Cutter
"Williams, Pierce",1000337420.0,NEW_ENG23,Sinker,L,29,33,41.89952114714329,58.70303160407364,46.94057428422239,36.56758272574313,43.656238142075,28.806252171618603,1.598429613011778,3.2843361421473958,54.75471098839646,69.32136848008975,548,91,Command/Deception Weapon,1132,137,68,-5.967089624266059,LHH,Left-Handed Killer,12.359467111111112,-14.214802777777775,85.72990922222222,1874.1257666666663,6.108067333333333,5.857598777777778,-1.7146475555555554,Soft-Speed Separation,0,pitch_type_specific,Sinker
"Foster, Kobe",816330.0,WAS_WIL3,Changeup,R,208,66,59.8616112652124,45.47901456951292,55.54683225650256,79.75322490185081,52.26865678846198,58.85826689226826,79.92148065058889,3.2781754680405797,54.74579222259302,69.26528323051038,549,68,Elite Weapon,362,51,21,,,,15.907961552511416,-14.137279543378996,79.29364196347032,1885.836200456621,5.79697607305936,5.856687123287671,-1.3188855707762557,Tight High-Spin Breakers,1,pitch_type_specific,Changeup
"Bauer, Patrick",10998513.0,QUE_CAP,Four-Seam,R,100,87,50.80152289806473,54.57047960569604,51.93220991035412,63.15199102636007,48.66257010196391,46.27525454276508,34.57655636567583,3.2696398083902096,54.73343520644841,69.20919798093101,550,161,Command/Deception Weapon,658,173,98,0.2058036312649207,Balanced,Balanced Weapon,17.785209594594594,10.626135405405403,88.03887391891892,2435.584228828829,6.587104864864865,6.585092252252252,2.230718783783784,Soft-Speed Separation,0,pitch_type_specific,Four-Seam
"Escobar, Anthony",678673.0,TRO_AIG,Curveball,R,60,28,52.22157768787862,49.21150968537567,51.31855728712773,60.40381379697139,48.0658275963419,44.19299225388839,26.472237801458213,3.2527296907858343,54.708954544753404,69.15311273135165,551,76,Command/Deception Weapon,707,91,53,,,,-2.4425742105263155,-6.654195,77.11926842105264,2217.4702802631577,6.102272894736842,5.65591447368421,1.6709711842105264,Tight High-Spin Breakers,1,pitch_type_specific,Curveball
"Hocom, Quinn",1000152021.0,TRI_VAL,Changeup,R,37,26,55.13264463469572,59.44056855555394,56.42502181095318,82.6135726303982,53.18729937493104,62.063761384011926,86.11890072910825,3.237722436022146,54.68722864458902,69.09702748177229,552,69,Elite Weapon,311,44,16,1.0967059514219315,Balanced,Balanced Weapon,6.606933333333334,17.018922142857143,78.54569738095238,1993.7791515873016,5.63944072,6.073732619047619,2.095431349206349,Tight High-Spin Breakers,1,pitch_type_specific,Changeup
"Vailes, Gage",1000050773.0,GAT_GRI,Sinker,L,257,178,48.81733619661578,38.45538466885226,45.70875073828672,29.50084127874369,42.47383169452512,24.680384929613723,0.4206393718452047,3.2349190437616,54.68317019277133,69.04094223219293,553,92,Command/Deception Weapon,1258,160,82,4.180196392841928,RHH,Balanced Weapon,7.520274450867053,16.196351464354528,89.89710631984586,1955.006711753372,4.990543853564547,5.73653485549133,1.560382620423892,Soft-Speed Separation,0,pitch_type_specific,Sinker
"Marynczak, Arlo",837346.0,TRI_VAL,Four-Seam,L,189,140,51.85151780051564,52.55124707842131,52.061436583887335,64.04935501962984,48.84580568950598,46.914633421132926,39.06337633202468,3.2156308943813556,54.655246870725456,68.98485698261358,554,162,Command/Deception Weapon,642,164,73,0.8069919865633963,Balanced,Balanced Weapon,16.97544687830688,10.863039391534391,89.06844592592593,2155.8000134920635,6.365442486772487,5.951273201058202,2.521450740740741,Soft-Speed Separation,0,pitch_type_specific,Four-Seam
"Good, Ty",688612.0,GAT_GRI,Slider,L,48,42,63.55748898207476,40.21663191510925,56.5552318619851,83.00616937745373,53.34423894426365,62.61138342161623,87.07234997195738,3.2109929177214482,54.64853250361004,68.92877173303421,555,120,Elite Weapon,304,126,37,7.213654645039973,RHH,Right-Handed Killer,3.722708810572687,-0.3646196475770925,79.24667198237886,2054.79748061674,5.824234185022026,6.840432599118943,0.174738281938326,Tight High-Spin Breakers,1,pitch_type_specific,Slider
"Brothers, Kellen",1000131959.0,SUS_COU1,Changeup,R,61,46,58.69154477439726,49.425512858037045,55.91173519948919,81.04318564217611,52.709189731939226,60.39545441715282,82.58553000560852,3.2025454675499674,54.63630318772522,68.87268648345484,556,70,Elite Weapon,339,47,18,1.1611188126712122,Balanced,Balanced Weapon,10.255045178571429,12.2414040625,79.6899705357143,1494.639829017857,6.031372142857143,5.784421607142858,2.888931160714286,Soft-Speed Separation,0,pitch_type_specific,Changeup
"McEvoy, Aidan",1000079355.0,FLO_Y'A,Sinker,R,158,78,53.82409827917704,41.7102675693801,50.18994906623796,54.51486259113854,47.0072735800912,40.499293400510645,15.17106001121705,3.1826754861467563,54.60753755143584,68.8166012338755,557,93,Command/Deception Weapon,812,85,43,-0.3637536611309144,Balanced,Balanced Weapon,12.65277179916318,-16.495139079497907,90.49798025104604,1968.584839748954,6.4670564285714285,5.112378661087866,-2.3481887447698746,Soft-Speed Separation,0,pitch_type_specific,Sinker
"Glickstein, Aaron",1000292360.0,SCH_BOO,Slider,R,35,18,50.71047244539637,65.722813475149,55.21417475432216,78.68760515984296,52.0451589968615,58.07839782191971,78.57543466068424,3.169015757460656,54.58776245556521,68.76051598429613,558,121,Elite Weapon,381,146,106,,,,7.68966724137931,-0.3327377586206896,84.74827517241378,2233.2015879310343,5.577191034482759,5.242563275862069,2.4212356896551723,Tight High-Spin Breakers,1,pitch_type_specific,Slider
"Catrambone, Ben",1000565186.0,JOL_SLA,Four-Seam,R,114,75,52.233630786298384,54.64769655453293,52.95785051676874,69.32136848008975,49.8026753498224,50.25351675904815,56.11329220415031,3.1551751669463357,54.56772552726186,68.70443073471677,559,163,Elite Weapon,548,133,76,3.798059912085442,RHH,Balanced Weapon,20.122425887850465,8.774210280373833,87.91112686915888,2122.6396397196263,5.125707757009346,5.842913037383178,0.3272442523364486,Soft-Speed Separation,0,pitch_type_specific,Four-Seam
"Vega, Lucas",837223.0,TRO_AIG,Four-Seam,L,74,40,50.52335861946191,49.85844754888244,50.32388529828806,55.18788558609086,47.17828276999189,41.09600971253268,16.90970274817723,3.1456025282961733,54.55386728370579,68.64834548513741,560,164,Command/Deception Weapon,800,216,95,2.596303741824656,Balanced,Balanced Weapon,11.742717177419356,10.135257419354838,89.76036588709677,2080.6987959677417,6.134458548387097,5.202330403225806,2.333323306451613,Soft-Speed Separation,0,pitch_type_specific,Four-Seam
"Cerda, Junior",693702.0,EVA_OTT,Sweeper,R,41,10,64.24890745478027,40.9388455100226,57.25588887135296,85.41783510936624,54.11076908973935,65.28609956831927,91.64329781267526,3.1451197816136087,54.553168414632445,68.59226023555804,561,1,Elite Weapon,261,1,1,,,,-3.2137184905660376,-11.861814905660378,81.21965528301887,2677.3523,5.003277547169811,5.165904905660377,2.141532264150944,Tight High-Spin Breakers,1,pooled_fixed_effects,Pooled
"Bihm, Gage",815079.0,MIS_MUD,Slider,R,46,15,53.06544968203636,53.43387905807931,53.17597849484925,70.38698822209759,50.03897401081354,51.07805294686512,60.03925967470555,3.1370044840357068,54.541419953787475,68.53617498597869,562,122,Elite Weapon,529,194,134,2.3021259245209293,Balanced,Balanced Weapon,-2.379202093023256,10.09947976744186,80.46009593023255,2269.525519767442,4.989142325581395,6.076221976744185,-1.6505381395348837,Tight High-Spin Breakers,1,pitch_type_specific,Slider
"Barraza, Chris",696511.0,MIS_MUD,Four-Seam,R,356,178,53.93696168805037,54.243261146387006,54.02885152555135,73.69601794727987,50.89332194693715,54.05919887196647,68.28379136287155,3.1355295786142037,54.539284743288015,68.48008973639934,563,165,Elite Weapon,470,109,62,1.1757104809131107,Balanced,Balanced Weapon,19.968550540145984,10.236888291970802,93.08654427737224,2447.451753722628,5.8458528175182485,6.014555751824818,2.226387605839416,Soft-Speed Separation,0,pitch_type_specific,Four-Seam
"Brothers, Kellen",1000131959.0,SUS_COU1,Sinker,R,85,94,50.75384770569035,51.75493953615117,51.05417525482859,58.66517106001121,47.92094485739743,43.68744109778502,23.583847448121144,3.133230397431163,54.53595623440154,68.42400448681997,564,94,Command/Deception Weapon,738,71,36,-0.6224919905098076,Balanced,Balanced Weapon,15.957715762711864,16.340592669491528,88.9614961440678,2338.055066525424,6.369458474576271,5.965890762711864,2.7657492796610166,Soft-Speed Separation,0,pitch_type_specific,Sinker
"Vilchez, Michael",699074.0,OTT_TIT,Four-Seam,L,74,74,56.134993013438944,43.89248181280677,52.46223965324929,66.34885025238361,49.34090188640529,48.6422129557852,48.20527201346046,3.1213377668440003,54.5187393543727,68.3679192372406,565,166,Command/Deception Weapon,601,148,64,3.4253260528962173,RHH,Balanced Weapon,16.318599732142857,9.570913616071428,93.600628125,2263.055646875,6.1788178125,5.989576205357143,1.065914017857143,Soft-Speed Separation,0,pitch_type_specific,Four-Seam
"Hill, Kaleb",1000371973.0,OTT_TIT,Four-Seam,R,44,18,49.58441712689106,56.03667398537052,51.520094184434896,61.52551878855861,48.41387343659603,45.40745698722621,31.35165451486259,3.1062207478388686,54.49685454926609,68.31183398766125,566,167,Command/Deception Weapon,687,181,104,,,,14.22199948275862,-9.970164655172413,89.64480155172413,1952.2733793103448,5.526244482758621,6.302998620689655,-2.8867222413793105,Soft-Speed Separation,0,pitch_type_specific,Four-Seam
"Okumura, Shuto",1000232749.0,WAS_WIL3,Four-Seam,R,35,22,43.53116828697205,51.57592523961849,45.94459537276597,31.23948401570388,42.84810709296983,25.986374599351382,0.7571508693213684,3.0964882797961337,54.48276492179064,68.25574873808189,567,168,Command/Deception Weapon,1227,384,203,5.097502716278079,RHH,Right-Handed Killer,6.063611166666666,7.5925785,75.28482183333334,1756.9534733333337,5.557541333333333,3.995071833333333,2.741205,Tight High-Spin Breakers,1,pitch_type_specific,Four-Seam
"Bauer, Patrick",10998513.0,QUE_CAP,Four-Seam,L,122,87,50.80152289806473,53.884467501479634,51.7264062790892,62.310712282669655,48.66257010196391,46.27525454276508,34.57655636567583,3.063836177125289,54.43549469589293,68.19966348850252,568,169,Command/Deception Weapon,673,178,77,0.2058036312649207,Balanced,Balanced Weapon,17.785209594594594,10.626135405405403,88.03887391891892,2435.584228828829,6.587104864864865,6.585092252252252,2.230718783783784,Soft-Speed Separation,0,pitch_type_specific,Four-Seam
"Zentko, Dylan",1000303828.0,EVA_OTT,Four-Seam,L,128,74,49.78638897135183,59.640182647417205,52.74252707417144,67.69489624228828,49.68697019876058,49.84977733975933,54.71116096466629,3.055556875410865,54.42350880738029,68.14357823892317,569,170,Command/Deception Weapon,577,142,59,-2.839791925010104,Balanced,Balanced Weapon,17.52340806722689,-8.091076092436975,86.75003159663865,1946.1366806722688,5.669496890756302,5.904398025210084,-0.9905311764705882,Soft-Speed Separation,0,pitch_type_specific,Four-Seam
"Rohde, Isaac",1000135938.0,NEW_YOR13,Changeup,R,680,280,56.62283762392072,54.0926676640357,55.86378663595521,80.81884464385867,52.82489587850561,60.799197310136925,83.03421200224341,3.0388907574496002,54.39938138230116,68.0874929893438,570,71,Elite Weapon,343,48,19,3.415325111553741,RHH,Balanced Weapon,3.827496740273397,-20.20644006309148,76.40161269190325,1987.809585594112,6.218160863157895,4.842029642481599,-2.443652134595163,Tight High-Spin Breakers,1,pitch_type_specific,Changeup
"Huter, Blayne",1000145980.0,SUS_COU1,Four-Seam,R,81,57,48.87653795512247,58.783735312183794,51.84869716224087,62.87156477846326,48.81977247671535,46.82379360874898,38.72686483454852,3.028924685525517,54.38495356808309,68.03140773976443,571,171,Command/Deception Weapon,663,174,99,6.526447068905469,RHH,Right-Handed Killer,17.073467605633805,6.168043028169015,87.06390936619718,2055.407785211268,6.5439219718309865,5.933560211267606,1.5618921126760563,Soft-Speed Separation,0,pitch_type_specific,Four-Seam
"Brothers, Kellen",1000131959.0,SUS_COU1,Curveball,L,74,19,55.2552708364031,37.7418675283548,50.00124984398861,53.67358384744813,46.97804520955644,40.39730446364682,14.834548513740886,3.023204634432169,54.3766726892051,67.97532249018509,572,77,Command/Deception Weapon,827,100,43,2.842066689691471,Balanced,Balanced Weapon,-14.84358,-12.90856,74.21156068376068,2240.435976068376,5.8406147008547,5.97098452991453,2.7734329059829057,Tight High-Spin Breakers,1,pitch_type_specific,Curveball
"Culley, Wesley",1000189068.0,LAK_ERI24,Four-Seam,R,58,33,57.19373605045268,40.86003062838423,52.29362442383214,65.11497476163768,49.27063109458234,48.39701135133453,46.578799775659,3.0229933292498004,54.37636678413661,67.91923724060572,573,172,Command/Deception Weapon,623,156,87,-5.381578285562945,LHH,Left-Handed Killer,14.261879883720932,-12.403933023255814,89.6397788372093,2106.130493023256,5.303008255813953,5.620173720930233,-1.501712441860465,Soft-Speed Separation,0,pitch_type_specific,Four-Seam
"Gollert, Harley",1000114236.0,TRO_AIG,Changeup,R,165,81,52.16035896094133,52.62846829384736,52.30079176081314,65.17106001121705,49.28076865911773,48.43238518198045,46.69097027481772,3.0200231016954078,54.37206680600414,67.86315199102636,574,72,Command/Deception Weapon,622,83,36,2.09692328206922,Balanced,Balanced Weapon,9.703143586497893,-13.385575696202531,79.87379405063291,1537.850805485232,5.327333924050634,5.452015358649788,-1.879373248945148,Tight High-Spin Breakers,1,pitch_type_specific,Changeup
"VanMarter, Luke",1000565948.0,LEM_COL,Changeup,R,29,17,59.02563645008493,53.81420773251538,57.46220783481407,86.20302860347728,54.47354752490446,66.55197194651466,94.39147504206392,2.988660309909612,54.32666310666379,67.807066741447,575,73,Elite Weapon,247,35,12,,,,12.858843584905662,11.666221698113208,77.5559003773585,1755.574466037736,6.55444,6.129383584905661,0.8336458490566038,Soft-Speed Separation,0,pitch_type_specific,Changeup
"Hensey, Rob",802996.0,SUS_COU1,Sinker,R,342,179,54.48857243665065,41.36415476417346,50.55124713490749,56.19742007851934,47.56325684409901,42.43933114373007,20.49915872125631,2.987990290808483,54.325693124589876,67.75098149186763,576,95,Command/Deception Weapon,782,81,40,-3.9944614973598433,LHH,Balanced Weapon,13.453833242718446,-15.956270349514565,91.66656980582523,2144.0736149514564,6.224332330097087,5.782045281553398,-2.438503145631068,Soft-Speed Separation,0,pitch_type_specific,Sinker
"Majick, Eli",828663.0,NEW_ENG23,Slider,L,100,73,57.37627284259722,56.53068516606922,57.12259653963881,84.913067863152,54.14015264154154,65.38862999183448,92.23219293325856,2.982443898097273,54.31766364976496,67.69489624228828,577,123,Elite Weapon,270,115,31,-3.901454575850906,LHH,Balanced Weapon,3.958816319444445,8.422661145833334,79.52513493055557,2553.2926715277777,5.51057125,5.582822534722222,-3.633856805555556,Tight High-Spin Breakers,1,pitch_type_specific,Slider
"Primeaux, Parker",1000101108.0,SUS_COU1,Sinker,R,47,53,49.4249952411092,51.11395033971574,49.93168177069116,53.28098710039259,46.953096951869306,40.31025047358296,14.441951766685362,2.978584818821858,54.312076887070226,67.63881099270893,578,96,Command/Deception Weapon,834,91,47,1.728921233103044,Balanced,Balanced Weapon,-0.16696475,18.68088275,87.53163016666667,2062.2057083333334,5.514595833333333,4.10142725,3.656277833333333,Soft-Speed Separation,0,pitch_type_specific,Sinker
"Plumadore, Carson",1000207816.0,WIN_CIT29,Changeup,L,226,98,54.258878153834,53.24431818129775,53.95451016207312,73.52776219854178,50.99290371886323,54.40667766958465,69.68592260235557,2.961606443209888,54.287497408724086,67.58272574312956,579,74,Elite Weapon,473,62,38,-3.505034933558456,LHH,Balanced Weapon,8.672127909090909,18.56763015151515,83.32100115151516,2255.251977575758,5.919456060606061,4.466546757575758,4.04168996969697,Soft-Speed Separation,0,pitch_type_specific,Changeup
"Folkman, Max",10072010.0,WAS_WIL3,Slider,R,28,18,53.744352603288185,62.45591711546777,56.35782195694206,82.22097588334269,53.422011436681565,62.88276132171232,87.63320246775098,2.935810520260496,54.250152827355166,67.52664049355019,580,124,Elite Weapon,318,130,93,2.5624491274955616,Balanced,Balanced Weapon,3.168915283018868,11.188465849056604,72.71426075471697,2213.019075471698,5.66848283018868,3.7348849056603775,-2.9065243396226417,Tight High-Spin Breakers,1,pitch_type_specific,Slider
"Tokar, Heitor",677573.0,OTT_TIT,Four-Seam,R,157,86,51.42290721852663,51.02680796976056,51.3040774438968,60.29164329781268,48.37519741291538,45.27250158378972,30.874929893438026,2.928880030981425,54.24011960538763,67.47055524397084,581,173,Command/Deception Weapon,709,188,108,0.9583860669394396,Balanced,Balanced Weapon,17.43776196226415,6.363051773584906,88.10762279245283,2014.193189433962,6.358081320754717,7.007714490566038,2.17963720754717,Soft-Speed Separation,0,pitch_type_specific,Four-Seam
"Hensey, Rob",802996.0,SUS_COU1,Slider,R,29,33,61.87000509469015,45.9898726120233,57.10596534989009,84.74481211441392,54.19176459163378,65.56872377821632,92.40044868199664,2.914200758256314,54.21886852257912,67.41446999439148,582,125,Elite Weapon,273,117,85,-3.172204409542111,LHH,Balanced Weapon,5.059465044247788,-0.5098474336283185,82.80743575221238,2208.197291150442,6.201528141592921,5.627440707964602,-2.626804867256637,Soft-Speed Separation,0,pitch_type_specific,Slider
"Binns, Malik",702238.0,NEW_JER6,Four-Seam,R,48,27,45.99271092188919,62.0295930102148,50.80377554838688,57.59955131800336,47.89725735662518,43.60478636963829,23.359506449803703,2.9065181917616982,54.20774652356621,67.35838474481211,583,174,Command/Deception Weapon,757,201,115,7.774209491282917,RHH,Right-Handed Killer,13.728323636363635,7.518496868686869,91.26180868686868,2101.983876767677,6.524284747474748,6.029718383838384,0.9655309090909092,Soft-Speed Separation,0,pitch_type_specific,Four-Seam
"Campbell, AJ",1000132168.0,WIN_CIT29,Curveball,L,32,15,59.75506349981124,47.51181992199724,56.08209042646704,81.60403813796971,53.176592417167896,62.02640072314269,85.83847448121145,2.9054980092991443,54.206269612386926,67.30229949523276,584,78,Elite Weapon,329,41,15,-1.2659264809415731,Balanced,Balanced Weapon,-0.907671625,-16.111369375000002,75.246213125,2587.1884875,4.846445875,5.99745875,1.646426,Tight High-Spin Breakers,1,pitch_type_specific,Curveball
"Geshel, James",1000215898.0,JOL_SLA,Four-Seam,L,43,23,50.37388548704707,57.0763256346477,52.38461753132726,65.84408300616937,49.48264606809836,49.13681248812373,50.5608524957936,2.9019714632288967,54.201164255740835,67.24621424565339,585,175,Command/Deception Weapon,610,150,65,0.8561288991110914,Balanced,Balanced Weapon,18.93876252873564,9.141257011494252,88.79229793103448,2234.9640609195403,5.913033103448276,6.131844827586207,1.256743908045977,Soft-Speed Separation,0,pitch_type_specific,Four-Seam
"Maietta, Dante",1000137704.0,WIN_CIT29,Slider,R,99,33,51.09469666321992,71.47544380548479,57.20892080589938,85.19349411104879,54.33504188811616,66.06867293301381,93.18564217610768,2.873878917783223,54.16049486967878,67.19012899607402,586,126,Elite Weapon,265,113,83,8.963172690344962,RHH,Right-Handed Killer,7.303939517241379,-1.5416180000000002,80.9641368275862,2072.136615862069,6.273860551724138,6.4459821379310345,1.1613806206896553,Soft-Speed Separation,0,pitch_type_specific,Slider
"Bargo, Casey",1000057987.0,FLO_Y'A,Four-Seam,R,134,57,47.16288895628965,59.35079796594179,50.81926165918529,57.76780706674145,47.9578866589947,43.81634513868117,24.59338194054964,2.861375000190584,54.142393033629546,67.13404374649468,587,176,Command/Deception Weapon,754,200,114,5.482209071099682,RHH,Right-Handed Killer,14.499092872340425,11.617457659574466,91.28850819148936,2211.008404787234,5.88545335106383,6.041562446808511,2.546669574468085,Soft-Speed Separation,0,pitch_type_specific,Four-Seam
"Burcham, Jacob",1000122547.0,GAT_GRI,Changeup,R,42,28,55.83841729099187,44.53597616828618,52.44768495418016,66.18059450364554,49.58710474552947,49.501308669829456,53.19685922602355,2.8605802086506884,54.14124241934871,67.07795849691531,588,75,Command/Deception Weapon,604,79,34,-4.346411684686942,LHH,Balanced Weapon,3.352382372881356,17.859976016949155,83.45568254237288,1905.9719381355933,6.178184322033898,4.73182779661017,3.3136025423728817,Soft-Speed Separation,0,pitch_type_specific,Changeup
"Stegura, Drew",1000258563.0,WAS_WIL3,Four-Seam,L,52,29,51.78229268159272,53.563024122388704,52.31651211383152,65.33931575995513,49.46191610063704,49.06447772214395,50.11217049915872,2.854596013194481,54.13257914048172,67.02187324733595,589,177,Command/Deception Weapon,619,154,69,-6.115978963194081,LHH,Left-Handed Killer,18.277384025974023,6.174755844155844,88.48421350649352,2002.6468428571427,6.355353896103896,5.938328831168832,0.4990810389610389,Soft-Speed Separation,0,pitch_type_specific,Four-Seam
"Zeplin, Blane",830954.0,JOL_SLA,Slider,R,77,16,52.86302822426243,65.9547308826589,56.79053902178137,83.73527762198542,53.9376153227062,64.6819000084199,90.83006169377454,2.85292369907517,54.1301581427595,66.96578799775659,590,127,Elite Weapon,291,123,89,2.745964311906796,Balanced,Balanced Weapon,-0.7359081481481481,-6.8807256481481485,77.66854666666667,2272.876202777778,5.317516759259259,6.256682592592592,1.3656897222222224,Tight High-Spin Breakers,1,pitch_type_specific,Slider
"Milburn, Isaac",830926.0,FLO_Y'A,Slider,L,117,49,52.81548699684845,57.80609694023913,54.312669979865646,74.81772293886708,51.48166926330611,56.1121671423596,74.73359506449803,2.8310007165595366,54.09842039078953,66.90970274817722,591,128,Elite Weapon,450,165,47,-3.790588849839637,LHH,Balanced Weapon,-1.4185965975103734,15.499271784232366,78.93597360995851,2673.515343153527,4.823211078838175,5.460814771784232,-1.9443907883817428,Tight High-Spin Breakers,1,pitch_type_specific,Slider
"Daly, Ryan",831333.0,JOL_SLA,Sinker,L,91,58,52.731525525336224,43.56921679015208,49.98283290478098,53.5614133482894,47.16679081980165,41.05590991357191,16.629276500280426,2.8160420849793297,54.07676488207559,66.85361749859787,592,97,Command/Deception Weapon,829,90,44,1.511617989950615,Balanced,Balanced Weapon,12.713183406593409,15.624441373626372,90.03469373626373,2201.2913153846152,6.83080532967033,5.412784395604396,2.0057403846153847,Soft-Speed Separation,0,pitch_type_specific,Sinker
"Petschke, Ben",814386.0,EVA_OTT,Slider,L,58,42,64.48330232673379,42.09080227545972,57.76555231135157,87.10039259674706,54.97462220952514,68.30041270591536,96.10207515423444,2.790930101826433,54.04041043567612,66.79753224901852,593,129,Elite Weapon,231,105,27,6.843091348871766,RHH,Right-Handed Killer,-1.72902625,-13.48878722222222,81.05430777777778,2628.153921527778,5.040848680555556,5.794823680555556,1.8442963194444444,Tight High-Spin Breakers,1,pitch_type_specific,Slider
"Toribio, Noe",672848.0,TRO_AIG,Slider,R,179,62,50.53257875513057,66.11391000276146,55.20697812941983,78.6315199102636,52.43476543936301,59.43788335392264,80.95905776780707,2.7722126900568185,54.01331336656884,66.74144699943915,594,130,Elite Weapon,382,147,107,9.46511312111199,RHH,Right-Handed Killer,2.6086923628691983,1.1632924050632911,82.31335172995782,2220.7323257383964,5.8116766244725735,5.81033523206751,2.270117805907173,Tight High-Spin Breakers,1,pitch_type_specific,Slider
"Ronne, Andrew",701809.0,GAT_GRI,Slider,R,118,27,60.32391892749881,58.081850974488965,59.65129854159585,90.24116657319124,56.89909105776256,75.01561879740333,99.46719012899608,2.7522074838332884,53.98435196623118,66.68536174985978,595,131,Elite Weapon,175,86,66,5.373512198798942,RHH,Right-Handed Killer,-0.543487027027027,-14.46077491891892,81.34477275675675,2602.0723205405407,5.913850162162163,5.8748922162162165,2.142905243243243,Tight High-Spin Breakers,1,pitch_type_specific,Slider
"Lefebvre, Charles",1000429097.0,TRO_AIG,Sinker,L,237,164,47.85117495929836,46.369339961803696,47.40662446004996,38.36231071228267,44.67319294824948,32.354795508885644,3.785754346606842,2.7334315118004824,53.95717011983106,66.62927650028043,596,98,Command/Deception Weapon,1100,134,66,-0.2392527474324524,Balanced,Balanced Weapon,12.360593347022586,16.56286,88.98455262833676,2230.0740472279263,6.53550794661191,6.318150800821355,0.971486611909651,Soft-Speed Separation,0,pitch_type_specific,Sinker
"Scott, Brandon",1000138331.0,LAK_ERI24,Four-Seam,L,144,151,51.35548253883264,51.48731168851268,51.39503128373665,60.90858104318564,48.67398295210664,46.31507833147949,35.08132361189008,2.7210483316300085,53.9392430745228,66.57319125070107,597,178,Command/Deception Weapon,698,185,79,1.468197529482623,Balanced,Balanced Weapon,13.392251673728811,-8.819425593220338,88.82651868644068,2304.124253601696,6.191586843220339,5.602655148305085,-1.6927825,Soft-Speed Separation,0,pitch_type_specific,Four-Seam
"Sittinger, Brandyn",670087.0,LAK_ERI24,Slider,R,106,53,52.76214286151492,61.0971508245871,55.26264525043656,78.79977565900168,52.54925953531656,59.83739693986134,82.08076275939428,2.7133857151200047,53.92814995696628,66.5171060011217,598,132,Elite Weapon,379,145,105,7.179574365727838,RHH,Right-Handed Killer,3.6173377777777778,-0.6568575,87.57039361111111,2455.394373333333,5.753841333333334,5.777203999999999,1.9128033333333327,Tight High-Spin Breakers,1,pitch_type_specific,Slider
"Earwood, Micah",1000112366.0,SUS_COU1,Sinker,R,98,24,47.46952297984343,48.90413221725031,47.899905751065496,41.89568143578239,45.18694973246863,34.14748895263323,5.412226584408301,2.71295601859687,53.92752788824621,66.46102075154235,599,99,Command/Deception Weapon,1037,124,64,1.3307421968254545,Balanced,Balanced Weapon,6.750224848484849,15.29804709090909,87.29225921212121,2178.9338145454544,6.205936242424242,5.726666484848485,2.100952424242424,Soft-Speed Separation,0,pitch_type_specific,Sinker
"Stuka, Ted",682247.0,OTT_TIT,Sinker,R,103,67,52.48859818280075,44.86456765960167,50.201389025841024,54.62703309029725,47.49173101280287,42.18975022769786,19.433538979248457,2.709658013038151,53.922753388136854,66.40493550196298,600,100,Command/Deception Weapon,810,84,42,-1.2617834865787358,Balanced,Balanced Weapon,11.84508928888889,19.52062111111111,95.10796235555554,2324.381935555556,5.233855377777777,5.834638177777777,2.2865744,Soft-Speed Separation,0,pitch_type_specific,Sinker
"Grills, Evan",592361.0,OTT_TIT,Curveball,L,45,30,58.90054359027348,38.77802245976986,52.86378725112239,68.3679192372406,50.15824521465138,51.49423568491491,62.28266965787997,2.7055420364710088,53.916794716988484,66.34885025238361,601,79,Elite Weapon,565,73,30,-0.727206291003597,Balanced,Balanced Weapon,-13.108072692307692,10.181882307692309,72.76214523076924,2472.661917692308,5.196974461538462,6.328640076923077,-1.631221,Tight High-Spin Breakers,1,pitch_type_specific,Curveball
"Benitez, Jorge",1000561771.0,NEW_JER6,Sinker,L,107,61,52.36104962901813,47.97162837563451,51.04422325300304,58.553000560852496,48.348039220699874,45.177736288957135,30.314077397644414,2.696184032303165,53.90324719830569,66.29276500280426,602,101,Command/Deception Weapon,740,72,36,-0.9806639149442588,Balanced,Balanced Weapon,9.33076990430622,-12.633625645933014,93.16618162679428,2194.8750258373207,6.169465789473684,5.283555789473684,-2.8970969377990428,Soft-Speed Separation,0,pitch_type_specific,Sinker
"Miner, Jace",701731.0,DOW_EAS1,Curveball,R,105,50,51.12075053989002,44.889296683146185,49.25131438286687,49.18676388109928,46.56996626722129,38.97336133155258,11.862030286034772,2.6813481156455836,53.88176934314662,66.2366797532249,603,80,Command/Deception Weapon,907,104,59,0.5022518800497906,Balanced,Balanced Weapon,2.110247437185929,11.731966984924624,75.5765596482412,1841.0379763819087,5.440059648241206,4.917056783919597,-3.403086331658292,Tight High-Spin Breakers,1,pitch_type_specific,Curveball
"Moore, Kyle",1000517760.0,SCH_BOO,Changeup,L,114,28,47.86184716547616,63.85088562482572,52.65855870328103,67.19012899607402,50.00540787145045,50.96092787948602,59.394279304542906,2.6531508318305796,53.84094832806304,66.18059450364554,604,76,Elite Weapon,586,73,43,,,,9.853246854838709,16.394627016129032,82.09694870967742,2015.1598322580644,4.6925217741935485,6.123958225806452,2.356931048387097,Tight High-Spin Breakers,1,pitch_type_specific,Changeup
"Scott, Brandon",1000138331.0,LAK_ERI24,Slider,R,78,41,58.89088884450877,48.01589300744161,55.62839009338862,80.31407739764443,52.98737222481924,61.366139275182135,84.43634324172743,2.641017868569378,53.8233835200644,66.12450925406618,605,133,Elite Weapon,352,139,99,-4.038819636775301,LHH,Balanced Weapon,-0.3362480405405404,6.764234797297298,77.91278668918919,2400.684742567568,5.413931418918919,5.509008243243243,-1.814019391891892,Tight High-Spin Breakers,1,pitch_type_specific,Slider
"Morgan, Cooper",692707.0,QUE_CAP,Sinker,L,70,35,54.24232697263268,43.46611116940333,51.00946223166388,58.32865956253506,48.369058733288,45.251081388360106,30.538418395961862,2.640403498375882,53.822494100533774,66.06842400448683,606,102,Command/Deception Weapon,744,75,37,-2.357257412885801,Balanced,Balanced Weapon,12.005660261437908,-12.395338888888888,87.68984803921569,2169.644036601307,6.22609862745098,4.77867751633987,-4.141699803921568,Soft-Speed Separation,0,pitch_type_specific,Sinker
"Langhorne, Miles",695680.0,SUS_COU1,Slider,L,30,14,58.93516971766448,48.205329735064495,55.71621772288448,80.65058889512058,53.100119945892246,61.7595590928343,85.33370723499719,2.616097776992234,53.7873068737878,66.01233875490746,607,134,Elite Weapon,346,137,40,4.35459674197422,RHH,Balanced Weapon,0.0200218032786885,-3.07087,86.8480781967213,2486.6170918032785,5.895105081967213,5.775641639344262,1.883611147540984,Tight High-Spin Breakers,1,pitch_type_specific,Slider
"Lockhart, Gauge",840803.0,LAK_ERI24,Sinker,L,45,22,45.29255772399185,45.351197105311485,45.31014953838773,27.201346045989904,42.71890227330362,25.53552968551099,0.6449803701626472,2.591247265084114,53.751330957522555,65.9562535053281,608,103,Command/Deception Weapon,1299,168,85,3.8036024216456994,RHH,Balanced Weapon,9.52492746835443,14.793059620253166,89.12462253164557,1959.796896202532,6.223185443037974,5.905323544303798,1.7412384810126582,Soft-Speed Separation,0,pitch_type_specific,Sinker
"Floyd, Conner",1000161370.0,QUE_CAP,Curveball,R,37,14,54.6164350787236,50.30122411153903,53.321871788568224,71.34043746494672,50.73336659114997,53.50105360475055,66.99383062254627,2.5885051974182574,53.747361284901515,65.90016825574874,609,81,Elite Weapon,512,65,39,2.9195762610776868,Balanced,Balanced Weapon,-3.322893582089552,-16.494218208955225,77.51974552238805,2116.456601492537,5.064225373134328,5.923422835820896,2.750709253731343,Tight High-Spin Breakers,1,pitch_type_specific,Curveball
"Cook, Cole",1000161363.0,SCH_BOO,Four-Seam,L,152,155,47.03864749678319,59.46702988246071,50.76716221248644,57.37521031968592,48.18237124560318,44.59965751332368,28.3510936623668,2.5847909668832614,53.741984218738416,65.84408300616937,610,179,Command/Deception Weapon,761,204,88,-3.2025109678191583,LHH,Balanced Weapon,14.422346926829269,-9.815437292682928,84.73518063414633,2287.8158617073173,5.288438048780487,5.790651292682927,-0.9681834146341464,Tight High-Spin Breakers,1,pitch_type_specific,Four-Seam
"Morse, Colby",1000128195.0,EVA_OTT,Four-Seam,L,48,33,51.91180269799755,48.85049063435521,50.99340907890485,58.21648906337633,48.415771632604425,45.41408051735511,31.43578238923163,2.5776374463004217,53.73162811587657,65.78799775659002,611,180,Command/Deception Weapon,746,197,85,1.135580195464243,Balanced,Balanced Weapon,15.107006860465118,10.455209418604651,89.31610220930233,2367.828565116279,6.422043255813953,5.623727325581395,2.532953372093023,Soft-Speed Separation,0,pitch_type_specific,Four-Seam
"Vilchez, Michael",699074.0,OTT_TIT,Slider,R,94,21,48.30281885741734,74.0130369411151,56.01588428252667,81.26752664049354,53.45788457354626,63.00793638360808,88.08188446438587,2.557999708980411,53.70319869775932,65.73191250701066,612,135,Elite Weapon,335,135,97,11.179930314217486,RHH,Right-Handed Killer,1.2241474166666668,-4.7812676666666665,82.55334275,2301.7385625,5.71199125,5.952058666666667,1.2051731666666667,Tight High-Spin Breakers,1,pitch_type_specific,Slider
"Andueza, Axel",672847.0,DOW_EAS1,Four-Seam,R,222,165,48.51233252437791,54.08971224828044,50.18554644154867,54.45877734155917,47.665876845076326,42.79741148174257,21.28435221536736,2.5196695964723403,53.64770845582281,65.6758272574313,613,181,Command/Deception Weapon,813,220,124,3.0344351725362912,RHH,Balanced Weapon,13.941435178571428,8.002320912698412,90.5004286111111,2129.8112871031744,5.525622619047619,5.968329583333333,1.0274225396825396,Soft-Speed Separation,0,pitch_type_specific,Four-Seam
"Brouwer, Adam",10998502.0,LAK_ERI24,Four-Seam,L,127,119,55.56575520615212,45.663405302917376,52.595050235181695,66.90970274817722,50.07668433555931,51.209638658255926,60.99270891755468,2.5183658996223883,53.64582110280237,65.61974200785194,614,182,Elite Weapon,591,146,62,4.02215064542272,RHH,Balanced Weapon,19.29641007575757,10.454826931818182,90.5760731439394,2260.7728799242423,5.881494166666666,5.921604204545455,1.7540235606060608,Soft-Speed Separation,0,pitch_type_specific,Four-Seam
"Long, Jalon",809215.0,NEW_YOR13,Four-Seam,R,149,93,53.695295955875366,52.32984209181552,53.28565979665741,71.00392596747056,50.79009882382848,53.69901401071677,67.6668536174986,2.495560972828933,53.61280656612845,65.56365675827257,615,183,Elite Weapon,518,122,69,2.114607726681143,Balanced,Balanced Weapon,20.291421760299627,8.225591535580524,92.07524486891386,2126.62001835206,6.048634082397004,6.0783698876404495,1.0260373033707864,Soft-Speed Separation,0,pitch_type_specific,Four-Seam
"Lefebvre, Charles",1000429097.0,TRO_AIG,Sinker,R,250,164,47.85117495929836,45.57183080369551,47.16737171261751,37.4649467190129,44.67319294824948,32.354795508885644,3.785754346606842,2.49417876436803,53.61080555238538,65.50757150869322,616,104,Command/Deception Weapon,1116,136,69,-0.2392527474324524,Balanced,Balanced Weapon,12.360593347022586,16.56286,88.98455262833676,2230.0740472279263,6.53550794661191,6.318150800821355,0.971486611909651,Soft-Speed Separation,0,pitch_type_specific,Sinker
"Rodriguez, Leonardo",673164.0,NEW_JER6,Four-Seam,R,120,89,49.058435129111984,57.12248865593636,51.477651187159296,61.413348289399885,48.99090272610619,47.42093234352234,41.36287156477847,2.4867484610531037,53.60004875305378,65.45148625911385,617,184,Command/Deception Weapon,689,182,105,8.285811385436496,RHH,Right-Handed Killer,15.6606789298893,10.904436900369005,92.4129001107011,2440.406101476015,6.572768450184502,5.973439372693727,2.405820295202952,Soft-Speed Separation,0,pitch_type_specific,Four-Seam
"Grounds, Jackson",805984.0,TRO_AIG,Four-Seam,L,48,28,53.85669119700888,43.30198259039848,50.69027861502576,56.81435782389232,48.20529349543705,44.67964198896535,28.855860908581043,2.484985119588714,53.597495975666156,65.3954010095345,618,185,Command/Deception Weapon,771,209,92,4.870253104085506,RHH,Balanced Weapon,14.794461680672269,11.338694957983192,92.34799537815124,2221.2683058823527,5.926716806722689,6.091813613445378,1.708645714285714,Soft-Speed Separation,0,pitch_type_specific,Four-Seam
"Bell, Brendan",681141.0,NEW_ENG23,Cutter,R,58,42,51.74032571042518,49.83614635550088,51.16907190394789,59.28210880538418,48.69503951048637,46.38855269778418,35.81043185642176,2.4740323934615205,53.58163978890087,65.33931575995513,619,26,Command/Deception Weapon,727,30,16,2.4212895999239663,Balanced,Balanced Weapon,9.190364516129032,-0.4257773387096774,92.02838169354838,2394.918575,5.735027096774194,6.232390161290322,1.1142273387096773,Soft-Speed Separation,0,pitch_type_specific,Cutter
"Estrella, Noah",805762.0,TRI_VAL,Sinker,R,30,26,45.779844954289885,52.1415047749689,47.6883429004936,40.43746494671902,45.228160035027706,34.291287422029214,5.804823331463825,2.460182865465896,53.561589921866904,65.28323051037577,620,105,Command/Deception Weapon,1063,126,65,2.6601487659358654,Balanced,Balanced Weapon,14.397596533333331,14.532709333333331,91.53907,2090.026276,5.655002933333334,5.777369866666667,1.6296786666666667,Soft-Speed Separation,0,pitch_type_specific,Sinker
"Simone, Andrew",1000132681.0,TRO_AIG,Four-Seam,R,125,81,46.02097509633175,64.71023771404563,51.62775388164592,61.918115535614135,49.1692243443696,48.043164508154746,44.89624228827818,2.45852953727632,53.559196409945415,65.22714526079642,621,186,Command/Deception Weapon,680,179,102,5.745725911857655,RHH,Right-Handed Killer,15.973124204081632,8.819577510204082,91.3744778367347,1956.0033314285715,6.024441673469387,5.325568204081633,0.7882296734693878,Soft-Speed Separation,0,pitch_type_specific,Four-Seam
"Barreto, Brayhans",810980.0,TRI_VAL,Sinker,R,109,49,46.82101842388873,45.03283446462607,46.28456323610993,33.09029725182277,43.830955686251336,29.415908346628832,2.047111609646663,2.453607549858596,53.5520708823968,65.17106001121705,622,106,Command/Deception Weapon,1194,148,76,-1.4888973533728702,Balanced,Balanced Weapon,12.348565027027028,-14.084673297297298,88.44461405405406,2051.4291945945947,6.238570810810812,6.839437675675675,-1.4941966486486489,Soft-Speed Separation,0,pitch_type_specific,Sinker
"Nabholz, Nate",1000113106.0,TRI_VAL,Slider,R,48,31,54.02068579144232,54.90528350819593,54.2860651064684,74.64946719012899,51.87032501389217,57.46833534753357,77.14526079641054,2.415740092576229,53.497250423268824,65.11497476163768,623,136,Elite Weapon,453,166,119,3.58979430587263,RHH,Balanced Weapon,6.364354387755102,-1.623308469387755,83.35422806122449,1991.927945918368,5.677173775510204,6.343409591836735,0.7929161224489797,Tight High-Spin Breakers,1,pitch_type_specific,Slider
"Smith, Ethan",680733.0,WIN_CIT29,Slider,R,30,12,47.75431830743733,80.0,57.42802281520613,85.97868760515985,55.01510816757337,68.44168366093976,96.32641615255189,2.4129146476327534,53.49316004593276,65.05888951205833,624,137,Elite Weapon,251,110,80,10.612177500353797,RHH,Right-Handed Killer,-0.1680501724137931,-6.41851224137931,80.64356672413793,2422.812703448276,5.906365862068966,5.950621724137931,1.9861691379310344,Tight High-Spin Breakers,1,pitch_type_specific,Slider
"Sanchez, Edwin",835958.0,LAK_ERI24,Four-Seam,L,49,63,54.03576673668169,48.48715426051066,52.37118299383037,65.61974200785194,49.97127347470269,50.84181994527354,58.693213684800895,2.399909519127675,53.47433261027078,65.00280426247896,625,187,Elite Weapon,614,152,67,-1.5466374867824442,Balanced,Balanced Weapon,15.67126224390244,-13.323294048780488,87.21706497560974,2102.6404687804875,5.530440926829268,5.071215121951219,-1.4551019512195122,Soft-Speed Separation,0,pitch_type_specific,Four-Seam
"Estrella, Noah",805762.0,TRI_VAL,Slider,R,95,43,53.1796052684105,58.91063271499192,54.89891350238492,77.45372966909703,52.51198193039056,59.70732115302569,81.68816601233875,2.38693157199436,53.45554452489495,64.9467190128996,626,138,Elite Weapon,403,156,112,3.6515861452708407,RHH,Balanced Weapon,-2.756843429951691,0.6105395652173914,85.25604516908211,2585.013997101449,5.5936960869565215,5.66552,1.6843774396135267,Tight High-Spin Breakers,1,pitch_type_specific,Slider
"Petschke, Ben",814386.0,EVA_OTT,Curveball,R,81,41,56.8501094409979,48.26103709227889,54.27338773638219,74.42512619181156,51.89532026430006,57.55555331313019,77.25743129556926,2.3780674720821295,53.44271202802775,64.89063376332025,627,82,Elite Weapon,457,56,36,1.5990646715056087,Balanced,Balanced Weapon,-9.68742649122807,-15.798353742690058,77.21435374269007,2767.7947625730994,4.964299298245614,5.772370233918128,1.8074727485380115,Tight High-Spin Breakers,1,pitch_type_specific,Curveball
"Dima, Josh",1000098214.0,GAT_GRI,Four-Seam,R,178,68,57.27586480776375,42.98170486542872,52.98761682506324,69.43353897924845,50.61407628683432,53.08480421784589,65.59169938306225,2.373540538228923,53.43615841682475,64.83454851374088,628,188,Elite Weapon,546,132,75,-2.9092979111281494,Balanced,Balanced Weapon,17.929562305084744,-10.876460271186442,90.22969918644068,2047.4850905084745,6.186408610169492,6.289473288135594,-0.8613356949152543,Soft-Speed Separation,0,pitch_type_specific,Four-Seam
"Kaftan, Eddie",1000557510.0,FLO_Y'A,Slider,R,38,16,47.67531960157709,75.91468800984521,56.147130124057526,81.88446438586652,53.77584906387893,64.11743580954807,90.07291082445316,2.371281060178596,53.43288738589218,64.77846326416153,629,139,Elite Weapon,324,133,95,,,,1.0900816129032258,-6.313425322580645,77.08446870967742,2437.369164516129,4.720545806451613,6.051520483870968,1.7006190322580643,Tight High-Spin Breakers,1,pitch_type_specific,Slider
"De Los Santos, Enmanuel",679735.0,NEW_ENG23,Curveball,R,70,17,48.75376705547775,49.62764440547295,49.0159302604763,47.78463264161525,46.660666576318256,39.28984931664292,12.47896803140774,2.3552636841580465,53.409699140087234,64.72237801458216,630,83,Command/Deception Weapon,932,109,60,2.9887270797933496,Balanced,Balanced Weapon,-5.472398976377953,-10.928714015748032,71.45093795275591,2210.234487401575,6.462507401574803,6.131886535433071,1.274961496062992,Tight High-Spin Breakers,1,pitch_type_specific,Curveball
"Simpson, Garret",1000073158.0,EVA_OTT,Curveball,R,66,31,47.72380585313154,62.76905080272967,52.23737933801098,64.89063376332025,49.885569670478006,50.542766672096185,57.29108244531688,2.351809667532976,53.40469878382328,64.66629276500281,631,84,Elite Weapon,627,85,50,7.698010747274324,RHH,Right-Handed Killer,-11.020175214285716,-12.76303357142857,76.74323142857143,2629.999992142857,5.171621642857143,5.451956714285714,1.9657900714285712,Tight High-Spin Breakers,1,pitch_type_specific,Curveball
"Khan, Sebastian",10023081.0,QUE_CAP,Changeup,L,64,24,45.8217726524829,49.2786648891812,46.85884032349239,36.06281547952888,44.50837753064412,31.779691631632275,3.4212002243409985,2.350462792848269,53.402748922546536,64.61020751542344,632,77,Command/Deception Weapon,1141,157,90,,,,-2.0058264197530864,17.968705555555555,85.72891098765433,1809.0400592592591,5.038142222222223,3.9523517283950618,2.139095802469136,Tight High-Spin Breakers,1,pitch_type_specific,Changeup
"McKillican, Adam",1000570064.0,QUE_CAP,Sinker,L,40,20,45.082987321177086,47.4365896911311,45.789068032163286,29.893438025799213,43.45858553446908,28.116566809442244,1.4021312394840155,2.330482497694206,53.373823585793915,64.55412226584409,633,107,Command/Deception Weapon,1251,158,80,,,,11.505230169491526,12.61400372881356,88.55637271186441,1988.2933796610168,6.725178813559322,5.93190593220339,1.6888528813559325,Soft-Speed Separation,0,pitch_type_specific,Sinker
"Primeaux, Parker",1000101108.0,SUS_COU1,Four-Seam,L,43,18,44.4315182772942,51.85708570492306,46.65918850558286,35.3337072349972,44.33280979750487,31.167068822941324,2.972518227706113,2.326378708077989,53.36788255761111,64.49803701626472,634,189,Command/Deception Weapon,1154,354,164,,,,5.9862229508196725,15.78724344262295,87.81037,2098.658480327869,5.561642295081967,4.446217377049181,3.2780167213114755,Soft-Speed Separation,0,pitch_type_specific,Four-Seam
"Maher, Adam",1000133555.0,TRI_VAL,Slider,R,67,31,57.132064319506455,47.636833094470376,54.28349495199563,74.59338194054963,51.9765784443985,57.839094107505744,78.43522153673584,2.30691650759713,53.33970726297631,64.44195176668536,635,140,Elite Weapon,454,167,120,-3.20136501190472,LHH,Balanced Weapon,5.147968680555556,0.7079660416666667,79.30566486111111,1886.037194305556,5.705482430555556,5.5899407638888885,-0.8529539583333334,Tight High-Spin Breakers,1,pitch_type_specific,Slider
"Vitas, Ben",1000076969.0,JOL_SLA,Splitter,L,116,34,55.179092419059415,44.18382067686949,51.880510896402434,63.095905776780704,49.61385479727113,49.59464980682304,53.86988222097588,2.2666560991313034,53.281422544773065,64.38586651710601,636,12,Command/Deception Weapon,659,13,8,-1.7276928938228124,Balanced,Balanced Weapon,-0.0288667701863354,6.253627826086956,81.29842397515527,1041.7159688198758,4.925853540372671,5.46487652173913,1.887327453416149,Tight High-Spin Breakers,1,pooled_fixed_effects,Pooled
"Shinn, Nathan",1000490914.0,LAK_ERI24,Four-Seam,R,149,73,55.06340846168352,46.345581097423846,52.44806025240561,66.2366797532249,50.19067147603104,51.60738328309,62.3948401570387,2.257388776374569,53.26800630494944,64.32978126752664,637,190,Elite Weapon,603,149,85,-3.5088743300099523,LHH,Balanced Weapon,17.40977764,-9.48407284,89.0775906,1970.19583,5.88117904,5.802242000000001,-2.28558964,Soft-Speed Separation,0,pitch_type_specific,Four-Seam
"Matos, Dwayne",684228.0,OTT_TIT,Slider,R,83,27,47.34791978678899,72.790886439623,54.98080978263919,77.73415591699383,52.739029998614114,60.49957849311818,82.80987100392598,2.241779784025077,53.24540927339426,64.27369601794727,638,141,Elite Weapon,398,155,111,7.706517890481223,RHH,Right-Handed Killer,4.425626153846154,-0.7831709090909091,81.52348272727272,2025.559358041958,6.170998881118881,4.856444895104896,1.414832027972028,Tight High-Spin Breakers,1,pitch_type_specific,Slider
"Soto, Noel",1000195638.0,TRI_VAL,Four-Seam,L,59,28,52.73595525250629,50.48230321695118,52.05985964183975,63.99326977005048,49.81850449120598,50.30875067293531,56.22546270330903,2.2413551506337726,53.24479453453554,64.21761076836792,639,191,Elite Weapon,643,165,74,4.106149119249096,RHH,Balanced Weapon,19.385374347826087,11.35266032608696,87.7839097826087,2096.501852173913,5.506398913043478,5.324571956521739,1.6084433695652174,Soft-Speed Separation,0,pitch_type_specific,Four-Seam
"Sesar, Jorden",813853.0,SUS_COU1,Curveball,L,45,28,48.89059884302373,48.98719337708248,48.91957720324135,47.22378014582165,46.680719528551045,39.35982171817557,12.815479528883902,2.2388576746903084,53.24117895567951,64.16152551878855,640,85,Command/Deception Weapon,942,110,50,2.226160976727876,Balanced,Balanced Weapon,-11.888001544117646,-11.176484705882352,74.91239676470589,2417.764692647059,6.030058014705882,5.501168382352941,2.233816323529412,Tight High-Spin Breakers,1,pitch_type_specific,Curveball
"Cook, Cole",1000161363.0,SCH_BOO,Curveball,R,76,27,60.09106476239658,40.478355493516304,54.20725198173249,74.31295569265284,51.97286011789698,57.82611944761659,78.32305103757712,2.234391863835512,53.234713831823605,64.1054402692092,641,86,Elite Weapon,459,58,37,0.6782513601779669,Balanced,Balanced Weapon,-3.8420065909090906,6.04773,76.65368356060605,2485.9128553030305,4.933934318181818,5.849353560606061,-1.0467274999999998,Tight High-Spin Breakers,1,pitch_type_specific,Curveball
"Turner, Eric",1000080978.0,JOL_SLA,Changeup,L,161,61,53.1009488579187,53.84287841807726,53.323527725966265,71.39652271452607,51.105840310486975,54.80075652865179,71.81716208637128,2.21768741547929,53.21053091609364,64.04935501962984,642,78,Elite Weapon,511,65,40,-2.262122699501653,Balanced,Balanced Weapon,4.742396214953272,15.28549859813084,79.55340074766355,1667.5696990654203,5.114279579439253,5.524950700934579,2.627644813084113,Tight High-Spin Breakers,1,pitch_type_specific,Changeup
"Smith, Jackson",1000333915.0,MIS_MUD,Slider,L,47,44,58.84545561006741,51.40519478230202,56.61337736173779,83.1744251261918,54.40218151835573,66.30294872000718,93.63432417274257,2.2111958433820575,53.201133111530766,63.993269770050475,643,142,Elite Weapon,301,125,36,1.2326621338722674,Balanced,Balanced Weapon,1.7184955,-9.161899571428572,78.47183221428571,2643.898051428572,4.849725428571428,3.957759857142857,4.078768428571429,Tight High-Spin Breakers,1,pitch_type_specific,Slider
"Maietta, Dante",1000137704.0,WIN_CIT29,Changeup,R,137,70,61.47484809248376,46.7743972517807,57.06471284027283,84.57655636567583,54.86424378909084,67.91526028219693,95.48513740886146,2.20046905118199,53.18560400776779,63.937184520471114,644,79,Elite Weapon,276,37,13,-5.14788970550191,LHH,Left-Handed Killer,15.345352636363636,13.894521787878787,77.74703315151514,1871.0163581818183,6.306961545454545,6.366413727272727,1.234851272727273,Soft-Speed Separation,0,pitch_type_specific,Changeup
"Miner, Jace",701731.0,DOW_EAS1,Curveball,L,94,50,51.12075053989002,43.21512374964691,48.74906250281708,46.66292765002804,46.56996626722129,38.97336133155258,11.862030286034772,2.179096235595793,53.15466272870181,63.88109927089175,645,87,Command/Deception Weapon,952,111,51,0.5022518800497906,Balanced,Balanced Weapon,2.110247437185929,11.731966984924624,75.5765596482412,1841.0379763819087,5.440059648241206,4.917056783919597,-3.403086331658292,Tight High-Spin Breakers,1,pitch_type_specific,Curveball
"Hampton, Ky",673132.0,OTT_TIT,Changeup,L,168,85,43.52377351827131,67.0070578434216,50.5687588158164,56.36567582725744,48.40249407177531,45.367750041576585,31.26752664049355,2.1662647440410936,53.13608666606629,63.8250140213124,646,80,Command/Deception Weapon,779,104,57,-9.62137375767572,LHH,Left-Handed Killer,2.458553457627118,15.61536918644068,83.88171122033899,1730.3064823728814,5.98364,5.449053593220339,2.3468937288135594,Soft-Speed Separation,0,pitch_type_specific,Changeup
"Sanchez, Sergio",1000583994.0,MIS_MUD,Four-Seam,L,150,104,51.89124640536787,49.13355877160427,51.06394011523879,58.8334268087493,48.90071042744626,47.10621700067792,39.84856982613573,2.16322968779253,53.131692835876294,63.76892877173304,647,192,Command/Deception Weapon,735,195,84,2.6636669205575174,Balanced,Balanced Weapon,15.444765691318327,11.211546623794211,91.47516279742766,2285.9532736334404,6.205942161290323,5.504842122186496,2.216776881028939,Soft-Speed Separation,0,pitch_type_specific,Four-Seam
"Shoemaker, Adam",692248.0,QUE_CAP,Sinker,R,37,13,46.82343669299163,49.23184065217952,47.54595788074799,39.484015703869886,45.39349798929645,34.868214629074686,6.646102075154234,2.1524598914515423,53.11610147531239,63.712843522153676,648,108,Command/Deception Weapon,1080,130,67,-1.454123117339691,Balanced,Balanced Weapon,10.456468387096772,-15.177693064516127,91.68103596774192,2055.517008064516,6.057157258064516,6.054410322580646,-2.6085229032258064,Soft-Speed Separation,0,pitch_type_specific,Sinker
"Campbell, AJ",1000132168.0,WIN_CIT29,Slider,R,310,137,53.52384438976813,64.91370195500019,56.94080165933775,84.1839596186203,54.788568606295264,67.65120069560048,95.26079641054402,2.1522330530424867,53.115773082897775,63.65675827257431,649,143,Elite Weapon,283,121,88,6.581306071954458,RHH,Right-Handed Killer,5.460922048192771,-8.280808192771085,80.41890929718875,2558.387496184739,4.934776907630522,5.94219953815261,1.7721348192771085,Tight High-Spin Breakers,1,pitch_type_specific,Slider
"MacMillan, Blake",832350.0,TRO_AIG,Four-Seam,L,61,48,58.720502656436416,41.14034126252598,53.446454238263286,71.84520471116096,51.30100989459245,55.481777674438895,73.33146382501403,2.145444343670839,53.105945114733316,63.60067302299495,650,193,Elite Weapon,503,118,52,2.2434338664765434,Balanced,Balanced Weapon,21.93593690789473,-5.798935855263158,88.33472493421053,2202.016450657895,5.562984407894737,6.726249078947369,-0.0123508552631578,Soft-Speed Separation,0,pitch_type_specific,Four-Seam
"Hocom, Quinn",1000152021.0,TRI_VAL,Changeup,L,89,26,55.13264463469572,55.78488205081412,55.32831585953125,78.9119461581604,53.18729937493104,62.063761384011926,86.11890072910825,2.1410164846002147,53.099534933416,63.54458777341559,651,81,Elite Weapon,377,52,31,1.0967059514219315,Balanced,Balanced Weapon,6.606933333333334,17.018922142857143,78.54569738095238,1993.7791515873016,5.63944072,6.073732619047619,2.095431349206349,Tight High-Spin Breakers,1,pitch_type_specific,Changeup
"Delongchamp, Luke",802194.0,TRI_VAL,Changeup,L,250,140,50.1235617073862,57.01721419302294,52.19165745307723,64.72237801458216,50.07943636334731,51.21924153324291,61.10487941671341,2.112221089729914,53.05784803704506,63.48850252383623,652,82,Elite Weapon,630,84,48,-1.728867225474545,Balanced,Balanced Weapon,7.80194631455399,15.719832394366197,82.15954450704226,1861.8912389671364,5.6509370657277,5.586866948356808,2.137083333333333,Soft-Speed Separation,0,pitch_type_specific,Changeup
"Williams, Brian",1000079778.0,MIS_MUD,Slider,R,222,78,50.49158291266919,65.69378654625862,55.05224400274601,77.95849691531127,53.00582249632842,61.4305193121682,84.66068424004487,2.0464215064175875,52.962590429946886,63.43241727425687,653,144,Elite Weapon,394,153,110,5.917887778878821,RHH,Right-Handed Killer,4.098148123076923,-0.6308296307692308,81.52390470769231,2160.976376,5.914474369230769,6.080797784615385,2.9531076307692308,Tight High-Spin Breakers,1,pitch_type_specific,Slider
"Thebiay, Nolan",1000338675.0,EVA_OTT,Four-Seam,R,333,155,51.24756675353386,52.48143180623103,51.61772626934301,61.86203028603477,49.57608303850914,49.46284972870951,52.8603477285474,2.04164323083387,52.95567295303825,63.37633202467751,654,194,Command/Deception Weapon,681,180,103,0.8400555718796312,Balanced,Balanced Weapon,17.470126964586846,9.103984451939292,89.53275706576729,2278.6196989881955,6.835454418212479,5.6204792074199,1.4964423440134906,Soft-Speed Separation,0,pitch_type_specific,Four-Seam
"Brothers, Kellen",1000131959.0,SUS_COU1,Changeup,L,163,46,58.69154477439726,45.555116815799686,54.75061638681798,76.89287717330342,52.709189731939226,60.39545441715282,82.58553000560852,2.041426654878755,52.95535941750808,63.320246775098155,655,83,Elite Weapon,413,54,32,1.1611188126712122,Balanced,Balanced Weapon,10.255045178571429,12.2414040625,79.6899705357143,1494.639829017857,6.031372142857143,5.784421607142858,2.888931160714286,Soft-Speed Separation,0,pitch_type_specific,Changeup
"Roland, Cole",813401.0,QUE_CAP,Changeup,R,33,17,53.979982474385736,46.93934163037315,51.86779022118196,62.98373527762199,49.84459096156311,50.39977632128917,56.61805945036456,2.023199259618856,52.92897174195322,63.264161525518794,656,84,Elite Weapon,661,87,39,-1.69449838698975,Balanced,Balanced Weapon,10.351916197183098,9.576182253521129,82.57694,2033.302404225352,5.564836901408451,5.607161267605634,1.162455352112676,Soft-Speed Separation,0,pitch_type_specific,Changeup
"Parsons, Billy",698892.0,SUS_COU1,Four-Seam,R,190,132,48.47774518376707,57.965916474482256,51.32419657098163,60.45989904655076,49.31215598884653,48.54190755122191,47.53224901850813,2.0120405821351,52.91281740081647,63.208076275939426,657,195,Command/Deception Weapon,706,187,107,-2.817819312400076,Balanced,Balanced Weapon,17.42373946015424,9.36888208226221,90.61801347043702,2234.0554192802056,5.748498431876607,5.854063290488432,1.300063264781491,Soft-Speed Separation,0,pitch_type_specific,Four-Seam
"Scafidi, Christian",690280.0,LAK_ERI24,Four-Seam,L,137,118,55.04160334210225,42.99937583116168,51.42893508882008,61.13292204150308,49.41856346021331,48.91320381853043,49.4391475042064,2.0103716286067694,52.910401268198854,63.151991026360065,658,196,Command/Deception Weapon,694,184,78,3.2546779608995564,RHH,Balanced Weapon,17.949040474860336,5.10532220670391,90.04564740223464,2497.7637882681565,6.149195279329608,6.521726592178771,0.9597387988826817,Soft-Speed Separation,0,pitch_type_specific,Four-Seam
"Grills, Evan",592361.0,OTT_TIT,Curveball,R,85,30,58.90054359027348,36.35400148975786,52.13658096011879,64.44195176668536,50.15824521465138,51.49423568491491,62.28266965787997,1.9783357454674118,52.86402313910574,63.095905776780704,659,88,Elite Weapon,635,86,51,-0.727206291003597,Balanced,Balanced Weapon,-13.108072692307692,10.181882307692309,72.76214523076924,2472.661917692308,5.196974461538462,6.328640076923077,-1.631221,Tight High-Spin Breakers,1,pitch_type_specific,Curveball
"Tokar, Heitor",677573.0,OTT_TIT,Four-Seam,L,108,86,51.42290721852663,47.832187746629074,50.34569137695736,55.24397083567022,48.37519741291538,45.27250158378972,30.874929893438026,1.9704939640419852,52.85267064572554,63.03982052720135,660,197,Command/Deception Weapon,799,215,94,0.9583860669394396,Balanced,Balanced Weapon,17.43776196226415,6.363051773584906,88.10762279245283,2014.193189433962,6.358081320754717,7.007714490566038,2.17963720754717,Soft-Speed Separation,0,pitch_type_specific,Four-Seam
"Galva, Claudio",669996.0,GAT_GRI,Four-Seam,L,64,71,46.172299813116105,58.763121542639446,49.9495463319731,53.39315759955132,47.98916965907512,43.92550346197253,25.2103196859226,1.9603766728979863,52.8380239124762,62.98373527762199,661,198,Command/Deception Weapon,832,226,100,-4.8824817704624905,LHH,Balanced Weapon,12.390584640883976,-9.97369408839779,89.04027226519338,1986.6078248618785,4.914538729281768,5.729017569060773,-0.907033093922652,Soft-Speed Separation,0,pitch_type_specific,Four-Seam
"Barraza, Chris",696511.0,MIS_MUD,Four-Seam,L,329,178,53.93696168805037,50.32422621000996,52.85314104463824,68.14357823892317,50.89332194693715,54.05919887196647,68.28379136287155,1.959819097701093,52.837216714674035,62.92765002804263,662,199,Elite Weapon,569,138,58,1.1757104809131107,Balanced,Balanced Weapon,19.968550540145984,10.236888291970802,93.08654427737224,2447.451753722628,5.8458528175182485,6.014555751824818,2.226387605839416,Soft-Speed Separation,0,pitch_type_specific,Four-Seam
"Zeplin, Blane",830954.0,JOL_SLA,Four-Seam,R,151,87,50.44364233415186,53.79248220599935,51.448294295706106,61.18900729108244,49.504171954343335,49.21192451842201,51.177790241166576,1.944122341362771,52.81449262779199,62.87156477846326,663,200,Command/Deception Weapon,693,183,106,2.49655315971544,Balanced,Balanced Weapon,18.587920550847457,8.962691313559322,89.70311110169492,2287.6876211864405,5.92620436440678,6.194454788135593,1.4497485169491524,Soft-Speed Separation,0,pitch_type_specific,Four-Seam
"Leduc, Zachary",824497.0,TRO_AIG,Slider,L,49,23,59.99194004258811,43.695440064437626,55.10299004914297,78.18283791362872,53.18056771659936,62.0402720596323,86.00673022994953,1.9224223325436043,52.78307767331862,62.8154795288839,664,145,Elite Weapon,390,150,42,3.31402058199128,RHH,Balanced Weapon,1.703310775862069,-4.609182413793104,82.9109375,2108.345131896552,6.216293706896551,5.260630086206896,1.651802844827586,Tight High-Spin Breakers,1,pitch_type_specific,Slider
"Vecerka, Boris",807828.0,QUE_CAP,Sinker,L,138,49,52.5726878212463,53.65333824447743,52.896882948215634,68.76051598429613,50.9962929979344,54.41850415744144,69.7980931015143,1.900589950281237,52.75147108271615,62.759394279304544,665,109,Elite Weapon,558,50,24,-0.0314577749814759,Balanced,Balanced Weapon,10.257657629310344,17.69753150862069,93.35034620689656,2433.906515948276,5.88859961038961,4.9139944396551725,2.8275902586206896,Soft-Speed Separation,0,pitch_type_specific,Sinker
"Vecerka, Boris",807828.0,QUE_CAP,Sinker,R,94,49,52.5726878212463,53.54847899453918,52.86542517323416,68.48008973639934,50.9962929979344,54.41850415744144,69.7980931015143,1.869132175299761,52.70592987685251,62.70330902972518,666,110,Elite Weapon,563,51,27,-0.0314577749814759,Balanced,Balanced Weapon,10.257657629310344,17.69753150862069,93.35034620689656,2433.906515948276,5.88859961038961,4.9139944396551725,2.8275902586206896,Soft-Speed Separation,0,pitch_type_specific,Sinker
"Almonte, Lisandro",1000570068.0,NEW_JER6,Slider,R,33,12,47.67336764988316,65.18887302163789,52.92801926140957,69.09702748177229,51.06664206781045,54.66397890388633,71.11609646662927,1.8613771935991181,52.69470304284071,62.64722378014582,667,146,Elite Weapon,552,201,136,,,,3.564002631578948,-0.8904038596491228,85.66421561403509,2194.2772754385965,5.447710877192982,5.772345087719298,1.762949649122807,Tight High-Spin Breakers,1,pitch_type_specific,Slider
"Zentko, Dylan",1000303828.0,EVA_OTT,Slider,L,63,21,55.43614442446827,51.82974219418288,54.35422375538265,75.04206393718452,52.49604958870109,59.65172713389527,81.57599551318003,1.8581741666815574,52.690066042661094,62.59113853056646,668,147,Elite Weapon,446,164,46,-3.1867117058845054,LHH,Balanced Weapon,4.25353755319149,0.8826601063829788,77.55495978723404,1932.220179148936,5.6212110638297865,5.704887659574468,-1.4578424468085107,Tight High-Spin Breakers,1,pitch_type_specific,Slider
"Cook, Cole",1000161363.0,SCH_BOO,Sinker,L,57,49,46.42138708198998,57.61227037673196,49.77865207041257,52.49579360628155,47.93185940846665,43.725526130906246,24.03252944475603,1.8467926619459192,52.67358911603456,62.5350532809871,669,111,Command/Deception Weapon,848,93,45,-4.9372468603556925,LHH,Balanced Weapon,11.830898219178083,-11.73738205479452,84.70447890410959,2251.296723972602,5.295197328767123,5.737141506849315,-1.0538550684931507,Tight High-Spin Breakers,1,pitch_type_specific,Sinker
"Gamelin, Shaun",815222.0,JOL_SLA,Cutter,L,58,29,53.928172294953846,36.90698324650193,48.82181558041827,46.88726864834549,46.999337123495415,40.471600075297474,14.946719012899608,1.8224784569228518,52.63838960758178,62.478968031407746,670,27,Command/Deception Weapon,948,44,19,1.4696354883157454,Balanced,Balanced Weapon,5.717839662162162,-0.2565494594594595,83.97187256756756,2312.59095945946,5.058044527027027,5.685141824324324,2.0361214864864863,Tight High-Spin Breakers,1,pitch_type_specific,Cutter
"Harris, Everette",810834.0,TRI_VAL,Slider,L,33,13,56.285429371311935,66.33786819727598,59.30116101910114,89.90465507571508,57.48288714229983,77.05270608341581,99.8597868760516,1.8182738768013067,52.632302665673194,62.422882781828385,671,148,Elite Weapon,181,90,23,-8.048155535116003,LHH,Reverse Split Weapon,1.1424774576271186,-8.32932186440678,80.50491152542374,2845.409383050848,6.141242372881356,3.951729661016949,3.975275762711864,Tight High-Spin Breakers,1,pitch_type_specific,Slider
"Ryan, Dillon",1000132418.0,NEW_ENG23,Sinker,L,148,69,52.12126914805612,50.739326885740525,51.70668646936144,62.25462703309029,49.89024938967906,50.55909599793286,57.4032529444756,1.8164370796823803,52.62964354703648,62.36679753224902,672,112,Elite Weapon,674,60,30,1.6634014178120111,Balanced,Balanced Weapon,12.190088398576512,16.207753202846973,91.25033110320284,2329.6374334519573,6.245544626334519,4.76494743772242,1.7230106761565835,Soft-Speed Separation,0,pitch_type_specific,Sinker
"Martinez, Gregory",1000051547.0,DOW_EAS1,Sinker,R,42,50,48.15722777263501,52.29473257218851,49.39847921250106,50.1402131239484,47.60396743088768,42.58138591413682,20.835670218732474,1.7945117816133802,52.59790244285572,62.310712282669655,673,113,Command/Deception Weapon,890,101,52,3.260462238976828,RHH,Balanced Weapon,11.870670625,15.768242890625,94.223099140625,2302.95815625,5.54539265625,5.8176384375,2.1241409375,Soft-Speed Separation,0,pitch_type_specific,Sinker
"Shinn, Nathan",1000490914.0,LAK_ERI24,Sinker,L,25,20,44.54692124825222,49.50667821962975,46.03484833966547,31.6320807627594,44.26015111053883,30.913534941236392,2.495793606281548,1.7746972291266445,52.56921705062993,62.254627033090294,674,114,Command/Deception Weapon,1220,152,76,-5.041062076785096,LHH,Left-Handed Killer,15.884699,-10.3569994,89.3244404,1907.432792,5.7619546,5.8215296,-2.0848564,Soft-Speed Separation,0,pitch_type_specific,Sinker
"Miner, Jace",701731.0,DOW_EAS1,Changeup,R,184,65,47.76254009727747,47.94496019805645,47.81726612751116,41.110487941671344,46.04932716352669,37.156652849210055,9.78687605159843,1.76793896398447,52.55943315636843,62.19854178351094,675,85,Command/Deception Weapon,1051,144,63,1.7065746001218898,Balanced,Balanced Weapon,6.649075186567164,-12.074482350746267,83.85495921641791,1689.924075858209,6.015536641791044,5.247210932835821,-2.9588889925373136,Soft-Speed Separation,0,pitch_type_specific,Changeup
"Peyton, Blake",1000017005.0,GAT_GRI,Four-Seam,L,102,97,51.38340955745749,54.66926363116833,52.369165779570736,65.56365675827257,50.627641504642135,53.13213843857846,65.87212563095906,1.7415242749286008,52.521192791535704,62.14245653393158,676,201,Elite Weapon,615,153,68,-2.8627387254582644,Balanced,Balanced Weapon,18.132012920353983,-12.97777292035398,89.20077176991151,2274.128551917404,5.941998106508875,6.25671772861357,-1.867825250737463,Soft-Speed Separation,0,pitch_type_specific,Four-Seam
"Dill, Austin",1000429156.0,TRI_VAL,Four-Seam,R,73,42,49.05811319332881,49.85454219480469,49.29704189377157,49.41110487941671,47.55686186395987,42.41701661802359,20.274817722938867,1.7401800298117038,52.51924673706631,62.08637128435222,677,202,Command/Deception Weapon,903,250,139,3.1163198625839783,RHH,Balanced Weapon,16.40753221238938,13.3298996460177,87.24248477876107,2323.7489415929203,5.332861238938054,6.283720884955753,1.634009203539823,Soft-Speed Separation,0,pitch_type_specific,Four-Seam
"Calderon, Jean",703300.0,LAK_ERI24,Slider,R,36,11,59.187209514491975,52.18514152957684,57.08658911901743,84.68872686483455,55.34807160108888,69.60352012248286,97.50420639371843,1.7385175179285497,52.516839929974395,62.03028603477285,678,149,Elite Weapon,274,118,86,3.996246671121142,RHH,Balanced Weapon,1.284540410958904,-9.690706027397262,86.37330150684932,2592.9492821917806,6.05198397260274,6.015726164383562,1.923070684931507,Tight High-Spin Breakers,1,pitch_type_specific,Slider
"Bargo, Casey",1000057987.0,FLO_Y'A,Slider,R,75,25,50.19629413856128,63.17731212613327,54.09059953483288,73.97644419517667,52.35499762763319,59.15954302343437,80.11777902411666,1.735601907199694,52.512619020247016,61.97420078519349,679,150,Elite Weapon,465,172,122,4.588364809203263,RHH,Balanced Weapon,0.1219640594059406,-3.940400594059406,81.41343465346534,2277.705577227722,5.34610693069307,5.790104257425742,2.7779858415841585,Tight High-Spin Breakers,1,pitch_type_specific,Slider
"Benitez, Jorge",1000561771.0,NEW_JER6,Sinker,R,102,61,52.36104962901813,44.702748659153634,50.06355933805878,53.95401009534493,48.348039220699874,45.177736288957135,30.314077397644414,1.7155201173589063,52.483546750330014,61.918115535614135,680,115,Command/Deception Weapon,822,86,44,-0.9806639149442588,Balanced,Balanced Weapon,9.33076990430622,-12.633625645933014,93.16618162679428,2194.8750258373207,6.169465789473684,5.283555789473684,-2.8970969377990428,Soft-Speed Separation,0,pitch_type_specific,Sinker
"Figueredo, Kevin",1000210447.0,WIN_CIT29,Changeup,L,37,27,51.244862185540434,35.47991010920104,46.515376562638615,34.15591699383062,44.82552464361113,32.886338916073626,4.234436343241727,1.6898519190274826,52.44638707501768,61.86203028603477,681,86,Command/Deception Weapon,1175,162,93,2.807828604843216,Balanced,Balanced Weapon,6.007454414414415,-12.659673333333332,83.98271423423424,1696.045325855856,5.341149459459459,5.242650630630631,-3.420458738738739,Tight High-Spin Breakers,1,pitch_type_specific,Changeup
"Townes, Holland",830218.0,SCH_BOO,Four-Seam,R,98,82,46.76924271966193,57.867956103663786,50.09885673486249,54.06618059450364,48.41746570163853,45.419991770586186,31.547952888390352,1.68139103322396,52.43413830846016,61.80594503645541,682,203,Command/Deception Weapon,820,223,125,1.8733906176729176,Balanced,Balanced Weapon,15.37237450777202,13.0677589119171,92.68419165803108,2218.775242487047,5.380633645833334,5.978289689119171,2.3338137823834195,Soft-Speed Separation,0,pitch_type_specific,Four-Seam
"Jones, Logan",1000577428.0,FLO_Y'A,Sinker,R,72,39,46.02507721334388,51.56812264380306,47.687990842481625,40.38137969713965,46.0104444197886,37.02097612061925,9.506449803701626,1.6775464226930268,52.42857249206794,61.74985978687605,683,116,Command/Deception Weapon,1064,127,66,2.744474014519014,Balanced,Balanced Weapon,10.901696,17.945808959999997,89.55034991999999,2212.3863104,5.27651016,5.76896928,2.65370776,Soft-Speed Separation,0,pitch_type_specific,Sinker
"Soto, Carlos",666728.0,JOL_SLA,Four-Seam,R,107,73,46.48136896900283,53.92875318092176,48.71558423257851,46.32641615255188,47.063698552526446,40.69618165825315,15.507571508693212,1.651885680052061,52.39142361030773,61.69377453729668,684,204,Command/Deception Weapon,958,270,149,1.6779539157821617,Balanced,Balanced Weapon,13.011539324324325,10.00346126126126,88.49817563063064,2212.706593243244,5.4523562162162165,5.640224279279279,2.047128828828829,Soft-Speed Separation,0,pitch_type_specific,Four-Seam
"Lefebvre, Charles",1000429097.0,TRO_AIG,Slider,R,106,22,47.498831304486224,75.93840977737997,56.03070484635435,81.32361189007291,54.3824343251926,66.23404322853077,93.49411104879415,1.6482705211617485,52.3861899694876,61.637689287717336,685,151,Elite Weapon,334,134,96,,,,2.263777230769231,-1.5715571538461537,81.70746369230768,2164.6711884615383,6.463971,6.3953405384615385,0.8995511538461538,Tight High-Spin Breakers,1,pitch_type_specific,Slider
"Thornton, Tyler",1000429124.0,NEW_ENG23,Splitter,L,80,42,54.85541212994548,44.32517517139976,51.69634104238176,62.19854178351094,50.050721118864494,51.119043088957255,60.37577117218172,1.6456199235172662,52.38235271739142,61.58160403813797,686,13,Elite Weapon,675,15,9,-1.6889017156630288,Balanced,Balanced Weapon,4.74538691780822,11.242562191780822,77.40651575342466,965.9643339041096,4.771126712328767,6.250021301369863,1.8474163698630133,Tight High-Spin Breakers,1,pooled_fixed_effects,Pooled
"Campbell, AJ",1000132168.0,WIN_CIT29,Curveball,R,48,15,59.75506349981124,43.29206498552533,54.81616394552547,77.17330342120022,53.176592417167896,62.02640072314269,85.83847448121145,1.6395715283575711,52.373596497052425,61.52551878855861,687,89,Elite Weapon,408,53,34,-1.2659264809415731,Balanced,Balanced Weapon,-0.907671625,-16.111369375000002,75.246213125,2587.1884875,4.846445875,5.99745875,1.646426,Tight High-Spin Breakers,1,pitch_type_specific,Curveball
"Fauci, Sonny",688649.0,NEW_JER6,Slider,R,119,35,52.32928593537916,61.57201017008383,55.10210320579056,78.12675266404936,53.477669998932285,63.07697528189766,88.53056646102075,1.6244332068582779,52.351680852470594,61.469433538979246,688,152,Elite Weapon,391,151,109,6.644715452628141,RHH,Right-Handed Killer,-1.7276058152173914,-6.122178097826087,83.82317173913043,2317.977619021739,5.996574565217391,5.916985326086957,2.128732934782609,Tight High-Spin Breakers,1,pitch_type_specific,Slider
"Boies, Emiles",1000429129.0,QUE_CAP,Changeup,R,77,93,55.37442016917066,47.13177578624122,52.90162685429183,68.8166012338755,51.288174411117865,55.4369897752247,73.21929332585529,1.613452443173962,52.33578407592546,61.413348289399885,689,87,Elite Weapon,557,68,28,1.112484700953701,Balanced,Balanced Weapon,11.474986472727272,14.671963163636365,82.54835647272728,1905.7188705454544,6.204506981818183,5.5183496,2.711655090909091,Soft-Speed Separation,0,pitch_type_specific,Changeup
"Thebiay, Nolan",1000338675.0,EVA_OTT,Changeup,L,92,26,46.73703152214267,61.82284303707077,51.2627749766211,59.95513180033652,49.65468158892565,49.73711006034464,54.20639371845205,1.6080933876954546,52.32802580793209,61.35726303982053,690,88,Command/Deception Weapon,715,95,53,-4.676362228241942,LHH,Balanced Weapon,4.960268879999999,16.20745304,83.1698096,1931.1550184,6.382234,5.351898,1.89526848,Soft-Speed Separation,0,pitch_type_specific,Changeup
"Walsh, John",1000208173.0,MIS_MUD,Changeup,R,66,23,49.01949221992735,62.04836898737173,52.92815525016066,69.15311273135165,51.32273603881541,55.557588481230695,73.52776219854178,1.6054192113452501,52.324154421104765,61.30117779024117,691,89,Elite Weapon,551,67,27,,,,8.041867,-13.528407571428572,77.18209771428572,1675.7993485714287,5.254063,5.617044857142857,-2.100933714285714,Tight High-Spin Breakers,1,pitch_type_specific,Changeup
"Martinez, Mason",809209.0,TRI_VAL,Sinker,R,175,105,53.61661583066135,39.35181952752493,49.33717693972043,49.80370162647223,47.74327928646439,43.06749813260275,22.29388670779585,1.593897653256036,52.30747474019537,61.24509254066181,692,117,Command/Deception Weapon,896,104,53,-2.2451087826085896,Balanced,Balanced Weapon,12.08075008645533,18.898977002881846,88.78855988472623,2279.060583861672,6.448849077809799,5.39042409221902,2.6532596829971182,Soft-Speed Separation,0,pitch_type_specific,Sinker
"Helt, Robert",836007.0,LAK_ERI24,Curveball,R,74,33,53.9339558808452,49.35308859204197,52.55969569420422,66.79753224901852,50.972323867822205,54.33486671707213,69.46158160403813,1.587371826382018,52.29802734522623,61.18900729108244,693,90,Elite Weapon,593,82,48,1.6865705145362213,Balanced,Balanced Weapon,-5.63278,-5.863857696969697,79.01164484848485,2379.5240175757576,5.785037212121212,6.376748363636363,1.8646518787878787,Tight High-Spin Breakers,1,pitch_type_specific,Curveball
"Luera, Ashton",1000139093.0,QUE_CAP,Four-Seam,R,38,21,56.33067614325656,38.71140346560245,51.04489433996033,58.60908581043186,49.48058315759107,49.12961420626146,50.44868199663488,1.5643111823692593,52.26464260848145,61.13292204150308,694,205,Command/Deception Weapon,739,196,112,-3.653002974545494,LHH,Balanced Weapon,19.40048446153846,7.051858153846154,87.2864223076923,1910.1089307692307,6.047272615384616,6.102144461538462,0.8055835384615384,Soft-Speed Separation,0,pitch_type_specific,Four-Seam
"Davis, Tyler",824623.0,WAS_WIL3,Four-Seam,L,48,40,46.279450660645054,69.34684415515633,53.19966870899844,70.55524397083566,51.63563140919968,56.64939981355091,75.46270330902972,1.5640372997987555,52.264246110555796,61.076836791923725,695,206,Elite Weapon,526,124,54,-6.613798689032201,LHH,Left-Handed Killer,18.485444789915967,-11.169257647058824,92.59514,2340.1088529411763,5.878876806722689,5.820906722689076,-1.589240924369748,Soft-Speed Separation,0,pitch_type_specific,Four-Seam
"Cook, Cole",1000161363.0,SCH_BOO,Curveball,L,56,27,60.09106476239658,38.2175176262564,53.52900062155452,72.29388670779585,51.97286011789698,57.82611944761659,78.32305103757712,1.556140503657545,52.25281397274752,61.020751542344364,696,91,Elite Weapon,495,61,24,0.6782513601779669,Balanced,Balanced Weapon,-3.8420065909090906,6.04773,76.65368356060605,2485.9128553030305,4.933934318181818,5.849353560606061,-1.0467274999999998,Tight High-Spin Breakers,1,pitch_type_specific,Curveball
"Bihm, Gage",815079.0,MIS_MUD,Four-Seam,L,110,82,48.29362174709782,57.20239071622287,50.96625243783534,58.16040381379697,49.44184832078227,48.99445358138074,49.88782950084128,1.5244041170530664,52.20686942274124,60.964666292765,697,207,Command/Deception Weapon,747,198,86,-3.829374930853328,LHH,Balanced Weapon,15.175510185185184,-11.049727259259258,91.92057137037035,1939.587363333333,5.419467518518518,6.334530555555555,-1.4807274814814817,Soft-Speed Separation,0,pitch_type_specific,Four-Seam
"Linderman, Greyson",1000124562.0,JOL_SLA,Slider,R,31,11,50.39830128292835,61.43866468633807,53.710410303951264,72.91082445316881,52.19661251577182,58.606876936401264,79.50084127874369,1.5137977881794455,52.191514712912735,60.90858104318564,698,153,Elite Weapon,484,177,124,4.241367495242372,RHH,Balanced Weapon,-3.935175671641791,-13.677055820895523,81.21851626865671,2206.4297373134327,4.952109999999999,5.678004626865672,1.6255210447761193,Tight High-Spin Breakers,1,pitch_type_specific,Slider
"Hickey, Matt",806277.0,GAT_GRI,Four-Seam,L,73,38,50.43913918860687,49.40931884555948,50.13019308569265,54.17835109366237,48.63031602956669,46.162707777648336,34.015703869882216,1.4998770561259605,52.171361764250804,60.85249579360627,699,208,Command/Deception Weapon,818,222,98,-3.5516556341618326,LHH,Balanced Weapon,16.297071965811966,11.503638547008547,90.05108444444444,2309.630995726496,5.509888461538462,5.809366324786325,2.2548472649572653,Soft-Speed Separation,0,pitch_type_specific,Four-Seam
"Marynczak, Arlo",837346.0,TRI_VAL,Changeup,R,41,48,56.91290390740931,42.74138072402836,52.66144695239503,67.24621424565339,51.18200729489302,55.06653219871379,72.60235558048234,1.479439657502013,52.141774681928595,60.79641054402693,700,90,Elite Weapon,585,72,30,-5.200525553207179,LHH,Left-Handed Killer,6.8472458,13.2430464,81.7482634,1679.0946485,6.28516645,5.91715585,2.4707109,Soft-Speed Separation,0,pitch_type_specific,Changeup
"Eldred, Zach",1000227712.0,NEW_ENG23,Sinker,R,59,40,48.58492990572468,51.4790406004221,49.4531631141339,50.476724621424566,47.975397128877525,43.877445849212094,24.98597868760516,1.4777659852563758,52.139351718056176,60.74032529444756,701,118,Command/Deception Weapon,884,100,51,1.9411642879483324,Balanced,Balanced Weapon,11.57329675,13.269536833333332,88.97284450000001,2393.5834325,6.459894166666667,5.910768166666667,1.51555825,Soft-Speed Separation,0,pitch_type_specific,Sinker
"Cameron, Wyatt",1000179557.0,TRI_VAL,Four-Seam,R,32,28,49.8047419367792,51.13247838017289,50.20306286979731,54.68311833987661,48.73372458486242,46.52353968255022,36.81996634885025,1.469338284934885,52.12715099389421,60.6842400448682,702,209,Command/Deception Weapon,809,218,123,-2.819515793210286,Balanced,Balanced Weapon,16.262928260869565,11.365948550724635,91.6060304347826,2252.8018840579707,5.501737536231884,5.907202173913044,1.2732226086956522,Soft-Speed Separation,0,pitch_type_specific,Four-Seam
"Chapple, Bronson",1000218472.0,TRO_AIG,Four-Seam,R,49,29,40.248020859268266,68.37463069487096,48.68600380994907,46.1581604038138,47.25410755559928,41.3605913204204,17.638810992708915,1.4318962543497875,52.072946422088584,60.628154795288836,703,210,Command/Deception Weapon,961,271,150,1.90765389703958,Balanced,Balanced Weapon,11.194104631578949,8.810284736842105,90.2256034736842,2128.8728210526315,6.666185263157895,5.115466105263158,1.6763527368421054,Soft-Speed Separation,0,pitch_type_specific,Four-Seam
"Morin, Jacob",822351.0,QUE_CAP,Slider,L,25,20,65.55580365853676,39.57538517744304,57.76167811420864,87.04430734716769,56.33029109700495,73.03085870902052,98.79416713404376,1.43138701720369,52.072209202952216,60.57206954570948,704,154,Elite Weapon,232,106,28,7.153204979397081,RHH,Right-Handed Killer,7.428107882352942,-6.154813882352941,77.36671694117646,2494.7016129411763,5.495547738095238,5.236946823529412,1.0600265882352942,Tight High-Spin Breakers,1,pitch_type_specific,Slider
"De Los Santos, Enmanuel",679735.0,NEW_ENG23,Four-Seam,R,155,64,43.71711137030995,67.0062074858555,50.703840204973616,56.92652832305104,49.30337193739432,48.51125664415537,47.42007851934941,1.4004682675792992,52.02744834041442,60.51598429613012,705,211,Command/Deception Weapon,769,208,117,4.473077569229439,RHH,Balanced Weapon,18.073302906976743,4.292644341085271,88.09466852713179,2112.124677906977,6.79958023255814,6.35833031007752,0.9168501937984496,Soft-Speed Separation,0,pitch_type_specific,Four-Seam
"Vega, Lucas",837223.0,TRO_AIG,Slider,L,40,36,66.66946056519248,42.46056407536631,59.40679161824463,90.0168255748738,58.01139571305473,78.89687413892236,99.97195737521032,1.3953959051899005,52.02010511604695,60.45989904655076,706,155,Elite Weapon,179,88,22,7.775128480971581,RHH,Right-Handed Killer,6.615676940298508,-9.30305156716418,79.20904149253732,2697.287079104478,5.9418859701492535,5.111311268656716,2.42052776119403,Tight High-Spin Breakers,1,pitch_type_specific,Slider
"Sparks, Alec",836152.0,GAT_GRI,Slider,L,71,50,56.96336038965576,56.78594098871599,56.91013456937383,84.07178911946158,55.52338096226212,70.2152413728027,97.61637689287716,1.3867536071117144,52.007593720179145,60.40381379697139,707,156,Elite Weapon,285,122,34,-1.4777511997240822,Balanced,Balanced Weapon,0.6866910280373831,-6.956730046728972,80.31421728971962,2586.842973364486,5.486509813084112,6.549776448598132,1.4509443457943925,Tight High-Spin Breakers,1,pitch_type_specific,Slider
"Garcia, Andrew",1000190083.0,EVA_OTT,Four-Seam,L,114,53,47.09844793295031,55.49814685615808,49.61835760991264,51.48625911385306,48.2326532480144,44.77511060480568,29.192372406057203,1.3857043618982416,52.00607473505396,60.34772854739203,708,212,Command/Deception Weapon,866,238,108,-1.185617508999961,Balanced,Balanced Weapon,13.19465743902439,7.085558333333333,91.60638036585368,2107.457636178862,6.025074837398374,5.373429552845528,1.847595406504065,Soft-Speed Separation,0,pitch_type_specific,Four-Seam
"Earwood, Micah",1000112366.0,SUS_COU1,Sinker,L,67,24,47.46952297984343,44.46832489449877,46.56916355424004,34.604598990465504,45.18694973246863,34.14748895263323,5.412226584408301,1.3822138217714155,52.00102150396611,60.29164329781268,709,119,Command/Deception Weapon,1167,142,71,1.3307421968254545,Balanced,Balanced Weapon,6.750224848484849,15.29804709090909,87.29225921212121,2178.9338145454544,6.205936242424242,5.726666484848485,2.100952424242424,Soft-Speed Separation,0,pitch_type_specific,Sinker
"Saturria, Michael",800014.0,NEW_ENG23,Cutter,L,133,67,58.504161164358415,36.79905597967787,51.992629608954246,63.60067302299495,50.6158472060533,53.09098363069415,65.70386988222097,1.3767824029009432,51.99315847598471,60.235558048233315,710,28,Elite Weapon,650,23,11,2.426828832501677,Balanced,Balanced Weapon,12.884832840909093,-0.6339008712121212,86.51389030303031,2505.751821969697,6.362555681818182,5.700331742424242,3.1063919696969697,Soft-Speed Separation,0,pitch_type_specific,Cutter
"Webster, Evan",804248.0,FLO_Y'A,Four-Seam,L,202,231,52.00857551967236,49.62702404227132,51.29411007645205,60.23555804823332,49.91767311215355,50.65478782915197,57.851934941110486,1.3764369642984988,51.99265838688062,60.179472798653954,711,213,Elite Weapon,710,189,81,-3.440440971967007,LHH,Balanced Weapon,16.4507839968652,-10.931734921630095,89.07121219435737,1966.0668730407524,6.812485125391849,5.986577021943574,-2.439433777429467,Soft-Speed Separation,0,pitch_type_specific,Four-Seam
"Hill, Kaleb",1000371973.0,OTT_TIT,Slider,L,48,29,51.50212407240661,56.63114020816365,53.04082891313372,69.99439147504206,51.68021105796298,56.80495521742554,75.91138530566461,1.3606178551707444,51.96975717070145,60.12338754907459,712,157,Elite Weapon,536,199,64,-3.615680726626451,LHH,Balanced Weapon,0.5895266875,9.3169589375,78.818257125,2254.1594091875,5.2494838125,6.173772375,-3.046221375,Tight High-Spin Breakers,1,pitch_type_specific,Slider
"Cihocki, Danny",1000368111.0,NIU_HUS,Four-Seam,R,35,21,47.48401860050005,55.74397842397161,49.96200654754152,53.50532809871004,48.60353495703409,46.06925839727919,33.65114974761638,1.3584715905074276,51.96665003801557,60.06730229949523,713,214,Command/Deception Weapon,830,224,126,,,,15.77591,12.280282,89.1765869090909,2220.834321818182,6.536965636363637,5.375720181818181,1.5277585454545457,Soft-Speed Separation,0,pitch_type_specific,Four-Seam
"Whitesell, Max",1000223610.0,FLO_Y'A,Cutter,R,42,14,52.68946990807687,39.4310786050747,48.711952517176215,46.27033090297252,47.36784739760492,41.75747302654972,18.283791362871565,1.3441051195712959,51.94585179621933,60.01121704991588,714,29,Command/Deception Weapon,959,46,26,,,,10.90565476923077,0.8282435384615385,82.34769261538462,2027.0296307692308,6.316830461538461,5.120585846153846,3.0021141538461538,Soft-Speed Separation,0,pitch_type_specific,Cutter
"Rivera, Matthew",681344.0,NEW_ENG23,Curveball,L,45,13,53.429379791405566,38.83720670335883,49.05172786499154,47.896803140773976,47.72604218178744,43.007351297577415,22.069545709478408,1.3256856832040995,51.919186104065815,59.95513180033652,715,92,Command/Deception Weapon,930,108,49,3.5029731331806104,RHH,Balanced Weapon,-16.330048875,-8.135112125000001,73.92996875,2201.6856625,5.638981375,6.325625875,1.4540228750000002,Tight High-Spin Breakers,1,pitch_type_specific,Curveball
"Pindel, Buddie",1000054422.0,SCH_BOO,Slider,R,202,65,50.997997464442776,66.27920544437661,55.58235985842292,79.97756590016826,54.27413343462831,65.85614009920914,92.79304542905216,1.3082264237946077,51.89391045353228,59.89904655075715,716,158,Elite Weapon,358,140,100,9.517852894534393,RHH,Right-Handed Killer,0.7515874058577406,-7.774982468619247,81.11285012552301,2467.9572046025105,5.400095815899582,5.893935481171548,2.6490023430962344,Tight High-Spin Breakers,1,pitch_type_specific,Slider
"Brito, Richard",695870.0,NEW_ENG23,Slider,L,37,10,58.601778930049655,50.56030335495775,56.18933625752208,82.0527201346046,54.89601138219892,68.02610953545799,95.76556365675827,1.293324875323158,51.87233758364479,59.84296130117779,717,159,Elite Weapon,321,131,38,2.389372208496731,Balanced,Balanced Weapon,3.550484383561644,-6.026810547945206,81.67084835616438,2286.71134520548,6.091779726027397,6.295780684931507,2.214177534246576,Tight High-Spin Breakers,1,pitch_type_specific,Slider
"Darden, Nathan",1000439869.0,FLO_Y'A,Four-Seam,L,74,57,51.74484162276941,45.785445368338,49.95702274643998,53.44924284913068,48.666006485825136,46.2872453972072,34.856982613572626,1.291016260614846,51.868995417908245,59.786876051598426,718,215,Command/Deception Weapon,831,225,99,2.3235490702546286,Balanced,Balanced Weapon,15.758784966887417,7.606319867549669,91.55986417218544,1934.6062304635764,5.382498278145696,5.905142715231788,1.047986953642384,Soft-Speed Separation,0,pitch_type_specific,Four-Seam
"Hocom, Quinn",1000152021.0,TRI_VAL,Four-Seam,R,176,105,50.06461891350224,55.65043272417151,51.74036305670302,62.42288278182839,50.45172951265407,52.51831437941223,63.62871564778463,1.288633544048949,51.86554597541887,59.73079080201907,719,216,Elite Weapon,671,176,100,1.5802506191396404,Balanced,Balanced Weapon,21.012756295264623,10.313878161559888,89.03348284122562,2175.7496771587744,5.986220250696379,6.093233788300836,2.004039275766017,Soft-Speed Separation,0,pitch_type_specific,Four-Seam
"Donnan, Blake",1000557509.0,FLO_Y'A,Sinker,R,84,36,37.89307833574482,63.50324403317991,45.57612804497535,28.43522153673584,44.28801344033811,31.01075724076208,2.66404935501963,1.2881146046372365,51.864794710378874,59.67470555243971,720,120,Command/Deception Weapon,1277,163,81,5.529466833195748,RHH,Right-Handed Killer,6.63393405882353,17.410706529411765,90.71703041176472,1977.765043529412,5.86023205882353,5.3765358823529406,3.306970117647059,Soft-Speed Separation,0,pitch_type_specific,Sinker
"Misla, Luis",695417.0,TRI_VAL,Slider,L,62,15,52.4276986368121,61.31644106231126,55.09432136446185,78.07066741447,53.812308377535146,64.24465626592487,90.1570386988222,1.282012986926702,51.855961440116744,59.61862030286035,721,160,Elite Weapon,392,152,43,-8.398790800905047,LHH,Reverse Split Weapon,1.842135729166667,10.6134103125,78.97381260416667,2723.0996250000003,5.267580729166666,5.417160104166666,-1.8108753125,Tight High-Spin Breakers,1,pitch_type_specific,Slider
"Sittinger, Brandyn",670087.0,LAK_ERI24,Four-Seam,R,153,109,51.531927905250136,50.13851792384062,51.11390491082728,59.00168255748738,49.83972936119022,50.38281234264734,56.44980370162648,1.2741755496370573,51.84461523571223,59.56253505328098,722,217,Elite Weapon,732,194,111,1.8080123044199825,Balanced,Balanced Weapon,17.53516605960265,13.38903235099338,94.73493579470198,2298.640472516556,5.680117284768212,5.887438079470199,1.7911093377483445,Soft-Speed Separation,0,pitch_type_specific,Four-Seam
"Dill, Austin",1000429156.0,TRI_VAL,Changeup,R,86,45,56.24952986864195,44.15953537040575,52.62253151917108,67.07795849691531,51.35455882441393,55.66863032214957,73.7801458216489,1.2679726947571552,51.83563540509184,59.50644980370162,723,91,Elite Weapon,588,74,31,-7.897874772811079,LHH,Left-Handed Killer,10.672417450980392,16.50382,80.49617122549019,1931.0763039215683,5.228787598039215,6.213267843137255,1.7451846568627452,Soft-Speed Separation,0,pitch_type_specific,Changeup
"Smith, Jackson",1000333915.0,MIS_MUD,Changeup,L,80,38,43.13217572543313,70.2940509361132,51.280738288637146,60.06730229949523,50.01455983536676,50.992862573516646,59.47840717891194,1.2661784532703848,51.833037893952984,59.450364554122274,724,92,Elite Weapon,713,94,52,-7.948536445662718,LHH,Left-Handed Killer,-1.128012380952381,17.957204920634922,81.54589492063492,2234.685434920634,5.116259444444444,3.9043253174603176,3.893137857142857,Tight High-Spin Breakers,1,pitch_type_specific,Changeup
"Hungate, Chase",801835.0,NEW_JER6,Sinker,R,70,46,53.67789596601779,44.81549876511804,51.01917680574787,58.440830061693774,49.75830082698627,50.09867711779913,55.38418395961862,1.2608759787615966,51.82536153784282,59.394279304542906,725,121,Elite Weapon,742,74,38,2.6211851407440534,Balanced,Balanced Weapon,-0.0577853333333333,19.88580874074074,88.43790911111111,2240.866737777778,5.91106325925926,3.8003006666666654,3.799517851851852,Soft-Speed Separation,0,pitch_type_specific,Sinker
"Primeaux, Parker",1000101108.0,SUS_COU1,Sinker,L,73,53,49.4249952411092,45.350879562705614,48.20276053758812,43.29781267526641,46.953096951869306,40.31025047358296,14.441951766685362,1.2496635857188139,51.80912943305835,59.338194054963544,726,122,Command/Deception Weapon,1012,118,58,1.728921233103044,Balanced,Balanced Weapon,-0.16696475,18.68088275,87.53163016666667,2062.2057083333334,5.514595833333333,4.10142725,3.656277833333333,Soft-Speed Separation,0,pitch_type_specific,Sinker
"Rivas, Albert",691309.0,GAT_GRI,Slider,R,43,13,43.81595479840459,79.34903151329144,54.47587781287064,75.65900168255749,53.2500223898434,62.28262591497158,86.65171060011218,1.225855423027241,51.77466251863066,59.28210880538418,727,161,Elite Weapon,435,162,117,,,,6.4581870149253735,0.2580410447761193,83.01823253731344,2339.650980597015,5.782286417910448,5.440873880597015,3.155299552238806,Tight High-Spin Breakers,1,pitch_type_specific,Slider
"Sakurai, Masatoshi",1000429128.0,QUE_CAP,Four-Seam,L,205,206,48.89560893284307,55.04216646450523,50.73957619234172,57.15086932136848,49.51503029660316,49.24981341756081,51.51430173864273,1.224545895738565,51.77276672492393,59.226023555804815,728,218,Command/Deception Weapon,765,207,91,-5.551427798556439,LHH,Left-Handed Killer,16.309135294117645,-7.232426060606061,87.57584251336898,2024.9271672014256,6.475471069518717,5.685020748663102,-1.704167504456328,Soft-Speed Separation,0,pitch_type_specific,Four-Seam
"Toribio, Noe",672848.0,TRO_AIG,Changeup,L,276,81,49.351161131839206,54.2149464765139,50.81029673524161,57.655636567582725,49.599370849931205,49.54410978821222,53.58945597307908,1.2109258853104024,51.753049128903896,59.16993830622547,729,93,Command/Deception Weapon,756,101,56,-0.013448064871504,Balanced,Balanced Weapon,6.9475531903485255,16.749803538873994,83.15601914209115,1975.6611158176945,5.626475281501341,5.743046514745309,2.3023395710455765,Soft-Speed Separation,0,pitch_type_specific,Changeup
"Stegura, Drew",1000258563.0,WAS_WIL3,Curveball,L,31,17,49.54541728683617,45.56973394621633,48.35271228465022,44.30734716769489,47.14503947100134,40.98001115839296,16.432978126752666,1.2076728136488768,51.748339679290446,59.11385305664611,730,93,Command/Deception Weapon,994,117,56,,,,-12.556483076923078,-9.81041826923077,76.1101001923077,2322.043876923077,5.985136923076923,5.906952500000001,0.4593025,Tight High-Spin Breakers,1,pitch_type_specific,Curveball
"Thebiay, Nolan",1000338675.0,EVA_OTT,Four-Seam,L,260,155,51.24756675353386,49.681246566632254,50.77767069746338,57.43129556926528,49.57608303850914,49.46284972870951,52.8603477285474,1.2015876589542387,51.73953024242392,59.05776780706674,731,219,Command/Deception Weapon,760,203,87,0.8400555718796312,Balanced,Balanced Weapon,17.470126964586846,9.103984451939292,89.53275706576729,2278.6196989881955,6.835454418212479,5.6204792074199,1.4964423440134906,Soft-Speed Separation,0,pitch_type_specific,Four-Seam
"Toribio, Noe",672848.0,TRO_AIG,Changeup,R,97,81,49.351161131839206,54.17011959360887,50.7968486703701,57.54346606842401,49.599370849931205,49.54410978821222,53.58945597307908,1.1974778204388983,51.73358045729119,59.00168255748738,732,94,Command/Deception Weapon,758,102,46,-0.013448064871504,Balanced,Balanced Weapon,6.9475531903485255,16.749803538873994,83.15601914209115,1975.6611158176945,5.626475281501341,5.743046514745309,2.3023395710455765,Soft-Speed Separation,0,pitch_type_specific,Changeup
"Jones, Breyln",690202.0,NEW_JER6,Slider,L,42,36,56.30988948024404,45.042159269310304,52.92957041696391,69.20919798093101,51.7389846036512,57.01003854334446,76.24789680314078,1.1905858133127154,51.72360294567341,58.94559730790802,733,162,Elite Weapon,550,200,65,5.944925033645831,RHH,Right-Handed Killer,8.150232692307693,-0.5716352884615385,86.09056903846155,2073.246207692308,5.859145673076923,5.698140480769231,1.573452596153846,Soft-Speed Separation,0,pitch_type_specific,Slider
"Henderson, Drew",1000429021.0,DOW_EAS1,Changeup,R,75,57,48.36991081667051,58.71993000819872,51.474916574128976,61.35726303982053,50.3157522076016,52.043837680021234,63.06786315199102,1.1591643665273779,51.67811433189106,58.88951205832866,734,95,Elite Weapon,690,92,41,1.6155857461705023,Balanced,Balanced Weapon,9.38460766169154,14.424224129353233,81.33774940298507,1732.5831935323383,5.7319489552238805,5.852742189054727,1.3218615920398011,Soft-Speed Separation,0,pitch_type_specific,Changeup
"Odonnell, Brendan",1000423478.0,NEW_ENG23,Four-Seam,L,29,20,51.52618775047701,47.10231154020921,50.19902488739666,54.570947840717885,49.04723645157719,47.61750220579137,42.54066180594504,1.1517884358194692,51.66743624741107,58.8334268087493,735,220,Command/Deception Weapon,811,219,96,-1.7363508838947157,Balanced,Balanced Weapon,13.210323421052632,-7.409744868421053,91.30391368421051,2448.2848236842106,6.936022763157896,5.753933947368421,-1.5030568421052632,Soft-Speed Separation,0,pitch_type_specific,Four-Seam
"Phelps, Travis",1000568112.0,FLO_Y'A,Four-Seam,L,58,38,49.723596847628215,49.83325058084268,49.75649296759255,52.38362310712282,48.61248933759001,46.100503647577575,33.73527762198542,1.144003630002537,51.656166237229925,58.77734155916994,736,221,Command/Deception Weapon,850,232,104,3.267652981055946,RHH,Balanced Weapon,15.30228512987013,6.8658639610389605,91.05275636363636,2131.236573376624,6.391171103896104,6.066015909090909,1.4549275974025977,Soft-Speed Separation,0,pitch_type_specific,Four-Seam
"Cooper, Garrett",1000327042.0,NEW_YOR13,Curveball,L,97,55,52.00364833268684,44.75205169052879,49.82816934003942,52.66404935501963,48.71938520319759,46.47350410873875,36.53954010095345,1.1087841368418339,51.60517921766515,58.72125630959057,737,94,Command/Deception Weapon,845,102,45,3.1449091766049264,RHH,Balanced Weapon,-5.670510670103093,-6.490437319587628,76.15799840206186,2195.551227835052,5.537445618556701,5.68569881443299,1.549036237113402,Tight High-Spin Breakers,1,pitch_type_specific,Curveball
"Anibal, Trevor",822669.0,NEW_ENG23,Curveball,L,53,24,53.777949306812665,38.42585213117568,49.17232015412157,48.90633763320247,48.09207621069226,44.2845836845006,27.285473920358942,1.0802439434293092,51.563861774700634,58.66517106001121,738,95,Command/Deception Weapon,912,105,46,3.6829170562259534,RHH,Balanced Weapon,-15.20252225,-9.262682916666668,76.018285,2492.501268333333,5.428183833333334,5.599501416666667,0.8478108333333334,Tight High-Spin Breakers,1,pitch_type_specific,Curveball
"Kostura, Brit",1000146015.0,WAS_WIL3,Sinker,L,35,54,48.59671668361039,49.824090502611895,48.96492882931084,47.335950644980365,47.885105374532586,43.562383467535405,23.24733595064498,1.079823454778257,51.56325303615405,58.60908581043186,739,123,Command/Deception Weapon,940,109,54,-2.6649187393061737,Balanced,Balanced Weapon,13.17072544117647,-16.688552720588234,84.92354558823529,2075.2515897058825,5.551536176470588,5.102386838235295,-1.6960675735294115,Tight High-Spin Breakers,1,pitch_type_specific,Sinker
"Williams, Pierce",1000337420.0,NEW_ENG23,Changeup,L,157,139,54.97653474617198,46.67100642957342,52.4848762511924,66.57319125070107,51.40718599030441,55.8522665838065,74.00448681996636,1.0776902608879837,51.56016482593699,58.553000560852496,740,96,Elite Weapon,597,75,44,-0.3957364129873539,Balanced,Balanced Weapon,9.999905055555557,-14.017683444444446,79.29645168518519,1786.356929814815,5.952513259259259,5.943098925925926,-1.7080629444444444,Tight High-Spin Breakers,1,pitch_type_specific,Changeup
"Sanchez, Edwin",835958.0,LAK_ERI24,Curveball,L,66,37,48.56555409002068,53.02218475083814,49.90254328826592,53.05664610207516,48.8805648280486,47.03592131783754,39.51205832865956,1.0219784602173192,51.479511232830966,58.496915311273135,741,96,Command/Deception Weapon,838,101,44,-3.684056348632339,LHH,Balanced Weapon,-4.731065342465754,5.614279383561644,76.06717684931508,2465.248171917808,5.26403191780822,5.05868897260274,-1.5486487671232878,Tight High-Spin Breakers,1,pitch_type_specific,Curveball
"Sechrist, Zander",801415.0,WAS_WIL3,Four-Seam,L,43,48,50.03763485905248,46.469856525433215,48.9673013589667,47.44812114413909,47.94593392859266,43.77463750175099,24.14469994391475,1.0213674303740419,51.47862664910252,58.440830061693774,742,222,Command/Deception Weapon,938,263,117,-0.3267736444788909,Balanced,Balanced Weapon,13.925029294871791,-16.564051153846155,80.15787955128205,1910.700680128205,5.659426666666667,5.130725833333334,-2.5364967307692305,Tight High-Spin Breakers,1,pitch_type_specific,Four-Seam
"Leach, Landon",667743.0,TRO_AIG,Sinker,L,33,29,43.43027236087523,44.15737152351513,43.6484021096672,20.134604598990467,42.64064961881243,25.262476316735704,0.532809871003926,1.0077524908547701,51.45891639420264,58.384744812114405,743,124,Command/Deception Weapon,1425,195,96,5.878196405355176,RHH,Right-Handed Killer,9.388307634408603,11.448822365591395,91.56413795698926,1912.633583870968,5.686315913978494,5.8693555913978495,1.3292332258064516,Soft-Speed Separation,0,pitch_type_specific,Sinker
"Wiltse, Ryan",813813.0,EVA_OTT,Cutter,R,59,17,55.82195480176156,46.23903555271376,52.94707902704722,69.26528323051038,51.94005795772507,57.71166019513136,77.84632641615255,1.0070210693221497,51.457857520248275,58.32865956253506,744,30,Elite Weapon,549,21,12,,,,8.25787455882353,-0.6136079411764707,80.7968744117647,1939.1258205882352,6.016267647058823,6.366058529411765,1.3815651470588235,Soft-Speed Separation,0,pitch_type_specific,Cutter
"Miner, Jace",701731.0,DOW_EAS1,Four-Seam,R,40,23,48.98609769328406,46.72054706056357,48.30643250346791,44.02692091979809,47.30195193454012,41.527538613540415,17.9472798653954,1.0044805689277894,51.4541796551887,58.2725743129557,745,223,Command/Deception Weapon,999,286,160,,,,10.78957262295082,-8.016736393442622,88.50247868852459,1872.5928901639345,5.992385409836065,5.356189180327869,-2.728185573770492,Soft-Speed Separation,0,pitch_type_specific,Four-Seam
"Melendez, Omar",801018.0,NEW_ENG23,Four-Seam,L,31,31,55.36038361081666,37.254143497690194,49.92851157687872,53.22490185081323,48.925509624236135,47.19275086039712,40.40942232192933,1.0030019526425846,51.45203907249722,58.21648906337633,746,224,Command/Deception Weapon,835,227,101,2.381345960539342,Balanced,Balanced Weapon,19.01693326732673,-3.921573663366337,82.25815871287128,2139.8147465346538,6.9473517821782185,6.706490594059406,-0.5842511881188118,Soft-Speed Separation,0,pitch_type_specific,Four-Seam
"Castro, Alexander",669418.0,TRO_AIG,Changeup,L,73,20,52.29500140289853,43.761900901356654,49.735071252435965,52.159282108805385,48.73374525963809,46.523611824730985,36.90409422321929,1.0013259927978737,51.44961279688326,58.16040381379697,747,97,Command/Deception Weapon,854,113,62,,,,5.917129466666667,10.7112836,83.4312908,1336.0263653333334,6.080115866666667,5.738945333333334,2.2865636,Soft-Speed Separation,0,pitch_type_specific,Changeup
"Townes, Holland",830218.0,SCH_BOO,Curveball,L,30,14,58.81973435465628,35.39351324288654,51.79186802112535,62.70330902972518,50.81686285376442,53.79240392296357,67.89119461581605,0.9750051673609335,51.411508317770206,58.104318564217614,748,97,Elite Weapon,666,89,38,3.13569644312328,RHH,Balanced Weapon,-9.38448090909091,-13.510521212121212,78.36964555555555,2322.3926,4.931660101010101,5.844541111111111,2.594628585858586,Tight High-Spin Breakers,1,pitch_type_specific,Curveball
"Majick, Eli",828663.0,NEW_ENG23,Changeup,R,123,55,47.492633892826696,49.30788952314681,48.03721058192273,42.51261918115536,47.06918911087149,40.71534031123839,15.731912507010655,0.9680214710512374,51.401398068348044,58.04823331463825,749,98,Command/Deception Weapon,1026,140,61,3.3285135977278486,RHH,Balanced Weapon,3.061132272727273,-13.32444590909091,82.12118212121213,1825.6930454545447,5.921908989898991,5.566142323232323,-3.46053797979798,Tight High-Spin Breakers,1,pitch_type_specific,Changeup
"Whitesell, Max",1000223610.0,FLO_Y'A,Four-Seam,L,115,83,53.10842616800878,38.51231168124011,48.729591821978175,46.4385866517106,47.776621435950965,43.18384161383945,22.518227706113294,0.9529703860272107,51.379608715415294,57.99214806505889,750,225,Command/Deception Weapon,956,268,121,3.870365182961663,RHH,Balanced Weapon,13.96839242677824,12.726667280334729,88.78616397489539,1909.538690794979,6.405655983263599,5.258831297071129,2.7838815062761504,Soft-Speed Separation,0,pitch_type_specific,Four-Seam
"Gordillo, Lucas",808851.0,TRI_VAL,Sinker,L,65,28,42.61817634766575,53.35991112019414,45.84069677942426,30.28603477285474,44.8980458474874,33.13939306682175,4.6831183398766125,0.9426509319368606,51.36466931225008,57.93606281547953,751,125,Command/Deception Weapon,1244,156,78,-0.9993783475430292,Balanced,Balanced Weapon,13.6989225,14.002646634615385,91.18113634615383,2089.836755769231,6.012447884615384,5.983495673076923,1.9677727884615384,Soft-Speed Separation,0,pitch_type_specific,Sinker
"Andueza, Axel",672847.0,DOW_EAS1,Sinker,L,65,36,43.43845050015172,49.18094127084692,45.16119773136028,26.303982052720137,44.22300671268121,30.783923964687425,2.3836231071228267,0.9381910186790705,51.358212726305055,57.87997756590016,752,126,Command/Deception Weapon,1315,171,86,-1.3507358593193717,Balanced,Balanced Weapon,11.481138016528924,11.40407388429752,89.89675140495868,2058.267922314049,5.494075785123967,5.878809917355372,1.1055309917355371,Soft-Speed Separation,0,pitch_type_specific,Sinker
"Noriega, Branden",804447.0,LAK_ERI24,Curveball,L,49,12,53.896061724416114,50.51889811716564,52.88291264224097,68.70443073471677,51.94718686428981,57.73653567016597,78.04262478968032,0.9357257779511556,51.354643814150286,57.823892316320816,753,98,Elite Weapon,559,72,29,-2.736639402724272,Balanced,Balanced Weapon,-9.39469703125,7.534413828125,79.290481484375,2847.471871875,5.271383203125,5.80382625,-1.037413125,Tight High-Spin Breakers,1,pitch_type_specific,Curveball
"Duby, Bill",1000270408.0,NEW_JER6,Sinker,L,126,91,46.23370546549663,48.357210130506886,46.870756864999706,36.23107122826696,45.93791505624558,36.76789349768051,9.05776780706674,0.9328418087541266,51.3504687116523,57.76780706674145,754,127,Command/Deception Weapon,1138,139,69,-1.243567483063032,Balanced,Balanced Weapon,13.989845304347826,16.062225826086955,87.61470821739131,2079.723779565217,6.435315782608696,5.433811565217392,2.948010565217391,Soft-Speed Separation,0,pitch_type_specific,Sinker
"Simone, Andrew",1000132681.0,TRO_AIG,Slider,R,91,45,52.39939911160219,55.47237520113258,53.3212919384613,71.28435221536736,52.39510460866421,59.29949158304727,80.45429052159282,0.926187329797088,51.34083506794176,57.711721817162086,755,163,Elite Weapon,513,191,131,3.532688333997804,RHH,Balanced Weapon,3.3216478620689656,-3.522124620689655,84.0733032413793,2172.747612413793,5.765972,5.26254875862069,0.8882838620689656,Tight High-Spin Breakers,1,pitch_type_specific,Slider
"Delaney, Carter",1000039247.0,WIN_CIT29,Slider,R,55,21,48.322763802138006,68.52886010993846,54.384592694478144,75.32249018508132,53.45962453342669,63.0140077675116,88.19405496354459,0.9249681610514529,51.3390700856803,57.655636567582725,756,164,Elite Weapon,441,163,118,8.824751681493993,RHH,Right-Handed Killer,-0.3373365882352941,-6.988695529411765,80.11096317647059,2277.041747058824,5.470718588235294,5.658510235294117,1.7547362352941176,Tight High-Spin Breakers,1,pitch_type_specific,Slider
"Gollert, Harley",1000114236.0,TRO_AIG,Changeup,L,72,81,52.16035896094133,45.63872402028328,50.20386847874392,54.739203589455975,49.28076865911773,48.43238518198045,46.69097027481772,0.9230998196261879,51.33636530056687,57.599551318003364,757,99,Command/Deception Weapon,808,109,60,2.09692328206922,Balanced,Balanced Weapon,9.703143586497893,-13.385575696202531,79.87379405063291,1537.850805485232,5.327333924050634,5.452015358649788,-1.879373248945148,Tight High-Spin Breakers,1,pitch_type_specific,Changeup
"Thompson, Ross",1000103401.0,SCH_BOO,Splitter,L,183,48,55.62198995905038,42.04132923861795,51.54779174292064,61.637689287717336,50.641433348477065,53.18026344398865,66.15255187885586,0.906358394443572,51.312128853738024,57.54346606842401,758,14,Elite Weapon,685,16,10,-1.8822353383107144,Balanced,Balanced Weapon,3.581316470588236,8.67091185520362,79.08091380090497,1049.1249312217194,5.45431628959276,5.415681809954752,2.6113298190045247,Soft-Speed Separation,0,pooled_fixed_effects,Pooled
"Peters, Garrett",833402.0,NEW_YOR13,Curveball,R,47,55,49.81580689872167,46.11603404150216,48.70587504155581,46.21424565339317,47.80079286707775,43.26818495963653,22.798653954010096,0.9050821744780535,51.31028127881541,57.48738081884465,759,99,Command/Deception Weapon,960,113,61,0.2606307529128031,Balanced,Balanced Weapon,0.5240065174129354,-0.2910026865671641,75.90330119402985,2039.236883084577,5.784654626865672,5.632034328358209,-2.584490895522388,Tight High-Spin Breakers,1,pitch_type_specific,Curveball
"MacMillan, Blake",832350.0,TRO_AIG,Cutter,L,62,44,54.81375972870145,41.92795118190797,50.948017164663405,58.104318564217614,50.04577166033468,51.10177253968367,60.263600673023,0.9022455043287252,51.30617465082555,57.43129556926528,760,31,Elite Weapon,748,31,15,-1.944755805627203,Balanced,Balanced Weapon,21.8721192,-6.919074133333334,87.96224,2194.8112426666667,5.531241,6.7523408,0.0968407333333333,Soft-Speed Separation,0,pitch_type_specific,Cutter
"Sanchez, Edwin",835958.0,LAK_ERI24,Four-Seam,R,156,63,54.03576673668169,43.33169597123582,50.82454550704792,57.823892316320816,49.97127347470269,50.84181994527354,58.693213684800895,0.853272032345231,51.235276090111356,57.37521031968592,761,226,Elite Weapon,753,199,113,-1.5466374867824442,Balanced,Balanced Weapon,15.67126224390244,-13.323294048780488,87.21706497560974,2102.6404687804875,5.530440926829268,5.071215121951219,-1.4551019512195122,Soft-Speed Separation,0,pitch_type_specific,Four-Seam
"Parenteau, Matt",1000091037.0,EVA_OTT,Four-Seam,R,38,16,45.37316551657499,58.23726124266608,49.23239423440232,49.07459338194055,48.38962956887861,45.32286088252626,31.155356141334828,0.8427646655237098,51.220064646969384,57.31912507010656,762,227,Command/Deception Weapon,909,252,141,2.398731282962274,Balanced,Balanced Weapon,14.569048787878788,4.929922272727272,92.01933803030305,2251.601751515152,6.393233787878788,6.495336212121212,1.9121974242424244,Soft-Speed Separation,0,pitch_type_specific,Four-Seam
"Bihm, Gage",815079.0,MIS_MUD,Slider,L,40,15,53.06544968203636,45.760125976342906,50.87385257032832,57.93606281547953,50.03897401081354,51.07805294686512,60.03925967470555,0.8348785595147774,51.20864798519255,57.263039820527204,763,165,Elite Weapon,751,234,82,2.3021259245209293,Balanced,Balanced Weapon,-2.379202093023256,10.09947976744186,80.46009593023255,2269.525519767442,4.989142325581395,6.076221976744185,-1.6505381395348837,Tight High-Spin Breakers,1,pitch_type_specific,Slider
"Riedel, Caleb",1000120428.0,SCH_BOO,Four-Seam,R,180,98,56.66559126076719,41.133222809941614,52.00588072551951,63.88109927089175,51.17503582593781,55.04220608356908,72.49018508132362,0.8308448995816988,51.202808483272776,57.20695457094784,764,228,Elite Weapon,645,166,92,-2.83044001978255,Balanced,Balanced Weapon,17.09450888888889,-15.05825615873016,89.45993425396826,2318.4261285714283,5.87077907936508,5.236448984126985,-1.515218126984127,Soft-Speed Separation,0,pitch_type_specific,Four-Seam
"Balzan, Jackson",827496.0,SUS_COU1,Changeup,R,250,126,52.3171144953992,49.15129080333213,51.36736738777908,60.79641054402693,50.53818776282556,52.820000202356425,64.46999439147504,0.8291796249535253,51.200397676573765,57.15086932136848,765,100,Elite Weapon,700,93,42,4.459502359923548,RHH,Balanced Weapon,9.528286070381233,-13.79540457478006,79.93696997067448,1872.052471554252,5.365953108504399,5.437258269794722,-1.0729853372434015,Tight High-Spin Breakers,1,pitch_type_specific,Changeup
"Forsyth, Braden",687732.0,MIS_MUD,Four-Seam,R,188,122,48.77570288424627,55.49136164849652,50.79040051352134,57.48738081884465,49.96562129010484,50.82209731662388,58.46887268648345,0.824779223416499,51.1940272453402,57.09478407178912,766,229,Elite Weapon,759,202,116,4.392596978074309,RHH,Balanced Weapon,19.149518847262247,9.597321873198847,90.57843314121035,2236.4333530259364,6.586397348703169,6.218471613832853,1.4255877233429397,Soft-Speed Separation,0,pitch_type_specific,Four-Seam
"Webster, Evan",804248.0,FLO_Y'A,Changeup,R,172,64,47.57985623438642,56.07669701919263,50.12890846982828,54.122265844083,49.32170524389824,48.57522854561012,47.75659001682557,0.8072032259300386,51.168582593890406,57.03869882220975,767,101,Command/Deception Weapon,819,110,50,0.5177194839601427,Balanced,Balanced Weapon,11.328571220657278,-11.92515633802817,82.45887164319248,1786.9776244131456,6.923692535211267,5.728416244131456,-2.638737042253521,Soft-Speed Separation,0,pitch_type_specific,Changeup
"Johnston, Spencer",800918.0,DOW_EAS1,Slider,R,117,83,54.9901881191997,54.32641698401397,54.79105677864398,77.00504767246214,53.99499897601858,64.88213346952686,91.1665731912507,0.7960578026253984,51.15244744073819,56.982613572630406,768,166,Elite Weapon,411,157,113,8.25142296852659,RHH,Right-Handed Killer,6.761552307692307,1.0214851583710407,78.49657027149321,2085.161475113122,5.994477692307692,6.511659728506787,1.7254097737556562,Tight High-Spin Breakers,1,pitch_type_specific,Slider
"Dima, Josh",1000098214.0,GAT_GRI,Slider,R,49,34,57.33357045450483,41.23462583316275,52.5038870681022,66.62927650028043,51.709524153878014,56.90723979346807,76.13572630398205,0.7943629142241875,51.14999376238234,56.92652832305104,769,167,Elite Weapon,596,205,140,-5.490650229883471,LHH,Reverse Split Weapon,2.612991958041958,2.06080937062937,82.04491321678321,1933.9387426573423,5.979903286713287,6.284517412587412,-0.8371357342657343,Tight High-Spin Breakers,1,pitch_type_specific,Slider
"Petschke, Ben",814386.0,EVA_OTT,Curveball,L,90,41,56.8501094409979,42.930821520593526,52.67432306487658,67.35838474481211,51.89532026430006,57.55555331313019,77.25743129556926,0.7790028005765208,51.127757030823,56.87044307347168,770,100,Elite Weapon,583,79,33,1.5990646715056087,Balanced,Balanced Weapon,-9.68742649122807,-15.798353742690058,77.21435374269007,2767.7947625730994,4.964299298245614,5.772370233918128,1.8074727485380115,Tight High-Spin Breakers,1,pitch_type_specific,Curveball
"Castro, Alexander",669418.0,TRO_AIG,Four-Seam,R,82,48,48.361560143068026,55.722686726777845,50.569898118180966,56.4217610768368,49.793606204115626,50.221871049349886,55.88895120583287,0.7762919140653395,51.12383249894649,56.814357823892315,771,230,Elite Weapon,778,213,121,2.247316538049504,Balanced,Balanced Weapon,18.534767328767124,12.255067739726028,92.87450328767125,2227.252656849315,5.308476780821918,6.071662671232877,1.816810410958904,Soft-Speed Separation,0,pitch_type_specific,Four-Seam
"Simpson, Garret",1000073158.0,EVA_OTT,Four-Seam,L,199,139,46.57229284112584,50.12701530236209,47.63870957949671,39.98878295008413,46.89248007764164,40.09873507106895,14.21761076836792,0.7462295018550691,51.08031135023106,56.758272574312954,772,231,Command/Deception Weapon,1071,320,144,-1.0740161515445197,Balanced,Balanced Weapon,11.007081133004926,3.330929261083744,88.99875564039408,2339.635206896552,5.735519876847291,5.631494088669951,1.824308497536946,Soft-Speed Separation,0,pitch_type_specific,Four-Seam
"Hickey, Matt",806277.0,GAT_GRI,Sinker,R,58,32,53.2082631087691,41.350798071710486,49.65102359765152,51.766685361749865,48.90486376007013,47.12070956290427,39.98878295008413,0.7461598375813949,51.08021049773813,56.7021873247336,773,128,Command/Deception Weapon,861,95,49,,,,5.486162317073171,17.801747926829268,88.53979975609757,2259.401819512196,5.638468048780488,4.480804146341463,2.915555243902439,Soft-Speed Separation,0,pitch_type_specific,Sinker
"Perozzi, John",1000377762.0,SUS_COU1,Slider,L,78,33,61.80263283214624,41.69019948000433,55.76890282650366,80.70667414469995,55.04173059550723,68.53457946977312,96.4385866517106,0.7271722309964304,51.05272226944313,56.64610207515424,774,168,Elite Weapon,345,136,39,7.841007420928051,RHH,Right-Handed Killer,7.843225167785236,-3.6448929530201344,83.45249201342281,2410.993324161074,5.911441342281879,6.044385100671141,0.5518324832214765,Tight High-Spin Breakers,1,pitch_type_specific,Slider
"Vitas, Ben",1000076969.0,JOL_SLA,Slider,R,104,46,42.28192731158944,72.38207766343801,51.311972417144005,60.34772854739203,50.59226607382989,53.008700062999154,65.14301738642737,0.7197063433141153,51.04191395486604,56.59001682557487,775,169,Elite Weapon,708,224,150,8.755470344546275,RHH,Right-Handed Killer,1.885131831683168,-3.5022698514851487,81.5602242079208,2091.037693316832,4.934773168316831,5.407549405940594,2.0055061386138613,Tight High-Spin Breakers,1,pitch_type_specific,Slider
"Puccetti, Dominic",1000266076.0,OTT_TIT,Curveball,L,119,37,54.83556843918407,47.67695865921616,52.6879855051937,67.47055524397084,51.9718395323287,57.82255823516504,78.2108805384184,0.7161459728650001,51.03675963089781,56.53393157599551,776,101,Elite Weapon,581,78,32,-0.0804489139663502,Balanced,Balanced Weapon,-13.418813897435896,9.80197676923077,73.50289394871794,2685.228194871795,5.290598358974359,6.773185230769231,-0.9925660512820512,Tight High-Spin Breakers,1,pitch_type_specific,Curveball
"Noriega, Branden",804447.0,LAK_ERI24,Sinker,L,48,28,48.577790803541006,50.80965540396403,49.24735018366791,49.13067863151991,48.53294045745188,45.82292725294594,32.83791362871565,0.7144097262160329,51.03424607848932,56.47784632641615,777,129,Command/Deception Weapon,908,105,52,-2.886702880752935,Balanced,Balanced Weapon,13.039235576923078,-15.441399423076923,90.24234105769231,2200.1523125,6.208928365384616,5.816364615384615,-0.9114426923076924,Soft-Speed Separation,0,pitch_type_specific,Sinker
"Turner, Eric",1000080978.0,JOL_SLA,Slider,R,151,76,46.58998849766053,71.92960093205221,54.19187222797804,74.25687044307348,53.47803715726982,63.07825643742636,88.64273696017946,0.713835070708221,51.03341415363776,56.421761076836795,778,170,Elite Weapon,460,170,121,10.034605582076445,RHH,Right-Handed Killer,1.40285224,-7.69305372,78.1588612,2353.8319136,4.96233072,5.4286446800000006,2.78799576,Tight High-Spin Breakers,1,pitch_type_specific,Slider
"Leach, Landon",667743.0,TRO_AIG,Four-Seam,L,138,54,49.077164184251565,43.30703791899133,47.34612630467349,38.25014021312395,46.64323994904062,39.22904116495158,12.254627033090298,0.7028863556328702,51.01756377364481,56.365675827257434,779,232,Command/Deception Weapon,1102,331,151,5.456822503721341,RHH,Right-Handed Killer,10.55249889423077,5.197363798076923,91.576919375,1971.0109735576923,5.659885384615384,5.911047788461539,1.338520576923077,Soft-Speed Separation,0,pitch_type_specific,Four-Seam
"Sechrist, Zander",801415.0,WAS_WIL3,Four-Seam,R,113,48,50.03763485905248,45.38061104383692,48.64052771448781,45.98990465507571,47.94593392859266,43.77463750175099,24.14469994391475,0.694593785895151,51.00555867710552,56.30959057767807,780,233,Command/Deception Weapon,964,272,151,-0.3267736444788909,Balanced,Balanced Weapon,13.925029294871791,-16.564051153846155,80.15787955128205,1910.700680128205,5.659426666666667,5.130725833333334,-2.5364967307692305,Tight High-Spin Breakers,1,pitch_type_specific,Four-Seam
"Williams, Pierce",1000337420.0,NEW_ENG23,Changeup,R,383,139,54.97653474617198,45.35188505294887,52.08913983820504,64.27369601794727,51.40718599030441,55.8522665838065,74.00448681996636,0.6819538479006297,50.987259925250015,56.253505328098704,781,102,Elite Weapon,638,85,37,-0.3957364129873539,Balanced,Balanced Weapon,9.999905055555557,-14.017683444444446,79.29645168518519,1786.356929814815,5.952513259259259,5.943098925925926,-1.7080629444444444,Tight High-Spin Breakers,1,pitch_type_specific,Changeup
"Harajli, Ahmad",800677.0,FLO_Y'A,Four-Seam,L,76,54,48.97111651465503,49.09630969846128,49.0086744697969,47.7285473920359,48.33455608898967,45.13068849793905,30.033651149747616,0.6741183808072293,50.975916573085144,56.19742007851934,782,234,Command/Deception Weapon,933,260,116,2.969071175104176,Balanced,Balanced Weapon,14.651722819148937,8.833245,92.03370441489362,2041.8302494680847,6.42600494680851,6.092600797872341,1.7260147872340423,Soft-Speed Separation,0,pitch_type_specific,Four-Seam
"Perozzi, John",1000377762.0,SUS_COU1,Four-Seam,R,101,77,47.92376714373461,60.6033064891425,51.727628947356976,62.36679753224902,51.05973801018833,54.639888012603535,70.75154234436343,0.667890937168643,50.966901145486844,56.14133482893999,783,235,Elite Weapon,672,177,101,4.077717667021268,RHH,Balanced Weapon,21.44643848837209,9.046792558139536,91.64448740310078,2209.4039093023257,5.997787170542636,6.15393996124031,0.4643793798449612,Soft-Speed Separation,0,pitch_type_specific,Four-Seam
"Henderson, Drew",1000429021.0,DOW_EAS1,Curveball,R,212,104,48.39593846727464,57.91685752487615,51.252214184555086,59.73079080201907,50.60278293752645,53.04539741313977,65.36735838474482,0.6494312470286374,50.94017717822152,56.08524957936063,784,102,Elite Weapon,719,92,54,5.325522720962603,RHH,Right-Handed Killer,-7.70472125,-4.714679914772727,76.86685721590909,2287.0135789772726,5.079806335227273,5.965361392045455,1.182197159090909,Tight High-Spin Breakers,1,pitch_type_specific,Curveball
"Peters, Garrett",833402.0,NEW_YOR13,Curveball,L,154,55,49.81580689872167,45.2472648651261,48.445244288643,44.980370162647226,47.80079286707775,43.26818495963653,22.798653954010096,0.6444514215652504,50.93296791892944,56.02916432978127,785,103,Command/Deception Weapon,982,115,54,0.2606307529128031,Balanced,Balanced Weapon,0.5240065174129354,-0.2910026865671641,75.90330119402985,2039.236883084577,5.784654626865672,5.632034328358209,-2.584490895522388,Tight High-Spin Breakers,1,pitch_type_specific,Curveball
"Shinn, Nathan",1000490914.0,LAK_ERI24,Slider,R,61,34,58.42186789206092,37.02073988423045,52.00152948971177,63.8250140213124,51.36033064678978,55.688770412654456,73.89231632080762,0.6411988429219946,50.92825918305517,55.973079080201906,786,171,Elite Weapon,646,216,146,-2.989225540641968,Balanced,Balanced Weapon,0.306981304347826,0.7920934057971015,82.14640072463767,2178.8548934782607,5.243499492753624,5.706384637681159,-2.5168126811594203,Tight High-Spin Breakers,1,pitch_type_specific,Slider
"Puccetti, Dominic",1000266076.0,OTT_TIT,Curveball,R,76,37,54.83556843918407,47.40879561266168,52.60753659122735,67.02187324733595,51.9718395323287,57.82255823516504,78.2108805384184,0.6356970588986499,50.92029428792282,55.916993830622545,787,104,Elite Weapon,589,81,47,-0.0804489139663502,Balanced,Balanced Weapon,-13.418813897435896,9.80197676923077,73.50289394871794,2685.228194871795,5.290598358974359,6.773185230769231,-0.9925660512820512,Tight High-Spin Breakers,1,pitch_type_specific,Curveball
"Agosto, Justus",1000116159.0,TRI_VAL,Four-Seam,R,44,37,52.030221130186376,44.44778056799751,49.755488961529714,52.32753785754347,49.125353688595126,47.89008305133402,43.99887829500842,0.6301352729345879,50.91224252839094,55.86090858104319,788,236,Command/Deception Weapon,851,233,129,-4.425192633742206,LHH,Balanced Weapon,17.11089871559633,8.103172110091743,89.4328909174312,2005.881305504587,6.025378165137615,5.747639266055045,1.374033119266055,Soft-Speed Separation,0,pitch_type_specific,Four-Seam
"Plumadore, Carson",1000207816.0,WIN_CIT29,Slider,R,95,42,52.83729080334231,61.82816433904085,55.53455286405188,79.69713965227146,54.90876108968629,68.07059812952502,95.877734155917,0.6257917743655952,50.90595447519534,55.80482333146383,789,172,Elite Weapon,363,141,101,5.254206775089806,RHH,Right-Handed Killer,2.5761074820143883,-4.819315611510791,76.1050962589928,2432.441224460432,5.511575611510792,4.327944892086331,4.071410935251798,Tight High-Spin Breakers,1,pitch_type_specific,Slider
"Potteiger, Jack",1000565185.0,JOL_SLA,Sinker,L,46,23,46.45924060962501,44.5342919335318,45.88175600679705,30.56646102075154,45.264718381951575,34.41885344326294,5.916993830622546,0.617037624845473,50.893281152759414,55.74873808188446,790,130,Command/Deception Weapon,1239,154,77,-3.878509618117356,LHH,Balanced Weapon,5.112480506329114,-14.661575189873416,89.37687,1942.0568329113928,6.388360506329113,5.318142658227848,-1.7426036708860762,Soft-Speed Separation,0,pitch_type_specific,Sinker
"Vitas, Ben",1000076969.0,JOL_SLA,Splitter,R,45,34,55.179092419059415,38.42484436412679,50.15281800257962,54.34660684240045,49.61385479727113,49.59464980682304,53.86988222097588,0.538963205308491,50.780253349142924,55.6926528323051,791,15,Command/Deception Weapon,815,18,7,-1.7276928938228124,Balanced,Balanced Weapon,-0.0288667701863354,6.253627826086956,81.29842397515527,1041.7159688198758,4.925853540372671,5.46487652173913,1.887327453416149,Tight High-Spin Breakers,1,pooled_fixed_effects,Pooled
"Boies, Emiles",1000429129.0,QUE_CAP,Changeup,L,198,93,55.37442016917066,43.42349344972887,51.789142153338126,62.64722378014582,51.288174411117865,55.4369897752247,73.21929332585529,0.5009677422202614,50.72524757688458,55.63656758272574,792,103,Elite Weapon,667,88,49,1.112484700953701,Balanced,Balanced Weapon,11.474986472727272,14.671963163636365,82.54835647272728,1905.7188705454544,6.204506981818183,5.5183496,2.711655090909091,Soft-Speed Separation,0,pitch_type_specific,Changeup
"Campbell, AJ",1000132168.0,WIN_CIT29,Sinker,R,37,23,47.74873588527204,51.48563178596353,48.86980465547949,47.16769489624229,48.38109462860327,45.29307921940403,30.959057767807067,0.48871002687621967,50.70750216614813,55.580482333146385,793,131,Command/Deception Weapon,943,110,56,,,,8.284637288135594,6.082048305084745,85.96327661016949,2441.1446237288133,5.331280169491525,5.972643728813559,1.6173861016949154,Tight High-Spin Breakers,1,pitch_type_specific,Sinker
"Gorgen, Grady",1000138303.0,NEW_YOR13,Cutter,R,42,23,55.40830014765501,42.10258970886816,51.41658701601895,61.076836791923725,50.96214517531156,54.29934937522816,69.01289960740326,0.45444184070738913,50.65789234721443,55.524397083567024,794,32,Elite Weapon,695,26,14,0.6909898002684116,Balanced,Balanced Weapon,8.127492771084338,-3.623175301204819,86.51925590361446,2125.8088903614457,6.274199397590362,5.482765903614458,-2.33646421686747,Soft-Speed Separation,0,pitch_type_specific,Cutter
"Majick, Eli",828663.0,NEW_ENG23,Sinker,R,229,104,44.41568202945009,47.4598529766548,45.3289333136115,27.369601794727988,44.87738213778314,33.067289499437,4.570947840717891,0.4515511758283637,50.65370755142337,55.46831183398766,795,132,Command/Deception Weapon,1296,167,83,1.5891295185393588,Balanced,Balanced Weapon,7.068013440233236,-16.710511457725946,87.35477326530612,2014.0893204081635,5.836283119533528,5.611764227405248,-3.3573662973760934,Soft-Speed Separation,0,pitch_type_specific,Sinker
"Vega, Lucas",837223.0,TRO_AIG,Sinker,R,114,87,43.43059488189966,51.01791320118395,45.70679037768495,29.44475602916433,45.26653344923145,34.425186905540315,6.029164329781268,0.4402569284535005,50.637356946681734,55.412226584408295,796,133,Command/Deception Weapon,1259,161,79,2.2153049064787567,Balanced,Balanced Weapon,9.053148599221789,14.613986031128404,89.56236505836576,2018.2296354085604,6.10487093385214,5.193540700389105,2.354034357976654,Soft-Speed Separation,0,pitch_type_specific,Sinker
"Ferguson, Francis",823799.0,QUE_CAP,Four-Seam,R,78,51,50.65531918220041,47.561519942165205,49.72717941018985,52.10319685922602,49.29034693671788,48.4658074471137,47.02748177229389,0.4368324734719664,50.632399386607105,55.35614133482895,797,237,Command/Deception Weapon,855,235,130,-5.225385307335088,LHH,Left-Handed Killer,14.678097209302326,-8.075807286821707,90.09471325581396,2190.453217054264,5.696394031007752,5.529279534883721,-2.2426848837209303,Soft-Speed Separation,0,pitch_type_specific,Four-Seam
"Good, Ty",688612.0,GAT_GRI,Four-Seam,R,321,181,49.79377997193466,48.50892714152045,49.4083241228104,50.19629837352776,48.98184667624535,47.38933233022721,41.250701065619744,0.4264774465650518,50.61740848491844,55.30005608524958,798,238,Command/Deception Weapon,889,246,136,1.727801144379569,Balanced,Balanced Weapon,18.59827520979021,5.032582115384615,89.2454726048951,2094.261642482518,6.194792552447552,6.99713972027972,-0.2191126748251748,Soft-Speed Separation,0,pitch_type_specific,Four-Seam
"Hill, Kaleb",1000371973.0,OTT_TIT,Sinker,L,164,190,41.45255116731536,45.9109052651247,42.79005739665816,16.881660123387547,42.378754377533255,24.348623893933237,0.3084688726864835,0.4113030191249081,50.595440570012784,55.24397083567022,799,134,Command/Deception Weapon,1483,209,103,-2.563151769112629,Balanced,Balanced Weapon,10.344059821782178,-15.41735803960396,89.68617601980198,1869.240663960396,5.5446264950495046,6.259000594059407,-2.9697154257425744,Soft-Speed Separation,0,pitch_type_specific,Sinker
"Garcia, Jorge",1000221236.0,SUS_COU1,Four-Seam,L,193,109,54.0482231177666,37.883930711941495,49.19893539601907,49.01850813236119,48.7913974295666,46.72478224276399,38.10992708917555,0.4075379664524661,50.589989928988615,55.18788558609086,800,239,Command/Deception Weapon,910,253,112,3.793871336904026,RHH,Balanced Weapon,16.616959149560117,4.5649568035190615,86.35156463343108,2153.477324633431,6.067799794721408,5.55588486803519,1.198894340175953,Soft-Speed Separation,0,pitch_type_specific,Four-Seam
"Cook, Cole",1000161363.0,SCH_BOO,Slider,R,122,66,60.031976074105415,38.08640711655859,53.44830538684137,71.90128996074033,53.05502905885432,61.60221978355682,84.99719573752104,0.3932763279870457,50.56934345244382,55.131800336511496,801,173,Elite Weapon,502,186,129,-7.552694475456825,LHH,Reverse Split Weapon,3.051791618705036,4.635058525179856,79.28296758992806,2468.901785251798,5.097507589928057,5.760871294964029,-1.1671934532374102,Tight High-Spin Breakers,1,pitch_type_specific,Slider
"Delongchamp, Luke",802194.0,TRI_VAL,Changeup,R,176,140,50.1235617073862,51.25432344144112,50.46279022760268,55.86090858104319,50.07943636334731,51.21924153324291,61.10487941671341,0.3833538642553691,50.55497876950789,55.07571508693214,802,104,Elite Weapon,788,105,48,-1.728867225474545,Balanced,Balanced Weapon,7.80194631455399,15.719832394366197,82.15954450704226,1861.8912389671364,5.6509370657277,5.586866948356808,2.137083333333333,Soft-Speed Separation,0,pitch_type_specific,Changeup
"Long, Jalon",809215.0,NEW_YOR13,Four-Seam,L,118,93,53.695295955875366,45.28114966954504,51.17105206997627,59.33819405496354,50.79009882382848,53.69901401071677,67.6668536174986,0.38095324614779,50.55150341107896,55.01962983735278,803,240,Elite Weapon,726,193,83,2.114607726681143,Balanced,Balanced Weapon,20.291421760299627,8.225591535580524,92.07524486891386,2126.62001835206,6.048634082397004,6.0783698876404495,1.0260373033707864,Soft-Speed Separation,0,pitch_type_specific,Four-Seam
"Folkman, Max",10072010.0,WAS_WIL3,Slider,L,25,18,53.744352603288185,53.91442002381591,53.7953728294465,73.13516545148626,53.422011436681565,62.88276132171232,87.63320246775098,0.3733613927649344,50.54051273681802,54.96354458777341,804,174,Elite Weapon,480,176,53,2.5624491274955616,Balanced,Balanced Weapon,3.168915283018868,11.188465849056604,72.71426075471697,2213.019075471698,5.66848283018868,3.7348849056603775,-2.9065243396226417,Tight High-Spin Breakers,1,pitch_type_specific,Slider
"Johnston, Spencer",800918.0,DOW_EAS1,Four-Seam,L,33,14,47.77003629006624,49.4136076068381,48.26310768509779,43.746494671901296,47.917718834119256,43.676184271680135,23.471676948962426,0.3453888509785372,50.500017079233416,54.90745933819405,805,241,Command/Deception Weapon,1004,289,127,2.9475628862153016,Balanced,Balanced Weapon,17.762294545454544,11.781931363636364,84.89395242424243,2141.41375,5.979750303030303,6.323320454545454,1.941465,Soft-Speed Separation,0,pitch_type_specific,Four-Seam
"Hill, Kaleb",1000371973.0,OTT_TIT,Changeup,L,81,87,51.04644264842485,39.415398251804135,47.55712932943863,39.54010095344924,47.21335869136013,41.21840298538419,17.02187324733595,0.34377063807850305,50.49767440347662,54.85137408861469,806,105,Command/Deception Weapon,1079,146,83,4.4101159648870905,RHH,Balanced Weapon,9.196971277258568,-14.997986230529596,82.99442725856697,1783.4819062305296,5.669384330218069,5.977755669781931,-3.1029882554517134,Tight High-Spin Breakers,1,pitch_type_specific,Changeup
"Ferguson, Francis",823799.0,WIN_CIT29,Four-Seam,R,112,50,48.4624450341832,46.22700435038085,47.791812829042485,40.99831744251262,47.45392818920293,42.05784175251193,19.09702748177229,0.3378846398395581,50.489153284050005,54.79528883903534,807,242,Command/Deception Weapon,1053,313,173,0.2956613118548077,Balanced,Balanced Weapon,10.749399320987653,-5.82339950617284,90.20073216049384,1965.687537654321,5.455775925925926,5.271740740740741,-2.251892839506173,Soft-Speed Separation,0,pitch_type_specific,Four-Seam
"Martzolf, Max",10998500.0,JOL_SLA,Sinker,L,162,103,51.1284965021683,45.92849629352953,49.56849643957667,51.09366236679753,49.24274836533464,48.29971787034989,46.0179472798654,0.32574807424202845,50.471583260973674,54.739203589455975,808,135,Command/Deception Weapon,873,98,49,-2.054226161149081,Balanced,Balanced Weapon,10.219884896142432,-19.62489237388724,84.93378816023738,2134.816938575668,5.478138130563798,4.834075192878338,-1.4939922255192877,Tight High-Spin Breakers,1,pitch_type_specific,Sinker
"Misla, Luis",695417.0,TRI_VAL,Sinker,L,26,29,48.35440344338698,53.83375828087341,49.99820989463291,53.61749859786876,49.68072504647626,49.82798562060505,54.54290521592821,0.3174848481566457,50.45962064503934,54.683118339876614,809,136,Command/Deception Weapon,828,89,43,-6.036843662300818,LHH,Left-Handed Killer,14.342075657894735,-14.856387763157894,88.64094947368422,2324.8692592105263,5.682255394736842,5.7524125,-1.4880809210526316,Soft-Speed Separation,0,pitch_type_specific,Sinker
"Flontek, Zac",1000563032.0,DOW_EAS1,Cutter,L,31,17,57.9370940841724,40.53684121835653,52.71701822442763,67.52664049355019,52.40195437617141,59.32339303540476,80.67863151991025,0.3150638482562229,50.45611578002819,54.62703309029725,810,33,Elite Weapon,580,22,10,-0.7720338334261498,Balanced,Balanced Weapon,8.027019375,-1.53617390625,88.8359159375,2652.7623484375,6.0354590625,6.0767271875,1.00451875,Soft-Speed Separation,0,pitch_type_specific,Cutter
"Moreno, Jose",1000306184.0,DOW_EAS1,Changeup,L,51,27,48.28457785683259,56.73312864629821,50.819143093672274,57.711721817162086,50.50554355596845,52.70609210925353,64.2456533931576,0.31359953770382276,50.45399590764833,54.570947840717885,811,106,Elite Weapon,755,100,55,-3.484065404062968,LHH,Balanced Weapon,6.99170754385965,10.832668245614036,81.99345833333334,1804.5301842105264,5.603794736842105,5.77094350877193,2.455827894736842,Soft-Speed Separation,0,pitch_type_specific,Changeup
"Cook, Avery",690004.0,WIN_CIT29,Sinker,L,56,24,50.38103919063531,47.85197383181347,49.62231958298875,51.54234436343241,49.31521843738237,48.55259360263895,47.64441951766685,0.30710114560638146,50.44458822981776,54.51486259113854,812,137,Command/Deception Weapon,865,97,48,-1.468382925109907,Balanced,Balanced Weapon,-0.1481932142857142,16.250577321428572,88.39012955357143,2186.589032142857,6.555364196428571,4.0081138392857145,4.133058125,Soft-Speed Separation,0,pitch_type_specific,Sinker
"O'Dell, Casey",1000220727.0,JOL_SLA,Four-Seam,L,91,64,50.36158908715412,47.94457498307815,49.63648485593133,51.7106001121705,49.33411182545914,48.61851984240021,47.98093101514302,0.30237303047218944,50.437743369849116,54.45877734155917,813,243,Command/Deception Weapon,862,237,107,5.774203713859464,RHH,Right-Handed Killer,17.341409235294115,9.141952882352944,90.89350164705884,2215.707778823529,6.046115823529412,5.944113941176471,1.299699588235294,Soft-Speed Separation,0,pitch_type_specific,Four-Seam
"Hampton, Ky",673132.0,OTT_TIT,Slider,R,88,50,48.61031745240922,64.532414027817,53.38694642503155,71.56477846326416,53.09519845440974,61.74238613125958,85.22153673583847,0.2917479706218131,50.42236154331357,54.40269209197981,814,175,Elite Weapon,508,189,130,8.621922790918774,RHH,Right-Handed Killer,1.1220453623188409,-5.175231594202899,83.4241181884058,2308.461761594203,5.74730463768116,5.443198913043478,2.284289927536232,Tight High-Spin Breakers,1,pitch_type_specific,Slider
"Webster, Evan",804248.0,FLO_Y'A,Changeup,L,41,64,47.57985623438642,54.35096540599216,49.61118898586814,51.318003365114976,49.32170524389824,48.57522854561012,47.75659001682557,0.2894837419698959,50.419083634967535,54.34660684240045,815,107,Command/Deception Weapon,869,115,64,0.5177194839601427,Balanced,Balanced Weapon,11.328571220657278,-11.92515633802817,82.45887164319248,1786.9776244131456,6.923692535211267,5.728416244131456,-2.638737042253521,Soft-Speed Separation,0,pitch_type_specific,Changeup
"Nova, Fraynel",805843.0,LAK_ERI24,Sinker,R,38,47,41.47687658950338,52.40271610894066,44.75462844533456,24.11665731912507,44.46602960697729,31.631923568132663,3.280987100392597,0.28859883835727373,50.417802566054824,54.29052159282109,816,138,Command/Deception Weapon,1354,181,92,2.446126324418749,Balanced,Balanced Weapon,9.2169225,13.370654357142858,90.30121392857144,2043.264926428572,6.066611071428572,5.629312142857143,1.6013484285714286,Soft-Speed Separation,0,pitch_type_specific,Sinker
"Morgan, Cooper",692707.0,QUE_CAP,Sinker,R,80,35,54.24232697263268,35.60858645978402,48.65220481877808,46.04598990465508,48.369058733288,45.251081388360106,30.538418395961862,0.28314608549008113,50.409908652992165,54.23443634324173,817,139,Command/Deception Weapon,963,113,57,-2.357257412885801,Balanced,Balanced Weapon,12.005660261437908,-12.395338888888888,87.68984803921569,2169.644036601307,6.22609862745098,4.77867751633987,-4.141699803921568,Soft-Speed Separation,0,pitch_type_specific,Sinker
"Milburn, Isaac",830926.0,FLO_Y'A,Four-Seam,L,114,126,46.59542598480369,50.71783144733526,47.83214762356316,41.39091418956814,47.55695765814204,42.41735088047541,20.38698822209759,0.27518996542112006,50.398390632339094,54.17835109366237,818,244,Command/Deception Weapon,1046,308,138,-2.375901239845767,Balanced,Balanced Weapon,11.87499875,-9.23263678125,87.7785168125,2113.8954209375,5.5448633125,5.72600353125,-1.6699579375,Soft-Speed Separation,0,pitch_type_specific,Four-Seam
"Albert, Wes",670784.0,TRI_VAL,Four-Seam,L,71,36,53.03003460155658,38.301747270268905,48.61154840217028,45.877734155917,48.3364147200793,45.13717397097041,30.14582164890634,0.2751336820909813,50.39830915134668,54.122265844083,819,245,Command/Deception Weapon,966,273,122,9.377595458378458,RHH,Right-Handed Killer,16.11512712,9.29211416,89.0845996,2013.5299296,5.65111576,5.97529312,1.98336528,Soft-Speed Separation,0,pitch_type_specific,Four-Seam
"Balzan, Jackson",827496.0,SUS_COU1,Sinker,L,51,50,51.85016999817465,44.856392196891605,49.75203665778973,52.27145260796411,49.478790051454446,49.12335737479216,50.33651149747617,0.2732466063352845,50.39557724467111,54.06618059450364,820,140,Command/Deception Weapon,852,94,46,-1.775003302879476,Balanced,Balanced Weapon,17.33875957746479,-14.55704084507042,86.06093316901408,2223.6250753521126,5.284821126760564,5.412078873239437,-1.062925352112676,Soft-Speed Separation,0,pitch_type_specific,Sinker
"Masick, Jason",1000183506.0,NEW_YOR13,Slider,R,45,16,55.69489723937051,47.212865008832246,53.15028757020903,70.33090297251823,52.88239742030006,60.99984212913813,83.56702187324734,0.26789014990897186,50.38782273930784,54.01009534492428,821,176,Elite Weapon,530,195,135,,,,3.1764848387096776,-4.745476451612904,85.41555838709677,2291.321498387097,5.656549193548387,6.274982580645162,0.7915327419354838,Tight High-Spin Breakers,1,pitch_type_specific,Slider
"Snyder, Jack",801389.0,SCH_BOO,Four-Seam,R,85,62,48.17661190318035,53.83043651041389,49.87275928535041,52.888390353337066,49.61008008848414,49.581478407627245,53.75771172181716,0.26267919686627295,50.38027887819869,53.95401009534493,822,246,Command/Deception Weapon,841,231,128,2.3617200985175515,Balanced,Balanced Weapon,16.87259644808743,4.778641967213115,90.20808289617489,2451.221079781421,5.741487103825137,5.638766010928962,1.5249929508196722,Soft-Speed Separation,0,pitch_type_specific,Four-Seam
"Kirby, Zach",813716.0,WAS_WIL3,Four-Seam,R,187,140,51.09710294599844,48.17088239544631,50.2192367808328,54.79528883903534,49.99221690646973,50.91489956966316,59.2540661805945,0.22701987436307292,50.3286551207005,53.897924845765566,823,247,Elite Weapon,807,217,122,-3.708803388883752,LHH,Balanced Weapon,20.23035471428572,7.237524942857143,87.8447874,2174.366733142857,6.123339457142857,6.287446685714285,1.7813043714285717,Soft-Speed Separation,0,pitch_type_specific,Four-Seam
"Gamelin, Shaun",815222.0,JOL_SLA,Slider,L,38,20,55.85793269223508,40.53439350617694,51.26087093641764,59.89904655075715,51.03707943759395,54.560823607456335,70.24677509814919,0.22379149882368665,50.3239814234943,53.841839596186205,824,177,Elite Weapon,716,225,75,8.409029150080883,RHH,Right-Handed Killer,3.5866020792079207,-0.6152555445544554,82.16177742574257,2286.19741980198,4.782112475247525,5.686416336633663,1.937717524752476,Tight High-Spin Breakers,1,pitch_type_specific,Slider
"Zentko, Dylan",1000303828.0,EVA_OTT,Four-Seam,R,110,74,49.78638897135183,50.174209564050194,49.90273514916134,53.11273135165452,49.68697019876058,49.84977733975933,54.71116096466629,0.21576495040076082,50.31236144419449,53.785754346606836,825,248,Command/Deception Weapon,837,229,127,-2.839791925010104,Balanced,Balanced Weapon,17.52340806722689,-8.091076092436975,86.75003159663865,1946.1366806722688,5.669496890756302,5.904398025210084,-0.9905311764705882,Soft-Speed Separation,0,pitch_type_specific,Four-Seam
"Hargrove, Dawson",1000471986.0,LAK_ERI24,Four-Seam,L,75,73,52.35123256045198,42.74462865945231,49.46925139015208,50.58889512058329,49.25740672263692,48.35086647186538,46.466629276500285,0.21184466751515885,50.306686077451545,53.729669097027475,826,249,Command/Deception Weapon,882,244,109,3.850983411598918,RHH,Balanced Weapon,19.292834627659573,7.559105053191489,89.44491494680851,1979.581967553192,5.470098297872341,6.637600212765958,0.3056742553191489,Soft-Speed Separation,0,pitch_type_specific,Four-Seam
"Salata, Derek",1000057774.0,SCH_BOO,Slider,R,250,61,45.82709407599032,78.01888654869508,55.48463181780174,79.41671340437465,55.276591354350366,69.35409826836494,97.3079080201907,0.2080404634513755,50.301178757225685,53.67358384744813,827,178,Elite Weapon,368,142,102,,,,3.5597269172932333,-7.158176052631579,81.62740078947368,2512.09155075188,5.55730015037594,6.236845187969925,1.0838164661654135,Tight High-Spin Breakers,1,pitch_type_specific,Slider
"Morel, Yohanse",678353.0,OTT_TIT,Changeup,L,74,26,43.71468488384408,57.16923314051007,47.75104936084388,40.71789119461582,47.54380584099295,42.37145917237393,20.106561974200783,0.20724351985092682,50.30002502742149,53.61749859786876,828,108,Command/Deception Weapon,1058,145,82,-2.9491505742055324,Balanced,Balanced Weapon,4.73555,16.85453529411765,85.40996470588235,2148.6715522058826,5.339998970588235,5.351715661764707,2.436615735294118,Soft-Speed Separation,0,pitch_type_specific,Changeup
"Garcia, Andrew",1000190083.0,EVA_OTT,Four-Seam,R,132,53,47.09844793295031,51.546088492824886,48.43274010091268,44.8681996634885,48.2326532480144,44.77511060480568,29.192372406057203,0.20008685289828065,50.28966436958158,53.5614133482894,829,250,Command/Deception Weapon,984,280,156,-1.185617508999961,Balanced,Balanced Weapon,13.19465743902439,7.085558333333333,91.60638036585368,2107.457636178862,6.025074837398374,5.373429552845528,1.847595406504065,Soft-Speed Separation,0,pitch_type_specific,Four-Seam
"Almonte, Lisandro",1000570068.0,NEW_JER6,Four-Seam,L,126,54,51.85065074446416,45.38965680568052,49.91235256282906,53.16881660123387,49.71751476195717,49.95635897501282,55.04767246214246,0.19483780087188762,50.28206535283409,53.50532809871004,830,251,Command/Deception Weapon,836,228,102,4.472477540269253,RHH,Balanced Weapon,16.38449419047619,12.659336714285711,96.55209204761906,2194.595610952381,5.6668662380952375,5.815835904761905,1.457266238095238,Soft-Speed Separation,0,pitch_type_specific,Four-Seam
"Godwin, Connor",802684.0,NEW_YOR13,Sinker,L,68,48,45.55931366496887,49.85037247375251,46.84663130760396,36.006730229949525,46.66118407771555,39.291655076470455,12.591138530566464,0.18544722988840334,50.26847068739485,53.44924284913068,831,141,Command/Deception Weapon,1142,140,70,-0.4816152285762456,Balanced,Balanced Weapon,5.970118724832215,14.49638711409396,91.78023208053692,2153.330410738255,6.0720759060402685,5.244705570469799,2.567963892617449,Soft-Speed Separation,0,pitch_type_specific,Sinker
"Tomczak, Anthony",687088.0,EVA_OTT,Sinker,R,96,50,48.18002254476528,48.80670720471295,48.36802794274958,44.475602916432976,48.187618468450346,44.61796707591232,28.46326416152552,0.18040947429923193,50.26117756305557,53.39315759955132,832,142,Command/Deception Weapon,991,117,60,2.290995050475594,Balanced,Balanced Weapon,12.495958905472635,17.045318059701493,93.4356975124378,2292.6763925373134,5.995034427860696,5.3990846268656725,1.7704592537313433,Soft-Speed Separation,0,pitch_type_specific,Sinker
"Campbell, Tyler",809429.0,MIS_MUD,Cutter,L,105,95,54.76943129577637,41.33496172995796,50.73909042603084,57.09478407178912,50.56010212333042,52.89646776756958,64.75042063937184,0.1789883027004251,50.25912014264402,53.33707234997196,833,34,Elite Weapon,766,32,16,-1.6597044554048992,Balanced,Balanced Weapon,7.922264921875,-3.3540976953125,84.065494296875,2241.77092734375,6.03381546875,4.9335862109375,-2.5266604296875,Soft-Speed Separation,0,pitch_type_specific,Cutter
"Tokar, Heitor",677573.0,OTT_TIT,Slider,L,49,56,60.82966167360655,35.90763112185049,53.35305250807973,71.45260796410544,53.19391156668473,62.08683384391853,86.23107122826697,0.15914094139499468,50.23038725331561,53.28098710039259,834,179,Elite Weapon,510,190,60,4.145696680132858,RHH,Balanced Weapon,3.8057955844155846,-3.419024415584416,81.94212012987012,2104.8071383116885,5.8973337012987015,6.831711363636364,2.4597715584415587,Tight High-Spin Breakers,1,pitch_type_specific,Slider
"Harris, Ben",1000390130.0,GAT_GRI,Changeup,L,234,115,50.702536460137,46.1333401313816,49.33177756151037,49.69153112731352,49.21840085444925,48.214760115091934,45.40100953449242,0.11337670706112135,50.1641346840154,53.22490185081323,835,109,Command/Deception Weapon,898,118,67,-0.96883349921346,Balanced,Balanced Weapon,8.713966855036855,15.880390638820638,82.552512997543,1791.4670616707615,5.585998746928747,6.167280024570024,1.0852531695331695,Soft-Speed Separation,0,pitch_type_specific,Changeup
"Zeplin, Blane",830954.0,JOL_SLA,Slider,L,31,16,52.86302822426243,56.80151650963626,54.044574709874574,73.75210319685922,53.9376153227062,64.6819000084199,90.83006169377454,0.10695938716837361,50.154844373861536,53.16881660123387,836,180,Elite Weapon,469,175,52,2.745964311906796,Balanced,Balanced Weapon,-0.7359081481481481,-6.8807256481481485,77.66854666666667,2272.876202777778,5.317516759259259,6.256682592592592,1.3656897222222224,Tight High-Spin Breakers,1,pitch_type_specific,Slider
"Correa, Nelvin",673388.0,QUE_CAP,Slider,L,84,57,56.85185829524632,47.546704415289774,54.06031213125936,73.80818844643858,53.95972542186061,64.75905058046531,91.05440269209198,0.10058670939874759,50.14561869180423,53.11273135165452,837,181,Elite Weapon,468,174,51,3.98331273680266,RHH,Balanced Weapon,4.381503134328359,-6.970833631840796,84.37630373134328,2410.977652238806,5.5507807960199,6.228350547263681,1.66021223880597,Tight High-Spin Breakers,1,pitch_type_specific,Slider
"Pierson, Kenny",1000055344.0,LAK_ERI24,Changeup,L,113,99,48.12629767295496,51.23392301648028,49.05858527601255,47.95288839035334,48.96427203351272,47.3280076961382,41.13853056646102,0.09431324249982964,50.13653663664647,53.056646102075156,838,110,Command/Deception Weapon,929,125,70,-1.0629988585755823,Balanced,Balanced Weapon,-1.222059246987952,-16.345960572289158,76.87308870481928,1742.6391789156626,4.91990328313253,4.425234307228916,-3.285350120481928,Tight High-Spin Breakers,1,pitch_type_specific,Changeup
"Barker, Alex",1000106691.0,NEW_YOR13,Four-Seam,L,96,124,43.85798087312798,60.45335501810398,48.836593116620776,47.055524397083566,48.746942440079394,46.56966182266733,36.988222097588334,0.08965067654138181,50.1297866717716,53.000560852495795,839,252,Command/Deception Weapon,945,265,119,-3.6499473047090447,LHH,Balanced Weapon,15.341966772334295,-8.274127262247838,87.20455997118155,2183.407351873199,6.0966636599423625,6.030482507204611,-2.410992103746397,Soft-Speed Separation,0,pitch_type_specific,Four-Seam
"Fuenmayor, Liu",673884.0,OTT_TIT,Sinker,L,42,50,51.803806031839805,47.68148317054225,50.56710917345053,56.30959057767807,50.479691245112846,52.61588353274392,63.9652271452608,0.08741792833768613,50.126554337455325,52.94447560291643,840,143,Elite Weapon,780,79,40,-1.4891809720354772,Balanced,Balanced Weapon,9.185547633587786,-20.552098396946565,90.59552526717556,2235.1619038167937,4.590515954198473,4.932016183206106,-1.827418396946565,Tight High-Spin Breakers,1,pitch_type_specific,Sinker
"Miner, Jace",701731.0,DOW_EAS1,Changeup,L,84,65,47.76254009727747,42.25637819765015,46.11069152738927,32.24901850813236,46.04932716352669,37.156652849210055,9.78687605159843,0.06136436386258026,50.088836770210314,52.888390353337066,841,111,Command/Deception Weapon,1209,167,95,1.7065746001218898,Balanced,Balanced Weapon,6.649075186567164,-12.074482350746267,83.85495921641791,1689.924075858209,6.015536641791044,5.247210932835821,-2.9588889925373136,Soft-Speed Separation,0,pitch_type_specific,Changeup
"Bell, Brendan",681141.0,NEW_ENG23,Cutter,L,66,42,51.74032571042518,41.76518102242099,48.74778230402392,46.60684240044869,48.69503951048637,46.38855269778418,35.81043185642176,0.05274279353755418,50.076355381769105,52.83230510375772,842,35,Command/Deception Weapon,953,45,20,2.4212895999239663,Balanced,Balanced Weapon,9.190364516129032,-0.4257773387096774,92.02838169354838,2394.918575,5.735027096774194,6.232390161290322,1.1142273387096773,Soft-Speed Separation,0,pitch_type_specific,Cutter
"Misla, Luis",695417.0,TRI_VAL,Changeup,R,56,17,48.41158524516348,45.23453131910016,47.45846906734448,38.69882220975883,47.40680344877226,41.89340555273159,18.67638810992709,0.05166561857222263,50.074795962933024,52.77621985417835,843,112,Command/Deception Weapon,1094,148,64,,,,11.6006005,-15.801926666666668,84.73218916666666,2021.2545233333333,5.520085833333334,5.694899166666667,-1.5904853333333333,Tight High-Spin Breakers,1,pitch_type_specific,Changeup
"Ferguson, Francis",823799.0,WIN_CIT29,Four-Seam,L,50,50,48.4624450341832,45.24146664419814,47.49615151718768,39.09141895681436,47.45392818920293,42.05784175251193,19.09702748177229,0.04222332798475037,50.061126423376535,52.72013460459899,844,253,Command/Deception Weapon,1087,327,149,0.2956613118548077,Balanced,Balanced Weapon,10.749399320987653,-5.82339950617284,90.20073216049384,1965.687537654321,5.455775925925926,5.271740740740741,-2.251892839506173,Soft-Speed Separation,0,pitch_type_specific,Four-Seam
"Oe, Ryoya",1000551188.0,OTT_TIT,Curveball,R,35,10,53.2366423397457,47.81218847652454,51.60930618077935,61.74985978687605,51.569201121216174,56.41759919233811,75.32249018508132,0.04010505956317445,50.05805982065851,52.66404935501963,845,105,Elite Weapon,683,90,52,,,,-4.58283,5.030341403508772,73.28509754385965,2302.9197701754383,4.902640175438597,6.291187719298247,-1.6277936842105265,Tight High-Spin Breakers,1,pitch_type_specific,Curveball
"Vail, Tyler",592821.0,NEW_YOR13,Slider,L,74,47,58.44841455398567,41.82378542899413,53.4610258164882,71.95737521031968,53.432529465112026,62.91946273605393,87.96971396522714,0.028496351376176676,50.04125397314811,52.607964105440274,846,182,Elite Weapon,501,185,57,6.655962178646725,RHH,Right-Handed Killer,0.8006903041825095,-1.407429733840304,80.65125996197719,2271.107466159696,5.907616235741445,5.282499771863118,1.7310264638783268,Tight High-Spin Breakers,1,pitch_type_specific,Slider
"Eckaus, David",824671.0,EVA_OTT,Slider,R,78,36,58.7162653481716,41.95242303245983,53.68711265345807,72.85473920358946,53.67149812488256,63.75331556834867,89.59618620302861,0.0156145285755116,50.02260504631175,52.55187885586091,847,183,Elite Weapon,485,178,125,-7.575357163333336,LHH,Reverse Split Weapon,1.9378478240740744,4.879380416666667,82.33015208333333,2603.551234722222,5.543872268518519,5.527885462962963,-1.482646712962963,Tight High-Spin Breakers,1,pitch_type_specific,Slider
"Sechrist, Zander",801415.0,WAS_WIL3,Sinker,L,32,36,39.98016688584156,56.64391646225548,44.97929175876574,25.462703309029727,44.98492087262284,33.44253317663542,4.907459338194055,-0.005629113857096968,49.99185077033748,52.49579360628155,848,144,Low Priority,1330,174,88,-5.682879749219964,LHH,Left-Handed Killer,13.196501836734695,-17.842929081632654,80.13032153061225,1892.9930663265309,5.59919306122449,5.150780612244898,-2.4836101020408163,Tight High-Spin Breakers,1,pitch_type_specific,Sinker
"Soto, Carlos",666728.0,JOL_SLA,Four-Seam,L,115,73,46.48136896900283,48.33557346164788,47.037630316796346,36.848008973639935,47.063698552526446,40.69618165825315,15.507571508693212,-0.026068235730100753,49.96226119327939,52.439708356702184,849,254,Low Priority,1127,343,158,1.6779539157821617,Balanced,Balanced Weapon,13.011539324324325,10.00346126126126,88.49817563063064,2212.706593243244,5.4523562162162165,5.640224279279279,2.047128828828829,Soft-Speed Separation,0,pitch_type_specific,Four-Seam
"DeCastro, Justin",1000214319.0,LON_ISL22,Changeup,R,82,42,53.75357909574163,49.46639909466535,52.46742509541875,66.46102075154235,52.49353628836798,59.64295727008477,81.46382501402131,-0.026111192949230144,49.96219900440682,52.38362310712282,850,113,Development Target,599,76,32,0.82919407386823,Balanced,Balanced Weapon,9.643628606557376,18.62042606557377,79.36659270491803,1978.5691647540984,5.055832459016393,4.95726106557377,3.529784344262295,Tight High-Spin Breakers,1,pitch_type_specific,Changeup
"Serrano, Elio",665939.0,NEW_JER6,Four-Seam,R,262,218,46.13593559285077,57.249308329926215,49.4699474139734,50.64498037016265,49.496085155535575,49.18370659186828,50.84127874369041,-0.026137741562173744,49.96216057016129,52.32753785754347,851,255,Low Priority,881,243,135,1.9841766287416505,Balanced,Balanced Weapon,17.394765534482758,10.664191413793104,91.19447394827586,2454.746465344828,5.748319793103448,5.7469220517241375,1.7857085172413791,Soft-Speed Separation,0,pitch_type_specific,Four-Seam
"Thornton, Tyler",1000429124.0,NEW_ENG23,Splitter,R,66,42,54.85541212994548,38.695502785856334,50.00743932671873,53.72966909702748,50.050721118864494,51.119043088957255,60.37577117218172,-0.043281792145762665,49.93734124529093,52.27145260796411,852,16,Development Target,826,19,8,-1.6889017156630288,Balanced,Balanced Weapon,4.74538691780822,11.242562191780822,77.40651575342466,965.9643339041096,4.771126712328767,6.250021301369863,1.8474163698630133,Tight High-Spin Breakers,1,pooled_fixed_effects,Pooled
"Turner, Eric",1000080978.0,JOL_SLA,Changeup,R,53,61,53.1009488579187,46.30246941973843,51.06140502646461,58.72125630959057,51.105840310486975,54.80075652865179,71.81716208637128,-0.044435284022362964,49.93567134298394,52.215367358384746,853,114,Development Target,737,97,44,-2.262122699501653,Balanced,Balanced Weapon,4.742396214953272,15.28549859813084,79.55340074766355,1667.5696990654203,5.114279579439253,5.524950700934579,2.627644813084113,Tight High-Spin Breakers,1,pitch_type_specific,Changeup
"Gordillo, Lucas",808851.0,TRI_VAL,Sinker,R,39,28,42.61817634766575,50.02864996171736,44.841318431881234,24.62142456533932,44.8980458474874,33.13939306682175,4.6831183398766125,-0.05672741560616856,49.917876108092386,52.159282108805385,854,145,Low Priority,1345,180,91,-0.9993783475430292,Balanced,Balanced Weapon,13.6989225,14.002646634615385,91.18113634615383,2089.836755769231,6.012447884615384,5.983495673076923,1.9677727884615384,Soft-Speed Separation,0,pitch_type_specific,Sinker
"Cameron, Zach",1000084075.0,WIN_CIT29,Slider,L,73,72,60.41672531995539,37.1601720298298,53.43975933291771,71.73303421200224,53.51126105216568,63.19418728327611,88.86707795849692,-0.07150171924796922,49.896487449675206,52.10319685922602,855,184,Development Target,505,187,58,8.004215074618124,RHH,Right-Handed Killer,6.911058350515464,-1.8931019587628863,81.83997335051546,2363.3132350515466,5.430999742268041,5.313644639175258,1.4611829896907216,Tight High-Spin Breakers,1,pitch_type_specific,Slider
"Masick, Jason",1000183506.0,NEW_YOR13,Four-Seam,L,58,51,42.453369469788576,61.9762276694356,48.310226929682685,44.083006169377455,48.38382167066195,45.30259490964813,31.04318564217611,-0.07359474097926721,49.893457396418164,52.04711160964667,856,256,Low Priority,998,285,126,-1.3484093685943537,Balanced,Balanced Weapon,14.372030895522387,7.81437671641791,94.54832529850746,2139.906832089552,6.051246641791044,6.397312686567164,0.5652533582089552,Soft-Speed Separation,0,pitch_type_specific,Four-Seam
"Maryniak, Connor",831880.0,NEW_JER6,Curveball,L,106,52,56.83713049531213,44.15397174199963,53.032182869318376,69.9383062254627,53.111784985272784,61.8002628660221,85.44587773415591,-0.07960211595440825,49.88476056072002,51.9910263600673,857,106,Development Target,537,69,28,4.527485396015933,RHH,Balanced Weapon,-9.562291534653465,-4.527544405940594,81.29340762376236,2513.634288118812,4.767897772277228,6.131661683168317,1.5859285643564356,Tight High-Spin Breakers,1,pitch_type_specific,Curveball
"Sparks, Alec",836152.0,GAT_GRI,Slider,R,143,50,56.96336038965576,51.86010365630239,55.43238336964975,79.3606281547953,55.52338096226212,70.2152413728027,97.61637689287716,-0.09099759261236784,49.86826340703703,51.93494111048794,858,185,Development Target,369,143,103,-1.4777511997240822,Balanced,Balanced Weapon,0.6866910280373831,-6.956730046728972,80.31421728971962,2586.842973364486,5.486509813084112,6.549776448598132,1.4509443457943925,Tight High-Spin Breakers,1,pitch_type_specific,Slider
"Petery, Dylan",10998503.0,WIN_CIT29,Four-Seam,L,47,29,47.005251215862565,52.94724874862617,48.78785047569164,46.77509814918676,48.88033239572597,47.03511027277948,39.39988782950084,-0.09248192003433076,49.86611455637189,51.87885586090858,859,257,Low Priority,950,266,120,4.202348826143705,RHH,Balanced Weapon,17.149415094339624,9.841408679245282,86.29239386792453,2346.468066981132,6.1853246226415095,5.291403396226416,1.3504088679245283,Soft-Speed Separation,0,pitch_type_specific,Four-Seam
"House, Tristan",1000248636.0,MIS_MUD,Slider,R,68,12,52.443085961666185,57.861534216360106,54.06862043807436,73.86427369601795,54.16308279721906,65.46864205398113,92.3163208076276,-0.0944623591446998,49.86324748820579,51.82277061132922,860,186,Development Target,467,173,123,,,,-1.6769771739130437,-1.7405330434782609,78.25715467391305,2336.231463043478,5.786620543478262,6.07989304347826,1.4983404347826086,Tight High-Spin Breakers,1,pitch_type_specific,Slider
"Garbrick, Alex",687885.0,LAK_ERI24,Four-Seam,R,74,60,49.08075936186253,47.069315406701314,48.47732617531416,45.26079641054403,48.5718884386475,45.95883161991739,33.11833987661245,-0.09456226333333717,49.863102857594626,51.766685361749865,861,258,Low Priority,977,277,153,5.009586268220872,RHH,Right-Handed Killer,15.729130869565218,10.867224844720496,90.53039720496896,2259.171844099379,5.461836211180124,5.64076447204969,1.7533131677018632,Soft-Speed Separation,0,pitch_type_specific,Four-Seam
"Helt, Robert",836007.0,LAK_ERI24,Curveball,L,91,33,53.9339558808452,43.73118687692119,50.873125179668,57.87997756590016,50.972323867822205,54.33486671707213,69.46158160403813,-0.0991986881542033,49.85639073706599,51.7106001121705,862,107,Development Target,752,95,40,1.6865705145362213,Balanced,Balanced Weapon,-5.63278,-5.863857696969697,79.01164484848485,2379.5240175757576,5.785037212121212,6.376748363636363,1.8646518787878787,Tight High-Spin Breakers,1,pitch_type_specific,Curveball
"Moore, Kyle",1000517760.0,SCH_BOO,Curveball,R,109,41,54.69266718083687,53.47150406949695,54.32631824743489,74.98597868760515,54.42585650035812,66.38555976538933,94.08300616937746,-0.0995382529232316,49.855899151470396,51.65451486259114,863,108,Development Target,447,55,35,5.1793198250408,RHH,Right-Handed Killer,-8.612762684563759,-7.678983020134229,76.94516644295302,2521.401755704698,4.137026174496644,6.213201275167785,2.2760930872483223,Tight High-Spin Breakers,1,pitch_type_specific,Curveball
"Long, Jalon",809215.0,NEW_YOR13,Slider,L,40,47,57.9222174714666,39.2968284661456,52.3346007698703,65.50757150869322,52.43452668930231,59.4370502638659,80.84688726864835,-0.09992591943201035,49.855337929314885,51.598429613011774,864,187,Development Target,616,209,67,8.471491243598557,RHH,Right-Handed Killer,4.7141814,-1.9259214,84.1040546,2174.518124,5.737367900000001,5.9847761,1.3031695,Tight High-Spin Breakers,1,pitch_type_specific,Slider
"Cameron, Wyatt",1000179557.0,SCH_BOO,Four-Seam,R,107,58,46.55391250991043,51.28955461231901,47.974605140633,42.17610768367919,48.08759137209458,44.26893437144568,27.00504767246214,-0.11298623146157638,49.83643060484162,51.54234436343241,865,259,Low Priority,1032,300,166,1.360747060984906,Balanced,Balanced Weapon,14.78065545945946,10.92207037837838,91.18826978378378,2243.046705405405,5.480164540540541,5.822872756756756,1.2732336216216216,Soft-Speed Separation,0,pitch_type_specific,Four-Seam
"Parks, Pavin",682030.0,LAK_ERI24,Cutter,R,94,44,49.689695824232295,45.921374183007714,48.55919933186492,45.59730790802019,48.693464391295365,46.38305650594094,35.69826135726304,-0.1342650594304473,49.80562539100695,51.48625911385306,866,36,Low Priority,971,47,27,1.4072244683783524,Balanced,Balanced Weapon,7.06897362962963,-3.583158222222222,84.70469651851852,2428.728494814815,5.773639259259259,5.589318962962962,2.0343285185185183,Tight High-Spin Breakers,1,pitch_type_specific,Cutter
"Garcia, Andrew",1000190083.0,EVA_OTT,Slider,L,77,40,57.69770539613858,42.199623249869376,53.04828075225782,70.10656197420079,53.24011555354627,62.24805718318317,86.56758272574314,-0.19183480128845076,49.72228206914087,51.4301738642737,867,188,Development Target,534,197,62,6.717936359348734,RHH,Right-Handed Killer,2.190588678414097,-7.195437136563876,82.23062114537444,2337.8379991189427,5.377475418502203,5.299277709251101,1.9560762114537444,Tight High-Spin Breakers,1,pitch_type_specific,Slider
"Townes, Holland",830218.0,SCH_BOO,Four-Seam,L,95,82,46.76924271966193,51.62332071142073,48.22546611718957,43.52215367358384,48.41746570163853,45.419991770586186,31.547952888390352,-0.1919995844489577,49.7220435136855,51.37408861469434,868,260,Low Priority,1008,291,129,1.8733906176729176,Balanced,Balanced Weapon,15.37237450777202,13.0677589119171,92.68419165803108,2218.775242487047,5.380633645833334,5.978289689119171,2.3338137823834195,Soft-Speed Separation,0,pitch_type_specific,Four-Seam
"Estrella, Noah",805762.0,TRI_VAL,Sinker,L,45,26,45.779844954289885,43.27434222184938,45.02819413455774,25.799214806505887,45.228160035027706,34.291287422029214,5.804823331463825,-0.19996590046996943,49.71051073242232,51.318003365114976,869,146,Low Priority,1324,173,87,2.6601487659358654,Balanced,Balanced Weapon,14.397596533333331,14.532709333333331,91.53907,2090.026276,5.655002933333334,5.777369866666667,1.6296786666666667,Soft-Speed Separation,0,pitch_type_specific,Sinker
"Lovell, Justin",822485.0,WIN_CIT29,Four-Seam,L,133,63,47.775400618296736,57.72283935448574,50.75963223915343,57.20695457094784,50.98598562384843,54.38253779648281,69.57375210319687,-0.22635338469499544,49.67230975183729,51.26191811553561,870,261,Development Target,764,206,90,-2.4273657842531264,Balanced,Balanced Weapon,15.314972887029288,-13.358050251046024,93.53531154811716,2309.051817573222,6.277887740585774,5.23370079497908,-2.6673002928870293,Soft-Speed Separation,0,pitch_type_specific,Four-Seam
"Gorgen, Grady",1000138303.0,NEW_YOR13,Cutter,L,41,23,55.40830014765501,39.79929037464012,50.72559721575054,57.03869882220975,50.96214517531156,54.29934937522816,69.01289960740326,-0.23654795956102248,49.65755113547172,51.20583286595626,871,37,Development Target,767,33,17,0.6909898002684116,Balanced,Balanced Weapon,8.127492771084338,-3.623175301204819,86.51925590361446,2125.8088903614457,6.274199397590362,5.482765903614458,-2.33646421686747,Soft-Speed Separation,0,pitch_type_specific,Cutter
"Johnson, Caiden",1000147367.0,OTT_TIT,Sinker,R,51,22,50.79960233240559,36.01408631403159,46.36394752689338,33.426808749298935,46.60798236263436,39.106013993468224,12.142456533931576,-0.24403483574098317,49.646712435990025,51.14974761637689,872,147,Low Priority,1188,145,73,-3.941779074522693,LHH,Balanced Weapon,12.792059047619048,-15.488509880952382,90.04158488095239,2224.8358119047616,5.949635,6.476081428571429,-2.32289119047619,Soft-Speed Separation,0,pitch_type_specific,Sinker
"Rivas, Albert",691309.0,GAT_GRI,Four-Seam,L,41,23,50.58357898208286,43.90776688474459,48.58083535288137,45.76556365675828,48.82981787855699,46.85884584859178,38.83903533370724,-0.24898252567561485,49.63954969908332,51.09366236679753,873,262,Low Priority,968,274,123,-0.7575099444855908,Balanced,Balanced Weapon,16.686547042253522,13.884437464788732,89.94815845070423,2370.1117478873243,5.815986901408451,5.676522535211268,2.8844901408450703,Soft-Speed Separation,0,pitch_type_specific,Four-Seam
"Biddinger, Tyler",1000324948.0,WIN_CIT29,Slider,R,94,32,53.65451875415943,57.248854312485946,54.73281942165738,76.78070667414471,54.99022090066762,68.35484249098315,96.21424565339316,-0.257401479010241,49.627361637874465,51.03757711721817,874,189,Development Target,415,158,114,2.476413831523629,Balanced,Balanced Weapon,0.1479970731707317,-11.8903256097561,79.85910520325203,2662.43459593496,4.9093900813008124,4.888723577235773,1.71232081300813,Tight High-Spin Breakers,1,pitch_type_specific,Slider
"Delongchamp, Luke",802194.0,TRI_VAL,Sinker,R,74,46,38.15006820911008,58.1693024989634,44.15583849606608,21.873247335950648,44.42001145183828,31.471348666651902,3.0566461020751543,-0.2641729557721959,49.61755861724129,50.98149186763881,875,148,Low Priority,1394,187,95,0.1942723017148608,Balanced,Balanced Weapon,11.350967919463088,16.48803791946309,87.06185241610739,2047.204019463088,5.729250201342282,5.548425704697986,2.122878389261745,Soft-Speed Separation,0,pitch_type_specific,Sinker
"King, Jacob",687214.0,DOW_EAS1,Four-Seam,R,39,19,47.01178999811246,53.560106539808025,48.97628496062113,47.50420639371845,49.243492165371904,48.3023132724764,46.13011777902412,-0.2672072047507754,49.613165955730544,50.925406618059455,876,263,Low Priority,937,262,146,2.621611446458388,Balanced,Balanced Weapon,17.853252615384616,11.67692076923077,90.47592846153846,2173.512576923077,6.626067384615385,6.120809846153846,1.232090923076923,Soft-Speed Separation,0,pitch_type_specific,Four-Seam
"Salata, Derek",1000057774.0,SCH_BOO,Splitter,L,92,30,54.270606947182806,42.57455411689693,50.76179109809704,57.2630398205272,51.03761773344693,54.562701927073846,70.33090297251823,-0.27582663534988683,49.60068766495592,50.869321368480094,877,17,Development Target,763,17,11,,,,5.775983039215686,8.628852549019609,83.07526558823528,1116.4753973529412,5.716992156862745,6.173255196078431,1.303549705882353,Soft-Speed Separation,0,pooled_fixed_effects,Pooled
"Morel, Yohanse",678353.0,OTT_TIT,Sinker,R,200,115,45.48141665575102,50.31788411783052,46.93235689437486,36.51149747616377,47.219867388484246,41.2411143130399,17.134043746494672,-0.2875104941093838,49.583773022475285,50.813236118900726,878,149,Low Priority,1133,138,70,0.5253088182587007,Balanced,Balanced Weapon,8.83155893982808,18.43835553008596,91.13785690544412,2268.6466902578795,5.254054641833811,5.404584040114613,2.376823553008596,Soft-Speed Separation,0,pitch_type_specific,Sinker
"Hocom, Quinn",1000152021.0,TRI_VAL,Four-Seam,L,183,105,50.06461891350224,50.38293066037274,50.16011243756338,54.40269209197981,50.45172951265407,52.51831437941223,63.62871564778463,-0.29161707509069146,49.57782795325232,50.757150869321364,879,264,Development Target,814,221,97,1.5802506191396404,Balanced,Balanced Weapon,21.012756295264623,10.313878161559888,89.03348284122562,2175.7496771587744,5.986220250696379,6.093233788300836,2.004039275766017,Soft-Speed Separation,0,pitch_type_specific,Four-Seam
"Godwin, Connor",802684.0,NEW_YOR13,Sinker,R,81,48,45.55931366496887,48.24498837849836,46.36501607902771,33.482893998878296,46.66118407771555,39.291655076470455,12.591138530566464,-0.29616799868784227,49.57123961226095,50.701065619742,880,150,Low Priority,1187,144,72,-0.4816152285762456,Balanced,Balanced Weapon,5.970118724832215,14.49638711409396,91.78023208053692,2153.330410738255,6.0720759060402685,5.244705570469799,2.567963892617449,Soft-Speed Separation,0,pitch_type_specific,Sinker
"Villalobos, Jonaiker",665690.0,FLO_Y'A,Changeup,R,203,94,49.71126656418485,49.88650670645569,49.763838606866095,52.43970835670218,50.06602013147487,51.17242718128437,60.65619742007852,-0.3021815246087769,49.562533871880625,50.64498037016265,881,115,Development Target,849,112,51,1.501529834659408,Balanced,Balanced Weapon,7.780745577689243,-13.238063944223107,80.17491665338646,1579.3388334661354,5.83867088,5.761959721115538,-1.3637109163346617,Tight High-Spin Breakers,1,pitch_type_specific,Changeup
"Turner, Eric",1000080978.0,JOL_SLA,Four-Seam,R,257,182,42.43511913303752,60.25367028512828,47.78068447866474,40.88614694335389,48.08486524337496,44.25942186819007,26.7807066741447,-0.3041807647102246,49.55963958564822,50.58889512058329,882,265,Low Priority,1055,314,174,4.033937771759838,RHH,Balanced Weapon,16.276679887218044,13.911763289473685,88.09542913533835,2287.4046122180453,5.146317293233083,5.696879943609023,2.5272310714285715,Soft-Speed Separation,0,pitch_type_specific,Four-Seam
"Duby, Bill",1000270408.0,NEW_JER6,Sinker,R,104,91,46.23370546549663,44.21198518696345,45.627189381936674,28.54739203589456,45.93791505624558,36.76789349768051,9.05776780706674,-0.3107256743089053,49.550164564749004,50.53280987100393,883,151,Low Priority,1275,162,80,-1.243567483063032,Balanced,Balanced Weapon,13.989845304347826,16.062225826086955,87.61470821739131,2079.723779565217,6.435315782608696,5.433811565217392,2.948010565217391,Soft-Speed Separation,0,pitch_type_specific,Sinker
"Smith, Ethan",680733.0,WIN_CIT29,Four-Seam,R,84,67,44.22235997746632,58.07171021016094,48.3771650472747,44.5877734155917,48.69063943087995,46.37319914118952,35.58609085810432,-0.3134743836052465,49.546185277084895,50.476724621424566,884,266,Low Priority,989,282,158,3.079037357940692,RHH,Balanced Weapon,16.58482,9.849043846153846,89.32830053254438,2211.2915662721894,6.290477041420118,6.033445798816568,1.961482307692308,Soft-Speed Separation,0,pitch_type_specific,Four-Seam
"Wilcenski, Blaise",824656.0,WIN_CIT29,Four-Seam,R,63,47,46.82686346860142,50.33483487822395,47.87925489148817,41.7274256870443,48.19540333316477,44.64513143921162,28.68760515984296,-0.31614844167659584,49.54231406148906,50.4206393718452,885,267,Low Priority,1040,304,169,0.027315784521221,Balanced,Balanced Weapon,15.41070188034188,9.069691452991451,90.43271367521368,2015.793688034188,6.206114273504274,6.209584615384615,1.5656094871794872,Soft-Speed Separation,0,pitch_type_specific,Four-Seam
"Simpson, Garret",1000073158.0,EVA_OTT,Four-Seam,R,207,139,46.57229284112584,46.546961463880365,46.56469342795219,34.49242849130679,46.89248007764164,40.09873507106895,14.21761076836792,-0.32778664968945037,49.52546550728237,50.36455412226585,886,268,Low Priority,1169,363,194,-1.0740161515445197,Balanced,Balanced Weapon,11.007081133004926,3.330929261083744,88.99875564039408,2339.635206896552,5.735519876847291,5.631494088669951,1.824308497536946,Soft-Speed Separation,0,pitch_type_specific,Four-Seam
"Floyd, Conner",1000161370.0,QUE_CAP,Curveball,L,29,14,54.6164350787236,40.56930324128006,50.40229552749054,55.524397083567024,50.73336659114997,53.50105360475055,66.99383062254627,-0.3310710636594294,49.52071068362315,50.30846887268648,887,109,Development Target,794,97,42,2.9195762610776868,Balanced,Balanced Weapon,-3.322893582089552,-16.494218208955225,77.51974552238805,2116.456601492537,5.064225373134328,5.923422835820896,2.750709253731343,Tight High-Spin Breakers,1,pitch_type_specific,Curveball
"Wilcenski, Blaise",824656.0,WIN_CIT29,Four-Seam,L,54,47,46.82686346860142,50.2437822631532,47.85193910696695,41.61525518788559,48.19540333316477,44.64513143921162,28.68760515984296,-0.3434642261978169,49.50276918690908,50.25238362310712,888,269,Low Priority,1042,306,136,0.027315784521221,Balanced,Balanced Weapon,15.41070188034188,9.069691452991451,90.43271367521368,2015.793688034188,6.206114273504274,6.209584615384615,1.5656094871794872,Soft-Speed Separation,0,pitch_type_specific,Four-Seam
"Puccetti, Dominic",1000266076.0,OTT_TIT,Four-Seam,L,150,105,48.428628114741656,52.78476023173268,49.73546774983896,52.215367358384746,50.10074939724441,51.29361084048576,61.329220415030846,-0.3652816474054461,49.47118425532331,50.19629837352776,889,270,Development Target,853,234,105,-0.6400088295429782,Balanced,Balanced Weapon,20.272870473537605,-5.066125821727019,87.88830011142062,1865.6966554317548,5.629782061281337,6.956085877437325,-0.6125144289693594,Soft-Speed Separation,0,pitch_type_specific,Four-Seam
"Perdomo, Rafael",1000557553.0,QUE_CAP,Four-Seam,R,78,80,45.770674684265806,58.57993826268866,49.613453757792655,51.37408861469434,49.9835403302296,50.88462368461866,59.08581043185642,-0.3700865724369464,49.46422819819124,50.1402131239484,890,271,Development Target,868,240,132,1.4934451041972494,Balanced,Balanced Weapon,20.1606650990099,11.040414455445545,89.08410371287128,2308.698031188119,5.845425594059406,6.095003465346535,1.4802983168316832,Soft-Speed Separation,0,pitch_type_specific,Four-Seam
"Duby, Bill",1000270408.0,NEW_JER6,Slider,L,32,38,58.76252219224094,43.29484142052263,54.12221796072544,74.03252944475604,54.49315267300247,66.62038178856164,94.47560291643298,-0.3709347122770268,49.4630003519408,50.084127874369045,891,190,Development Target,464,171,50,10.246324243735636,RHH,Right-Handed Killer,7.333103333333334,-0.2147909803921568,80.05043294117647,2077.276594117647,6.538164019607843,5.491415784313726,3.001049607843137,Soft-Speed Separation,0,pitch_type_specific,Slider
"Gordillo, Lucas",808851.0,TRI_VAL,Four-Seam,R,150,74,45.30850358438375,56.21609892793745,48.580782187449856,45.70947840717891,48.95591849441731,47.29885901094625,40.802019068984855,-0.37513630696745537,49.45691773202044,50.028042624789684,892,272,Low Priority,969,275,152,2.215186935225468,Balanced,Balanced Weapon,16.674257327586208,9.9444916091954,90.74572244252872,2100.1845709770114,6.170455086206896,6.013153074712644,2.053603735632184,Soft-Speed Separation,0,pitch_type_specific,Four-Seam
"Rohde, Isaac",1000135938.0,NEW_YOR13,Changeup,L,271,280,56.62283762392072,42.70825062552323,52.448461524401466,66.29276500280426,52.82489587850561,60.799197310136925,83.03421200224341,-0.3764343541041413,49.4550385580513,49.971957375210316,893,116,Development Target,602,78,45,3.415325111553741,RHH,Balanced Weapon,3.827496740273397,-20.20644006309148,76.40161269190325,1987.809585594112,6.218160863157895,4.842029642481599,-2.443652134595163,Tight High-Spin Breakers,1,pitch_type_specific,Changeup
"Hernandez, Nyan",683466.0,NEW_JER6,Changeup,R,64,83,52.553636091818106,47.92689075357546,51.16561249034531,59.16993830622547,51.55884982025612,56.381479553755526,75.18227706113292,-0.39323732991081073,49.43071300480464,49.91587212563096,894,117,Development Target,729,96,43,0.7512082844914403,Balanced,Balanced Weapon,11.68017743801653,16.028319132231406,82.1286958677686,1921.686210330579,6.318448016528925,5.608434049586776,2.3986657024793385,Soft-Speed Separation,0,pitch_type_specific,Changeup
"Sanchez, Sergio",1000583994.0,MIS_MUD,Slider,L,34,17,57.56688444609485,43.70866930098755,53.40941990256266,71.67694896242288,53.82070440002303,64.27395319188268,90.26920919798091,-0.41128449746037177,49.40458624367439,49.8597868760516,895,191,Development Target,506,188,59,9.111643043973146,RHH,Right-Handed Killer,-1.583635,-3.6804435576923074,81.19277278846154,2467.795136538461,5.666632211538461,5.483575480769231,2.3857729807692305,Tight High-Spin Breakers,1,pitch_type_specific,Slider
"Girard, John",1000113616.0,FLO_Y'A,Four-Seam,R,87,59,47.86640639700156,53.703751478709165,49.61760992151384,51.4301738642737,50.02907202696066,51.04350114710616,59.92708917554683,-0.41146210544682305,49.40432912180614,49.80370162647223,896,273,Development Target,867,239,131,0.4940400354273819,Balanced,Balanced Weapon,17.93500447368421,-12.68467,86.11576993421053,2113.646026973684,5.431094671052631,5.961160921052631,-1.5698271710526317,Soft-Speed Separation,0,pitch_type_specific,Four-Seam
"Andueza, Axel",672847.0,DOW_EAS1,Sinker,R,56,36,43.43845050015172,44.67848840644904,43.81046187204091,20.63937184520471,44.22300671268121,30.783923964687425,2.3836231071228267,-0.41254484064030095,49.402761653465774,49.74761637689288,897,152,Low Priority,1416,192,98,-1.3507358593193717,Balanced,Balanced Weapon,11.481138016528924,11.40407388429752,89.89675140495868,2058.267922314049,5.494075785123967,5.878809917355372,1.1055309917355371,Soft-Speed Separation,0,pitch_type_specific,Sinker
"Eldred, Zach",1000227712.0,NEW_ENG23,Four-Seam,L,387,231,45.592917142772194,55.28886457532685,48.50170137253859,45.37296690970275,48.92712225534554,47.19837794563632,40.521592821088056,-0.42542088280694657,49.384121095213786,49.69153112731352,898,274,Low Priority,975,276,124,-0.2190241982006284,Balanced,Balanced Weapon,16.164358721109398,6.701353266563945,89.79475815100155,2503.999814329738,6.399091895223421,6.013546209553159,1.4712795839753467,Soft-Speed Separation,0,pitch_type_specific,Four-Seam
"Johnson, Preston",699980.0,MIS_MUD,Four-Seam,L,60,34,50.03977415180952,52.45724899133923,50.76501660366843,57.31912507010656,51.205224541319005,55.14754603002114,72.71452607964105,-0.44020793765057675,49.36271397696886,49.635445877734156,899,275,Development Target,762,205,89,7.2798295236267165,RHH,Right-Handed Killer,20.290158295454543,6.92373840909091,92.15110443181818,2368.1672693181818,6.333238977272727,6.025896022727273,2.3214998863636365,Soft-Speed Separation,0,pitch_type_specific,Four-Seam
"Wehrle, Tyler",806332.0,WIN_CIT29,Slider,R,133,64,49.781047297923934,66.1874431607408,54.702966056768986,76.66853617498597,55.14505541042166,68.89511917253357,96.88726864834548,-0.4420893536526762,49.359990263879894,49.579360628154795,900,192,Development Target,417,159,115,7.94993133846728,RHH,Right-Handed Killer,1.7528186574074074,-10.868345972222222,80.81706828703703,2552.297661574074,5.289957685185185,5.467264953703704,1.8685688425925928,Tight High-Spin Breakers,1,pitch_type_specific,Slider
"Alpern, Liam",1000137537.0,FLO_Y'A,Four-Seam,R,178,68,53.82970143399343,43.13481736630465,50.62123621368679,56.64610207515424,51.06635634821062,54.66298191918637,71.03196859226023,-0.44512013452382604,49.35560262312457,49.523275378575434,901,276,Development Target,774,212,120,-6.358821106591229,LHH,Left-Handed Killer,17.222483257575757,-12.715147651515151,89.05921640151514,2226.845839015152,6.035173863636364,5.039088825757576,-2.0425453409090912,Soft-Speed Separation,0,pitch_type_specific,Four-Seam
"Wilcenski, Blaise",824656.0,WIN_CIT29,Slider,R,45,19,58.19797248298745,39.96240129518964,52.72730112664811,67.63881099270893,53.17852312768119,62.03313770878506,85.92260235558048,-0.45122200103308074,49.346768992678236,49.46719012899607,902,193,Development Target,578,204,139,,,,0.9739616071428572,-2.7590632142857143,80.23871267857143,2144.8636857142856,5.880516428571428,5.888705714285714,1.915834107142857,Tight High-Spin Breakers,1,pitch_type_specific,Slider
"Henderson, Drew",1000429021.0,DOW_EAS1,Changeup,L,126,57,48.36991081667051,53.33464418763038,49.85933082795847,52.83230510375772,50.3157522076016,52.043837680021234,63.06786315199102,-0.4564213796431247,49.339241887796135,49.41110487941671,903,118,Development Target,842,111,61,1.6155857461705023,Balanced,Balanced Weapon,9.38460766169154,14.424224129353233,81.33774940298507,1732.5831935323383,5.7319489552238805,5.852742189054727,1.3218615920398011,Soft-Speed Separation,0,pitch_type_specific,Changeup
"Flontek, Zac",1000563032.0,DOW_EAS1,Cutter,R,33,17,57.9370940841724,37.96339510693599,51.94498439100148,63.20807627593943,52.40195437617141,59.32339303540476,80.67863151991025,-0.45696998516992693,49.33844767532406,49.35501962983736,904,38,Development Target,657,24,13,-0.7720338334261498,Balanced,Balanced Weapon,8.027019375,-1.53617390625,88.8359159375,2652.7623484375,6.0354590625,6.0767271875,1.00451875,Soft-Speed Separation,0,pitch_type_specific,Cutter
"Campbell, AJ",1000132168.0,WIN_CIT29,Cutter,R,54,30,51.12348018690171,46.87169458442735,49.84794450615939,52.72013460459899,50.305467429586336,52.00795016537482,62.95569265283231,-0.4575229234269429,49.33764719038806,49.29893438025799,905,39,Development Target,844,38,20,1.562492372786437,Balanced,Balanced Weapon,8.245025,0.5809467346938776,84.36201469387755,2506.7957387755105,5.169631428571428,6.018020816326531,1.783474081632653,Tight High-Spin Breakers,1,pitch_type_specific,Cutter
"Delongchamp, Luke",802194.0,TRI_VAL,Sinker,L,75,46,38.15006820911008,57.52172815991388,43.96156619435122,21.31239484015704,44.42001145183828,31.471348666651902,3.0566461020751543,-0.4584452574870568,49.336311933672306,49.242849130678636,906,153,Low Priority,1404,189,93,0.1942723017148608,Balanced,Balanced Weapon,11.350967919463088,16.48803791946309,87.06185241610739,2047.204019463088,5.729250201342282,5.548425704697986,2.122878389261745,Soft-Speed Separation,0,pitch_type_specific,Sinker
"Eldred, Zach",1000227712.0,NEW_ENG23,Sinker,L,61,40,48.58492990572468,45.00849297392767,47.51199882618557,39.25967470555244,47.975397128877525,43.877445849212094,24.98597868760516,-0.4633983026919566,49.329141443977434,49.186763881099274,907,154,Low Priority,1084,132,64,1.9411642879483324,Balanced,Balanced Weapon,11.57329675,13.269536833333332,88.97284450000001,2393.5834325,6.459894166666667,5.910768166666667,1.51555825,Soft-Speed Separation,0,pitch_type_specific,Sinker
"Petschke, Ben",814386.0,EVA_OTT,Cutter,L,174,98,48.0434144524348,45.50877614294742,47.283022959588585,37.80145821648907,47.751111342374806,43.09482716399063,22.40605720695457,-0.46808838278622034,49.322351647076175,49.130678631519906,908,40,Low Priority,1110,53,23,-0.4943617299712102,Balanced,Balanced Weapon,9.92558823943662,2.414789366197183,89.04423929577464,2258.172816197183,5.446148274647888,6.013865211267605,1.5895115492957748,Soft-Speed Separation,0,pitch_type_specific,Cutter
"Chapple, Bronson",1000218472.0,TRO_AIG,Four-Seam,L,46,29,40.248020859268266,62.01578437140567,46.77834991290949,35.67021873247336,47.25410755559928,41.3605913204204,17.638810992708915,-0.4757576426897927,49.31124891192418,49.07459338194055,909,277,Low Priority,1148,351,162,1.90765389703958,Balanced,Balanced Weapon,11.194104631578949,8.810284736842105,90.2256034736842,2128.8728210526315,6.666185263157895,5.115466105263158,1.6763527368421054,Soft-Speed Separation,0,pitch_type_specific,Four-Seam
"Barreto, Brayhans",810980.0,TRI_VAL,Four-Seam,L,66,42,41.80582230604698,62.57497577282116,48.03656834607924,42.456533931576,48.51331984139539,45.75446343729004,32.61357263039821,-0.4767514953161509,49.30981011826882,49.01850813236119,910,278,Low Priority,1027,299,134,-2.404984223252434,Balanced,Balanced Weapon,15.424992253521127,-9.245728943661971,88.64896507042253,2035.6729035211267,6.194477816901409,6.966625704225352,-1.402797323943662,Soft-Speed Separation,0,pitch_type_specific,Four-Seam
"Ginn, Landon",701061.0,WAS_WIL3,Slider,L,68,32,59.75655789866704,41.494353435654666,54.27789655976333,74.53729669097028,54.77076422507736,67.58907441627974,95.14862591138532,-0.49286766531403003,49.28647884909803,48.96242288278183,911,194,Development Target,455,168,48,3.7928252906594793,RHH,Balanced Weapon,1.048370633802817,-3.462452253521127,85.7958914084507,2877.623773239437,5.345960985915492,6.271683591549296,1.01999338028169,Tight High-Spin Breakers,1,pitch_type_specific,Slider
"Andueza, Axel",672847.0,DOW_EAS1,Four-Seam,L,282,165,48.51233252437791,43.974928339826135,47.151111269012375,37.240605720695456,47.665876845076326,42.79741148174257,21.28435221536736,-0.5147655760639509,49.254777393351944,48.90633763320247,912,279,Low Priority,1120,339,156,3.0344351725362912,RHH,Balanced Weapon,13.941435178571428,8.002320912698412,90.5004286111111,2129.8112871031744,5.525622619047619,5.968329583333333,1.0274225396825396,Soft-Speed Separation,0,pitch_type_specific,Four-Seam
"Vincent, Tom",700578.0,SCH_BOO,Four-Seam,R,27,26,39.25309274331267,66.44677029990336,47.41119601028987,38.47448121144139,47.92726426764029,43.70949193128972,23.808188446438585,-0.516068257350419,49.25289151055583,48.85025238362311,913,280,Low Priority,1098,329,179,5.374080111244908,RHH,Right-Handed Killer,10.4635725,-8.634223125,92.269928125,2338.5939984375,6.02388609375,5.79466578125,-0.8051690625,Soft-Speed Separation,0,pitch_type_specific,Four-Seam
"Fauci, Sonny",688649.0,NEW_JER6,Four-Seam,R,233,160,47.4649133953275,52.85669864233787,49.08244896943061,48.23331463825014,49.59914876884641,49.54333486257247,53.477285473920354,-0.5166997994158038,49.251977231423616,48.79416713404375,914,281,Low Priority,924,259,144,3.307781438680699,RHH,Balanced Weapon,16.8730219874477,12.496747071129708,93.86478721757322,2240.0859481171547,6.483004456066946,5.91648820083682,2.0139431380753137,Soft-Speed Separation,0,pitch_type_specific,Four-Seam
"Sittinger, Brandyn",670087.0,LAK_ERI24,Four-Seam,L,149,109,51.531927905250136,44.11181024244069,49.3058926064073,49.52327537857544,49.83972936119022,50.38281234264734,56.44980370162648,-0.533836754782925,49.22716817824965,48.738081884464385,915,282,Development Target,901,249,111,1.8080123044199825,Balanced,Balanced Weapon,17.53516605960265,13.38903235099338,94.73493579470198,2298.640472516556,5.680117284768212,5.887438079470199,1.7911093377483445,Soft-Speed Separation,0,pitch_type_specific,Four-Seam
"Vail, Tyler",592821.0,NEW_YOR13,Changeup,R,162,36,49.88873668178213,46.37914465266213,48.83585907304613,46.999439147504205,49.37131894183197,48.74834966777898,48.4296130117779,-0.5354598687858427,49.22481840719971,48.681996634885024,916,119,Low Priority,946,127,57,0.7985632166837817,Balanced,Balanced Weapon,6.205590614035088,13.200429166666666,83.17571442982457,1778.5842381578948,6.203367807017544,5.3261299122807015,1.8884104824561403,Soft-Speed Separation,0,pitch_type_specific,Changeup
"Joven, Art",1000048892.0,MIS_MUD,Slider,L,217,77,50.191236270135846,57.58982341946396,52.41081241493429,65.9562535053281,52.95082409157146,61.23860889336132,84.21200224340998,-0.540011676637171,49.218228786079614,48.62591138530566,917,195,Development Target,608,207,66,-2.1701972492163506,Balanced,Balanced Weapon,2.0621966101694915,-0.1283975141242937,77.66746881355932,2238.8045553672314,5.181328926553673,5.084376779661017,-2.156609548022599,Tight High-Spin Breakers,1,pitch_type_specific,Slider
"Plumadore, Carson",1000207816.0,WIN_CIT29,Changeup,R,104,98,54.258878153834,41.560868402769565,50.449475228514665,55.74873808188446,50.99290371886323,54.40667766958465,69.68592260235557,-0.5434284903485675,49.213282288219546,48.5698261357263,918,120,Development Target,790,106,49,-3.505034933558456,LHH,Balanced Weapon,8.672127909090909,18.56763015151515,83.32100115151516,2255.251977575758,5.919456060606061,4.466546757575758,4.04168996969697,Soft-Speed Separation,0,pitch_type_specific,Changeup
"Sechrist, Zander",801415.0,WAS_WIL3,Slider,R,36,26,56.43718252547492,41.166356079810775,51.85593459177568,62.92765002804263,52.40120285001855,59.320770673913046,80.56646102075155,-0.5452682582428707,49.21061886881162,48.51374088614694,919,196,Development Target,662,218,147,-4.898906321163324,LHH,Balanced Weapon,3.356311777777778,6.918043111111111,69.6365611111111,1878.8226277777776,5.179534666666667,4.935716555555556,-2.6838605555555555,Tight High-Spin Breakers,1,pitch_type_specific,Slider
"Bargo, Casey",1000492781.0,NEW_ENG23,Four-Seam,R,67,45,44.40967406945288,57.26432064606872,48.26606804243763,43.80257992148065,48.81385345276866,46.803139875798784,38.55860908581043,-0.5477854103310307,49.20697480493538,48.45765563656758,920,283,Low Priority,1003,288,162,2.505849960089229,Balanced,Balanced Weapon,16.034584081632655,12.726656938775507,92.18434054421768,2282.196284353741,6.185604149659864,5.99526149659864,2.317713197278912,Soft-Speed Separation,0,pitch_type_specific,Four-Seam
"Zeplin, Blane",830954.0,JOL_SLA,Four-Seam,L,85,87,50.44364233415186,45.470638340281226,48.951741135990666,47.27986539540101,49.504171954343335,49.21192451842201,51.177790241166576,-0.5524308183526685,49.20024967948838,48.401570386988226,921,284,Low Priority,941,264,118,2.49655315971544,Balanced,Balanced Weapon,18.587920550847457,8.962691313559322,89.70311110169492,2287.6876211864405,5.92620436440678,6.194454788135593,1.4497485169491524,Soft-Speed Separation,0,pitch_type_specific,Four-Seam
"Scott, Brandon",1000138331.0,LAK_ERI24,Changeup,R,204,65,47.36962487827394,47.62691577772169,47.446812148108265,38.64273696017948,48.00283558546944,43.9731890933887,25.54683118339877,-0.5560234373611763,49.195048669501105,48.34548513740886,922,121,Low Priority,1095,149,65,0.6130653030628821,Balanced,Balanced Weapon,2.173905743801653,-12.442808966942149,81.1809988429752,1514.5975396694216,5.758359958677686,5.403338677685951,-1.7240468181818185,Tight High-Spin Breakers,1,pitch_type_specific,Changeup
"McEvoy, Aidan",1000079355.0,FLO_Y'A,Cutter,L,50,33,54.1345360521631,44.510307102098935,51.24726736714385,59.61862030286035,51.804024819182,57.23698867138843,76.9209197980931,-0.5567574520381484,49.19398604146938,48.2893998878295,923,41,Development Target,721,29,14,-1.2988894351319755,Balanced,Balanced Weapon,7.934818256880733,0.7641288073394495,83.3030028440367,2153.467355963303,6.159587889908257,4.934870917431192,-2.570619082568807,Soft-Speed Separation,0,pitch_type_specific,Cutter
"Odonnell, Brendan",1000423478.0,NEW_ENG23,Four-Seam,R,47,20,51.52618775047701,41.314475260560144,48.462674003501945,45.1486259113853,49.04723645157719,47.61750220579137,42.54066180594504,-0.5845624480752463,49.15373293872105,48.23331463825014,924,285,Low Priority,979,278,154,-1.7363508838947157,Balanced,Balanced Weapon,13.210323421052632,-7.409744868421053,91.30391368421051,2448.2848236842106,6.936022763157896,5.753933947368421,-1.5030568421052632,Soft-Speed Separation,0,pitch_type_specific,Four-Seam
"Gorgen, Grady",1000138303.0,NEW_YOR13,Changeup,R,64,18,47.987578369885725,41.58186458687313,46.06586423498194,31.9125070106562,46.668246413959984,39.316298262257625,12.6752664049355,-0.602382178978047,49.127935436070054,48.17722938867078,925,122,Low Priority,1215,169,73,,,,6.5851488157894735,-12.097241447368422,83.97281000000001,1887.8524302631577,6.1045988157894735,5.177634342105263,-2.6166356578947365,Soft-Speed Separation,0,pitch_type_specific,Changeup
"Gollert, Harley",1000114236.0,TRO_AIG,Curveball,R,117,39,48.92322311091665,50.78382306917562,49.48140309839434,50.75715086932136,50.096704917927966,51.279498108981926,61.21704991587213,-0.6153018195336273,49.10923176072835,48.12114413909142,926,110,Development Target,879,103,58,1.6475092111713394,Balanced,Balanced Weapon,-6.012294785276073,6.330526257668712,77.32329521472393,2260.78379202454,4.96678245398773,5.624767852760736,-1.6933766257668712,Tight High-Spin Breakers,1,pitch_type_specific,Curveball
"Cook, Cole",1000161363.0,SCH_BOO,Four-Seam,R,258,155,47.03864749678319,48.79199332306349,47.56465124466728,39.59618620302861,48.18237124560318,44.59965751332368,28.3510936623668,-0.617720000935897,49.10573097603772,48.06505888951206,927,286,Low Priority,1078,323,178,-3.2025109678191583,LHH,Balanced Weapon,14.422346926829269,-9.815437292682928,84.73518063414633,2287.8158617073173,5.288438048780487,5.790651292682927,-0.9681834146341464,Tight High-Spin Breakers,1,pitch_type_specific,Four-Seam
"De Los Santos, Enmanuel",679735.0,NEW_ENG23,Curveball,L,57,17,48.75376705547775,39.66522080616178,46.02720318068295,31.57599551318004,46.660666576318256,39.28984931664292,12.47896803140774,-0.6334633956353031,49.08293937111905,48.0089736399327,928,111,Low Priority,1221,133,63,2.9887270797933496,Balanced,Balanced Weapon,-5.472398976377953,-10.928714015748032,71.45093795275591,2210.234487401575,6.462507401574803,6.131886535433071,1.274961496062992,Tight High-Spin Breakers,1,pitch_type_specific,Curveball
"House, Tristan",1000248636.0,MIS_MUD,Four-Seam,R,213,144,45.49849381220349,53.68766377181507,47.95524480008696,42.06393718452047,48.59338731483658,46.03384940182501,33.34268087492989,-0.6381425147496245,49.07616544235355,47.95288839035334,929,287,Low Priority,1034,301,167,0.7698362104574699,Balanced,Balanced Weapon,16.979846805896806,9.401362457002456,89.38766125307124,1974.1087105651104,6.14789941031941,6.22511203931204,1.1625403194103194,Soft-Speed Separation,0,pitch_type_specific,Four-Seam
"Catrambone, Ben",1000565186.0,JOL_SLA,Four-Seam,L,100,75,52.233630786298384,41.98749684758143,49.159790604683295,48.85025238362311,49.8026753498224,50.25351675904815,56.11329220415031,-0.6428847451391064,49.06930014782628,47.896803140773976,930,288,Development Target,913,254,113,3.798059912085442,RHH,Balanced Weapon,20.122425887850465,8.774210280373833,87.91112686915888,2122.6396397196263,5.125707757009346,5.842913037383178,0.3272442523364486,Soft-Speed Separation,0,pitch_type_specific,Four-Seam
"Eldred, Zach",1000227712.0,NEW_ENG23,Four-Seam,R,262,231,45.592917142772194,54.55878391465807,48.28267717433796,43.91475042063937,48.92712225534554,47.19837794563632,40.521592821088056,-0.644445081007575,49.06704126025257,47.840717891194615,931,289,Low Priority,1001,287,161,-0.2190241982006284,Balanced,Balanced Weapon,16.164358721109398,6.701353266563945,89.79475815100155,2503.999814329738,6.399091895223421,6.013546209553159,1.4712795839753467,Soft-Speed Separation,0,pitch_type_specific,Four-Seam
"Primeaux, Parker",1000101108.0,SUS_COU1,Changeup,R,76,24,50.52003074393427,37.161662560125045,46.5125202887915,34.09983174425126,47.16116023944749,41.03626267037154,16.517106001121707,-0.6486399506559906,49.06096837612958,47.784632641615254,932,123,Low Priority,1176,163,70,-5.234812786749821,LHH,Left-Handed Killer,0.7963100980392157,17.74079460784314,85.86330284313725,2013.653287254902,5.568377647058823,4.099335294117648,4.016456372549019,Soft-Speed Separation,0,pitch_type_specific,Changeup
"Sanders, Brayden",695550.0,MIS_MUD,Four-Seam,R,154,91,45.43739337741488,57.30759568894327,48.99845407087339,47.560291643297816,49.6512586809824,49.725166228522085,54.094223219293326,-0.6528046101090084,49.054939227100014,47.7285473920359,933,290,Low Priority,936,261,145,2.3901052241914016,Balanced,Balanced Weapon,18.736845641891893,11.065756554054056,91.58903675675676,1986.293222972973,4.925037702702703,5.966969054054053,1.684985945945946,Soft-Speed Separation,0,pitch_type_specific,Four-Seam
"Martzolf, Max",824782.0,OTT_TIT,Curveball,L,56,19,43.073895196840894,52.44611231037656,45.88556033090159,30.678631519910265,46.57101646369276,38.97702586774339,11.946158160403812,-0.6854561327911668,49.00766984084797,47.67246214245653,934,112,Low Priority,1237,136,65,,,,-4.24163647887324,11.133017605633803,73.92538112676056,2155.139523098592,5.434835774647887,4.82644028169014,-1.5460840845070425,Tight High-Spin Breakers,1,pitch_type_specific,Curveball
"Hagan, Jack",699522.0,DOW_EAS1,Sinker,L,185,114,47.794681083425225,46.523772565324734,47.413408527995074,38.53056646102075,48.09936905578949,44.31003120362569,27.453729669097022,-0.6859605277944141,49.00693963164871,47.61637689287717,935,155,Low Priority,1097,133,65,-1.4129260043214558,Balanced,Balanced Weapon,10.487125558739256,16.56528782234957,91.46259269340976,2388.8550851002865,6.0459539367816095,5.7880649283667625,1.974720544412608,Soft-Speed Separation,0,pitch_type_specific,Sinker
"Rodriguez, Joe Joe",689487.0,NEW_JER6,Sinker,R,159,123,42.16080528191065,52.386501342997285,45.22851410023664,26.80874929893438,45.93454497615552,36.75613400239415,8.94559730790802,-0.7060308759188842,48.977883925826234,47.560291643297816,936,156,Low Priority,1306,169,84,2.6638766032000163,Balanced,Balanced Weapon,13.434492776025236,15.577452933753944,91.44687873817034,2113.992035015773,5.735750126182966,5.653414384858045,2.504705078864353,Soft-Speed Separation,0,pitch_type_specific,Sinker
"Pindel, Buddie",1000054422.0,SCH_BOO,Four-Seam,L,268,239,46.52545802211127,49.82252504019164,47.51457812753539,39.37184520471116,48.24934420458685,44.83335172071187,29.41671340437465,-0.7347660770514608,48.93628417151805,47.50420639371845,937,291,Low Priority,1082,325,147,-1.055687170365914,Balanced,Balanced Weapon,16.02502324546952,13.560241993410214,89.714436276771,2188.343965403624,5.664686787479407,5.871017067545305,2.486151911037892,Soft-Speed Separation,0,pitch_type_specific,Four-Seam
"Long, Jalon",809215.0,NEW_YOR13,Changeup,L,122,37,45.42824943458119,56.438313600635226,48.7312686843974,46.49467190128996,49.49148790505014,49.16766503084632,50.75715086932136,-0.7602192206527434,48.89943582946889,47.448121144139094,938,124,Low Priority,955,129,72,,,,5.631962965517242,13.898636620689656,82.05836296551725,1517.355628965517,6.062174068965517,5.805739931034483,1.569367448275862,Soft-Speed Separation,0,pitch_type_specific,Changeup
"Cerda, Junior",693702.0,EVA_OTT,Four-Seam,L,72,34,52.23098065786798,38.44094824077805,48.093970932741,42.90521592821088,48.86539810467515,46.98299883313296,39.28771733034212,-0.7714271719341497,48.883210154992014,47.39203589455973,939,292,Low Priority,1019,297,133,8.133900218268096,RHH,Right-Handed Killer,15.308221515151516,15.68508143939394,93.2337612878788,2229.684534848485,5.522660681818182,5.187690151515152,1.994460833333333,Soft-Speed Separation,0,pitch_type_specific,Four-Seam
"Morel, Yohanse",678353.0,OTT_TIT,Sinker,L,149,115,45.48141665575102,48.56685472363482,46.40704807611616,33.763320246775095,47.219867388484246,41.2411143130399,17.134043746494672,-0.8128193123680845,48.8232870361526,47.335950644980365,940,157,Low Priority,1182,143,72,0.5253088182587007,Balanced,Balanced Weapon,8.83155893982808,18.43835553008596,91.13785690544412,2268.6466902578795,5.254054641833811,5.404584040114613,2.376823553008596,Soft-Speed Separation,0,pitch_type_specific,Sinker
"DeCastro, Justin",1000214319.0,LON_ISL22,Changeup,L,40,42,53.75357909574163,46.70241884843793,51.63823102155052,61.97420078519349,52.49353628836798,59.64295727008477,81.46382501402131,-0.8553052668174601,48.761780410237975,47.27986539540101,941,125,Development Target,679,91,51,0.82919407386823,Balanced,Balanced Weapon,9.643628606557376,18.62042606557377,79.36659270491803,1978.5691647540984,5.055832459016393,4.95726106557377,3.529784344262295,Tight High-Spin Breakers,1,pitch_type_specific,Changeup
"Harris, Ben",1000390130.0,GAT_GRI,Changeup,R,173,115,50.702536460137,42.903895134003406,48.36294406229691,44.41951766685362,49.21840085444925,48.214760115091934,45.40100953449242,-0.8554567921523386,48.76156104804617,47.22378014582165,942,126,Low Priority,992,136,60,-0.96883349921346,Balanced,Balanced Weapon,8.713966855036855,15.880390638820638,82.552512997543,1791.4670616707615,5.585998746928747,6.167280024570024,1.0852531695331695,Soft-Speed Separation,0,pitch_type_specific,Changeup
"Gollert, Harley",8890793.0,QUE_CAP,Changeup,R,38,13,43.71702569533132,59.72661514676192,48.5199025307605,45.42905215928211,49.38339313473815,48.79048113373002,48.96242288278183,-0.8634906039776524,48.749930553568355,47.16769489624229,943,127,Low Priority,974,132,58,,,,10.182643461538463,-8.417623461538462,81.02051384615385,1676.1312326923075,5.461905000000001,5.593969615384615,-1.0038790384615384,Tight High-Spin Breakers,1,pitch_type_specific,Changeup
"Maietta, Dante",1000137704.0,WIN_CIT29,Four-Seam,R,326,188,48.14942295210401,49.10227140050268,48.435277486623605,44.924284913067865,49.30120931695261,48.503710436287626,47.307908020190695,-0.8659318303290036,48.746396406862424,47.11160964666293,944,293,Low Priority,983,279,155,0.5450871079014235,Balanced,Balanced Weapon,19.57343439367311,9.250238892794377,88.19115061511424,2059.689457644992,6.049005817223199,6.530524094903339,1.054266239015817,Soft-Speed Separation,0,pitch_type_specific,Four-Seam
"Walsh, John",1000208173.0,MIS_MUD,Slider,L,82,43,51.55390074378016,49.91774139518855,51.06305293920268,58.77734155916994,51.9372333055351,57.70180390589614,77.7621985417835,-0.8741803663324248,48.73445505765935,47.055524397083566,945,197,Development Target,736,233,81,-3.6233687612391066,LHH,Balanced Weapon,0.3961037323943662,9.4328988028169,73.89985049295775,2177.531274647887,5.075560422535212,5.535831408450704,-2.1637984507042254,Tight High-Spin Breakers,1,pitch_type_specific,Slider
"Daly, Ryan",831333.0,JOL_SLA,Changeup,R,95,76,56.632515881837264,44.11536851356942,52.87737167135691,68.59226023555804,53.75561906083402,64.04684561017831,89.98878295008413,-0.8782473894771101,48.728567256046134,46.999439147504205,946,128,Development Target,561,69,29,-4.2681633240628685,LHH,Balanced Weapon,5.291436027874564,16.269762682926828,79.12940648083624,2114.6711477351914,6.812283240418118,5.307025749128919,2.0752107317073167,Soft-Speed Separation,0,pitch_type_specific,Changeup
"Foster, Kobe",816330.0,WAS_WIL3,Curveball,R,124,50,51.70990828277338,38.59410396124413,47.7751669863146,40.83006169377454,48.66888196287111,46.29727903375723,34.96915311273135,-0.8937149765565096,48.70617493593412,46.943353897924844,947,113,Low Priority,1056,121,63,0.2736050319146272,Balanced,Balanced Weapon,-8.3382161352657,15.014631159420292,67.6937054589372,2256.5487671497585,5.340774347826087,6.09827579710145,-1.0099103864734298,Tight High-Spin Breakers,1,pitch_type_specific,Curveball
"Foster, Kobe",816330.0,WAS_WIL3,Slider,R,25,39,61.73370225985843,30.87289376356162,52.47545971096939,66.5171060011217,53.37044726730576,62.70283426048081,87.1845204711161,-0.8949875563363676,48.704332630883414,46.88726864834549,948,198,Development Target,598,206,141,-6.992560700482514,LHH,Reverse Split Weapon,5.232522684563759,5.242033825503356,78.41507657718121,2328.295377852349,5.347809194630873,5.983897382550336,-1.447556241610738,Tight High-Spin Breakers,1,pitch_type_specific,Slider
"Girard, John",1000113616.0,FLO_Y'A,Four-Seam,L,65,59,47.86640639700156,52.05695136061789,49.12356988608646,48.5698261357263,50.02907202696066,51.04350114710616,59.92708917554683,-0.905502140874205,48.68911073870286,46.83118339876612,949,294,Development Target,918,256,115,0.4940400354273819,Balanced,Balanced Weapon,17.93500447368421,-12.68467,86.11576993421053,2113.646026973684,5.431094671052631,5.961160921052631,-1.5698271710526317,Soft-Speed Separation,0,pitch_type_specific,Four-Seam
"Simpson, Garret",1000073158.0,EVA_OTT,Changeup,L,95,37,46.50959611191685,47.78789903885762,46.89308698999908,36.399326977005046,47.80715822586102,43.29039612513036,22.882781828379137,-0.9140712358619467,48.67670531844883,46.77509814918676,950,129,Low Priority,1135,155,88,,,,4.75409025210084,11.32531386554622,83.50924705882352,1665.631900840336,5.130119495798319,5.539268067226891,1.9960589075630253,Soft-Speed Separation,0,pitch_type_specific,Changeup
"Majick, Eli",828663.0,NEW_ENG23,Slider,R,188,73,57.37627284259722,43.52583657989954,53.22114196378791,70.7795849691531,54.14015264154154,65.38862999183448,92.23219293325856,-0.9190106777536329,48.669554522177535,46.71901289960741,951,199,Development Target,522,193,133,-3.901454575850906,LHH,Balanced Weapon,3.958816319444445,8.422661145833334,79.52513493055557,2553.2926715277777,5.51057125,5.582822534722222,-3.633856805555556,Tight High-Spin Breakers,1,pitch_type_specific,Slider
"Encarnacion, J.D.",1000563022.0,EVA_OTT,Four-Seam,L,157,107,48.53023665604964,44.56295027584423,47.34005074198801,38.19405496354459,48.2645626713239,44.88645475775472,29.52888390353337,-0.9245119293358925,48.66159039785651,46.66292765002804,952,295,Low Priority,1103,332,152,4.660679671479208,RHH,Balanced Weapon,14.433681165644174,8.107315889570552,88.68619515337423,2332.7223423312885,5.892542331288344,5.32741226993865,2.263545766871166,Soft-Speed Separation,0,pitch_type_specific,Four-Seam
"Foltz Jr., Michael",803189.0,WAS_WIL3,Four-Seam,L,157,102,50.70999868567547,48.01326363497856,49.9009781704664,53.0005608524958,50.843652769444816,53.88588416044946,68.00336511497476,-0.9426745989784138,48.6352964251356,46.606842400448684,953,296,Development Target,839,230,103,-0.5651302142885015,Balanced,Balanced Weapon,18.762273190184047,-3.773297668711656,92.51196720858896,2188.9478162576684,6.032337907692308,6.238293312883435,-1.299493773006135,Soft-Speed Separation,0,pitch_type_specific,Four-Seam
"Good, Ty",688612.0,GAT_GRI,Cutter,R,44,27,56.37422081844922,51.06391636995031,54.78112948389955,76.94896242288279,55.7324720638849,70.94484000495474,98.03701626472238,-0.9513425799853508,48.62274784826736,46.55075715086932,954,42,Development Target,412,18,9,,,,16.977814393939394,7.577053030303031,88.34369378787879,2054.263471212121,6.145941515151515,7.012767878787878,-0.3243736363636363,Soft-Speed Separation,0,pitch_type_specific,Cutter
"Helt, Robert",836007.0,LAK_ERI24,Four-Seam,R,252,160,43.86410342961033,54.866790626995815,47.16490958882598,37.40886146943354,48.1212021289709,44.38621512635222,27.790241166573196,-0.956292540144922,48.615581824771525,46.49467190128996,955,297,Low Priority,1117,337,182,1.1158740106221856,Balanced,Balanced Weapon,14.876815551102204,7.040963106212425,91.4714414028056,2284.495998797596,6.306986432865731,6.641070761523046,1.7660760120240482,Soft-Speed Separation,0,pitch_type_specific,Four-Seam
"Milburn, Isaac",830926.0,FLO_Y'A,Slider,R,124,49,52.81548699684845,45.170800774106986,50.52208113002601,56.08524957936063,51.48166926330611,56.1121671423596,74.73359506449803,-0.9595881332801,48.61081081711124,46.4385866517106,956,200,Development Target,784,237,153,-3.790588849839637,LHH,Balanced Weapon,-1.4185965975103734,15.499271784232366,78.93597360995851,2673.515343153527,4.823211078838175,5.460814771784232,-1.9443907883817428,Tight High-Spin Breakers,1,pitch_type_specific,Slider
"Petschke, Ben",814386.0,EVA_OTT,Cutter,R,110,98,48.0434144524348,43.86090370971005,46.788661229617375,35.72630398205272,47.751111342374806,43.09482716399063,22.40605720695457,-0.9624501127574305,48.60666754898019,46.38250140213124,957,43,Low Priority,1147,56,31,-0.4943617299712102,Balanced,Balanced Weapon,9.92558823943662,2.414789366197183,89.04423929577464,2258.172816197183,5.446148274647888,6.013865211267605,1.5895115492957748,Soft-Speed Separation,0,pitch_type_specific,Cutter
"Smith, Donny",1000381366.0,JOL_SLA,Four-Seam,R,30,19,40.44284436380567,61.92892328343038,46.88866803969308,36.343241727425685,47.85561356285717,43.45947528401602,22.994952327537856,-0.9669455231640924,48.60015957405533,46.32641615255188,958,298,Low Priority,1136,348,189,,,,15.116155192307692,11.005012692307693,88.14957538461537,2198.374294230769,5.869839423076924,5.79728,2.464410576923077,Soft-Speed Separation,0,pitch_type_specific,Four-Seam
"Pierson, Kenny",1000055344.0,LAK_ERI24,Changeup,R,219,99,48.12629767295496,47.690593487895,47.99558641743697,42.28827818283792,48.96427203351272,47.3280076961382,41.13853056646102,-0.9686856160757529,48.597640453438615,46.27033090297252,959,130,Low Priority,1030,141,62,-1.0629988585755823,Balanced,Balanced Weapon,-1.222059246987952,-16.345960572289158,76.87308870481928,1742.6391789156626,4.91990328313253,4.425234307228916,-3.285350120481928,Tight High-Spin Breakers,1,pitch_type_specific,Changeup
"Odonnell, Brendan",1000423478.0,NEW_ENG23,Slider,R,155,54,59.77437678915969,34.41498496979843,52.16655924335132,64.55412226584409,53.13597398362341,61.88466751056591,85.67021873247336,-0.9694147402720859,48.596584905322295,46.214245653393164,960,201,Development Target,633,212,143,-5.404449213696665,LHH,Reverse Split Weapon,-1.2336298863636364,12.152738484848484,84.12559337121212,2651.091545454545,6.101607234848485,5.532538409090909,-1.620610568181818,Tight High-Spin Breakers,1,pitch_type_specific,Slider
"Thompson, Ross",1000103401.0,SCH_BOO,Splitter,R,38,48,55.62198995905038,35.76721144424884,49.66555640460992,51.87885586090858,50.641433348477065,53.18026344398865,66.15255187885586,-0.9758769438671422,48.587229617339325,46.158160403813795,961,18,Development Target,859,20,9,-1.8822353383107144,Balanced,Balanced Weapon,3.581316470588236,8.67091185520362,79.08091380090497,1049.1249312217194,5.45431628959276,5.415681809954752,2.6113298190045247,Soft-Speed Separation,0,pooled_fixed_effects,Pooled
"Puccetti, Dominic",1000266076.0,OTT_TIT,Four-Seam,R,209,105,48.428628114741656,50.65139746658943,49.09545892029598,48.2893998878295,50.10074939724441,51.29361084048576,61.329220415030846,-1.0052904769484243,48.544647846504596,46.102075154234434,962,299,Development Target,923,258,143,-0.6400088295429782,Balanced,Balanced Weapon,20.272870473537605,-5.066125821727019,87.88830011142062,1865.6966554317548,5.629782061281337,6.956085877437325,-0.6125144289693594,Soft-Speed Separation,0,pitch_type_specific,Four-Seam
"Rivas, Albert",691309.0,GAT_GRI,Four-Seam,R,30,23,50.58357898208286,41.382733736459286,47.82332540839578,41.27874369040942,48.82981787855699,46.85884584859178,38.83903533370724,-1.0064924701612057,48.542907729144666,46.04598990465508,963,300,Low Priority,1048,309,171,-0.7575099444855908,Balanced,Balanced Weapon,16.686547042253522,13.884437464788732,89.94815845070423,2370.1117478873243,5.815986901408451,5.676522535211268,2.8844901408450703,Soft-Speed Separation,0,pitch_type_specific,Four-Seam
"Castro, Alexander",669418.0,TRO_AIG,Slider,L,69,28,50.32685664877578,53.26114705728935,51.207143771329854,59.394279304542906,52.21795861394777,58.68136161752871,79.61301177790241,-1.0108148426179184,48.53665026007744,45.98990465507571,964,202,Development Target,725,229,78,5.765277481000084,RHH,Right-Handed Killer,0.8546985714285714,-4.6075830612244895,83.3786062585034,2470.406120408163,4.908569387755102,5.922689795918368,2.206035714285714,Tight High-Spin Breakers,1,pitch_type_specific,Slider
"Kostura, Brit",1000146015.0,WAS_WIL3,Changeup,R,70,30,48.27431160450848,50.58239939682451,48.96673794220329,47.39203589455973,49.98586835375877,50.89274704696797,59.16993830622547,-1.01913041155548,48.524611867753705,45.93381940549636,965,131,Development Target,939,126,56,,,,9.698507555555556,-16.003925111111112,80.42320188888888,1871.6419244444444,5.775096777777777,5.066024555555556,-1.818009888888889,Tight High-Spin Breakers,1,pitch_type_specific,Changeup
"Conklin, MacCallan",1000187772.0,TRO_AIG,Four-Seam,R,35,20,47.87521453952208,48.66902600432932,48.113357978964245,43.0173864273696,49.13321499699829,47.91751415583038,44.223219293325855,-1.0198570180340454,48.52355996452019,45.877734155917,966,301,Low Priority,1017,295,163,2.330896023224198,Balanced,Balanced Weapon,15.892056923076922,9.80370358974359,90.5215346153846,2403.8860743589744,6.290429615384615,5.344415256410256,1.459456153846154,Soft-Speed Separation,0,pitch_type_specific,Four-Seam
"Fowler, Dalton",687096.0,SUS_COU1,Sinker,L,26,10,43.52234484231751,46.54021600853071,44.42770619218147,22.826696578799776,45.45368033486635,35.07821379530757,7.094784071789119,-1.0259741426848805,48.51470424496656,45.82164890633763,967,158,Low Priority,1377,184,91,-0.9499656227896268,Balanced,Balanced Weapon,11.292066666666669,-12.855744705882351,91.4347325490196,2160.1096549019608,5.53919705882353,6.668691960784314,-1.388985294117647,Soft-Speed Separation,0,pitch_type_specific,Sinker
"MacMillan, Blake",832350.0,TRO_AIG,Cutter,R,88,44,54.81375972870145,35.44543182981728,49.0032613590362,47.67246214245653,50.04577166033468,51.10177253968367,60.263600673023,-1.0425103012984778,48.49076496114692,45.765563656758275,968,44,Development Target,934,42,24,-1.944755805627203,Balanced,Balanced Weapon,21.8721192,-6.919074133333334,87.96224,2194.8112426666667,5.531241,6.7523408,0.0968407333333333,Soft-Speed Separation,0,pitch_type_specific,Cutter
"Jones, Logan",1000577428.0,FLO_Y'A,Sinker,L,53,39,46.02507721334388,42.41987592873967,44.94351682796261,25.12619181155356,46.0104444197886,37.02097612061925,9.506449803701626,-1.066927591825987,48.45541621651383,45.70947840717891,969,159,Low Priority,1336,176,89,2.744474014519014,Balanced,Balanced Weapon,10.901696,17.945808959999997,89.55034991999999,2212.3863104,5.27651016,5.76896928,2.65370776,Soft-Speed Separation,0,pitch_type_specific,Sinker
"McEvoy, Aidan",1000079355.0,FLO_Y'A,Changeup,R,71,19,43.16233753922272,52.25538246383341,45.89025101660592,30.734716769489623,46.96470099548398,40.35074140927076,14.638250140213124,-1.0744499788780573,48.44452610818525,45.65339315759955,970,132,Low Priority,1236,174,77,,,,2.752412465753425,-14.161820410958905,82.93906712328767,1735.288316438356,6.3226624657534245,4.888081095890411,-2.572600821917808,Tight High-Spin Breakers,1,pitch_type_specific,Changeup
"Voytko, Fawster",1000207039.0,TRO_AIG,Changeup,L,105,31,42.603714899900936,65.16566457642537,49.372299802858265,49.91587212563096,50.446870449222025,52.50135925312496,63.54458777341559,-1.0745706463637603,48.44435141869082,45.59730790802019,971,133,Development Target,894,116,65,,,,11.408604761904762,12.572921666666666,83.68449341269842,1868.7671015873016,6.578038333333334,5.814525714285714,1.9221094444444444,Soft-Speed Separation,0,pitch_type_specific,Changeup
"Martinez, Mason",809209.0,TRI_VAL,Slider,L,43,35,59.45813363328271,39.50164054057061,53.47118570546908,72.0695457094784,54.57163325714991,66.89423049087404,94.5877734155917,-1.1004475516808299,48.406889599701636,45.54122265844083,972,203,Development Target,499,183,56,9.301594392997773,RHH,Right-Handed Killer,6.419207196969697,0.1009975757575757,83.26583098484849,2349.487888636364,6.400489545454546,5.254459696969697,2.712698636363636,Soft-Speed Separation,0,pitch_type_specific,Slider
"Wilson, Bradley",1000073000.0,FLO_Y'A,Four-Seam,R,38,23,51.93930195063389,35.58830842132828,47.03400389184221,36.791923724060574,48.14421704022998,44.46652293306137,28.2108805384184,-1.1102131483877713,48.39275201208541,45.48513740886147,973,302,Low Priority,1128,344,186,,,,12.506557833333334,5.0121855,92.18402416666666,2260.824711666666,6.774356666666667,5.644169000000001,1.2378384999999998,Soft-Speed Separation,0,pitch_type_specific,Four-Seam
"Rodriguez, Joe Joe",689487.0,NEW_JER6,Slider,R,67,16,45.81307418912609,60.803789623937874,50.31028881956962,55.131800336511496,51.42722280891181,55.92218268896437,74.20078519349411,-1.1169339893421864,48.383022296564775,45.42905215928211,974,204,Development Target,801,244,157,,,,5.036277272727272,2.622037922077922,81.95582194805195,2113.960967532468,5.563505064935065,5.562828701298701,2.611602207792208,Tight High-Spin Breakers,1,pitch_type_specific,Slider
"Peyton, Blake",1000017005.0,GAT_GRI,Four-Seam,R,237,97,51.38340955745749,45.126801212974094,49.50642705411247,50.925406618059455,50.627641504642135,53.13213843857846,65.87212563095906,-1.1212144505296635,48.376825502155604,45.37296690970275,975,303,Development Target,876,241,133,-2.8627387254582644,Balanced,Balanced Weapon,18.132012920353983,-12.97777292035398,89.20077176991151,2274.128551917404,5.941998106508875,6.25671772861357,-1.867825250737463,Soft-Speed Separation,0,pitch_type_specific,Four-Seam
"Salata, Derek",1000057774.0,SCH_BOO,Four-Seam,R,442,249,44.88098045642978,54.29266946506212,47.70448715901948,40.54963544587773,48.8354401164462,46.87846398174889,38.95120583286595,-1.1309529574267216,48.36272713227202,45.316881660123386,976,304,Low Priority,1061,315,175,0.0507844575249833,Balanced,Balanced Weapon,16.5859485751634,5.313869895424837,89.4269825751634,2290.4241192156865,6.155123359477123,6.250760509803921,1.1391823137254902,Soft-Speed Separation,0,pitch_type_specific,Four-Seam
"Quigley, Michael",808828.0,NEW_ENG23,Four-Seam,R,171,98,46.73153998331376,53.57427129416715,48.78435937656977,46.71901289960741,49.92010061760367,50.663258321880726,57.96410544026921,-1.1357412410339052,48.35579516681621,45.26079641054403,977,305,Development Target,951,267,147,1.2398078506250272,Balanced,Balanced Weapon,17.62712698757764,12.54933953416149,92.6205641304348,2289.809951552795,5.910976739130435,5.43835599378882,1.7176246273291924,Soft-Speed Separation,0,pitch_type_specific,Four-Seam
"Villalobos, Jonaiker",665690.0,FLO_Y'A,Four-Seam,L,238,207,46.39716973899225,51.150525938202655,47.82317659875537,41.22265844083006,48.95953458620455,47.31147693490968,40.91418956814358,-1.1363579874491805,48.35490230724556,45.20471116096466,978,306,Low Priority,1049,310,139,-2.5738604385954247,Balanced,Balanced Weapon,14.789554773109243,-9.951222470588236,87.85645416806723,2216.0247068907565,5.868479915966387,5.864411445378152,-1.2545834285714286,Soft-Speed Separation,0,pitch_type_specific,Four-Seam
"Burcham, Jacob",1000122547.0,GAT_GRI,Sinker,R,194,91,48.81686325420144,46.62389223525194,48.15897194851658,43.185642176107685,49.29578892728436,48.48479662858855,47.195737521031965,-1.1368169787677829,48.354237828650284,45.1486259113853,979,160,Low Priority,1014,120,61,0.1488515402441876,Balanced,Balanced Weapon,6.37841451104101,16.26242690851735,90.991757318612,2276.369685173501,6.592972744479496,4.7625951419558366,3.2640121135646685,Soft-Speed Separation,0,pitch_type_specific,Sinker
"Majick, Eli",828663.0,NEW_ENG23,Sinker,L,114,104,44.41568202945009,42.1627545815236,43.73980379507214,20.35894559730791,44.87738213778314,33.067289499437,4.570947840717891,-1.1375783427109951,48.353135607272726,45.09254066180595,980,161,Low Priority,1421,193,95,1.5891295185393588,Balanced,Balanced Weapon,7.068013440233236,-16.710511457725946,87.35477326530612,2014.0893204081635,5.836283119533528,5.611764227405248,-3.3573662973760934,Soft-Speed Separation,0,pitch_type_specific,Sinker
"Hernandez, Nyan",683466.0,NEW_JER6,Changeup,L,178,83,52.553636091818106,45.42286313860399,50.41440420585387,55.58048233314639,51.55884982025612,56.381479553755526,75.18227706113292,-1.144445614402251,48.34319390497505,45.03645541222659,981,134,Development Target,793,107,58,0.7512082844914403,Balanced,Balanced Weapon,11.68017743801653,16.028319132231406,82.1286958677686,1921.686210330579,6.318448016528925,5.608434049586776,2.3986657024793385,Soft-Speed Separation,0,pitch_type_specific,Changeup
"Chapple, Bronson",1000218472.0,TRO_AIG,Changeup,L,39,16,44.72294357056518,55.29083720446537,47.89331166073524,41.83959618620303,49.04236153260591,47.600491753478025,42.34436343241728,-1.149049871870666,48.33652835290273,44.980370162647226,982,135,Low Priority,1038,142,80,,,,3.654326862745098,14.517365882352944,83.19794803921567,1827.8935058823529,6.33970137254902,4.8985062745098045,1.8803619607843136,Soft-Speed Separation,0,pitch_type_specific,Changeup
"Cook, Avery",690004.0,WIN_CIT29,Sinker,R,56,24,50.38103919063531,42.95736408144711,48.153936657878845,43.12955692652832,49.31521843738237,48.55259360263895,47.64441951766685,-1.1612817795035255,48.3188203038134,44.924284913067865,983,162,Low Priority,1015,121,62,-1.468382925109907,Balanced,Balanced Weapon,-0.1481932142857142,16.250577321428572,88.39012955357143,2186.589032142857,6.555364196428571,4.0081138392857145,4.133058125,Soft-Speed Separation,0,pitch_type_specific,Sinker
"Foster, Kobe",816330.0,WAS_WIL3,Curveball,L,83,50,51.70990828277338,37.68208718819538,47.501561954399975,39.14750420639372,48.66888196287111,46.29727903375723,34.96915311273135,-1.1673200084711368,48.31007880100122,44.868199663488504,984,114,Low Priority,1086,126,60,0.2736050319146272,Balanced,Balanced Weapon,-8.3382161352657,15.014631159420292,67.6937054589372,2256.5487671497585,5.340774347826087,6.09827579710145,-1.0099103864734298,Tight High-Spin Breakers,1,pitch_type_specific,Curveball
"Scott, Brandon",1000138331.0,LAK_ERI24,Changeup,L,38,65,47.36962487827394,45.58336476751207,46.83374684504538,35.950644980370164,48.00283558546944,43.9731890933887,25.54683118339877,-1.1690887404240584,48.30751821984018,44.81211441390914,985,136,Low Priority,1143,158,91,0.6130653030628821,Balanced,Balanced Weapon,2.173905743801653,-12.442808966942149,81.1809988429752,1514.5975396694216,5.758359958677686,5.403338677685951,-1.7240468181818185,Tight High-Spin Breakers,1,pitch_type_specific,Changeup
"Nabholz, Nate",1000113106.0,TRI_VAL,Slider,L,50,31,54.02068579144232,42.9393024886205,50.69627080059577,56.87044307347168,51.87032501389217,57.46833534753357,77.14526079641054,-1.174054213296401,48.300329738696085,44.75602916432978,986,205,Development Target,770,235,83,3.58979430587263,RHH,Balanced Weapon,6.364354387755102,-1.623308469387755,83.35422806122449,1991.927945918368,5.677173775510204,6.343409591836735,0.7929161224489797,Tight High-Spin Breakers,1,pitch_type_specific,Slider
"Salata, Derek",1000057774.0,SCH_BOO,Four-Seam,L,323,249,44.88098045642978,54.123387939978834,47.653702701494495,40.10095344924285,48.8354401164462,46.87846398174889,38.95120583286595,-1.181737414951705,48.28920682016538,44.69994391475042,987,307,Low Priority,1069,318,142,0.0507844575249833,Balanced,Balanced Weapon,16.5859485751634,5.313869895424837,89.4269825751634,2290.4241192156865,6.155123359477123,6.250760509803921,1.1391823137254902,Soft-Speed Separation,0,pitch_type_specific,Four-Seam
"Rodriguez, Ramon",1000115889.0,WIN_CIT29,Changeup,R,54,27,45.640113345479406,51.25452420392579,47.32443660301332,38.0257992148065,48.50639855314344,45.730312421765376,32.50140213123948,-1.1819619501301233,48.288881762122024,44.64385866517106,988,137,Low Priority,1106,151,67,4.861283809745942,RHH,Balanced Weapon,9.66060848101266,-11.047407848101264,83.62689772151899,2224.972659493671,5.89088,5.473131772151898,-1.6673149367088609,Tight High-Spin Breakers,1,pitch_type_specific,Changeup
"Gregory, Ben",833406.0,GAT_GRI,Slider,R,91,23,45.48926783193123,72.80719841265179,53.684647006147394,72.79865395401009,54.879312246913976,67.96783988090331,95.56926528323052,-1.1946652407665823,48.27049129507973,44.5877734155917,989,206,Development Target,486,179,126,,,,1.4405411607142855,-4.684688928571428,79.62352267857143,2328.9411910714284,6.044992678571428,5.532237321428572,2.3973700892857144,Tight High-Spin Breakers,1,pitch_type_specific,Slider
"Valdez, Alex",677678.0,EVA_OTT,Slider,L,91,37,55.07961760122129,36.782254254490496,49.59040859720205,51.20583286595626,50.78809264075516,53.69201367251596,67.44251261918116,-1.1976840435531102,48.26612099491565,44.53168816601234,990,207,Development Target,871,257,93,10.495826187097895,RHH,Right-Handed Killer,3.698716736842105,-2.529911947368421,86.0214402631579,2142.7170947368422,5.334888578947369,6.0627885263157895,1.7803738947368422,Tight High-Spin Breakers,1,pitch_type_specific,Slider
"Cooper, Garrett",1000327042.0,NEW_YOR13,Slider,R,88,34,43.89765817772575,68.69941113715204,51.338184065553634,60.51598429613012,52.54558249089289,59.82456632889297,81.96859226023557,-1.2073984253392567,48.25205755079027,44.475602916432976,991,208,Development Target,705,223,149,6.752082252510711,RHH,Right-Handed Killer,2.08527062992126,-2.774325196850393,80.3304622047244,2069.0279173228346,5.748104881889764,5.572610393700788,1.7480718110236222,Tight High-Spin Breakers,1,pitch_type_specific,Slider
"Serratos, Oscar",8898893.0,WIN_CIT29,Four-Seam,R,45,34,39.76677572945149,61.43199989356724,46.26634297868621,33.034212002243414,47.482026879542175,42.15588880414479,19.32136848008974,-1.2156839008559643,48.24006272450625,44.41951766685362,992,308,Low Priority,1195,374,199,2.5129614419861213,Balanced,Balanced Weapon,13.19493569767442,10.219343023255815,91.54717744186046,2206.8458209302325,5.584451279069768,5.927633953488372,1.7043016279069767,Soft-Speed Separation,0,pitch_type_specific,Four-Seam
"Dill, Austin",1000429156.0,TRI_VAL,Sinker,R,106,85,45.382413478001936,44.02483836480192,44.97514094404193,25.238362310712283,46.21794672221678,37.74503082617592,10.79641054402692,-1.2428057781748478,48.20079856805797,44.363432417274254,993,163,Low Priority,1334,175,87,1.9558035951109003,Balanced,Balanced Weapon,14.792818020304567,15.786971776649748,88.05943467005076,2314.7280223350253,5.42905730964467,6.242287817258884,1.6238255837563451,Soft-Speed Separation,0,pitch_type_specific,Sinker
"Garcia, Hector",815312.0,WAS_WIL3,Four-Seam,R,96,63,45.07149991273626,59.22893073535775,49.318729159522704,49.5793606281548,50.56247939260143,52.90476296710186,64.86259113853056,-1.2437502330787282,48.19943128714786,44.30734716769489,994,309,Development Target,900,248,138,4.10446233659799,RHH,Balanced Weapon,19.503132060301507,4.551671809045226,90.97448165829144,2221.308033165829,6.048331105527638,6.064986030150753,0.9469291959798994,Soft-Speed Separation,0,pitch_type_specific,Four-Seam
"Estrella, Noah",805762.0,TRI_VAL,Slider,L,112,43,53.1796052684105,46.738678897422425,51.24732735711408,59.67470555243971,52.51198193039056,59.70732115302569,81.68816601233875,-1.2646545732764807,48.16916821670026,44.25126191811554,995,209,Development Target,720,227,76,3.6515861452708407,RHH,Balanced Weapon,-2.756843429951691,0.6105395652173914,85.25604516908211,2585.013997101449,5.5936960869565215,5.66552,1.6843774396135267,Tight High-Spin Breakers,1,pitch_type_specific,Slider
"Anderson, Colt",1000568252.0,WAS_WIL3,Curveball,L,59,15,42.01155908771244,50.99973519055634,44.70801191856561,23.724060572069547,45.976120796428496,36.90120790255701,9.282108805384183,-1.2681088778628862,48.16416744355664,44.19517666853617,996,115,Low Priority,1361,147,73,-1.7212712328570916,Balanced,Balanced Weapon,-10.609571208791207,10.33769021978022,73.75669263736263,1993.9885406593407,6.025245384615385,6.031337802197801,-2.393383956043956,Tight High-Spin Breakers,1,pitch_type_specific,Curveball
"Rodriguez, Luis",693543.0,TRO_AIG,Four-Seam,L,177,56,48.22441083764463,55.87696642846738,50.52017751489145,56.02916432978127,51.79718834585201,57.213133607487606,76.80874929893437,-1.2770108309605561,48.151280146891565,44.139091418956816,997,310,Development Target,785,214,93,-1.407516129683664,Balanced,Balanced Weapon,20.62839224637681,7.015231123188406,95.11551010869564,2360.035705072464,6.061004202898551,6.06359018115942,2.0642217753623187,Soft-Speed Separation,0,pitch_type_specific,Four-Seam
"Burcham, Jacob",1000122547.0,GAT_GRI,Sinker,L,123,91,48.81686325420144,46.12772043443798,48.01012040827239,42.40044868199664,49.29578892728436,48.48479662858855,47.195737521031965,-1.2856685190119705,48.13874647106469,44.083006169377455,998,164,Low Priority,1028,122,60,0.1488515402441876,Balanced,Balanced Weapon,6.37841451104101,16.26242690851735,90.991757318612,2276.369685173501,6.592972744479496,4.7625951419558366,3.2640121135646685,Soft-Speed Separation,0,pitch_type_specific,Sinker
"Armstrong, Andrew",803262.0,NEW_YOR13,Four-Seam,L,63,47,45.096068851029614,55.55187245032008,48.23280993081675,43.57823892316321,49.52119429345934,49.27132195446149,51.850813236118896,-1.2883843626425886,48.134814762800254,44.02692091979809,999,311,Low Priority,1007,290,128,-2.3647215300680102,Balanced,Balanced Weapon,14.816501807228915,-9.47959421686747,89.10762228915662,2135.8218957831323,6.434437831325302,5.3678031325301205,-2.3647346987951807,Soft-Speed Separation,0,pitch_type_specific,Four-Seam
"Lawson, Nathan",1000569348.0,FLO_Y'A,Four-Seam,R,47,44,40.27509181696743,61.937454280176354,46.77380055593011,35.614133482894,48.07177467386979,44.21374387648724,26.55636567582726,-1.297974117939681,48.1209317395914,43.97083567021873,1000,312,Low Priority,1149,352,190,2.9821011319227466,Balanced,Balanced Weapon,14.534994601769911,8.52955221238938,88.84654725663717,2237.0486840707963,6.168425840707965,5.604135044247787,1.69032592920354,Soft-Speed Separation,0,pitch_type_specific,Four-Seam
"Good, Ty",688612.0,GAT_GRI,Four-Seam,L,251,181,49.79377997193466,42.749589993588565,47.68052297843083,40.269209197980935,48.98184667624535,47.38933233022721,41.250701065619744,-1.3013236978145173,48.11608257569705,43.91475042063937,1001,313,Low Priority,1066,317,141,1.727801144379569,Balanced,Balanced Weapon,18.59827520979021,5.032582115384615,89.2454726048951,2094.261642482518,6.194792552447552,6.99713972027972,-0.2191126748251748,Soft-Speed Separation,0,pitch_type_specific,Four-Seam
"Estrella, Noah",805762.0,TRI_VAL,Four-Seam,R,116,114,41.21907419372468,64.14999283019583,48.09834978466603,42.96130117779024,49.406241442425376,48.87020759700948,49.32697700504768,-1.307891657759349,48.10657418496923,43.85866517106001,1002,314,Low Priority,1018,296,164,5.46076192080595,RHH,Right-Handed Killer,17.11283690909091,12.42938415151515,92.71523566666669,2244.872763636364,5.797207515151515,5.793167333333334,1.5832189393939395,Soft-Speed Separation,0,pitch_type_specific,Four-Seam
"Binns, Malik",702238.0,NEW_JER6,Cutter,R,54,25,49.26400129156994,46.2010108393505,48.3451041559041,44.25126191811554,49.656776061021546,49.74441847263185,54.31856421761076,-1.3116719051174428,48.10110154670248,43.80257992148065,1003,45,Low Priority,995,48,28,3.0237378012857405,RHH,Balanced Weapon,9.54317625,-1.8800857954545456,88.88493931818182,2228.6934613636363,6.181986704545454,6.036046136363637,0.8775472727272727,Soft-Speed Separation,0,pitch_type_specific,Cutter
"Marklund, Brandon",647282.0,OTT_TIT,Four-Seam,L,126,65,49.25427781687471,44.43918898042608,47.80975116594012,41.054402692091976,49.12151292721719,47.876681169446094,43.774537296690966,-1.3117617612770687,48.10097146255425,43.746494671901296,1004,315,Low Priority,1052,312,140,5.486303333044866,RHH,Right-Handed Killer,16.920219498207885,10.538823655913978,90.76353982078854,2208.789931899641,5.25247935483871,5.688515555555555,2.198153870967742,Soft-Speed Separation,0,pitch_type_specific,Four-Seam
"Zentko, Dylan",1000303828.0,EVA_OTT,Slider,R,31,21,55.43614442446827,41.20736984123453,51.16751204949814,59.226023555804815,52.49604958870109,59.65172713389527,81.57599551318003,-1.328537539202948,48.076685283493745,43.69040942232193,1005,210,Development Target,728,230,152,-3.1867117058845054,LHH,Balanced Weapon,4.25353755319149,0.8826601063829788,77.55495978723404,1932.220179148936,5.6212110638297865,5.704887659574468,-1.4578424468085107,Tight High-Spin Breakers,1,pitch_type_specific,Slider
"Vail, Tyler",592821.0,NEW_YOR13,Changeup,L,66,36,49.88873668178213,43.7172672637162,48.03729585636235,42.56870443073472,49.37131894183197,48.74834966777898,48.4296130117779,-1.3340230854696244,48.06874389565076,43.634324172742566,1006,138,Low Priority,1025,139,79,0.7985632166837817,Balanced,Balanced Weapon,6.205590614035088,13.200429166666666,83.17571442982457,1778.5842381578948,6.203367807017544,5.3261299122807015,1.8884104824561403,Soft-Speed Separation,0,pitch_type_specific,Changeup
"Kelly, Aiden",1000062337.0,TRI_VAL,Four-Seam,R,59,53,45.44540486311071,51.88877088645752,47.37841467011475,38.30622546270331,48.71634836029409,46.46290740514278,36.42736960179473,-1.3379336901793408,48.06308253993691,43.57823892316321,1007,316,Low Priority,1101,330,180,2.3243950496518693,Balanced,Balanced Weapon,15.50191027027027,8.451856418918918,90.13622486486489,2247.748772972973,5.9936273648648655,5.664782702702703,2.1294534459459458,Soft-Speed Separation,0,pitch_type_specific,Four-Seam
"Snyder, Jack",801389.0,SCH_BOO,Slider,R,73,35,54.14196572256032,47.160752661740666,52.04760180431442,63.93718452047112,53.38659888324925,62.75919341114748,87.29669097027481,-1.338997078934831,48.0615430793026,43.522153673583844,1008,211,Development Target,644,215,145,0.7061130152900148,Balanced,Balanced Weapon,4.464639711538461,-5.496520480769231,83.61455586538462,2478.456,5.191754326923077,5.552360673076923,1.5729418269230768,Tight High-Spin Breakers,1,pitch_type_specific,Slider
"Hungate, Chase",801835.0,NEW_JER6,Sinker,L,65,46,53.67789596601779,36.07821496263786,48.397991665003815,44.69994391475042,49.75830082698627,50.09867711779913,55.38418395961862,-1.3603091619824568,48.030689722317675,43.46606842400449,1009,165,Development Target,987,116,57,2.6211851407440534,Balanced,Balanced Weapon,-0.0577853333333333,19.88580874074074,88.43790911111111,2240.866737777778,5.91106325925926,3.8003006666666654,3.799517851851852,Soft-Speed Separation,0,pitch_type_specific,Sinker
"Foy, Corbin",813822.0,LAK_ERI24,Slider,R,41,19,46.9441609471387,68.8390840196953,53.51263786890568,72.2378014582165,54.88516858231417,67.98827486959601,95.65339315759957,-1.3725307134084943,48.012996665838195,43.40998317442513,1010,212,Development Target,496,181,127,7.851886524955859,RHH,Right-Handed Killer,-1.088219615384615,-7.589457179487179,82.37805910256411,2653.261687179487,5.562568461538461,5.180362564102564,1.9183505128205127,Tight High-Spin Breakers,1,pitch_type_specific,Slider
"Dill, Austin",1000429156.0,TRI_VAL,Four-Seam,L,40,42,49.05811319332881,39.46680931952477,46.18072203118759,32.585530005608526,47.55686186395987,42.41701661802359,20.274817722938867,-1.3761398327722745,48.00777176839935,43.35389792484576,1011,317,Low Priority,1203,377,177,3.1163198625839783,RHH,Balanced Weapon,16.40753221238938,13.3298996460177,87.24248477876107,2323.7489415929203,5.332861238938054,6.283720884955753,1.634009203539823,Soft-Speed Separation,0,pitch_type_specific,Four-Seam
"Hohenstein, Liam",1000116556.0,WIN_CIT29,Four-Seam,R,83,63,40.80126952859439,64.20675850366624,47.82291622111594,41.1665731912507,49.211534727902965,48.190801579805296,45.23275378575435,-1.3886185067870258,47.98970647730531,43.29781267526641,1012,318,Low Priority,1050,311,172,3.739445715666882,RHH,Balanced Weapon,17.419427499999998,4.40381068627451,87.94962200980393,1937.7752421568628,5.83918544117647,5.725964509803921,1.0646790196078433,Soft-Speed Separation,0,pitch_type_specific,Four-Seam
"Primeaux, Parker",1000101108.0,SUS_COU1,Slider,R,37,15,50.47430027070433,58.57643275533317,52.90494001609298,68.87268648345484,54.30043062588286,65.94790103317455,92.98934380257992,-1.3954906097898814,47.97975778075085,43.241727425687046,1013,213,Development Target,556,202,137,,,,0.6008069230769231,-16.32841173076923,79.11042711538462,2301.658626923077,5.210165576923076,4.513060961538462,3.3764434615384618,Tight High-Spin Breakers,1,pitch_type_specific,Slider
"Fuenmayor, Liu",673884.0,OTT_TIT,Sinker,R,89,50,51.803806031839805,42.71754659709066,49.077928201415055,48.06505888951206,50.479691245112846,52.61588353274392,63.9652271452608,-1.401763043697791,47.97067722104711,43.185642176107685,1014,166,Development Target,927,107,55,-1.4891809720354772,Balanced,Balanced Weapon,9.185547633587786,-20.552098396946565,90.59552526717556,2235.1619038167937,4.590515954198473,4.932016183206106,-1.827418396946565,Tight High-Spin Breakers,1,pitch_type_specific,Sinker
"House, Tristan",1000248636.0,MIS_MUD,Four-Seam,L,194,144,45.49849381220349,51.12154307029016,47.18540858962949,37.52103196859226,48.59338731483658,46.03384940182501,33.34268087492989,-1.4079787252070943,47.961678821403,43.12955692652832,1015,319,Low Priority,1115,336,155,0.7698362104574699,Balanced,Balanced Weapon,16.979846805896806,9.401362457002456,89.38766125307124,1974.1087105651104,6.14789941031941,6.22511203931204,1.1625403194103194,Soft-Speed Separation,0,pitch_type_specific,Four-Seam
"Maietta, Dante",1000137704.0,WIN_CIT29,Four-Seam,L,243,188,48.14942295210401,47.2853143741646,47.89019037872218,41.78351093662367,49.30120931695261,48.503710436287626,47.307908020190695,-1.411018938230427,47.957277525785415,43.07347167694896,1016,320,Low Priority,1039,303,135,0.5450871079014235,Balanced,Balanced Weapon,19.57343439367311,9.250238892794377,88.19115061511424,2059.689457644992,6.049005817223199,6.530524094903339,1.054266239015817,Soft-Speed Separation,0,pitch_type_specific,Four-Seam
"Masick, Jason",1000183506.0,NEW_YOR13,Four-Seam,R,76,51,42.453369469788576,57.48152977412111,46.96181756108833,36.62366797532249,48.38382167066195,45.30259490964813,31.04318564217611,-1.4220041095736207,47.94137436830265,43.0173864273696,1017,321,Low Priority,1131,347,188,-1.3484093685943537,Balanced,Balanced Weapon,14.372030895522387,7.81437671641791,94.54832529850746,2139.906832089552,6.051246641791044,6.397312686567164,0.5652533582089552,Soft-Speed Separation,0,pitch_type_specific,Four-Seam
"Parra, Andres",800365.0,LAK_ERI24,Four-Seam,R,177,76,49.58271934560139,44.477844781562005,48.05125697638957,42.62478968031408,49.485604304074855,49.14713490215895,50.67302299495233,-1.4343473276852876,47.92350517579383,42.96130117779024,1018,322,Low Priority,1024,298,165,1.2818777604027218,Balanced,Balanced Weapon,14.190315833333331,-13.016676625,88.43701070833335,2043.7885941666668,6.065787291666666,5.13901775,-2.217158083333333,Soft-Speed Separation,0,pitch_type_specific,Four-Seam
"Sparks, Alec",836152.0,GAT_GRI,Four-Seam,L,237,174,48.012618972716346,45.55152547347472,47.27429092294386,37.689287717330345,48.71579274099036,46.46096863739583,36.203028603477286,-1.441501818046497,47.91314766899046,42.90521592821088,1019,323,Low Priority,1112,334,153,-0.2783377043858053,Balanced,Balanced Weapon,17.113119260780287,4.290049445585216,91.09645427104724,2176.8441051334703,5.950344804928132,7.110277166324435,0.7381552977412731,Soft-Speed Separation,0,pitch_type_specific,Four-Seam
"Martinez, Gregory",1000051547.0,DOW_EAS1,Sinker,L,86,50,48.15722777263501,41.42652510893244,46.13801697352423,32.36118900729108,47.60396743088768,42.58138591413682,20.835670218732474,-1.4659504573634479,47.87775354092913,42.84913067863152,1020,167,Low Priority,1207,150,74,3.260462238976828,RHH,Balanced Weapon,11.870670625,15.768242890625,94.223099140625,2302.95815625,5.54539265625,5.8176384375,2.1241409375,Soft-Speed Separation,0,pitch_type_specific,Sinker
"Williams, Brian",1000079778.0,MIS_MUD,Splitter,L,72,19,56.808169357614105,43.58305852519899,52.840636107889566,68.03140773976443,54.306650424257086,65.96960428286272,93.07347167694896,-1.46601431636752,47.87766109268533,42.79304542905216,1021,19,Development Target,571,12,7,-1.0161947097479072,Balanced,Balanced Weapon,2.656852063492064,4.9490597619047625,78.63903817460317,1775.4149246031743,5.994434523809524,6.165252142857143,2.7445901587301584,Tight High-Spin Breakers,1,pooled_fixed_effects,Pooled
"Castro, Alexander",669418.0,TRO_AIG,Four-Seam,L,64,48,48.361560143068026,48.23163159994617,48.32258158013146,44.139091418956816,49.793606204115626,50.221871049349886,55.88895120583287,-1.4710246239841638,47.8704077045883,42.7369601794728,1022,324,Development Target,997,284,125,2.247316538049504,Balanced,Balanced Weapon,18.534767328767124,12.255067739726028,92.87450328767125,2227.252656849315,5.308476780821918,6.071662671232877,1.816810410958904,Soft-Speed Separation,0,pitch_type_specific,Four-Seam
"Cameron, Wyatt",1000179557.0,SCH_BOO,Four-Seam,L,78,58,46.55391250991043,46.75373107570266,46.6138580796481,34.99719573752103,48.08759137209458,44.26893437144568,27.00504767246214,-1.4737332924464823,47.866486383765974,42.680874929893434,1023,325,Low Priority,1160,357,166,1.360747060984906,Balanced,Balanced Weapon,14.78065545945946,10.92207037837838,91.18826978378378,2243.046705405405,5.480164540540541,5.822872756756756,1.2732336216216216,Soft-Speed Separation,0,pitch_type_specific,Four-Seam
"Steinhauer, Ryan",1000424762.0,NEW_JER6,Four-Seam,L,28,18,46.968059845095766,48.96671342924338,47.56765592034005,39.65227145260796,49.04509921395383,47.61004456826168,42.42849130678631,-1.4774432936137813,47.86111544042959,42.62478968031408,1024,326,Low Priority,1077,322,145,-2.581249312207845,Balanced,Balanced Weapon,15.98678948275862,-9.259625000000002,86.38473155172414,1935.7518448275864,6.053681724137931,5.720316551724138,-3.031098103448276,Soft-Speed Separation,0,pitch_type_specific,Four-Seam
"Campbell, Tyler",809429.0,MIS_MUD,Cutter,R,151,95,54.76943129577637,35.802613545274966,49.07938597062594,48.17722938867078,50.56010212333042,52.89646776756958,64.75042063937184,-1.480716152704474,47.85637734469015,42.56870443073472,1025,46,Development Target,925,41,23,-1.6597044554048992,Balanced,Balanced Weapon,7.922264921875,-3.3540976953125,84.065494296875,2241.77092734375,6.03381546875,4.9335862109375,-2.5266604296875,Soft-Speed Separation,0,pitch_type_specific,Cutter
"Belton, Hunter",10294453.0,MIS_MUD,Four-Seam,R,61,38,40.0579421546087,56.19391552747202,44.89873416646769,24.84576556365676,46.3912864874653,38.34987940481624,11.63768928771733,-1.4925523209976106,47.839242204738525,42.51261918115536,1026,327,Low Priority,1341,429,231,4.837406171837763,RHH,Balanced Weapon,12.956749302325582,10.55998573643411,86.38810689922481,2231.000224806201,6.131312790697675,5.989141085271318,1.1243757364341085,Soft-Speed Separation,0,pitch_type_specific,Four-Seam
"Saturria, Michael",800014.0,NEW_ENG23,Slider,R,154,79,56.86989975459744,51.74737438780228,55.33314214455889,78.96803140773977,56.832245183558015,74.78236803729862,99.298934380258,-1.4991030389991238,47.829758775054216,42.456533931576,1027,214,Development Target,376,144,104,1.8429443572918984,Balanced,Balanced Weapon,4.032470110294118,-7.048617242647059,80.8056963235294,2702.7638577205885,5.881795147058823,5.635620514705883,3.260348161764706,Tight High-Spin Breakers,1,pitch_type_specific,Slider
"Balzan, Jackson",827496.0,SUS_COU1,Sinker,R,91,50,51.85016999817465,38.93971452062668,47.977033354910255,42.23219293325855,49.478790051454446,49.12335737479216,50.33651149747617,-1.5017566965441915,47.82591709316087,42.400448681996636,1028,168,Low Priority,1031,123,63,-1.775003302879476,Balanced,Balanced Weapon,17.33875957746479,-14.55704084507042,86.06093316901408,2223.6250753521126,5.284821126760564,5.412078873239437,-1.062925352112676,Soft-Speed Separation,0,pitch_type_specific,Sinker
"Allemann, Braeden",1000367619.0,QUE_CAP,Sinker,L,56,29,46.67240533459809,49.98043635143903,47.66481463965037,40.15703869882221,49.16740951160328,48.03683186418468,44.78407178911946,-1.5025948719529083,47.824703672349614,42.344363432417275,1029,169,Low Priority,1068,128,62,-5.159412796568986,LHH,Left-Handed Killer,14.887409666666668,16.10356388888889,90.48772744444445,2299.7796444444443,6.2344816666666665,5.054420666666666,1.780407111111111,Soft-Speed Separation,0,pitch_type_specific,Sinker
"Gartland, Chad",1000103698.0,TRI_VAL,Sinker,L,57,40,45.08753184716567,43.52902860534837,44.61998087462048,23.33146382501402,46.12728130427691,37.42866458964539,10.123387549074591,-1.507300429656432,47.817891468619194,42.288278182837914,1030,170,Low Priority,1368,182,90,-1.820348941475217,Balanced,Balanced Weapon,13.21201212121212,12.381706767676768,88.40966999999999,2073.09558989899,6.103259090909091,5.265434444444445,1.8351868686868689,Soft-Speed Separation,0,pitch_type_specific,Sinker
"Foltz Jr., Michael",803189.0,WAS_WIL3,Four-Seam,R,167,102,50.70999868567547,46.129496254016914,49.3358479561779,49.74761637689288,50.843652769444816,53.88588416044946,68.00336511497476,-1.5078048132669153,47.81716127591317,42.23219293325855,1031,328,Development Target,897,247,137,-0.5651302142885015,Balanced,Balanced Weapon,18.762273190184047,-3.773297668711656,92.51196720858896,2188.9478162576684,6.032337907692308,6.238293312883435,-1.299493773006135,Soft-Speed Separation,0,pitch_type_specific,Four-Seam
"Savinon, Jordan",842444.0,NEW_YOR13,Cutter,R,41,14,56.45094076290189,33.00944443456057,49.418491864399485,50.30846887268648,50.93970463310932,54.22104576130852,68.87268648345484,-1.5212127687098373,47.79775067044612,42.17610768367919,1032,47,Development Target,887,39,21,,,,8.663745178571428,-2.6894707142857146,87.37178607142857,2195.517555357143,6.125559821428571,5.856387857142857,-1.066658392857143,Soft-Speed Separation,0,pitch_type_specific,Cutter
"Parks, Pavin",682030.0,LAK_ERI24,Cutter,L,41,44,49.689695824232295,41.230625955079866,47.151974863486565,37.29669097027482,48.693464391295365,46.38305650594094,35.69826135726304,-1.5414895278087997,47.76839614486645,42.12002243409983,1033,48,Low Priority,1119,55,25,1.4072244683783524,Balanced,Balanced Weapon,7.06897362962963,-3.583158222222222,84.70469651851852,2428.728494814815,5.773639259259259,5.589318962962962,2.0343285185185183,Tight High-Spin Breakers,1,pitch_type_specific,Cutter
"Drakeford, Dosie",836144.0,NEW_JER6,Slider,R,56,15,46.928990288616674,66.7153124037767,52.86488692316468,68.42400448681997,54.41407250992721,66.3444409266011,93.85866517106,-1.5491855867625262,47.75725461291269,42.06393718452047,1034,215,Development Target,564,203,138,7.2190260044330685,RHH,Right-Handed Killer,1.9163086585365847,-6.736264756097561,79.72581219512195,2396.2052536585365,5.4440204878048775,5.490165853658537,1.385305243902439,Tight High-Spin Breakers,1,pitch_type_specific,Slider
"Pardinho, Eric",672078.0,OTT_TIT,Four-Seam,R,219,169,48.989716298359184,48.083469637715794,48.71784230016616,46.38250140213124,50.26987298922141,51.88374758190325,62.73135165451487,-1.5520306890552504,47.75313577776645,42.00785193494111,1035,329,Development Target,957,269,148,0.5011698736439527,Balanced,Balanced Weapon,19.111498673913044,12.938657717391305,92.7295870652174,2230.618384565217,5.457704304347826,5.623857152173914,1.1896288695652175,Soft-Speed Separation,0,pitch_type_specific,Four-Seam
"Givens-Craig, Hayden",1000146243.0,SUS_COU1,Four-Seam,R,33,24,39.25617514288017,59.110503940254326,45.21247378209242,26.69657879977566,46.76639054829928,39.65876059380571,13.37633202467751,-1.5539167662068607,47.75040531676319,41.951766685361754,1036,330,Low Priority,1308,414,219,4.580358936752852,RHH,Balanced Weapon,13.992747164179104,8.450367761194029,84.72297626865672,2022.3554149253728,5.643547313432835,5.639454925373134,0.7145386567164179,Soft-Speed Separation,0,pitch_type_specific,Four-Seam
"Parenteau, Matt",1000091037.0,EVA_OTT,Four-Seam,L,28,16,45.37316551657499,50.241490299458526,46.83366295144005,35.8945597307908,48.38962956887861,45.32286088252626,31.155356141334828,-1.555966617438564,47.74743776114339,41.895681435782386,1037,331,Low Priority,1144,349,160,2.398731282962274,Balanced,Balanced Weapon,14.569048787878788,4.929922272727272,92.01933803030305,2251.601751515152,6.393233787878788,6.495336212121212,1.9121974242424244,Soft-Speed Separation,0,pitch_type_specific,Four-Seam
"Kostura, Brit",1000146015.0,WAS_WIL3,Sinker,R,101,54,48.59671668361039,40.94102803825801,46.30001009000467,33.14638250140213,47.885105374532586,43.562383467535405,23.24733595064498,-1.5850952845279167,47.70526838885846,41.839596186203025,1038,171,Low Priority,1193,147,75,-2.6649187393061737,Balanced,Balanced Weapon,13.17072544117647,-16.688552720588234,84.92354558823529,2075.2515897058825,5.551536176470588,5.102386838235295,-1.6960675735294115,Tight High-Spin Breakers,1,pitch_type_specific,Sinker
"Phelps, Travis",,FLO_Y'A,Four-Seam,R,35,18,40.33800785089693,60.8956427573581,46.50529832283527,34.0437464946719,48.094136161910974,44.2917716402759,27.369601794727988,-1.5888378390757012,47.6998503182156,41.78351093662367,1039,332,Low Priority,1177,365,195,,,,13.745428679245284,5.09526603773585,90.64341509433962,2091.526858490566,6.643895094339623,5.962806981132076,1.3575743396226416,Soft-Speed Separation,0,pitch_type_specific,Four-Seam
"Matos, Dwayne",684228.0,OTT_TIT,Changeup,L,157,64,42.56995852327308,53.73381962064705,45.91911685248527,30.959057767807067,47.51863508320254,42.28362879455496,19.6578799775659,-1.5995182307172726,47.684388388224065,41.7274256870443,1040,139,Low Priority,1232,172,97,-4.564888458015346,LHH,Balanced Weapon,3.5978434468085108,15.925233361702126,83.99353029787234,1525.109069787234,6.37591970212766,4.977513702127659,1.451993744680851,Soft-Speed Separation,0,pitch_type_specific,Changeup
"Zaffiro, Cole",10994263.0,SCH_BOO,Changeup,L,67,21,50.92139820463553,44.88535125085971,49.11058411850279,48.40157038698823,50.737846195062296,53.51668465199096,67.07795849691531,-1.6272620765595036,47.64422381219495,41.67134043746495,1041,140,Development Target,921,123,68,,,,3.9703898888888887,16.326014444444446,80.19504011111111,1794.615668888889,5.90915811111111,5.6131577777777775,1.298026777777778,Soft-Speed Separation,0,pitch_type_specific,Changeup
"Baird, Dustin",1000027580.0,MIS_MUD,Four-Seam,L,40,20,50.016002951344014,34.806425873083064,45.45312982786572,27.930454290521595,47.09389769844379,40.80155800082561,16.12450925406618,-1.6407678705780668,47.62467156649056,41.61525518788559,1042,333,Low Priority,1286,406,190,5.219876172071963,RHH,Right-Handed Killer,14.368957530864195,13.404188024691356,89.54048,2056.317709876543,5.988174938271605,6.363452222222222,1.8677961728395065,Soft-Speed Separation,0,pitch_type_specific,Four-Seam
"Agosto, Justus",1000116159.0,TRI_VAL,Changeup,R,25,22,52.45058942474588,41.82636182281982,49.26332114416806,49.24284913067864,50.91532168533893,54.135964353237874,68.56421761076837,-1.652000541170871,47.60841010603551,41.559169938306226,1043,141,Development Target,906,122,55,0.687748095134495,Balanced,Balanced Weapon,10.699667846153844,9.631821692307692,81.08072923076924,1721.4955446153845,5.865479846153846,5.659952307692308,1.3823164615384615,Soft-Speed Separation,0,pitch_type_specific,Changeup
"Smith, Ben",814168.0,NEW_ENG23,Slider,L,56,27,45.02844757054262,59.69098283553348,49.427208150039874,50.4206393718452,51.08588876454839,54.73113797237114,71.3684800897364,-1.6586806145085191,47.59873940951507,41.503084688726865,1044,216,Development Target,885,263,97,-3.023123016044672,LHH,Balanced Weapon,0.3145327272727273,11.962784615384615,79.05169356643357,2292.1632706293703,5.390546783216784,4.544609300699301,-1.8185474825174823,Tight High-Spin Breakers,1,pitch_type_specific,Slider
"Whitesell, Max",1000223610.0,FLO_Y'A,Sinker,R,52,33,43.72929677986201,41.272582503428765,42.99228249693204,17.6668536174986,44.693295829149726,32.4249421305893,3.897924845765564,-1.7010133322176841,47.53745462338205,41.446999439147504,1045,172,Low Priority,1469,205,105,0.5014112588901796,Balanced,Balanced Weapon,12.476321149425289,14.140707471264369,89.46755126436781,1918.158379310345,6.35576183908046,5.245847701149425,2.7969310344827587,Soft-Speed Separation,0,pitch_type_specific,Sinker
"Maher, Adam",1000133555.0,TRI_VAL,Changeup,L,26,29,44.80615734216077,59.0501028058292,49.079340981261296,48.12114413909142,50.78999306414503,53.69864497482867,67.55468311833988,-1.7106520828837333,47.52350066991238,41.39091418956814,1046,142,Development Target,926,124,69,-3.1595131922334048,LHH,Balanced Weapon,12.948238017241378,-11.169813189655171,81.49367215517242,1854.0046454310343,6.009606034482759,5.744005172413794,-0.5893578448275862,Soft-Speed Separation,0,pitch_type_specific,Changeup
"Campbell, AJ",1000132168.0,WIN_CIT29,Four-Seam,R,218,161,39.76445943718553,55.417119228026976,44.46025737443796,22.9388670779585,46.173929252314366,37.59143707884594,10.347728547392036,-1.7136718778764077,47.519128933338244,41.33482893998878,1047,334,Low Priority,1375,438,234,2.259497588898072,Balanced,Balanced Weapon,11.42141928870293,8.033278535564854,88.1911960460251,2413.162917573222,5.481140920502092,6.064650878661087,1.6545492887029287,Soft-Speed Separation,0,pitch_type_specific,Four-Seam
"Sparks, Alec",836152.0,GAT_GRI,Four-Seam,R,250,174,48.012618972716346,44.62373312552204,46.99595321855806,36.73583847448121,48.71579274099036,46.46096863739583,36.203028603477286,-1.7198395224323022,47.510200076463306,41.27874369040942,1048,335,Low Priority,1129,345,187,-0.2783377043858053,Balanced,Balanced Weapon,17.113119260780287,4.290049445585216,91.09645427104724,2176.8441051334703,5.950344804928132,7.110277166324435,0.7381552977412731,Soft-Speed Separation,0,pitch_type_specific,Four-Seam
"Long, Maddox",1000248716.0,WAS_WIL3,Slider,L,88,45,58.83340560761585,41.31066875655543,53.57658455229772,72.46214245653393,55.30088071747816,69.4388531239104,97.39203589455973,-1.7242961651804407,47.50374822521275,41.22265844083006,1049,217,Development Target,492,180,54,9.42012310112959,RHH,Right-Handed Killer,2.8225514666666665,-8.621003333333334,82.76038799999999,2597.513281777778,5.5207641333333335,5.857793066666667,1.5228258222222222,Tight High-Spin Breakers,1,pitch_type_specific,Slider
"Martzolf, Max",10998500.0,JOL_SLA,Sinker,R,175,103,51.1284965021683,39.08107575636593,47.51427027842759,39.3157599551318,49.24274836533464,48.29971787034989,46.0179472798654,-1.728478086907053,47.49769408570768,41.1665731912507,1050,173,Low Priority,1083,131,68,-2.054226161149081,Balanced,Balanced Weapon,10.219884896142432,-19.62489237388724,84.93378816023738,2134.816938575668,5.478138130563798,4.834075192878338,-1.4939922255192877,Tight High-Spin Breakers,1,pitch_type_specific,Sinker
"Anglin, Mack",683084.0,WAS_WIL3,Slider,R,47,15,47.47756044419545,67.45489982086275,53.47076225719563,72.01346045989905,55.20662661389695,69.1099645939163,97.08356702187324,-1.7358643567013203,47.48700103340302,41.110487941671344,1051,218,Development Target,500,184,128,,,,-0.0612577611940298,-12.977403134328355,83.15633597014926,2583.3788597014927,5.445195373134328,5.88486,1.6342076119402986,Tight High-Spin Breakers,1,pitch_type_specific,Slider
"Kaftan, Eddie",1000557510.0,FLO_Y'A,Sinker,R,73,47,40.98834106459717,43.34808409752262,41.6962639744748,13.067863151991029,43.43791087049801,28.04442501844097,1.3180033651149747,-1.7416468960232052,47.47862969074361,41.054402692091976,1052,174,Low Priority,1551,228,116,0.9799154302234144,Balanced,Balanced Weapon,7.365577890625,13.63220859375,85.993164609375,2034.82365703125,5.43450140625,5.7283247656250005,1.81914140625,Soft-Speed Separation,0,pitch_type_specific,Sinker
"Thompson, Ross",1000103401.0,SCH_BOO,Changeup,L,87,20,46.04537540579755,53.79931593077006,48.3715575632893,44.53168816601234,50.11656277043674,51.34878973313729,61.74985978687605,-1.745005207147436,47.473767886679184,40.99831744251262,1053,143,Development Target,990,135,76,,,,6.359660784313725,9.113684607843137,80.87159588235295,1202.063351764706,5.740761470588236,5.40290862745098,2.5020768627450978,Soft-Speed Separation,0,pitch_type_specific,Changeup
"Maher, Adam",1000133555.0,TRI_VAL,Four-Seam,L,95,89,52.19216078490874,43.863370801545685,49.69352378989982,51.93494111048794,51.44077222724717,55.96946177930927,74.39708356702187,-1.747248437347352,47.47052037764861,40.94223219293326,1054,336,Development Target,858,236,106,-0.2183081134240438,Balanced,Balanced Weapon,20.357626927899688,-9.685269090909092,87.77975219435737,2075.724796865204,5.852763887147336,5.840923072100314,-0.5103787774294671,Soft-Speed Separation,0,pitch_type_specific,Four-Seam
"Townes, Holland",830218.0,SCH_BOO,Sinker,R,65,49,40.85584835153455,54.92351235138291,45.07614755148905,26.135726303982054,46.83366677570552,39.89351302043214,13.712843522153673,-1.7575192242164661,47.455651429686995,40.88614694335389,1055,175,Low Priority,1318,172,86,3.154131115082741,RHH,Balanced Weapon,12.975615317460315,15.3915026984127,92.28470873015873,2243.667537301588,5.201172619047619,5.89270746031746,2.478299523809524,Soft-Speed Separation,0,pitch_type_specific,Sinker
"Floyd, Conner",1000161370.0,QUE_CAP,Four-Seam,R,233,138,48.96869687761119,49.98442760413255,49.27341609556759,49.29893438025799,51.04562630605893,54.59064689258341,70.52720134604598,-1.7722102104913375,47.434383389252545,40.83006169377454,1056,337,Development Target,905,251,140,0.136225648747974,Balanced,Balanced Weapon,20.45522706263499,10.86152626349892,92.7103689848812,2409.514846436285,5.549675334773218,5.905753174946004,2.7343869546436284,Soft-Speed Separation,0,pitch_type_specific,Four-Seam
"McEvoy, Aidan",1000079355.0,FLO_Y'A,Four-Seam,L,36,20,53.32888177322013,36.242354572306006,48.202923612945895,43.35389792484576,49.97601782639635,50.85837479853742,58.91755468311835,-1.773094213450456,47.43310362420976,40.77397644419518,1057,338,Development Target,1011,293,131,6.422380959001046,RHH,Right-Handed Killer,14.367143333333336,-14.952043174603174,90.06132841269842,1966.7459269841268,6.446223492063492,5.253647619047619,-2.438282063492064,Soft-Speed Separation,0,pitch_type_specific,Four-Seam
"Campbell, Tyler",809429.0,MIS_MUD,Slider,L,133,110,49.92739003365373,60.328902279932336,53.04784370753731,70.05047672462142,54.8228603931882,67.77085782408159,95.37296690970275,-1.7750166856508898,47.430320474343034,40.71789119461582,1058,219,Development Target,535,198,63,-5.459965020476759,LHH,Left-Handed Killer,7.319958933333334,4.603849733333333,73.90800416666666,2195.7450966666665,5.709346966666667,4.579048866666667,-2.7301577333333333,Tight High-Spin Breakers,1,pitch_type_specific,Slider
"Vega, Lucas",837223.0,TRO_AIG,Sinker,L,143,87,43.43059488189966,43.63356351292146,43.4914854712062,19.461581604038138,45.26653344923145,34.425186905540315,6.029164329781268,-1.7750479780252562,47.430275172586505,40.661805945036456,1059,176,Low Priority,1437,197,97,2.2153049064787567,Balanced,Balanced Weapon,9.053148599221789,14.613986031128404,89.56236505836576,2018.2296354085604,6.10487093385214,5.193540700389105,2.354034357976654,Soft-Speed Separation,0,pitch_type_specific,Sinker
"Marklund, Brandon",647282.0,OTT_TIT,Slider,L,52,19,58.26829632348617,46.298812123977314,54.67745106363351,76.38810992708918,56.452660331779605,73.45785165906081,99.0185081323612,-1.7752092681460923,47.4300416739808,40.605720695457094,1060,220,Development Target,422,160,45,5.230787965903772,RHH,Right-Handed Killer,6.360011370967742,-14.17492435483871,79.64491620967742,2707.040933870968,4.872112016129032,5.508189596774193,2.485900483870968,Tight High-Spin Breakers,1,pitch_type_specific,Slider
"Pindel, Buddie",1000054422.0,SCH_BOO,Four-Seam,R,339,239,46.52545802211127,46.303567805638615,46.45889095716947,33.93157599551318,48.24934420458685,44.83335172071187,29.41671340437465,-1.7904532474173749,47.40797306936451,40.54963544587773,1061,339,Low Priority,1179,367,197,-1.055687170365914,Balanced,Balanced Weapon,16.02502324546952,13.560241993410214,89.714436276771,2188.343965403624,5.664686787479407,5.871017067545305,2.486151911037892,Soft-Speed Separation,0,pitch_type_specific,Four-Seam
"Noriega, Branden",804447.0,LAK_ERI24,Curveball,R,79,12,53.896061724416114,41.3967667747514,50.146273239516695,54.23443634324173,51.94718686428981,57.73653567016597,78.04262478968032,-1.8009136247731163,47.39282965255103,40.49355019629837,1062,116,Development Target,817,99,57,-2.736639402724272,Balanced,Balanced Weapon,-9.39469703125,7.534413828125,79.290481484375,2847.471871875,5.271383203125,5.80382625,-1.037413125,Tight High-Spin Breakers,1,pitch_type_specific,Curveball
"Villalobos, Jonaiker",665690.0,FLO_Y'A,Changeup,L,48,94,49.71126656418485,44.881407257591,48.26230877220669,43.69040942232193,50.06602013147487,51.17242718128437,60.65619742007852,-1.8037113592681848,47.38877939144176,40.43746494671902,1063,144,Development Target,1005,137,77,1.501529834659408,Balanced,Balanced Weapon,7.780745577689243,-13.238063944223107,80.17491665338646,1579.3388334661354,5.83867088,5.761959721115538,-1.3637109163346617,Tight High-Spin Breakers,1,pitch_type_specific,Changeup
"Valdez, Alex",677678.0,EVA_OTT,Four-Seam,R,121,77,43.61695370932839,51.91997466027967,46.107859994613776,32.192933258553005,47.92442379821416,43.69958044968246,23.696017947279863,-1.8165638036003813,47.37017299561344,40.38137969713965,1064,340,Low Priority,1210,379,201,1.1286398261245267,Balanced,Balanced Weapon,13.146126851851852,5.913343703703704,91.66171462962964,2159.3730041666668,5.946287083333334,5.904294259259259,1.861902962962963,Soft-Speed Separation,0,pitch_type_specific,Four-Seam
"Lovell, Justin",822485.0,WIN_CIT29,Cutter,R,42,13,47.67202369679762,42.250265030484606,46.04549609690372,31.688166012338755,47.86347786532707,43.4869168359536,23.16320807627594,-1.8179817684233512,47.368120217629354,40.32529444756029,1065,49,Low Priority,1219,57,32,,,,10.452687727272728,-8.715219545454545,91.2530453030303,2267.6701424242424,6.3838290909090905,5.0895360606060605,-2.8180004545454547,Soft-Speed Separation,0,pitch_type_specific,Cutter
"Leak, Anthony",1000264276.0,NEW_YOR13,Slider,L,105,81,58.470155408602224,37.54839868239996,52.19362839074154,64.77846326416153,54.03104598966676,65.00791525386279,91.39091418956814,-1.8374175989252208,47.33998309863293,40.269209197980935,1066,221,Development Target,629,211,69,11.462194659955536,RHH,Right-Handed Killer,4.71437083076923,-6.451093107692307,82.93379338461538,2296.258672,5.8038599692307695,5.502185046153846,1.7954796000000002,Tight High-Spin Breakers,1,pitch_type_specific,Slider
"McEvoy, Aidan",1000079355.0,FLO_Y'A,Cutter,R,58,33,54.1345360521631,40.18067565165902,49.94837793201187,53.33707234997196,51.804024819182,57.23698867138843,76.9209197980931,-1.8556468871701242,47.313592682616616,40.21312394840157,1067,50,Development Target,833,37,19,-1.2988894351319755,Balanced,Balanced Weapon,7.934818256880733,0.7641288073394495,83.3030028440367,2153.467355963303,6.159587889908257,4.934870917431192,-2.570619082568807,Soft-Speed Separation,0,pitch_type_specific,Cutter
"Perdomo, Rafael",1000557553.0,QUE_CAP,Four-Seam,L,124,80,45.770674684265806,53.60178791536448,48.120008653595406,43.07347167694896,49.9835403302296,50.88462368461866,59.08581043185642,-1.8635316766341958,47.30217792679278,40.15703869882221,1068,341,Development Target,1016,294,132,1.4934451041972494,Balanced,Balanced Weapon,20.1606650990099,11.040414455445545,89.08410371287128,2308.698031188119,5.845425594059406,6.095003465346535,1.4802983168316832,Soft-Speed Separation,0,pitch_type_specific,Four-Seam
"Noble, Nick",1000397875.0,FDU_KNI,Changeup,L,46,23,41.93421757114622,64.90547649202279,48.82559524740918,46.94335389792485,50.70084132114052,53.3875605276894,66.76948962422883,-1.87524607373134,47.285219074169426,40.10095344924285,1069,145,Development Target,947,128,71,-7.617360169285405,LHH,Left-Handed Killer,0.1866509859154929,17.648167746478872,77.31426,1611.7838492957746,4.998100985915492,4.158600845070423,1.900377183098592,Tight High-Spin Breakers,1,pitch_type_specific,Changeup
"Thornton, Tyler",1000429124.0,NEW_ENG23,Sinker,R,97,58,33.72535433191638,54.018093084449205,39.81317595767622,8.132361189007291,41.70677909888612,22.00384575495038,0.0841278743690409,-1.8936031412099013,47.258643673029766,40.04486819966348,1070,177,Low Priority,1639,255,134,3.016497471516644,RHH,Balanced Weapon,9.031034316939891,14.108636448087433,84.38957803278689,1962.0086546448088,5.35584961748634,6.131741693989071,1.9423378142076504,Soft-Speed Separation,0,pitch_type_specific,Sinker
"Vitas, Ben",1000076969.0,JOL_SLA,Sinker,R,146,98,45.412948409975286,41.66743601816225,44.289294692431376,22.37801458216489,46.19313704974076,37.65846041279076,10.572069545709478,-1.9038423573093866,47.24382042985559,39.98878295008413,1071,178,Low Priority,1385,185,94,1.5497531370557311,Balanced,Balanced Weapon,14.749650236486485,17.646672195945946,90.18214493243244,2179.213839864865,5.110818277027027,5.563352398648649,1.6489700675675676,Soft-Speed Separation,0,pitch_type_specific,Sinker
"Floyd, Conner",1000161370.0,QUE_CAP,Four-Seam,L,227,138,48.96869687761119,49.53034210830597,49.137190446819616,48.681996634885024,51.04562630605893,54.59064689258341,70.52720134604598,-1.9084358592393116,47.23717044850284,39.93269770050477,1072,342,Development Target,916,255,114,0.136225648747974,Balanced,Balanced Weapon,20.45522706263499,10.86152626349892,92.7103689848812,2409.514846436285,5.549675334773218,5.905753174946004,2.7343869546436284,Soft-Speed Separation,0,pitch_type_specific,Four-Seam
"Hopewell, Chase",803045.0,FLO_Y'A,Slider,R,112,34,46.5572796511965,59.76656156783555,50.52006422618822,55.97307908020191,52.43703445249152,59.44580080646868,81.07122826696579,-1.9169702263032988,47.224815303626706,39.87661245092541,1073,222,Development Target,786,238,154,5.28268212181117,RHH,Right-Handed Killer,0.4323750310559006,-2.078667950310559,81.07329322981366,1912.4833329192547,6.151415155279503,6.598520434782608,0.7832764596273292,Tight High-Spin Breakers,1,pitch_type_specific,Slider
"Peters, Garrett",833402.0,NEW_YOR13,Changeup,R,476,200,48.2380527484315,49.091779130555416,48.49417066306867,45.316881660123386,50.41888351869503,52.40370217411896,63.34828939988783,-1.9247128556263604,47.213606352067515,39.820527201346046,1074,146,Development Target,976,133,59,1.6337578698907933,Balanced,Balanced Weapon,12.037377540983606,-14.182308688524593,80.09260162295081,1850.2219836065567,5.958938505747127,5.685931196721311,-2.506887770491803,Tight High-Spin Breakers,1,pitch_type_specific,Changeup
"Joven, Art",1000048892.0,MIS_MUD,Changeup,R,369,162,45.16459474672071,46.87479795338188,45.67765570871906,29.220415030846887,47.6114956158653,42.607654623898426,20.947840717891197,-1.9338399071462433,47.20039318195489,39.764441951766685,1075,147,Low Priority,1263,176,79,1.7470779374206415,Balanced,Balanced Weapon,5.189333619631902,-15.52701991820041,81.598094601227,1807.213602453988,5.252220306748466,5.080659018404908,-2.2088195910020447,Tight High-Spin Breakers,1,pitch_type_specific,Changeup
"Villalobos, Jonaiker",665690.0,FLO_Y'A,Curveball,L,81,43,48.65728726696501,45.14022072561945,47.60216730456134,39.820527201346046,49.54588776286134,49.3574868909842,52.52383623107123,-1.9437204582999996,47.18608917557158,39.708356702187324,1076,117,Low Priority,1074,124,59,-2.7596271398223,Balanced,Balanced Weapon,-4.924808361581921,5.094036949152542,74.92590655367232,2262.806137288136,5.331693841807909,5.831377175141243,-1.2354120903954802,Tight High-Spin Breakers,1,pitch_type_specific,Curveball
"Maher, Adam",1000133555.0,TRI_VAL,Four-Seam,R,224,89,52.19216078490874,43.13567709013221,49.47521567647578,50.701065619742,51.44077222724717,55.96946177930927,74.39708356702187,-1.965556550771396,47.15447721372486,39.65227145260796,1077,343,Development Target,880,242,134,-0.2183081134240438,Balanced,Balanced Weapon,20.357626927899688,-9.685269090909092,87.77975219435737,2075.724796865204,5.852763887147336,5.840923072100314,-0.5103787774294671,Soft-Speed Separation,0,pitch_type_specific,Four-Seam
"Delaney, Carter",1000039247.0,WIN_CIT29,Curveball,R,62,17,44.9229004801321,53.849166277029,47.60078021920117,39.764441951766685,49.567957374625145,49.43449618707585,52.74817722938867,-1.9671771554239754,47.15213107544425,39.59618620302861,1078,118,Low Priority,1075,125,66,4.678222809172752,RHH,Balanced Weapon,-5.378790208333334,-6.9046090625000005,79.90533739583333,2257.893857291667,5.557033541666667,5.683299062500001,1.6897628125,Tight High-Spin Breakers,1,pitch_type_specific,Curveball
"Fowler, Dalton",687096.0,SUS_COU1,Sinker,R,25,10,43.52234484231751,43.37366393256528,43.47774056939184,19.34941110487941,45.45368033486635,35.07821379530757,7.094784071789119,-1.9759397654745072,47.139445504756274,39.54010095344924,1079,179,Low Priority,1439,199,101,-0.9499656227896268,Balanced,Balanced Weapon,11.292066666666669,-12.855744705882351,91.4347325490196,2160.1096549019608,5.53919705882353,6.668691960784314,-1.388985294117647,Soft-Speed Separation,0,pitch_type_specific,Sinker
"Petery, Dylan",10998503.0,WIN_CIT29,Curveball,R,63,19,46.8464206885396,43.99184174076511,45.990047004207256,31.35165451486259,47.97181267458035,43.86493832052276,24.87380818844644,-1.9817656703730933,47.131011382047824,39.484015703869886,1080,119,Low Priority,1225,134,71,4.0071563665439385,RHH,Balanced Weapon,-6.845851170212765,-14.64764585106383,74.4368610638298,2561.310630851064,5.5383010638297865,5.03066744680851,1.598004255319149,Tight High-Spin Breakers,1,pitch_type_specific,Curveball
"Okumura, Shuto",1000232749.0,WAS_WIL3,Four-Seam,L,25,22,43.53116828697205,34.584249518691514,40.84709265648789,10.88053841839596,42.84810709296983,25.986374599351382,0.7571508693213684,-2.0010144364819453,47.10314507489481,39.427930454290525,1081,344,Low Priority,1590,516,247,5.097502716278079,RHH,Right-Handed Killer,6.063611166666666,7.5925785,75.28482183333334,1756.9534733333337,5.557541333333333,3.995071833333333,2.741205,Tight High-Spin Breakers,1,pitch_type_specific,Four-Seam
"Kostura, Brit",1000146015.0,WAS_WIL3,Four-Seam,R,51,32,49.486590605362125,44.25941561345237,47.9184381077892,41.95176668536176,49.921016279222414,50.66645341463871,58.07627593942794,-2.002578171433214,47.10088126649215,39.37184520471116,1082,345,Development Target,1036,302,168,1.123700703025257,Balanced,Balanced Weapon,16.44078246753247,-14.498382467532467,85.25911961038962,2068.7877987012985,5.65553987012987,5.240612337662338,-1.535087012987013,Soft-Speed Separation,0,pitch_type_specific,Four-Seam
"Serrano, Elio",665939.0,NEW_JER6,Four-Seam,L,318,218,46.13593559285077,50.63538623412072,47.48577078523175,38.92316320807628,49.496085155535575,49.18370659186828,50.84127874369041,-2.010314370303824,47.08968162425503,39.3157599551318,1083,346,Low Priority,1090,328,150,1.9841766287416505,Balanced,Balanced Weapon,17.394765534482758,10.664191413793104,91.19447394827586,2454.746465344828,5.748319793103448,5.7469220517241375,1.7857085172413791,Soft-Speed Separation,0,pitch_type_specific,Four-Seam
"Campbell, AJ",1000132168.0,WIN_CIT29,Cutter,L,44,30,51.12348018690171,41.66338667513922,48.28545213337296,43.97083567021873,50.305467429586336,52.00795016537482,62.95569265283231,-2.02001529621338,47.07563766011023,39.25967470555244,1084,51,Development Target,1000,49,21,1.562492372786437,Balanced,Balanced Weapon,8.245025,0.5809467346938776,84.36201469387755,2506.7957387755105,5.169631428571428,6.018020816326531,1.783474081632653,Tight High-Spin Breakers,1,pitch_type_specific,Cutter
"Eldred, Zach",1000227712.0,NEW_ENG23,Changeup,L,35,16,48.54005678211293,43.89533359079741,47.14663982471826,37.184520471116095,49.17587756319483,48.06638012716783,45.03645541222659,-2.0292377384765743,47.062286393470394,39.20358945597308,1085,148,Low Priority,1121,153,86,,,,10.562012884615385,7.81487,84.19511384615384,1673.9735923076923,6.276053461538462,5.958203076923078,1.4478094230769232,Soft-Speed Separation,0,pitch_type_specific,Changeup
"Marynczak, Arlo",837346.0,TRI_VAL,Curveball,R,35,15,47.06740466406985,46.38648262809647,46.86312805327783,36.17498597868761,48.903425131509294,47.115689638947615,39.93269770050477,-2.040297078231461,47.046275862884876,39.14750420639372,1086,120,Low Priority,1139,128,68,,,,-2.611284915254237,-13.926234067796612,76.34092627118645,2177.9702220338986,5.710952881355932,5.7189862711864405,2.7944632203389834,Tight High-Spin Breakers,1,pitch_type_specific,Curveball
"Snyder, Jack",801389.0,SCH_BOO,Slider,L,31,35,54.14196572256032,44.80704261077391,51.3414887890244,60.57206954570948,53.38659888324925,62.75919341114748,87.29669097027481,-2.045110094224846,47.03930809252258,39.09141895681436,1087,223,Development Target,704,222,74,0.7061130152900148,Balanced,Balanced Weapon,4.464639711538461,-5.496520480769231,83.61455586538462,2478.456,5.191754326923077,5.552360673076923,1.5729418269230768,Tight High-Spin Breakers,1,pitch_type_specific,Slider
"Webster, Evan",804248.0,FLO_Y'A,Slider,R,38,23,58.464294959883176,37.142740286442745,52.06782855785104,64.16152551878855,54.11903779048042,65.31495222012289,91.83959618620304,-2.0512092326293825,47.0304784115348,39.035333707235,1088,224,Development Target,640,214,144,-6.966944676621615,LHH,Reverse Split Weapon,3.178170504201681,0.9298634453781512,81.36368957983194,1949.2987697478995,6.828028655462185,5.812978151260505,-2.6038528571428574,Soft-Speed Separation,0,pitch_type_specific,Slider
"Hickey, Matt",806277.0,GAT_GRI,Four-Seam,R,44,38,50.43913918860687,37.57046673168671,46.57853745153082,34.66068424004487,48.63031602956669,46.162707777648336,34.015703869882216,-2.051778578035872,47.02965417408063,38.979248457655636,1089,347,Low Priority,1166,361,193,-3.5516556341618326,LHH,Balanced Weapon,16.297071965811966,11.503638547008547,90.05108444444444,2309.630995726496,5.509888461538462,5.809366324786325,2.2548472649572653,Soft-Speed Separation,0,pitch_type_specific,Four-Seam
"Pardinho, Eric",672078.0,OTT_TIT,Four-Seam,L,241,169,48.989716298359184,46.41290339223595,48.21667242652221,43.46606842400449,50.26987298922141,51.88374758190325,62.73135165451487,-2.053200562699203,47.02759557660113,38.923163208076275,1090,348,Development Target,1009,292,130,0.5011698736439527,Balanced,Balanced Weapon,19.111498673913044,12.938657717391305,92.7295870652174,2230.618384565217,5.457704304347826,5.623857152173914,1.1896288695652175,Soft-Speed Separation,0,pitch_type_specific,Four-Seam
"Jones, Breyln",690202.0,NEW_JER6,Cutter,R,46,15,40.79981705686227,54.88410309577964,45.02510286853747,25.68704430734717,47.08688328991897,40.77708205313896,15.9562535053281,-2.061780421381499,47.015174573820055,38.867077958496914,1091,52,Low Priority,1326,64,35,3.9795547162815694,RHH,Balanced Weapon,8.47305986111111,-0.1121236111111111,87.15544666666666,2061.022748611111,5.849296527777778,5.760559305555556,1.462291111111111,Soft-Speed Separation,0,pitch_type_specific,Cutter
"Webster, Evan",804248.0,FLO_Y'A,Four-Seam,R,436,231,52.00857551967236,38.15888746904796,47.85366910448504,41.67134043746495,49.91767311215355,50.65478782915197,57.851934941110486,-2.0640040076685082,47.01195550314796,38.81099270891755,1092,349,Development Target,1041,305,170,-3.440440971967007,LHH,Balanced Weapon,16.4507839968652,-10.931734921630095,89.07121219435737,1966.0668730407524,6.812485125391849,5.986577021943574,-2.439433777429467,Soft-Speed Separation,0,pitch_type_specific,Four-Seam
"Eisenbarger, Jack",1000570067.0,QUE_CAP,Four-Seam,L,204,111,49.81336704951739,48.46383964947789,49.408508829505536,50.25238362310712,51.47974729877883,56.10546067479947,74.62142456533931,-2.071238469273297,47.00148222252177,38.75490745933819,1093,350,Development Target,888,245,110,-0.9807637493274656,Balanced,Balanced Weapon,18.883517216748768,-13.79309684729064,89.99613221674878,2545.312003940887,5.78132327586207,5.911668472906404,-1.9133176600985224,Soft-Speed Separation,0,pitch_type_specific,Four-Seam
"Helt, Robert",836007.0,LAK_ERI24,Four-Seam,L,247,160,43.86410342961033,51.14721059158855,46.04903557820379,31.74425126191812,48.1212021289709,44.38621512635222,27.790241166573196,-2.0721665507671077,47.00013864528553,38.69882220975883,1094,351,Low Priority,1218,381,179,1.1158740106221856,Balanced,Balanced Weapon,14.876815551102204,7.040963106212425,91.4714414028056,2284.495998797596,6.306986432865731,6.641070761523046,1.7660760120240482,Soft-Speed Separation,0,pitch_type_specific,Four-Seam
"Moore, Kyle",1000517760.0,SCH_BOO,Sinker,L,48,31,40.709043252576464,46.186508483819445,42.35228282194936,15.199102636006732,44.43454172150776,31.52205032154479,3.168816601233875,-2.082258899558404,46.985528020909754,38.64273696017948,1095,180,Low Priority,1513,220,110,-4.051870641076519,LHH,Balanced Weapon,14.581619175257732,14.601898969072163,87.75797041237114,2158.83616185567,4.774774948453608,6.286691340206186,1.8557780412371128,Soft-Speed Separation,0,pitch_type_specific,Sinker
"Hagan, Jack",699522.0,DOW_EAS1,Sinker,R,164,114,47.794681083425225,41.81401921758655,46.00048252367362,31.46382501402132,48.09936905578949,44.31003120362569,27.453729669097022,-2.09888653211587,46.9614563108867,38.58665171060011,1096,181,Low Priority,1223,153,77,-1.4129260043214558,Balanced,Balanced Weapon,10.487125558739256,16.56528782234957,91.46259269340976,2388.8550851002865,6.0459539367816095,5.7880649283667625,1.974720544412608,Soft-Speed Separation,0,pitch_type_specific,Sinker
"Snyder, Jack",801389.0,SCH_BOO,Four-Seam,L,98,62,48.17661190318035,45.95803618202206,47.51103918683286,39.20358945597308,49.61008008848414,49.581478407627245,53.75771172181716,-2.0990409016512785,46.961232831165226,38.53056646102075,1097,352,Low Priority,1085,326,148,2.3617200985175515,Balanced,Balanced Weapon,16.87259644808743,4.778641967213115,90.20808289617489,2451.221079781421,5.741487103825137,5.638766010928962,1.5249929508196722,Soft-Speed Separation,0,pitch_type_specific,Four-Seam
"Foltz Jr., Michael",803189.0,WAS_WIL3,Curveball,L,70,14,46.25883577240361,51.92866753591399,47.95978530145672,42.12002243409983,50.06047315434749,51.153071661640965,60.48794167134044,-2.100687852890772,46.9588485511108,38.47448121144139,1098,121,Development Target,1033,118,57,-0.6401063731270256,Balanced,Balanced Weapon,-6.047064476190476,4.64855,79.26583095238095,2305.705863809524,5.394437019230769,5.871080666666667,-1.622696380952381,Tight High-Spin Breakers,1,pitch_type_specific,Curveball
"Milburn, Isaac",830926.0,FLO_Y'A,Four-Seam,R,206,126,46.59542598480369,42.798160647849365,45.45624638371739,27.98653954010096,47.55695765814204,42.41735088047541,20.38698822209759,-2.100711274424647,46.95881464391626,38.41839596186203,1099,353,Low Priority,1285,405,216,-2.375901239845767,Balanced,Balanced Weapon,11.87499875,-9.23263678125,87.7785168125,2113.8954209375,5.5448633125,5.72600353125,-1.6699579375,Soft-Speed Separation,0,pitch_type_specific,Four-Seam
"Tomczak, Anthony",687088.0,EVA_OTT,Sinker,L,105,50,48.18002254476528,41.17005703646099,46.077032892273984,31.96859226023556,48.187618468450346,44.61796707591232,28.46326416152552,-2.110585576176362,46.944519684749594,38.36231071228267,1100,182,Low Priority,1214,151,75,2.290995050475594,Balanced,Balanced Weapon,12.495958905472635,17.045318059701493,93.4356975124378,2292.6763925373134,5.995034427860696,5.3990846268656725,1.7704592537313433,Soft-Speed Separation,0,pitch_type_specific,Sinker
"Kalisky, Jack",1000571646.0,OTT_TIT,Four-Seam,L,31,39,49.78795178334893,34.39457375195869,45.169938373931856,26.36006730229949,47.29148102529238,41.491001616005605,17.86315199102636,-2.121542651360521,46.92865720188426,38.30622546270331,1101,354,Low Priority,1314,417,196,10.380488625806649,RHH,Right-Handed Killer,13.402519595959596,7.7175198989899,88.39357666666666,2398.2053090909094,5.763868686868688,6.014782525252525,2.51981,Soft-Speed Separation,0,pitch_type_specific,Four-Seam
"Brodsky, Jack",1000302079.0,WAS_WIL3,Four-Seam,L,270,166,50.1834471412594,38.21904018418107,46.5941250541359,34.88502523836231,48.73294555349401,46.52082134486687,36.707795849691536,-2.1388204993581112,46.903644179412,38.25014021312395,1102,355,Low Priority,1162,359,168,6.22607766696315,RHH,Right-Handed Killer,14.950709260089686,6.296376569506727,89.84890410313902,2152.5796932735425,6.274722511210762,5.444961210762331,1.5998584977578474,Soft-Speed Separation,0,pitch_type_specific,Four-Seam
"Hill, Kaleb",1000371973.0,OTT_TIT,Sinker,R,341,190,41.45255116731536,37.36706603474928,40.226905627545534,9.197980931015143,42.378754377533255,24.348623893933237,0.3084688726864835,-2.151848749987721,46.88478327000835,38.19405496354459,1103,183,Low Priority,1620,248,129,-2.563151769112629,Balanced,Balanced Weapon,10.344059821782178,-15.41735803960396,89.68617601980198,1869.240663960396,5.5446264950495046,6.259000594059407,-2.9697154257425744,Soft-Speed Separation,0,pitch_type_specific,Sinker
"Nova, Fraynel",805843.0,LAK_ERI24,Sinker,L,102,47,41.47687658950338,44.24896169421146,42.30850212091581,15.030846887268648,44.46602960697729,31.631923568132663,3.280987100392597,-2.1575274860614755,46.87656220260188,38.13796971396523,1104,184,Low Priority,1516,221,111,2.446126324418749,Balanced,Balanced Weapon,9.2169225,13.370654357142858,90.30121392857144,2043.264926428572,6.066611071428572,5.629312142857143,1.6013484285714286,Soft-Speed Separation,0,pitch_type_specific,Sinker
"Whitesell, Max",1000223610.0,FLO_Y'A,Slider,L,52,53,56.535618296981085,41.80142331539616,52.1153598025056,64.32978126752664,54.27651183545984,65.86443924718785,92.90521592821088,-2.1611520329542415,46.87131497083475,38.081884464385865,1105,225,Development Target,637,213,70,10.193297105433906,RHH,Right-Handed Killer,6.262529213483146,-4.605104494382022,80.32417005617977,2066.0261382022472,6.319276292134831,5.04355,2.960118539325843,Tight High-Spin Breakers,1,pitch_type_specific,Slider
"Noriega, Branden",804447.0,LAK_ERI24,Sinker,R,56,28,48.577790803541006,41.18731246812094,46.36064730291498,33.370723499719574,48.53294045745188,45.82292725294594,32.83791362871565,-2.172293154536902,46.855186045256055,38.025799214806504,1106,185,Low Priority,1189,146,74,-2.886702880752935,Balanced,Balanced Weapon,13.039235576923078,-15.441399423076923,90.24234105769231,2200.1523125,6.208928365384616,5.816364615384615,-0.9114426923076924,Soft-Speed Separation,0,pitch_type_specific,Sinker
"Eckaus, David",824671.0,EVA_OTT,Four-Seam,L,136,85,48.66242126330605,45.8973297352197,47.83289380488014,41.446999439147504,50.02399225256652,51.02577587606,59.7027481772294,-2.191098447686379,46.82796175087571,37.96971396522715,1107,356,Development Target,1045,307,137,-0.2114247732941834,Balanced,Balanced Weapon,15.109601078066914,-11.371911040892194,91.14497081784388,2345.842753903345,6.122154423791821,5.752761933085502,-1.1335076579925651,Soft-Speed Separation,0,pitch_type_specific,Four-Seam
"Whitesell, Max",1000223610.0,FLO_Y'A,Sinker,L,35,33,43.72929677986201,39.60121164046152,42.49087123804186,15.872125630959058,44.693295829149726,32.4249421305893,3.897924845765564,-2.2024245911078637,46.811564970445346,37.91362871564778,1108,186,Low Priority,1501,216,108,0.5014112588901796,Balanced,Balanced Weapon,12.476321149425289,14.140707471264369,89.46755126436781,1918.158379310345,6.35576183908046,5.245847701149425,2.7969310344827587,Soft-Speed Separation,0,pitch_type_specific,Sinker
"Miranda, Kevin",806656.0,OTT_TIT,Four-Seam,L,105,81,47.79982070455583,45.85249864104635,47.21562408550298,37.577117218171615,49.43134311545686,48.95779691174531,49.55131800336511,-2.215719029953881,46.792318702179884,37.85754346606842,1109,357,Low Priority,1114,335,154,-0.7832070015433601,Balanced,Balanced Weapon,19.258598904761904,13.350245952380952,87.13499871428573,2158.634217142857,5.765718904761905,5.390678619047619,0.9023038095238096,Soft-Speed Separation,0,pitch_type_specific,Four-Seam
"Good, Ty",688612.0,GAT_GRI,Curveball,R,107,22,47.14468437262646,49.423432273376775,47.828308742851554,41.33482893998878,50.07601983040283,51.20731994622341,60.88053841839596,-2.2477110875512736,46.746004019024376,37.80145821648907,1110,122,Development Target,1047,120,62,3.046266094532932,RHH,Balanced Weapon,-7.823107346938776,-4.578242602040817,74.88335479591836,2127.621610714286,5.641875153061225,6.826984540816326,0.1691146428571428,Tight High-Spin Breakers,1,pitch_type_specific,Curveball
"Cerda, Junior",693702.0,EVA_OTT,Sinker,L,101,82,46.93830871950325,43.06782486466119,45.77716356305063,29.78126752664049,48.03199058066076,44.07492199568294,26.107683679192373,-2.2548270176101326,46.73570233570722,37.7453729669097,1111,187,Low Priority,1253,159,81,-0.2601231248970634,Balanced,Balanced Weapon,11.62633099137931,16.406940862068964,94.17590331896552,2222.0806198275864,5.393307715517241,5.164101206896552,2.1058146120689654,Soft-Speed Separation,0,pitch_type_specific,Sinker
"Hill, Kaleb",1000371973.0,OTT_TIT,Slider,R,112,29,51.50212407240661,44.5788711194088,49.42514818650727,50.36455412226585,51.68021105796298,56.80495521742554,75.91138530566461,-2.2550628714557064,46.73536089170676,37.689287717330345,1112,226,Development Target,886,264,167,-3.615680726626451,LHH,Balanced Weapon,0.5895266875,9.3169589375,78.818257125,2254.1594091875,5.2494838125,6.173772375,-3.046221375,Tight High-Spin Breakers,1,pitch_type_specific,Slider
"Potteiger, Jack",1000095892.0,JOL_SLA,Sinker,L,82,39,40.61795902451863,48.61257536287129,43.016343926024426,17.779024116657318,45.27226266249348,34.44517831658955,6.141334828939988,-2.255918736469056,46.73412186177577,37.63320246775098,1113,188,Low Priority,1467,204,100,-4.815768977556516,LHH,Balanced Weapon,5.7526746451612905,-14.138766387096773,89.6810029032258,1957.961683870968,6.128373483870967,5.402316,-1.7261544516129033,Soft-Speed Separation,0,pitch_type_specific,Sinker
"Calderon, Jean",703300.0,LAK_ERI24,Slider,L,37,11,59.187209514491975,38.86431929250637,53.09034244789629,70.2187324733595,55.34807160108888,69.60352012248286,97.50420639371843,-2.2577291531925923,46.731500933857184,37.577117218171615,1114,227,Development Target,532,196,61,3.996246671121142,RHH,Balanced Weapon,1.284540410958904,-9.690706027397262,86.37330150684932,2592.9492821917806,6.05198397260274,6.015726164383562,1.923070684931507,Tight High-Spin Breakers,1,pitch_type_specific,Slider
"Armstrong, Andrew",803262.0,NEW_YOR13,Slider,L,97,33,49.14111554781881,56.50172482301069,51.34929833037637,60.6842400448682,53.60741445162536,63.52970318126546,89.25967470555244,-2.258116121248989,46.73094072284641,37.52103196859226,1115,228,Development Target,702,221,73,-5.692176149288592,LHH,Left-Handed Killer,2.605674625,7.470146875,80.0321271875,2384.873025,5.9092160625,5.0714755625,-2.419377125,Tight High-Spin Breakers,1,pitch_type_specific,Slider
"Gollert, Harley",1000114236.0,TRO_AIG,Curveball,L,46,39,48.92322311091665,45.29212569860447,47.833893887223,41.50308468872687,50.096704917927966,51.279498108981926,61.21704991587213,-2.2628110307049667,46.7241439345112,37.4649467190129,1116,123,Development Target,1044,119,58,1.6475092111713394,Balanced,Balanced Weapon,-6.012294785276073,6.330526257668712,77.32329521472393,2260.78379202454,4.96678245398773,5.624767852760736,-1.6933766257668712,Tight High-Spin Breakers,1,pitch_type_specific,Curveball
"Thornton, Tyler",1000429124.0,NEW_ENG23,Slider,R,111,51,38.36844608917784,69.45473924101442,47.69433403472881,40.49355019629837,49.972947560678776,50.84766146999067,58.80538418395962,-2.2786135259499645,46.70126677013656,37.40886146943354,1117,229,Development Target,1062,281,172,8.415224737740928,RHH,Right-Handed Killer,2.019594375,-0.5277464204545455,79.64187261363637,1947.9016420454543,4.85361159090909,6.1554931250000005,1.9801255113636365,Tight High-Spin Breakers,1,pitch_type_specific,Slider
"Bihm, Gage",815079.0,MIS_MUD,Four-Seam,R,160,82,48.29362174709782,44.43780761337845,47.13687750698201,37.07234997195737,49.44184832078227,48.99445358138074,49.88782950084128,-2.30497081380026,46.66310950463688,37.35277621985418,1118,358,Low Priority,1123,340,184,-3.829374930853328,LHH,Balanced Weapon,15.175510185185184,-11.049727259259258,91.92057137037035,1939.587363333333,5.419467518518518,6.334530555555555,-1.4807274814814817,Soft-Speed Separation,0,pitch_type_specific,Four-Seam
"Armstrong, Andrew",803262.0,NEW_YOR13,Sinker,R,63,29,46.5736109930032,41.085824430063326,44.92727502412124,25.0701065619742,47.23458851223672,41.29248193064862,17.302299495232752,-2.3073134881154758,46.65971803104017,37.29669097027482,1119,189,Low Priority,1337,177,88,3.2645264714135607,RHH,Balanced Weapon,12.94318525773196,-12.25343412371134,88.67315463917527,2100.5581711340205,6.467617422680412,5.366385360824743,-2.4402448453608248,Soft-Speed Separation,0,pitch_type_specific,Sinker
"Bice, Emmett",828456.0,NEW_YOR13,Slider,L,157,98,56.455859535815904,38.78703179658639,51.15521121404704,59.11385305664611,53.46519384184582,63.03344120955238,88.30622546270331,-2.3099826277987745,46.6558539357611,37.240605720695456,1120,230,Development Target,730,231,79,8.765993058607926,RHH,Right-Handed Killer,2.103521847133758,-2.4949273248407646,82.91882468152866,2371.7109668789813,5.697560095541402,6.025204140127388,1.500562388535032,Tight High-Spin Breakers,1,pitch_type_specific,Slider
"Rohde, Isaac",1000135938.0,NEW_YOR13,Curveball,L,46,12,41.79964703564329,44.31345735304821,42.55379013086476,16.040381379697138,44.87441956839159,33.05695196446321,4.48681996634885,-2.3206294375268257,46.64044062207628,37.184520471116095,1121,124,Low Priority,1498,169,81,,,,-3.961201851851852,10.687325,70.93915925925927,2456.2558425925927,5.899854444444444,4.390896481481481,-3.1212166666666668,Tight High-Spin Breakers,1,pitch_type_specific,Curveball
"Agosto, Justus",1000116159.0,TRI_VAL,Changeup,L,40,22,52.45058942474588,39.53386817237149,48.575573049033565,45.65339315759955,50.91532168533893,54.135964353237874,68.56421761076837,-2.339748636305366,46.612761888661915,37.12843522153674,1122,149,Development Target,970,131,74,0.687748095134495,Balanced,Balanced Weapon,10.699667846153844,9.631821692307692,81.08072923076924,1721.4955446153845,5.865479846153846,5.659952307692308,1.3823164615384615,Soft-Speed Separation,0,pitch_type_specific,Changeup
"Hicks, Jackson",703104.0,DOW_EAS1,Slider,R,74,27,48.18487114059713,53.56363840005432,49.79850131843429,52.607964105440274,52.14138237871348,58.41415791517754,79.16432978126753,-2.34288106027919,46.608227099881454,37.07234997195737,1123,231,Development Target,846,251,162,5.745719326294633,RHH,Right-Handed Killer,2.3563193965517244,-1.0359124137931035,79.97272956896552,2195.1752689655173,5.232338189655173,5.843667327586207,1.2643851724137931,Tight High-Spin Breakers,1,pitch_type_specific,Slider
"Gilleran, Jimmy",10103730.0,NEW_ENG23,Four-Seam,R,67,32,38.76751624243877,61.69243392135057,45.64499154611231,28.65956253505328,47.99397105451988,43.94225736264895,25.322490185081325,-2.3489795084075737,46.599398418201744,37.01626472237802,1124,359,Low Priority,1273,399,211,4.348366521995168,RHH,Balanced Weapon,16.01423350877193,13.851480877192982,88.31502517543859,2163.424663157895,5.63288298245614,5.615065087719299,1.0504250877192982,Soft-Speed Separation,0,pitch_type_specific,Four-Seam
"Baker, Luke",694914.0,EVA_OTT,Curveball,L,37,11,47.60507462040564,50.73487375936722,48.54401436209411,45.54122265844083,50.90132393366642,54.087120856818345,68.3679192372406,-2.3573095715723085,46.587339042684384,36.96017947279866,1125,125,Development Target,972,114,53,,,,-7.376609827586207,9.671356379310344,75.5467501724138,2694.354512068965,5.509847586206897,5.996036206896552,-1.645571896551724,Tight High-Spin Breakers,1,pitch_type_specific,Curveball
"Majick, Eli",828663.0,NEW_ENG23,Changeup,L,75,55,47.492633892826696,38.212844197387305,44.70869698419488,23.780145821648908,47.06918911087149,40.71534031123839,15.731912507010655,-2.3604921266766112,46.582731679408916,36.90409422321929,1126,150,Low Priority,1360,185,101,3.3285135977278486,RHH,Balanced Weapon,3.061132272727273,-13.32444590909091,82.12118212121213,1825.6930454545447,5.921908989898991,5.566142323232323,-3.46053797979798,Tight High-Spin Breakers,1,pitch_type_specific,Changeup
"Quigley, Michael",808828.0,NEW_ENG23,Four-Seam,L,151,98,46.73153998331376,49.44157845875039,47.54455152594474,39.427930454290525,49.92010061760367,50.663258321880726,57.96410544026921,-2.3755490916589324,46.56093381410073,36.848008973639935,1127,360,Development Target,1081,324,146,1.2398078506250272,Balanced,Balanced Weapon,17.62712698757764,12.54933953416149,92.6205641304348,2289.809951552795,5.910976739130435,5.43835599378882,1.7176246273291924,Soft-Speed Separation,0,pitch_type_specific,Four-Seam
"Sanchez, Dikember",699129.0,LAK_ERI24,Four-Seam,R,92,45,38.23484926720431,59.51339913320448,44.618414227004365,23.2192933258553,47.007177893573854,40.49895951374248,15.058889512058329,-2.3887636665694885,46.54180316430886,36.791923724060574,1128,361,Low Priority,1370,437,233,6.227680766350538,RHH,Right-Handed Killer,11.723162290076337,7.780512061068702,91.3323327480916,2278.613035877863,5.773824427480916,5.90859717557252,1.1493719847328243,Soft-Speed Separation,0,pitch_type_specific,Four-Seam
"Kowalski, Benjamin",834996.0,WAS_WIL3,Four-Seam,R,25,26,39.48454432536561,60.03785345740821,45.6505370649784,28.93998878295008,48.0517722681249,44.14394785093685,26.38810992708917,-2.4012352031464985,46.52374820603467,36.73583847448121,1129,362,Low Priority,1268,396,209,6.878955758868287,RHH,Right-Handed Killer,14.978969333333334,10.153615333333333,88.96785816666667,2147.616078333333,5.694876,5.691334333333333,2.523041166666667,Soft-Speed Separation,0,pitch_type_specific,Four-Seam
"Eckaus, David",824671.0,EVA_OTT,Four-Seam,R,133,85,48.66242126330605,45.19258049090576,47.62146903158596,39.87661245092541,50.02399225256652,51.02577587606,59.7027481772294,-2.4025232209805623,46.521883551418384,36.67975322490185,1130,363,Development Target,1073,321,177,-0.2114247732941834,Balanced,Balanced Weapon,15.109601078066914,-11.371911040892194,91.14497081784388,2345.842753903345,6.122154423791821,5.752761933085502,-1.1335076579925651,Soft-Speed Separation,0,pitch_type_specific,Four-Seam
"Perdomo, Rafael",1000557553.0,QUE_CAP,Curveball,L,49,11,50.26745934145335,38.428656608870725,46.71581852167856,35.445877734155914,49.138910612492296,47.9373883314478,44.33538979248458,-2.423092090813739,46.49210613912503,36.62366797532249,1131,126,Low Priority,1152,129,61,6.478656183758446,RHH,Right-Handed Killer,-12.058477684210526,-6.526844421052632,79.88667115789474,2185.319587368421,5.491424736842105,6.068615368421053,1.412072842105263,Tight High-Spin Breakers,1,pitch_type_specific,Curveball
"Escobar, Anthony",678673.0,TRO_AIG,Four-Seam,R,240,155,46.23682442281895,49.29245523527311,47.1535136665552,37.35277621985418,49.58478192863131,49.493203475402304,53.08468872686484,-2.4312682620761095,46.480269551863046,36.56758272574313,1132,364,Low Priority,1118,338,183,2.329450486494437,Balanced,Balanced Weapon,17.587280928853755,10.109011976284584,90.65120909090908,2131.385929644269,6.374778043478261,5.695975138339921,1.722830790513834,Soft-Speed Separation,0,pitch_type_specific,Four-Seam
"Steinhauer, Ryan",1000424762.0,NEW_JER6,Changeup,R,57,24,39.45523312933501,60.63286146511894,45.80852163007019,29.94952327537857,48.24055992207217,44.8027000073802,29.30454290521593,-2.432038292001984,46.47915478480161,36.51149747616377,1133,151,Low Priority,1250,175,78,6.416875081240292,RHH,Right-Handed Killer,10.827091505376345,-12.54348946236559,82.30946322580645,1665.3752462365592,6.31381311827957,5.798490107526882,-3.0167518279569894,Soft-Speed Separation,0,pitch_type_specific,Changeup
"Vailes, Gage",1000050773.0,GAT_GRI,Slider,L,112,106,57.19170381374656,38.73814975060862,51.65563759480517,62.08637128435222,54.12190013973802,65.32494004881039,91.95176668536176,-2.466262544932846,46.42960856771628,36.45541222658441,1134,232,Development Target,677,219,72,10.438729444941352,RHH,Right-Handed Killer,5.830751256830601,-11.476517814207652,81.56861090163935,2556.160068032787,4.562169644808743,5.668892540983607,1.6607046994535517,Tight High-Spin Breakers,1,pitch_type_specific,Slider
"Sakurai, Masatoshi",1000429128.0,QUE_CAP,Changeup,R,155,45,46.23842268342699,47.4125305392248,46.59065504016633,34.82893998878295,49.05695262128924,47.6514056291157,42.62478968031408,-2.466297581122909,46.429557846063354,36.399326977005046,1135,152,Low Priority,1163,160,68,,,,8.294923195266273,-5.480704911242603,80.54036727810652,1436.4384798816568,5.964696390532544,5.678414792899408,-1.6970461538461536,Soft-Speed Separation,0,pitch_type_specific,Changeup
"Bargo, Casey",1000057987.0,FLO_Y'A,Sinker,R,61,40,43.962442822255554,43.084992363569945,43.69920768464987,20.246775098149183,46.17336100596632,37.589454250523545,10.235558048233315,-2.47415332131645,46.41818514466995,36.343241727425685,1136,190,Low Priority,1423,194,99,0.8833146245302643,Balanced,Balanced Weapon,12.521001891891892,15.59817288288288,91.14253657657656,2215.911009009009,5.852313783783783,6.016009639639639,2.5761516216216216,Soft-Speed Separation,0,pitch_type_specific,Sinker
"Debban, Caleb",1000551056.0,NEW_JER6,Curveball,R,106,44,46.25299484263822,47.16195269037689,46.52568219695982,34.212002243409984,49.00166223350176,47.45847637010935,41.47504206393718,-2.475980036541941,46.415540621521465,36.287156477846324,1137,127,Low Priority,1174,130,69,1.61795332215452,Balanced,Balanced Weapon,-7.136301735159817,18.47896191780822,76.97554136986301,2811.922469406393,5.936597123287671,5.284855114155251,-2.342340182648402,Tight High-Spin Breakers,1,pitch_type_specific,Curveball
"Williams, Brian",1000079778.0,MIS_MUD,Splitter,R,54,19,56.808169357614105,40.19574282603929,51.82444139814166,62.8154795288839,54.306650424257086,65.96960428286272,93.07347167694896,-2.4822090261154273,46.40652295588377,36.23107122826696,1138,20,Development Target,664,14,6,-1.0161947097479072,Balanced,Balanced Weapon,2.656852063492064,4.9490597619047625,78.63903817460317,1775.4149246031743,5.994434523809524,6.165252142857143,2.7445901587301584,Tight High-Spin Breakers,1,pooled_fixed_effects,Pooled
"Cerda, Junior",693702.0,EVA_OTT,Sinker,R,131,82,46.93830871950325,42.20074778167098,45.517040438153565,28.15479528883904,48.03199058066076,44.07492199568294,26.107683679192373,-2.514950142507196,46.35912386543059,36.17498597868761,1139,191,Low Priority,1282,164,82,-0.2601231248970634,Balanced,Balanced Weapon,11.62633099137931,16.406940862068964,94.17590331896552,2222.0806198275864,5.393307715517241,5.164101206896552,2.1058146120689654,Soft-Speed Separation,0,pitch_type_specific,Sinker
"Petery, Dylan",10998503.0,WIN_CIT29,Slider,R,40,16,49.818199245975286,65.50902074291714,54.52544569505784,75.82725743129556,57.05496442107572,75.5595204353955,99.5793606281548,-2.5295187260178764,46.338033026641384,36.11890072910825,1140,233,Development Target,432,161,116,4.150609336773456,RHH,Balanced Weapon,-0.3702822388059701,-12.44127880597015,78.01248298507463,2605.382523880597,5.76025119402985,5.046548656716418,1.799519552238806,Tight High-Spin Breakers,1,pitch_type_specific,Slider
"Hungate, Chase",801835.0,NEW_JER6,Changeup,L,47,19,52.371233224457775,38.06872450001679,48.08048060712548,42.7369601794728,50.63101967055679,53.14392614839196,65.9562535053281,-2.5505390634313088,46.30760202781734,36.06281547952888,1141,153,Development Target,1022,138,78,,,,-1.4707851785714283,16.38038160714286,81.13804553571428,1704.987998214286,6.372196607142857,4.06030875,3.6812085714285714,Soft-Speed Separation,0,pitch_type_specific,Changeup
"Gartland, Chad",1000103698.0,SUS_COU1,Four-Seam,L,51,35,45.76330723320632,48.38305768920032,46.54923237000452,34.38025799214807,49.10398955569939,47.81553544018813,43.045429052159285,-2.554757185694875,46.301495481042295,36.006730229949525,1142,365,Low Priority,1171,364,170,-1.4894552185068406,Balanced,Balanced Weapon,15.55884923076923,9.656171442307691,91.01499307692308,2114.550051923077,6.258509134615385,5.238537692307692,1.7678016346153846,Soft-Speed Separation,0,pitch_type_specific,Four-Seam
"Figueredo, Kevin",1000210447.0,WIN_CIT29,Sinker,L,97,75,41.4246968650008,48.273180590945024,43.47924198278406,19.405496354458776,46.051025484405145,37.16257893874837,9.899046550757152,-2.571783501621084,46.27684659983085,35.950644980370164,1143,192,Low Priority,1438,198,98,-3.6157914951768575,LHH,Balanced Weapon,12.144893971291864,-14.4455114354067,88.08952205741627,2017.0518665071768,5.385544688995215,5.268750861244019,-3.344054019138756,Soft-Speed Separation,0,pitch_type_specific,Sinker
"Gordillo, Lucas",808851.0,TRI_VAL,Four-Seam,L,198,74,45.30850358438375,48.83214247718589,46.36559525222439,33.53897924845766,48.95591849441731,47.29885901094625,40.802019068984855,-2.590323242192923,46.25000674410241,35.8945597307908,1144,366,Low Priority,1186,371,173,2.215186935225468,Balanced,Balanced Weapon,16.674257327586208,9.9444916091954,90.74572244252872,2100.1845709770114,6.170455086206896,6.013153074712644,2.053603735632184,Soft-Speed Separation,0,pitch_type_specific,Four-Seam
"Boies, Emiles",1000429129.0,QUE_CAP,Sinker,R,128,109,42.63779299839129,44.839269202631954,43.298235859663485,18.67638810992709,45.899447817609975,36.633666624928,8.496915311273137,-2.6012119579464894,46.23424322471759,35.83847448121144,1145,193,Low Priority,1451,200,102,0.8517453455767381,Balanced,Balanced Weapon,14.55554595505618,15.988912883895132,87.62292651685394,2121.6986146067416,6.101300224719101,5.598972172284644,2.565214906367041,Soft-Speed Separation,0,pitch_type_specific,Sinker
"Willeman, Landon",812254.0,EVA_OTT,Curveball,R,68,30,45.31908699680268,46.5296337075206,45.68225101001806,29.276500280426248,48.28351525872341,44.952587566540494,29.64105440269209,-2.6012642487053554,46.234167523743324,35.78238923163208,1146,128,Low Priority,1262,138,73,0.8329666895795214,Balanced,Balanced Weapon,-8.6421396,-10.359621066666667,77.2880624,2093.221241333333,5.364183733333333,5.650952266666667,1.8303125333333328,Tight High-Spin Breakers,1,pitch_type_specific,Curveball
"Simone, Andrew",1000132681.0,TRO_AIG,Slider,L,54,45,52.39939911160219,43.69674742113989,49.788603604463496,52.55187885586091,52.39510460866421,59.29949158304727,80.45429052159282,-2.606501004200716,46.22658630859978,35.72630398205272,1147,234,Development Target,847,252,90,3.532688333997804,RHH,Balanced Weapon,3.3216478620689656,-3.522124620689655,84.0733032413793,2172.747612413793,5.765972,5.26254875862069,0.8882838620689656,Tight High-Spin Breakers,1,pitch_type_specific,Slider
"Hernandez, Nyan",683466.0,NEW_JER6,Sinker,L,80,50,42.45397728693579,43.56069012983932,42.785991139806846,16.82557487380819,45.40450137687621,34.90660964667671,6.870443073471677,-2.6185102370693656,46.20920062424487,35.67021873247336,1148,194,Low Priority,1484,210,104,-0.3985999275558072,Balanced,Balanced Weapon,14.59796918918919,16.612243513513512,88.80229675675676,2096.014016891892,6.467329662162163,5.652881013513514,2.130722972972973,Soft-Speed Separation,0,pitch_type_specific,Sinker
"Bargo, Casey",1000057987.0,FLO_Y'A,Four-Seam,L,54,57,47.16288895628965,41.07676772894284,45.337052588085605,27.425687044307345,47.9578866589947,43.81634513868117,24.59338194054964,-2.6208340709090976,46.20583642587578,35.614133482894,1149,367,Low Priority,1295,408,192,5.482209071099682,RHH,Right-Handed Killer,14.499092872340425,11.617457659574466,91.28850819148936,2211.008404787234,5.88545335106383,6.041562446808511,2.546669574468085,Soft-Speed Separation,0,pitch_type_specific,Four-Seam
"Ronne, Andrew",701809.0,GAT_GRI,Slider,L,67,27,60.32391892749881,40.170143645159165,54.27778634279691,74.48121144139091,56.89909105776256,75.01561879740333,99.46719012899608,-2.621304714965653,46.2051550776914,35.558048233314636,1150,235,Development Target,456,169,49,5.373512198798942,RHH,Right-Handed Killer,-0.543487027027027,-14.46077491891892,81.34477275675675,2602.0723205405407,5.913850162162163,5.8748922162162165,2.142905243243243,Tight High-Spin Breakers,1,pitch_type_specific,Slider
"Perez, Kelvin",692487.0,WAS_WIL3,Sinker,L,73,43,39.2497848722393,44.71134108129973,40.88825173495743,10.992708917554683,43.519773292020375,28.330074241692586,1.4862591138530568,-2.631521557062946,46.1903642252073,35.50196298373528,1151,195,Low Priority,1588,239,116,-1.5551982569782368,Balanced,Balanced Weapon,9.5414959375,14.05504484375,88.795410625,2018.89411484375,6.04099625,5.807286015625,1.4693503125,Soft-Speed Separation,0,pitch_type_specific,Sinker
"Henderson, Drew",1000429021.0,DOW_EAS1,Four-Seam,R,280,185,45.09903778977783,49.695827320178864,46.478074648898136,33.987661245092546,49.10971096172568,47.835499608813016,43.381940549635445,-2.6316363128275455,46.19019809407111,35.445877734155914,1152,368,Low Priority,1178,366,196,0.4599472673010183,Balanced,Balanced Weapon,18.58574912639405,13.065260446096657,89.05152044609666,2247.977765427509,5.672439609665427,5.989380985130111,1.1943010037174722,Soft-Speed Separation,0,pitch_type_specific,Four-Seam
"Lovell, Justin",822485.0,WIN_CIT29,Four-Seam,R,106,63,47.775400618296736,49.631620073641976,48.33226645490031,44.19517666853617,50.98598562384843,54.38253779648281,69.57375210319687,-2.653719168948122,46.15822889417581,35.38979248457655,1153,369,Development Target,996,283,159,-2.4273657842531264,Balanced,Balanced Weapon,15.314972887029288,-13.358050251046024,93.53531154811716,2309.051817573222,6.277887740585774,5.23370079497908,-2.6673002928870293,Soft-Speed Separation,0,pitch_type_specific,Four-Seam
"Sanchez, Edwin",835958.0,LAK_ERI24,Curveball,R,80,37,48.56555409002068,40.74199692206368,46.21848693963358,32.75378575434661,48.8805648280486,47.03592131783754,39.51205832865956,-2.66207788841502,46.146128033125635,35.3337072349972,1154,129,Low Priority,1200,132,70,-3.684056348632339,LHH,Balanced Weapon,-4.731065342465754,5.614279383561644,76.06717684931508,2465.248171917808,5.26403191780822,5.05868897260274,-1.5486487671232878,Tight High-Spin Breakers,1,pitch_type_specific,Curveball
"Barker, Alex",1000106691.0,NEW_YOR13,Slider,L,118,57,44.99505087093381,63.16829742652384,50.44702483761082,55.6926528323051,53.12443596113412,61.84440694777489,85.55804823331464,-2.6774111235232994,46.123930213444076,35.27762198541783,1155,236,Development Target,791,240,85,-8.322115055531746,LHH,Left-Handed Killer,3.619487738693467,4.12100959798995,81.71635055276383,2243.465076884422,5.834401105527639,6.061523216080403,-2.431386934673367,Tight High-Spin Breakers,1,pitch_type_specific,Slider
"Williams, Pierce",1000337420.0,NEW_ENG23,Sinker,R,61,33,41.89952114714329,38.81273285652011,40.973484659956334,11.441390914189569,43.656238142075,28.806252171618603,1.598429613011778,-2.682753482118663,46.11619611741433,35.22153673583848,1156,196,Low Priority,1580,238,123,-5.967089624266059,LHH,Left-Handed Killer,12.359467111111112,-14.214802777777775,85.72990922222222,1874.1257666666663,6.108067333333333,5.857598777777778,-1.7146475555555554,Soft-Speed Separation,0,pitch_type_specific,Sinker
"Rodriguez, Luis",693543.0,TRO_AIG,Four-Seam,R,99,56,48.22441083764463,51.185245996188506,49.11266138520779,48.45765563656758,51.79718834585201,57.213133607487606,76.80874929893437,-2.68452696064422,46.11362866467253,35.165451486259116,1157,370,Development Target,920,257,142,-1.407516129683664,Balanced,Balanced Weapon,20.62839224637681,7.015231123188406,95.11551010869564,2360.035705072464,6.061004202898551,6.06359018115942,2.0642217753623187,Soft-Speed Separation,0,pitch_type_specific,Four-Seam
"Marynczak, Arlo",837346.0,TRI_VAL,Sinker,R,48,43,42.32557302928329,44.93098590731662,43.10719689269329,18.227706113292204,45.80604658015656,36.30775407026432,8.384744812114414,-2.698849687463273,46.09289375093565,35.10936623667975,1158,197,Low Priority,1459,201,103,0.282176184625591,Balanced,Balanced Weapon,14.732114833333332,13.761342416666666,88.89428675,2131.9309858333336,6.360674,5.875943333333334,2.48878175,Soft-Speed Separation,0,pitch_type_specific,Sinker
"Aldeano, Austin",699054.0,TRO_AIG,Changeup,L,46,16,49.04484332947175,50.11898331687807,49.36708532569365,49.8597868760516,52.070547131498834,58.1669867104976,78.74369040942231,-2.7034618058051834,46.08621681873049,35.05328098710039,1159,154,Development Target,895,117,66,,,,7.136313137254902,17.634729607843138,81.30798705882353,1856.19651372549,6.278166078431372,5.532447450980392,3.271941960784314,Soft-Speed Separation,0,pitch_type_specific,Changeup
"Joven, Art",1000048892.0,MIS_MUD,Slider,R,137,77,50.191236270135846,50.35583258874283,50.24061516571794,54.90745933819405,52.95082409157146,61.23860889336132,84.21200224340998,-2.7102089258535216,46.076449059145176,34.99719573752103,1160,237,Development Target,805,246,158,-2.1701972492163506,Balanced,Balanced Weapon,2.0621966101694915,-0.1283975141242937,77.66746881355932,2238.8045553672314,5.181328926553673,5.084376779661017,-2.156609548022599,Tight High-Spin Breakers,1,pitch_type_specific,Slider
"Parra, Andres",800365.0,LAK_ERI24,Four-Seam,L,63,76,49.58271934560139,40.20491891355291,46.769379215986845,35.55804823331464,49.485604304074855,49.14713490215895,50.67302299495233,-2.7162250880880094,46.06773950219173,34.94111048794167,1161,371,Low Priority,1150,353,163,1.2818777604027218,Balanced,Balanced Weapon,14.190315833333331,-13.016676625,88.43701070833335,2043.7885941666668,6.065787291666666,5.13901775,-2.217158083333333,Soft-Speed Separation,0,pitch_type_specific,Four-Seam
"Kaftan, Eddie",1000557510.0,FLO_Y'A,Sinker,L,55,47,40.98834106459717,40.08169933011125,40.71634854425139,10.48794167134044,43.43791087049801,28.04442501844097,1.3180033651149747,-2.7215623262466195,46.06001281898328,34.88502523836231,1162,198,Low Priority,1597,241,117,0.9799154302234144,Balanced,Balanced Weapon,7.365577890625,13.63220859375,85.993164609375,2034.82365703125,5.43450140625,5.7283247656250005,1.81914140625,Soft-Speed Separation,0,pitch_type_specific,Sinker
"Woolfolk, Dallas",663762.0,MIS_MUD,Four-Seam,R,165,107,46.07536236132201,49.37321584073142,47.06471840514483,36.96017947279866,49.78668670349826,50.1977262715644,55.720695457094784,-2.7219682983534312,46.05942509593859,34.82893998878295,1163,372,Development Target,1125,342,185,0.6874940033881813,Balanced,Balanced Weapon,19.3774291958042,12.99997353146853,92.57369902097902,2377.195368181818,5.480329020979021,6.455789895104895,1.2000197552447551,Soft-Speed Separation,0,pitch_type_specific,Four-Seam
"Linderman, Greyson",1000124562.0,JOL_SLA,Slider,L,36,11,50.39830128292835,47.30077303553016,49.46904280870889,50.53280987100393,52.19661251577182,58.606876936401264,79.50084127874369,-2.7275697070629263,46.051315974828924,34.77285473920359,1164,238,Development Target,883,262,96,4.241367495242372,RHH,Balanced Weapon,-3.935175671641791,-13.677055820895523,81.21851626865671,2206.4297373134327,4.952109999999999,5.678004626865672,1.6255210447761193,Tight High-Spin Breakers,1,pitch_type_specific,Slider
"Biddinger, Tyler",1000324948.0,WIN_CIT29,Slider,L,29,32,53.65451875415943,48.99414154074053,52.25640559013375,64.9467190128996,54.99022090066762,68.35484249098315,96.21424565339316,-2.7338153105338705,46.04227425736542,34.71676948962423,1165,239,Development Target,626,210,68,2.476413831523629,Balanced,Balanced Weapon,0.1479970731707317,-11.8903256097561,79.85910520325203,2662.43459593496,4.9093900813008124,4.888723577235773,1.71232081300813,Tight High-Spin Breakers,1,pitch_type_specific,Slider
"Foltz Jr., Michael",803189.0,WAS_WIL3,Curveball,R,34,14,46.25883577240361,49.794979625490576,47.319678928329694,37.91362871564778,50.06047315434749,51.153071661640965,60.48794167134044,-2.7407942260177975,46.032170929112056,34.66068424004487,1166,130,Development Target,1108,127,67,-0.6401063731270256,Balanced,Balanced Weapon,-6.047064476190476,4.64855,79.26583095238095,2305.705863809524,5.394437019230769,5.871080666666667,-1.622696380952381,Tight High-Spin Breakers,1,pitch_type_specific,Curveball
"Morel, Yohanse",678353.0,OTT_TIT,Changeup,R,62,26,43.71468488384408,47.33873122649165,44.80189878663835,24.340998317442512,47.54380584099295,42.37145917237393,20.106561974200783,-2.7419070543546056,46.030559895133734,34.604598990465504,1167,155,Low Priority,1350,183,84,-2.9491505742055324,Balanced,Balanced Weapon,4.73555,16.85453529411765,85.40996470588235,2148.6715522058826,5.339998970588235,5.351715661764707,2.436615735294118,Soft-Speed Separation,0,pitch_type_specific,Changeup
"Serrano, Elio",665939.0,NEW_JER6,Slider,R,126,50,41.558435378032286,68.3968334528269,49.60995480047066,51.26191811553561,52.369754227685966,59.211034431390814,80.22994952327538,-2.759799427215306,46.00465722921671,34.54851374088614,1168,240,Development Target,870,256,164,8.192134763478307,RHH,Right-Handed Killer,5.37085375,-2.082303693181818,82.47711465909092,2239.571981818182,5.336158181818182,5.786130056818181,1.8615028977272727,Tight High-Spin Breakers,1,pitch_type_specific,Slider
"Cooper, Garrett",1000327042.0,NEW_YOR13,Four-Seam,R,119,112,44.39810171138246,49.54953554513903,45.94353186150943,31.18339876612451,48.703589442281526,46.41838667203907,35.97868760515984,-2.7600575807720986,46.00428350207672,34.49242849130679,1169,373,Low Priority,1228,385,204,0.3596328681440113,Balanced,Balanced Weapon,16.083397508896795,7.618771672597864,89.35514604982207,2066.3499,5.840326975088968,5.7133661921708185,1.4129031672597865,Soft-Speed Separation,0,pitch_type_specific,Four-Seam
"Leduc, Zachary",824497.0,TRO_AIG,Sinker,L,97,41,41.69441434173444,48.96695595985384,43.876176827170255,20.919798093101512,46.65864376124965,39.28279094306462,12.366797532249018,-2.7824669340793946,45.97184163443542,34.43634324172742,1170,199,Low Priority,1411,191,94,-3.66793168268741,LHH,Balanced Weapon,11.716303496503496,15.30031090909091,90.2881495104895,2114.635488111888,6.541243496503497,5.101738461538461,1.699393916083916,Soft-Speed Separation,0,pitch_type_specific,Sinker
"Hohenstein, Liam",1000116556.0,WIN_CIT29,Changeup,L,61,27,46.13814883991685,43.981028132875736,45.49101262780451,28.04262478968032,48.308108952983176,45.03840434952278,29.837352776219856,-2.8170963251786674,45.92170890159233,34.38025799214807,1171,156,Low Priority,1284,178,99,,,,11.06828380952381,8.987560833333333,84.07516392857143,1547.3320904761906,6.038689761904761,5.664114285714286,1.0877197619047618,Soft-Speed Separation,0,pitch_type_specific,Changeup
"Peyton, Blake",1000017005.0,GAT_GRI,Curveball,R,91,26,50.118992178491965,50.5035888246458,50.23437117233812,54.85137408861469,53.05976686683724,61.61875180331718,85.10936623667975,-2.8253956944991216,45.90969396134358,34.324172742568706,1172,131,Development Target,806,98,56,1.0893828760445317,Balanced,Balanced Weapon,-7.153124452554745,9.401601459854014,77.61717474452554,2713.7002058394164,5.222023430656934,6.427412554744525,-1.6252658394160584,Tight High-Spin Breakers,1,pitch_type_specific,Curveball
"Webster, Evan",804248.0,FLO_Y'A,Sinker,R,39,40,47.64709905949172,24.95851023172316,40.84052241116115,10.824453168816602,43.66795831464838,28.847148325552272,1.7106001121704992,-2.8274359034872276,45.906740364733935,34.268087492989345,1173,200,Low Priority,1591,240,124,-7.342991105899877,LHH,Left-Handed Killer,15.844424749999998,-11.154360375,88.978652375,1879.46013125,6.938769375,5.969678,-2.43866,Soft-Speed Separation,0,pitch_type_specific,Sinker
"Savinon, Jordan",842444.0,NEW_YOR13,Four-Seam,R,97,29,47.221822666411065,48.76810866539216,47.68570846610539,40.32529444756029,50.526490445962494,52.77918380071664,64.38586651710601,-2.8407819798571055,45.88741934117806,34.212002243409984,1174,374,Development Target,1065,316,176,,,,18.20174448275862,-8.988497068965517,88.93539103448275,2149.9531353448274,5.859501293103448,5.978724224137931,-0.9198798275862068,Soft-Speed Separation,0,pitch_type_specific,Four-Seam
"Debban, Caleb",1000551056.0,NEW_JER6,Cutter,L,62,25,56.31878179889309,39.8394400979904,51.37497928862228,60.85249579360627,54.22562249699335,65.68686692848028,92.56870443073473,-2.850643208371075,45.873143308048334,34.15591699383062,1175,53,Development Target,699,27,13,-0.025979333107287,Balanced,Balanced Weapon,10.741948819444444,-0.4977978472222222,85.91466604166666,2336.0030666666667,6.594484861111111,5.334288263888889,-2.332501388888889,Soft-Speed Separation,0,pitch_type_specific,Cutter
"Bargo, Casey",1000057987.0,FLO_Y'A,Slider,L,26,25,50.19629413856128,47.882762762122425,49.50223472562962,50.869321368480094,52.35499762763319,59.15954302343437,80.11777902411666,-2.852762902003569,45.87007464206219,34.09983174425126,1176,241,Development Target,877,260,95,4.588364809203263,RHH,Balanced Weapon,0.1219640594059406,-3.940400594059406,81.41343465346534,2277.705577227722,5.34610693069307,5.790104257425742,2.7779858415841585,Tight High-Spin Breakers,1,pitch_type_specific,Slider
"Debban, Caleb",1000551056.0,NEW_JER6,Cutter,R,82,25,56.31878179889309,39.752842320966096,51.34899995551499,60.62815479528884,54.22562249699335,65.68686692848028,92.56870443073473,-2.876622541478362,45.83553320504723,34.0437464946719,1177,54,Development Target,703,28,15,-0.025979333107287,Balanced,Balanced Weapon,10.741948819444444,-0.4977978472222222,85.91466604166666,2336.0030666666667,6.594484861111111,5.334288263888889,-2.332501388888889,Soft-Speed Separation,0,pitch_type_specific,Cutter
"Barreto, Brayhans",810980.0,TRI_VAL,Four-Seam,R,76,42,41.80582230604698,54.5583616953131,45.63158412282681,28.60347728547392,48.51331984139539,45.75446343729004,32.61357263039821,-2.881735718568585,45.82813089351628,33.987661245092546,1178,375,Low Priority,1274,400,212,-2.404984223252434,Balanced,Balanced Weapon,15.424992253521127,-9.245728943661971,88.64896507042253,2035.6729035211267,6.194477816901409,6.966625704225352,-1.402797323943662,Soft-Speed Separation,0,pitch_type_specific,Four-Seam
"King, Jacob",687214.0,DOW_EAS1,Four-Seam,L,26,19,47.01178999811246,44.821401718280086,46.35467351416274,33.31463825014021,49.243492165371904,48.3023132724764,46.13011777902412,-2.8888186512091636,45.81787698033607,33.93157599551318,1179,376,Low Priority,1190,372,174,2.621611446458388,Balanced,Balanced Weapon,17.853252615384616,11.67692076923077,90.47592846153846,2173.512576923077,6.626067384615385,6.120809846153846,1.232090923076923,Soft-Speed Separation,0,pitch_type_specific,Four-Seam
"Kaminer, Brandon",690510.0,DOW_EAS1,Slider,L,45,40,48.10418176665584,54.91751137388594,50.14818064882486,54.29052159282109,53.04339424092522,61.561621464544096,84.88502523836232,-2.8952135921003546,45.80861906810982,33.87549074593382,1180,242,Development Target,816,247,89,-4.2527554251370745,LHH,Balanced Weapon,6.103685112781955,2.269862631578947,83.84740390977443,2473.620367669173,5.283926466165413,5.934541127819548,-1.4352727819548872,Tight High-Spin Breakers,1,pitch_type_specific,Slider
"Anderson, Colt",1000568252.0,WAS_WIL3,Sinker,R,42,19,41.78404866956332,42.30237464139544,41.93954646111296,13.628715647784636,44.85538897202844,32.99054695263902,4.430734716769489,-2.915842510915482,45.77875472331566,33.81940549635446,1181,201,Low Priority,1541,225,114,,,,8.437223050847457,-11.45476593220339,89.38742084745762,2031.691837288136,6.817995762711864,5.895313050847458,-2.1971981355932204,Soft-Speed Separation,0,pitch_type_specific,Sinker
"Galva, Claudio",669996.0,GAT_GRI,Four-Seam,R,117,71,46.172299813116105,42.48818230776448,45.06706456151061,26.02355580482333,47.98916965907512,43.92550346197253,25.2103196859226,-2.922105097564504,45.76968841942131,33.763320246775095,1182,377,Low Priority,1320,420,224,-4.8824817704624905,LHH,Balanced Weapon,12.390584640883976,-9.97369408839779,89.04027226519338,1986.6078248618785,4.914538729281768,5.729017569060773,-0.907033093922652,Soft-Speed Separation,0,pitch_type_specific,Four-Seam
"Valdez, Alex",677678.0,EVA_OTT,Four-Seam,L,95,77,43.61695370932839,48.15784190653125,44.97922016848925,25.406618059450363,47.92442379821416,43.69958044968246,23.696017947279863,-2.945203629724908,45.7362488322641,33.70723499719574,1183,378,Low Priority,1331,426,198,1.1286398261245267,Balanced,Balanced Weapon,13.146126851851852,5.913343703703704,91.66171462962964,2159.3730041666668,5.946287083333334,5.904294259259259,1.861902962962963,Soft-Speed Separation,0,pitch_type_specific,Four-Seam
"Hagan, Jack",699522.0,DOW_EAS1,Slider,L,106,68,57.62631302648895,34.01450776808043,50.54277144896639,56.14133482893999,53.50504194168811,63.17248643392183,88.7549074593382,-2.9622704927217214,45.71154125133563,33.65114974761638,1184,243,Development Target,783,236,84,13.795647669575873,RHH,Right-Handed Killer,3.8336034006734008,-3.3355071043771045,84.63305821548822,2439.15648989899,5.691647710437711,5.608405892255892,2.077511043771044,Tight High-Spin Breakers,1,pitch_type_specific,Slider
"Long, Maddox",1000248716.0,WAS_WIL3,Changeup,L,57,22,42.68531453803608,52.55980730089036,45.64766236689236,28.827818283791363,48.61316343083734,46.10285581611739,33.81940549635446,-2.965501063944977,45.706864375452895,33.59506449803701,1185,157,Low Priority,1270,177,98,,,,7.873550491803279,15.71570737704918,84.21354655737706,1931.922696721312,5.971310819672131,5.458012786885246,1.6844624590163937,Soft-Speed Separation,0,pitch_type_specific,Changeup
"Lucas, Brock",1000093640.0,JOL_SLA,Four-Seam,R,36,46,38.99548933586944,61.35772975314771,45.70416146105292,29.33258553000561,48.67848753481099,46.33079653925594,35.305664610207515,-2.9743260737580712,45.69408846905508,33.53897924845766,1186,379,Low Priority,1261,395,208,4.492443026471605,RHH,Balanced Weapon,14.872380545454549,6.613924454545455,91.02379409090908,2231.008739090909,6.578186727272728,5.824833727272727,1.399399909090909,Soft-Speed Separation,0,pitch_type_specific,Four-Seam
"Marynczak, Arlo",837346.0,TRI_VAL,Sinker,L,72,43,42.32557302928329,43.99039862523132,42.8250207080677,17.106001121704992,45.80604658015656,36.30775407026432,8.384744812114414,-2.981025872088864,45.684389216796866,33.482893998878296,1187,202,Low Priority,1479,206,101,0.282176184625591,Balanced,Balanced Weapon,14.732114833333332,13.761342416666666,88.89428675,2131.9309858333336,6.360674,5.875943333333334,2.48878175,Soft-Speed Separation,0,pitch_type_specific,Sinker
"Shinn, Nathan",1000490914.0,LAK_ERI24,Curveball,L,29,19,40.43405665589266,59.76854312903872,46.23440259783648,32.922041503084685,49.22154788604899,48.22574130909153,45.68143578238923,-2.98714528821251,45.675530179893705,33.426808749298935,1188,132,Low Priority,1197,131,62,-3.384812780251039,LHH,Balanced Weapon,-5.922693863636363,0.5793327272727273,79.59403977272727,2112.7616534090907,5.288632727272727,5.773768977272727,-2.1058332954545453,Tight High-Spin Breakers,1,pitch_type_specific,Curveball
"Anderson, Colt",1000568252.0,WAS_WIL3,Curveball,R,32,15,42.01155908771244,45.26216441436603,42.98674068570852,17.61076836791924,45.976120796428496,36.90120790255701,9.282108805384183,-2.989380110719978,45.67229484262204,33.370723499719574,1189,133,Low Priority,1470,163,84,-1.7212712328570916,Balanced,Balanced Weapon,-10.609571208791207,10.33769021978022,73.75669263736263,1993.9885406593407,6.025245384615385,6.031337802197801,-2.393383956043956,Tight High-Spin Breakers,1,pitch_type_specific,Curveball
"Miranda, Kevin",806656.0,OTT_TIT,Four-Seam,R,105,81,47.79982070455583,43.241808635901805,46.43241708395962,33.81940549635446,49.43134311545686,48.95779691174531,49.55131800336511,-2.9989260314972412,45.65847527834798,33.31463825014021,1190,380,Low Priority,1181,368,198,-0.7832070015433601,Balanced,Balanced Weapon,19.258598904761904,13.350245952380952,87.13499871428573,2158.634217142857,5.765718904761905,5.390678619047619,0.9023038095238096,Soft-Speed Separation,0,pitch_type_specific,Four-Seam
"Helt, Robert",836007.0,LAK_ERI24,Slider,L,86,45,55.66655751424641,40.92542988316333,51.24421922492148,59.56253505328098,54.245758009332334,65.7571274137242,92.68087492989343,-3.0015387844108545,45.65469281381005,33.25855300056085,1191,244,Development Target,722,228,77,11.27846539536111,RHH,Right-Handed Killer,-1.1853749356223175,-5.072443090128755,81.07140781115879,2404.9244090128755,5.757427253218884,6.376559699570815,2.1534374678111585,Tight High-Spin Breakers,1,pitch_type_specific,Slider
"Hernandez, Nyan",683466.0,NEW_JER6,Sinker,R,68,50,42.45397728693579,42.23202370465331,42.38739121225104,15.367358384744811,45.40450137687621,34.90660964667671,6.870443073471677,-3.017110164625173,45.63215023308592,33.20246775098149,1192,203,Low Priority,1510,219,110,-0.3985999275558072,Balanced,Balanced Weapon,14.59796918918919,16.612243513513512,88.80229675675676,2096.014016891892,6.467329662162163,5.652881013513514,2.130722972972973,Soft-Speed Separation,0,pitch_type_specific,Sinker
"Sanders, Brayden",695550.0,MIS_MUD,Four-Seam,L,142,91,45.43739337741488,49.340578274971946,46.60834884668199,34.94111048794167,49.6512586809824,49.725166228522085,54.094223219293326,-3.04290983430041,45.59480022760761,33.14638250140213,1193,381,Low Priority,1161,358,167,2.3901052241914016,Balanced,Balanced Weapon,18.736845641891893,11.065756554054056,91.58903675675676,1986.293222972973,4.925037702702703,5.966969054054053,1.684985945945946,Soft-Speed Separation,0,pitch_type_specific,Four-Seam
"Eisenbarger, Jack",1000570067.0,QUE_CAP,Four-Seam,R,202,111,49.81336704951739,45.19462715171965,48.42774508017807,44.81211441390914,51.47974729877883,56.10546067479947,74.62142456533931,-3.0520022186007623,45.58163724499178,33.09029725182277,1194,382,Development Target,985,281,157,-0.9807637493274656,Balanced,Balanced Weapon,18.883517216748768,-13.79309684729064,89.99613221674878,2545.312003940887,5.78132327586207,5.911668472906404,-1.9133176600985224,Soft-Speed Separation,0,pitch_type_specific,Four-Seam
"Bargo, Casey",1000492781.0,NEW_ENG23,Four-Seam,L,80,45,44.40967406945288,48.9114874457713,45.7602180823484,29.66909702748177,48.81385345276866,46.803139875798784,38.55860908581043,-3.0536353704202597,45.57927294226337,33.034212002243414,1195,383,Low Priority,1255,393,187,2.505849960089229,Balanced,Balanced Weapon,16.034584081632655,12.726656938775507,92.18434054421768,2282.196284353741,6.185604149659864,5.99526149659864,2.317713197278912,Soft-Speed Separation,0,pitch_type_specific,Four-Seam
"Thebiay, Nolan",1000338675.0,EVA_OTT,Changeup,R,33,26,46.73703152214267,46.234968942930976,46.58641274837916,34.77285473920359,49.65468158892565,49.73711006034464,54.20639371845205,-3.0682688405464873,45.558088167564264,32.97812675266405,1196,158,Low Priority,1164,161,69,-4.676362228241942,LHH,Balanced Weapon,4.960268879999999,16.20745304,83.1698096,1931.1550184,6.382234,5.351898,1.89526848,Soft-Speed Separation,0,pitch_type_specific,Changeup
"Rodriguez, Luis",693543.0,TRO_AIG,Slider,R,42,11,48.26235397859515,54.33751587462885,50.084902547405264,54.01009534492428,53.15411872458523,61.94798143489724,85.7543466068424,-3.0692161771799675,45.55671671479391,32.922041503084685,1197,245,Development Target,821,248,159,,,,2.2499439655172413,-1.5669056896551723,87.6607924137931,2524.6238293103447,5.91916224137931,5.793295172413793,2.328310344827586,Tight High-Spin Breakers,1,pitch_type_specific,Slider
"De Los Santos, Enmanuel",679735.0,NEW_ENG23,Four-Seam,L,103,64,43.71711137030995,52.095948921757376,46.23076263574418,32.86595625350533,49.30337193739432,48.51125664415537,47.42007851934941,-3.0726093016501395,45.55180451168647,32.86595625350533,1198,384,Low Priority,1198,375,176,4.473077569229439,RHH,Balanced Weapon,18.073302906976743,4.292644341085271,88.09466852713179,2112.124677906977,6.79958023255814,6.35833031007752,0.9168501937984496,Soft-Speed Separation,0,pitch_type_specific,Four-Seam
"Cook, Cole",1000161363.0,SCH_BOO,Sinker,R,89,49,46.42138708198998,41.154780842212986,44.84140521005688,24.67750981491868,47.93185940846665,43.725526130906246,24.03252944475603,-3.0904541984097733,45.525970576596514,32.80987100392597,1199,204,Low Priority,1344,179,90,-4.9372468603556925,LHH,Balanced Weapon,11.830898219178083,-11.73738205479452,84.70447890410959,2251.296723972602,5.295197328767123,5.737141506849315,-1.0538550684931507,Tight High-Spin Breakers,1,pitch_type_specific,Sinker
"Henderson, Drew",1000429021.0,DOW_EAS1,Four-Seam,L,258,185,45.09903778977783,48.162669762508806,46.01812738159712,31.519910263600675,49.10971096172568,47.835499608813016,43.381940549635445,-3.091583580128564,45.524335578400226,32.75378575434661,1200,385,Low Priority,1222,382,180,0.4599472673010183,Balanced,Balanced Weapon,18.58574912639405,13.065260446096657,89.05152044609666,2247.977765427509,5.672439609665427,5.989380985130111,1.1943010037174722,Soft-Speed Separation,0,pitch_type_specific,Four-Seam
"Simpson, Garret",1000073158.0,EVA_OTT,Cutter,R,126,83,45.74659418504537,41.98743915176618,44.61884767506161,23.27537857543466,47.71647228830104,42.973958287816,21.95737521031969,-3.0976246132394323,45.515590016049,32.69770050476725,1201,55,Low Priority,1369,66,36,1.015864445391088,Balanced,Balanced Weapon,7.321358333333333,1.44312925,86.834477625,2364.5872425,5.4707320416666665,5.632080291666667,1.9369795416666664,Tight High-Spin Breakers,1,pitch_type_specific,Cutter
"Conklin, MacCallan",1000187772.0,TRO_AIG,Slider,R,60,34,52.19724362656997,55.72017904414203,53.25412425184159,70.9478407178912,56.37100606716254,73.17292877467393,98.90633763320248,-3.1168818153209514,45.487711496196006,32.64161525518789,1202,246,Development Target,519,192,132,3.5583581184224045,RHH,Balanced Weapon,6.086633543307087,-3.778064015748032,83.81655866141733,2591.5824480314964,6.3662539370078735,5.392079842519685,1.4716907874015748,Tight High-Spin Breakers,1,pitch_type_specific,Slider
"Cooper, Garrett",1000327042.0,NEW_YOR13,Four-Seam,L,162,112,44.39810171138246,48.350759317992335,45.583898993365416,28.491306786315203,48.703589442281526,46.41838667203907,35.97868760515984,-3.11969044891611,45.48364545653402,32.585530005608526,1203,386,Low Priority,1276,401,189,0.3596328681440113,Balanced,Balanced Weapon,16.083397508896795,7.618771672597864,89.35514604982207,2066.3499,5.840326975088968,5.7133661921708185,1.4129031672597865,Soft-Speed Separation,0,pitch_type_specific,Four-Seam
"Kostura, Brit",1000146015.0,WAS_WIL3,Four-Seam,L,26,32,49.486590605362125,40.5137466033682,46.79473740476394,35.78238923163208,49.921016279222414,50.66645341463871,58.07627593942794,-3.126278874458471,45.474107437900514,32.529444756029164,1204,387,Development Target,1146,350,161,1.123700703025257,Balanced,Balanced Weapon,16.44078246753247,-14.498382467532467,85.25911961038962,2068.7877987012985,5.65553987012987,5.240612337662338,-1.535087012987013,Soft-Speed Separation,0,pitch_type_specific,Four-Seam
"Petschke, Ben",814386.0,EVA_OTT,Sweeper,L,40,15,55.81606557281657,41.54720860812378,51.53540848340873,61.58160403813797,54.6805282650224,67.27420672216905,94.8962422882782,-3.1451197816136727,45.446831585367455,32.4733595064498,1205,2,Development Target,686,2,1,,,,-2.690458870967742,-17.11032435483871,79.74326032258065,2741.4442483870966,4.8990267741935485,5.725810483870967,2.282313064516129,Tight High-Spin Breakers,1,pooled_fixed_effects,Pooled
"Milburn, Isaac",830926.0,FLO_Y'A,Curveball,L,81,30,50.26109520901797,43.90711961333,48.35490253031158,44.363432417274254,51.512126374818,56.21844362531804,75.0701065619742,-3.157223844506426,45.429308616234714,32.41727425687044,1206,134,Development Target,993,116,55,-0.6407679637806751,Balanced,Balanced Weapon,-9.49890031674208,13.427925701357465,76.8378366515837,2601.6314705882355,4.927940316742082,5.825355384615385,-1.607468190045249,Tight High-Spin Breakers,1,pitch_type_specific,Curveball
"Jensik, CJ",10009752.0,WIN_CIT29,Sinker,R,35,14,42.4203084081776,40.524055823241085,41.85143263269664,13.292204150308468,45.02098811761183,33.5683855558387,5.019629837352777,-3.169555484915186,45.41145618468727,32.36118900729108,1207,205,Low Priority,1547,227,115,1.7322325048687333,Balanced,Balanced Weapon,8.399740322580646,15.16956258064516,92.53073548387096,2079.22795,5.778601935483871,5.6476206451612905,2.270875161290322,Soft-Speed Separation,0,pitch_type_specific,Sinker
"Moreno, Jose",1000306184.0,DOW_EAS1,Changeup,R,63,27,48.28457785683259,45.11957729942164,47.33507768960931,38.13796971396523,50.50554355596845,52.70609210925353,64.2456533931576,-3.1704658663591445,45.41013823169224,32.30510375771172,1208,159,Development Target,1104,150,66,-3.484065404062968,LHH,Balanced Weapon,6.99170754385965,10.832668245614036,81.99345833333334,1804.5301842105264,5.603794736842105,5.77094350877193,2.455827894736842,Soft-Speed Separation,0,pitch_type_specific,Changeup
"Tiburcio, David",696010.0,DOW_EAS1,Slider,R,68,23,40.917674934443546,66.5311939739991,48.6017306463102,45.82164890633763,51.78107670563929,57.15691394739835,76.58440830061693,-3.1793460593290916,45.39728243701536,32.24901850813236,1209,247,Development Target,967,270,169,7.799440219087515,RHH,Right-Handed Killer,5.863706218487395,0.9625799159663866,86.41360092436976,2343.193610084034,5.435896302521009,6.05758949579832,1.4887195798319328,Tight High-Spin Breakers,1,pitch_type_specific,Slider
"Sanchez, Edwin",835958.0,LAK_ERI24,Slider,L,74,36,47.03603951539762,55.664902397358105,49.62469837998576,51.598429613011774,52.819083950708766,60.77891727651602,82.92204150308469,-3.194385570723007,45.37550983914783,32.192933258553005,1210,248,Development Target,864,255,92,-7.765781352813725,LHH,Left-Handed Killer,-0.4318066956521739,4.25638652173913,77.30057130434781,2402.241620869565,5.171696086956522,4.891696086956522,-1.6753605217391303,Tight High-Spin Breakers,1,pitch_type_specific,Slider
"Dill, Austin",1000429156.0,TRI_VAL,Sinker,L,91,85,45.382413478001936,37.5054930477656,43.01933734893103,17.83510936623668,46.21794672221678,37.74503082617592,10.79641054402692,-3.1986093732857483,45.3693950690425,32.13684800897364,1211,206,Low Priority,1466,203,99,1.9558035951109003,Balanced,Balanced Weapon,14.792818020304567,15.786971776649748,88.05943467005076,2314.7280223350253,5.42905730964467,6.242287817258884,1.6238255837563451,Soft-Speed Separation,0,pitch_type_specific,Sinker
"Misla, Luis",695417.0,TRI_VAL,Curveball,L,86,38,48.90041369875025,48.376725486642286,48.743307235117854,46.55075715086932,51.944450213386936,57.726986450998254,77.9304542905216,-3.2011429782690826,45.36572718642235,32.080762759394275,1212,135,Development Target,954,112,52,-1.038410883055981,Balanced,Balanced Weapon,-5.2418402259887005,9.469249322033898,77.19988790960453,2785.977810734463,5.128786949152542,5.612701129943503,-1.6227444067796608,Tight High-Spin Breakers,1,pitch_type_specific,Curveball
"Dima, Josh",1000098214.0,GAT_GRI,Curveball,L,28,13,44.29220348998994,48.83098585705763,45.65383820011024,29.052159282108807,48.90507601936174,47.12145021656012,40.07291082445317,-3.2512378192515,45.29320522747166,32.02467750981492,1213,136,Low Priority,1266,139,66,-1.3410893691886017,Balanced,Balanced Weapon,-3.733878153846154,2.6683096923076923,80.03204492307692,1969.5597015384617,5.951165076923077,6.268503692307692,-0.784096,Tight High-Spin Breakers,1,pitch_type_specific,Curveball
"Coles, Chad",694311.0,WAS_WIL3,Four-Seam,R,129,77,42.50809344525733,56.32612161267607,46.65350189548295,35.27762198541783,49.90634021558455,50.61524302896252,57.62759394279304,-3.2528383201016027,45.29088819332851,31.968592260235557,1214,388,Development Target,1155,355,191,0.0866688536648894,Balanced,Balanced Weapon,17.870092100840335,9.815718697478992,93.23442966386554,2391.028036554622,5.798150546218487,6.043533361344538,1.5170384453781514,Soft-Speed Separation,0,pitch_type_specific,Four-Seam
"Stegura, Drew",1000258563.0,WAS_WIL3,Four-Seam,R,25,29,51.78229268159272,33.176427578408465,46.20053315063744,32.69770050476725,49.46191610063704,49.06447772214395,50.11217049915872,-3.2613829499996,45.27851819101772,31.9125070106562,1215,389,Low Priority,1201,376,200,-6.115978963194081,LHH,Left-Handed Killer,18.277384025974023,6.174755844155844,88.48421350649352,2002.6468428571427,6.355353896103896,5.938328831168832,0.4990810389610389,Soft-Speed Separation,0,pitch_type_specific,Four-Seam
"Potteiger, Jack",1000565185.0,JOL_SLA,Sinker,R,33,23,46.45924060962501,31.60592653980729,42.00324638867969,13.796971396522714,45.264718381951575,34.41885344326294,5.916993830622546,-3.2614719932718828,45.278389283680944,31.856421761076838,1216,207,Low Priority,1538,224,113,-3.878509618117356,LHH,Balanced Weapon,5.112480506329114,-14.661575189873416,89.37687,1942.0568329113928,6.388360506329113,5.318142658227848,-1.7426036708860762,Soft-Speed Separation,0,pitch_type_specific,Sinker
"Williams, Pierce",1000337420.0,NEW_ENG23,Curveball,L,71,45,42.01893827909287,51.80064409769801,44.95345002467441,25.182277061132925,48.21627478289244,44.71795989080117,29.080201906898484,-3.2628247582180308,45.276430895112966,31.800336511497473,1217,137,Low Priority,1335,142,69,-3.327212684346449,LHH,Balanced Weapon,-5.690793255813954,6.4572065697674415,75.24255796511628,2179.4817970930235,5.7658180813953495,5.930079593023256,-1.8096114534883725,Tight High-Spin Breakers,1,pitch_type_specific,Curveball
"Shinn, Nathan",1000490914.0,LAK_ERI24,Sinker,R,25,20,44.54692124825222,32.703137963679424,40.99378626288038,11.60964666292765,44.26015111053883,30.913534941236392,2.495793606281548,-3.2663648476584513,45.27130593182243,31.744251261918116,1218,208,Low Priority,1577,236,121,-5.041062076785096,LHH,Left-Handed Killer,15.884699,-10.3569994,89.3244404,1907.432792,5.7619546,5.8215296,-2.0848564,Soft-Speed Separation,0,pitch_type_specific,Sinker
"Simone, Andrew",1000132681.0,TRO_AIG,Four-Seam,L,120,81,46.02097509633175,45.55781800785348,45.88202796978827,30.622546270330904,49.1692243443696,48.043164508154746,44.89624228827818,-3.2871963745813346,45.24114827265526,31.688166012338755,1219,390,Low Priority,1238,386,182,5.745725911857655,RHH,Right-Handed Killer,15.973124204081632,8.819577510204082,91.3744778367347,1956.0033314285715,6.024441673469387,5.325568204081633,0.7882296734693878,Soft-Speed Separation,0,pitch_type_specific,Four-Seam
"Fowler, Dalton",687096.0,SUS_COU1,Four-Seam,R,46,20,52.666502067298026,29.85576800214461,45.823281847752,30.00560852495794,49.1245188526408,47.88716999015821,43.886707795849695,-3.3012370048887973,45.22082174811041,31.632080762759397,1220,391,Low Priority,1249,390,206,-10.596789331362118,LHH,Left-Handed Killer,14.637967640449435,-10.859139101123596,92.19468202247192,2106.6310078651686,5.569549325842696,6.606794719101123,-1.419548426966292,Soft-Speed Separation,0,pitch_type_specific,Four-Seam
"Vitas, Ben",1000076969.0,JOL_SLA,Four-Seam,R,181,149,42.731614155224136,46.76676103349441,43.94215821870522,21.20022434099832,47.24887035779906,41.34231673904564,17.526640493550197,-3.3067121390938468,45.212895433737884,31.575995513180033,1221,392,Low Priority,1406,448,240,1.932434901218116,Balanced,Balanced Weapon,13.78787209245742,16.266491873479318,90.05980637469585,2163.204734793187,5.167477664233577,5.451780681265207,1.932159197080292,Soft-Speed Separation,0,pitch_type_specific,Four-Seam
"Cirino, Miguel",690616.0,DOW_EAS1,Sinker,L,61,41,45.80971022211342,45.87329426178855,45.82878543401596,30.17386427369601,49.13943417069561,47.93921522578249,44.4475602916433,-3.3106487366796458,45.20719644831496,31.519910263600675,1222,209,Low Priority,1246,157,79,-0.6457831094469313,Balanced,Balanced Weapon,9.35712888,19.0302376,90.41586584,2287.9015344000004,6.23563232,4.66356872,2.28675984,Soft-Speed Separation,0,pitch_type_specific,Sinker
"Sesar, Jorden",813853.0,SUS_COU1,Four-Seam,R,353,239,44.76914747948506,53.29717651793352,47.3275561910196,38.081884464385865,50.643502395523015,53.187483138575686,66.26472237801458,-3.315946204503412,45.19952734034848,31.463825014021314,1223,393,Development Target,1105,333,181,1.5014844718637477,Balanced,Balanced Weapon,19.343731608579088,8.932454986595175,91.53600584450405,2470.2649190348525,6.252707319034853,5.811586152815013,1.9576051474530831,Soft-Speed Separation,0,pitch_type_specific,Four-Seam
"Grills, Evan",592361.0,OTT_TIT,Four-Seam,L,49,53,44.14643654761309,51.50229145085158,46.35319301858463,33.25855300056085,49.672819873678506,49.80040145649952,54.43073471676949,-3.3196268550938726,45.194198887641605,31.40773976444195,1224,394,Low Priority,1191,373,175,-2.5284921672153047,Balanced,Balanced Weapon,17.45238951388889,-10.736113194444444,87.84617027777777,2214.0571479166665,5.499572708333333,6.452293055555555,-1.4648125,Soft-Speed Separation,0,pitch_type_specific,Four-Seam
"Gartland, Chad",1000103698.0,TRI_VAL,Sinker,R,42,40,45.08753184716567,37.461198800430985,42.799631933145264,16.93774537296691,46.12728130427691,37.42866458964539,10.123387549074591,-3.327649371131649,45.18258474599821,31.35165451486259,1225,210,Low Priority,1482,208,106,-1.820348941475217,Balanced,Balanced Weapon,13.21201212121212,12.381706767676768,88.40966999999999,2073.09558989899,6.103259090909091,5.265434444444445,1.8351868686868689,Soft-Speed Separation,0,pitch_type_specific,Sinker
"Coles, Chad",694311.0,WAS_WIL3,Four-Seam,L,105,77,42.50809344525733,56.037225433793104,46.56683304181806,34.54851374088614,49.90634021558455,50.61524302896252,57.62759394279304,-3.339507173766492,45.165418286157944,31.29556926528323,1226,395,Development Target,1168,362,169,0.0866688536648894,Balanced,Balanced Weapon,17.870092100840335,9.815718697478992,93.23442966386554,2391.028036554622,5.798150546218487,6.043533361344538,1.5170384453781514,Soft-Speed Separation,0,pitch_type_specific,Four-Seam
"Saturria, Michael",800014.0,NEW_ENG23,Slider,L,118,79,56.86989975459744,45.60422653016262,53.49019778726699,72.12563095905776,56.832245183558015,74.78236803729862,99.298934380258,-3.342047396291022,45.16174082336863,31.239484015703873,1227,249,Development Target,498,182,55,1.8429443572918984,Balanced,Balanced Weapon,4.032470110294118,-7.048617242647059,80.8056963235294,2702.7638577205885,5.881795147058823,5.635620514705883,3.260348161764706,Tight High-Spin Breakers,1,pitch_type_specific,Slider
"Conklin, MacCallan",1000187772.0,TRO_AIG,Four-Seam,L,43,20,47.87521453952208,40.899372593582015,45.78246195574005,29.837352776219856,49.13321499699829,47.91751415583038,44.223219293325855,-3.350753041258244,45.149137720642464,31.18339876612451,1228,396,Low Priority,1252,391,185,2.330896023224198,Balanced,Balanced Weapon,15.892056923076922,9.80370358974359,90.5215346153846,2403.8860743589744,6.290429615384615,5.344415256410256,1.459456153846154,Soft-Speed Separation,0,pitch_type_specific,Four-Seam
"Bargo, Casey",1000057987.0,FLO_Y'A,Sinker,L,50,40,43.962442822255554,40.14061028180242,42.815893060119606,17.04991587212563,46.17336100596632,37.589454250523545,10.235558048233315,-3.3574679458467145,45.139416599158245,31.127313516545147,1229,211,Low Priority,1480,207,102,0.8833146245302643,Balanced,Balanced Weapon,12.521001891891892,15.59817288288288,91.14253657657656,2215.911009009009,5.852313783783783,6.016009639639639,2.5761516216216216,Soft-Speed Separation,0,pitch_type_specific,Sinker
"Grounds, Jackson",805984.0,TRO_AIG,Sinker,R,54,37,41.98782829915431,42.39467474053648,42.10988223156896,14.35782389231632,45.47833721353364,35.164251052795706,7.319125070106562,-3.368454981964682,45.12351074205379,31.07122826696579,1230,212,Low Priority,1528,223,112,2.3653798340180288,Balanced,Balanced Weapon,13.556181891891892,13.759918648648648,92.22067801801802,2149.284036936937,5.802492702702702,6.033521981981982,1.798818828828829,Soft-Speed Separation,0,pitch_type_specific,Sinker
"Rodriguez, Joe Joe",689487.0,NEW_JER6,Sinker,L,158,123,42.16080528191065,43.50691266566389,42.56463749703662,16.15255187885586,45.93454497615552,36.75613400239415,8.94559730790802,-3.3699074791189005,45.12140797184974,31.015143017386425,1231,213,Low Priority,1496,214,107,2.6638766032000163,Balanced,Balanced Weapon,13.434492776025236,15.577452933753944,91.44687873817034,2113.992035015773,5.735750126182966,5.653414384858045,2.504705078864353,Soft-Speed Separation,0,pitch_type_specific,Sinker
"Smith, Ethan",680733.0,WIN_CIT29,Four-Seam,L,85,67,44.22235997746632,47.80825235035864,45.29812768933401,27.089175546831186,48.69063943087995,46.37319914118952,35.58609085810432,-3.3925117415459383,45.088683935607776,30.959057767807067,1232,397,Low Priority,1301,410,194,3.079037357940692,RHH,Balanced Weapon,16.58482,9.849043846153846,89.32830053254438,2211.2915662721894,6.290477041420118,6.033445798816568,1.961482307692308,Soft-Speed Separation,0,pitch_type_specific,Four-Seam
"Woolfolk, Dallas",663762.0,MIS_MUD,Four-Seam,L,121,107,46.07536236132201,47.081569162770805,46.37722440175665,33.59506449803701,49.78668670349826,50.1977262715644,55.720695457094784,-3.4094623017416126,45.06414472544972,30.902972518227706,1233,398,Development Target,1185,370,172,0.6874940033881813,Balanced,Balanced Weapon,19.3774291958042,12.99997353146853,92.57369902097902,2377.195368181818,5.480329020979021,6.455789895104895,1.2000197552447551,Soft-Speed Separation,0,pitch_type_specific,Four-Seam
"Perozzi, John",1000377762.0,SUS_COU1,Four-Seam,L,157,77,47.92376714373461,47.01091426573828,47.64991128033571,40.04486819966348,51.05973801018833,54.639888012603535,70.75154234436343,-3.4098267298526252,45.06361714536384,30.84688726864834,1234,399,Development Target,1070,319,143,4.077717667021268,RHH,Balanced Weapon,21.44643848837209,9.046792558139536,91.64448740310078,2209.4039093023257,5.997787170542636,6.15393996124031,0.4643793798449612,Soft-Speed Separation,0,pitch_type_specific,Four-Seam
"Willeman, Landon",812254.0,EVA_OTT,Curveball,L,82,30,45.31908699680268,43.75307807558886,44.849284320438535,24.7896803140774,48.28351525872341,44.952587566540494,29.64105440269209,-3.434230938284877,45.028287339590655,30.790802019068984,1235,138,Low Priority,1342,144,71,0.8329666895795214,Balanced,Balanced Weapon,-8.6421396,-10.359621066666667,77.2880624,2093.221241333333,5.364183733333333,5.650952266666667,1.8303125333333328,Tight High-Spin Breakers,1,pitch_type_specific,Curveball
"Sabatine, Gino",1000229070.0,TRI_VAL,Four-Seam,R,41,23,35.63012463586534,62.36665644217098,43.65108417775703,20.190689848569825,47.09148314393516,40.7931326988731,16.040381379697138,-3.4403989661781296,45.019357927760836,30.734716769489623,1236,400,Low Priority,1424,457,245,,,,14.643403174603174,11.514934285714286,88.61576571428571,1845.5062698412696,5.018118571428571,6.106778888888889,1.5272388888888888,Soft-Speed Separation,0,pitch_type_specific,Four-Seam
"Boies, Emiles",1000429129.0,QUE_CAP,Sinker,L,139,109,42.63779299839129,42.00011805070949,42.44649051408675,15.647784632641615,45.899447817609975,36.633666624928,8.496915311273137,-3.4529573035232275,45.001177308607865,30.678631519910265,1237,214,Low Priority,1505,217,109,0.8517453455767381,Balanced,Balanced Weapon,14.55554595505618,15.988912883895132,87.62292651685394,2121.6986146067416,6.101300224719101,5.598972172284644,2.565214906367041,Soft-Speed Separation,0,pitch_type_specific,Sinker
"Vitas, Ben",1000076969.0,JOL_SLA,Sinker,L,150,98,45.412948409975286,36.50159222797648,42.739541555375645,16.713404374649468,46.19313704974076,37.65846041279076,10.572069545709478,-3.4535954943651177,45.000253404087346,30.622546270330904,1238,215,Low Priority,1486,211,105,1.5497531370557311,Balanced,Balanced Weapon,14.749650236486485,17.646672195945946,90.18214493243244,2179.213839864865,5.110818277027027,5.563352398648649,1.6489700675675676,Soft-Speed Separation,0,pitch_type_specific,Sinker
"De Jesus, Larry",692356.0,DOW_EAS1,Sinker,R,54,31,42.36867211646042,50.813247411742296,44.90204470504498,24.90185081323612,48.370418071694814,45.25582463871627,30.762759394279303,-3.4683733666498355,44.97885957937021,30.56646102075154,1239,216,Low Priority,1340,178,89,2.282756870059302,Balanced,Balanced Weapon,14.213368252427184,16.279876990291264,89.49227669902912,2375.163904854369,5.171799126213592,5.679699223300971,2.0670430097087378,Soft-Speed Separation,0,pitch_type_specific,Sinker
"Blair, Davis",836357.0,DOW_EAS1,Four-Seam,R,111,62,43.67269715541012,50.24815012041045,45.64533304491022,28.71564778463264,49.11539282260623,47.85532578933603,43.60628154795289,-3.470059777696015,44.976418173623294,30.510375771172182,1240,401,Low Priority,1272,398,210,0.2425924161600647,Balanced,Balanced Weapon,16.603778039215687,8.077865049019607,91.7036124509804,2083.65732254902,5.593647598039215,5.866440980392157,0.7180963725490196,Soft-Speed Separation,0,pitch_type_specific,Four-Seam
"Williams, Brian",1000079778.0,MIS_MUD,Four-Seam,R,390,277,42.04630962432712,54.38041037550339,45.74653984968,29.613011777902408,49.23887661768818,48.2862078655483,45.79360628154795,-3.4923367680081796,44.94416792698551,30.45429052159282,1241,402,Low Priority,1256,394,207,2.3170695507595767,Balanced,Balanced Weapon,17.823936059817946,8.155637646293888,89.23870300390116,2252.008390377113,6.3186927178153445,6.31767455136541,2.679903459037712,Soft-Speed Separation,0,pitch_type_specific,Four-Seam
"Kassebaum, Torin",10120793.0,LON_ISL22,Curveball,L,25,16,39.75603461914604,48.6927824119512,42.43705895698759,15.479528883903534,45.93076009248731,36.74292709915559,8.721256309590578,-3.4937011354997196,44.94219274149186,30.398205272013463,1242,139,Low Priority,1508,171,82,-1.9398167170788625,Balanced,Balanced Weapon,1.1112870909090908,10.247508363636364,71.56442527272726,2155.4375472727274,5.305760363636364,4.3057965454545455,-3.112567272727273,Tight High-Spin Breakers,1,pitch_type_specific,Curveball
"Huter, Blayne",1000145980.0,SUS_COU1,Four-Seam,L,61,57,48.87653795512247,37.02891174916555,45.3222500933354,27.313516545148627,48.81977247671535,46.82379360874898,38.72686483454852,-3.497522383379952,44.9366607470494,30.3421200224341,1243,403,Low Priority,1297,409,193,6.526447068905469,RHH,Right-Handed Killer,17.073467605633805,6.168043028169015,87.06390936619718,2055.407785211268,6.5439219718309865,5.933560211267606,1.5618921126760563,Soft-Speed Separation,0,pitch_type_specific,Four-Seam
"Reeves, Cobe",802696.0,NEW_YOR13,Four-Seam,R,41,19,42.16682905094497,51.33531183215421,44.91737388530774,25.01402131239484,48.42124358088912,45.43317423273914,31.6320807627594,-3.503869695581379,44.927471786551834,30.28603477285474,1244,404,Low Priority,1338,428,230,,,,13.045716470588236,-9.212207647058824,90.70746333333334,1965.0864392156864,5.857921764705882,6.076130196078431,-1.314903333333333,Soft-Speed Separation,0,pitch_type_specific,Four-Seam
"Kemlage, Joe",703240.0,NEW_ENG23,Sinker,L,92,57,46.79421474306251,49.55845451580611,47.623486674885584,39.93269770050477,51.15188506611466,54.96142424938694,72.26584408300617,-3.528398391229075,44.89196176148757,30.22994952327538,1245,217,Development Target,1072,129,63,-0.9801372947810876,Balanced,Balanced Weapon,8.454595533980584,-15.3271013592233,91.01927776699029,2433.314283009709,5.8610802912621365,5.195560631067961,-2.9895412621359223,Soft-Speed Separation,0,pitch_type_specific,Sinker
"Sanchez, Edwin",835958.0,LAK_ERI24,Changeup,R,141,34,42.25236645881381,55.82216449867244,46.32330587077139,33.20246775098149,49.86914816924345,50.48546578867443,56.982613572630406,-3.54584229847206,44.86670833618057,30.173864273696015,1246,160,Development Target,1192,164,71,,,,6.73844841772152,-15.841872911392404,80.39769,1950.5064740506327,5.770928924050633,4.840709936708861,-1.6227856962025318,Tight High-Spin Breakers,1,pitch_type_specific,Changeup
"Miranda, Kevin",806656.0,OTT_TIT,Changeup,L,97,44,49.00126066827044,43.90357629897961,47.47195535748319,38.75490745933819,51.02748051420883,54.527329301301926,70.13460459899046,-3.5555251567256434,44.852690528457856,30.117779024116658,1247,161,Development Target,1093,147,84,-1.3187912194454938,Balanced,Balanced Weapon,8.586778695652173,12.399634720496897,79.56102900621119,1428.5507639751554,6.095145403726708,5.356828571428571,1.1006377018633542,Soft-Speed Separation,0,pitch_type_specific,Changeup
"Peters, Garrett",833402.0,NEW_YOR13,Changeup,L,134,200,48.2380527484315,43.64591956425278,46.86041279317788,36.11890072910825,50.41888351869503,52.40370217411896,63.34828939988783,-3.5584707255171537,44.8484262486479,30.061693774537297,1248,162,Development Target,1140,156,89,1.6337578698907933,Balanced,Balanced Weapon,12.037377540983606,-14.182308688524593,80.09260162295081,1850.2219836065567,5.958938505747127,5.685931196721311,-2.506887770491803,Tight High-Spin Breakers,1,pitch_type_specific,Changeup
"Barker, Alex",1000106691.0,NEW_YOR13,Four-Seam,R,251,124,43.85798087312798,48.286864002407135,45.18664581191173,26.52832305103757,48.746942440079394,46.56966182266733,36.988222097588334,-3.560296628167663,44.84578290185866,30.00560852495794,1249,405,Low Priority,1311,416,221,-3.6499473047090447,LHH,Balanced Weapon,15.341966772334295,-8.274127262247838,87.20455997118155,2183.407351873199,6.0966636599423625,6.030482507204611,-2.410992103746397,Soft-Speed Separation,0,pitch_type_specific,Four-Seam
"Forsyth, Braden",687732.0,MIS_MUD,Four-Seam,L,159,122,48.77570288424627,40.84937172158216,46.39780353544703,33.65114974761638,49.96562129010484,50.82209731662388,58.46887268648345,-3.56781775465781,44.83489461843696,29.949523275378574,1250,406,Development Target,1184,369,171,4.392596978074309,RHH,Balanced Weapon,19.149518847262247,9.597321873198847,90.57843314121035,2236.4333530259364,6.586397348703169,6.218471613832853,1.4255877233429397,Soft-Speed Separation,0,pitch_type_specific,Four-Seam
"Carroll, Jake",1000088275.0,JOL_SLA,Curveball,R,25,15,51.08931145589924,25.453454467053263,43.398554359245445,19.068984856982613,46.96785880280556,40.36176020387532,14.722378014582166,-3.569304443560114,44.83274234907288,29.893438025799213,1251,140,Low Priority,1444,159,82,-9.35235974398902,LHH,Left-Handed Killer,-6.169631527777778,7.543053055555556,75.48692902777778,2018.1722888888887,6.20755125,6.167962361111112,-2.0975656944444445,Tight High-Spin Breakers,1,pitch_type_specific,Curveball
"Cooper, Garrett",1000327042.0,NEW_YOR13,Changeup,L,238,113,49.01395209789761,53.625704298553366,50.39747775809433,55.46831183398766,54.01106031212289,64.93817759938841,91.27874369040944,-3.613582554028561,44.768641231136726,29.837352776219856,1252,163,Development Target,795,108,59,-1.1046821837944094,Balanced,Balanced Weapon,9.156014628712873,7.77421301980198,77.30412547029702,1389.310026980198,6.365619133663366,5.683856757425743,1.89657594059406,Soft-Speed Separation,0,pitch_type_specific,Changeup
"Hicks, Jackson",703104.0,DOW_EAS1,Four-Seam,L,49,20,41.39660799112296,52.46972076430879,44.71854182307871,23.892316320807627,48.34016091167604,45.15024586280867,30.22994952327538,-3.6216190885973276,44.757006794961825,29.78126752664049,1253,407,Low Priority,1358,434,202,,,,17.919139027777778,12.222332777777778,86.45240958333333,2118.777130555556,5.414048888888889,5.937598055555556,1.216328888888889,Soft-Speed Separation,0,pitch_type_specific,Four-Seam
"Wehrle, Tyler",806332.0,WIN_CIT29,Sinker,L,72,33,42.876569011240825,47.39923964537228,44.23337020148026,22.153673583847446,47.85581493621322,43.46017795248916,23.079080201906898,-3.6224447347329587,44.75581151269359,29.725182277061137,1254,218,Low Priority,1389,186,92,-1.1649144261020652,Balanced,Balanced Weapon,15.41889933962264,16.385672358490567,91.38265613207548,2320.548990566038,5.684806226415095,5.724398301886792,1.6155698113207546,Soft-Speed Separation,0,pitch_type_specific,Sinker
"Balzan, Jackson",827496.0,SUS_COU1,Changeup,L,91,126,52.3171144953992,34.28628293692032,46.907865027855536,36.45541222658441,50.53818776282556,52.820000202356425,64.46999439147504,-3.6303227349700222,44.7444065855873,29.669097027481772,1255,164,Development Target,1134,154,87,4.459502359923548,RHH,Balanced Weapon,9.528286070381233,-13.79540457478006,79.93696997067448,1872.052471554252,5.365953108504399,5.437258269794722,-1.0729853372434015,Tight High-Spin Breakers,1,pitch_type_specific,Changeup
"Willeman, Landon",812254.0,EVA_OTT,Four-Seam,R,324,213,41.44143292918734,56.84832462559764,46.06350043811042,31.80033651149748,49.70908524715302,49.9269451815846,54.823331463825006,-3.645584809042603,44.722311785250824,29.613011777902408,1256,408,Low Priority,1217,380,202,2.505153136293039,Balanced,Balanced Weapon,18.29366221112696,12.242384479315264,90.76442171184024,2190.5737443651924,5.818649001426533,5.636970342368046,1.868819144079886,Soft-Speed Separation,0,pitch_type_specific,Four-Seam
"Armstrong, Andrew",803262.0,NEW_YOR13,Four-Seam,R,103,47,45.096068851029614,47.66946735009338,45.86808840074874,30.398205272013463,49.52119429345934,49.27132195446149,51.850813236118896,-3.653105892710599,44.711423563822464,29.556926528323054,1257,409,Low Priority,1242,387,205,-2.3647215300680102,Balanced,Balanced Weapon,14.816501807228915,-9.47959421686747,89.10762228915662,2135.8218957831323,6.434437831325302,5.3678031325301205,-2.3647346987951807,Soft-Speed Separation,0,pitch_type_specific,Four-Seam
"Kelly, Aiden",1000062337.0,TRI_VAL,Four-Seam,L,89,53,45.44540486311071,44.140787387617934,45.05401962046288,25.85530005608525,48.71634836029409,46.46290740514278,36.42736960179473,-3.66232873983121,44.69807171107331,29.50084127874369,1258,410,Low Priority,1323,422,197,2.3243950496518693,Balanced,Balanced Weapon,15.50191027027027,8.451856418918918,90.13622486486489,2247.748772972973,5.9936273648648655,5.664782702702703,2.1294534459459458,Soft-Speed Separation,0,pitch_type_specific,Four-Seam
"Sanchez, Edwin",835958.0,LAK_ERI24,Sinker,L,100,94,43.029283363924485,50.80160312286604,45.36097929160695,27.53785754346607,49.03057865230635,47.55937678836164,42.14806505888952,-3.669599360699401,44.687546082928606,29.44475602916433,1259,219,Low Priority,1293,165,83,-3.153284736922373,LHH,Balanced Weapon,15.608988689024391,-14.210542195121953,87.65565396341464,2122.8173091463414,5.873580640243903,5.027597743902439,-1.4835388719512197,Soft-Speed Separation,0,pitch_type_specific,Sinker
"Joven, Art",1000048892.0,MIS_MUD,Changeup,L,120,162,45.16459474672071,41.05120482864641,43.93057777129842,21.0880538418396,47.6114956158653,42.607654623898426,20.947840717891197,-3.680917844566885,44.67116039118223,29.38867077958497,1260,165,Low Priority,1408,191,106,1.7470779374206415,Balanced,Balanced Weapon,5.189333619631902,-15.52701991820041,81.598094601227,1807.213602453988,5.252220306748466,5.080659018404908,-2.2088195910020447,Tight High-Spin Breakers,1,pitch_type_specific,Changeup
"Fuenmayor, Liu",673884.0,OTT_TIT,Changeup,R,42,19,37.60589642955837,48.16618719308391,40.77398365861603,10.544026920919798,44.46939681209035,31.64367303152733,3.365114974761638,-3.6954131534743198,44.65017563153539,29.332585530005606,1261,166,Low Priority,1596,208,94,,,,-1.2208458928571428,-15.321449285714284,83.11203607142856,1374.9090678571429,4.9029219642857145,4.586104642857143,-1.8733839285714284,Tight High-Spin Breakers,1,pitch_type_specific,Changeup
"Villalobos, Jonaiker",665690.0,FLO_Y'A,Four-Seam,R,357,207,46.39716973899225,42.57099114288459,45.24931616015994,27.03309029725182,48.95953458620455,47.31147693490968,40.91418956814358,-3.710218426044605,44.628742139612086,29.276500280426248,1262,411,Low Priority,1302,411,217,-2.5738604385954247,Balanced,Balanced Weapon,14.789554773109243,-9.951222470588236,87.85645416806723,2216.0247068907565,5.868479915966387,5.864411445378152,-1.2545834285714286,Soft-Speed Separation,0,pitch_type_specific,Four-Seam
"Blair, Davis",836357.0,DOW_EAS1,Four-Seam,L,93,62,43.67269715541012,49.439508733210246,45.40274062875015,27.65002804262479,49.11539282260623,47.85532578933603,43.60628154795289,-3.71265219385608,44.62521879058337,29.220415030846887,1263,412,Low Priority,1291,407,191,0.2425924161600647,Balanced,Balanced Weapon,16.603778039215687,8.077865049019607,91.7036124509804,2083.65732254902,5.593647598039215,5.866440980392157,0.7180963725490196,Soft-Speed Separation,0,pitch_type_specific,Four-Seam
"Wiltse, Ryan",813813.0,EVA_OTT,Four-Seam,L,327,224,42.42260250309416,53.79787670331677,45.83518476316094,30.22994952327538,49.55078284113506,49.37456768679552,52.63600673022994,-3.7155980779741213,44.62095405427735,29.16432978126753,1264,413,Low Priority,1245,388,183,-0.2758645987892123,Balanced,Balanced Weapon,20.339370273972605,9.499117427701677,87.04681837138509,2163.4621757990867,6.05485800608828,6.399511933028919,1.2157194824961948,Soft-Speed Separation,0,pitch_type_specific,Four-Seam
"Bradford, Ethan",688428.0,NEW_YOR13,Sinker,L,109,84,45.395423459655646,45.22740078849532,45.34501665830754,27.481772293886703,49.06075096950902,47.66465951531211,42.76500280426248,-3.71573431120148,44.62075683036509,29.108244531688165,1265,220,Low Priority,1294,166,84,-1.2533045204668056,Balanced,Balanced Weapon,6.909320976430976,-15.743344646464648,90.21491626262626,2203.632334006734,5.688250976430977,4.839772727272727,-3.086771818181818,Soft-Speed Separation,0,pitch_type_specific,Sinker
"Garcia, Jorge",1000221236.0,SUS_COU1,Changeup,L,61,30,41.80188682266476,56.13215351482535,46.100966830312935,32.13684800897364,49.829115447264975,50.34577634722937,56.33763320246775,-3.7281486169520406,44.60278472476725,29.052159282108807,1266,167,Development Target,1211,168,96,-0.6800693265176889,Balanced,Balanced Weapon,11.912322555555557,9.600296333333333,81.98148977777777,1532.280638888889,5.983508333333334,5.3747374444444445,1.2477781111111113,Soft-Speed Separation,0,pitch_type_specific,Changeup
"Serratos, Oscar",8898893.0,WIN_CIT29,Four-Seam,L,41,34,39.76677572945149,53.05546175361351,43.75338153670009,20.47111609646663,47.482026879542175,42.15588880414479,19.32136848008974,-3.7286453428420856,44.60206561809076,28.996074032529446,1267,414,Low Priority,1419,454,211,2.5129614419861213,Balanced,Balanced Weapon,13.19493569767442,10.219343023255815,91.54717744186046,2206.8458209302325,5.584451279069768,5.927633953488372,1.7043016279069767,Soft-Speed Separation,0,pitch_type_specific,Four-Seam
"Sanchez, Dikember",699129.0,LAK_ERI24,Slider,R,71,15,40.43160790425081,69.32034144286551,49.09822796583522,48.34548513740886,52.82916952340562,60.81410968779983,83.25855300056085,-3.7309415575703966,44.598741403720524,28.93998878295008,1268,250,Development Target,922,267,168,5.223809751212784,RHH,Right-Handed Killer,2.081785045045045,-3.666299549549549,85.93030765765766,2555.0023990990994,5.319878648648649,5.499674054054054,1.5293935135135135,Tight High-Spin Breakers,1,pitch_type_specific,Slider
"Elliott, Eric",830233.0,MIS_MUD,Four-Seam,L,54,27,40.801359726900685,61.385910879949925,46.976725072815455,36.67975322490185,50.70806963572037,53.4127828752178,66.88166012338755,-3.7313445629049156,44.598157975651816,28.883903533370724,1269,415,Development Target,1130,346,159,-3.410488220295406,LHH,Balanced Weapon,21.16333118110236,-3.85306937007874,87.23082858267716,2227.8720251968502,6.24320748031496,6.622020787401574,-1.1119302362204724,Soft-Speed Separation,0,pitch_type_specific,Four-Seam
"Benitez, Jorge",1000561771.0,NEW_JER6,Four-Seam,L,52,46,42.38276812861661,50.16622029510973,44.717803778564544,23.836231071228266,48.46728687936856,45.593836868928086,31.88446438586652,-3.7494831008040137,44.57189893829095,28.827818283791363,1270,416,Low Priority,1359,435,203,-4.114955834930051,LHH,Balanced Weapon,10.56889731707317,-10.422675853658536,93.32554463414634,2177.523246341464,6.051386178861789,5.27193569105691,-2.838878292682927,Soft-Speed Separation,0,pitch_type_specific,Four-Seam
"Martzolf, Max",824782.0,OTT_TIT,Changeup,L,91,66,44.78309206211957,43.04348648899232,44.26121039018139,22.20975883342681,48.02130984873636,44.03765284677155,25.771172181716206,-3.7600994585549685,44.55652970972526,28.771733034212005,1271,168,Low Priority,1388,189,104,-2.331685468954383,Balanced,Balanced Weapon,9.431473092783506,-19.534553917525773,83.23750716494845,2044.1656632474228,5.418927113402062,4.946608144329897,-1.5604359793814433,Tight High-Spin Breakers,1,pitch_type_specific,Changeup
"Toribio, Noe",672848.0,TRO_AIG,Sinker,R,224,175,35.220180094294975,51.2574095814192,40.03134894043224,8.524957936062815,43.79847844431352,29.302582857834707,1.9349411104879417,-3.7671295038812787,44.546352361148486,28.71564778463264,1272,221,Low Priority,1632,253,132,2.057101438446516,Balanced,Balanced Weapon,11.388700507518797,17.78850477443609,90.27628233082706,2022.50865056391,5.770833421052632,5.797603402255639,2.170676372180451,Soft-Speed Separation,0,pitch_type_specific,Sinker
"Brothers, Kellen",1000131959.0,SUS_COU1,Slider,R,68,26,47.28201630177449,61.18351386925006,51.45246557201716,61.24509254066181,55.24811399380867,69.25472989191437,97.1396522714526,-3.795648421791512,44.50506571858324,28.65956253505328,1273,251,Development Target,692,220,148,,,,7.869923866666666,-1.8597986666666668,82.27901613333333,2355.398138666667,6.251303466666666,5.972452133333333,2.6792978666666665,Soft-Speed Separation,0,pitch_type_specific,Slider
"Milburn, Isaac",830926.0,FLO_Y'A,Curveball,R,140,30,50.26109520901797,41.77122640072776,47.7141345665309,40.661805945036456,51.512126374818,56.21844362531804,75.0701065619742,-3.797991808287101,44.50167321396788,28.60347728547392,1274,141,Development Target,1059,122,64,-0.6407679637806751,Balanced,Balanced Weapon,-9.49890031674208,13.427925701357465,76.8378366515837,2601.6314705882355,4.927940316742082,5.825355384615385,-1.607468190045249,Tight High-Spin Breakers,1,pitch_type_specific,Curveball
"Campbell, AJ",1000132168.0,WIN_CIT29,Changeup,L,76,17,45.42303805641885,51.74694704920308,47.32021075425411,37.96971396522715,51.121532460175096,54.85551242624438,72.18171620863713,-3.8013217059209836,44.49685254391925,28.54739203589456,1275,169,Development Target,1107,152,85,,,,7.361383586956522,9.716632717391304,81.09336978260869,2098.6811869565217,5.360229130434782,5.822635217391305,1.7378182608695651,Tight High-Spin Breakers,1,pitch_type_specific,Changeup
"Figueredo, Kevin",1000210447.0,WIN_CIT29,Curveball,L,45,12,44.03374384286207,48.73876324283812,45.44524966285488,27.87436904094223,49.248265515084746,48.31896931089336,46.24228827818283,-3.803015852229869,44.49439993988538,28.491306786315203,1276,142,Low Priority,1287,140,67,-1.0401556609040554,Balanced,Balanced Weapon,-3.519105384615385,4.930871153846154,75.75797012820513,2324.06502948718,4.998615384615385,5.241857564102564,-3.2362719230769232,Tight High-Spin Breakers,1,pitch_type_specific,Curveball
"Fauci, Sonny",688649.0,NEW_JER6,Four-Seam,L,245,160,47.4649133953275,41.8307605134022,45.77466753074991,29.725182277061137,49.59914876884641,49.54333486257247,53.477285473920354,-3.824481238096503,44.46332464745703,28.43522153673584,1277,417,Low Priority,1254,392,186,3.307781438680699,RHH,Balanced Weapon,16.8730219874477,12.496747071129708,93.86478721757322,2240.0859481171547,6.483004456066946,5.91648820083682,2.0139431380753137,Soft-Speed Separation,0,pitch_type_specific,Four-Seam
"Serrano, Elio",665939.0,NEW_JER6,Curveball,R,47,24,43.383171272622576,51.12451206768803,45.705573511142205,29.38867077958497,49.53138826991928,49.30689262783613,52.18732473359506,-3.825814758777078,44.461394118680815,28.379136287156477,1278,143,Low Priority,1260,137,72,2.6072915565379446,Balanced,Balanced Weapon,-9.829947850467288,-13.7732738317757,75.72053700934579,2283.182781308411,5.129723644859814,5.850391962616823,1.7535091588785048,Tight High-Spin Breakers,1,pitch_type_specific,Curveball
"Cook, Cole",1000161363.0,SCH_BOO,Changeup,R,278,84,44.813768548985735,48.535959805034224,45.93042592580028,31.127313516545147,49.76778927157739,50.13178592128816,55.49635445877734,-3.8373633457771135,44.44467530820192,28.32305103757712,1279,170,Development Target,1229,170,74,1.2337400472755462,Balanced,Balanced Weapon,9.415589936507937,-9.85823253968254,80.89949815873015,1863.2663174603167,5.46795346031746,5.660094476190476,-1.175062507936508,Tight High-Spin Breakers,1,pitch_type_specific,Changeup
"Voytko, Fawster",1000207039.0,TRO_AIG,Four-Seam,R,111,86,42.029965223893,51.084798383877406,44.74641517188832,24.00448681996635,48.58608094752523,46.00835469853544,33.230510375771175,-3.8396657756369095,44.44134209622831,28.266965787997755,1280,418,Low Priority,1356,433,232,1.7490610224370968,Balanced,Balanced Weapon,15.633439206349204,5.7595126190476185,89.48168261904762,2131.983070238095,6.660489642857143,6.108241150793651,1.5513017857142857,Soft-Speed Separation,0,pitch_type_specific,Four-Seam
"Blair, Davis",836357.0,DOW_EAS1,Slider,L,38,19,51.13782506332043,40.95646648235848,48.08341748903184,42.84913067863152,51.92562072967903,57.66128319796262,77.65002804262478,-3.842203240647194,44.43766862547352,28.210880538418397,1281,252,Development Target,1020,277,106,10.711385622266327,RHH,Right-Handed Killer,3.5963564646464645,-5.853289090909091,81.92703404040404,2145.676063131313,5.11264797979798,5.611588080808081,0.9594122222222222,Tight High-Spin Breakers,1,pitch_type_specific,Slider
"Girard, John",1000113616.0,FLO_Y'A,Changeup,R,49,19,45.36461014937038,44.67643318914144,45.158157061301694,26.247896803140776,49.02150249689588,47.52770661913258,42.00785193494111,-3.8633454355941836,44.4070612143309,28.154795288839036,1282,171,Low Priority,1316,181,82,,,,8.28256366197183,-12.31787704225352,80.90379830985916,1636.416747887324,5.609087605633803,5.746743661971831,-1.838487042253521,Tight High-Spin Breakers,1,pitch_type_specific,Changeup
"Rivera, Matthew",681344.0,NEW_ENG23,Four-Seam,R,143,94,37.33023358000064,63.684341245154016,45.23646587954665,26.920919798093102,49.100311230863625,47.8027003613734,42.93325855300056,-3.863845351316975,44.40633748975535,28.09871003925967,1283,419,Low Priority,1304,412,218,3.784863297143772,RHH,Balanced Weapon,18.11896546184739,9.746404136546184,88.1554762248996,2384.789635742972,6.361754859437752,6.165584899598394,1.6684502409638555,Soft-Speed Separation,0,pitch_type_specific,Four-Seam
"Cerda, Junior",693702.0,EVA_OTT,Slider,L,55,32,53.42565864356359,38.88842320197384,49.06448801108666,48.0089736399327,52.93472550762119,61.18243479155332,83.70723499719574,-3.8702374965345285,44.397083624806726,28.042624789680314,1284,253,Development Target,928,268,100,12.33347303940785,RHH,Right-Handed Killer,-1.9948805263157896,-7.240299590643275,82.50589578947368,2609.367944444444,4.887694327485381,5.091883684210526,2.2728676608187133,Tight High-Spin Breakers,1,pitch_type_specific,Slider
"Williams, Brian",1000079778.0,MIS_MUD,Slider,L,103,78,50.49158291266919,45.96749394999586,49.13435622386719,48.62591138530566,53.00582249632842,61.4305193121682,84.66068424004487,-3.871466272461234,44.39530473429488,27.986539540100953,1285,254,Development Target,917,266,99,5.917887778878821,RHH,Right-Handed Killer,4.098148123076923,-0.6308296307692308,81.52390470769231,2160.976376,5.914474369230769,6.080797784615385,2.9531076307692308,Tight High-Spin Breakers,1,pitch_type_specific,Slider
"Blence, Connor",1000397550.0,WIN_CIT29,Slider,R,31,21,42.36345438168836,75.74445940413291,52.37775588842173,65.73191250701066,56.271611525447085,72.82610329469821,98.68199663488502,-3.8938556370253536,44.36289180422048,27.930454290521595,1286,255,Development Target,612,208,142,9.07291313772668,RHH,Right-Handed Killer,3.7576898734177218,-4.933061772151899,79.49018126582278,2552.458512658228,5.971877721518988,5.1464522784810125,1.8440903797468355,Tight High-Spin Breakers,1,pitch_type_specific,Slider
"Lefebvre, Charles",1000429097.0,TRO_AIG,Four-Seam,R,33,20,40.51453582340899,52.418535619402334,44.085735762206994,21.648906337633203,47.99626975242972,43.95027839672326,25.434660684240047,-3.9105339902227243,44.33874666627366,27.87436904094223,1287,420,Low Priority,1398,446,239,4.1747741500605855,RHH,Balanced Weapon,16.00241705882353,12.084728529411764,89.66797161764705,2254.4522852941177,6.412678235294117,6.394966911764706,1.0562166176470589,Soft-Speed Separation,0,pitch_type_specific,Four-Seam
"Harris, Ben",1000390130.0,GAT_GRI,Four-Seam,R,353,204,43.10998216394215,49.4989356743198,45.026668217055445,25.74312955692653,48.94089737828004,47.24644460544504,40.63376332024677,-3.914229161224597,44.333397192466414,27.81828379136287,1288,421,Low Priority,1325,423,226,0.7047725151758755,Balanced,Balanced Weapon,17.11136430420712,8.257718576051781,90.82912834951456,2345.385675728155,5.87405221682848,6.331642297734628,0.5950073786407767,Soft-Speed Separation,0,pitch_type_specific,Four-Seam
"Peyton, Blake",1000017005.0,GAT_GRI,Curveball,L,46,26,50.118992178491965,46.87231257116407,49.14498829629359,48.73808188446439,53.05976686683724,61.61875180331718,85.10936623667975,-3.9147785705436533,44.332601816349786,27.762198541783512,1289,144,Development Target,915,107,48,1.0893828760445317,Balanced,Balanced Weapon,-7.153124452554745,9.401601459854014,77.61717474452554,2713.7002058394164,5.222023430656934,6.427412554744525,-1.6252658394160584,Tight High-Spin Breakers,1,pitch_type_specific,Curveball
"Misla, Luis",695417.0,TRI_VAL,Four-Seam,L,156,140,43.39515138667163,54.2433914562674,46.64962340755036,35.22153673583848,50.57415277554778,52.94549585417428,64.97476163768928,-3.9245293679974225,44.31848565351124,27.706113292204147,1290,422,Development Target,1156,356,165,-4.493073024116036,LHH,Balanced Weapon,17.539333858267717,-11.36158007874016,88.75923595800526,2404.427011023622,5.818691364829396,5.761475695538058,-1.423159186351706,Soft-Speed Separation,0,pitch_type_specific,Four-Seam
"Cirino, Miguel",690616.0,DOW_EAS1,Sinker,R,64,41,45.80971022211342,43.72068389696546,45.18300232456903,26.472237801458213,49.13943417069561,47.93921522578249,44.4475602916433,-3.956431846126577,44.27230065393973,27.65002804262479,1291,222,Low Priority,1312,170,85,-0.6457831094469313,Balanced,Balanced Weapon,9.35712888,19.0302376,90.41586584,2287.9015344000004,6.23563232,4.66356872,2.28675984,Soft-Speed Separation,0,pitch_type_specific,Sinker
"Campbell, AJ",1000132168.0,WIN_CIT29,Four-Seam,L,260,161,39.76445943718553,47.88546059836673,42.20075978553989,14.694335389792483,46.173929252314366,37.59143707884594,10.347728547392036,-3.973169466774479,44.248069714909796,27.59394279304543,1292,423,Low Priority,1522,491,232,2.259497588898072,Balanced,Balanced Weapon,11.42141928870293,8.033278535564854,88.1911960460251,2413.162917573222,5.481140920502092,6.064650878661087,1.6545492887029287,Soft-Speed Separation,0,pitch_type_specific,Four-Seam
"Smith, Donny",1000381366.0,JOL_SLA,Slider,R,29,10,43.34660735677027,64.6006279638174,49.72281353888441,52.04711160964667,53.70379895645142,63.866025494056245,89.76444195176668,-3.9809854175670125,44.236754616360315,27.53785754346607,1293,256,Development Target,856,253,163,7.989325754470158,RHH,Right-Handed Killer,-2.396975,-5.369761212121213,78.45787833333334,2475.636813636364,5.158817424242424,5.62883409090909,2.559520909090909,Tight High-Spin Breakers,1,pitch_type_specific,Slider
"Smith, Ben",814168.0,NEW_ENG23,Sinker,R,50,19,45.29317373678458,42.59953363265296,44.48508170554509,22.994952327537856,48.46823903800683,45.5971593137126,31.96859226023556,-3.9831573324617366,44.23361035000971,27.481772293886706,1294,223,Low Priority,1374,183,93,,,,10.508937857142856,-12.061670857142856,86.792901,2139.486914285714,5.785250571428572,4.943828142857143,-1.4405827142857142,Soft-Speed Separation,0,pitch_type_specific,Sinker
"Wiltse, Ryan",813813.0,EVA_OTT,Four-Seam,R,330,224,42.42260250309416,52.878328040686064,45.55932016437173,28.266965787997755,49.55078284113506,49.37456768679552,52.63600673022994,-3.9914626767633337,44.22158675982159,27.425687044307345,1295,424,Low Priority,1280,403,214,-0.2758645987892123,Balanced,Balanced Weapon,20.339370273972605,9.499117427701677,87.04681837138509,2163.4621757990867,6.05485800608828,6.399511933028919,1.2157194824961948,Soft-Speed Separation,0,pitch_type_specific,Four-Seam
"Tiburcio, David",696010.0,DOW_EAS1,Sinker,R,70,65,37.4608810052202,49.33210786346745,41.02224906269437,11.66573191250701,45.0362253117317,33.62155393986562,5.131800336511497,-4.013976249037327,44.18899401509442,27.369601794727988,1296,224,Low Priority,1576,235,120,1.3400311709027832,Balanced,Balanced Weapon,11.898514492753623,17.581457439613526,92.69128473429951,2236.370101449276,5.177564299516908,6.265715217391304,1.2914987922705314,Soft-Speed Separation,0,pitch_type_specific,Sinker
"Morgan, Cooper",692707.0,QUE_CAP,Cutter,L,68,48,48.293755594272994,40.23765710896728,45.87692604868128,30.510375771172185,49.91561042830812,50.64759033819941,57.73976444195177,-4.038684379626844,44.15322422329111,27.313516545148627,1297,56,Development Target,1240,59,27,-0.049693339710096,Balanced,Balanced Weapon,8.751912424242423,-2.976781590909091,86.41407242424242,2150.091076515152,5.906505,4.9167175,-4.172095378787879,Soft-Speed Separation,0,pitch_type_specific,Cutter
"Gartland, Chad",1000103698.0,SUS_COU1,Four-Seam,R,53,35,45.76330723320632,43.418206960844216,45.05977715149768,25.96747055524397,49.10398955569939,47.81553544018813,43.045429052159285,-4.044212404201716,44.14522133989164,27.25743129556927,1298,425,Low Priority,1321,421,225,-1.4894552185068406,Balanced,Balanced Weapon,15.55884923076923,9.656171442307691,91.01499307692308,2114.550051923077,6.258509134615385,5.238537692307692,1.7678016346153846,Soft-Speed Separation,0,pitch_type_specific,Four-Seam
"Gordillo, Lucas",808851.0,TRI_VAL,Slider,R,46,27,54.38109182509942,34.39083742180874,48.38401550411221,44.64385866517106,52.44148764500227,59.46133969425172,81.15535614133483,-4.057472140890056,44.1260253097027,27.201346045989904,1299,257,Development Target,988,273,170,,,,3.441845797101449,-5.651855507246377,80.62196782608696,2011.581755072464,5.593939855072464,5.854282463768116,2.3076815942028985,Tight High-Spin Breakers,1,pitch_type_specific,Slider
"Steinhauer, Ryan",1000424762.0,NEW_JER6,Four-Seam,R,30,18,46.968059845095766,40.36254905521724,44.98640660813221,25.518788558609085,49.04509921395383,47.61004456826168,42.42849130678631,-4.058692605821626,44.12425845096171,27.145260796410543,1300,426,Low Priority,1329,425,228,-2.581249312207845,Balanced,Balanced Weapon,15.98678948275862,-9.259625000000002,86.38473155172414,1935.7518448275864,6.053681724137931,5.720316551724138,-3.031098103448276,Soft-Speed Separation,0,pitch_type_specific,Four-Seam
"Morgan, Cooper",692707.0,QUE_CAP,Cutter,R,64,48,48.293755594272994,40.07201264326696,45.82723270897118,30.117779024116658,49.91561042830812,50.64759033819941,57.73976444195177,-4.08837771933694,44.08128351498857,27.089175546831186,1301,57,Development Target,1247,60,33,-0.049693339710096,Balanced,Balanced Weapon,8.751912424242423,-2.976781590909091,86.41407242424242,2150.091076515152,5.906505,4.9167175,-4.172095378787879,Soft-Speed Separation,0,pitch_type_specific,Cutter
"Debban, Caleb",1000551056.0,NEW_JER6,Curveball,L,113,44,46.25299484263822,41.76877494986182,44.9077288748053,24.95793606281548,49.00166223350176,47.45847637010935,41.47504206393718,-4.093933358696461,44.073240653854086,27.03309029725182,1302,145,Low Priority,1339,143,70,1.61795332215452,Balanced,Balanced Weapon,-7.136301735159817,18.47896191780822,76.97554136986301,2811.922469406393,5.936597123287671,5.284855114155251,-2.342340182648402,Tight High-Spin Breakers,1,pitch_type_specific,Curveball
"Esposito, Michael",1000059095.0,NEW_ENG23,Four-Seam,L,74,39,47.181806643404805,46.985438174320926,47.12289610267963,37.01626472237802,51.22223656111314,55.2069074580093,72.9388670779585,-4.09934045843351,44.065412832515946,26.977005047672463,1303,427,Development Target,1124,341,157,-2.1467144935598554,Balanced,Balanced Weapon,16.902299136690647,-11.462986402877698,90.49175928057554,2082.693461870504,6.328109424460432,4.930988489208634,-1.69065654676259,Soft-Speed Separation,0,pitch_type_specific,Four-Seam
"Barker, Alex",1000106691.0,NEW_YOR13,Curveball,L,36,34,41.49182304234803,54.56513075690313,45.41381535671456,27.762198541783512,49.514722724410674,49.24874018082724,51.402131239484014,-4.1009073676961165,44.06314442868447,26.920919798093102,1304,146,Low Priority,1289,141,68,-5.06997499129681,LHH,Left-Handed Killer,-5.69999298245614,10.022266578947368,76.2868705263158,2269.27245,5.615031842105263,6.104732719298245,-2.2869895614035087,Tight High-Spin Breakers,1,pitch_type_specific,Curveball
"Simpson, Garret",1000073158.0,EVA_OTT,Cutter,L,114,83,45.74659418504537,38.60122433379589,43.60298322967052,20.02243409983174,47.71647228830104,42.973958287816,21.95737521031969,-4.11348905863052,44.04493000069984,26.864834548513738,1305,58,Low Priority,1427,67,31,1.015864445391088,Balanced,Balanced Weapon,7.321358333333333,1.44312925,86.834477625,2364.5872425,5.4707320416666665,5.632080291666667,1.9369795416666664,Tight High-Spin Breakers,1,pitch_type_specific,Cutter
"Nova, Fraynel",805843.0,LAK_ERI24,Four-Seam,R,266,195,41.51690239406568,47.40264686285696,43.28262573470306,18.620302860347728,47.408004376696674,41.89759604847324,18.76051598429613,-4.125378641993613,44.02771753211647,26.80874929893438,1306,428,Low Priority,1452,469,250,0.4788317305711302,Balanced,Balanced Weapon,12.443038531598512,6.827988884758365,90.55240403345724,2053.538437732342,6.029115111524164,5.73189343866171,1.5247962453531598,Soft-Speed Separation,0,pitch_type_specific,Four-Seam
"Cohn, Cooper",1000301881.0,NIU_HUS,Slider,L,36,12,58.51521295531189,36.39668560495409,51.879654750204544,63.03982052720135,56.01164357056473,71.91897590948926,98.40157038698824,-4.131988820360185,44.01814802206801,26.75266404935502,1307,258,Development Target,660,217,71,10.706910739928496,RHH,Right-Handed Killer,-1.2188149206349206,-13.693016031746032,78.92597190476191,2533.865233333333,5.400379047619047,5.697465555555556,0.9187114285714284,Tight High-Spin Breakers,1,pitch_type_specific,Slider
"Noriega, Branden",804447.0,LAK_ERI24,Four-Seam,L,70,52,42.96453912675019,52.97001788156542,45.96618275319476,31.29556926528323,50.11367531170461,51.33871428791267,61.66573191250701,-4.147492558509853,43.99570336629863,26.69657879977566,1308,429,Development Target,1226,383,181,-3.633629070302838,LHH,Balanced Weapon,15.232312634408602,-14.603365752688171,90.80178155913978,2238.851558064516,5.955323548387097,5.933645107526881,-0.7467487096774194,Soft-Speed Separation,0,pitch_type_specific,Four-Seam
"Burcham, Jacob",1000122547.0,GAT_GRI,Slider,R,108,50,45.77357022769372,61.36350329475652,50.45055014781256,55.80482333146383,54.60968018740553,67.02699074732035,94.69994391475042,-4.159130039592974,43.97885586446314,26.640493550196297,1309,259,Development Target,789,239,155,4.799694636824718,RHH,Balanced Weapon,-0.2485885365853658,-9.42318286585366,80.59990176829268,2380.0117103658536,5.842340792682927,4.8442025,3.3979656097560973,Tight High-Spin Breakers,1,pitch_type_specific,Slider
"Pindel, Buddie",1000054422.0,SCH_BOO,Sinker,R,107,78,39.22402446737062,46.59322045185907,41.434783262717154,12.50701065619742,45.60825389259598,35.61757991567875,7.823892316320808,-4.173470629878828,43.958095089907445,26.584408300616936,1310,225,Low Priority,1561,233,119,1.094978892003688,Balanced,Balanced Weapon,13.686658620689656,14.667188571428571,89.81745660098522,2127.5524571428573,5.690332364532019,5.821595418719212,2.3858979310344828,Soft-Speed Separation,0,pitch_type_specific,Sinker
"Perez, Kelvin",692487.0,WAS_WIL3,Sinker,R,55,43,39.2497848722393,39.527346891372254,39.33305347797919,7.291082445316882,43.519773292020375,28.330074241692586,1.4862591138530568,-4.186719814041183,43.93891433653826,26.528323051037578,1311,226,Low Priority,1654,262,139,-1.5551982569782368,Balanced,Balanced Weapon,9.5414959375,14.05504484375,88.795410625,2018.89411484375,6.04099625,5.807286015625,1.4693503125,Soft-Speed Separation,0,pitch_type_specific,Sinker
"Williams, Brian",1000079778.0,MIS_MUD,Cutter,R,114,55,48.36329921920405,45.438108092711616,47.48574188125632,38.867077958496914,51.67329287211758,56.78081502738109,75.68704430734716,-4.187550990861261,43.937711047535956,26.472237801458213,1312,59,Development Target,1091,52,30,1.5898122492387543,Balanced,Balanced Weapon,6.382511329479769,-0.0706758959537572,83.13794479768785,2198.489221387284,6.376197052023122,6.1055824855491325,2.845993410404624,Soft-Speed Separation,0,pitch_type_specific,Cutter
"Ginn, Landon",701061.0,WAS_WIL3,Four-Seam,L,84,56,47.34489975210824,37.704367597605696,44.45274010575747,22.882781828379137,48.648163829336205,46.22498556086195,34.24004486819967,-4.195423723578735,43.926313746181776,26.41615255187886,1313,430,Low Priority,1376,439,205,7.75050431199729,RHH,Right-Handed Killer,15.167455189873415,3.153595,91.86183810126585,2601.769874050633,5.646418734177215,6.435200949367089,0.6475664556962025,Soft-Speed Separation,0,pitch_type_specific,Four-Seam
"Kines, Gunnar",665129.0,JOL_SLA,Changeup,L,109,130,54.68610888115745,42.46021597005533,51.01834100782681,58.384744812114405,55.25043793861725,69.26283902205131,97.22378014582164,-4.232096930790441,43.8732221947198,26.360067302299495,1314,172,Development Target,743,98,54,-0.0150021068682733,Balanced,Balanced Weapon,12.138799705093833,-12.556088418230562,75.23043981233243,1899.8180914209115,6.01494782841823,5.960082895442359,-1.3542493565683646,Tight High-Spin Breakers,1,pitch_type_specific,Changeup
"Misla, Luis",695417.0,TRI_VAL,Curveball,R,91,38,48.90041369875025,44.91535587645568,47.70489635206187,40.60572069545709,51.944450213386936,57.726986450998254,77.9304542905216,-4.239553861325064,43.86242684734421,26.303982052720137,1315,147,Development Target,1060,123,65,-1.038410883055981,Balanced,Balanced Weapon,-5.2418402259887005,9.469249322033898,77.19988790960453,2785.977810734463,5.128786949152542,5.612701129943503,-1.6227444067796608,Tight High-Spin Breakers,1,pitch_type_specific,Curveball
"Donnan, Blake",1000557509.0,FLO_Y'A,Sinker,L,86,36,37.89307833574482,45.071687922527424,40.0466612117796,8.581043185642176,44.28801344033811,31.01075724076208,2.66404935501963,-4.241352228558512,43.859823363390085,26.247896803140776,1316,227,Low Priority,1631,252,121,5.529466833195748,RHH,Right-Handed Killer,6.63393405882353,17.410706529411765,90.71703041176472,1977.765043529412,5.86023205882353,5.3765358823529406,3.306970117647059,Soft-Speed Separation,0,pitch_type_specific,Sinker
"Kines, Gunnar",665129.0,JOL_SLA,Changeup,R,264,130,54.68610888115745,42.410208947161074,51.00333890095854,58.2725743129557,55.25043793861725,69.26283902205131,97.22378014582164,-4.247099037658714,43.851503747128426,26.19181155356141,1317,173,Development Target,745,99,45,-0.0150021068682733,Balanced,Balanced Weapon,12.138799705093833,-12.556088418230562,75.23043981233243,1899.8180914209115,6.01494782841823,5.960082895442359,-1.3542493565683646,Tight High-Spin Breakers,1,pitch_type_specific,Changeup
"Johnston, Spencer",800918.0,DOW_EAS1,Changeup,L,205,102,51.60203133300136,45.10458840037562,49.652798453213634,51.82277061132922,53.929276939661776,64.65280420847262,90.71789119461582,-4.276478486448141,43.80897131989009,26.135726303982054,1318,174,Development Target,860,114,63,-0.3488074211165894,Balanced,Balanced Weapon,8.630587648902821,9.858289028213166,77.47854818181818,1604.8207674294672,5.953449373040753,6.300470689655173,1.7068462382445142,Soft-Speed Separation,0,pitch_type_specific,Changeup
"Lawson, Nathan",1000569348.0,FLO_Y'A,Four-Seam,L,66,44,40.27509181696743,51.9971171737672,43.79169942400736,20.58328659562535,48.07177467386979,44.21374387648724,26.55636567582726,-4.280075249862428,43.8037643100749,26.079641054402693,1319,431,Low Priority,1417,452,210,2.9821011319227466,Balanced,Balanced Weapon,14.534994601769911,8.52955221238938,88.84654725663717,2237.0486840707963,6.168425840707965,5.604135044247787,1.69032592920354,Soft-Speed Separation,0,pitch_type_specific,Four-Seam
"Maryniak, Connor",831880.0,NEW_JER6,Four-Seam,L,78,45,39.36418604184973,51.72494865389163,43.072414825462296,18.11553561413348,47.390149687662536,41.83529422598675,18.367919237240606,-4.31773486220024,43.74924474665278,26.023555804823335,1320,432,Low Priority,1461,474,222,-1.1246147146253662,Balanced,Balanced Weapon,13.244429925373137,7.241822985074626,89.89388485074628,2453.261908955224,5.770339029850746,6.122067537313432,1.569879104477612,Soft-Speed Separation,0,pitch_type_specific,Four-Seam
"Heredia-Bustos, Rolando",837343.0,DOW_EAS1,Changeup,L,219,116,47.05680002937776,49.70145092719744,47.85019529872366,41.55916993830623,52.16963799287551,58.512752533902265,79.27650028042625,-4.319442694151846,43.746772330007474,25.96747055524397,1321,175,Development Target,1043,143,81,-1.9368876236632888,Balanced,Balanced Weapon,9.053282796352583,17.60673537993921,79.43104981762917,2063.622396352584,5.6204605775076,5.442262796352584,1.6611943161094225,Soft-Speed Separation,0,pitch_type_specific,Changeup
"Sakurai, Masatoshi",1000429128.0,QUE_CAP,Four-Seam,R,356,206,48.89560893284307,36.53740713598376,45.18814839378528,26.584408300616936,49.51503029660316,49.24981341756081,51.51430173864273,-4.326881902817874,43.73600263845994,25.91138530566461,1322,433,Low Priority,1310,415,220,-5.551427798556439,LHH,Left-Handed Killer,16.309135294117645,-7.232426060606061,87.57584251336898,2024.9271672014256,6.475471069518717,5.685020748663102,-1.704167504456328,Soft-Speed Separation,0,pitch_type_specific,Four-Seam
"Bell, Brendan",681141.0,NEW_ENG23,Slider,R,44,17,48.3540910203951,52.28995017283084,49.53484876612582,51.03757711721817,53.86591760442288,64.431719313106,90.54963544587773,-4.331068838297064,43.729941240579514,25.85530005608525,1323,260,Development Target,874,259,165,1.6012482368396448,Balanced,Balanced Weapon,-1.4611277777777778,-9.17613851851852,82.46972,2406.3218728395063,5.44924950617284,6.220917283950617,1.0898666666666668,Tight High-Spin Breakers,1,pitch_type_specific,Slider
"Binns, Malik",702238.0,NEW_JER6,Cutter,L,34,25,49.26400129156994,36.12188483506469,45.32136635461836,27.25743129556927,49.656776061021546,49.74441847263185,54.31856421761076,-4.335409706403183,43.72365699548703,25.799214806505887,1324,60,Low Priority,1298,61,28,3.0237378012857405,RHH,Balanced Weapon,9.54317625,-1.8800857954545456,88.88493931818182,2228.6934613636363,6.181986704545454,6.036046136363637,0.8775472727272727,Soft-Speed Separation,0,pitch_type_specific,Cutter
"Perez, Kelvin",692487.0,WAS_WIL3,Slider,L,42,61,52.49942604681793,42.10247596619803,49.38034102263195,49.97195737521032,53.71688243235048,63.9116787334608,89.8766124509254,-4.336541409718528,43.72201863633128,25.74312955692653,1325,261,Development Target,893,265,98,10.509483497742444,RHH,Right-Handed Killer,5.062926952380953,-3.213747809523809,80.8725001904762,2169.364719523809,5.828186571428572,5.920842238095238,1.3258294285714285,Tight High-Spin Breakers,1,pitch_type_specific,Slider
"Turner, Eric",1000080978.0,JOL_SLA,Four-Seam,L,275,182,42.43511913303752,46.8072110459288,43.7467467069049,20.41503084688727,48.08486524337496,44.25942186819007,26.7807066741447,-4.338118536470063,43.71973544071089,25.68704430734717,1326,434,Low Priority,1420,455,212,4.033937771759838,RHH,Balanced Weapon,16.276679887218044,13.911763289473685,88.09542913533835,2287.4046122180453,5.146317293233083,5.696879943609023,2.5272310714285715,Soft-Speed Separation,0,pitch_type_specific,Four-Seam
"Linderman, Greyson",1000124562.0,JOL_SLA,Sinker,L,49,25,35.521665360544645,54.46508321467268,41.204690716783055,11.946158160403812,45.55406929051426,35.42850916491172,7.599551318003366,-4.349378573731208,43.7034343617171,25.630959057767804,1327,228,Low Priority,1571,234,115,-1.984532958966504,Balanced,Balanced Weapon,11.672404523809524,14.612855357142855,93.64064547619049,2128.0804297619047,5.4279925,5.753555952380952,1.5823216666666666,Soft-Speed Separation,0,pitch_type_specific,Sinker
"Leak, Anthony",1000264276.0,NEW_YOR13,Four-Seam,R,124,84,42.830310767606754,50.14068076543239,45.02342176695444,25.630959057767804,49.39743918304623,48.83949315553861,49.15872125630959,-4.374017416091789,43.667764878009315,25.574873808188446,1328,435,Low Priority,1327,424,227,0.3457062250525311,Balanced,Balanced Weapon,17.383303080357145,10.469633928571428,90.68691959821427,2208.443417857143,6.157227008928571,5.733861517857143,1.46116125,Soft-Speed Separation,0,pitch_type_specific,Four-Seam
"Garcia, Jorge",1000221236.0,SUS_COU1,Changeup,R,29,30,41.80188682266476,53.86525575976636,45.420897503795246,27.81828379136287,49.829115447264975,50.34577634722937,56.33763320246775,-4.4082179434697295,43.61825300824481,25.518788558609085,1329,176,Development Target,1288,179,80,-0.6800693265176889,Balanced,Balanced Weapon,11.912322555555557,9.600296333333333,81.98148977777777,1532.280638888889,5.983508333333334,5.3747374444444445,1.2477781111111113,Soft-Speed Separation,0,pitch_type_specific,Changeup
"Mays, Justin",821399.0,LAK_ERI24,Four-Seam,R,41,30,40.89907439572141,50.240579112679576,43.70152581080885,20.302860347728547,48.13049898527778,44.41865540521713,28.014582164890637,-4.428973174468929,43.588205802164964,25.462703309029727,1330,436,Low Priority,1422,456,244,1.6036392983233083,Balanced,Balanced Weapon,16.050145714285716,11.05605051948052,88.13663701298702,1996.0454194805195,5.613091428571428,5.794765064935065,2.240586233766234,Soft-Speed Separation,0,pitch_type_specific,Four-Seam
"Campbell, AJ",1000132168.0,WIN_CIT29,Slider,L,188,137,53.52384438976813,42.97601504848534,50.35949558738329,55.35614133482895,54.788568606295264,67.65120069560048,95.26079641054402,-4.429073018911971,43.58806125804709,25.406618059450363,1331,262,Development Target,797,243,87,6.581306071954458,RHH,Right-Handed Killer,5.460922048192771,-8.280808192771085,80.41890929718875,2558.387496184739,4.934776907630522,5.94219953815261,1.7721348192771085,Tight High-Spin Breakers,1,pitch_type_specific,Slider
"Huter, Blayne",1000145980.0,SUS_COU1,Curveball,R,56,37,44.471601839691296,39.169565279018656,42.8809908714895,17.21817162086371,47.32741794472117,41.6163992396037,18.14357823892316,-4.446427073231668,43.5629379122031,25.350532809871,1332,148,Low Priority,1477,165,85,2.0521279370512744,Balanced,Balanced Weapon,-5.0568,-14.241019417475728,73.69118194174757,2136.9634834951457,6.006360970873786,5.857499708737864,1.9373958252427184,Tight High-Spin Breakers,1,pitch_type_specific,Curveball
"Sabatine, Gino",1000229070.0,TRI_VAL,Changeup,L,199,88,36.9610123163515,55.86544012686909,42.63234065950677,16.432978126752666,47.079527029329086,40.75141325316383,15.844083006169376,-4.447186369822319,43.56183868371772,25.294447560291644,1333,177,Low Priority,1491,195,109,-4.966523948938324,LHH,Balanced Weapon,8.29791369337979,15.49597024390244,85.0846405574913,1784.333767944251,5.067498954703833,5.797276794425087,1.9768884668989544,Soft-Speed Separation,0,pitch_type_specific,Changeup
"Smith, Jackson",1000333915.0,MIS_MUD,Sinker,L,314,157,47.63344019123937,42.79124520830632,46.18078169635946,32.64161525518789,50.63457817177604,53.15634311689003,66.04038137969714,-4.453796475416581,43.55226927902123,25.238362310712283,1334,229,Development Target,1202,149,73,-0.3054659458745874,Balanced,Balanced Weapon,0.9981804444444444,21.705297008547006,85.19004442735043,2403.072967692308,5.142827760683761,4.016698085470085,3.955921076923077,Tight High-Spin Breakers,1,pitch_type_specific,Sinker
"Ginn, Landon",701061.0,WAS_WIL3,Cutter,R,68,20,48.787975372547685,49.01470238108105,48.855993475107695,47.11160964666293,53.31896040566564,62.52317695543586,86.84800897363993,-4.462966930557947,43.538993273782395,25.182277061132925,1335,61,Development Target,944,43,25,3.856155396796396,RHH,Balanced Weapon,3.285004836065574,-1.956797295081968,86.39495401639344,2835.7453286885248,5.385484098360656,6.29053,1.0134683606557378,Tight High-Spin Breakers,1,pitch_type_specific,Cutter
"Sittinger, Brandyn",670087.0,LAK_ERI24,Slider,L,74,53,52.76214286151492,37.16523627216096,48.083070884708725,42.79304542905216,52.54925953531656,59.83739693986134,82.08076275939428,-4.466188650607833,43.53432921168285,25.12619181155356,1336,263,Development Target,1021,278,107,7.179574365727838,RHH,Right-Handed Killer,3.6173377777777778,-0.6568575,87.57039361111111,2455.394373333333,5.753841333333334,5.777203999999999,1.9128033333333327,Tight High-Spin Breakers,1,pitch_type_specific,Slider
"Gilleran, Jimmy",10103730.0,NEW_ENG23,Slider,L,50,54,49.92109612654718,45.09734142444479,48.47396971591646,45.20471116096466,52.9495313547688,61.23409804141384,84.09983174425126,-4.475561638852341,43.520760000654676,25.0701065619742,1337,264,Development Target,978,271,102,10.470797572666562,RHH,Right-Handed Killer,3.909953018867925,-3.2488343396226416,80.77322729559748,2247.352243396226,5.354633081761007,5.624758427672956,1.130277044025157,Tight High-Spin Breakers,1,pitch_type_specific,Slider
"Walsh, John",1000208173.0,MIS_MUD,Slider,R,60,43,51.55390074378016,37.83984552439151,47.43968417796357,38.58665171060011,51.9372333055351,57.70180390589614,77.7621985417835,-4.497549127571531,43.488928863494635,25.014021312394842,1338,265,Development Target,1096,287,176,-3.6233687612391066,LHH,Balanced Weapon,0.3961037323943662,9.4328988028169,73.89985049295775,2177.531274647887,5.075560422535212,5.535831408450704,-2.1637984507042254,Tight High-Spin Breakers,1,pitch_type_specific,Slider
"Kemlage, Joe",703240.0,NEW_ENG23,Sinker,R,114,57,46.79421474306251,46.29133019986913,46.643349380104496,35.16545148625912,51.15188506611466,54.96142424938694,72.26584408300617,-4.508535686010163,43.47302369792328,24.95793606281548,1339,230,Development Target,1157,141,71,-0.9801372947810876,Balanced,Balanced Weapon,8.454595533980584,-15.3271013592233,91.01927776699029,2433.314283009709,5.8610802912621365,5.195560631067961,-2.9895412621359223,Soft-Speed Separation,0,pitch_type_specific,Sinker
"Bohnert, Matthew",810066.0,WIN_CIT29,Four-Seam,L,216,129,43.28350152173356,52.883784172511206,46.16358631696686,32.529444756029164,50.70035994887164,53.38588083617597,66.60123387549075,-4.536773631904786,43.43214381662492,24.901850813236116,1340,437,Development Target,1204,378,178,-2.038910661642192,Balanced,Balanced Weapon,17.162651581395348,-8.60623841860465,91.57220193023257,2135.5317941860467,5.2272171162790695,5.451568627906976,-1.8461788372093024,Soft-Speed Separation,0,pitch_type_specific,Four-Seam
"Heredia-Bustos, Rolando",837343.0,DOW_EAS1,Slider,L,182,152,55.41769372521601,35.97121439580465,49.5837499263926,51.14974761637689,54.12501286366175,65.33580153023831,92.06393718452048,-4.541262937269153,43.42564467992807,24.84576556365676,1341,266,Development Target,872,258,94,10.478197124821278,RHH,Right-Handed Killer,6.677663585746103,-3.89654434298441,78.51777966592428,2320.950694432071,5.257680935412027,5.485934966592428,1.6842910913140312,Tight High-Spin Breakers,1,pitch_type_specific,Slider
"Ortiz, Julio",683650.0,GAT_GRI,Slider,R,42,10,41.88824880131151,56.08127884593391,46.14615781469823,32.41727425687044,50.70081893974486,53.38748243046036,66.68536174985978,-4.554661125046636,43.40624821504353,24.789680314077398,1342,267,Development Target,1206,303,184,,,,2.7713178461538464,0.3471423076923076,85.66543984615384,1938.0697846153848,5.938288461538462,6.529565692307692,1.3817327692307693,Soft-Speed Separation,0,pitch_type_specific,Slider
"Parra, Andres",800365.0,LAK_ERI24,Slider,L,61,56,46.45831625017619,55.021032889924754,49.02713124210076,47.840717891194615,53.58345654602376,63.44610490749629,89.14750420639372,-4.556325303923003,43.40383899465692,24.733595064498036,1343,268,Development Target,931,269,101,-6.806306200180799,LHH,Left-Handed Killer,2.8346978260869564,1.9820952795031053,79.58493440993789,2288.452653416149,5.705054844720497,4.969709937888198,-2.358585217391304,Tight High-Spin Breakers,1,pitch_type_specific,Slider
"Gollert, Harley",1000114236.0,TRO_AIG,Slider,L,35,21,41.60234009591865,56.557299448749546,46.08882790176792,32.080762759394275,50.65073134772504,53.212707711011134,66.48906337633203,-4.561903445957121,43.3957635565542,24.67750981491868,1344,269,Development Target,1212,305,121,-5.194942497092988,LHH,Left-Handed Killer,-1.9578714457831323,7.957024819277108,78.19324168674699,2233.014568674699,4.956933975903614,5.561267349397591,-1.7797327710843371,Tight High-Spin Breakers,1,pitch_type_specific,Slider
"Gordillo, Lucas",808851.0,TRI_VAL,Changeup,L,65,21,45.67868718173537,55.48118416938146,48.61943627802919,45.93381940549636,53.20190663102552,62.11473167391574,86.31519910263602,-4.5824703529963315,43.365988985784256,24.621424565339318,1345,178,Development Target,965,130,73,,,,10.949200131578948,15.682318684210529,79.96375328947369,2125.376098684211,6.069194078947369,6.006014868421053,1.945912631578948,Soft-Speed Separation,0,pitch_type_specific,Changeup
"Rohde, Isaac",1000135938.0,NEW_YOR13,Sinker,R,49,14,49.91071673044607,28.54408888327981,43.50072837629619,19.5176668536175,48.08829638008064,44.27139441330443,27.089175546831186,-4.587568003784455,43.35860915157476,24.565339315759953,1346,231,Low Priority,1436,196,100,,,,9.48346,-19.04149882352941,84.07801156862745,2109.1679588235293,5.828815490196078,5.025454901960784,-2.0162366666666665,Tight High-Spin Breakers,1,pitch_type_specific,Sinker
"Dima, Josh",1000098214.0,GAT_GRI,Curveball,R,37,13,44.29220348998994,44.36068795976226,44.31274883092164,22.43409983174425,48.90507601936174,47.12145021656012,40.07291082445317,-4.592327188440102,43.35171931247223,24.509254066180596,1347,149,Low Priority,1384,152,77,-1.3410893691886017,Balanced,Balanced Weapon,-3.733878153846154,2.6683096923076923,80.03204492307692,1969.5597015384617,5.951165076923077,6.268503692307692,-0.784096,Tight High-Spin Breakers,1,pitch_type_specific,Curveball
"Bice, Emmett",828456.0,NEW_YOR13,Four-Seam,R,84,94,41.3796341903751,48.52527881183247,43.52332757681231,19.62983735277622,48.11609657100343,44.368399886580974,27.565900168255748,-4.592768994191125,43.351079713305694,24.453168816601234,1348,438,Low Priority,1434,464,248,2.324524003888264,Balanced,Balanced Weapon,15.389795819672132,7.262841147540984,89.23531360655737,2226.2742540983604,5.954429344262295,6.187565409836066,1.352845737704918,Soft-Speed Separation,0,pitch_type_specific,Four-Seam
"Bradford, Ethan",688428.0,NEW_YOR13,Slider,L,99,40,43.966417782107314,56.30082274127716,47.66673926985827,40.21312394840157,52.26635574554905,58.85023767558343,79.83735277621984,-4.59961647569078,43.341166661133165,24.397083567021873,1349,270,Development Target,1067,282,110,-5.3135567638073695,LHH,Left-Handed Killer,-1.1793677551020407,5.69448806122449,82.52757459183672,2466.6365448979595,5.497015204081633,4.953782397959183,-2.954281479591837,Tight High-Spin Breakers,1,pitch_type_specific,Slider
"Nova, Fraynel",805843.0,LAK_ERI24,Four-Seam,L,272,195,41.51690239406568,45.80654109428651,42.80379400413193,16.993830622546273,47.408004376696674,41.89759604847324,18.76051598429613,-4.604210372564744,43.334516108022626,24.340998317442512,1350,439,Low Priority,1481,481,227,0.4788317305711302,Balanced,Balanced Weapon,12.443038531598512,6.827988884758365,90.55240403345724,2053.538437732342,6.029115111524164,5.73189343866171,1.5247962453531598,Soft-Speed Separation,0,pitch_type_specific,Four-Seam
"Harris, Ben",1000390130.0,GAT_GRI,Four-Seam,L,265,204,43.10998216394215,47.1496939570669,44.32189570187957,22.54627033090297,48.94089737828004,47.24644460544504,40.63376332024677,-4.619001676400472,43.31310283854088,24.28491306786315,1351,440,Low Priority,1382,443,206,0.7047725151758755,Balanced,Balanced Weapon,17.11136430420712,8.257718576051781,90.82912834951456,2345.385675728155,5.87405221682848,6.331642297734628,0.5950073786407767,Soft-Speed Separation,0,pitch_type_specific,Four-Seam
"Correa, Nelvin",673388.0,QUE_CAP,Changeup,L,81,22,41.943794200387984,51.03438126205906,44.6709703188893,23.555804823331464,49.290040863299744,48.46473944017568,46.94335389792485,-4.619070544410441,43.31300313879348,24.22882781828379,1352,179,Low Priority,1364,187,103,,,,10.642482857142856,14.027518095238095,84.73943523809524,1990.328025,6.016860595238096,6.210791428571429,1.8522248809523807,Soft-Speed Separation,0,pitch_type_specific,Changeup
"Sakurai, Masatoshi",1000429128.0,QUE_CAP,Slider,L,73,54,49.553800474025685,45.0802740467408,48.21174254584022,43.40998317442513,52.83127480972208,60.821455835028736,83.37072349971957,-4.619532263881865,43.312334710670015,24.17274256870443,1353,271,Development Target,1010,276,105,-3.567367431104543,LHH,Balanced Weapon,-0.3082224705882352,4.175303117647059,79.030674,2212.5758052941173,5.752952294117647,5.718465882352941,-1.830776470588236,Tight High-Spin Breakers,1,pitch_type_specific,Slider
"Peters, Garrett",833402.0,NEW_YOR13,Four-Seam,R,58,18,42.09719334585385,53.67287205819767,45.569896959557,28.37913628715648,50.1941709901329,51.61959442302902,62.47896803140775,-4.624274030575904,43.30547008743147,24.11665731912507,1354,441,Development Target,1278,402,213,,,,17.316748552631577,-15.827178421052633,86.01053118421052,2237.145075,5.656237236842105,5.720279736842105,-2.176086315789474,Soft-Speed Separation,0,pitch_type_specific,Four-Seam
"Johnston, Spencer",800918.0,DOW_EAS1,Changeup,R,114,102,51.60203133300136,43.94189699665366,49.303991032097045,49.46719012899607,53.929276939661776,64.65280420847262,90.71789119461582,-4.625285907564731,43.30400520002974,24.06057206954571,1355,180,Development Target,902,120,53,-0.3488074211165894,Balanced,Balanced Weapon,8.630587648902821,9.858289028213166,77.47854818181818,1604.8207674294672,5.953449373040753,6.300470689655173,1.7068462382445142,Soft-Speed Separation,0,pitch_type_specific,Changeup
"Plumadore, Carson",1000207816.0,WIN_CIT29,Slider,L,44,42,52.83729080334231,44.314141755408194,50.28034608896208,54.96354458777341,54.90876108968629,68.07059812952502,95.877734155917,-4.62841500072421,43.299475233246454,24.00448681996635,1356,272,Development Target,804,245,88,5.254206775089806,RHH,Right-Handed Killer,2.5761074820143883,-4.819315611510791,76.1050962589928,2432.441224460432,5.511575611510792,4.327944892086331,4.071410935251798,Tight High-Spin Breakers,1,pitch_type_specific,Slider
"Pindel, Buddie",1000054422.0,SCH_BOO,Changeup,R,30,39,38.96306144525795,60.10734024351399,45.30634508473476,27.145260796410543,49.93483207726782,50.71466200542897,58.18844643858665,-4.6284869925330625,43.299371011196754,23.948401570386988,1357,181,Development Target,1300,180,81,0.5560353444132602,Balanced,Balanced Weapon,3.385455985915493,11.692127253521129,80.82046330985915,1369.9346157042255,5.510757676056338,5.718198873239436,2.396367253521127,Soft-Speed Separation,0,pitch_type_specific,Changeup
"Bohnert, Matthew",810066.0,WIN_CIT29,Cutter,R,36,12,40.4104015511568,45.9232061256571,42.06424292350689,14.133482893998876,46.724758297420536,39.51348978572828,13.180033651149747,-4.660515373913647,43.253003742348554,23.892316320807627,1358,62,Low Priority,1532,71,39,,,,10.909568545454544,-3.649912,89.37095527272727,2298.90214,5.201779636363636,5.337672,-2.170470545454545,Soft-Speed Separation,0,pitch_type_specific,Cutter
"Fauci, Sonny",688649.0,NEW_JER6,Curveball,R,74,14,39.02758725637451,53.1347798895048,43.2597450463136,18.56421761076837,47.93111050414058,43.72291291796856,23.920358945597307,-4.67136545782698,43.237296150014835,23.836231071228266,1359,150,Low Priority,1453,160,83,2.717956193262744,Balanced,Balanced Weapon,-14.510769591836734,-6.65040074829932,78.5017093197279,2303.3922081632654,5.946977210884354,6.085040204081633,1.76575,Tight High-Spin Breakers,1,pitch_type_specific,Curveball
"Henderson, Drew",1000429021.0,DOW_EAS1,Curveball,L,140,104,48.39593846727464,40.16511512166746,45.92669146359248,31.07122826696579,50.60278293752645,53.04539741313977,65.36735838474482,-4.676091473933965,43.230454328793535,23.780145821648908,1360,151,Development Target,1230,135,64,5.325522720962603,RHH,Right-Handed Killer,-7.70472125,-4.714679914772727,76.86685721590909,2287.0135789772726,5.079806335227273,5.965361392045455,1.182197159090909,Tight High-Spin Breakers,1,pitch_type_specific,Curveball
"Smith, Ben",814168.0,NEW_ENG23,Slider,R,87,27,45.02844757054262,49.613906115384566,46.4040851339952,33.70723499719574,51.08588876454839,54.73113797237114,71.3684800897364,-4.6818036305531905,43.222184878691785,23.724060572069547,1361,273,Development Target,1183,301,183,-3.023123016044672,LHH,Balanced Weapon,0.3145327272727273,11.962784615384615,79.05169356643357,2292.1632706293703,5.390546783216784,4.544609300699301,-1.8185474825174823,Tight High-Spin Breakers,1,pitch_type_specific,Slider
"Austin, Zack",813186.0,SUS_COU1,Four-Seam,L,87,38,42.80022133373632,49.57324458261269,44.83212830839923,24.5092540661806,49.516921696720296,49.25641323423213,51.62647223780146,-4.684793388321069,43.217856626802714,23.667975322490182,1362,442,Low Priority,1347,430,199,-0.4494095527188335,Balanced,Balanced Weapon,16.09557094972067,6.448596145251397,91.58129089385476,2287.479474860336,5.894201899441341,5.538655586592179,2.28737312849162,Soft-Speed Separation,0,pitch_type_specific,Four-Seam
"Villalobos, Jonaiker",665690.0,FLO_Y'A,Curveball,R,96,43,48.65728726696501,35.94146359287845,44.84254016473904,24.73359506449804,49.54588776286134,49.3574868909842,52.52383623107123,-4.703347598122299,43.190995824069766,23.611890072910825,1363,152,Low Priority,1343,145,74,-2.7596271398223,Balanced,Balanced Weapon,-4.924808361581921,5.094036949152542,74.92590655367232,2262.806137288136,5.331693841807909,5.831377175141243,-1.2354120903954802,Tight High-Spin Breakers,1,pitch_type_specific,Curveball
"Cooper, Garrett",1000327042.0,NEW_YOR13,Changeup,R,166,113,49.01395209789761,49.94343035257197,49.29279557429992,49.35501962983736,54.01106031212289,64.93817759938841,91.27874369040944,-4.71826473782297,43.16940038286628,23.555804823331464,1364,182,Development Target,904,121,54,-1.1046821837944094,Balanced,Balanced Weapon,9.156014628712873,7.77421301980198,77.30412547029702,1389.310026980198,6.365619133663366,5.683856757425743,1.89657594059406,Soft-Speed Separation,0,pitch_type_specific,Changeup
"Leak, Anthony",1000264276.0,NEW_YOR13,Four-Seam,L,100,84,42.830310767606754,48.98832668192395,44.67771554190191,23.611890072910825,49.39743918304623,48.83949315553861,49.15872125630959,-4.71972364114432,43.167288338497855,23.499719573752103,1365,443,Low Priority,1363,436,204,0.3457062250525311,Balanced,Balanced Weapon,17.383303080357145,10.469633928571428,90.68691959821427,2208.443417857143,6.157227008928571,5.733861517857143,1.46116125,Soft-Speed Separation,0,pitch_type_specific,Four-Seam
"Lovin, Xander",815234.0,GAT_GRI,Four-Seam,R,182,103,37.859269132629365,57.56511151219373,43.77102184649867,20.527201346045988,48.491281246007816,45.67756236916932,32.389231632080765,-4.720259399509146,43.16651272477438,23.443634324172745,1366,444,Low Priority,1418,453,243,2.86991673532426,Balanced,Balanced Weapon,15.858190029069767,6.001377790697674,91.19496151162792,2308.277698546512,4.955558139534884,6.269879418604651,0.6610372383720929,Soft-Speed Separation,0,pitch_type_specific,Four-Seam
"Smith, Ben",814168.0,NEW_ENG23,Four-Seam,L,45,26,33.76129676133824,64.4248599344248,42.96036571326421,17.554683118339874,47.68532625497286,42.86527789378278,21.56477846326416,-4.724960541708647,43.159706913338965,23.38754907459338,1367,445,Low Priority,1471,477,225,-1.368974077183232,Balanced,Balanced Weapon,10.470231648351648,-10.190750659340658,86.83118087912088,2167.227427472528,6.27693098901099,4.796128241758242,-1.6851406593406597,Soft-Speed Separation,0,pitch_type_specific,Four-Seam
"Linderman, Greyson",1000124562.0,JOL_SLA,Four-Seam,L,45,37,39.02737303792996,53.1255163450935,43.25681603007902,18.50813236118901,47.98277662237952,43.90319571768207,25.09814918676388,-4.7259605923004955,43.158259146931314,23.33146382501402,1368,446,Low Priority,1454,470,220,-2.9006289958293507,Balanced,Balanced Weapon,13.66455147368421,12.162215473684212,93.67363294736842,2174.200271578947,5.381236631578948,5.778229578947369,1.5935486315789475,Soft-Speed Separation,0,pitch_type_specific,Four-Seam
"Smith, Jackson",1000333915.0,MIS_MUD,Sinker,R,271,157,47.63344019123937,41.77302538872438,45.87531575048487,30.45429052159282,50.63457817177604,53.15634311689003,66.04038137969714,-4.759262421291169,43.11004831668051,23.27537857543466,1369,232,Development Target,1241,155,78,-0.3054659458745874,Balanced,Balanced Weapon,0.9981804444444444,21.705297008547006,85.19004442735043,2403.072967692308,5.142827760683761,4.016698085470085,3.955921076923077,Tight High-Spin Breakers,1,pitch_type_specific,Sinker
"Escobar, Anthony",678673.0,TRO_AIG,Four-Seam,L,266,155,46.23682442281895,41.52762028029163,44.82406318006076,24.453168816601234,49.58478192863131,49.493203475402304,53.08468872686484,-4.760718748570547,43.107940001630446,23.2192933258553,1370,447,Low Priority,1348,431,200,2.329450486494437,Balanced,Balanced Weapon,17.587280928853755,10.109011976284584,90.65120909090908,2131.385929644269,6.374778043478261,5.695975138339921,1.722830790513834,Soft-Speed Separation,0,pitch_type_specific,Four-Seam
"Gollert, Harley",1000114236.0,TRO_AIG,Four-Seam,L,62,85,44.661181230108646,45.17960021202256,44.81670692468282,24.39708356702188,49.57909404406857,49.473356275953805,52.97251822770611,-4.76238711938575,43.10552471260264,23.16320807627594,1371,448,Low Priority,1349,432,201,-0.4645911576920909,Balanced,Balanced Weapon,15.690398041666668,-9.779343333333332,88.73153570833333,2174.584385,5.514439416666666,5.613215458333333,-1.6043967083333333,Soft-Speed Separation,0,pitch_type_specific,Four-Seam
"Maher, Adam",1000133555.0,TRI_VAL,Curveball,L,35,17,42.70603501367567,47.48006972073438,44.13824542579328,21.817162086371283,48.91618938239729,47.160228980488455,40.29725182277061,-4.7779439566040125,43.08300318567452,23.107122826696582,1372,153,Low Priority,1395,153,76,-1.6148973681910943,Balanced,Balanced Weapon,1.6038255263157897,2.395112105263158,77.26490276315789,2007.408127631579,5.529628947368421,5.561631315789474,-0.8903127631578948,Tight High-Spin Breakers,1,pitch_type_specific,Curveball
"Wehrle, Tyler",806332.0,WIN_CIT29,Sinker,R,34,33,42.876569011240825,43.51619155836539,43.0684557753782,18.059450364554124,47.85581493621322,43.46017795248916,23.079080201906898,-4.787359160835024,43.069372858851175,23.051037577117217,1373,233,Low Priority,1462,202,104,-1.1649144261020652,Balanced,Balanced Weapon,15.41889933962264,16.385672358490567,91.38265613207548,2320.548990566038,5.684806226415095,5.724398301886792,1.6155698113207546,Soft-Speed Separation,0,pitch_type_specific,Sinker
"Sesar, Jorden",813853.0,SUS_COU1,Four-Seam,L,393,239,44.76914747948506,48.29222827838772,45.826071719155856,30.061693774537297,50.643502395523015,53.187483138575686,66.26472237801458,-4.8174306763671595,43.02583853131888,22.994952327537856,1374,449,Development Target,1248,389,184,1.5014844718637477,Balanced,Balanced Weapon,19.343731608579088,8.932454986595175,91.53600584450405,2470.2649190348525,6.252707319034853,5.811586152815013,1.9576051474530831,Soft-Speed Separation,0,pitch_type_specific,Four-Seam
"Reeves, Cobe",802696.0,NEW_YOR13,Changeup,R,62,14,36.912278888985774,53.91597049862426,42.01338637187732,13.909141895681437,46.83662372557419,39.90383094674648,13.909141895681437,-4.823237353696875,43.01743224423049,22.9388670779585,1375,183,Low Priority,1536,200,88,,,,5.014556805555555,-13.064876111111111,84.31056444444444,1385.0578506944446,6.354685972222223,5.9605975,-1.456402083333333,Soft-Speed Separation,0,pitch_type_specific,Changeup
"Figueredo, Kevin",1000210447.0,WIN_CIT29,Curveball,R,33,12,44.03374384286207,45.27157770649125,44.40509400195082,22.77061132922041,49.248265515084746,48.31896931089336,46.24228827818283,-4.843171513133925,42.98857369784011,22.882781828379137,1376,154,Low Priority,1378,150,76,-1.0401556609040554,Balanced,Balanced Weapon,-3.519105384615385,4.930871153846154,75.75797012820513,2324.06502948718,4.998615384615385,5.241857564102564,-3.2362719230769232,Tight High-Spin Breakers,1,pitch_type_specific,Curveball
"Binns, Malik",702238.0,NEW_JER6,Four-Seam,L,51,27,45.99271092188919,36.11556137260507,43.02956605710396,17.89119461581604,47.89725735662518,43.60478636963829,23.359506449803703,-4.867691299521219,42.95307657065124,22.826696578799776,1377,450,Low Priority,1465,475,223,7.774209491282917,RHH,Right-Handed Killer,13.728323636363635,7.518496868686869,91.26180868686868,2101.983876767677,6.524284747474748,6.029718383838384,0.9655309090909092,Soft-Speed Separation,0,pitch_type_specific,Four-Seam
"Maher, Adam",1000133555.0,TRI_VAL,Changeup,R,90,29,44.80615734216077,48.518392165051175,45.91982778902789,31.015143017386425,50.78999306414503,53.69864497482867,67.55468311833988,-4.870165275117138,42.949495013087756,22.770611329220415,1378,184,Development Target,1231,171,75,-3.1595131922334048,LHH,Balanced Weapon,12.948238017241378,-11.169813189655171,81.49367215517242,1854.0046454310343,6.009606034482759,5.744005172413794,-0.5893578448275862,Soft-Speed Separation,0,pitch_type_specific,Changeup
"Miranda, Kevin",806656.0,OTT_TIT,Changeup,R,64,44,49.00126066827044,39.507605567494615,46.153164138037695,32.4733595064498,51.02748051420883,54.527329301301926,70.13460459899046,-4.874316376171137,42.94348549245979,22.714526079641054,1379,185,Development Target,1205,166,72,-1.3187912194454938,Balanced,Balanced Weapon,8.586778695652173,12.399634720496897,79.56102900621119,1428.5507639751554,6.095145403726708,5.356828571428571,1.1006377018633542,Soft-Speed Separation,0,pitch_type_specific,Changeup
"Langrell, Connor",815223.0,MIS_MUD,Cutter,L,144,124,50.28441825433682,42.85335933246222,48.05510057777443,42.68087492989344,52.94148177045751,61.20600997043745,83.98766124509254,-4.886381192683075,42.92601934004435,22.658440830061693,1380,63,Development Target,1023,50,22,-0.2710202521239466,Balanced,Balanced Weapon,9.273561704545456,-0.6719586363636364,86.10740923295454,2285.6689255681817,6.144323863636364,6.415017670454546,0.8965844318181818,Soft-Speed Separation,0,pitch_type_specific,Cutter
"Jensik, CJ",10009752.0,WIN_CIT29,Sinker,L,27,14,42.4203084081776,34.74994747367864,40.11920012782791,8.861469433538979,45.02098811761183,33.5683855558387,5.019629837352777,-4.901787989783919,42.903715025168864,22.60235558048233,1381,234,Low Priority,1626,250,120,1.7322325048687333,Balanced,Balanced Weapon,8.399740322580646,15.16956258064516,92.53073548387096,2079.22795,5.778601935483871,5.6476206451612905,2.270875161290322,Soft-Speed Separation,0,pitch_type_specific,Sinker
"Thornton, Tyler",1000429124.0,NEW_ENG23,Sinker,L,86,58,33.72535433191638,43.96310151272704,36.79667848615958,3.0286034772854737,41.70677909888612,22.00384575495038,0.0841278743690409,-4.910100612726545,42.891680897741864,22.546270330902974,1382,235,Low Priority,1730,288,139,3.016497471516644,RHH,Balanced Weapon,9.031034316939891,14.108636448087433,84.38957803278689,1962.0086546448088,5.35584961748634,6.131741693989071,1.9423378142076504,Soft-Speed Separation,0,pitch_type_specific,Sinker
"Townes, Holland",830218.0,SCH_BOO,Sinker,L,61,49,40.85584835153455,44.40974196777376,41.92201643640631,13.51654514862591,46.83366677570552,39.89351302043214,13.712843522153673,-4.911650339299207,42.88943736917319,22.490185081323613,1383,236,Low Priority,1543,226,112,3.154131115082741,RHH,Balanced Weapon,12.975615317460315,15.3915026984127,92.28470873015873,2243.667537301588,5.201172619047619,5.89270746031746,2.478299523809524,Soft-Speed Separation,0,pitch_type_specific,Sinker
"Bell, Brendan",681141.0,NEW_ENG23,Changeup,L,42,14,41.75737253983556,49.7778975879652,44.163530054274446,22.097588334268085,49.119815314153264,47.87075754974276,43.69040942232193,-4.956285259878818,42.824819699677484,22.434099831744252,1384,186,Low Priority,1390,190,105,,,,7.3099475,15.415000892857142,82.74120285714285,1950.4437017857144,5.155485714285715,6.030478214285714,1.6464894642857144,Soft-Speed Separation,0,pitch_type_specific,Changeup
"Escobar, Anthony",678673.0,TRO_AIG,Sinker,R,81,55,35.917550091479185,51.19227033930176,40.49996616582595,9.983174425126192,45.460510742559386,35.102047693886725,7.206954570947841,-4.960544576733433,42.8186535157745,22.37801458216489,1385,237,Low Priority,1606,244,126,3.132675448480363,RHH,Balanced Weapon,12.995761477272726,13.419587329545454,89.15899204545454,2102.6335568181817,6.349279602272728,5.678558409090909,1.761209659090909,Soft-Speed Separation,0,pitch_type_specific,Sinker
"Bradford, Ethan",688428.0,NEW_YOR13,Sinker,R,188,84,45.395423459655646,41.049719053606,44.09171213784074,21.704991587212564,49.06075096950902,47.66465951531211,42.76500280426248,-4.969038831668286,42.80635644095359,22.32192933258553,1386,238,Low Priority,1397,188,96,-1.2533045204668056,Balanced,Balanced Weapon,6.909320976430976,-15.743344646464648,90.21491626262626,2203.632334006734,5.688250976430977,4.839772727272727,-3.086771818181818,Soft-Speed Separation,0,pitch_type_specific,Sinker
"Lockhart, Gauge",840803.0,LAK_ERI24,Slider,R,41,21,43.16807614676522,56.40829136153327,47.14014071119564,37.12843522153674,52.12301323570637,58.35006096648974,78.82781828379136,-4.982872524510725,42.78632949836268,22.26584408300617,1387,274,Development Target,1122,290,177,2.3610038494961287,Balanced,Balanced Weapon,3.0169964788732395,-2.026892394366197,84.12309521126761,2110.8598535211268,5.91957338028169,5.832371126760563,2.087694647887324,Tight High-Spin Breakers,1,pitch_type_specific,Slider
"Fauci, Sonny",688649.0,NEW_JER6,Slider,L,65,35,52.32928593537916,39.42295866132339,48.45738775316242,45.03645541222659,53.477669998932285,63.07697528189766,88.53056646102075,-5.020282245769863,42.732171700547454,22.20975883342681,1388,275,Development Target,981,272,103,6.644715452628141,RHH,Right-Handed Killer,-1.7276058152173914,-6.122178097826087,83.82317173913043,2317.977619021739,5.996574565217391,5.916985326086957,2.128732934782609,Tight High-Spin Breakers,1,pitch_type_specific,Slider
"Davis, Tyler",824623.0,WAS_WIL3,Four-Seam,R,71,40,46.279450660645054,47.30084852504903,46.58587001996624,34.71676948962423,51.63563140919968,56.64939981355091,75.46270330902972,-5.049761389233446,42.68949494601064,22.153673583847446,1389,451,Development Target,1165,360,192,-6.613798689032201,LHH,Left-Handed Killer,18.485444789915967,-11.169257647058824,92.59514,2340.1088529411763,5.878876806722689,5.820906722689076,-1.589240924369748,Soft-Speed Separation,0,pitch_type_specific,Four-Seam
"Rodriguez, Leonardo",673164.0,NEW_JER6,Slider,R,53,20,44.05313308081045,63.91226041322226,50.01087128053399,53.78575434660684,55.06855418779177,68.62817721778015,96.7190128996074,-5.057682907257778,42.67802701850111,22.097588334268085,1390,276,Development Target,825,249,160,8.7398177326247,RHH,Right-Handed Killer,2.7036544897959187,-3.146238163265306,84.09554795918368,2605.921324489796,5.982053571428572,6.0782652040816325,2.523333673469388,Tight High-Spin Breakers,1,pitch_type_specific,Slider
"Cook, Cole",1000161363.0,SCH_BOO,Changeup,L,37,84,44.813768548985735,44.42349298078239,44.69668587852473,23.667975322490182,49.76778927157739,50.13178592128816,55.49635445877734,-5.07110339305266,42.65859827292916,22.041503084688728,1391,187,Development Target,1362,186,102,1.2337400472755462,Balanced,Balanced Weapon,9.415589936507937,-9.85823253968254,80.89949815873015,1863.2663174603167,5.46795346031746,5.660094476190476,-1.175062507936508,Tight High-Spin Breakers,1,pitch_type_specific,Changeup
"Gartland, Chad",1000103698.0,TRI_VAL,Four-Seam,R,86,64,37.62747376378419,56.88540892615239,43.40485431249465,19.12507010656197,48.4838933057035,45.651783026583175,32.16489063376332,-5.079038993208854,42.647109958813566,21.985417835109367,1392,452,Low Priority,1443,467,249,3.657577304273161,RHH,Balanced Weapon,15.23144648241206,9.685538190954771,89.04622507537688,2083.307912562814,6.154403366834171,5.332680301507537,1.76774,Soft-Speed Separation,0,pitch_type_specific,Four-Seam
"Garbrick, Alex",687885.0,LAK_ERI24,Four-Seam,L,87,60,49.08075936186253,30.370694512631736,43.46773990709329,19.29332585530005,48.5718884386475,45.95883161991739,33.11833987661245,-5.104148531554209,42.610759051745276,21.929332585530005,1393,453,Low Priority,1440,465,217,5.009586268220872,RHH,Right-Handed Killer,15.729130869565218,10.867224844720496,90.53039720496896,2259.171844099379,5.461836211180124,5.64076447204969,1.7533131677018632,Soft-Speed Separation,0,pitch_type_specific,Four-Seam
"Balzan, Jackson",827496.0,SUS_COU1,Four-Seam,L,132,122,43.80129056877675,49.96256405943109,45.649672615973046,28.883903533370724,50.76322099623311,53.60522701501679,67.33034212002244,-5.113548380260063,42.59715095501077,21.873247335950648,1394,454,Development Target,1269,397,188,-0.1348459040213896,Balanced,Balanced Weapon,18.46139342507645,-12.395638470948011,86.2963104587156,2245.95752996942,5.457549847094801,5.441051345565749,-0.9665208562691132,Soft-Speed Separation,0,pitch_type_specific,Four-Seam
"Jones, Logan",814785.0,TRI_VAL,Sinker,R,45,45,36.62364891118976,53.10090432629868,41.56682553572244,12.61918115535614,46.684154404748384,39.37180731180313,12.927650028042626,-5.117328869025947,42.59167796725961,21.817162086371283,1395,239,Low Priority,1559,232,118,3.004705952648955,RHH,Balanced Weapon,12.116783119266056,17.918547798165136,89.96168550458717,2285.5609743119267,5.3373517431192665,5.956259816513761,2.8060149541284405,Soft-Speed Separation,0,pitch_type_specific,Sinker
"Hohenstein, Liam",1000116556.0,WIN_CIT29,Four-Seam,L,121,63,40.80126952859439,51.7419394514433,44.08347050544906,21.59282108805384,49.211534727902965,48.190801579805296,45.23275378575435,-5.128064222453908,42.57613646946552,21.761076836791922,1396,455,Low Priority,1399,447,208,3.739445715666882,RHH,Balanced Weapon,17.419427499999998,4.40381068627451,87.94962200980393,1937.7752421568628,5.83918544117647,5.725964509803921,1.0646790196078433,Soft-Speed Separation,0,pitch_type_specific,Four-Seam
"Austin, Zack",813186.0,SUS_COU1,Four-Seam,R,92,38,42.80022133373632,48.07521274021655,44.38271875568039,22.71452607964105,49.516921696720296,49.25641323423213,51.62647223780146,-5.134202941039902,42.56724948851952,21.704991587212564,1397,456,Low Priority,1379,440,235,-0.4494095527188335,Balanced,Balanced Weapon,16.09557094972067,6.448596145251397,91.58129089385476,2287.479474860336,5.894201899441341,5.538655586592179,2.28737312849162,Soft-Speed Separation,0,pitch_type_specific,Four-Seam
"Brito, Richard",695870.0,NEW_ENG23,Four-Seam,L,48,24,41.15661485042664,50.37816751344594,43.92308064933243,21.031968592260235,49.0690304321243,47.69354971940104,42.84913067863152,-5.145949782791874,42.5502436659911,21.648906337633203,1398,457,Low Priority,1409,449,209,,,,16.31507344262295,11.307340163934429,93.47528557377048,2384.515331147541,6.541825573770492,6.4109644262295085,2.068838524590164,Soft-Speed Separation,0,pitch_type_specific,Four-Seam
"Langrell, Connor",815223.0,MIS_MUD,Cutter,R,208,124,50.28441825433682,41.949958492049056,47.784080325650486,40.94223219293326,52.94148177045751,61.20600997043745,83.98766124509254,-5.157401444807022,42.53366517315047,21.592821088053842,1399,64,Development Target,1054,51,29,-0.2710202521239466,Balanced,Balanced Weapon,9.273561704545456,-0.6719586363636364,86.10740923295454,2285.6689255681817,6.144323863636364,6.415017670454546,0.8965844318181818,Soft-Speed Separation,0,pitch_type_specific,Cutter
"Pindel, Buddie",1000054422.0,SCH_BOO,Changeup,L,112,39,38.96306144525795,58.25388909546977,44.7503097403215,24.06057206954571,49.93483207726782,50.71466200542897,58.18844643858665,-5.184522336946323,42.49440244293993,21.53673583847448,1400,188,Development Target,1355,184,100,0.5560353444132602,Balanced,Balanced Weapon,3.385455985915493,11.692127253521129,80.82046330985915,1369.9346157042255,5.510757676056338,5.718198873239436,2.396367253521127,Soft-Speed Separation,0,pitch_type_specific,Changeup
"Gollert, Harley",1000114236.0,TRO_AIG,Four-Seam,R,178,85,44.661181230108646,43.6309630197156,44.35211576699073,22.658440830061693,49.57909404406857,49.473356275953805,52.97251822770611,-5.226978277077841,42.43293926854815,21.48065058889512,1401,458,Low Priority,1380,441,236,-0.4645911576920909,Balanced,Balanced Weapon,15.690398041666668,-9.779343333333332,88.73153570833333,2174.584385,5.514439416666666,5.613215458333333,-1.6043967083333333,Soft-Speed Separation,0,pitch_type_specific,Four-Seam
"Biddinger, Tyler",1000324948.0,WIN_CIT29,Sinker,R,134,90,36.91598765558891,52.55402587943225,41.60739912274191,12.787436904094225,46.83523912653661,39.89899955241137,13.825014021312397,-5.227840003794697,42.431691752669046,21.42456533931576,1402,240,Low Priority,1556,231,117,2.671876467264873,Balanced,Balanced Weapon,7.747868538461538,17.035250884615383,89.97863773076924,2220.721193076923,5.381401615384616,5.13050026923077,1.4918113846153849,Soft-Speed Separation,0,pitch_type_specific,Sinker
"Vitas, Ben",1000076969.0,JOL_SLA,Four-Seam,L,230,149,42.731614155224136,40.32531136276735,42.0097233174871,13.853056646102074,47.24887035779906,41.34231673904564,17.526640493550197,-5.239147040311963,42.41532263317335,21.3684800897364,1403,459,Low Priority,1537,499,237,1.932434901218116,Balanced,Balanced Weapon,13.78787209245742,16.266491873479318,90.05980637469585,2163.204734793187,5.167477664233577,5.451780681265207,1.932159197080292,Soft-Speed Separation,0,pitch_type_specific,Four-Seam
"Forsyth, Braden",687732.0,MIS_MUD,Slider,R,125,40,44.71203406554722,63.73201735376122,50.41802905201142,55.63656758272574,55.657474617665,70.68314529986084,97.89680314077398,-5.2394455656535825,42.41489046007636,21.31239484015704,1404,277,Development Target,792,241,156,5.784588108534649,RHH,Right-Handed Killer,3.756866574585635,-6.765990718232045,80.7920182320442,2368.184670718232,6.085362320441988,5.978196850828729,1.8675990607734807,Tight High-Spin Breakers,1,pitch_type_specific,Slider
"Balzan, Jackson",827496.0,SUS_COU1,Four-Seam,R,195,122,43.80129056877675,49.5130777126931,45.514826711951656,28.09871003925967,50.76322099623311,53.60522701501679,67.33034212002244,-5.248394284281453,42.4019354612728,21.25630959057768,1405,460,Development Target,1283,404,215,-0.1348459040213896,Balanced,Balanced Weapon,18.46139342507645,-12.395638470948011,86.2963104587156,2245.95752996942,5.457549847094801,5.441051345565749,-0.9665208562691132,Soft-Speed Separation,0,pitch_type_specific,Four-Seam
"Duquette, Jagger",1000123094.0,LAK_ERI24,Changeup,L,64,12,48.16056075384935,48.97019144604504,48.40344996150806,44.75602916432978,53.66550562054171,63.73240543426686,89.51205832865956,-5.262055659033649,42.38215798240354,21.200224340998318,1406,189,Development Target,986,134,75,,,,7.8274622222222225,12.609379629629627,77.94409456790123,1830.4137296296296,6.479505802469136,5.075170617283951,1.6319093827160496,Soft-Speed Separation,0,pitch_type_specific,Changeup
"Pindel, Buddie",1000054422.0,SCH_BOO,Sinker,L,96,78,39.22402446737062,42.94329081184679,40.339804370713466,9.422321929332586,45.60825389259598,35.61757991567875,7.823892316320808,-5.268449521882516,42.3729016308518,21.144139091418957,1407,241,Low Priority,1616,246,119,1.094978892003688,Balanced,Balanced Weapon,13.686658620689656,14.667188571428571,89.81745660098522,2127.5524571428573,5.690332364532019,5.821595418719212,2.3858979310344828,Soft-Speed Separation,0,pitch_type_specific,Sinker
"Lovin, Xander",815234.0,GAT_GRI,Slider,R,101,45,42.347831586667695,56.60811580069867,46.62591685087699,35.10936623667975,51.89838651262751,57.56625262346996,77.36960179472798,-5.27246966175052,42.36708170183783,21.088053841839596,1408,278,Development Target,1158,296,180,3.073849108026657,RHH,Balanced Weapon,3.245090404624277,-3.573938092485549,84.94683208092485,2429.426041618497,4.897497919075144,6.046143294797688,0.9070336416184972,Tight High-Spin Breakers,1,pitch_type_specific,Slider
"Moore, Kyle",1000517760.0,SCH_BOO,Curveball,L,40,41,54.69266718083687,36.20710465269427,49.14699842239409,48.79416713404375,54.42585650035812,66.38555976538933,94.08300616937746,-5.278858077964031,42.35783323534288,21.031968592260235,1409,155,Development Target,914,106,47,5.1793198250408,RHH,Right-Handed Killer,-8.612762684563759,-7.678983020134229,76.94516644295302,2521.401755704698,4.137026174496644,6.213201275167785,2.2760930872483223,Tight High-Spin Breakers,1,pitch_type_specific,Curveball
"Good, Ty",688612.0,GAT_GRI,Curveball,L,89,22,47.14468437262646,39.26921195826701,44.78204264831862,24.28491306786315,50.07601983040283,51.20731994622341,60.88053841839596,-5.293977182084205,42.33594541162947,20.975883342680877,1410,156,Development Target,1351,146,72,3.046266094532932,RHH,Balanced Weapon,-7.823107346938776,-4.578242602040817,74.88335479591836,2127.621610714286,5.641875153061225,6.826984540816326,0.1691146428571428,Tight High-Spin Breakers,1,pitch_type_specific,Curveball
"Allemann, Braeden",1000367619.0,QUE_CAP,Four-Seam,R,367,242,42.7366968982089,50.5560224249968,45.08249455624527,26.19181155356141,50.4241855382669,52.42220294338773,63.46045989904655,-5.341690982021625,42.266870469528,20.919798093101512,1411,461,Development Target,1317,418,222,4.199339528086206,RHH,Balanced Weapon,18.775735184713376,12.715875554140128,91.27496277707009,2343.7797405095544,6.366563808917197,5.219754726114649,1.6156053630573248,Soft-Speed Separation,0,pitch_type_specific,Four-Seam
"Willeman, Landon",812254.0,EVA_OTT,Slider,L,42,31,49.28271908922193,43.30743731298448,47.49013455635069,38.97924845765564,52.83431439306537,60.83206210106478,83.4828939988783,-5.34417983671468,42.263267371597266,20.86371284352215,1412,279,Development Target,1089,285,111,9.861958329408829,RHH,Right-Handed Killer,1.0370622068965518,-4.123798,80.93965055172414,2261.061468965517,5.474103931034483,5.535208689655173,2.083764965517241,Tight High-Spin Breakers,1,pitch_type_specific,Slider
"Simpson, Garret",1000073158.0,EVA_OTT,Curveball,L,74,31,47.72380585313154,37.109014978481945,44.53936859073666,23.107122826696585,49.885569670478006,50.542766672096185,57.29108244531688,-5.346201079741348,42.26034123188039,20.807627593942794,1413,157,Development Target,1372,149,74,7.698010747274324,RHH,Right-Handed Killer,-11.020175214285716,-12.76303357142857,76.74323142857143,2629.999992142857,5.171621642857143,5.451956714285714,1.9657900714285712,Tight High-Spin Breakers,1,pitch_type_specific,Curveball
"Garcia, Hector",815312.0,WAS_WIL3,Four-Seam,L,101,63,45.07149991273626,45.54738961336444,45.21426682292471,26.75266404935502,50.56247939260143,52.90476296710186,64.86259113853056,-5.348212569676718,42.25742921164713,20.751542344363433,1414,462,Development Target,1307,413,195,4.10446233659799,RHH,Balanced Weapon,19.503132060301507,4.551671809045226,90.97448165829144,2221.308033165829,6.048331105527638,6.064986030150753,0.9469291959798994,Soft-Speed Separation,0,pitch_type_specific,Four-Seam
"Tiburcio, David",696010.0,DOW_EAS1,Sinker,L,137,65,37.4608810052202,44.8653372937915,39.68221789179159,7.683679192372406,45.0362253117317,33.62155393986562,5.131800336511497,-5.35400741994011,42.249040046521834,20.69545709478407,1415,242,Low Priority,1647,260,123,1.3400311709027832,Balanced,Balanced Weapon,11.898514492753623,17.581457439613526,92.69128473429951,2236.370101449276,5.177564299516908,6.265715217391304,1.2914987922705314,Soft-Speed Separation,0,pitch_type_specific,Sinker
"Albert, Wes",670784.0,DOW_EAS1,Changeup,R,27,25,49.31110102862049,34.86794139480556,44.97815313847601,25.350532809871,50.33652158537127,52.11630996360381,63.18003365114975,-5.358368446895263,42.24272661760137,20.63937184520471,1416,190,Development Target,1332,182,83,-9.59966522341812,LHH,Left-Handed Killer,11.84903585106383,12.810574680851063,82.54851521276596,1806.612877659575,6.001849468085107,6.008719255319149,1.4390030851063829,Soft-Speed Separation,0,pitch_type_specific,Changeup
"Sechrist, Zander",801415.0,WAS_WIL3,Changeup,L,45,75,39.62282641281309,61.69875378931218,46.245604625762816,32.97812675266405,51.67816548581081,56.79781743569973,75.79921480650589,-5.432560860047992,42.1353187680984,20.58328659562535,1417,191,Development Target,1196,165,94,-3.879123736187623,LHH,Balanced Weapon,8.017370421455938,-14.863922643678162,76.7140414559387,1671.4043141762452,5.778279003831418,5.103136130268199,-2.579029042145594,Tight High-Spin Breakers,1,pitch_type_specific,Changeup
"Kassebaum, Torin",10120793.0,LON_ISL22,Curveball,R,30,16,39.75603461914604,42.226726688354994,40.49724223990873,9.871003925967472,45.93076009248731,36.74292709915559,8.721256309590578,-5.433517852578582,42.133933336551785,20.527201346045988,1418,158,Low Priority,1608,180,94,-1.9398167170788625,Balanced,Balanced Weapon,1.1112870909090908,10.247508363636364,71.56442527272726,2155.4375472727274,5.305760363636364,4.3057965454545455,-3.112567272727273,Tight High-Spin Breakers,1,pitch_type_specific,Curveball
"Miranda, Kevin",806656.0,OTT_TIT,Sinker,L,29,21,39.707169714642575,42.68047975670963,40.59916272726269,10.151430173864274,46.03969051572388,37.12302690816861,9.674705552439708,-5.440527788461196,42.12378510027923,20.47111609646663,1419,243,Low Priority,1603,243,118,-3.1965104569169185,LHH,Balanced Weapon,16.955045,15.701443448275862,87.71754982758621,2123.5187396551723,5.743463103448276,5.349607931034483,0.9243246551724138,Soft-Speed Separation,0,pitch_type_specific,Sinker
"Maryniak, Connor",831880.0,NEW_JER6,Four-Seam,R,56,45,39.36418604184973,47.97623293847374,41.94780011083693,13.684800897363994,47.390149687662536,41.83529422598675,18.367919237240606,-5.442349576825606,42.12114770971386,20.41503084688727,1420,463,Low Priority,1540,500,263,-1.1246147146253662,Balanced,Balanced Weapon,13.244429925373137,7.241822985074626,89.89388485074628,2453.261908955224,5.770339029850746,6.122067537313432,1.569879104477612,Soft-Speed Separation,0,pitch_type_specific,Four-Seam
"Gartland, Chad",1000103698.0,TRI_VAL,Changeup,L,74,39,41.42579822520953,47.765178433275366,43.32761228762928,18.788558609085808,48.78099551249655,46.68848598526107,37.7453729669097,-5.453383224867274,42.105174372845994,20.35894559730791,1421,192,Low Priority,1449,193,107,,,,8.278948488372093,14.337606395348836,83.71211581395349,1731.4556476744183,5.996956162790698,5.053138255813954,2.0971208139534885,Soft-Speed Separation,0,pitch_type_specific,Changeup
"Simpson, Garret",1000073158.0,EVA_OTT,Slider,R,86,39,39.78455876183517,65.44622621584257,47.48305899803739,38.81099270891755,52.938259615026,61.19476664072536,83.87549074593382,-5.455200616988606,42.10254334669169,20.302860347728547,1422,280,Development Target,1092,286,175,9.65186822324624,RHH,Right-Handed Killer,-2.047561582733813,-6.161272086330936,80.73323676258993,2431.2523474820146,5.118866043165467,5.512146978417267,2.063364964028777,Tight High-Spin Breakers,1,pitch_type_specific,Slider
"Matos, Dwayne",684228.0,OTT_TIT,Slider,L,60,27,47.34791978678899,47.10249347135224,47.27429189215797,37.7453729669097,52.739029998614114,60.49957849311818,82.80987100392598,-5.464738106456146,42.088735988367105,20.246775098149186,1423,281,Development Target,1111,289,113,7.706517890481223,RHH,Right-Handed Killer,4.425626153846154,-0.7831709090909091,81.52348272727272,2025.559358041958,6.170998881118881,4.856444895104896,1.414832027972028,Tight High-Spin Breakers,1,pitch_type_specific,Slider
"Agosto, Justus",1000116159.0,TRI_VAL,Slider,R,40,16,46.93997159013576,48.78440689348936,47.49330218114184,39.035333707235,53.02353899213485,61.49233892575568,84.77285473920358,-5.53023681099301,41.993913961416006,20.190689848569825,1424,282,Development Target,1088,284,174,1.0525226413099915,Balanced,Balanced Weapon,8.45885802631579,-1.8246297368421047,85.01561592105263,2249.408576315789,5.781083026315789,5.5955188157894735,1.5366122368421051,Soft-Speed Separation,0,pitch_type_specific,Slider
"Hines, Carter",809552.0,FLO_Y'A,Four-Seam,R,36,13,46.02785426776066,42.82893095291716,45.06817727330761,26.079641054402693,50.61606385189959,53.09173959071294,65.78799775659002,-5.547886578591978,41.96836251347847,20.134604598990467,1425,464,Development Target,1319,419,223,,,,16.619209811320754,-8.134207547169812,90.9738566037736,2502.244432075472,5.908015094339622,5.322478301886792,-2.2318267924528303,Soft-Speed Separation,0,pitch_type_specific,Four-Seam
"Armstrong, Andrew",803262.0,NEW_YOR13,Sinker,L,34,29,46.5736109930032,30.204069525351485,41.66274855270768,12.899607403252944,47.23458851223672,41.29248193064862,17.302299495232752,-5.571839959529036,41.933685367589185,20.078519349411106,1426,244,Low Priority,1554,230,114,3.2645264714135607,RHH,Balanced Weapon,12.94318525773196,-12.25343412371134,88.67315463917527,2100.5581711340205,6.467617422680412,5.366385360824743,-2.4402448453608248,Soft-Speed Separation,0,pitch_type_specific,Sinker
"Voytko, Fawster",1000207039.0,TRO_AIG,Four-Seam,L,141,86,42.029965223893,45.25459497575377,42.997354149451226,17.722938867077957,48.58608094752523,46.00835469853544,33.230510375771175,-5.588726798074006,41.909238406829395,20.02243409983174,1427,465,Low Priority,1468,476,224,1.7490610224370968,Balanced,Balanced Weapon,15.633439206349204,5.7595126190476185,89.48168261904762,2131.983070238095,6.660489642857143,6.108241150793651,1.5513017857142857,Soft-Speed Separation,0,pitch_type_specific,Four-Seam
"Matos, Dwayne",684228.0,OTT_TIT,Sinker,R,131,131,37.40178544400231,48.42164482469171,40.70774325820913,10.431856421761076,46.32139144304102,38.10598892640573,11.189007291082444,-5.613648184831895,41.87315988552849,19.966348850252384,1428,245,Low Priority,1598,242,125,1.4783683248336883,Balanced,Balanced Weapon,11.60040918128655,18.501138187134504,90.58066078947368,2123.692494152047,6.012118947368421,5.0255976023391815,1.2848376900584797,Soft-Speed Separation,0,pitch_type_specific,Sinker
"Nova, Fraynel",805843.0,LAK_ERI24,Slider,L,200,79,52.4672480687943,37.56799696818901,47.99747273861271,42.34436343241728,53.6237694426862,63.58677198531423,89.37184520471116,-5.626296704073496,41.854848710660235,19.910263600673023,1429,283,Development Target,1029,279,108,12.38881242891005,RHH,Right-Handed Killer,-0.6788191176470588,-6.921539438502673,80.7468900802139,2288.221609358289,5.593282005347594,5.77443050802139,1.406990267379679,Tight High-Spin Breakers,1,pitch_type_specific,Slider
"Morgan, Marcus",808861.0,JOL_SLA,Slider,L,42,13,56.18352454272216,39.16069621449987,51.07667604425547,58.88951205832866,56.74555798346666,74.47988332072832,99.21480650588896,-5.6688819392111895,41.79319835677159,19.854178351093662,1430,284,Development Target,734,232,80,,,,6.985688484848485,-9.187018030303031,84.86028803030304,2844.3510515151515,5.708886363636363,5.194676818181819,2.761155454545454,Tight High-Spin Breakers,1,pitch_type_specific,Slider
"Escobar, Anthony",678673.0,TRO_AIG,Slider,R,206,88,41.722437219087496,63.576491238712016,48.27865342497485,43.85866517106001,53.948602651984,64.72023899247932,90.94223219293326,-5.669949227009148,41.791653251520145,19.798093101514304,1431,285,Development Target,1002,274,171,4.428630675768751,RHH,Balanced Weapon,3.3527194674556213,-5.09783076923077,81.84095073964497,2154.954000887574,6.135956568047337,5.678216627218935,1.8007864792899408,Tight High-Spin Breakers,1,pitch_type_specific,Slider
"Catrambone, Ben",1000565186.0,JOL_SLA,Cutter,R,47,27,42.202198940356666,44.60884745920248,42.9241934960104,17.498597868760516,48.59798520462032,46.04989319360266,33.56702187324734,-5.673791708609919,41.786090517165576,19.742007851934943,1432,65,Low Priority,1472,68,37,0.7795819715869499,Balanced,Balanced Weapon,6.576818271604938,-0.1783032098765432,83.40994765432099,2348.0060913580246,5.229339012345679,5.504057037037037,0.8826875308641976,Tight High-Spin Breakers,1,pitch_type_specific,Cutter
"Sechrist, Zander",801415.0,WAS_WIL3,Sinker,R,66,36,39.98016688584156,37.70098396485562,39.296412009545776,7.23499719573752,44.98492087262284,33.44253317663542,4.907459338194055,-5.688508863077061,41.764784593218,19.68592260235558,1433,246,Low Priority,1655,263,140,-5.682879749219964,LHH,Left-Handed Killer,13.196501836734695,-17.842929081632654,80.13032153061225,1892.9930663265309,5.59919306122449,5.150780612244898,-2.4836101020408163,Tight High-Spin Breakers,1,pitch_type_specific,Sinker
"Cohn, Cooper",1000301881.0,NIU_HUS,Four-Seam,L,32,26,49.15656919681654,30.48604906988824,43.55541315873805,19.742007851934943,49.25121230205391,48.32925177497364,46.35445877734156,-5.69579914331586,41.75423050433682,19.62983735277622,1434,466,Low Priority,1432,463,216,10.816635923160504,RHH,Right-Handed Killer,17.801946857142855,12.584340571428571,91.068749,2195.3771314285714,5.955519285714286,5.893885285714286,0.7525884285714286,Soft-Speed Separation,0,pitch_type_specific,Four-Seam
"Walsh, John",1000208173.0,MIS_MUD,Four-Seam,L,58,46,37.78734096876359,51.126994438054304,41.7892370095508,13.180033651149747,47.49520718939731,42.20187993416904,19.54570947840718,-5.70597017984651,41.73950596425852,19.57375210319686,1435,467,Low Priority,1549,502,238,-0.1927219574359711,Balanced,Balanced Weapon,13.276967630057802,-12.032016994219653,84.2163412716763,1889.382571098265,5.7144237572254335,6.02789387283237,-1.4870971676300575,Soft-Speed Separation,0,pitch_type_specific,Four-Seam
"Sakurai, Masatoshi",1000429128.0,QUE_CAP,Curveball,L,109,66,45.60421699713807,41.301759687607294,44.31347980427883,22.490185081323613,50.01969022012786,51.0107644434435,59.590577678070666,-5.706210415849036,41.73915817623939,19.5176668536175,1436,159,Development Target,1383,151,75,-0.458099373618559,Balanced,Balanced Weapon,-4.475728308457712,5.336635323383085,78.32882,2442.3301323383084,5.567768059701493,5.75721696517413,-1.7716458706467662,Tight High-Spin Breakers,1,pitch_type_specific,Curveball
"Gamelin, Shaun",815222.0,JOL_SLA,Four-Seam,L,261,166,43.25268227871896,46.272697627586645,44.15868688337926,21.985417835109367,49.86980554579066,50.487759626269295,57.06674144699944,-5.711118662411401,41.73205254123317,19.461581604038138,1437,468,Development Target,1392,444,207,-1.272770993577808,Balanced,Balanced Weapon,20.155052666666663,10.18826230107527,89.86858316129033,2100.2296615053765,4.837616946236559,6.1496728172043005,1.2731397634408603,Soft-Speed Separation,0,pitch_type_specific,Four-Seam
"Misla, Luis",695417.0,TRI_VAL,Sinker,R,50,29,48.35440344338698,33.71094607320401,43.96136623233209,21.25630959057768,49.68072504647626,49.82798562060505,54.54290521592821,-5.719358814144172,41.720123329881424,19.405496354458776,1438,247,Low Priority,1405,190,97,-6.036843662300818,LHH,Left-Handed Killer,14.342075657894735,-14.856387763157894,88.64094947368422,2324.8692592105263,5.682255394736842,5.7524125,-1.4880809210526316,Soft-Speed Separation,0,pitch_type_specific,Sinker
"Pardinho, Eric",672078.0,OTT_TIT,Slider,L,37,61,50.18590355921532,36.51031263100735,46.083226280752925,32.02467750981492,51.80704781309815,57.24753705058349,77.03309029725183,-5.723821532345227,41.71366268323921,19.349411104879415,1439,286,Development Target,1213,306,122,9.565593984416338,RHH,Right-Handed Killer,4.535617702702703,1.359346036036036,85.88813725225225,2351.76365945946,5.531059774774775,5.523843423423424,1.3674616216216215,Tight High-Spin Breakers,1,pitch_type_specific,Slider
"Brodsky, Jack",1000302079.0,WAS_WIL3,Curveball,R,65,24,39.35591868770602,53.20793414345297,43.5115233244301,19.57375210319686,49.24095186461081,48.29344919387063,45.905776780706674,-5.729428540180706,41.70554545631312,19.293325855300054,1440,160,Low Priority,1435,157,80,2.53454681120666,Balanced,Balanced Weapon,-8.668498068965517,-12.346798275862067,75.90854393103447,2633.975651724138,5.516839862068966,5.443015517241379,1.5773859310344829,Tight High-Spin Breakers,1,pitch_type_specific,Curveball
"Thompson, Ross",1000103401.0,SCH_BOO,Four-Seam,R,257,197,40.12308404313977,48.458358694195525,42.623666438456496,16.376892877173304,48.35726676792592,45.20993472199417,30.426247896803137,-5.733600329469425,41.69950598546913,19.237240605720697,1441,469,Low Priority,1492,485,256,1.7194029561383672,Balanced,Balanced Weapon,15.7637018006993,12.047043846153846,88.99215012237762,2029.3697599650352,5.734325786713287,5.50185055944056,2.4603738461538462,Soft-Speed Separation,0,pitch_type_specific,Four-Seam
"Grounds, Jackson",805984.0,TRO_AIG,Sinker,L,57,37,41.98782829915431,34.510075293809706,39.74450239755093,7.908020190689849,45.47833721353364,35.164251052795706,7.319125070106562,-5.733834815982711,41.69916652094629,19.181155356141335,1442,248,Low Priority,1643,257,122,2.3653798340180288,Balanced,Balanced Weapon,13.556181891891892,13.759918648648648,92.22067801801802,2149.284036936937,5.802492702702702,6.033521981981982,1.798818828828829,Soft-Speed Separation,0,pitch_type_specific,Sinker
"De Jesus, Larry",692356.0,DOW_EAS1,Sinker,L,49,31,42.36867211646042,43.204057844877966,42.61928783498568,16.320807627593943,48.370418071694814,45.25582463871627,30.762759394279303,-5.7511302367091375,41.67412805855458,19.125070106561974,1443,249,Low Priority,1493,213,106,2.282756870059302,Balanced,Balanced Weapon,14.213368252427184,16.279876990291264,89.49227669902912,2375.163904854369,5.171799126213592,5.679699223300971,2.0670430097087378,Soft-Speed Separation,0,pitch_type_specific,Sinker
"Trizuto, Colin",1000218135.0,WAG_SEA,Changeup,R,60,24,40.53765829498824,45.12026641374409,41.912440730615,13.460459899046551,47.68634551460728,42.86883447954522,21.648906337633203,-5.773904783992279,41.64115750209013,19.068984856982613,1444,193,Low Priority,1544,202,90,,,,6.966723478260869,18.48328797101449,84.03827028985508,1960.5586159420288,5.345359855072464,5.421420144927536,1.4370666666666667,Soft-Speed Separation,0,pitch_type_specific,Changeup
"Williams, Brian",1000079778.0,MIS_MUD,Cutter,L,59,55,48.36329921920405,40.13873392858241,45.89592963201756,30.84688726864834,51.67329287211758,56.78081502738109,75.68704430734716,-5.777363240100016,41.636150718817454,19.012899607403252,1445,66,Development Target,1234,58,26,1.5898122492387543,Balanced,Balanced Weapon,6.382511329479769,-0.0706758959537572,83.13794479768785,2198.489221387284,6.376197052023122,6.1055824855491325,2.845993410404624,Soft-Speed Separation,0,pitch_type_specific,Cutter
"Drakeford, Dosie",836144.0,NEW_JER6,Four-Seam,R,47,45,40.292030762510606,53.78340822516101,44.33944400130572,22.60235558048233,50.11999315533548,51.36075965491039,61.8339876612451,-5.780549154029757,41.63153849299336,18.95681435782389,1446,470,Development Target,1381,442,237,1.6292929604352793,Balanced,Balanced Weapon,19.062128769230767,10.084416307692308,91.35111315384616,2340.1286546153847,5.831051692307692,5.882957,1.0104940769230768,Soft-Speed Separation,0,pitch_type_specific,Four-Seam
"Cook, Cole",1000161363.0,SCH_BOO,Cutter,L,40,45,45.81611442088257,43.88299191385422,45.23617766877406,26.864834548513738,51.0200978000416,54.5015681947021,70.02243409983174,-5.783920131267536,41.62665835228291,18.900729108244533,1447,67,Development Target,1305,62,29,-0.0249297751451251,Balanced,Balanced Weapon,9.526231764705884,-3.677950882352941,82.45101382352941,2386.947120588235,5.271762647058824,5.599299338235294,-1.2416395588235294,Tight High-Spin Breakers,1,pitch_type_specific,Cutter
"Glickstein, Aaron",1000292360.0,SCH_BOO,Cutter,R,53,31,38.13064368088433,45.773016525623774,40.42335553430617,9.75883342680875,46.214448032409614,37.73282256251562,10.6842400448682,-5.7910924981034455,41.61627496582929,18.844643858665172,1448,68,Low Priority,1610,73,40,1.838654427001423,Balanced,Balanced Weapon,10.113671547619049,0.9470788095238096,85.47606202380952,2236.448148809524,5.655170595238095,5.2667503571428576,2.4747838095238097,Soft-Speed Separation,0,pitch_type_specific,Cutter
"Rodriguez, Leonardo",673164.0,NEW_JER6,Four-Seam,L,151,89,49.058435129111984,29.50311737114804,43.1918398017228,18.395961862030287,48.99090272610619,47.42093234352234,41.36287156477847,-5.799062924383392,41.604736234172336,18.788558609085808,1449,471,Low Priority,1456,472,221,8.285811385436496,RHH,Right-Handed Killer,15.6606789298893,10.904436900369005,92.4129001107011,2440.406101476015,6.572768450184502,5.973439372693727,2.405820295202952,Soft-Speed Separation,0,pitch_type_specific,Four-Seam
"Cook, Cole",1000161363.0,SCH_BOO,Cutter,R,96,45,45.81611442088257,43.79989266337046,45.211247893628936,26.640493550196297,51.0200978000416,54.5015681947021,70.02243409983174,-5.808849906412661,41.590567687171124,18.73247335950645,1450,69,Development Target,1309,63,34,-0.0249297751451251,Balanced,Balanced Weapon,9.526231764705884,-3.677950882352941,82.45101382352941,2386.947120588235,5.271762647058824,5.599299338235294,-1.2416395588235294,Tight High-Spin Breakers,1,pitch_type_specific,Cutter
"Williams, Brian",1000079778.0,MIS_MUD,Four-Seam,L,379,277,42.04630962432712,46.65684520630478,43.42947029892042,19.18115535614133,49.23887661768818,48.2862078655483,45.79360628154795,-5.809406318767756,41.58976217280708,18.67638810992709,1451,472,Low Priority,1442,466,218,2.3170695507595767,Balanced,Balanced Weapon,17.823936059817946,8.155637646293888,89.23870300390116,2252.008390377113,6.3186927178153445,6.31767455136541,2.679903459037712,Soft-Speed Separation,0,pitch_type_specific,Four-Seam
"Thiels, Brenton",816364.0,MIS_MUD,Four-Seam,R,82,53,37.50310604390724,53.404585546163005,42.273549894583965,14.974761637689287,48.091819690316,44.28368858703262,27.173303421200224,-5.818269795732036,41.576930577777375,18.620302860347728,1452,473,Low Priority,1517,489,259,3.71065201849072,RHH,Balanced Weapon,15.882974611398964,11.15813621761658,89.43709321243523,2254.2386642487045,6.783163056994819,6.531980880829015,2.540553367875648,Soft-Speed Separation,0,pitch_type_specific,Four-Seam
"Toribio, Noe",672848.0,TRO_AIG,Sinker,L,308,175,35.220180094294975,44.40040478659744,37.97424750198572,4.767246214245653,43.79847844431352,29.302582857834707,1.9349411104879417,-5.8242309423277945,41.568300666588144,18.56421761076837,1453,250,Low Priority,1699,279,132,2.057101438446516,Balanced,Balanced Weapon,11.388700507518797,17.78850477443609,90.27628233082706,2022.50865056391,5.770833421052632,5.797603402255639,2.170676372180451,Soft-Speed Separation,0,pitch_type_specific,Sinker
"Scafidi, Christian",690280.0,LAK_ERI24,Slider,L,78,48,51.91907439307665,36.88797972554286,47.40974599281651,38.41839596186203,53.257084559450014,62.30726851929583,86.73583847448121,-5.847338566633503,41.53484791679432,18.50813236118901,1454,287,Development Target,1099,288,112,10.548220797960148,RHH,Right-Handed Killer,4.203553009708738,-1.7272827669902913,84.3415818932039,2388.0164019417475,5.6105785436893205,6.336556893203883,1.2385373786407767,Tight High-Spin Breakers,1,pitch_type_specific,Slider
"Grills, Evan",592361.0,OTT_TIT,Four-Seam,R,95,53,44.14643654761309,43.07398422680055,43.82470085136933,20.69545709478407,49.672819873678506,49.80040145649952,54.43073471676949,-5.848119022309177,41.53371805644614,18.452047111609645,1455,474,Low Priority,1415,451,242,-2.5284921672153047,Balanced,Balanced Weapon,17.45238951388889,-10.736113194444444,87.84617027777777,2214.0571479166665,5.499572708333333,6.452293055555555,-1.4648125,Soft-Speed Separation,0,pitch_type_specific,Four-Seam
"O'Brien, Keenan",1000245579.0,SUS_COU1,Sinker,R,38,26,30.26529986111282,61.55450922020159,39.65206266883945,7.627593942793045,45.50914596382927,35.27175453763819,7.487380818844644,-5.85708329498982,41.520740540146676,18.395961862030287,1456,251,Low Priority,1648,261,138,1.8934480038562784,Balanced,Balanced Weapon,10.385357252747252,16.07867065934066,90.3081456043956,2071.7389263736263,5.826322197802198,5.392336043956044,2.485264065934066,Soft-Speed Separation,0,pitch_type_specific,Sinker
"Andueza, Axel",672847.0,DOW_EAS1,Slider,R,51,31,40.00239347126312,57.269288944670855,45.18246211328544,26.41615255187886,51.039576847152674,54.5695380222919,70.41503084688728,-5.857114733867235,41.5206950262987,18.339876612450926,1457,288,Development Target,1313,321,189,6.971328058679752,RHH,Right-Handed Killer,-0.5813774590163935,-1.4900003278688525,80.71569934426229,2081.767250491803,5.214138852459016,6.017046721311475,1.0154234426229507,Tight High-Spin Breakers,1,pitch_type_specific,Slider
"Duncan, Tanner",677365.0,DOW_EAS1,Four-Seam,L,106,82,41.86882522090164,47.65061949632663,43.60336350352914,20.078519349411103,49.47099869925703,49.096170374189406,50.22434099831744,-5.8676351957278925,41.505464625558055,18.283791362871565,1458,475,Low Priority,1426,458,213,-0.9313893448864192,Balanced,Balanced Weapon,16.230014146341464,9.029244024390245,93.8375725203252,2285.8134333333333,5.914758048780487,6.000249268292683,2.4679615040650407,Soft-Speed Separation,0,pitch_type_specific,Four-Seam
"Vincent, Tom",700578.0,SCH_BOO,Four-Seam,L,37,26,39.25309274331267,48.53316992908698,42.03711589904496,14.021312394840155,47.92726426764029,43.70949193128972,23.808188446438585,-5.890148368595327,41.472872459049036,18.227706113292204,1459,476,Low Priority,1534,497,235,5.374080111244908,RHH,Right-Handed Killer,10.4635725,-8.634223125,92.269928125,2338.5939984375,6.02388609375,5.79466578125,-0.8051690625,Soft-Speed Separation,0,pitch_type_specific,Four-Seam
"Walsh, John",1000208173.0,MIS_MUD,Four-Seam,R,115,46,37.78734096876359,50.48458791326775,41.59651505211483,12.731351654514864,47.49520718939731,42.20187993416904,19.54570947840718,-5.898692137282481,41.46050370350729,18.171620863712842,1460,477,Low Priority,1557,503,265,-0.1927219574359711,Balanced,Balanced Weapon,13.276967630057802,-12.032016994219653,84.2163412716763,1889.382571098265,5.7144237572254335,6.02789387283237,-1.4870971676300575,Soft-Speed Separation,0,pitch_type_specific,Four-Seam
"Woolfolk, Dallas",663762.0,MIS_MUD,Slider,L,37,21,52.89751350737895,29.391057017740746,45.84557656048749,30.3421200224341,51.760638877524286,57.08559856706347,76.47223780145822,-5.915062317036799,41.43680470614797,18.11553561413348,1461,289,Development Target,1243,310,124,10.642617811627254,RHH,Right-Handed Killer,0.421680366972477,-1.2819196330275229,81.99361403669725,2280.5644651376147,5.203725779816513,6.06842504587156,1.7289893577981652,Tight High-Spin Breakers,1,pitch_type_specific,Slider
"Bell, Brendan",681141.0,NEW_ENG23,Slider,L,37,17,48.3540910203951,46.952456050032005,47.933600529286174,42.00785193494111,53.86591760442288,64.431719313106,90.54963544587773,-5.932317075136709,41.41182511076279,18.059450364554124,1462,290,Development Target,1035,280,109,1.6012482368396448,Balanced,Balanced Weapon,-1.4611277777777778,-9.17613851851852,82.46972,2406.3218728395063,5.44924950617284,6.220917283950617,1.0898666666666668,Tight High-Spin Breakers,1,pitch_type_specific,Slider
"Godwin, Connor",802684.0,NEW_YOR13,Slider,R,51,19,43.37096851131302,64.98413728901762,49.8549191446244,52.77621985417835,55.78771598108982,71.1376071103677,98.23331463825014,-5.932796836465421,41.41113056356582,18.003365114974763,1463,291,Development Target,843,250,161,7.458028013997882,RHH,Right-Handed Killer,0.0053965591397849,-10.206982043010752,82.4243435483871,2535.119165591398,6.105867741935484,5.0952276344086025,2.834425376344086,Tight High-Spin Breakers,1,pitch_type_specific,Slider
"Harris, Ben",1000390130.0,GAT_GRI,Sinker,R,41,31,35.584769368404146,49.39294375089359,39.72722168315098,7.851934941110487,45.6880777279225,35.89611573387167,7.936062815479529,-5.960856044771518,41.3705094394529,17.9472798653954,1464,252,Low Priority,1644,258,136,2.7488008446898107,Balanced,Balanced Weapon,13.369949186991873,14.872259349593495,90.21248089430894,2243.784845528456,5.874089593495935,6.099979756097561,0.9921443902439024,Soft-Speed Separation,0,pitch_type_specific,Sinker
"Supple, Rayne",665171.0,NEW_JER6,Sinker,R,30,26,33.081282088164144,51.67891948956611,38.66057330858473,6.16937745372967,44.64745309673539,32.26497934592737,3.673583847448121,-5.9868797881506595,41.332835044004725,17.89119461581604,1465,253,Low Priority,1674,271,144,3.228666913320985,RHH,Balanced Weapon,8.325616494845361,16.14027948453608,93.14447154639176,2093.2269969072163,5.956293814432989,5.9018293814432985,2.441959381443299,Soft-Speed Separation,0,pitch_type_specific,Sinker
"Petery, Dylan",10998503.0,WIN_CIT29,Curveball,L,31,19,46.8464206885396,30.63465385228534,41.98289063766332,13.740886146943351,47.97181267458035,43.86493832052276,24.87380818844644,-5.988922036917032,41.32987849442202,17.83510936623668,1466,161,Low Priority,1539,174,83,4.0071563665439385,RHH,Balanced Weapon,-6.845851170212765,-14.64764585106383,74.4368610638298,2561.310630851064,5.5383010638297865,5.03066744680851,1.598004255319149,Tight High-Spin Breakers,1,pitch_type_specific,Curveball
"Voytko, Fawster",1000207039.0,TRO_AIG,Sinker,L,36,14,37.064894089249854,41.15506721958346,38.29194602834993,5.159842961301178,44.28296969538162,30.993157690170893,2.579921480650589,-5.991023667031683,41.32683597886722,17.779024116657318,1467,254,Low Priority,1692,276,130,,,,12.506280961538462,13.170118269230768,88.10567807692307,2070.1766115384617,6.513664423076923,5.982984423076923,1.7660571153846154,Soft-Speed Separation,0,pitch_type_specific,Sinker
"Nakata, Yuto",1000432352.0,QUE_CAP,Four-Seam,R,133,105,37.78899595240593,53.30927295737767,42.445079053897445,15.535614133482897,48.45870480724359,45.56389074479935,31.7722938867078,-6.0136257533461475,41.29411509296855,17.722938867077957,1468,478,Low Priority,1507,487,257,2.593586946659052,Balanced,Balanced Weapon,15.833567536231882,10.144038369565218,92.50470336956522,2078.949862681159,5.7607390217391305,6.33064018115942,0.8688236231884058,Soft-Speed Separation,0,pitch_type_specific,Four-Seam
"Leach, Landon",667743.0,TRO_AIG,Slider,L,36,10,51.6049293688421,33.663578473741,46.222524100311766,32.80987100392597,52.236598044950746,58.74640170416232,79.72518227706114,-6.01407394463898,41.29346624949679,17.6668536174986,1469,292,Development Target,1199,302,119,10.920843172811864,RHH,Right-Handed Killer,2.406333611111111,-6.935633611111111,82.09509652777778,2108.66805,5.335431388888889,5.993075833333333,1.1599511111111112,Tight High-Spin Breakers,1,pitch_type_specific,Slider
"Bell, Jacob",1000200105.0,SCH_BOO,Four-Seam,R,59,34,34.98555656945936,58.72712532367174,42.10802719572308,14.30173864273696,48.132366231480574,44.42517093966539,28.126752664049352,-6.024339035757492,41.27860554723439,17.61076836791924,1470,479,Low Priority,1529,494,262,1.2119834708789554,Balanced,Balanced Weapon,16.68209306122449,11.735688367346938,87.09354704081633,2324.959658163265,6.095360408163265,6.025952653061225,1.68799,Soft-Speed Separation,0,pitch_type_specific,Four-Seam
"Mays, Justin",821399.0,LAK_ERI24,Four-Seam,L,36,30,40.89907439572141,44.89511478493522,42.097886512485545,14.2456533931576,48.13049898527778,44.41865540521713,28.014582164890637,-6.032612472792238,41.26662814897844,17.554683118339874,1471,480,Low Priority,1530,495,233,1.6036392983233083,Balanced,Balanced Weapon,16.050145714285716,11.05605051948052,88.13663701298702,1996.0454194805195,5.613091428571428,5.794765064935065,2.240586233766234,Soft-Speed Separation,0,pitch_type_specific,Four-Seam
"Jones, Breyln",690202.0,NEW_JER6,Cutter,L,26,15,40.79981705686227,41.6189207081744,41.045548152255904,11.721817162086372,47.08688328991897,40.77708205313896,15.9562535053281,-6.041335137663069,41.254000406654136,17.498597868760516,1472,70,Low Priority,1575,72,33,3.9795547162815694,RHH,Balanced Weapon,8.47305986111111,-0.1121236111111111,87.15544666666666,2061.022748611111,5.849296527777778,5.760559305555556,1.462291111111111,Soft-Speed Separation,0,pitch_type_specific,Cutter
"Rodriguez, Ramon",1000115889.0,WIN_CIT29,Changeup,L,25,27,45.640113345479406,35.05024483810598,42.463152793267376,15.703869882220976,48.50639855314344,45.730312421765376,32.50140213123948,-6.043245759876065,41.25123441193324,17.442512619181155,1473,194,Low Priority,1504,196,110,4.861283809745942,RHH,Balanced Weapon,9.66060848101266,-11.047407848101264,83.62689772151899,2224.972659493671,5.89088,5.473131772151898,-1.6673149367088609,Tight High-Spin Breakers,1,pitch_type_specific,Changeup
"Kramer, Cameron",1000249123.0,TRO_AIG,Four-Seam,L,65,38,39.34827537368326,52.62703255587508,43.331902528340805,18.84464385866517,49.38266986069775,48.78795735463826,48.87829500841279,-6.050767332356948,41.240345482853805,17.386427369601794,1474,481,Low Priority,1448,468,219,-0.1313554952096183,Balanced,Balanced Weapon,17.901775294117645,4.460486617647058,89.55703713235295,2174.865236029412,5.897516176470588,6.313887573529412,1.1685067647058824,Soft-Speed Separation,0,pitch_type_specific,Four-Seam
"Galva, Claudio",669996.0,GAT_GRI,Slider,L,137,65,38.73577488246234,58.05510354405997,44.53157348094162,23.051037577117217,50.59245222165487,53.00934960378509,65.25518788558608,-6.06087874071325,41.22570726607602,17.330342120022436,1475,293,Development Target,1373,330,139,-4.22144055161381,LHH,Balanced Weapon,2.908425435684648,-0.4435166804979253,83.74117734439834,2241.3772804979253,4.775157053941909,5.772874315352697,-0.8231647717842324,Tight High-Spin Breakers,1,pitch_type_specific,Slider
"Harper, Scott",1000241275.0,NEW_YOR13,Sinker,R,150,76,42.51564711852746,42.97561783078226,42.6536383322039,16.545148625911384,48.71589098385091,46.4613114442208,36.31519910263601,-6.0622526516470145,41.223718264606276,17.27425687044307,1476,255,Low Priority,1489,212,107,0.9637747689195848,Balanced,Balanced Weapon,3.3329165587044534,19.30962995951417,89.19501097165993,2284.6716121457494,6.2470621862348175,4.336266477732793,1.7141233198380568,Soft-Speed Separation,0,pitch_type_specific,Sinker
"Hampton, Ky",673132.0,OTT_TIT,Sinker,R,98,74,38.82916056594077,41.7000551084008,39.69042892867878,7.739764441951767,45.769873446611,36.18153220548549,8.272574312955692,-6.079444517932224,41.19882971727145,17.21817162086371,1477,256,Low Priority,1646,259,137,1.887806637549538,Balanced,Balanced Weapon,7.542515472636816,16.060939502487564,88.2909747761194,2165.9546731343285,6.134175273631841,5.462308606965173,2.1623462686567163,Soft-Speed Separation,0,pitch_type_specific,Sinker
"Maietta, Dante",1000137704.0,WIN_CIT29,Slider,L,46,33,51.09469666321992,41.59820150433491,48.24574811555442,43.634324172742566,54.33504188811616,66.06867293301381,93.18564217610768,-6.089293772561739,41.18457101865242,17.162086371284353,1478,294,Development Target,1006,275,104,8.963172690344962,RHH,Right-Handed Killer,7.303939517241379,-1.5416180000000002,80.9641368275862,2072.136615862069,6.273860551724138,6.4459821379310345,1.1613806206896553,Soft-Speed Separation,0,pitch_type_specific,Slider
"Martzolf, Max",824782.0,OTT_TIT,Changeup,R,103,66,44.78309206211957,35.27120159247772,41.92952492122701,13.572630398205272,48.02130984873636,44.03765284677155,25.771172181716206,-6.091784927509352,41.18096459065889,17.106001121704992,1479,195,Low Priority,1542,201,89,-2.331685468954383,Balanced,Balanced Weapon,9.431473092783506,-19.534553917525773,83.23750716494845,2044.1656632474228,5.418927113402062,4.946608144329897,-1.5604359793814433,Tight High-Spin Breakers,1,pitch_type_specific,Changeup
"Smith, Ben",814168.0,NEW_ENG23,Four-Seam,R,46,26,33.76129676133824,59.86161301048071,41.59139163608098,12.6752664049355,47.68532625497286,42.86527789378278,21.56477846326416,-6.093934618891879,41.17785249713502,17.04991587212563,1480,482,Low Priority,1558,504,266,-1.368974077183232,Balanced,Balanced Weapon,10.470231648351648,-10.190750659340658,86.83118087912088,2167.227427472528,6.27693098901099,4.796128241758242,-1.6851406593406597,Soft-Speed Separation,0,pitch_type_specific,Four-Seam
"Moore, Kyle",1000517760.0,SCH_BOO,Sinker,R,49,31,40.709043252576464,32.6802730135644,38.30041218087284,5.215928210880538,44.43454172150776,31.52205032154479,3.168816601233875,-6.134129540634923,41.11966258361282,16.993830622546273,1481,257,Low Priority,1691,275,146,-4.051870641076519,LHH,Balanced Weapon,14.581619175257732,14.601898969072163,87.75797041237114,2158.83616185567,4.774774948453608,6.286691340206186,1.8557780412371128,Soft-Speed Separation,0,pitch_type_specific,Sinker
"Givens-Craig, Hayden",1000146243.0,SUS_COU1,Four-Seam,L,34,24,39.25617514288017,43.84264081774484,40.632114845339565,10.319685922602355,46.76639054829928,39.65876059380571,13.37633202467751,-6.134275702959712,41.119450985414076,16.93774537296691,1482,483,Low Priority,1600,518,249,4.580358936752852,RHH,Balanced Weapon,13.992747164179104,8.450367761194029,84.72297626865672,2022.3554149253728,5.643547313432835,5.639454925373134,0.7145386567164179,Soft-Speed Separation,0,pitch_type_specific,Four-Seam
"Willeman, Landon",812254.0,EVA_OTT,Four-Seam,L,377,213,41.44143292918734,48.497814171287466,43.55834730181738,19.854178351093665,49.70908524715302,49.9269451815846,54.823331463825006,-6.150737945335642,41.095618709626585,16.881660123387547,1483,484,Low Priority,1430,461,215,2.505153136293039,Balanced,Balanced Weapon,18.29366221112696,12.242384479315264,90.76442171184024,2190.5737443651924,5.818649001426533,5.636970342368046,1.868819144079886,Soft-Speed Separation,0,pitch_type_specific,Four-Seam
"Morrissey, Joe",1000570088.0,EVA_OTT,Four-Seam,R,119,71,44.07243832657115,43.54412189882289,43.91394339824667,20.97588334268088,50.07354755951588,51.19869324980531,60.76836791923724,-6.159604161269208,41.082783149409764,16.82557487380819,1484,485,Development Target,1410,450,241,1.6880500237406435,Balanced,Balanced Weapon,19.767106367713005,11.064679237668162,89.58777852017937,2370.662316591928,5.7423603139013455,5.806149327354261,1.0607011210762332,Soft-Speed Separation,0,pitch_type_specific,Four-Seam
"Sakurai, Masatoshi",1000429128.0,QUE_CAP,Curveball,R,92,66,45.60421699713807,39.77476177554542,43.85538043066027,20.8076275939428,50.01969022012786,51.0107644434435,59.590577678070666,-6.164309789467595,41.07597084362442,16.76948962422883,1485,162,Development Target,1413,156,79,-0.458099373618559,Balanced,Balanced Weapon,-4.475728308457712,5.336635323383085,78.32882,2442.3301323383084,5.567768059701493,5.75721696517413,-1.7716458706467662,Tight High-Spin Breakers,1,pitch_type_specific,Curveball
"Matos, Dwayne",684228.0,OTT_TIT,Changeup,R,78,64,42.56995852327308,38.51752476059589,41.35422839446992,12.33875490745934,47.51863508320254,42.28362879455496,19.6578799775659,-6.164406688732619,41.075830563220634,16.713404374649468,1486,196,Low Priority,1564,204,91,-4.564888458015346,LHH,Balanced Weapon,3.5978434468085108,15.925233361702126,83.99353029787234,1525.109069787234,6.37591970212766,4.977513702127659,1.451993744680851,Soft-Speed Separation,0,pitch_type_specific,Changeup
"Kramer, Cameron",1000249123.0,TRO_AIG,Four-Seam,R,71,38,39.34827537368326,52.18918090517637,43.20054703313119,18.452047111609645,49.38266986069775,48.78795735463826,48.87829500841279,-6.182122827566566,41.05018303009979,16.657319125070106,1487,486,Low Priority,1455,471,251,-0.1313554952096183,Balanced,Balanced Weapon,17.901775294117645,4.460486617647058,89.55703713235295,2174.865236029412,5.897516176470588,6.313887573529412,1.1685067647058824,Soft-Speed Separation,0,pitch_type_specific,Four-Seam
"Figueredo, Kevin",1000210447.0,WIN_CIT29,Sinker,R,112,75,41.4246968650008,36.22054227368879,39.8634504876072,8.244531688166013,46.051025484405145,37.16257893874837,9.899046550757152,-6.187574996797942,41.04228996196271,16.601233875490745,1488,258,Low Priority,1637,254,133,-3.6157914951768575,LHH,Balanced Weapon,12.144893971291864,-14.4455114354067,88.08952205741627,2017.0518665071768,5.385544688995215,5.268750861244019,-3.344054019138756,Soft-Speed Separation,0,pitch_type_specific,Sinker
"Reeves, Cobe",802696.0,NEW_YOR13,Curveball,R,29,12,46.2813711546074,40.87504522412813,44.65947337546361,23.499719573752103,50.84959999190091,53.9066362887581,68.0874929893438,-6.190126616437297,41.03859599964815,16.545148625911384,1489,163,Development Target,1365,148,75,,,,-7.957366923076923,6.990641346153846,80.09392615384614,2369.816623076923,5.527767692307692,6.274705192307692,-1.2363503846153847,Tight High-Spin Breakers,1,pitch_type_specific,Curveball
"Harris, Everette",810834.0,TRI_VAL,Slider,R,26,13,56.285429371311935,39.51068308022259,51.253005483985135,59.786876051598426,57.48288714229983,77.05270608341581,99.8597868760516,-6.229881658314696,40.98104289720138,16.489063376332027,1490,295,Development Target,718,226,151,-8.048155535116003,LHH,Reverse Split Weapon,1.1424774576271186,-8.32932186440678,80.50491152542374,2845.409383050848,6.141242372881356,3.951729661016949,3.975275762711864,Tight High-Spin Breakers,1,pitch_type_specific,Slider
"Esposito, Michael",1000059095.0,NEW_ENG23,Four-Seam,R,65,39,47.181806643404805,39.82972319578809,44.97618160911978,25.294447560291644,51.22223656111314,55.2069074580093,72.9388670779585,-6.246054951993365,40.95762893046829,16.432978126752666,1491,487,Development Target,1333,427,229,-2.1467144935598554,Balanced,Balanced Weapon,16.902299136690647,-11.462986402877698,90.49175928057554,2082.693461870504,6.328109424460432,4.930988489208634,-1.69065654676259,Soft-Speed Separation,0,pitch_type_specific,Four-Seam
"Heredia-Bustos, Rolando",837343.0,DOW_EAS1,Changeup,R,110,116,47.05680002937776,43.24515884831982,45.91330767506037,30.902972518227703,52.16963799287551,58.512752533902265,79.27650028042625,-6.256330317815134,40.9427533535882,16.376892877173304,1492,197,Development Target,1233,173,76,-1.9368876236632888,Balanced,Balanced Weapon,9.053282796352583,17.60673537993921,79.43104981762917,2063.622396352584,5.6204605775076,5.442262796352584,1.6611943161094225,Soft-Speed Separation,0,pitch_type_specific,Changeup
"Thompson, Ross",1000103401.0,SCH_BOO,Slider,L,40,87,53.44235324743793,25.49364446234823,45.057740611911015,25.91138530566461,51.34282066980471,55.62767142203183,73.6679753224902,-6.285080057893694,40.90113255134727,16.320807627593943,1493,296,Development Target,1322,322,133,16.025806354328218,RHH,Right-Handed Killer,3.247410812720848,-2.1654507773851592,79.3036606360424,2026.7018111307416,5.22838445229682,5.238637137809187,2.760515583038869,Tight High-Spin Breakers,1,pitch_type_specific,Slider
"Belton, Hunter",10294453.0,MIS_MUD,Four-Seam,L,68,38,40.0579421546087,40.0692282880128,40.06132799462993,8.637128435221536,46.3912864874653,38.34987940481624,11.63768928771733,-6.329958492835374,40.83616234777373,16.264722378014582,1494,488,Low Priority,1630,526,253,4.837406171837763,RHH,Balanced Weapon,12.956749302325582,10.55998573643411,86.38810689922481,2231.000224806201,6.131312790697675,5.989141085271318,1.1243757364341085,Soft-Speed Separation,0,pitch_type_specific,Four-Seam
"Anibal, Trevor",822669.0,NEW_ENG23,Four-Seam,L,121,103,43.18413944670922,44.44673028793167,43.56291669907595,19.910263600673023,49.8959104889849,50.57884973340013,57.515423443634326,-6.332993789908954,40.83176816894301,16.20863712843522,1495,489,Development Target,1429,460,214,-0.005459053166902,Balanced,Balanced Weapon,18.78029602272728,12.012016022727272,90.45290390151516,2252.8387852272726,5.843198181818181,5.533496287878788,0.9346949242424242,Soft-Speed Separation,0,pitch_type_specific,Four-Seam
"Linderman, Greyson",1000124562.0,JOL_SLA,Sinker,R,35,25,35.521665360544645,47.84997335145101,39.22015775781655,7.010656197420079,45.55406929051426,35.42850916491172,7.599551318003366,-6.333911532697712,40.83043955897942,16.15255187885586,1496,259,Low Priority,1659,265,141,-1.984532958966504,Balanced,Balanced Weapon,11.672404523809524,14.612855357142855,93.64064547619049,2128.0804297619047,5.4279925,5.753555952380952,1.5823216666666666,Soft-Speed Separation,0,pitch_type_specific,Sinker
"Anibal, Trevor",822669.0,NEW_ENG23,Four-Seam,R,143,103,43.18413944670922,44.42853344404199,43.55745764590905,19.798093101514304,49.8959104889849,50.57884973340013,57.515423443634326,-6.338452843075856,40.82386513497951,16.096466629276502,1497,490,Development Target,1431,462,247,-0.005459053166902,Balanced,Balanced Weapon,18.78029602272728,12.012016022727272,90.45290390151516,2252.8387852272726,5.843198181818181,5.533496287878788,0.9346949242424242,Soft-Speed Separation,0,pitch_type_specific,Four-Seam
"Heredia-Bustos, Rolando",837343.0,DOW_EAS1,Sinker,R,50,38,34.615283121952444,47.382060227136,38.44531625350751,5.552439708356703,44.80832698607529,32.826329727174695,4.122265844083007,-6.363010732567787,40.78831284618646,16.040381379697138,1498,260,Low Priority,1685,273,145,0.7688145740274734,Balanced,Balanced Weapon,13.355864222222223,16.768391185185184,87.9020942962963,2111.461074074074,5.712359626865672,5.692819407407407,1.4272540740740742,Soft-Speed Separation,0,pitch_type_specific,Sinker
"Shinn, Nathan",1000490914.0,LAK_ERI24,Curveball,R,59,19,40.43405665589266,48.48583386153526,42.84958981758544,17.162086371284353,49.22154788604899,48.22574130909153,45.68143578238923,-6.371958068463549,40.775359849154725,15.984296130117778,1499,164,Low Priority,1478,166,86,-3.384812780251039,LHH,Balanced Weapon,-5.922693863636363,0.5793327272727273,79.59403977272727,2112.7616534090907,5.288632727272727,5.773768977272727,-2.1058332954545453,Tight High-Spin Breakers,1,pitch_type_specific,Curveball
"Tokar, Heitor",677573.0,OTT_TIT,Curveball,R,37,10,38.34239317014716,51.69077372116524,42.346907335452585,15.14301738642737,48.7275617136403,46.502035073416245,36.62366797532249,-6.380654378187714,40.76277026099614,15.928210880538419,1500,165,Low Priority,1514,172,90,,,,-14.643316140350878,-9.183988421052632,73.3690254385965,2124.0345403508773,5.82481298245614,6.955262982456141,2.125013157894737,Tight High-Spin Breakers,1,pitch_type_specific,Curveball
"Maher, Adam",1000133555.0,TRI_VAL,Curveball,R,41,17,42.70603501367567,42.09707849343073,42.523348057602185,15.984296130117778,48.91618938239729,47.160228980488455,40.29725182277061,-6.392841324795107,40.74512730167612,15.872125630959058,1501,166,Low Priority,1499,170,89,-1.6148973681910943,Balanced,Balanced Weapon,1.6038255263157897,2.395112105263158,77.26490276315789,2007.408127631579,5.529628947368421,5.561631315789474,-0.8903127631578948,Tight High-Spin Breakers,1,pitch_type_specific,Curveball
"Serrano, Elio",665939.0,NEW_JER6,Curveball,L,60,24,43.383171272622576,42.43354021256154,43.09828195460426,18.17162086371284,49.53138826991928,49.30689262783613,52.18732473359506,-6.4331063153150225,40.686835950064484,15.816040381379699,1502,167,Low Priority,1460,161,78,2.6072915565379446,Balanced,Balanced Weapon,-9.829947850467288,-13.7732738317757,75.72053700934579,2283.182781308411,5.129723644859814,5.850391962616823,1.7535091588785048,Tight High-Spin Breakers,1,pitch_type_specific,Curveball
"Leduc, Zachary",824497.0,TRO_AIG,Sinker,R,46,41,41.69441434173444,36.74051701756247,40.208245144482845,9.141895681435782,46.65864376124965,39.28279094306462,12.366797532249018,-6.450398616766805,40.661802003425365,15.759955131800337,1503,261,Low Priority,1621,249,130,-3.66793168268741,LHH,Balanced Weapon,11.716303496503496,15.30031090909091,90.2881495104895,2114.635488111888,6.541243496503497,5.101738461538461,1.699393916083916,Soft-Speed Separation,0,pitch_type_specific,Sinker
"Villers, Ian",677351.0,QUE_CAP,Four-Seam,R,86,55,42.73712281501085,43.333897117097,42.91615510563669,17.386427369601794,49.36789201533242,48.73639181368021,48.31744251261918,-6.451736909695732,40.65986456589782,15.703869882220975,1504,491,Low Priority,1474,478,253,0.0022180758299583,Balanced,Balanced Weapon,17.931941543209877,11.87072598765432,93.3564150617284,2260.9952783950616,6.109241111111111,6.587013641975308,1.082642901234568,Soft-Speed Separation,0,pitch_type_specific,Four-Seam
"Catrambone, Ben",1000565186.0,JOL_SLA,Cutter,L,34,27,42.202198940356666,42.01024088724597,42.14461152442345,14.46999439147504,48.59798520462032,46.04989319360266,33.56702187324734,-6.453373680196869,40.657495024428734,15.647784632641615,1505,71,Low Priority,1526,70,32,0.7795819715869499,Balanced,Balanced Weapon,6.576818271604938,-0.1783032098765432,83.40994765432099,2348.0060913580246,5.229339012345679,5.504057037037037,0.8826875308641976,Tight High-Spin Breakers,1,pitch_type_specific,Cutter
"Villers, Ian",677351.0,QUE_CAP,Four-Seam,L,76,55,42.73712281501085,43.32650353099713,42.91393702980673,17.330342120022436,49.36789201533242,48.73639181368021,48.31744251261918,-6.453954985525691,40.65665347267674,15.591699383062254,1506,492,Low Priority,1475,479,226,0.0022180758299583,Balanced,Balanced Weapon,17.931941543209877,11.87072598765432,93.3564150617284,2260.9952783950616,6.109241111111111,6.587013641975308,1.082642901234568,Soft-Speed Separation,0,pitch_type_specific,Four-Seam
"Nakata, Yuto",1000432352.0,QUE_CAP,Curveball,L,66,10,45.67993922188998,40.33078740118657,44.07519367567895,21.53673583847448,50.54255982860963,52.83525600803626,64.66629276500281,-6.46736615293068,40.63723821727416,15.535614133482895,1507,168,Development Target,1400,154,77,,,,-12.94055965909091,-13.221831136363637,74.68804125,2626.764728409091,5.198223522727273,6.1393770454545455,0.8629103409090909,Tight High-Spin Breakers,1,pitch_type_specific,Curveball
"Huter, Blayne",1000145980.0,SUS_COU1,Curveball,L,47,37,44.471601839691296,32.32913882218107,40.82886293443823,10.76836791923724,47.32741794472117,41.6163992396037,18.14357823892316,-6.498555010282942,40.59208632162459,15.479528883903534,1508,169,Low Priority,1592,178,85,2.0521279370512744,Balanced,Balanced Weapon,-5.0568,-14.241019417475728,73.69118194174757,2136.9634834951457,6.006360970873786,5.857499708737864,1.9373958252427184,Tight High-Spin Breakers,1,pitch_type_specific,Curveball
"Manning, Noah",828538.0,WIN_CIT29,Sinker,R,32,21,40.990093272438166,45.84066576925273,42.44526502148253,15.591699383062254,48.96422642806307,47.32784856132364,41.0263600673023,-6.518961406580544,40.56254412115837,15.42344363432417,1509,262,Low Priority,1506,218,109,3.52320890385851,RHH,Balanced Weapon,4.472468648648649,18.90640932432433,90.69737945945946,2342.6340635135134,5.464466891891892,4.743670945945946,2.3560841891891893,Soft-Speed Separation,0,pitch_type_specific,Sinker
"Biddinger, Tyler",1000324948.0,WIN_CIT29,Changeup,L,75,21,40.79818983782726,40.85370017439581,40.814842938797824,10.65619742007852,47.34907228055553,41.69195947952924,18.227706113292204,-6.534229341757708,40.54044083574084,15.367358384744811,1510,198,Low Priority,1594,207,114,,,,1.3936368181818182,16.472745,83.87148761363636,1969.1786988636363,5.496116022727272,4.97672625,1.5420261363636365,Soft-Speed Separation,0,pitch_type_specific,Changeup
"Gorgen, Grady",1000138303.0,NEW_YOR13,Sinker,R,29,13,42.53647327579473,34.47282284513621,40.11737814659717,8.80538418395962,46.67654490631677,39.34525486837544,12.731351654514864,-6.559166759719602,40.50433910617545,15.311273135165452,1511,263,Low Priority,1627,251,131,,,,8.050096346153847,-8.344790961538461,86.92485596153847,2174.343832692308,6.21116923076923,5.454863846153846,-2.293631346153846,Soft-Speed Separation,0,pitch_type_specific,Sinker
"Sabatine, Gino",1000229070.0,TRI_VAL,Slider,R,112,48,40.284725302781816,59.32043406764177,45.9954379322398,31.40773976444195,52.556928339881495,59.8641563250164,82.192933258553,-6.561490407641692,40.50097517695805,15.255187885586091,1512,297,Development Target,1224,308,185,6.6610241642319465,RHH,Right-Handed Killer,4.210606304347826,-3.5732639855072463,79.9349852173913,2321.761015217392,4.887013623188405,5.626147608695652,2.0917452173913045,Tight High-Spin Breakers,1,pitch_type_specific,Slider
"Bohnert, Matthew",810066.0,WIN_CIT29,Four-Seam,R,214,129,43.28350152173356,46.08741530037057,44.124675655324666,21.76107683679192,50.70035994887164,53.38588083617597,66.60123387549075,-6.575684293546978,40.48042678533155,15.199102636006732,1513,493,Development Target,1396,445,238,-2.038910661642192,Balanced,Balanced Weapon,17.162651581395348,-8.60623841860465,91.57220193023257,2135.5317941860467,5.2272171162790695,5.451568627906976,-1.8461788372093024,Soft-Speed Separation,0,pitch_type_specific,Four-Seam
"Agosto, Justus",1000116159.0,TRI_VAL,Slider,L,36,16,46.93997159013576,45.27599808912272,46.44077953983185,33.87549074593382,53.02353899213485,61.49233892575568,84.77285473920358,-6.5827594523030015,40.47018412635088,15.14301738642737,1514,298,Development Target,1180,300,118,1.0525226413099915,Balanced,Balanced Weapon,8.45885802631579,-1.8246297368421047,85.01561592105263,2249.408576315789,5.781083026315789,5.5955188157894735,1.5366122368421051,Soft-Speed Separation,0,pitch_type_specific,Slider
"Williams, Pierce",1000337420.0,NEW_ENG23,Curveball,R,101,45,42.01893827909287,40.7099351498765,41.62623734032796,12.843522153673584,48.21627478289244,44.71795989080117,29.080201906898484,-6.59003744256448,40.459647829585876,15.086932136848008,1515,170,Low Priority,1555,176,93,-3.327212684346449,LHH,Balanced Weapon,-5.690793255813954,6.4572065697674415,75.24255796511628,2179.4817970930235,5.7658180813953495,5.930079593023256,-1.8096114534883725,Tight High-Spin Breakers,1,pitch_type_specific,Curveball
"Peyton, Blake",1000017005.0,GAT_GRI,Sinker,R,69,29,43.92959010701728,34.10515017688188,40.98225812797666,11.553561413348293,47.598762527514246,42.56322402033902,20.751542344363436,-6.61650439953759,40.42133179684655,15.030846887268648,1516,264,Low Priority,1578,237,122,,,,16.476907931034482,-14.95796551724138,88.80805873563219,2215.56381954023,6.017578965517241,6.147645862068965,-2.104962413793104,Soft-Speed Separation,0,pitch_type_specific,Sinker
"Eldred, Zach",1000227712.0,NEW_ENG23,Curveball,R,28,14,35.716546584835484,57.15737137117385,42.14879402073699,14.526079641054404,48.790446967668686,46.72146571855397,37.99775659001682,-6.641652946931693,40.38492441664497,14.974761637689287,1517,171,Low Priority,1525,173,91,4.947141190632536,RHH,Balanced Weapon,-10.039713894736842,-12.386075894736845,77.6338894736842,2500.1536147368424,5.834946631578948,5.813401052631579,1.413398842105263,Tight High-Spin Breakers,1,pitch_type_specific,Curveball
"Delaney, Carter",1000039247.0,WIN_CIT29,Curveball,L,34,17,44.9229004801321,38.25509024645318,42.92255741002842,17.442512619181155,49.567957374625145,49.43449618707585,52.74817722938867,-6.645399964596727,40.37949988477778,14.918676388109928,1518,172,Low Priority,1473,164,80,4.678222809172752,RHH,Balanced Weapon,-5.378790208333334,-6.9046090625000005,79.90533739583333,2257.893857291667,5.557033541666667,5.683299062500001,1.6897628125,Tight High-Spin Breakers,1,pitch_type_specific,Curveball
"Gollert, Harley",8890793.0,QUE_CAP,Four-Seam,R,57,26,47.18556863622843,33.68310927101713,43.13483082666504,18.33987661245093,49.789815746434925,50.20864469625496,55.80482333146383,-6.654984919769888,40.36562381067553,14.862591138530568,1519,494,Development Target,1457,473,252,,,,16.595323950617285,-8.310875185185186,88.70125308641975,2168.670632098765,5.589722962962963,5.755130617283951,-1.3369017283950615,Soft-Speed Separation,0,pitch_type_specific,Four-Seam
"Allemann, Braeden",1000367619.0,QUE_CAP,Sinker,R,34,29,46.67240533459809,32.782393696209084,42.50540184308139,15.92821088053842,49.16740951160328,48.03683186418468,44.78407178911946,-6.662007668521895,40.355457025299515,14.806505888951204,1520,265,Low Priority,1500,215,108,-5.159412796568986,LHH,Left-Handed Killer,14.887409666666668,16.10356388888889,90.48772744444445,2299.7796444444443,6.2344816666666665,5.054420666666666,1.780407111111111,Soft-Speed Separation,0,pitch_type_specific,Sinker
"Conklin, MacCallan",1000187772.0,TRO_AIG,Slider,L,67,34,52.19724362656997,43.85898531606735,49.695766133419184,51.9910263600673,56.37100606716254,73.17292877467393,98.90633763320248,-6.675239933743356,40.336300765365436,14.750420639371844,1521,299,Development Target,857,254,91,3.5583581184224045,RHH,Balanced Weapon,6.086633543307087,-3.778064015748032,83.81655866141733,2591.5824480314964,6.3662539370078735,5.392079842519685,1.4716907874015748,Tight High-Spin Breakers,1,pitch_type_specific,Slider
"Petery, Dylan",10998503.0,WIN_CIT29,Slider,L,27,16,49.818199245975286,51.67365628700562,50.374836358284384,55.412226584408295,57.05496442107572,75.5595204353955,99.5793606281548,-6.680128062791333,40.32922425434732,14.694335389792485,1522,300,Development Target,796,242,86,4.150609336773456,RHH,Balanced Weapon,-0.3702822388059701,-12.44127880597015,78.01248298507463,2605.382523880597,5.76025119402985,5.046548656716418,1.799519552238806,Tight High-Spin Breakers,1,pitch_type_specific,Slider
"Smith, Jackson",1000333915.0,MIS_MUD,Changeup,R,46,38,43.13217572543313,43.7989294505708,43.33220184297443,18.900729108244533,50.01455983536676,50.992862573516646,59.47840717891194,-6.682357992392333,40.325996000502904,14.638250140213124,1523,199,Development Target,1447,192,86,-7.948536445662718,LHH,Left-Handed Killer,-1.128012380952381,17.957204920634922,81.54589492063492,2234.685434920634,5.116259444444444,3.9043253174603176,3.893137857142857,Tight High-Spin Breakers,1,pitch_type_specific,Changeup
"Toribio, Noe",672848.0,TRO_AIG,Slider,L,58,62,50.53257875513057,34.56353293238816,45.74186500830784,29.556926528323054,52.43476543936301,59.43788335392264,80.95905776780707,-6.692900431055172,40.31073378409593,14.582164890633765,1524,301,Development Target,1257,311,125,9.46511312111199,RHH,Right-Handed Killer,2.6086923628691983,1.1632924050632911,82.31335172995782,2220.7323257383964,5.8116766244725735,5.81033523206751,2.270117805907173,Tight High-Spin Breakers,1,pitch_type_specific,Slider
"Gilleran, Jimmy",10103730.0,NEW_ENG23,Four-Seam,L,47,32,38.76751624243877,47.19787884803335,41.29662502411714,12.282669657879977,47.99397105451988,43.94225736264895,25.322490185081325,-6.697346030402741,40.304297920300925,14.526079641054404,1525,495,Low Priority,1565,506,240,4.348366521995168,RHH,Balanced Weapon,16.01423350877193,13.851480877192982,88.31502517543859,2163.424663157895,5.63288298245614,5.615065087719299,1.0504250877192982,Soft-Speed Separation,0,pitch_type_specific,Four-Seam
"Martzolf, Max",824782.0,OTT_TIT,Four-Seam,R,51,25,43.10062166852647,37.081405793732,41.29485690608813,12.226584408300615,48.00420038332603,43.97795139384817,25.630959057767804,-6.709343477237901,40.28692929850616,14.46999439147504,1526,496,Low Priority,1566,507,267,,,,10.484201690140846,-20.41338,84.51552619718309,2140.447795774648,5.826037042253522,4.820374084507042,-1.3267239436619718,Tight High-Spin Breakers,1,pitch_type_specific,Four-Seam
"Estrella, Noah",805762.0,TRI_VAL,Four-Seam,L,214,114,41.21907419372468,45.947453094176,42.63758786386008,16.489063376332027,49.406241442425376,48.87020759700948,49.32697700504768,-6.768653578565299,40.20106647012955,14.413909141895681,1527,497,Low Priority,1490,484,229,5.46076192080595,RHH,Right-Handed Killer,17.11283690909091,12.42938415151515,92.71523566666669,2244.872763636364,5.797207515151515,5.793167333333334,1.5832189393939395,Soft-Speed Separation,0,pitch_type_specific,Four-Seam
"Perdomo, Rafael",1000557553.0,QUE_CAP,Slider,L,43,24,49.52276817442743,36.19633598736596,45.52483851830899,28.2108805384184,52.29689846342367,58.95681287180449,80.00560852495794,-6.772059945114684,40.19613509655453,14.35782389231632,1528,302,Development Target,1281,317,130,13.141099203790212,RHH,Right-Handed Killer,2.268450948275862,-0.3108729310344827,82.52568137931034,2197.611123275862,5.694401206896552,5.967406120689655,1.6324370689655172,Tight High-Spin Breakers,1,pitch_type_specific,Slider
"Anderson, Nathan",1000570089.0,EVA_OTT,Four-Seam,L,31,18,41.06752766115471,44.30709337810052,42.039397376238455,14.077397644419518,48.81480538426143,46.80646152798595,38.64273696017948,-6.775408008022978,40.19128812876228,14.30173864273696,1529,498,Low Priority,1533,496,234,,,,16.252957307692306,10.256628461538462,90.54291480769233,2266.8070384615385,6.386178076923077,5.946128653846154,1.6958755769230769,Soft-Speed Separation,0,pitch_type_specific,Four-Seam
"Duncan, Tanner",677365.0,DOW_EAS1,Four-Seam,R,140,82,41.86882522090164,44.54598834670524,42.67197415864272,16.601233875490745,49.47099869925703,49.096170374189406,50.22434099831744,-6.799024540614312,40.157098635921145,14.245653393157601,1530,499,Low Priority,1488,483,255,-0.9313893448864192,Balanced,Balanced Weapon,16.230014146341464,9.029244024390245,93.8375725203252,2285.8134333333333,5.914758048780487,6.000249268292683,2.4679615040650407,Soft-Speed Separation,0,pitch_type_specific,Four-Seam
"Chapple, Bronson",1000218472.0,TRO_AIG,Sinker,R,74,49,38.22057725618984,41.38988390323182,39.17136925030243,6.954570947840717,45.98068666172777,36.91713994868948,9.394279304542904,-6.80931741142534,40.142197717187734,14.189568143578239,1531,266,Low Priority,1660,266,142,0.918857025140312,Balanced,Balanced Weapon,7.462247734374999,13.36278015625,90.480452734375,2067.42263125,6.49842875,5.0519675,1.724665078125,Soft-Speed Separation,0,pitch_type_specific,Sinker
"Sanchez, Edwin",835958.0,LAK_ERI24,Sinker,R,228,94,43.029283363924485,40.29065399979147,42.20769455468458,14.806505888951204,49.03057865230635,47.55937678836164,42.14806505888952,-6.822884097621774,40.122557318293566,14.133482893998877,1532,267,Low Priority,1520,222,111,-3.153284736922373,LHH,Balanced Weapon,15.608988689024391,-14.210542195121953,87.65565396341464,2122.8173091463414,5.873580640243903,5.027597743902439,-1.4835388719512197,Soft-Speed Separation,0,pitch_type_specific,Sinker
"Gaskey, Blake",1000362764.0,NIU_HUS,Four-Seam,R,33,22,29.09785245573675,62.26755373249888,39.04876283876538,6.842400448681997,45.93436263606918,36.75549774826118,8.8334268087493,-6.885599797303804,40.03176422845223,14.077397644419518,1533,500,Low Priority,1662,532,276,2.841838212967652,Balanced,Balanced Weapon,10.33824887096774,13.817342741935484,84.97200064516129,2189.9687693548385,6.73143,4.6678277419354846,2.677162258064516,Soft-Speed Separation,0,pitch_type_specific,Four-Seam
"Peters, Andrew",687107.0,NEW_JER6,Four-Seam,L,198,118,38.0124664015651,52.932948065460735,42.48861090073379,15.8160403813797,49.396260972518704,48.835381929462514,49.04655075715087,-6.907650071784914,39.99984219677373,14.021312394840157,1534,501,Low Priority,1502,486,230,-1.341249878108556,Balanced,Balanced Weapon,15.520318031914892,7.607297872340426,93.4379557712766,2258.413489095745,6.689609707446809,5.788808484042553,1.3714645478723404,Soft-Speed Separation,0,pitch_type_specific,Four-Seam
"Bice, Emmett",828456.0,NEW_YOR13,Four-Seam,L,160,94,41.3796341903751,40.77686546553824,41.19880357292404,11.890072910824454,48.11609657100343,44.368399886580974,27.565900168255748,-6.91729299807939,39.98588219827532,13.965227145260798,1535,502,Low Priority,1572,509,242,2.324524003888264,Balanced,Balanced Weapon,15.389795819672132,7.262841147540984,89.23531360655737,2226.2742540983604,5.954429344262295,6.187565409836066,1.352845737704918,Soft-Speed Separation,0,pitch_type_specific,Four-Seam
"Rodriguez, Esteban",701454.0,WAS_WIL3,Four-Seam,R,108,49,37.72432278393076,51.427601136807134,41.83530628979367,13.236118900729108,48.7939493129372,46.73368673751366,38.22209758833427,-6.95864302314353,39.92602004956895,13.909141895681435,1536,503,Low Priority,1548,501,264,1.4696101253215943,Balanced,Balanced Weapon,17.01836090361446,4.38410578313253,87.8629434939759,2186.727453012048,5.972221987951808,6.173605060240964,1.1123276506024096,Soft-Speed Separation,0,pitch_type_specific,Four-Seam
"Gamelin, Shaun",815222.0,JOL_SLA,Four-Seam,R,204,166,43.25268227871896,42.03012764899394,42.88591588980145,17.27425687044307,49.86980554579066,50.487759626269295,57.06674144699944,-6.983889655989209,39.88947067172942,13.853056646102074,1537,504,Development Target,1476,480,254,-1.272770993577808,Balanced,Balanced Weapon,20.155052666666663,10.18826230107527,89.86858316129033,2100.2296615053765,4.837616946236559,6.1496728172043005,1.2731397634408603,Soft-Speed Separation,0,pitch_type_specific,Four-Seam
"Miner, Jace",701731.0,DOW_EAS1,Sinker,L,51,42,33.71345283304716,45.7080106663634,37.31182018304203,3.53337072349972,44.31515626872983,31.105468925351424,2.8883903533370727,-7.003336085687799,39.86131820834834,13.796971396522714,1538,268,Low Priority,1721,286,137,-1.3356436000197007,Balanced,Balanced Weapon,7.165774999999999,-11.545626346153846,88.56869192307693,1878.0260384615383,5.9755959615384615,5.0550177564102565,-3.0006183974358973,Soft-Speed Separation,0,pitch_type_specific,Sinker
"Harper, Scott",1000241275.0,NEW_YOR13,Sinker,L,97,76,42.51564711852746,39.76303526771697,41.68986356328431,13.011777902411668,48.71589098385091,46.4613114442208,36.31519910263601,-7.026027420566599,39.82846811791299,13.740886146943353,1539,269,Low Priority,1552,229,113,0.9637747689195848,Balanced,Balanced Weapon,3.3329165587044534,19.30962995951417,89.19501097165993,2284.6716121457494,6.2470621862348175,4.336266477732793,1.7141233198380568,Soft-Speed Separation,0,pitch_type_specific,Sinker
"Potteiger, Jack",1000095892.0,JOL_SLA,Sinker,R,73,39,40.61795902451863,32.56001210434957,38.20057494846791,4.935501962983736,45.27226266249348,34.44517831658955,6.141334828939988,-7.071687714025572,39.76236602310706,13.684800897363994,1540,270,Low Priority,1696,278,147,-4.815768977556516,LHH,Balanced Weapon,5.7526746451612905,-14.138766387096773,89.6810029032258,1957.961683870968,6.128373483870967,5.402316,-1.7261544516129033,Soft-Speed Separation,0,pitch_type_specific,Sinker
"Voytko, Fawster",1000207039.0,TRO_AIG,Slider,R,58,33,38.15094146447771,75.96154274306215,49.49412184805304,50.813236118900726,56.57682616010892,73.89111360950253,99.13067863151991,-7.082704312055881,39.74641736942412,13.628715647784635,1541,303,Development Target,878,261,166,9.480037296987554,RHH,Right-Handed Killer,1.6260239080459769,-11.340337931034483,78.81774379310345,2319.511910344828,6.186945862068965,6.0006368965517245,1.7329008045977012,Tight High-Spin Breakers,1,pitch_type_specific,Slider
"Almonte, Dawil",805044.0,EVA_OTT,Four-Seam,R,89,40,36.77975762768418,48.1023857507365,40.17654606459988,9.029725182277062,47.26400203403291,41.395116930907946,17.75098149186764,-7.08745596943303,39.739538427511235,13.572630398205272,1542,505,Low Priority,1623,524,273,0.1077900609682203,Balanced,Balanced Weapon,11.223099295774649,9.3631511971831,92.01771528169014,2028.445503521127,5.502167605633803,5.328173591549295,3.009692887323944,Soft-Speed Separation,0,pitch_type_specific,Four-Seam
"Matos, Dwayne",684228.0,OTT_TIT,Sinker,L,211,131,37.40178544400231,43.49375040857942,39.22937493337544,7.066741446999439,46.32139144304102,38.10598892640573,11.189007291082444,-7.092016509665584,39.732936164582526,13.51654514862591,1543,271,Low Priority,1658,264,124,1.4783683248336883,Balanced,Balanced Weapon,11.60040918128655,18.501138187134504,90.58066078947368,2123.692494152047,6.012118947368421,5.0255976023391815,1.2848376900584797,Soft-Speed Separation,0,pitch_type_specific,Sinker
"Misla, Luis",695417.0,TRI_VAL,Slider,R,34,15,52.4276986368121,33.320471725961085,46.6955305635568,35.38979248457655,53.812308377535146,64.24465626592487,90.1570386988222,-7.116777813978345,39.69708939354344,13.460459899046551,1544,304,Development Target,1153,295,179,-8.398790800905047,LHH,Reverse Split Weapon,1.842135729166667,10.6134103125,78.97381260416667,2723.0996250000003,5.267580729166666,5.417160104166666,-1.8108753125,Tight High-Spin Breakers,1,pitch_type_specific,Slider
"Brouwer, Adam",10998502.0,LAK_ERI24,Curveball,R,63,38,39.54147920243688,49.79354140861307,42.61709786428974,16.264722378014582,49.735778929541326,50.02008962439663,55.2720134604599,-7.118681065251586,39.69433406968167,13.40437464946719,1545,173,Development Target,1494,168,88,2.4881086770610708,Balanced,Balanced Weapon,-9.259459649122809,-6.246559561403509,77.91076412280702,2333.3097614035087,5.301745701754386,5.746590614035087,2.028697192982456,Tight High-Spin Breakers,1,pitch_type_specific,Curveball
"Heredia-Bustos, Rolando",837343.0,DOW_EAS1,Sinker,L,85,38,34.615283121952444,44.81934498037776,37.67650167948003,4.094223219293326,44.80832698607529,32.826329727174695,4.122265844083007,-7.13182530659526,39.67530524131392,13.34828939988783,1546,272,Low Priority,1711,283,135,0.7688145740274734,Balanced,Balanced Weapon,13.355864222222223,16.768391185185184,87.9020942962963,2111.461074074074,5.712359626865672,5.692819407407407,1.4272540740740742,Soft-Speed Separation,0,pitch_type_specific,Sinker
"Elliott, Eric",830233.0,MIS_MUD,Four-Seam,R,73,27,40.801359726900685,50.01761681229857,43.56623685252005,19.966348850252384,50.70806963572037,53.4127828752178,66.88166012338755,-7.141832783200321,39.66081748582216,13.292204150308468,1547,506,Development Target,1428,459,246,-3.410488220295406,LHH,Balanced Weapon,21.16333118110236,-3.85306937007874,87.23082858267716,2227.8720251968502,6.24320748031496,6.622020787401574,-1.1119302362204724,Soft-Speed Separation,0,pitch_type_specific,Four-Seam
"Kaminer, Brandon",690510.0,DOW_EAS1,Slider,R,88,40,48.10418176665584,40.74165995676235,45.89542522368779,30.790802019068984,53.04339424092522,61.561621464544096,84.88502523836232,-7.147969017237429,39.65193410174061,13.236118900729107,1548,305,Development Target,1235,309,186,-4.2527554251370745,LHH,Balanced Weapon,6.103685112781955,2.269862631578947,83.84740390977443,2473.620367669173,5.283926466165413,5.934541127819548,-1.4352727819548872,Tight High-Spin Breakers,1,pitch_type_specific,Slider
"Almonte, Dawil",805044.0,EVA_OTT,Four-Seam,L,53,40,36.77975762768418,47.743085547509125,40.06875600363166,8.693213684800897,47.26400203403291,41.395116930907946,17.75098149186764,-7.19524603040125,39.58349149286635,13.180033651149747,1549,507,Low Priority,1629,525,252,0.1077900609682203,Balanced,Balanced Weapon,11.223099295774649,9.3631511971831,92.01771528169014,2028.445503521127,5.502167605633803,5.328173591549295,3.009692887323944,Soft-Speed Separation,0,pitch_type_specific,Four-Seam
"Hopewell, Chase",803045.0,FLO_Y'A,Slider,L,49,34,46.5572796511965,42.15762116179833,45.23738210437705,26.977005047672463,52.43703445249152,59.44580080646868,81.07122826696579,-7.199652348114469,39.57711249682494,13.123948401570388,1550,306,Development Target,1303,320,132,5.28268212181117,RHH,Right-Handed Killer,0.4323750310559006,-2.078667950310559,81.07329322981366,1912.4833329192547,6.151415155279503,6.598520434782608,0.7832764596273292,Tight High-Spin Breakers,1,pitch_type_specific,Slider
"Quigley, Michael",808828.0,NEW_ENG23,Curveball,R,44,11,38.16477698704892,50.53283006403872,41.875192910145856,13.40437464946719,49.10879183269758,47.83229241694083,43.26977005047672,-7.233598922551721,39.52796827299721,13.067863151991027,1551,174,Low Priority,1545,175,92,1.9912184825824253,Balanced,Balanced Weapon,-12.122606547619048,-12.497309166666666,78.82455714285713,2560.482145238095,5.404706071428572,5.440417857142857,1.7440667857142855,Tight High-Spin Breakers,1,pitch_type_specific,Curveball
"Grills, Evan",592361.0,OTT_TIT,Changeup,R,57,22,44.14275366892144,44.58962390637664,44.276814740158,22.32192933258553,51.51045536032537,56.212612818178656,74.98597868760515,-7.233640620167371,39.52790790764398,13.011777902411668,1552,200,Development Target,1386,188,85,,,,12.612109230769232,-14.387232,79.40122230769231,1799.3421923076924,5.8162927692307695,6.188857076923077,-1.8597547692307688,Tight High-Spin Breakers,1,pitch_type_specific,Changeup
"Campbell, Tyler",809429.0,MIS_MUD,Slider,R,167,110,49.92739003365373,42.12901887834317,47.58787868706055,39.70835670218733,54.8228603931882,67.77085782408159,95.37296690970275,-7.234981706127648,39.52596642666404,12.955692652832305,1553,307,Development Target,1076,283,173,-5.459965020476759,LHH,Left-Handed Killer,7.319958933333334,4.603849733333333,73.90800416666666,2195.7450966666665,5.709346966666667,4.579048866666667,-2.7301577333333333,Tight High-Spin Breakers,1,pitch_type_specific,Slider
"Bell, Jacob",1000200105.0,SCH_BOO,Four-Seam,L,39,34,34.98555656945936,54.68718042074194,40.89604372484413,11.104879416713406,48.132366231480574,44.42517093966539,28.126752664049352,-7.236322506636448,39.52402535893025,12.899607403252944,1554,508,Low Priority,1586,514,245,1.2119834708789554,Balanced,Balanced Weapon,16.68209306122449,11.735688367346938,87.09354704081633,2324.959658163265,6.095360408163265,6.025952653061225,1.68799,Soft-Speed Separation,0,pitch_type_specific,Four-Seam
"Frey, Hayden",839374.0,TOL_ROC,Four-Seam,L,26,15,39.30508724962232,42.794163510598594,40.3518101279152,9.534492428491308,47.64403459002156,42.72119551995658,21.060011217049915,-7.292224462106361,39.44309648002084,12.843522153673584,1555,509,Low Priority,1614,522,251,-1.599639904363201,Balanced,Balanced Weapon,9.737611090909091,-17.445979636363635,88.77242854545455,2136.832330909091,6.371902363636364,5.617741090909091,-2.4526216363636366,Soft-Speed Separation,0,pitch_type_specific,Four-Seam
"Lockhart, Gauge",840803.0,LAK_ERI24,Slider,L,30,21,43.16807614676522,48.53827852987951,44.77913686169951,24.22882781828379,52.12301323570637,58.35006096648974,78.82781828379136,-7.343876374006854,39.36832036014281,12.787436904094223,1556,308,Development Target,1352,324,135,2.3610038494961287,Balanced,Balanced Weapon,3.0169964788732395,-2.026892394366197,84.12309521126761,2110.8598535211268,5.91957338028169,5.832371126760563,2.087694647887324,Tight High-Spin Breakers,1,pitch_type_specific,Slider
"Pardinho, Eric",672078.0,OTT_TIT,Sinker,R,28,25,31.244435084404888,53.23242848153178,37.84083310354295,4.542905215928211,45.197559537731145,34.184510611359286,5.524397083567021,-7.356726434188197,39.349717415833396,12.731351654514864,1557,273,Low Priority,1703,280,148,1.2068328758985771,Balanced,Balanced Weapon,15.0714243373494,15.151091686746987,92.2981621686747,2071.5768096385546,5.4088610843373495,5.628120722891566,1.1436986746987952,Soft-Speed Separation,0,pitch_type_specific,Sinker
"Fauci, Sonny",688649.0,NEW_JER6,Curveball,L,73,14,39.02758725637451,44.074925911962325,40.54178885305085,10.039259674705551,47.93111050414058,43.72291291796856,23.920358945597307,-7.389321651089723,39.30252954307518,12.6752664049355,1558,175,Low Priority,1605,179,86,2.717956193262744,Balanced,Balanced Weapon,-14.510769591836734,-6.65040074829932,78.5017093197279,2303.3922081632654,5.946977210884354,6.085040204081633,1.76575,Tight High-Spin Breakers,1,pitch_type_specific,Curveball
"Drakeford, Dosie",836144.0,NEW_JER6,Four-Seam,L,83,45,40.292030762510606,48.35243169037673,42.71015104087044,16.657319125070106,50.11999315533548,51.36075965491039,61.8339876612451,-7.409842114465036,39.272822208480065,12.619181155356141,1559,510,Development Target,1487,482,228,1.6292929604352793,Balanced,Balanced Weapon,19.062128769230767,10.084416307692308,91.35111315384616,2340.1286546153847,5.831051692307692,5.882957,1.0104940769230768,Soft-Speed Separation,0,pitch_type_specific,Four-Seam
"Thompson, Ross",1000103401.0,SCH_BOO,Four-Seam,L,315,197,40.12308404313977,42.727015507067655,40.90426348231813,11.217049915872126,48.35726676792592,45.20993472199417,30.426247896803137,-7.453003285607792,39.21033807597274,12.56309590577678,1560,511,Low Priority,1584,512,243,1.7194029561383672,Balanced,Balanced Weapon,15.7637018006993,12.047043846153846,88.99215012237762,2029.3697599650352,5.734325786713287,5.50185055944056,2.4603738461538462,Soft-Speed Separation,0,pitch_type_specific,Four-Seam
"Hampton, Ky",673132.0,OTT_TIT,Changeup,R,127,85,43.52377351827131,34.935811984502536,40.94738505814068,11.329220415030846,48.40249407177531,45.367750041576585,31.26752664049355,-7.455109013634626,39.20728962789848,12.507010656197421,1561,201,Low Priority,1582,206,93,-9.62137375767572,LHH,Left-Handed Killer,2.458553457627118,15.61536918644068,83.88171122033899,1730.3064823728814,5.98364,5.449053593220339,2.3468937288135594,Soft-Speed Separation,0,pitch_type_specific,Changeup
"Johnston, Spencer",800918.0,DOW_EAS1,Slider,L,104,83,54.9901881191997,26.821673755592016,46.53963381011739,34.324172742568706,53.99499897601858,64.88213346952686,91.1665731912507,-7.455365165901192,39.20691879801268,12.450925406618058,1562,309,Development Target,1172,298,117,8.25142296852659,RHH,Right-Handed Killer,6.761552307692307,1.0214851583710407,78.49657027149321,2085.161475113122,5.994477692307692,6.511659728506787,1.7254097737556562,Tight High-Spin Breakers,1,pitch_type_specific,Slider
"Lucas, Brock",1000093640.0,JOL_SLA,Four-Seam,L,74,46,38.99548933586944,46.38291966490902,41.211718434581314,12.058328659562536,48.67848753481099,46.33079653925594,35.305664610207515,-7.466769100229676,39.19040940021786,12.394840157038699,1563,512,Low Priority,1569,508,241,4.492443026471605,RHH,Balanced Weapon,14.872380545454549,6.613924454545455,91.02379409090908,2231.008739090909,6.578186727272728,5.824833727272727,1.399399909090909,Soft-Speed Separation,0,pitch_type_specific,Four-Seam
"Peters, Garrett",833402.0,NEW_YOR13,Sinker,R,46,23,35.77343288324425,51.52240320934962,40.49812398107586,9.927089175546833,47.969497901662166,43.856861194610936,24.7896803140774,-7.471373920586309,39.18374303325612,12.33875490745934,1564,274,Low Priority,1607,245,127,,,,17.326047,-15.876255285714286,85.86228885714286,2197.364817142857,5.932614285714286,5.750990285714286,-2.5648964285714286,Soft-Speed Separation,0,pitch_type_specific,Sinker
"Parsons, Billy",698892.0,SUS_COU1,Sinker,R,31,25,37.15305162983944,45.98871072569976,39.803749358597535,8.07627593942793,47.39078263999138,41.83750283816468,18.48008973639933,-7.587033281393843,39.0163037670113,12.282669657879977,1565,275,Low Priority,1640,256,135,3.5158485044360006,RHH,Balanced Weapon,12.9374671875,9.93322359375,89.4897753125,2278.2870609375,5.780569375,5.78011671875,1.33502140625,Soft-Speed Separation,0,pitch_type_specific,Sinker
"Lovin, Xander",815234.0,GAT_GRI,Four-Seam,L,162,103,37.859269132629365,47.99872239444618,40.90110511117441,11.160964666292765,48.491281246007816,45.67756236916932,32.389231632080765,-7.590176134833406,39.011753879564566,12.226584408300617,1566,513,Low Priority,1585,513,244,2.86991673532426,Balanced,Balanced Weapon,15.858190029069767,6.001377790697674,91.19496151162792,2308.277698546512,4.955558139534884,6.269879418604651,0.6610372383720929,Soft-Speed Separation,0,pitch_type_specific,Four-Seam
"Salata, Derek",1000057774.0,SCH_BOO,Sinker,R,105,29,36.74232610897981,43.36221856783352,38.72829384663592,6.28154795288839,46.33995762684341,38.17077342560905,11.553561413348293,-7.611663780207486,38.980646362199394,12.170499158721256,1567,276,Low Priority,1672,270,143,,,,12.10490859813084,5.241359252336448,89.55415785046728,2152.119997196262,6.131879719626168,5.734740560747664,0.8286297196261683,Soft-Speed Separation,0,pitch_type_specific,Sinker
"Linderman, Greyson",1000124562.0,JOL_SLA,Four-Seam,R,50,37,39.02737303792996,43.45675302566232,40.35618703424967,9.590577678070668,47.98277662237952,43.90319571768207,25.09814918676388,-7.626589588129846,38.95903837207061,12.114413909141895,1568,514,Low Priority,1613,521,271,-2.9006289958293507,Balanced,Balanced Weapon,13.66455147368421,12.162215473684212,93.67363294736842,2174.200271578947,5.381236631578948,5.778229578947369,1.5935486315789475,Soft-Speed Separation,0,pitch_type_specific,Four-Seam
"Glickstein, Aaron",1000292360.0,SCH_BOO,Cutter,L,31,31,38.13064368088433,39.64416843561904,38.584701107304745,6.001121704991587,46.214448032409614,37.73282256251562,10.6842400448682,-7.629746925104868,38.95446751690857,12.058328659562536,1569,72,Low Priority,1677,76,35,1.838654427001423,Balanced,Balanced Weapon,10.113671547619049,0.9470788095238096,85.47606202380952,2236.448148809524,5.655170595238095,5.2667503571428576,2.4747838095238097,Soft-Speed Separation,0,pitch_type_specific,Cutter
"Wehrle, Tyler",806332.0,WIN_CIT29,Changeup,L,72,25,40.2228071799101,40.49758683697855,40.30524107703063,9.254066180594505,47.9477092924033,43.780832423475374,24.22882781828379,-7.6424682153726735,38.93605099192298,12.002243409983175,1570,202,Low Priority,1619,211,116,,,,6.535487241379311,15.027263448275862,84.4612332183908,1873.609635632184,5.572629540229886,5.533950114942529,1.8994941379310344,Soft-Speed Separation,0,pitch_type_specific,Changeup
"Rivera, Matthew",681344.0,NEW_ENG23,Four-Seam,L,106,94,37.33023358000064,51.068130254674784,41.45160258240288,12.56309590577678,49.100311230863625,47.8027003613734,42.93325855300056,-7.648708648460747,38.92701675958743,11.946158160403813,1571,515,Low Priority,1560,505,239,3.784863297143772,RHH,Balanced Weapon,18.11896546184739,9.746404136546184,88.1554762248996,2384.789635742972,6.361754859437752,6.165584899598394,1.6684502409638555,Soft-Speed Separation,0,pitch_type_specific,Four-Seam
"Woolfolk, Dallas",663762.0,SCH_BOO,Four-Seam,R,52,31,37.303995861075705,53.560155846509765,42.18084385670592,14.638250140213124,49.85843506157259,50.4480836684307,56.89848569826136,-7.677591204866673,38.88520368005702,11.890072910824454,1572,516,Development Target,1523,492,260,0.1619249586135396,Balanced,Balanced Weapon,19.40939673267327,13.357714356435643,92.5025510891089,2326.546137623762,5.6328073267326735,6.33825198019802,1.172923663366337,Soft-Speed Separation,0,pitch_type_specific,Four-Seam
"Chapple, Bronson",1000218472.0,TRO_AIG,Sinker,L,54,49,38.22057725618984,38.32702715276412,38.25251222516212,5.103757711721817,45.98068666172777,36.91713994868948,9.394279304542904,-7.728174436565652,38.81197468120354,11.833987661245091,1573,277,Low Priority,1693,277,131,0.918857025140312,Balanced,Balanced Weapon,7.462247734374999,13.36278015625,90.480452734375,2067.42263125,6.49842875,5.0519675,1.724665078125,Soft-Speed Separation,0,pitch_type_specific,Sinker
"Catrambone, Ben",1000565186.0,JOL_SLA,Slider,R,88,30,32.782571960458725,68.0188260513173,43.353448187716296,18.95681435782389,51.09418879265925,54.76009993732091,71.48065058889512,-7.740740604942957,38.79378272511875,11.777902411665732,1574,310,Development Target,1446,341,196,7.581993945806346,RHH,Right-Handed Killer,2.630908888888889,-1.371464761904762,82.79783428571429,2278.994370634921,4.869232539682539,5.568654206349207,0.8438483333333333,Tight High-Spin Breakers,1,pitch_type_specific,Slider
"O'Brien, Keenan",1000245579.0,SUS_COU1,Sinker,L,53,26,30.26529986111282,55.24301587401399,37.75861466498317,4.206393718452048,45.50914596382927,35.27175453763819,7.487380818844644,-7.750531298846099,38.7796088044631,11.721817162086372,1575,278,Low Priority,1709,282,134,1.8934480038562784,Balanced,Balanced Weapon,10.385357252747252,16.07867065934066,90.3081456043956,2071.7389263736263,5.826322197802198,5.392336043956044,2.485264065934066,Soft-Speed Separation,0,pitch_type_specific,Sinker
"Westcott, Zac",686170.0,FLO_Y'A,Changeup,L,128,78,42.25356522526481,56.80889401675784,46.62016386271272,35.05328098710039,54.38145121281367,66.23061277433473,93.40998317442512,-7.76128735010095,38.76403734256647,11.66573191250701,1576,203,Development Target,1159,159,92,-5.916512318282379,LHH,Left-Handed Killer,6.474995255102041,16.659901428571427,76.47350831632653,1914.5474619387755,5.725955867346939,5.741133418367348,1.899042448979592,Tight High-Spin Breakers,1,pitch_type_specific,Changeup
"Baker, Luke",694914.0,EVA_OTT,Four-Seam,L,49,30,37.84174868763997,47.7802548626016,40.82330054012846,10.71228266965788,48.59667863727312,46.04533408160826,33.45485137408861,-7.773378097144665,38.74653365069737,11.60964666292765,1577,517,Low Priority,1593,517,248,-3.1174475511333384,LHH,Balanced Weapon,14.24153609195402,-10.5849308045977,87.05307218390806,2425.865424137932,5.856698850574713,5.918486551724138,-1.6769454022988506,Soft-Speed Separation,0,pitch_type_specific,Four-Seam
"Noriega, Branden",804447.0,LAK_ERI24,Four-Seam,R,116,52,42.96453912675019,40.85792098055597,42.33255368289192,15.086932136848008,50.11367531170461,51.33871428791267,61.66573191250701,-7.781121628812691,38.73532339281954,11.553561413348291,1578,518,Development Target,1515,488,258,-3.633629070302838,LHH,Balanced Weapon,15.232312634408602,-14.603365752688171,90.80178155913978,2238.851558064516,5.955323548387097,5.933645107526881,-0.7467487096774194,Soft-Speed Separation,0,pitch_type_specific,Four-Seam
"Albert, Wes",670784.0,DOW_EAS1,Four-Seam,R,45,35,35.33340180187878,53.98711519525905,40.929515819892856,11.273135165451489,48.754071438931526,46.59453761972785,37.549074593381945,-7.824555619038669,38.672444301989835,11.497476163768928,1579,519,Low Priority,1583,511,269,2.3504066329328595,Balanced,Balanced Weapon,17.66639125,8.94456357142857,88.22941267857142,1979.30975625,5.736994553571429,6.095037946428572,1.3955908035714286,Soft-Speed Separation,0,pitch_type_specific,Four-Seam
"Woolfolk, Dallas",663762.0,SCH_BOO,Four-Seam,L,49,31,37.303995861075705,53.020405984464624,42.01891889809238,13.965227145260798,49.85843506157259,50.4480836684307,56.89848569826136,-7.839516163480212,38.65078602403961,11.441390914189569,1580,520,Development Target,1535,498,236,0.1619249586135396,Balanced,Balanced Weapon,19.40939673267327,13.357714356435643,92.5025510891089,2326.546137623762,5.6328073267326735,6.33825198019802,1.172923663366337,Soft-Speed Separation,0,pitch_type_specific,Four-Seam
"Morrissey, Joe",1000570088.0,EVA_OTT,Four-Seam,L,104,71,44.07243832657115,37.91728848635408,42.22589337450603,14.918676388109928,50.07354755951588,51.19869324980531,60.76836791923724,-7.847654185009851,38.639004665885,11.385305664610208,1581,521,Development Target,1518,490,231,1.6880500237406435,Balanced,Balanced Weapon,19.767106367713005,11.064679237668162,89.58777852017937,2370.662316591928,5.7423603139013455,5.806149327354261,1.0607011210762332,Soft-Speed Separation,0,pitch_type_specific,Four-Seam
"Barreto, Brayhans",810980.0,TRI_VAL,Slider,L,49,32,46.40681469486614,42.96907639040572,45.37549320352801,27.59394279304543,53.22536444833309,62.19658494881863,86.4554122265844,-7.84987124480508,38.635795043570454,11.329220415030846,1582,311,Development Target,1292,319,131,-0.6414792184935365,Balanced,Balanced Weapon,3.874443021582734,0.7453557553956834,81.23729978417266,1951.048543884892,6.264135251798561,6.750788129496403,-1.6480678417266188,Soft-Speed Separation,0,pitch_type_specific,Slider
"Benitez, Jorge",1000561771.0,NEW_JER6,Four-Seam,R,71,46,42.38276812861661,36.44970084534289,40.602847943634494,10.207515423443636,48.46728687936856,45.593836868928086,31.88446438586652,-7.864438935734064,38.61470549696566,11.273135165451487,1583,522,Low Priority,1602,519,270,-4.114955834930051,LHH,Balanced Weapon,10.56889731707317,-10.422675853658536,93.32554463414634,2177.523246341464,6.051386178861789,5.27193569105691,-2.838878292682927,Soft-Speed Separation,0,pitch_type_specific,Four-Seam
"Soto, Carlos",666728.0,JOL_SLA,Slider,R,78,25,40.05704493612541,61.65763684793637,46.537222509668695,34.268087492989345,54.40414683555647,66.30980646158619,93.74649467190127,-7.866924325887773,38.61110741462487,11.217049915872126,1584,312,Development Target,1173,299,182,0.4160278288880121,Balanced,Balanced Weapon,-1.6550805357142857,-8.842966696428572,78.17497178571429,2511.8409830357145,5.081414732142858,5.444403571428572,2.3135408035714287,Tight High-Spin Breakers,1,pitch_type_specific,Slider
"Biddinger, Tyler",1000324948.0,WIN_CIT29,Sinker,L,126,90,36.91598765558891,43.64777098854936,38.93552265547704,6.674144699943915,46.83523912653661,39.89899955241137,13.825014021312397,-7.89971647105957,38.56363445015556,11.160964666292765,1585,279,Low Priority,1665,267,125,2.671876467264873,Balanced,Balanced Weapon,7.747868538461538,17.035250884615383,89.97863773076924,2220.721193076923,5.381401615384616,5.13050026923077,1.4918113846153849,Soft-Speed Separation,0,pitch_type_specific,Sinker
"Delaney, Carter",1000039247.0,WIN_CIT29,Slider,L,30,21,48.322763802138006,39.11302117162515,45.55984101298415,28.32305103757712,53.45962453342669,63.0140077675116,88.19405496354459,-7.89978352044254,38.56353738322204,11.104879416713406,1586,313,Development Target,1279,316,129,8.824751681493993,RHH,Right-Handed Killer,-0.3373365882352941,-6.988695529411765,80.11096317647059,2277.041747058824,5.470718588235294,5.658510235294117,1.7547362352941176,Tight High-Spin Breakers,1,pitch_type_specific,Slider
"Parsons, Billy",698892.0,SUS_COU1,Slider,R,136,66,42.45743957378989,56.11021211013047,46.553271334692056,34.43634324172742,54.46594455845776,66.52544229567461,94.19517666853618,-7.912673223765701,38.54487704780712,11.048794167134043,1587,314,Development Target,1170,297,181,3.173721273378049,RHH,Balanced Weapon,5.804829723320158,-6.19444671936759,82.96985126482214,2476.9456197628456,5.442367272727273,5.773253992094862,1.3251451778656127,Tight High-Spin Breakers,1,pitch_type_specific,Slider
"Eldred, Zach",1000227712.0,NEW_ENG23,Splitter,L,51,19,41.622966937953,44.894713054736826,42.60449077298815,16.20863712843522,50.54202935383426,52.83340497914264,64.58216489063376,-7.937538580846109,38.508879640287404,10.992708917554683,1588,21,Development Target,1495,21,12,-1.643325011553472,Balanced,Balanced Weapon,5.120576304347827,4.266031304347826,84.20998391304347,980.6607184782608,6.053597065217391,5.898954565217391,1.410298152173913,Soft-Speed Separation,0,pooled_fixed_effects,Pooled
"Armstrong, Andrew",803262.0,NEW_YOR13,Slider,R,63,33,49.14111554781881,37.52780432538205,45.65712218108778,29.108244531688165,53.60741445162536,63.52970318126546,89.25967470555244,-7.950292270537581,38.490416210877584,10.936623667975324,1589,315,Development Target,1265,313,187,-5.692176149288592,LHH,Left-Handed Killer,2.605674625,7.470146875,80.0321271875,2384.873025,5.9092160625,5.0714755625,-2.419377125,Tight High-Spin Breakers,1,pitch_type_specific,Slider
"Cooper, Garrett",1000327042.0,NEW_YOR13,Slider,L,39,34,43.89765817772575,46.19247029544964,44.58610181304292,23.16320807627594,52.54558249089289,59.82456632889297,81.96859226023557,-7.959480677849967,38.47711421640345,10.880538418395961,1590,316,Development Target,1371,329,138,6.752082252510711,RHH,Right-Handed Killer,2.08527062992126,-2.774325196850393,80.3304622047244,2069.0279173228346,5.748104881889764,5.572610393700788,1.7480718110236222,Tight High-Spin Breakers,1,pitch_type_specific,Slider
"Hampton, Ky",673132.0,OTT_TIT,Sinker,L,103,74,38.82916056594077,35.407366316569004,37.80262229112924,4.374649467190129,45.769873446611,36.18153220548549,8.272574312955692,-7.967251155481762,38.46586494903801,10.824453168816602,1591,280,Low Priority,1706,281,133,1.887806637549538,Balanced,Balanced Weapon,7.542515472636816,16.060939502487564,88.2909747761194,2165.9546731343285,6.134175273631841,5.462308606965173,2.1623462686567163,Soft-Speed Separation,0,pitch_type_specific,Sinker
"Nettleton, Blake",10067637.0,WIN_CIT29,Four-Seam,R,96,70,33.99467129822604,54.70035300416035,40.206375810006335,9.08581043185642,48.19224455223591,44.634109247319785,28.57543466068424,-7.985868742229577,38.43891239593259,10.76836791923724,1592,523,Low Priority,1622,523,272,1.862235671923223,Balanced,Balanced Weapon,14.498991255411257,7.962968268398269,89.5064851948052,2138.7513285714285,6.48968645021645,5.652488095238096,1.3403819047619048,Soft-Speed Separation,0,pitch_type_specific,Four-Seam
"Lefebvre, Charles",1000429097.0,TRO_AIG,Changeup,L,129,54,35.85124669374248,56.60181950488782,42.07641853708608,14.18956814357824,50.06253218965699,51.16025642145958,60.57206954570948,-7.986113652570914,38.43855784090512,10.71228266965788,1593,204,Development Target,1531,199,112,,,,5.951906339869281,14.670983267973856,82.37645098039215,1621.614479738562,6.659830326797385,6.24054339869281,1.1211709150326798,Soft-Speed Separation,0,pitch_type_specific,Changeup
"Chabot, Henry",836182.0,LAK_ERI24,Slider,R,59,10,37.244345398906354,59.98449634113963,44.06639068157634,21.48065058889512,52.05943981112093,58.12822903170736,78.68760515984296,-7.993049129544595,38.42851739828618,10.65619742007852,1594,317,Development Target,1401,334,194,,,,3.9866413043478266,-1.5382713043478262,84.28300260869565,2412.968147826088,5.10807231884058,5.80858463768116,1.8356468115942028,Tight High-Spin Breakers,1,pitch_type_specific,Slider
"Thiels, Brenton",816364.0,MIS_MUD,Slider,R,39,15,36.29717605525404,72.18283863901809,47.06287483038325,36.90409422321929,55.06406501673477,68.61251278712166,96.60684240044868,-8.001190186351522,38.41673164598138,10.600112170499159,1595,318,Development Target,1126,291,178,7.357476203194082,RHH,Right-Handed Killer,6.46357488372093,1.2534546511627906,83.18918744186047,2273.145709302325,6.722257093023256,6.524864651162791,2.653061511627907,Soft-Speed Separation,0,pitch_type_specific,Slider
"McKillican, Adam",1000570064.0,QUE_CAP,Slider,L,29,11,46.82362276100204,47.00329726473065,46.87752511212062,36.28715647784632,54.91096615252098,68.07829243509573,95.96186203028604,-8.033441040400355,38.37004230497169,10.544026920919798,1596,319,Development Target,1137,292,114,,,,3.333513,-3.4941902,80.10179720000001,2162.12909,6.4447396,5.7142468,1.7126068,Tight High-Spin Breakers,1,pitch_type_specific,Slider
"Vitas, Ben",1000076969.0,JOL_SLA,Slider,L,98,46,42.28192731158944,43.197176514950414,42.55650207259773,16.096466629276502,50.59226607382989,53.008700062999154,65.14301738642737,-8.03576400123216,38.36667937045021,10.487941671340439,1597,320,Development Target,1497,344,147,8.755470344546275,RHH,Right-Handed Killer,1.885131831683168,-3.5022698514851487,81.5602242079208,2091.037693316832,4.934773168316831,5.407549405940594,2.0055061386138613,Tight High-Spin Breakers,1,pitch_type_specific,Slider
"Andueza, Axel",672847.0,DOW_EAS1,Curveball,R,95,39,42.01915114404115,46.74857711833985,43.43797893633076,19.237240605720697,51.478456942674605,56.10095813001718,74.5092540661806,-8.040478006343847,38.35985493746472,10.431856421761076,1598,176,Development Target,1441,158,81,0.3992500734097035,Balanced,Balanced Weapon,-3.5809660824742267,-3.292793711340206,79.24595427835052,2194.777082474227,5.112854639175257,6.070546185567011,0.9154208762886598,Tight High-Spin Breakers,1,pitch_type_specific,Curveball
"Lefebvre, Charles",1000429097.0,TRO_AIG,Four-Seam,L,35,20,40.51453582340899,38.50262178586707,39.91096161214641,8.412787436904095,47.99626975242972,43.95027839672326,25.434660684240047,-8.08530814028331,38.29495465892201,10.375771172181716,1599,524,Low Priority,1634,527,254,4.1747741500605855,RHH,Balanced Weapon,16.00241705882353,12.084728529411764,89.66797161764705,2254.4522852941177,6.412678235294117,6.394966911764706,1.0562166176470589,Soft-Speed Separation,0,pitch_type_specific,Four-Seam
"Hicks, Jackson",703104.0,DOW_EAS1,Slider,L,42,27,48.18487114059713,34.411240645738886,44.05278199213966,21.42456533931576,52.14138237871348,58.41415791517754,79.16432978126753,-8.088600386573823,38.29018849646588,10.319685922602355,1600,321,Development Target,1402,335,141,5.745719326294633,RHH,Right-Handed Killer,2.3563193965517244,-1.0359124137931035,79.97272956896552,2195.1752689655173,5.232338189655173,5.843667327586207,1.2643851724137931,Tight High-Spin Breakers,1,pitch_type_specific,Slider
"Escobar, Anthony",678673.0,TRO_AIG,Sinker,L,95,55,35.917550091479185,40.75001884436722,37.36729071734559,3.645541222658441,45.460510742559386,35.102047693886725,7.206954570947841,-8.093220025213796,38.28350067717661,10.263600673022994,1601,281,Low Priority,1719,285,136,3.132675448480363,RHH,Balanced Weapon,12.995761477272726,13.419587329545454,89.15899204545454,2102.6335568181817,6.349279602272728,5.678558409090909,1.761209659090909,Soft-Speed Separation,0,pitch_type_specific,Sinker
"Jones, Logan",814785.0,TRI_VAL,Sinker,L,64,45,36.62364891118976,43.085217817468845,38.56211958307348,5.7767807066741454,46.684154404748384,39.37180731180313,12.927650028042626,-8.122034821674902,38.24178569325525,10.207515423443635,1602,282,Low Priority,1681,272,128,3.004705952648955,RHH,Balanced Weapon,12.116783119266056,17.918547798165136,89.96168550458717,2285.5609743119267,5.3373517431192665,5.956259816513761,2.8060149541284405,Soft-Speed Separation,0,pitch_type_specific,Sinker
"Sakurai, Masatoshi",1000429128.0,QUE_CAP,Slider,R,97,54,49.553800474025685,33.18904927639232,44.64437511473567,23.443634324172745,52.83127480972208,60.821455835028736,83.37072349971957,-8.186899694986408,38.14788125943761,10.151430173864274,1603,322,Development Target,1366,327,191,-3.567367431104543,LHH,Balanced Weapon,-0.3082224705882352,4.175303117647059,79.030674,2212.5758052941173,5.752952294117647,5.718465882352941,-1.830776470588236,Tight High-Spin Breakers,1,pitch_type_specific,Slider
"Beriguete, Randy",691335.0,LAK_ERI24,Four-Seam,R,67,21,30.14189421207864,60.97802865081714,39.392734543700186,7.515423443634324,47.58396873466847,42.5116028325369,20.61132922041503,-8.19123419096828,38.14160623922586,10.095344924284912,1604,525,Low Priority,1650,531,275,3.7611173432608496,RHH,Balanced Weapon,11.64610843137255,7.330118627450981,93.30749323529412,2283.579348039216,6.474792647058823,5.911447156862746,1.7674236274509805,Soft-Speed Separation,0,pitch_type_specific,Four-Seam
"Smith, Ethan",680733.0,WIN_CIT29,Slider,L,28,12,47.75431830743733,44.62607499882069,46.81584531485233,35.83847448121144,55.01510816757337,68.44168366093976,96.32641615255189,-8.199262852721041,38.129983200472886,10.039259674705553,1605,323,Development Target,1145,293,115,10.612177500353797,RHH,Right-Handed Killer,-0.1680501724137931,-6.41851224137931,80.64356672413793,2422.812703448276,5.906365862068966,5.950621724137931,1.9861691379310344,Tight High-Spin Breakers,1,pitch_type_specific,Slider
"Pindel, Buddie",1000054422.0,SCH_BOO,Slider,L,37,65,50.997997464442776,34.55302912926196,46.064506963888526,31.85642176107684,54.27413343462831,65.85614009920914,92.79304542905216,-8.209626470739785,38.11497986149034,9.983174425126192,1606,324,Development Target,1216,307,123,9.517852894534393,RHH,Right-Handed Killer,0.7515874058577406,-7.774982468619247,81.11285012552301,2467.9572046025105,5.400095815899582,5.893935481171548,2.6490023430962344,Tight High-Spin Breakers,1,pitch_type_specific,Slider
"Bargo, Casey",1000057987.0,FLO_Y'A,Changeup,L,43,15,42.93772366033614,37.80622375734978,41.39827368944023,12.3948401570387,49.60989010970709,49.58081549918782,53.67358384744813,-8.211616420266857,38.11209902515897,9.927089175546831,1607,205,Low Priority,1563,203,113,,,,5.129368867924528,12.093149622641509,82.96338547169812,1489.3751490566035,6.119850566037736,5.860594339622641,2.598785849056604,Soft-Speed Separation,0,pitch_type_specific,Changeup
"Peters, Andrew",687107.0,NEW_JER6,Four-Seam,R,178,118,38.0124664015651,48.4621151384322,41.14736102262523,11.777902411665732,49.396260972518704,48.835381929462514,49.04655075715087,-8.24889994989347,38.058123914107775,9.871003925967472,1608,526,Low Priority,1574,510,268,-1.341249878108556,Balanced,Balanced Weapon,15.520318031914892,7.607297872340426,93.4379557712766,2258.413489095745,6.689609707446809,5.788808484042553,1.3714645478723404,Soft-Speed Separation,0,pitch_type_specific,Four-Seam
"Brodsky, Jack",1000302079.0,WAS_WIL3,Curveball,L,80,24,39.35591868770602,44.75944477276406,40.97697651322344,11.497476163768928,49.24095186461081,48.29344919387063,45.905776780706674,-8.263975351387366,38.03629935838777,9.81491867638811,1609,177,Low Priority,1579,177,84,2.53454681120666,Balanced,Balanced Weapon,-8.668498068965517,-12.346798275862067,75.90854393103447,2633.975651724138,5.516839862068966,5.443015517241379,1.5773859310344829,Tight High-Spin Breakers,1,pitch_type_specific,Curveball
"Soto, Carlos",666728.0,JOL_SLA,Slider,L,34,25,40.05704493612541,60.27087741830965,46.12119468078068,32.30510375771172,54.40414683555647,66.30980646158619,93.74649467190127,-8.282952154775785,38.008826769806575,9.75883342680875,1610,325,Development Target,1208,304,120,0.4160278288880121,Balanced,Balanced Weapon,-1.6550805357142857,-8.842966696428572,78.17497178571429,2511.8409830357145,5.081414732142858,5.444403571428572,2.3135408035714287,Tight High-Spin Breakers,1,pitch_type_specific,Slider
"Ginn, Landon",701061.0,WAS_WIL3,Cutter,L,54,20,48.787975372547685,36.16085105842642,44.9998380783113,25.57487380818845,53.31896040566564,62.52317695543586,86.84800897363993,-8.319122327354343,37.95646345814536,9.702748177229388,1611,73,Development Target,1328,65,30,3.856155396796396,RHH,Balanced Weapon,3.285004836065574,-1.956797295081968,86.39495401639344,2835.7453286885248,5.385484098360656,6.29053,1.0134683606557378,Tight High-Spin Breakers,1,pitch_type_specific,Cutter
"Hargrove, Dawson",1000471986.0,LAK_ERI24,Curveball,R,44,20,32.79507721210087,65.97994087233492,42.750536310171086,16.76948962422883,51.07152324524039,54.68101119434986,71.20022434099832,-8.320986935069307,37.95376407829882,9.646662927650027,1612,178,Development Target,1485,167,87,8.503834728088037,RHH,Right-Handed Killer,-6.82693756097561,-7.687491585365854,76.74602743902439,2243.159812195122,5.212740487804878,6.410011951219513,0.4783793902439024,Tight High-Spin Breakers,1,pitch_type_specific,Curveball
"Hampton, Ky",673132.0,OTT_TIT,Slider,L,50,50,48.61031745240922,35.792671391421095,44.76502363411278,24.17274256870443,53.09519845440974,61.74238613125958,85.22153673583847,-8.33017482029696,37.940462839643175,9.590577678070668,1613,326,Development Target,1353,325,136,8.621922790918774,RHH,Right-Handed Killer,1.1220453623188409,-5.175231594202899,83.4241181884058,2308.461761594203,5.74730463768116,5.443198913043478,2.284289927536232,Tight High-Spin Breakers,1,pitch_type_specific,Slider
"Miner, Jace",701731.0,DOW_EAS1,Sinker,R,105,42,33.71345283304716,41.255865332964405,35.97617658302233,2.69209197980931,44.31515626872983,31.105468925351424,2.8883903533370727,-8.3389796857075,37.92771609615928,9.534492428491307,1614,283,Low Priority,1736,292,151,-1.3356436000197007,Balanced,Balanced Weapon,7.165774999999999,-11.545626346153846,88.56869192307693,1878.0260384615383,5.9755959615384615,5.0550177564102565,-3.0006183974358973,Soft-Speed Separation,0,pitch_type_specific,Sinker
"Lovin, Xander",815234.0,GAT_GRI,Slider,L,72,45,42.347831586667695,46.361952107276494,43.55206774285033,19.68592260235558,51.89838651262751,57.56625262346996,77.36960179472798,-8.346318769777177,37.917091354305654,9.478407178911946,1615,327,Development Target,1433,339,144,3.073849108026657,RHH,Balanced Weapon,3.245090404624277,-3.573938092485549,84.94683208092485,2429.426041618497,4.897497919075144,6.046143294797688,0.9070336416184972,Tight High-Spin Breakers,1,pitch_type_specific,Slider
"Wehrle, Tyler",806332.0,WIN_CIT29,Slider,L,83,64,49.781047297923934,39.68767203251651,46.753034718301706,35.50196298373528,55.14505541042166,68.89511917253357,96.88726864834548,-8.392020692119956,37.85092899364911,9.422321929332586,1616,328,Development Target,1151,294,116,7.94993133846728,RHH,Right-Handed Killer,1.7528186574074074,-10.868345972222222,80.81706828703703,2552.297661574074,5.289957685185185,5.467264953703704,1.8685688425925928,Tight High-Spin Breakers,1,pitch_type_specific,Slider
"Misla, Luis",695417.0,TRI_VAL,Four-Seam,R,225,140,43.39515138667163,39.26648137588059,42.15655038343432,14.582164890633765,50.57415277554778,52.94549585417428,64.97476163768928,-8.417602392113459,37.81389454138947,9.366236679753225,1617,527,Development Target,1524,493,261,-4.493073024116036,LHH,Balanced Weapon,17.539333858267717,-11.36158007874016,88.75923595800526,2404.427011023622,5.818691364829396,5.761475695538058,-1.423159186351706,Soft-Speed Separation,0,pitch_type_specific,Four-Seam
"Rodriguez, Esteban",701454.0,WAS_WIL3,Four-Seam,L,58,49,37.72432278393076,46.52890071906848,40.36569616447208,9.646662927650029,48.7939493129372,46.73368673751366,38.22209758833427,-8.428253148465124,37.79847551420461,9.310151430173864,1618,528,Low Priority,1612,520,250,1.4696101253215943,Balanced,Balanced Weapon,17.01836090361446,4.38410578313253,87.8629434939759,2186.727453012048,5.972221987951808,6.173605060240964,1.1123276506024096,Soft-Speed Separation,0,pitch_type_specific,Four-Seam
"Andueza, Axel",672847.0,DOW_EAS1,Curveball,L,99,39,42.01915114404115,45.4177435403075,43.038728862921054,17.9472798653954,51.478456942674605,56.10095813001718,74.5092540661806,-8.43972807975355,37.78186333459607,9.254066180594505,1619,179,Development Target,1464,162,79,0.3992500734097035,Balanced,Balanced Weapon,-3.5809660824742267,-3.292793711340206,79.24595427835052,2194.777082474227,5.112854639175257,6.070546185567011,0.9154208762886598,Tight High-Spin Breakers,1,pitch_type_specific,Curveball
"Bice, Emmett",828456.0,NEW_YOR13,Curveball,R,76,45,39.091359391601685,55.222995459877104,43.93085021208431,21.14413909141896,52.379658058982045,59.245592677584,80.3421200224341,-8.448807846897736,37.768718617751006,9.197980931015143,1620,180,Development Target,1407,155,78,3.758373700485386,RHH,Balanced Weapon,-10.335088457943924,-13.265031962616822,79.24506686915888,2997.9753191588784,5.588219953271028,6.176713598130841,1.31277023364486,Tight High-Spin Breakers,1,pitch_type_specific,Curveball
"Barreto, Brayhans",810980.0,TRI_VAL,Slider,R,90,32,46.40681469486614,40.8308123287606,44.73401398503447,23.948401570386988,53.22536444833309,62.19658494881863,86.4554122265844,-8.491350463298616,37.7071299627164,9.141895681435782,1621,329,Development Target,1357,326,190,-0.6414792184935365,Balanced,Balanced Weapon,3.874443021582734,0.7453557553956834,81.23729978417266,1951.048543884892,6.264135251798561,6.750788129496403,-1.6480678417266188,Soft-Speed Separation,0,pitch_type_specific,Slider
"Pardinho, Eric",672078.0,OTT_TIT,Sinker,L,55,25,31.244435084404888,49.20965222853651,36.63400022764437,2.9164329781267524,45.197559537731145,34.184510611359286,5.524397083567021,-8.563559310086774,37.60259370868407,9.085810431856421,1622,284,Low Priority,1732,289,140,1.2068328758985771,Balanced,Balanced Weapon,15.0714243373494,15.151091686746987,92.2981621686747,2071.5768096385546,5.4088610843373495,5.628120722891566,1.1436986746987952,Soft-Speed Separation,0,pitch_type_specific,Sinker
"Nakata, Yuto",1000432352.0,QUE_CAP,Four-Seam,L,143,105,37.78899595240593,44.6639831351808,39.85149210723839,8.188446438586652,48.45870480724359,45.56389074479935,31.7722938867078,-8.6072127000052,37.53939699441895,9.029725182277062,1623,529,Low Priority,1638,529,255,2.593586946659052,Balanced,Balanced Weapon,15.833567536231882,10.144038369565218,92.50470336956522,2078.949862681159,5.7607390217391305,6.33064018115942,0.8688236231884058,Soft-Speed Separation,0,pitch_type_specific,Four-Seam
"Sanchez, Dikember",699129.0,LAK_ERI24,Four-Seam,L,39,45,38.23484926720431,38.754463245369365,38.39073346065383,5.38418395961862,47.007177893573854,40.49895951374248,15.058889512058329,-8.616444432920026,37.526032277766234,8.9736399326977,1624,530,Low Priority,1688,545,265,6.227680766350538,RHH,Right-Handed Killer,11.723162290076337,7.780512061068702,91.3323327480916,2278.613035877863,5.773824427480916,5.90859717557252,1.1493719847328243,Soft-Speed Separation,0,pitch_type_specific,Four-Seam
"Vilchez, Michael",699074.0,OTT_TIT,Slider,L,26,21,48.30281885741734,36.74660256039017,44.835953968309184,24.56533931575996,53.45788457354626,63.00793638360808,88.08188446438587,-8.621930605237075,37.51808998359441,8.91755468311834,1625,330,Development Target,1346,323,134,11.179930314217486,RHH,Right-Handed Killer,1.2241474166666668,-4.7812676666666665,82.55334275,2301.7385625,5.71199125,5.952058666666667,1.2051731666666667,Tight High-Spin Breakers,1,pitch_type_specific,Slider
"Miranda, Kevin",806656.0,OTT_TIT,Sinker,R,29,21,39.707169714642575,32.02544490031991,37.40265227034577,3.701626472237801,46.03969051572388,37.12302690816861,9.674705552439708,-8.637038245378115,37.496218756205245,8.861469433538979,1626,285,Low Priority,1718,284,149,-3.1965104569169185,LHH,Balanced Weapon,16.955045,15.701443448275862,87.71754982758621,2123.5187396551723,5.743463103448276,5.349607931034483,0.9243246551724138,Soft-Speed Separation,0,pitch_type_specific,Sinker
"Campbell, Tyler",809429.0,MIS_MUD,Sinker,R,109,41,37.7066983702523,46.40487288045441,40.31615072331293,9.366236679753223,49.01674323302828,47.511099731604126,41.81155356141335,-8.70059250971535,37.40421168204318,8.80538418395962,1627,286,Low Priority,1617,247,128,1.5816308417616582,Balanced,Balanced Weapon,7.195615895522388,-9.706343880597014,84.64961925373134,2283.397441791045,6.144551044776119,4.848831044776119,-2.474182089552239,Soft-Speed Separation,0,pitch_type_specific,Sinker
"Voytko, Fawster",1000207039.0,TRO_AIG,Curveball,R,50,27,32.041066078667896,57.79011486646759,39.76578071500781,8.020190689848569,48.47065440432167,45.60558744836672,32.0527201346046,-8.704873689313864,37.39801384759526,8.749298934380258,1628,181,Low Priority,1641,185,96,4.180402541007062,RHH,Balanced Weapon,-7.208727021276595,-11.834206914893617,74.86113989361702,2337.5169670212767,6.037470319148936,6.122216170212766,1.616330319148936,Tight High-Spin Breakers,1,pitch_type_specific,Curveball
"Harris, Ben",1000390130.0,GAT_GRI,Sinker,L,82,31,35.584769368404146,40.23027426859423,36.97842083846117,3.084688726864835,45.6880777279225,35.89611573387167,7.936062815479529,-8.709656889461328,37.39108924142934,8.693213684800897,1629,287,Low Priority,1729,287,138,2.7488008446898107,Balanced,Balanced Weapon,13.369949186991873,14.872259349593495,90.21248089430894,2243.784845528456,5.874089593495935,6.099979756097561,0.9921443902439024,Soft-Speed Separation,0,pitch_type_specific,Sinker
"Gartland, Chad",1000103698.0,TRI_VAL,Four-Seam,L,113,64,37.62747376378419,44.6934845785752,39.74727700822149,7.9641054402692095,48.4838933057035,45.651783026583175,32.16489063376332,-8.736616297482016,37.35206029067377,8.637128435221536,1630,531,Low Priority,1642,530,256,3.657577304273161,RHH,Balanced Weapon,15.23144648241206,9.685538190954771,89.04622507537688,2083.307912562814,6.154403366834171,5.332680301507537,1.76774,Soft-Speed Separation,0,pitch_type_specific,Four-Seam
"Drakeford, Dosie",836144.0,NEW_JER6,Slider,L,26,15,46.928990288616674,42.651892388999805,45.645860918731614,28.771733034212005,54.41407250992721,66.3444409266011,93.85866517106,-8.768211591195595,37.306319999881445,8.581043185642176,1631,331,Development Target,1271,315,128,7.2190260044330685,RHH,Right-Handed Killer,1.9163086585365847,-6.736264756097561,79.72581219512195,2396.2052536585365,5.4440204878048775,5.490165853658537,1.385305243902439,Tight High-Spin Breakers,1,pitch_type_specific,Slider
"Martinez, Mason",809209.0,TRI_VAL,Changeup,L,65,23,38.02144514084196,54.97705506943152,43.10812811941883,18.283791362871565,51.91662551580869,57.62989546465032,77.45372966909703,-8.80849739638986,37.24799851500799,8.524957936062815,1632,206,Development Target,1458,194,108,,,,8.220691184210526,17.518039736842105,82.33722210526317,2179.6286789473684,6.66550947368421,5.350771578947368,2.6163319736842103,Soft-Speed Separation,0,pitch_type_specific,Changeup
"Steinhauer, Ryan",1000424762.0,NEW_JER6,Changeup,L,36,24,39.45523312933501,39.24327786098465,39.3916465488299,7.459338194054964,48.24055992207217,44.8027000073802,29.30454290521593,-8.848913373242276,37.18948858151461,8.468872686483454,1633,207,Low Priority,1651,212,117,6.416875081240292,RHH,Right-Handed Killer,10.827091505376345,-12.54348946236559,82.30946322580645,1665.3752462365592,6.31381311827957,5.798490107526882,-3.0167518279569894,Soft-Speed Separation,0,pitch_type_specific,Changeup
"Duncan, Tanner",677365.0,DOW_EAS1,Changeup,L,48,11,31.03943531309949,53.71579747789674,37.84234396253866,4.598990465507572,46.70180528772889,39.43339797720641,13.123948401570388,-8.859461325190225,37.17421838356246,8.412787436904095,1634,208,Low Priority,1702,217,121,,,,6.424793272727273,13.522430545454544,87.44568054545454,1564.4265799999998,6.427491636363636,5.668710727272727,2.7030318181818185,Soft-Speed Separation,0,pitch_type_specific,Changeup
"Frey, Hayden",839374.0,TOL_ROC,Four-Seam,R,29,15,39.30508724962232,37.4620304960546,38.752170223552,6.393718452047112,47.64403459002156,42.72119551995658,21.060011217049915,-8.891864366469562,37.1273087221392,8.356702187324734,1635,532,Low Priority,1670,536,278,-1.599639904363201,Balanced,Balanced Weapon,9.737611090909091,-17.445979636363635,88.77242854545455,2136.832330909091,6.371902363636364,5.617741090909091,-2.4526216363636366,Soft-Speed Separation,0,pitch_type_specific,Four-Seam
"Garbrick, Alex",687885.0,LAK_ERI24,Slider,R,38,18,32.198717131362365,71.678133903747,44.04254216307776,21.3684800897364,52.99249718336585,61.384022210976255,84.54851374088615,-8.949955020288087,37.04321127958769,8.300616937745373,1636,332,Development Target,1403,336,195,10.706623320506168,RHH,Right-Handed Killer,1.870724366197183,-3.302801971830986,82.91832647887324,2559.531829577465,5.054249718309859,5.499349295774648,1.954170281690141,Tight High-Spin Breakers,1,pitch_type_specific,Slider
"Sanchez, Dikember",699129.0,LAK_ERI24,Slider,L,40,15,40.43160790425081,51.90764227215623,43.87441821462244,20.86371284352215,52.82916952340562,60.81410968779983,83.25855300056085,-8.95475130878318,37.036267725510356,8.244531688166013,1637,333,Development Target,1412,337,142,5.223809751212784,RHH,Right-Handed Killer,2.081785045045045,-3.666299549549549,85.93030765765766,2555.0023990990994,5.319878648648649,5.499674054054054,1.5293935135135135,Tight High-Spin Breakers,1,pitch_type_specific,Slider
"Burcham, Jacob",1000122547.0,GAT_GRI,Slider,L,56,50,45.77357022769372,45.36452117200746,45.65085551098784,28.99607403252945,54.60968018740553,67.02699074732035,94.69994391475042,-8.958824676417692,37.03037073902257,8.188446438586652,1638,334,Development Target,1267,314,127,4.799694636824718,RHH,Balanced Weapon,-0.2485885365853658,-9.42318286585366,80.59990176829268,2380.0117103658536,5.842340792682927,4.8442025,3.3979656097560973,Tight High-Spin Breakers,1,pitch_type_specific,Slider
"Blence, Connor",1000397550.0,WIN_CIT29,Sinker,L,36,21,38.39711449581491,38.543039972933855,38.44089213895059,5.496354458777342,47.55103478038218,42.396683700100645,20.190689848569825,-9.110142641431594,36.811308755152986,8.132361189007291,1639,288,Low Priority,1686,274,129,,,,11.192168666666667,13.992939333333334,87.67775633333333,2237.448755,6.0120185,5.218245833333333,1.7615,Soft-Speed Separation,0,pitch_type_specific,Sinker
"Barker, Alex",1000106691.0,NEW_YOR13,Curveball,R,78,34,41.49182304234803,37.66521411924708,40.34384036541775,9.478407178911946,49.514722724410674,49.24874018082724,51.402131239484014,-9.170882358992927,36.72337628112426,8.07627593942793,1640,182,Low Priority,1615,181,95,-5.06997499129681,LHH,Left-Handed Killer,-5.69999298245614,10.022266578947368,76.2868705263158,2269.27245,5.615031842105263,6.104732719298245,-2.2869895614035087,Tight High-Spin Breakers,1,pitch_type_specific,Curveball
"Wohlgemuth, Nate",691028.0,EVA_OTT,Four-Seam,L,36,17,38.01119839930282,40.21735048364389,38.67304402460514,6.225462703309029,47.85439458463431,43.45522180389602,22.9388670779585,-9.181350560029173,36.70822153802198,8.020190689848569,1641,533,Low Priority,1673,537,259,,,,13.891973653846152,11.12050653846154,92.95967961538462,2072.698311538461,4.8919130769230765,5.767142307692307,0.9981584615384615,Soft-Speed Separation,0,pitch_type_specific,Four-Seam
"Supple, Rayne",665171.0,NEW_JER6,Sinker,L,67,26,33.081282088164144,40.91669644516282,35.431906395263745,2.1873247335950645,44.64745309673539,32.26497934592737,3.673583847448121,-9.215546701471645,36.658716017746286,7.9641054402692095,1642,289,Low Priority,1745,293,142,3.228666913320985,RHH,Balanced Weapon,8.325616494845361,16.14027948453608,93.14447154639176,2093.2269969072163,5.956293814432989,5.9018293814432985,2.441959381443299,Soft-Speed Separation,0,pitch_type_specific,Sinker
"Foy, Corbin",813822.0,LAK_ERI24,Slider,L,37,19,46.9441609471387,42.66612893650911,45.66075134394982,29.16432978126753,54.88516858231417,67.98827486959601,95.65339315759957,-9.224417238364353,36.64587420210644,7.908020190689849,1643,335,Development Target,1264,312,126,7.851886524955859,RHH,Right-Handed Killer,-1.088219615384615,-7.589457179487179,82.37805910256411,2653.261687179487,5.562568461538461,5.180362564102564,1.9183505128205127,Tight High-Spin Breakers,1,pitch_type_specific,Slider
"Quigley, Michael",808828.0,NEW_ENG23,Curveball,L,40,11,38.16477698704892,43.8954351220973,39.88397442756343,8.356702187324734,49.10879183269758,47.83229241694083,43.26977005047672,-9.224817405134146,36.64529488340848,7.851934941110487,1644,183,Low Priority,1635,184,89,1.9912184825824253,Balanced,Balanced Weapon,-12.122606547619048,-12.497309166666666,78.82455714285713,2560.482145238095,5.404706071428572,5.440417857142857,1.7440667857142855,Tight High-Spin Breakers,1,pitch_type_specific,Curveball
"Encarnacion, J.D.",1000563022.0,EVA_OTT,Slider,R,78,48,43.51248816076176,45.67362429706981,44.16082900165417,22.041503084688728,53.40729324795618,62.83140394553298,87.52103196859225,-9.246464246302011,36.61395689938057,7.795849691531127,1645,336,Development Target,1391,332,193,2.886632080852713,Balanced,Balanced Weapon,2.467041818181818,-5.401181468531469,81.18388,2352.325237762238,5.432684895104895,5.194782027972028,2.460218461538461,Tight High-Spin Breakers,1,pitch_type_specific,Slider
"Kowalski, Benjamin",834996.0,WAS_WIL3,Four-Seam,L,35,26,39.48454432536561,37.108000927847286,38.771581306110114,6.449803701626472,48.0517722681249,44.14394785093685,26.38810992708917,-9.280190962014785,36.565130963525775,7.739764441951767,1646,534,Low Priority,1669,535,258,6.878955758868287,RHH,Right-Handed Killer,14.978969333333334,10.153615333333333,88.96785816666667,2147.616078333333,5.694876,5.691334333333333,2.523041166666667,Soft-Speed Separation,0,pitch_type_specific,Four-Seam
"Morse, Colby",,EVA_OTT,Four-Seam,R,42,17,27.18776866672776,69.45856515166393,39.869007612208605,8.300616937745373,49.17061791360987,48.0480272029496,44.980370162647226,-9.301610301401261,36.53412233227208,7.683679192372406,1647,535,Low Priority,1636,528,274,,,,16.529105,9.208042222222222,89.42462277777778,2296.536859259259,6.500303703703703,5.60143388888889,2.430378703703704,Soft-Speed Separation,0,pitch_type_specific,Four-Seam
"Sechrist, Zander",801415.0,WAS_WIL3,Changeup,R,216,75,39.62282641281309,48.76834133535341,42.36648088957519,15.311273135165452,51.67816548581081,56.79781743569973,75.79921480650589,-9.311684596235615,36.51953784448638,7.6275939427930455,1648,209,Development Target,1511,197,87,-3.879123736187623,LHH,Balanced Weapon,8.017370421455938,-14.863922643678162,76.7140414559387,1671.4043141762452,5.778279003831418,5.103136130268199,-2.579029042145594,Tight High-Spin Breakers,1,pitch_type_specific,Changeup
"Eldred, Zach",1000227712.0,NEW_ENG23,Slider,R,103,43,39.4245116084803,59.35307849003472,45.40308167294663,27.706113292204147,54.719900358640224,67.41159097920145,94.98037016264722,-9.316818685693598,36.512105258263546,7.571508693213685,1649,337,Development Target,1290,318,188,6.048403235800379,RHH,Right-Handed Killer,1.436935792079208,-7.286492871287129,82.33705113861387,2422.096775247525,5.823491683168316,5.812858217821781,1.5575252475247523,Tight High-Spin Breakers,1,pitch_type_specific,Slider
"Turner, Eric",1000080978.0,JOL_SLA,Slider,L,99,76,46.58998849766053,38.48091565846408,44.15726664590159,21.929332585530005,53.47803715726982,63.07825643742636,88.64273696017946,-9.320770511368224,36.50638422724049,7.515423443634324,1650,338,Development Target,1393,333,140,10.034605582076445,RHH,Right-Handed Killer,1.40285224,-7.69305372,78.1588612,2353.8319136,4.96233072,5.4286446800000006,2.78799576,Tight High-Spin Breakers,1,pitch_type_specific,Slider
"Nakata, Yuto",1000432352.0,QUE_CAP,Splitter,L,84,29,42.68886714412789,35.82675466576869,40.63023340062013,10.263600673022994,49.95137783258984,50.77239645877095,58.300616937745374,-9.321144431969714,36.50584290494102,7.459338194054964,1651,22,Development Target,1601,23,13,-0.2287271088084352,Balanced,Balanced Weapon,2.9986723275862066,6.750460862068965,84.10648603448276,1010.7765671551724,5.484796810344828,6.233768189655173,0.9364835344827588,Soft-Speed Separation,0,pooled_fixed_effects,Pooled
"Burcham, Jacob",1000122547.0,GAT_GRI,Four-Seam,R,39,34,35.87706088373211,45.02393865675676,38.621124215639504,6.057206954570948,48.02753089525776,44.05936045172144,25.88334268087493,-9.406406679618257,36.38240933168781,7.403252944475602,1652,536,Low Priority,1676,539,279,0.0894213668484198,Balanced,Balanced Weapon,12.632632795698925,11.674387741935483,92.27919634408602,2346.365264516129,6.342404301075269,5.288260967741936,2.792099247311828,Soft-Speed Separation,0,pitch_type_specific,Four-Seam
"Sabatine, Gino",1000229070.0,TRI_VAL,Changeup,R,88,88,36.9610123163515,39.310360297074624,37.66581671056844,4.038137969713965,47.079527029329086,40.75141325316383,15.844083006169376,-9.413710318760643,36.3718359032132,7.3471676948962426,1653,210,Low Priority,1712,219,98,-4.966523948938324,LHH,Balanced Weapon,8.29791369337979,15.49597024390244,85.0846405574913,1784.333767944251,5.067498954703833,5.797276794425087,1.9768884668989544,Soft-Speed Separation,0,pitch_type_specific,Changeup
"Gregory, Ben",833406.0,GAT_GRI,Changeup,L,63,12,34.04453329861971,61.251050580476274,42.20648848317668,14.750420639371844,51.69661108862411,56.86218118182454,76.02355580482333,-9.490122605447432,36.26121435796521,7.291082445316882,1654,211,Development Target,1521,198,111,-4.413218017760542,LHH,Balanced Weapon,8.644991022727273,13.697386931818182,81.96177488636364,1915.6716329545447,6.530301022727272,5.631716818181818,2.3600204545454546,Soft-Speed Separation,0,pitch_type_specific,Changeup
"Noble, Nick",1000397875.0,FDU_KNI,Changeup,R,25,23,41.93421757114622,39.5142759277381,41.20823507812378,12.002243409983176,50.70084132114052,53.3875605276894,66.76948962422883,-9.492606243016745,36.257618812828866,7.23499719573752,1655,212,Development Target,1570,205,92,-7.617360169285405,LHH,Left-Handed Killer,0.1866509859154929,17.648167746478872,77.31426,1611.7838492957746,4.998100985915492,4.158600845070423,1.900377183098592,Tight High-Spin Breakers,1,pitch_type_specific,Changeup
"Burcham, Jacob",1000122547.0,GAT_GRI,Four-Seam,L,54,34,35.87706088373211,44.72586743392869,38.531702848791085,5.720695457094784,48.02753089525776,44.05936045172144,25.88334268087493,-9.495828046466677,36.252954629991656,7.17891194615816,1656,537,Low Priority,1682,542,263,0.0894213668484198,Balanced,Balanced Weapon,12.632632795698925,11.674387741935483,92.27919634408602,2346.365264516129,6.342404301075269,5.288260967741936,2.792099247311828,Soft-Speed Separation,0,pitch_type_specific,Four-Seam
"Thiels, Brenton",816364.0,MIS_MUD,Four-Seam,L,111,53,37.50310604390724,41.03574548452726,38.562897876093245,5.832865956253505,48.091819690316,44.28368858703262,27.173303421200224,-9.528921814222755,36.20504500856832,7.122826696578801,1657,538,Low Priority,1680,541,262,3.71065201849072,RHH,Balanced Weapon,15.882974611398964,11.15813621761658,89.43709321243523,2254.2386642487045,6.783163056994819,6.531980880829015,2.540553367875648,Soft-Speed Separation,0,pitch_type_specific,Four-Seam
"Allemann, Braeden",1000367619.0,QUE_CAP,Four-Seam,L,415,242,42.7366968982089,36.55822399804279,40.88315502815907,10.936623667975324,50.4241855382669,52.42220294338773,63.46045989904655,-9.54103051010783,36.18751533228425,7.066741446999439,1658,539,Development Target,1589,515,246,4.199339528086206,RHH,Balanced Weapon,18.775735184713376,12.715875554140128,91.27496277707009,2343.7797405095544,6.366563808917197,5.219754726114649,1.6156053630573248,Soft-Speed Separation,0,pitch_type_specific,Four-Seam
"Nakata, Yuto",1000432352.0,QUE_CAP,Splitter,R,32,29,42.68886714412789,35.064330969740574,40.40150629181169,9.702748177229388,49.95137783258984,50.77239645877095,58.300616937745374,-9.549871540778149,36.174716232600915,7.0106561974200785,1659,23,Development Target,1611,24,11,-0.2287271088084352,Balanced,Balanced Weapon,2.9986723275862066,6.750460862068965,84.10648603448276,1010.7765671551724,5.484796810344828,6.233768189655173,0.9364835344827588,Soft-Speed Separation,0,pooled_fixed_effects,Pooled
"Lawson, Nathan",1000569348.0,FLO_Y'A,Cutter,L,45,38,40.16571175193205,36.4540220917012,39.05220485386279,6.898485698261357,48.627935916415154,46.15440265473181,33.9035333707235,-9.575731062552364,36.137279579647924,6.954570947840717,1660,74,Low Priority,1661,74,34,-0.094148352545055,Balanced,Balanced Weapon,7.6099767326732675,-1.1307877227722771,83.7012498019802,2307.1735306930696,5.758106930693069,5.539931287128713,2.1263297029702968,Tight High-Spin Breakers,1,pitch_type_specific,Cutter
"Eldred, Zach",1000227712.0,NEW_ENG23,Splitter,R,41,19,41.622966937953,39.41696301622525,40.96116576143468,11.385305664610208,50.54202935383426,52.83340497914264,64.58216489063376,-9.58086359239958,36.12984925126294,6.898485698261357,1661,24,Development Target,1581,22,10,-1.643325011553472,Balanced,Balanced Weapon,5.120576304347827,4.266031304347826,84.20998391304347,980.6607184782608,6.053597065217391,5.898954565217391,1.410298152173913,Soft-Speed Separation,0,pooled_fixed_effects,Pooled
"Gorgen, Grady",1000138303.0,NEW_YOR13,Curveball,R,34,23,35.244425022366414,42.70586099229483,37.48285581334494,3.8137969713965214,47.06863355370221,40.71340176030228,15.619742007851936,-9.585777740357273,36.12273507284703,6.842400448681997,1662,184,Low Priority,1716,189,100,0.706527574205289,Balanced,Balanced Weapon,-7.539091808510638,7.075425,79.8829214893617,2149.52689680851,5.696337872340426,5.2856748936170215,-2.492932659574468,Tight High-Spin Breakers,1,pitch_type_specific,Curveball
"Brouwer, Adam",10998502.0,LAK_ERI24,Curveball,L,51,38,39.54147920243688,41.49984581840951,40.12898918722867,8.91755468311834,49.735778929541326,50.02008962439663,55.2720134604599,-9.606789742312657,36.09231614120864,6.786315199102636,1663,185,Development Target,1625,183,88,2.4881086770610708,Balanced,Balanced Weapon,-9.259459649122809,-6.246559561403509,77.91076412280702,2333.3097614035087,5.301745701754386,5.746590614035087,2.028697192982456,Tight High-Spin Breakers,1,pitch_type_specific,Curveball
"O'Hanlon, Michael",1000061333.0,WAS_WIL3,Four-Seam,L,82,62,34.712907636620926,47.045830609288245,38.41278452842112,5.4402692091979805,48.027893873034216,44.06062701967748,25.99551318003365,-9.615109344613096,36.080271909813035,6.730229949523276,1664,540,Low Priority,1687,544,264,-0.5813185576684177,Balanced,Balanced Weapon,16.163824666666667,10.979705833333334,88.47559816666666,2137.9212005555555,5.950094611111111,6.007109222222222,0.4000815555555555,Soft-Speed Separation,0,pitch_type_specific,Four-Seam
"Lawson, Nathan",1000569348.0,FLO_Y'A,Cutter,R,56,38,40.16571175193205,36.14019424988434,38.958056501317735,6.730229949523276,48.627935916415154,46.15440265473181,33.9035333707235,-9.66987941509742,36.000981653062155,6.674144699943915,1665,75,Low Priority,1664,75,41,-0.094148352545055,Balanced,Balanced Weapon,7.6099767326732675,-1.1307877227722771,83.7012498019802,2307.1735306930696,5.758106930693069,5.539931287128713,2.1263297029702968,Tight High-Spin Breakers,1,pitch_type_specific,Cutter
"Gaskey, Blake",1000362764.0,NIU_HUS,Four-Seam,L,29,22,29.09785245573675,52.79475968927335,36.206924625797726,2.748177229388671,45.93436263606918,36.75549774826118,8.8334268087493,-9.727438010271456,35.91765446817428,6.618059450364553,1666,541,Low Priority,1735,551,268,2.841838212967652,Balanced,Balanced Weapon,10.33824887096774,13.817342741935484,84.97200064516129,2189.9687693548385,6.73143,4.6678277419354846,2.677162258064516,Soft-Speed Separation,0,pitch_type_specific,Four-Seam
"Gollert, Harley",1000114236.0,TRO_AIG,Slider,R,48,21,41.60234009591865,39.2408244584396,40.89388540467493,11.048794167134044,50.65073134772504,53.212707711011134,66.48906337633203,-9.75684594305011,35.875080804859394,6.561974200785194,1667,339,Development Target,1587,356,204,-5.194942497092988,LHH,Left-Handed Killer,-1.9578714457831323,7.957024819277108,78.19324168674699,2233.014568674699,4.956933975903614,5.561267349397591,-1.7797327710843371,Tight High-Spin Breakers,1,pitch_type_specific,Slider
"Sohosky, Zac",1000224033.0,MIA_RED,Four-Seam,L,34,21,39.48443115457266,36.7354786665976,38.65974540818014,6.113292204150309,48.43194768154122,45.47052492405779,31.688166012338755,-9.772202273361074,35.85284955041074,6.505888951205834,1668,542,Low Priority,1675,538,260,,,,14.311488103448276,-7.469361896551724,88.36424379310346,1888.1370844827584,6.331682586206897,6.193489655172414,-0.827966724137931,Soft-Speed Separation,0,pitch_type_specific,Four-Seam
"Nettleton, Blake",10067637.0,WIN_CIT29,Four-Seam,L,135,70,33.99467129822604,48.49290076441629,38.34414013808311,5.272013460459899,48.19224455223591,44.634109247319785,28.57543466068424,-9.8481044141528,35.742966539888776,6.449803701626472,1669,543,Low Priority,1690,546,266,1.862235671923223,Balanced,Balanced Weapon,14.498991255411257,7.962968268398269,89.5064851948052,2138.7513285714285,6.48968645021645,5.652488095238096,1.3403819047619048,Soft-Speed Separation,0,pitch_type_specific,Four-Seam
"Bradford, Ethan",688428.0,NEW_YOR13,Slider,R,97,40,43.966417782107314,38.58896686191926,42.3531825060509,15.255187885586093,52.26635574554905,58.85023767558343,79.83735277621984,-9.91317323949815,35.64876684610552,6.3937184520471115,1670,340,Development Target,1512,346,198,-5.3135567638073695,LHH,Left-Handed Killer,-1.1793677551020407,5.69448806122449,82.52757459183672,2466.6365448979595,5.497015204081633,4.953782397959183,-2.954281479591837,Tight High-Spin Breakers,1,pitch_type_specific,Slider
"Perez, Kelvin",692487.0,WAS_WIL3,Changeup,L,89,29,43.05521949388749,34.400460807563235,40.45879188799021,9.81491867638811,50.37585912427924,52.25357364606918,63.2641615255188,-9.917067236289029,35.643129533562266,6.33763320246775,1671,213,Development Target,1609,210,115,,,,6.532994494382023,14.519620786516851,81.38122168539326,1576.5425865168538,6.308519213483146,5.744622359550561,1.4813098876404494,Soft-Speed Separation,0,pitch_type_specific,Changeup
"Manning, Noah",828538.0,WIN_CIT29,Sinker,L,42,21,40.990093272438166,34.09663608972437,38.92205611762402,6.618059450364553,48.96422642806307,47.32784856132364,41.0263600673023,-10.042170310439055,35.462018668048245,6.28154795288839,1672,290,Low Priority,1666,268,126,3.52320890385851,RHH,Balanced Weapon,4.472468648648649,18.90640932432433,90.69737945945946,2342.6340635135134,5.464466891891892,4.743670945945946,2.3560841891891893,Soft-Speed Separation,0,pitch_type_specific,Sinker
"Oe, Ryoya",1000551188.0,OTT_TIT,Four-Seam,R,40,25,38.27381694724352,40.17716029688191,38.84481995213503,6.505888951205834,48.94163922307469,47.24903318498404,40.71789119461582,-10.096819270939655,35.38290374139315,6.225462703309029,1673,544,Low Priority,1668,534,277,,,,18.09391310344828,-3.833612931034483,84.63289086206896,2124.928518965517,5.697828103448275,6.233983620689656,-1.6944672413793105,Soft-Speed Separation,0,pitch_type_specific,Four-Seam
"Escobar, Anthony",678673.0,TRO_AIG,Slider,L,132,88,41.722437219087496,48.81438898614952,43.8500227492061,20.75154234436344,53.948602651984,64.72023899247932,90.94223219293326,-10.0985799027779,35.38035488671278,6.16937745372967,1674,341,Development Target,1414,338,143,4.428630675768751,RHH,Balanced Weapon,3.3527194674556213,-5.09783076923077,81.84095073964497,2154.954000887574,6.135956568047337,5.678216627218935,1.8007864792899408,Tight High-Spin Breakers,1,pitch_type_specific,Slider
"Albert, Wes",670784.0,DOW_EAS1,Four-Seam,L,67,35,35.33340180187878,46.15242641881618,38.57910918696,5.945036455412227,48.754071438931526,46.59453761972785,37.549074593381945,-10.174962251971529,35.269776681769045,6.113292204150309,1675,545,Low Priority,1678,540,261,2.3504066329328595,Balanced,Balanced Weapon,17.66639125,8.94456357142857,88.22941267857142,1979.30975625,5.736994553571429,6.095037946428572,1.3955908035714286,Soft-Speed Separation,0,pitch_type_specific,Four-Seam
"O'Hanlon, Michael",1000061333.0,WAS_WIL3,Four-Seam,R,98,62,34.712907636620926,45.10810208372685,37.8314659707527,4.48681996634885,48.027893873034216,44.06062701967748,25.99551318003365,-10.196427902281513,35.23870100650786,6.0572069545709475,1676,546,Low Priority,1704,548,282,-0.5813185576684177,Balanced,Balanced Weapon,16.163824666666667,10.979705833333334,88.47559816666666,2137.9212005555555,5.950094611111111,6.007109222222222,0.4000815555555555,Soft-Speed Separation,0,pitch_type_specific,Four-Seam
"Campbell, Tyler",809429.0,MIS_MUD,Sinker,L,25,41,37.7066983702523,41.13277007458218,38.73451988155127,6.33763320246775,49.01674323302828,47.511099731604126,41.81155356141335,-10.282223351477008,35.11449552101894,6.001121704991587,1677,291,Low Priority,1671,269,127,1.5816308417616582,Balanced,Balanced Weapon,7.195615895522388,-9.706343880597014,84.64961925373134,2283.397441791045,6.144551044776119,4.848831044776119,-2.474182089552239,Soft-Speed Separation,0,pitch_type_specific,Sinker
"Galva, Claudio",669996.0,GAT_GRI,Slider,R,104,65,38.73577488246234,43.983635038680575,40.31013292932781,9.310151430173864,50.59245222165487,53.00934960378509,65.25518788558608,-10.28231929232706,35.114356628105966,5.945036455412227,1678,342,Development Target,1618,359,206,-4.22144055161381,LHH,Balanced Weapon,2.908425435684648,-0.4435166804979253,83.74117734439834,2241.3772804979253,4.775157053941909,5.772874315352697,-0.8231647717842324,Tight High-Spin Breakers,1,pitch_type_specific,Slider
"Gorgen, Grady",1000138303.0,NEW_YOR13,Curveball,L,60,23,35.244425022366414,40.35076907827722,36.77632823913965,2.972518227706113,47.06863355370221,40.71340176030228,15.619742007851936,-10.292305314562562,35.09989993195839,5.888951205832866,1679,186,Low Priority,1731,192,92,0.706527574205289,Balanced,Balanced Weapon,-7.539091808510638,7.075425,79.8829214893617,2149.52689680851,5.696337872340426,5.2856748936170215,-2.492932659574468,Tight High-Spin Breakers,1,pitch_type_specific,Curveball
"Plumadore, Carson",1000207816.0,WIN_CIT29,Curveball,R,65,21,30.62793002763867,53.58701335754398,37.51565502661026,3.8698822209758834,47.9574825061563,43.8149348952237,24.369040942232196,-10.441827479546042,34.88343771552066,5.832865956253505,1680,187,Low Priority,1715,188,99,3.9457022734487808,RHH,Balanced Weapon,0.604810900900901,-6.562245135135135,75.50847090090089,2489.4616738738737,5.582058828828829,4.293767477477477,4.030458198198198,Tight High-Spin Breakers,1,pitch_type_specific,Curveball
"Gwin, Riley",1000429384.0,QUE_CAP,Changeup,R,27,17,34.80775730945598,48.88890803011263,39.032102525652974,6.786315199102636,49.59348120059639,49.52355855449073,53.30902972518228,-10.56137867494342,34.71036426693625,5.7767807066741454,1681,214,Low Priority,1663,213,96,0.9042798260720346,Balanced,Balanced Weapon,13.006262307692309,-10.664403461538464,82.82483576923076,1783.840155,6.252548653846153,5.7063190384615385,-0.957646346153846,Soft-Speed Separation,0,pitch_type_specific,Changeup
"Kramer, Cameron",1000249123.0,TRO_AIG,Sinker,R,31,25,30.408015303324863,50.33280465322864,36.38545210829599,2.860347728547392,46.95717978824332,40.32449704749579,14.554122265844082,-10.57172767994733,34.69538208311542,5.720695457094784,1682,292,Low Priority,1733,290,150,4.327658593289897,RHH,Balanced Weapon,13.147353623188408,16.045647246376813,90.54128130434782,2251.3984,6.250466376811594,5.884431739130434,2.7272404347826087,Soft-Speed Separation,0,pitch_type_specific,Sinker
"Carroll, Jake",1000088275.0,JOL_SLA,Four-Seam,L,161,65,34.17602877786844,49.89199672560472,38.89081916218932,6.561974200785194,49.54136153577357,49.3416931576956,52.29949523275379,-10.650542373584251,34.58128258974335,5.664610207515423,1683,547,Low Priority,1667,533,257,-0.428375412631226,Balanced,Balanced Weapon,17.770359466666665,-6.6723085,86.2213913,2146.175569333333,7.052751933333334,6.347573266666666,-1.541205266666667,Soft-Speed Separation,0,pitch_type_specific,Four-Seam
"Thornton, Tyler",1000429124.0,NEW_ENG23,Slider,L,65,51,38.36844608917784,41.40399011521133,39.27910929698788,7.17891194615816,49.972947560678776,50.84766146999067,58.80538418395962,-10.693838263690893,34.518603425512666,5.608524957936063,1684,343,Development Target,1656,366,159,8.415224737740928,RHH,Right-Handed Killer,2.019594375,-0.5277464204545455,79.64187261363637,1947.9016420454543,4.85361159090909,6.1554931250000005,1.9801255113636365,Tight High-Spin Breakers,1,pitch_type_specific,Slider
"Townes, Holland",830218.0,SCH_BOO,Cutter,R,52,18,28.99056388355948,45.74851263979389,34.017948510429804,1.5703869882220975,44.8304076817428,32.90337769923542,4.3466068424004485,-10.812459171312994,34.3468767481831,5.552439708356703,1685,76,Low Priority,1756,79,43,1.2996051957826469,Balanced,Balanced Weapon,3.352618860759494,-1.854489746835443,84.07018139240506,2151.438378481013,4.962555949367089,5.807204810126582,2.631658987341772,Tight High-Spin Breakers,1,pitch_type_specific,Cutter
"Thornton, Tyler",1000429124.0,NEW_ENG23,Changeup,L,117,59,34.138926356251254,46.74677083100141,37.9212796986763,4.711160964666293,48.75003678100226,46.580459158791214,37.21256309590578,-10.828757082325957,34.32328237378677,5.496354458777342,1686,215,Low Priority,1700,216,120,-0.2879947639196771,Balanced,Balanced Weapon,9.381682923076925,13.950716564102564,83.28383241025641,1799.943855128205,4.926423846153846,6.286044820512821,1.9156294871794872,Soft-Speed Separation,0,pitch_type_specific,Changeup
"Cosentino, Nick",700818.0,JOL_SLA,Four-Seam,R,30,27,34.9824432384659,44.560815278795296,37.85595485056472,4.655075715086932,48.68643445976406,46.35852639256186,35.4739203589456,-10.830479609199337,34.32078868340363,5.4402692091979805,1687,548,Low Priority,1701,547,281,3.706601916758608,RHH,Balanced Weapon,16.941140119047617,11.14870011904762,90.52042095238096,2219.650622619048,5.48271869047619,6.174804047619047,1.803099404761905,Soft-Speed Separation,0,pitch_type_specific,Four-Seam
"Baker, Luke",694914.0,EVA_OTT,Four-Seam,R,38,30,37.84174868763997,37.38876302549048,37.70585298899512,4.150308468872686,48.59667863727312,46.04533408160826,33.45485137408861,-10.890825648278003,34.23342613502393,5.38418395961862,1688,549,Low Priority,1710,550,283,-3.1174475511333384,LHH,Balanced Weapon,14.24153609195402,-10.5849308045977,87.05307218390806,2425.865424137932,5.856698850574713,5.918486551724138,-1.6769454022988506,Soft-Speed Separation,0,pitch_type_specific,Four-Seam
"Galva, Claudio",669996.0,GAT_GRI,Sinker,R,151,78,29.95208882093664,44.30154722307348,34.25692634157769,1.9629837352776216,45.1666561236496,34.07667680844882,5.30005608524958,-10.909729782071913,34.206058749718096,5.32809871003926,1689,293,Low Priority,1749,294,152,0.2048850058506062,Balanced,Balanced Weapon,10.39320536036036,-12.214453108108108,89.05397558558559,1974.0797977477475,4.931613873873873,5.7290024324324325,-0.9015155855855856,Tight High-Spin Breakers,1,pitch_type_specific,Sinker
"Puccetti, Dominic",1000266076.0,OTT_TIT,Changeup,R,121,44,33.78878181338871,45.031581826588976,37.16162181734879,3.196859226023556,48.07900542344087,44.23897472062909,26.66853617498598,-10.91738360609208,34.194978360989026,5.272013460459899,1690,216,Low Priority,1727,223,101,3.2972290430276345,RHH,Balanced Weapon,14.472767409326424,-6.614683886010363,84.36594683937824,1695.677184611399,5.456050569948187,6.885356839378238,-0.8222104663212435,Soft-Speed Separation,0,pitch_type_specific,Changeup
"Serrano, Elio",665939.0,NEW_JER6,Slider,L,50,50,41.558435378032286,41.08971757456585,41.41782003699235,12.450925406618058,52.369754227685966,59.211034431390814,80.22994952327538,-10.951934190693613,34.14495971577416,5.215928210880538,1691,344,Development Target,1562,352,150,8.192134763478307,RHH,Right-Handed Killer,5.37085375,-2.082303693181818,82.47711465909092,2239.571981818182,5.336158181818182,5.786130056818181,1.8615028977272727,Tight High-Spin Breakers,1,pitch_type_specific,Slider
"Sanchez, Edwin",835958.0,LAK_ERI24,Slider,R,41,36,47.03603951539762,29.778964554645665,41.85891702717203,13.34828939988783,52.819083950708766,60.77891727651602,82.92204150308469,-10.960166923536732,34.13304124469826,5.159842961301178,1692,345,Development Target,1546,349,201,-7.765781352813725,LHH,Left-Handed Killer,-0.4318066956521739,4.25638652173913,77.30057130434781,2402.241620869565,5.171696086956522,4.891696086956522,-1.6753605217391303,Tight High-Spin Breakers,1,pitch_type_specific,Slider
"Tiburcio, David",696010.0,DOW_EAS1,Slider,L,51,23,40.917674934443546,40.53305991037405,40.80229042722269,10.60011217049916,51.78107670563929,57.15691394739835,76.58440830061693,-10.978786278416607,34.10608613188015,5.103757711721817,1693,346,Development Target,1595,357,153,7.799440219087515,RHH,Right-Handed Killer,5.863706218487395,0.9625799159663866,86.41360092436976,2343.193610084034,5.435896302521009,6.05758949579832,1.4887195798319328,Tight High-Spin Breakers,1,pitch_type_specific,Slider
"Barker, Alex",1000106691.0,NEW_YOR13,Slider,R,81,57,44.99505087093381,35.42791390808468,42.12490978207907,14.41390914189568,53.12443596113412,61.84440694777489,85.55804823331464,-10.999526179055046,34.07606111945881,5.047672462142456,1694,347,Development Target,1527,348,200,-8.322115055531746,LHH,Left-Handed Killer,3.619487738693467,4.12100959798995,81.71635055276383,2243.465076884422,5.834401105527639,6.061523216080403,-2.431386934673367,Tight High-Spin Breakers,1,pitch_type_specific,Slider
"Forsyth, Braden",687732.0,MIS_MUD,Slider,L,56,40,44.71203406554722,44.45005699197904,44.63344094347677,23.38754907459338,55.657474617665,70.68314529986084,97.89680314077398,-11.024033674188232,34.04058178623451,4.991587212563096,1695,348,Development Target,1367,328,137,5.784588108534649,RHH,Right-Handed Killer,3.756866574585635,-6.765990718232045,80.7920182320442,2368.184670718232,6.085362320441988,5.978196850828729,1.8675990607734807,Tight High-Spin Breakers,1,pitch_type_specific,Slider
"Carroll, Jake",1000088275.0,JOL_SLA,Four-Seam,R,139,65,34.17602877786844,48.464078683500624,38.46244374955809,5.608524957936063,49.54136153577357,49.3416931576956,52.29949523275379,-11.078917786215477,33.96112643232129,4.935501962983736,1696,550,Low Priority,1684,543,280,-0.428375412631226,Balanced,Balanced Weapon,17.770359466666665,-6.6723085,86.2213913,2146.175569333333,7.052751933333334,6.347573266666666,-1.541205266666667,Soft-Speed Separation,0,pitch_type_specific,Four-Seam
"Parsons, Billy",698892.0,SUS_COU1,Slider,L,117,66,42.45743957378989,45.53114119887029,43.379550061314006,19.01289960740325,54.46594455845776,66.52544229567461,94.19517666853618,-11.08639449714375,33.95030244900499,4.879416713404375,1697,349,Development Target,1445,340,145,3.173721273378049,RHH,Balanced Weapon,5.804829723320158,-6.19444671936759,82.96985126482214,2476.9456197628456,5.442367272727273,5.773253992094862,1.3251451778656127,Tight High-Spin Breakers,1,pitch_type_specific,Slider
"Parsons, Billy",698892.0,SUS_COU1,Sinker,L,33,25,37.15305162983944,34.269215710913095,36.287900854161535,2.8042624789680315,47.39078263999138,41.83750283816468,18.48008973639933,-11.102881785829844,33.92643391384543,4.8233314638250135,1698,294,Low Priority,1734,291,141,3.5158485044360006,RHH,Balanced Weapon,12.9374671875,9.93322359375,89.4897753125,2278.2870609375,5.780569375,5.78011671875,1.33502140625,Soft-Speed Separation,0,pitch_type_specific,Sinker
"Galva, Claudio",669996.0,GAT_GRI,Sinker,L,71,78,29.95208882093664,43.618597203571454,34.05204133572708,1.6264722378014584,45.1666561236496,34.07667680844882,5.30005608524958,-11.11461478792252,33.90944812689719,4.767246214245653,1699,295,Low Priority,1755,295,143,0.2048850058506062,Balanced,Balanced Weapon,10.39320536036036,-12.214453108108108,89.05397558558559,1974.0797977477475,4.931613873873873,5.7290024324324325,-0.9015155855855856,Tight High-Spin Breakers,1,pitch_type_specific,Sinker
"Thornton, Tyler",1000429124.0,NEW_ENG23,Changeup,R,78,59,34.138926356251254,45.78678828460249,37.633284934756624,3.9820527201346048,48.75003678100226,46.580459158791214,37.21256309590578,-11.116751846245634,33.90635432216711,4.711160964666293,1700,217,Low Priority,1713,220,99,-0.2879947639196771,Balanced,Balanced Weapon,9.381682923076925,13.950716564102564,83.28383241025641,1799.943855128205,4.926423846153846,6.286044820512821,1.9156294871794872,Soft-Speed Separation,0,pitch_type_specific,Changeup
"Cox, Carter",10156934.0,NIU_HUS,Four-Seam,L,54,20,32.35213611205035,50.40683205982508,37.76854489638277,4.262478968031408,49.02771052587305,47.54936880090384,42.06393718452047,-11.259165629490276,33.70018286139523,4.655075715086932,1701,551,Low Priority,1708,549,267,,,,14.487340266666669,-7.527457333333333,87.32594066666667,2225.526573333333,6.591872266666667,5.355352133333334,-1.5383844,Soft-Speed Separation,0,pitch_type_specific,Four-Seam
"Johnston, Spencer",800918.0,DOW_EAS1,Curveball,R,41,19,30.03492368629044,57.82422576314357,38.37171430934637,5.32809871003926,49.7128296283525,49.94001075625609,54.935501962983736,-11.341115319006128,33.581544855913265,4.598990465507572,1702,188,Low Priority,1689,186,97,2.572073220075808,Balanced,Balanced Weapon,-4.889148648648649,-6.077625675675676,74.41917702702703,2132.014268918919,5.703102702702703,6.434063783783784,1.759636216216216,Tight High-Spin Breakers,1,pitch_type_specific,Curveball
"Parra, Andres",800365.0,LAK_ERI24,Slider,R,100,56,46.45831625017619,32.33334555598876,42.22082504191996,14.862591138530568,53.58345654602376,63.44610490749629,89.14750420639372,-11.362631504103803,33.55039602178528,4.542905215928211,1703,350,Development Target,1519,347,199,-6.806306200180799,LHH,Left-Handed Killer,2.8346978260869564,1.9820952795031053,79.58493440993789,2288.452653416149,5.705054844720497,4.969709937888198,-2.358585217391304,Tight High-Spin Breakers,1,pitch_type_specific,Slider
"Lawson, Nathan",1000569348.0,FLO_Y'A,Slider,R,25,23,31.366822084145703,70.32734287623367,43.05497832177209,18.003365114974763,54.42079174434674,66.3678868992109,93.97083567021872,-11.365813422574647,33.54578958015973,4.48681996634885,1704,351,Development Target,1463,343,197,9.620541066662405,RHH,Right-Handed Killer,6.943994444444445,-2.4856320634920634,83.06975126984128,2434.81176031746,5.791658730158731,5.479889523809524,1.7766319047619046,Tight High-Spin Breakers,1,pitch_type_specific,Slider
"Albert, Wes",670784.0,DOW_EAS1,Slider,R,53,22,31.023360004555407,61.26992117910783,40.09732835692114,8.749298934380258,51.50832603365587,56.20518278498539,74.9298934380258,-11.41099767673473,33.480376644193626,4.430734716769489,1705,352,Development Target,1628,360,207,,,,5.740055846153847,-1.425188,80.62336123076922,1823.181015384616,5.706399384615384,6.049933076923077,1.4521032307692308,Tight High-Spin Breakers,1,pitch_type_specific,Slider
"Gwin, Riley",1000429384.0,QUE_CAP,Changeup,L,25,17,34.80775730945598,45.87464194320586,38.12782269958094,4.879416713404375,49.59348120059639,49.52355855449073,53.30902972518228,-11.465658501015454,33.401244542425125,4.374649467190129,1706,218,Low Priority,1697,215,119,0.9042798260720346,Balanced,Balanced Weapon,13.006262307692309,-10.664403461538464,82.82483576923076,1783.840155,6.252548653846153,5.7063190384615385,-0.957646346153846,Soft-Speed Separation,0,pitch_type_specific,Changeup
"Reeves, Cobe",802696.0,NEW_YOR13,Slider,R,38,14,43.11857911973382,34.55786302542886,40.550364291442335,10.095344924284912,52.02370705604285,58.0035438154277,78.51934941110488,-11.473342764600517,33.39012008654597,4.318564217610768,1707,353,Development Target,1604,358,205,,,,0.1530349999999999,2.997075967741936,83.08225903225807,2196.379126451613,5.816776290322581,6.09839370967742,-1.2791770967741936,Tight High-Spin Breakers,1,pitch_type_specific,Slider
"Moreno, Jose",1000306184.0,DOW_EAS1,Slider,R,34,19,29.17827717738368,69.21002210761601,41.187800656453376,11.833987661245091,52.70842983345722,60.39280284141029,82.50140213123949,-11.52062917700384,33.321663870456916,4.262478968031408,1708,354,Development Target,1573,355,203,,,,5.225457199999999,-0.6529396000000002,83.4259952,2306.970126,5.5732998,5.8659466,2.3165892,Tight High-Spin Breakers,1,pitch_type_specific,Slider
"Eldred, Zach",1000227712.0,NEW_ENG23,Curveball,L,67,14,35.716546584835484,40.66690073573207,37.20165283010446,3.3090297251822767,48.790446967668686,46.72146571855397,37.99775659001682,-11.588794137564228,33.2229819228813,4.2063937184520475,1709,189,Low Priority,1725,191,91,4.947141190632536,RHH,Balanced Weapon,-10.039713894736842,-12.386075894736845,77.6338894736842,2500.1536147368424,5.834946631578948,5.813401052631579,1.413398842105263,Tight High-Spin Breakers,1,pitch_type_specific,Curveball
"Gartland, Chad",1000103698.0,TRI_VAL,Slider,R,119,47,33.48018746060373,60.76442108727424,41.66545754860488,12.955692652832305,53.323699989122034,62.53971517050057,86.96017947279864,-11.658242440517157,33.12244208929415,4.150308468872686,1710,355,Development Target,1553,351,202,6.841904329787859,RHH,Right-Handed Killer,5.80067886227545,-0.3846017964071856,82.74664724550898,2206.611754491018,6.088006047904192,5.132029221556887,2.011081736526946,Soft-Speed Separation,0,pitch_type_specific,Slider
"Smith, Donny",1000381366.0,JOL_SLA,Sinker,L,67,43,25.377007224187167,52.59570834527308,33.54261756051294,1.2899607403252944,45.28693563991808,34.49637793329015,6.421761076836792,-11.74431807940514,32.997830975102175,4.094223219293326,1711,296,Low Priority,1761,296,144,-4.035894868609635,LHH,Balanced Weapon,10.848161780821917,15.530591712328768,88.79334815068493,2123.575391780822,5.764008082191781,5.724543424657534,2.4774877397260275,Soft-Speed Separation,0,pitch_type_specific,Sinker
"Brodsky, Jack",1000302079.0,WAS_WIL3,Slider,R,50,21,32.70935286957133,71.23331874062387,44.266542630887095,22.26584408300617,56.01416938529803,71.92778944081692,98.48569826135729,-11.747626754410938,32.9930410289072,4.038137969713965,1712,356,Development Target,1387,331,192,,,,-0.9032647272727272,-11.242794545454544,79.11987581818182,2585.829396363636,5.527686727272727,5.380730909090909,1.6114067272727273,Tight High-Spin Breakers,1,pitch_type_specific,Slider
"Beriguete, Randy",691335.0,LAK_ERI24,Four-Seam,L,35,21,30.14189421207864,48.44097083994766,35.63161720043934,2.3555804823331465,47.58396873466847,42.5116028325369,20.61132922041503,-11.95235153422913,32.69666236421846,3.9820527201346048,1713,552,Low Priority,1742,552,269,3.7611173432608496,RHH,Balanced Weapon,11.64610843137255,7.330118627450981,93.30749323529412,2283.579348039216,6.474792647058823,5.911447156862746,1.7674236274509805,Soft-Speed Separation,0,pitch_type_specific,Four-Seam
"Smith, Donny",1000381366.0,JOL_SLA,Slider,L,37,10,43.34660735677027,37.969542115583536,41.73348778441425,13.123948401570388,53.70379895645142,63.866025494056245,89.76444195176668,-11.97031117203717,32.67066231929685,3.9259674705552436,1714,357,Development Target,1550,350,149,7.989325754470158,RHH,Right-Handed Killer,-2.396975,-5.369761212121213,78.45787833333334,2475.636813636364,5.158817424242424,5.62883409090909,2.559520909090909,Tight High-Spin Breakers,1,pitch_type_specific,Slider
"Nova, Fraynel",805843.0,LAK_ERI24,Curveball,R,34,14,33.23964955664101,49.52050984812872,38.123907644087325,4.8233314638250135,50.14374341267986,51.44363336468204,62.170499158721256,-12.019835768592536,32.59896589930625,3.8698822209758834,1715,190,Development Target,1698,187,98,0.8566025130748613,Balanced,Balanced Weapon,-4.444309264705883,-6.144034117647059,80.29169941176471,2299.8749661764705,5.585480735294118,5.803348823529412,1.4632845588235297,Tight High-Spin Breakers,1,pitch_type_specific,Curveball
"Townes, Holland",830218.0,SCH_BOO,Cutter,L,27,18,28.99056388355948,41.416495320518415,32.71834331464716,0.9534492428491308,44.8304076817428,32.90337769923542,4.3466068424004485,-12.112064367095641,32.465447187527744,3.8137969713965227,1716,77,Low Priority,1767,80,37,1.2996051957826469,Balanced,Balanced Weapon,3.352618860759494,-1.854489746835443,84.07018139240506,2151.438378481013,4.962555949367089,5.807204810126582,2.631658987341772,Tight High-Spin Breakers,1,pitch_type_specific,Cutter
"Encarnacion, J.D.",1000563022.0,EVA_OTT,Slider,L,65,48,43.51248816076176,36.05151736089408,41.27419692080146,12.170499158721256,53.40729324795618,62.83140394553298,87.52103196859225,-12.133096327154725,32.43499936267902,3.757711721817162,1717,358,Development Target,1567,353,151,2.886632080852713,Balanced,Balanced Weapon,2.467041818181818,-5.401181468531469,81.18388,2352.325237762238,5.432684895104895,5.194782027972028,2.460218461538461,Tight High-Spin Breakers,1,pitch_type_specific,Slider
"Webster, Evan",804248.0,FLO_Y'A,Curveball,L,40,13,26.6641640747979,44.29334749345077,31.95291910039376,0.7851934941110488,44.11594390570234,30.410340981385403,2.2153673583847446,-12.163024805308577,32.39167210938177,3.701626472237801,1718,191,Low Priority,1770,201,99,-0.6330854764935374,Balanced,Balanced Weapon,-2.967125523809524,4.658050666666667,73.59333095238095,1786.8325838095236,6.695291142857143,5.790871523809524,-2.3030888571428574,Tight High-Spin Breakers,1,pitch_type_specific,Curveball
"Bice, Emmett",828456.0,NEW_YOR13,Curveball,L,138,45,39.091359391601685,42.6950831249258,40.17247651159892,8.9736399326977,52.379658058982045,59.245592677584,80.3421200224341,-12.207181547383122,32.327746695640066,3.645541222658441,1719,192,Development Target,1624,182,87,3.758373700485386,RHH,Balanced Weapon,-10.335088457943924,-13.265031962616822,79.24506686915888,2997.9753191588784,5.588219953271028,6.176713598130841,1.31277023364486,Tight High-Spin Breakers,1,pitch_type_specific,Curveball
"Andueza, Axel",672847.0,DOW_EAS1,Splitter,L,83,21,36.392162259036056,39.39682421314495,37.29356084526872,3.4772854739203587,49.52259017460285,49.27619271636887,51.962983735277625,-12.229029329334125,32.296117811013595,3.58945597307908,1720,25,Low Priority,1722,27,16,-0.2567449372296408,Balanced,Balanced Weapon,3.8038395138888887,8.711059236111112,81.64630173611111,897.7829390277778,5.177889583333333,6.009385972222223,1.029256527777778,Soft-Speed Separation,0,pooled_fixed_effects,Pooled
"Andueza, Axel",672847.0,DOW_EAS1,Splitter,R,61,21,36.392162259036056,38.54100775571282,37.03681590803908,3.140773976444195,49.52259017460285,49.27619271636887,51.962983735277625,-12.485774266563766,31.924429919937147,3.5333707234997194,1721,26,Low Priority,1728,28,12,-0.2567449372296408,Balanced,Balanced Weapon,3.8038395138888887,8.711059236111112,81.64630173611111,897.7829390277778,5.177889583333333,6.009385972222223,1.029256527777778,Soft-Speed Separation,0,pooled_fixed_effects,Pooled
"Thiels, Brenton",816364.0,MIS_MUD,Cutter,R,28,13,39.77756785721198,48.78356546699538,42.479367140147,15.759955131800336,55.07898414354922,68.66457131296156,96.80314077397644,-12.599617003402223,31.759620567797864,3.4772854739203587,1722,78,Development Target,1503,69,38,,,,9.388899411764706,4.471438431372549,86.27479862745098,2311.3968156862743,6.840171764705883,6.420407843137255,2.597102156862745,Soft-Speed Separation,0,pitch_type_specific,Cutter
"Webster, Evan",804248.0,FLO_Y'A,Curveball,R,65,13,26.6641640747979,42.18306257180566,31.319833623900223,0.6730229949523275,44.11594390570234,30.410340981385403,2.2153673583847446,-12.796110281802115,31.475158591459728,3.4212002243409985,1723,193,Low Priority,1772,203,103,-0.6330854764935374,Balanced,Balanced Weapon,-2.967125523809524,4.658050666666667,73.59333095238095,1786.8325838095236,6.695291142857143,5.790871523809524,-2.3030888571428574,Tight High-Spin Breakers,1,pitch_type_specific,Curveball
"Gilleran, Jimmy",10103730.0,NEW_ENG23,Splitter,L,39,21,38.150136321632,41.82427984535267,39.2523793787482,7.122826696578801,52.05266329808693,58.10458319215708,78.6315199102636,-12.800283919338725,31.4691164449199,3.365114974761638,1724,27,Development Target,1657,25,14,,,,0.0358101724137931,7.651376551724137,79.08890896551723,1520.0804055172414,5.125031206896551,5.586660172413794,1.1358401724137932,Tight High-Spin Breakers,1,pooled_fixed_effects,Pooled
"Andueza, Axel",672847.0,DOW_EAS1,Slider,L,71,31,40.00239347126312,34.03152874907168,38.21113405460569,4.991587212563096,51.039576847152674,54.5695380222919,70.41503084688728,-12.828442792546987,31.428351036609214,3.3090297251822767,1725,359,Development Target,1695,368,161,6.971328058679752,RHH,Right-Handed Killer,-0.5813774590163935,-1.4900003278688525,80.71569934426229,2081.767250491803,5.214138852459016,6.017046721311475,1.0154234426229507,Tight High-Spin Breakers,1,pitch_type_specific,Slider
"Nova, Fraynel",805843.0,LAK_ERI24,Curveball,L,34,14,33.23964955664101,46.66516813787919,37.26730513101246,3.365114974761638,50.14374341267986,51.44363336468204,62.170499158721256,-12.876438281667397,31.358868295002544,3.252944475602917,1726,194,Development Target,1724,190,90,0.8566025130748613,Balanced,Balanced Weapon,-4.444309264705883,-6.144034117647059,80.29169941176471,2299.8749661764705,5.585480735294118,5.803348823529412,1.4632845588235297,Tight High-Spin Breakers,1,pitch_type_specific,Curveball
"Voytko, Fawster",1000207039.0,TRO_AIG,Curveball,L,44,27,32.041066078667896,43.8554397297774,35.585378174000745,2.299495232753786,48.47065440432167,45.60558744836672,32.0527201346046,-12.885276230320926,31.346073657133857,3.1968592260235558,1727,195,Low Priority,1743,194,94,4.180402541007062,RHH,Balanced Weapon,-7.208727021276595,-11.834206914893617,74.86113989361702,2337.5169670212767,6.037470319148936,6.122216170212766,1.616330319148936,Tight High-Spin Breakers,1,pitch_type_specific,Curveball
"Gorgen, Grady",1000138303.0,NEW_YOR13,Slider,L,66,34,32.10256816460201,57.05575456596715,39.58852408501155,7.571508693213685,52.54511142152962,59.822922588148266,81.85642176107683,-12.95658733651807,31.242837056020132,3.140773976444195,1728,360,Development Target,1649,363,156,-3.774755915982034,LHH,Balanced Weapon,1.4049638848920862,1.1467793525179857,83.02298633093525,2154.275890647482,5.980641294964029,5.352446618705036,-2.487961798561151,Tight High-Spin Breakers,1,pitch_type_specific,Slider
"Lawson, Nathan",1000569348.0,FLO_Y'A,Curveball,R,50,14,26.86815197197103,51.33665277229133,34.20870221206712,1.8508132361189005,47.17077423437346,41.06980956688252,16.741446999439148,-12.962072022306344,31.234896913885848,3.084688726864835,1729,196,Low Priority,1751,197,102,2.423385839661254,Balanced,Balanced Weapon,-15.931223580246916,-11.899886790123457,74.2374037037037,2381.198038271605,5.594997407407408,5.7214366666666665,1.5017030864197531,Tight High-Spin Breakers,1,pitch_type_specific,Curveball
"Blence, Connor",1000397550.0,WIN_CIT29,Slider,L,48,21,42.36345438168836,45.50141561171066,43.30484275069505,18.73247335950645,56.271611525447085,72.82610329469821,98.68199663488502,-12.966768774752033,31.228097457467026,3.0286034772854737,1730,361,Development Target,1450,342,146,9.07291313772668,RHH,Right-Handed Killer,3.7576898734177218,-4.933061772151899,79.49018126582278,2552.458512658228,5.971877721518988,5.1464522784810125,1.8440903797468355,Tight High-Spin Breakers,1,pitch_type_specific,Slider
"Salata, Derek",1000057774.0,SCH_BOO,Cutter,R,121,63,34.84074171686289,47.26847849714896,38.56906275094871,5.888951205832866,51.67203271797014,56.77641786874958,75.57487380818844,-13.10296996702143,31.030919922194226,2.9725182277061135,1731,79,Development Target,1679,77,42,1.1610899593845474,Balanced,Balanced Weapon,12.344785628140704,0.4132383919597989,87.5278827638191,2323.6079984924622,5.880657135678392,6.353891155778895,1.0453731658291456,Soft-Speed Separation,0,pitch_type_specific,Cutter
"Belton, Hunter",10294453.0,MIS_MUD,Changeup,L,40,13,32.10090192432175,53.51617865878655,38.52548494466119,5.664610207515423,51.62863805044433,56.624997316541474,75.37857543466069,-13.103153105783143,31.03065479346043,2.9164329781267524,1732,219,Development Target,1683,214,118,,,,11.38073381818182,13.899348000000002,80.96629854545455,2005.9941509090909,6.103409818181818,5.807629454545455,1.1127369090909092,Soft-Speed Separation,0,pitch_type_specific,Changeup
"Sabatine, Gino",1000229070.0,TRI_VAL,Slider,L,26,48,40.284725302781816,37.117020186868615,39.334413768007856,7.347167694896242,52.556928339881495,59.8641563250164,82.192933258553,-13.222514571873639,30.857856014697024,2.860347728547392,1733,362,Development Target,1653,365,158,6.6610241642319465,RHH,Right-Handed Killer,4.210606304347826,-3.5732639855072463,79.9349852173913,2321.761015217392,4.887013623188405,5.626147608695652,2.0917452173913045,Tight High-Spin Breakers,1,pitch_type_specific,Slider
"Godwin, Connor",802684.0,NEW_YOR13,Slider,L,42,19,43.37096851131302,40.12404390902468,42.396891130626514,15.42344363432417,55.78771598108982,71.1376071103677,98.23331463825014,-13.390824850463304,30.614194374586365,2.8042624789680315,1734,363,Development Target,1509,345,148,7.458028013997882,RHH,Right-Handed Killer,0.0053965591397849,-10.206982043010752,82.4243435483871,2535.119165591398,6.105867741935484,5.0952276344086025,2.834425376344086,Tight High-Spin Breakers,1,pitch_type_specific,Slider
"Duby, Bill",1000270408.0,NEW_JER6,Splitter,L,60,26,36.49310446287083,40.21360759048614,37.60925540115542,3.925967470555244,51.108330581696045,54.80944603506179,71.90128996074033,-13.499075180540622,30.457481111497636,2.748177229388671,1735,28,Development Target,1714,26,15,,,,5.872100256410256,3.460053076923077,78.90732307692308,957.9757065384616,6.1276030769230765,5.875669871794872,2.8068055128205125,Soft-Speed Separation,0,pooled_fixed_effects,Pooled
"McKillican, Adam",1000570064.0,QUE_CAP,Four-Seam,L,37,13,32.888659072630816,37.05713185451973,34.13920090719749,1.682557487380819,47.67512553943142,42.82968370518153,21.48065058889512,-13.535924632233929,30.404134412104074,2.69209197980931,1736,553,Low Priority,1754,555,272,,,,14.453615769230767,9.909615,88.66826115384615,2041.878225,6.701425192307692,5.953071538461539,1.645506923076923,Soft-Speed Separation,0,pitch_type_specific,Four-Seam
"Kostura, Brit",1000146015.0,WAS_WIL3,Slider,L,38,22,35.29209248299252,45.13235114067263,38.24417008029656,5.047672462142456,51.91707426457943,57.631461320331255,77.53785754346607,-13.67290418428287,30.205830050697603,2.6360067302299495,1737,364,Development Target,1694,367,160,-5.0055616787020725,LHH,Left-Handed Killer,-0.5963438461538462,5.192316307692308,74.78657476923078,2160.066166153846,5.091533846153847,5.030552461538462,-1.628704923076923,Tight High-Spin Breakers,1,pitch_type_specific,Slider
"Westcott, Zac",686170.0,FLO_Y'A,Changeup,R,68,78,42.25356522526481,37.08718628914993,40.70365154443034,10.375771172181716,54.38145121281367,66.23061277433473,93.40998317442512,-13.67779966838333,30.198742891820267,2.579921480650589,1738,220,Development Target,1599,209,95,-5.916512318282379,LHH,Left-Handed Killer,6.474995255102041,16.659901428571427,76.47350831632653,1914.5474619387755,5.725955867346939,5.741133418367348,1.899042448979592,Tight High-Spin Breakers,1,pitch_type_specific,Changeup
"Smith, Ethan",680733.0,WIN_CIT29,Changeup,L,45,17,26.670646224098725,62.26806698450467,37.34987245222051,3.58945597307908,51.11195119201491,54.82207972590609,72.0695457094784,-13.762078739794397,30.076732656087195,2.523836231071228,1739,221,Development Target,1720,221,122,,,,9.073606346153849,14.571873846153846,82.6722298076923,1999.9674442307687,6.381520192307692,5.802246346153846,2.1563153846153846,Soft-Speed Separation,0,pitch_type_specific,Changeup
"Rodriguez, Leonardo",673164.0,NEW_JER6,Slider,L,45,20,44.05313308081045,34.779534637806606,41.27105354790929,12.114413909141897,55.06855418779177,68.62817721778015,96.7190128996074,-13.797500639882479,30.025452613396876,2.467750981491868,1740,365,Development Target,1568,354,152,8.7398177326247,RHH,Right-Handed Killer,2.7036544897959187,-3.146238163265306,84.09554795918368,2605.921324489796,5.982053571428572,6.0782652040816325,2.523333673469388,Tight High-Spin Breakers,1,pitch_type_specific,Slider
"Duby, Bill",1000270408.0,NEW_JER6,Changeup,R,81,63,34.88016879718516,42.893713955861,37.28423234478791,3.4212002243409985,51.10576746075641,54.80050232814608,71.70499158721256,-13.821535115968501,29.99065806661463,2.4116657319125068,1741,222,Development Target,1723,222,100,1.3090836413344815,Balanced,Balanced Weapon,11.41384893258427,13.162537584269662,83.82821831460674,1941.277451685393,6.6162564606741565,5.438263539325843,3.054612921348314,Soft-Speed Separation,0,pitch_type_specific,Changeup
"Gregory, Ben",833406.0,GAT_GRI,Changeup,R,25,12,34.04453329861971,46.54032385460779,37.793270465416136,4.318564217610768,51.69661108862411,56.86218118182454,76.02355580482333,-13.903340623207974,29.87222879282886,2.3555804823331465,1742,223,Development Target,1707,218,97,-4.413218017760542,LHH,Balanced Weapon,8.644991022727273,13.697386931818182,81.96177488636364,1915.6716329545447,6.530301022727272,5.631716818181818,2.3600204545454546,Soft-Speed Separation,0,pitch_type_specific,Changeup
"Johnston, Spencer",800918.0,DOW_EAS1,Curveball,L,33,19,30.03492368629044,49.25064836289087,35.799641089270565,2.467750981491868,49.7128296283525,49.94001075625609,54.935501962983736,-13.913188539081936,29.857972032317093,2.299495232753786,1743,197,Low Priority,1740,193,93,2.572073220075808,Balanced,Balanced Weapon,-4.889148648648649,-6.077625675675676,74.41917702702703,2132.014268918919,5.703102702702703,6.434063783783784,1.759636216216216,Tight High-Spin Breakers,1,pitch_type_specific,Curveball
"Puccetti, Dominic",1000266076.0,OTT_TIT,Changeup,L,72,44,33.78878181338871,34.040818349830204,33.86439277432115,1.4582164890633762,48.07900542344087,44.23897472062909,26.66853617498598,-14.214612649119715,29.421602408096113,2.243409983174425,1744,224,Low Priority,1758,228,126,3.2972290430276345,RHH,Balanced Weapon,14.472767409326424,-6.614683886010363,84.36594683937824,1695.677184611399,5.456050569948187,6.885356839378238,-0.8222104663212435,Soft-Speed Separation,0,pitch_type_specific,Changeup
"Salata, Derek",1000057774.0,SCH_BOO,Cutter,L,78,63,34.84074171686289,43.39817863253379,37.40797279156416,3.757711721817162,51.67203271797014,56.77641786874958,75.57487380818844,-14.264059926405977,29.35001792268301,2.1873247335950645,1745,80,Development Target,1717,78,36,1.1610899593845474,Balanced,Balanced Weapon,12.344785628140704,0.4132383919597989,87.5278827638191,2323.6079984924622,5.880657135678392,6.353891155778895,1.0453731658291456,Soft-Speed Separation,0,pitch_type_specific,Cutter
"Plumadore, Carson",1000207816.0,WIN_CIT29,Curveball,L,46,21,30.62793002763867,40.43467244604805,33.56995275316148,1.346045989904655,47.9574825061563,43.8149348952237,24.369040942232196,-14.387529752994823,29.171271498501973,2.131239484015704,1746,198,Low Priority,1760,199,97,3.9457022734487808,RHH,Balanced Weapon,0.604810900900901,-6.562245135135135,75.50847090090089,2489.4616738738737,5.582058828828829,4.293767477477477,4.030458198198198,Tight High-Spin Breakers,1,pitch_type_specific,Curveball
"Cosentino, Nick",700818.0,JOL_SLA,Four-Seam,L,54,27,34.9824432384659,32.20547555626662,34.149352933806114,1.79472798653954,48.68643445976406,46.35852639256186,35.4739203589456,-14.537081525957944,28.954766418794446,2.075154234436343,1747,554,Low Priority,1752,554,271,3.706601916758608,RHH,Balanced Weapon,16.941140119047617,11.14870011904762,90.52042095238096,2219.650622619048,5.48271869047619,6.174804047619047,1.803099404761905,Soft-Speed Separation,0,pitch_type_specific,Four-Seam
"Cameron, Wyatt",1000179557.0,SCH_BOO,Curveball,R,62,10,26.618963085772307,53.227071573998856,34.60139563224027,2.075154234436343,49.15889428865156,48.00711900232767,44.67190128996074,-14.55749865641129,28.92520867856431,2.0190689848569825,1748,199,Low Priority,1747,195,101,0.7052749340954918,Balanced,Balanced Weapon,-13.509119357798165,-9.739935963302752,81.13361513761468,2296.2515633027524,5.243387706422019,5.685811467889908,1.3693156880733943,Tight High-Spin Breakers,1,pitch_type_specific,Curveball
"Rybarczyk, Ty",1000084463.0,JOL_SLA,Four-Seam,L,46,14,30.39025247415364,47.44525466451322,35.50675313126151,2.243409983174425,50.225880793326965,51.73024202523036,62.5350532809871,-14.719127662065453,28.6912194716237,1.9629837352776218,1749,555,Development Target,1744,553,270,,,,18.951962,11.688086666666669,91.2967135,2308.903646666666,5.501394333333334,5.424913833333333,1.3472491666666668,Soft-Speed Separation,0,pitch_type_specific,Four-Seam
"Foy, Corbin",813822.0,LAK_ERI24,Sinker,L,43,11,28.49513214697504,44.244571816238434,33.219964047754054,1.065619742007852,48.01220901618114,44.00589656956893,25.68704430734717,-14.792244968427084,28.585368046875107,1.9068984856982614,1750,297,Low Priority,1765,297,145,,,,11.421206842105263,13.174307368421053,91.76157684210528,2242.8860736842107,6.327700350877193,5.307220701754385,1.7513445614035088,Soft-Speed Separation,0,pitch_type_specific,Sinker
"Kramer, Cameron",1000249123.0,TRO_AIG,Sinker,L,38,25,30.408015303324863,35.90727600892897,32.0577935150061,0.8412787436904094,46.95717978824332,40.32449704749579,14.554122265844082,-14.899386273237226,28.430260312086784,1.8508132361189005,1751,298,Low Priority,1769,298,146,4.327658593289897,RHH,Balanced Weapon,13.147353623188408,16.045647246376813,90.54128130434782,2251.3984,6.250466376811594,5.884431739130434,2.7272404347826087,Soft-Speed Separation,0,pitch_type_specific,Sinker
"Givens-Craig, Hayden",1000146243.0,SUS_COU1,Changeup,R,56,21,28.03061999503929,54.06691803349819,35.84150940657696,2.579921480650589,50.79868839027742,53.72898628540128,67.77902411665731,-14.957178983700459,28.34659420009464,1.79472798653954,1752,225,Development Target,1738,225,102,1.4887407856468895,Balanced,Balanced Weapon,8.175955555555555,12.53758888888889,79.92095547619047,1655.8474293650793,5.761660873015874,5.571191587301588,0.936355,Soft-Speed Separation,0,pitch_type_specific,Changeup
"Simpson, Garret",1000073158.0,EVA_OTT,Slider,L,53,39,39.78455876183517,33.2733321383551,37.83119077479115,4.430734716769489,52.938259615026,61.19476664072536,83.87549074593382,-15.107068840234845,28.1295996791114,1.7386427369601793,1753,366,Development Target,1705,369,162,9.65186822324624,RHH,Right-Handed Killer,-2.047561582733813,-6.161272086330936,80.73323676258993,2431.2523474820146,5.118866043165467,5.512146978417267,2.063364964028777,Tight High-Spin Breakers,1,pitch_type_specific,Slider
"Duby, Bill",1000270408.0,NEW_JER6,Changeup,L,97,63,34.88016879718516,38.5301018180794,35.97514870345343,2.636006730229949,51.10576746075641,54.80050232814608,71.70499158721256,-15.130618757302983,28.09550662510795,1.682557487380819,1754,226,Development Target,1737,224,123,1.3090836413344815,Balanced,Balanced Weapon,11.41384893258427,13.162537584269662,83.82821831460674,1941.277451685393,6.6162564606741565,5.438263539325843,3.054612921348314,Soft-Speed Separation,0,pitch_type_specific,Changeup
"Hickey, Matt",806277.0,GAT_GRI,Changeup,L,43,20,31.9753625704504,39.20375807431529,34.14388122160987,1.7386427369601791,49.28094596671242,48.43300387582993,46.77509814918676,-15.137064745102556,28.086174812621287,1.6264722378014584,1755,227,Low Priority,1753,227,125,,,,3.576321551724138,10.127599655172412,81.91951189655173,1518.675453448276,5.50357,5.102745172413793,2.619091034482759,Soft-Speed Separation,0,pitch_type_specific,Changeup
"Cameron, Wyatt",1000179557.0,SCH_BOO,Curveball,L,47,10,26.618963085772307,50.87615512701388,33.89612069814478,1.5143017386427369,49.15889428865156,48.00711900232767,44.67190128996074,-15.262773590506782,27.904186976202293,1.5703869882220975,1756,200,Low Priority,1757,198,96,0.7052749340954918,Balanced,Balanced Weapon,-13.509119357798165,-9.739935963302752,81.13361513761468,2296.2515633027524,5.243387706422019,5.685811467889908,1.3693156880733943,Tight High-Spin Breakers,1,pitch_type_specific,Curveball
"Miranda, Agnel",695064.0,NEW_JER6,Four-Seam,L,26,17,26.470901133352363,50.882083088520695,33.79425571990286,1.4021312394840155,49.05956024769296,47.66050463257663,42.68087492989344,-15.2653045277901,27.900522955593225,1.5143017386427369,1757,556,Low Priority,1759,556,273,,,,15.5987666,9.77824,91.3725724,2185.517776,7.4492486,5.8697262,2.6491128,Soft-Speed Separation,0,pitch_type_specific,Four-Seam
"Catrambone, Ben",1000565186.0,JOL_SLA,Slider,L,38,30,32.782571960458725,42.74551289862949,35.77145424190995,2.4116657319125068,51.09418879265925,54.76009993732091,71.48065058889512,-15.322734550749303,27.817381903822124,1.4582164890633762,1758,367,Development Target,1741,372,163,7.581993945806346,RHH,Right-Handed Killer,2.630908888888889,-1.371464761904762,82.79783428571429,2278.994370634921,4.869232539682539,5.568654206349207,0.8438483333333333,Tight High-Spin Breakers,1,pitch_type_specific,Slider
"Thiels, Brenton",816364.0,MIS_MUD,Slider,L,47,15,36.29717605525404,47.65791796170448,39.70539862718917,7.795849691531127,55.06406501673477,68.61251278712166,96.60684240044868,-15.358666389545604,27.765363626348748,1.4021312394840157,1759,368,Development Target,1645,362,155,7.357476203194082,RHH,Right-Handed Killer,6.46357488372093,1.2534546511627906,83.18918744186047,2273.145709302325,6.722257093023256,6.524864651162791,2.653061511627907,Soft-Speed Separation,0,pitch_type_specific,Slider
"Eldred, Zach",1000227712.0,NEW_ENG23,Slider,L,99,43,39.4245116084803,39.19173437070013,39.35467843714625,7.403252944475602,54.719900358640224,67.41159097920145,94.98037016264722,-15.365221921493976,27.755873227546466,1.346045989904655,1760,369,Development Target,1652,364,157,6.048403235800379,RHH,Right-Handed Killer,1.436935792079208,-7.286492871287129,82.33705113861387,2422.096775247525,5.823491683168316,5.812858217821781,1.5575252475247523,Tight High-Spin Breakers,1,pitch_type_specific,Slider
"Lawson, Nathan",1000569348.0,FLO_Y'A,Curveball,L,31,14,26.86815197197103,43.25869997342048,31.785316372405862,0.7291082445316881,47.17077423437346,41.06980956688252,16.741446999439148,-15.385457861967598,27.726577794811757,1.2899607403252944,1761,201,Low Priority,1771,202,100,2.423385839661254,Balanced,Balanced Weapon,-15.931223580246916,-11.899886790123457,74.2374037037037,2381.198038271605,5.594997407407408,5.7214366666666665,1.5017030864197531,Tight High-Spin Breakers,1,pitch_type_specific,Curveball
"Miranda, Kevin",806656.0,OTT_TIT,Slider,R,52,21,26.232704082955934,62.713530455432895,37.176951994699024,3.252944475602917,52.588958821080055,59.97592289512994,82.36118900729107,-15.412006826381031,27.688143040461505,1.233875490745934,1762,370,Development Target,1726,370,208,8.436374999495943,RHH,Right-Handed Killer,3.493095,-0.3218630232558139,81.0403738372093,2211.278381395349,5.613316046511628,5.173999069767442,1.3631931395348835,Tight High-Spin Breakers,1,pitch_type_specific,Slider
"Smith, Donny",1000381366.0,JOL_SLA,Sinker,R,79,43,25.377007224187167,39.14272544990763,29.506722691903303,0.5047672462142456,45.28693563991808,34.49637793329015,6.421761076836792,-15.780212948014775,27.15509355442986,1.1777902411665733,1763,299,Low Priority,1775,299,153,-4.035894868609635,LHH,Balanced Weapon,10.848161780821917,15.530591712328768,88.79334815068493,2123.575391780822,5.764008082191781,5.724543424657534,2.4774877397260275,Soft-Speed Separation,0,pitch_type_specific,Sinker
"Westcott, Zac",686170.0,FLO_Y'A,Curveball,R,117,44,20.499058406272688,46.10282956657047,28.18018975436202,0.2804262478968031,44.297610188713776,31.044243957478624,2.776219854178352,-16.117420434351757,26.666920580877985,1.1217049915872126,1764,202,Low Priority,1779,206,105,1.80819325883008,Balanced,Balanced Weapon,-15.222359877300612,-9.16518208588957,67.09701552147239,1872.2270214723928,5.48063263803681,5.589307423312883,2.044855828220859,Tight High-Spin Breakers,1,pitch_type_specific,Curveball
"Givens-Craig, Hayden",1000146243.0,SUS_COU1,Changeup,L,70,21,28.03061999503929,49.10444874800856,34.35276862093007,2.0190689848569825,50.79868839027742,53.72898628540128,67.77902411665731,-16.44591976934735,26.191354338513023,1.065619742007852,1765,228,Development Target,1748,226,124,1.4887407856468895,Balanced,Balanced Weapon,8.175955555555555,12.53758888888889,79.92095547619047,1655.8474293650793,5.761660873015874,5.571191587301588,0.936355,Soft-Speed Separation,0,pitch_type_specific,Changeup
"Voytko, Fawster",1000207039.0,TRO_AIG,Slider,L,29,33,38.15094146447771,44.361418419770345,40.01408455106549,8.468872686483454,56.57682616010892,73.89111360950253,99.13067863151991,-16.562741609043435,26.02223215952543,1.0095344924284912,1766,371,Development Target,1633,361,154,9.480037296987554,RHH,Right-Handed Killer,1.6260239080459769,-11.340337931034483,78.81774379310345,2319.511910344828,6.186945862068965,6.0006368965517245,1.7329008045977012,Tight High-Spin Breakers,1,pitch_type_specific,Slider
"Gorgen, Grady",1000138303.0,NEW_YOR13,Slider,R,73,34,32.10256816460201,44.47323484602702,35.813768169029515,2.523836231071228,52.54511142152962,59.822922588148266,81.85642176107683,-16.731343252500103,25.778148712487948,0.9534492428491307,1767,372,Development Target,1739,371,209,-3.774755915982034,LHH,Balanced Weapon,1.4049638848920862,1.1467793525179857,83.02298633093525,2154.275890647482,5.980641294964029,5.352446618705036,-2.487961798561151,Tight High-Spin Breakers,1,pitch_type_specific,Slider
"Hargrove, Dawson",1000471986.0,LAK_ERI24,Curveball,L,38,20,32.79507721210087,37.63382511204148,34.24670158208305,1.9068984856982607,51.07152324524039,54.68101119434986,71.20022434099832,-16.824821663157344,25.6428206561949,0.89736399326977,1768,203,Development Target,1750,196,95,8.503834728088037,RHH,Right-Handed Killer,-6.82693756097561,-7.687491585365854,76.74602743902439,2243.159812195122,5.212740487804878,6.410011951219513,0.4783793902439024,Tight High-Spin Breakers,1,pitch_type_specific,Curveball
"Anderson, Colt",1000568252.0,WAS_WIL3,Changeup,R,47,15,28.72581718189455,43.442094870281885,33.14070048841075,1.0095344924284912,50.137323661744034,51.42123240421464,61.97420078519349,-16.996623173333283,25.394104783975266,0.8412787436904094,1769,229,Development Target,1766,229,103,,,,7.360244137931034,-6.112535,79.2704848275862,1519.2015948275862,6.502164482758621,5.790519655172414,-2.623759827586207,Soft-Speed Separation,0,pitch_type_specific,Changeup
"Dima, Josh",1000098214.0,GAT_GRI,Sinker,L,37,17,20.939622971941624,44.68346835749451,28.062776587607487,0.2243409983174425,45.21028647959707,34.22891976748689,5.692652832305104,-17.147509891989586,25.175667112510514,0.7851934941110488,1770,300,Low Priority,1780,300,147,-1.1848551791208877,Balanced,Balanced Weapon,16.874360804597703,-13.019879770114944,89.90463862068965,1975.931008045977,6.175734482758621,6.244916896551724,-0.7600181609195402,Soft-Speed Separation,0,pitch_type_specific,Sinker
"Bice, Emmett",828456.0,NEW_YOR13,Sinker,R,60,18,21.85575730469985,41.87180998964659,27.86057311018387,0.1682557487380818,45.28103993517319,34.47580556993245,6.33763320246775,-17.42046682498932,24.7805092259477,0.7291082445316881,1771,301,Low Priority,1781,301,154,,,,7.453406615384615,12.245396923076925,88.51841507692308,2217.069026153846,5.965701846153847,6.008743076923078,1.570854,Soft-Speed Separation,0,pitch_type_specific,Sinker
"Westcott, Zac",686170.0,FLO_Y'A,Curveball,L,46,44,20.499058406272688,40.075518703803525,26.37199649553194,0.0560852495793606,44.297610188713776,31.044243957478624,2.776219854178352,-17.925613693181838,24.049211556952518,0.6730229949523275,1772,204,Low Priority,1783,207,102,1.80819325883008,Balanced,Balanced Weapon,-15.222359877300612,-9.16518208588957,67.09701552147239,1872.2270214723928,5.48063263803681,5.589307423312883,2.044855828220859,Tight High-Spin Breakers,1,pitch_type_specific,Curveball
"Gilleran, Jimmy",10103730.0,NEW_ENG23,Curveball,L,30,15,28.82555446529162,41.55556302042629,32.64455703183202,0.89736399326977,50.74013604845738,53.52467482417865,67.24621424565339,-18.095579016625358,23.803153919717225,0.616937745372967,1773,205,Development Target,1768,200,98,,,,-5.527874705882352,-5.404496470588235,75.53923588235294,2386.778962745098,5.05932862745098,5.780782549019608,1.0204270588235296,Tight High-Spin Breakers,1,pitch_type_specific,Curveball
"Dima, Josh",1000098214.0,GAT_GRI,Sinker,R,50,17,20.939622971941624,40.7339510937582,26.8779214084866,0.1121704991587212,45.21028647959707,34.22891976748689,5.692652832305104,-18.332365071110473,23.460360366794436,0.5608524957936063,1774,302,Low Priority,1782,302,155,-1.1848551791208877,Balanced,Balanced Weapon,16.874360804597703,-13.019879770114944,89.90463862068965,1975.931008045977,6.175734482758621,6.244916896551724,-0.7600181609195402,Soft-Speed Separation,0,pitch_type_specific,Sinker
"Gartland, Chad",1000103698.0,TRI_VAL,Slider,L,48,47,33.48018746060373,37.9580733213147,34.82355321881702,2.131239484015704,53.323699989122034,62.53971517050057,86.96017947279864,-18.500146770305015,23.21746394746188,0.5047672462142456,1775,373,Development Target,1746,373,164,6.841904329787859,RHH,Right-Handed Killer,5.80067886227545,-0.3846017964071856,82.74664724550898,2206.611754491018,6.088006047904192,5.132029221556887,2.011081736526946,Soft-Speed Separation,0,pitch_type_specific,Slider
"Kostura, Brit",1000146015.0,WAS_WIL3,Slider,R,27,22,35.29209248299252,28.447145544999103,33.23860840159449,1.1217049915872126,51.91707426457943,57.631461320331255,77.53785754346607,-18.678465862984943,22.959312615591262,0.448681996634885,1776,374,Development Target,1764,376,210,-5.0055616787020725,LHH,Left-Handed Killer,-0.5963438461538462,5.192316307692308,74.78657476923078,2160.066166153846,5.091533846153847,5.030552461538462,-1.628704923076923,Tight High-Spin Breakers,1,pitch_type_specific,Slider
"Nabholz, Nate",1000113106.0,TRI_VAL,Four-Seam,R,39,26,20.0,52.66099856029976,29.798299568089927,0.5608524957936063,49.439409588339856,48.98594391339219,49.77565900168256,-19.64111002024993,21.565699247663936,0.3925967470555244,1777,557,Low Priority,1774,557,284,1.5608902682879275,Balanced,Balanced Weapon,18.5375298989899,10.290624141414142,91.21132262626264,2088.1306292929294,5.745988585858586,6.2800567676767685,0.8483969696969696,Soft-Speed Separation,0,pitch_type_specific,Four-Seam
"Garbrick, Alex",687885.0,LAK_ERI24,Slider,L,33,18,32.198717131362365,35.989389502059794,33.335918842571594,1.1777902411665733,52.99249718336585,61.384022210976255,84.54851374088615,-19.656578340794255,21.543305865719766,0.33651149747616377,1778,375,Development Target,1763,375,166,10.706623320506168,RHH,Right-Handed Killer,1.870724366197183,-3.302801971830986,82.91832647887324,2559.531829577465,5.054249718309859,5.499349295774648,1.954170281690141,Tight High-Spin Breakers,1,pitch_type_specific,Slider
"Lawson, Nathan",1000569348.0,FLO_Y'A,Slider,L,38,23,31.366822084145703,38.258872654025645,33.434437255109685,1.233875490745934,54.42079174434674,66.3678868992109,93.97083567021872,-20.98635448923705,20.0,0.28042624789680315,1779,376,Development Target,1762,374,165,9.620541066662405,RHH,Right-Handed Killer,6.943994444444445,-2.4856320634920634,83.06975126984128,2434.81176031746,5.791658730158731,5.479889523809524,1.7766319047619046,Tight High-Spin Breakers,1,pitch_type_specific,Slider
"Nabholz, Nate",1000113106.0,TRI_VAL,Four-Seam,L,60,26,20.0,47.45803099933999,28.237409299802,0.3365114974761637,49.439409588339856,48.98594391339219,49.77565900168256,-21.202000288537857,20.0,0.2243409983174425,1780,558,Low Priority,1778,558,274,1.5608902682879275,Balanced,Balanced Weapon,18.5375298989899,10.290624141414142,91.21132262626264,2088.1306292929294,5.745988585858586,6.2800567676767685,0.8483969696969696,Soft-Speed Separation,0,pitch_type_specific,Four-Seam
"Lovin, Xander",815234.0,GAT_GRI,Curveball,R,31,18,25.327249198449685,41.99837403708756,30.328586650041046,0.616937745372967,52.82629409538195,60.80407622230732,83.14638250140213,-22.4977074453409,20.0,0.16825574873808188,1781,206,Development Target,1773,204,104,0.9484908049997074,Balanced,Balanced Weapon,-9.070941333333334,-12.134774933333333,76.75230773333332,2620.1815333333334,4.6397196,6.113661333333334,0.6506041333333333,Tight High-Spin Breakers,1,pitch_type_specific,Curveball
"Lovin, Xander",815234.0,GAT_GRI,Curveball,L,44,18,25.327249198449685,38.83673802042186,29.38009584504134,0.448681996634885,52.82629409538195,60.80407622230732,83.14638250140213,-23.446198250340608,20.0,0.11217049915872125,1782,207,Development Target,1776,205,101,0.9484908049997074,Balanced,Balanced Weapon,-9.070941333333334,-12.134774933333333,76.75230773333332,2620.1815333333334,4.6397196,6.113661333333334,0.6506041333333333,Tight High-Spin Breakers,1,pitch_type_specific,Curveball
"Miranda, Kevin",806656.0,OTT_TIT,Slider,L,34,21,26.232704082955934,34.59228045711309,28.74057699520308,0.3925967470555244,52.588958821080055,59.97592289512994,82.36118900729107,-23.848381825876974,20.0,0.056085249579360626,1783,377,Development Target,1777,377,167,8.436374999495943,RHH,Right-Handed Killer,3.493095,-0.3218630232558139,81.0403738372093,2211.278381395349,5.613316046511628,5.173999069767442,1.3631931395348835,Tight High-Spin Breakers,1,pitch_type_specific,Slider
