pitcher_name,pitcher_id,pitcher_team,pitch_type,batter_side,pitch_count,average_location_advantage,median_location_advantage,average_grid_xwoba,league_average_pitch_type_side_xwoba,location_score_raw,location_score_20_80,location_score_0_100,overall_rank,pitch_type_side_rank
"Gilleran, Jimmy",10103730,NEW_ENG23,Slider,R,54,0.024717474866604243,0.023558402374943638,0.20832357210176264,0.2330410469683669,0.024717474866604243,80.0,100.0,1,1
"Wiltse, Ryan",813813,EVA_OTT,Slider,R,59,0.024592720016478876,0.013000610787458788,0.20844832695188803,0.2330410469683669,0.024592720016478876,80.0,99.93581514762516,2,2
"Garcia, Hector",815312,WAS_WIL3,Slider,R,36,0.024205770179615102,0.013768279894379745,0.20883527678875177,0.2330410469683669,0.024205770179615102,80.0,99.87163029525033,3,3
"Thompson, Ross",1000103401,SCH_BOO,Slider,R,181,0.023970605525038644,0.011643095326598296,0.20907044144332823,0.23304104696836686,0.023970605525038644,80.0,99.80744544287549,4,4
"Salata, Derek",1000057774,SCH_BOO,Slider,R,141,0.02274240725597202,0.0166511671827137,0.21029863971239487,0.2330410469683669,0.02274240725597202,80.0,99.74326059050064,5,5
"Perez, Kelvin",692487,WAS_WIL3,Slider,R,90,0.022737339069658566,0.010672577562601496,0.21030370789870834,0.23304104696836686,0.022737339069658566,80.0,99.6790757381258,6,6
"Smith, Ethan",680733,WIN_CIT29,Slider,R,30,0.02220672140743365,0.002414377602383694,0.21083432556093323,0.2330410469683669,0.02220672140743365,80.0,99.61489088575097,7,7
"Vailes, Gage",1000050773,GAT_GRI,Slider,R,177,0.0216056922928963,0.01209646832639219,0.2114353546754706,0.23304104696836692,0.0216056922928963,80.0,99.55070603337613,8,8
"Allemann, Braeden",1000367619,QUE_CAP,Slider,R,39,0.021391878161298165,0.007309047843442079,0.21164916880706874,0.2330410469683669,0.021391878161298165,80.0,99.48652118100128,9,9
"Kirby, Zach",813716,WAS_WIL3,Slider,R,126,0.021058131642673308,0.008334974680139579,0.21198291532569358,0.2330410469683669,0.021058131642673308,80.0,99.42233632862644,10,10
"Blair, Davis",836357,DOW_EAS1,Slider,R,61,0.021023336734707385,0.013000610787458788,0.2120177102336595,0.2330410469683669,0.021023336734707385,80.0,99.3581514762516,11,11
"Belton, Hunter",10294453,MIS_MUD,Slider,R,75,0.020988406619809215,0.00940223646309668,0.21205264034855767,0.2330410469683669,0.020988406619809215,80.0,99.29396662387676,12,12
"Albert, Wes",670784,TRI_VAL,Slider,R,25,0.020940303892712522,0.011643095326598296,0.21210074307565435,0.2330410469683669,0.020940303892712522,80.0,99.22978177150192,13,13
"Leak, Anthony",1000264276,NEW_YOR13,Slider,R,131,0.02074768165043356,0.011009007735441695,0.21229336531793333,0.2330410469683669,0.02074768165043356,79.82044958672662,99.16559691912708,14,14
"Helt, Robert",836007,LAK_ERI24,Slider,R,137,0.02065141759040956,0.004175638205204502,0.21238962937795733,0.2330410469683669,0.02065141759040956,79.64897499392514,99.10141206675225,15,15
"Finarelli, Nick",811104,LON_ISL22,Slider,R,31,0.020650898601136912,0.004115812297101701,0.21239014836722997,0.2330410469683669,0.020650898601136912,79.64805052144628,99.03722721437741,16,16
"Duncan, Tanner",677365,DOW_EAS1,Slider,R,28,0.020586266853283634,0.0,0.21245478011508326,0.2330410469683669,0.020586266853283634,79.53292237660773,98.97304236200257,17,17
"Nova, Fraynel",805843,LAK_ERI24,Slider,R,126,0.020509704880742562,0.014075955032104945,0.21253134208762434,0.2330410469683669,0.020509704880742562,79.3965429940813,98.90885750962772,18,18
"Perdomo, Rafael",1000557553,QUE_CAP,Slider,R,46,0.02043120639533358,0.010522665894847488,0.2126098405730333,0.23304104696836686,0.02043120639533358,79.25671411279703,98.84467265725289,19,19
"Gamelin, Shaun",815222,JOL_SLA,Slider,R,34,0.019923915848090584,0.015935573559441335,0.2131171311202763,0.2330410469683669,0.019923915848090584,78.35308050333933,98.78048780487805,20,20
"Moore, Kyle",1000517760,SCH_BOO,Slider,R,31,0.019449223245042575,0.00940223646309668,0.2135918237233243,0.2330410469683669,0.019449223245042575,77.50751341637827,98.71630295250321,21,21
"Estrella, Noah",805762,TRI_VAL,Four-Seam,R,48,0.019153441638198303,0.016140257028373545,0.222454374290877,0.2416078159290753,0.019153441638198303,76.98063941398166,98.65211810012838,22,1
"Smith, Donny",1000381366,JOL_SLA,Slider,R,29,0.018293429110819093,0.003652770323964688,0.21474761785754778,0.23304104696836686,0.018293429110819093,75.44870425666785,98.58793324775354,23,22
"Cameron, Wyatt",1000179557,SCH_BOO,Slider,R,50,0.018255225244901446,0.0,0.21478582172346544,0.2330410469683669,0.018255225244901446,75.38065193942673,98.52374839537869,24,23
"Delaney, Carter",1000039247,WIN_CIT29,Slider,R,40,0.018244692697390125,0.008742026152545837,0.21479635427097676,0.2330410469683669,0.018244692697390125,75.3618903757111,98.45956354300385,25,24
"Hagan, Jack",699522,DOW_EAS1,Slider,R,118,0.018163480772602863,0.011009007735441695,0.214877566195764,0.2330410469683669,0.018163480772602863,75.21722806113544,98.39537869062902,26,25
"Johnson, Preston",699980,MIS_MUD,Four-Seam,R,28,0.018036217272435866,0.016179460430620046,0.22357159865663942,0.2416078159290753,0.018036217272435866,74.9905343515185,98.33119383825417,27,2
"Encarnacion, J.D.",1000563022,EVA_OTT,Changeup,L,28,0.01796197982398164,0.012588516302820152,0.22451491034780105,0.2424768901717827,0.01796197982398164,74.85829562980723,98.26700898587933,28,1
"Maietta, Dante",1000137704,WIN_CIT29,Slider,R,38,0.01786889174828739,0.0007884774483895851,0.21517215522007951,0.2330410469683669,0.01786889174828739,74.69247839884517,98.20282413350449,29,26
"McCartney, Seth",823530,MIS_MUD,Slider,R,36,0.017844717009000137,0.0020579061485508504,0.21519632995936677,0.2330410469683669,0.017844717009000137,74.64941608073465,98.13863928112966,30,27
"O'Hanlon, Michael",1000061333,WAS_WIL3,Slider,R,45,0.017803807836522596,0.0,0.21523723913184428,0.23304104696836686,0.017803807836522596,74.57654481714277,98.0744544287548,31,28
"Delvecchio, Dylan",805203,LAK_ERI24,Four-Seam,R,25,0.01776207455354524,0.0208906620447476,0.22384574137553007,0.2416078159290753,0.01776207455354524,74.50220557045998,98.01026957637997,32,3
"Mercado, Nelson",683319,OTT_TIT,Four-Seam,R,42,0.017543455289049326,0.014531786369752747,0.22406436064002597,0.2416078159290753,0.017543455289049326,74.11278038572695,97.94608472400513,33,4
"Brothers, Kellen",1000131959,SUS_COU1,Four-Seam,R,100,0.017422174731096706,0.019226410028337595,0.22418564119797857,0.2416078159290753,0.017422174731096706,73.89674405519528,97.8818998716303,34,5
"Willeman, Landon",812254,EVA_OTT,Slider,R,59,0.017353404194424132,0.004115812297101701,0.21568764277394276,0.2330410469683669,0.017353404194424132,73.77424351065427,97.81771501925546,35,29
"Bargo, Casey",1000492781,NEW_ENG23,Slider,R,29,0.017313803139840163,0.013000610787458788,0.21572724382852673,0.23304104696836686,0.017313803139840163,73.70370238962111,97.75353016688062,36,30
"Smith, Jackson",1000333915,MIS_MUD,Changeup,L,51,0.016963944442445665,0.01125814786460791,0.22551294572933703,0.24247689017178267,0.016963944442445665,73.080501190141,97.68934531450579,37,2
"Heredia-Bustos, Rolando",837343,DOW_EAS1,Slider,R,227,0.01690202386006598,0.005840956978493378,0.2161390231083009,0.2330410469683669,0.01690202386006598,72.97020242810105,97.62516046213094,38,31
"Matos, Dwayne",684228,OTT_TIT,Slider,R,77,0.016817354672496294,0.004115812297101701,0.21622369229587057,0.2330410469683669,0.016817354672496294,72.81938171206512,97.5609756097561,39,32
"Lefebvre, Charles",1000429097,TRO_AIG,Slider,R,79,0.01664921974146697,0.005840956978493378,0.21639182722689992,0.2330410469683669,0.01664921974146697,72.51988396776915,97.49679075738126,40,33
"Castro, Alexander",669418,TRO_AIG,Slider,R,56,0.016437582759195917,0.009552148130850688,0.21660346420917098,0.2330410469683669,0.016437582759195917,72.14289628048878,97.43260590500643,41,34
"Villers, Ian",677351,QUE_CAP,Slider,R,52,0.016275851028796525,0.004115812297101701,0.2167651959395704,0.2330410469683669,0.016275851028796525,71.85480451907333,97.36842105263158,42,35
"Duby, Bill",1000270408,NEW_JER6,Slider,R,43,0.016237299072302317,0.0096690335011414,0.21680374789606457,0.23304104696836692,0.016237299072302317,71.78613215017577,97.30423620025674,43,36
"Cooper, Garrett",1000327042,NEW_YOR13,Slider,R,57,0.016219984287158075,0.009702059798604695,0.21682106268120882,0.23304104696836692,0.016219984287158075,71.75528942723936,97.24005134788189,44,37
"Bice, Emmett",828456,NEW_YOR13,Slider,R,127,0.01621413744504785,0.0096690335011414,0.21682690952331904,0.2330410469683669,0.01621413744504785,71.74487448245337,97.17586649550705,45,38
"Whitesell, Max",1000223610,FLO_Y'A,Slider,R,98,0.016186534354837478,0.005666161650967297,0.2168545126135294,0.2330410469683669,0.016186534354837478,71.69570526340415,97.11168164313221,46,39
"Bauer, Patrick",10998513,QUE_CAP,Slider,R,25,0.01617227473392012,0.009702059798604695,0.21686877223444675,0.2330410469683669,0.01617227473392012,71.67030468618252,97.04749679075738,47,40
"Hampton, Ky",673132,OTT_TIT,Slider,R,51,0.016141643562558594,0.0007129429076656868,0.2168994034058083,0.2330410469683669,0.016141643562558594,71.61574156433892,96.98331193838254,48,41
"Colon, Jeffrey",681738,TRO_AIG,Slider,R,50,0.016090289739196063,0.010355533767023195,0.21695075722917082,0.2330410469683669,0.016090289739196063,71.52426530676475,96.9191270860077,49,42
"Davis, Tyler",824623,WAS_WIL3,Four-Seam,L,48,0.016000044016434015,0.01773472473405799,0.23022687682316798,0.246226920839602,0.016000044016434015,71.36351114203453,96.85494223363287,50,1
"Bell, Jacob",1000200105,SCH_BOO,Slider,R,52,0.015921042110202163,0.0,0.2171200048581647,0.2330410469683669,0.015921042110202163,71.2227855202576,96.79075738125802,51,43
"Wehrle, Tyler",806332,WIN_CIT29,Four-Seam,L,80,0.015729024792948364,0.017812947462356232,0.23049789604665363,0.24622692083960201,0.015729024792948364,70.88074622460852,96.72657252888318,52,2
"Binns, Malik",702238,NEW_JER6,Four-Seam,R,48,0.015726834597814706,0.013382632222127294,0.22588098133126058,0.2416078159290753,0.015726834597814706,70.87684484315207,96.66238767650835,53,6
"Hargrove, Dawson",1000471986,LAK_ERI24,Curveball,R,26,0.01568726212965417,0.014507712641824905,0.23985352365190454,0.2555407857815587,0.01568726212965417,70.80635464294353,96.59820282413351,54,1
"Martinez, Mason",809209,TRI_VAL,Slider,R,89,0.015599604321811433,0.0,0.21744144264655546,0.23304104696836692,0.015599604321811433,70.65021031553871,96.53401797175867,55,44
"Dill, Austin",1000429156,TRI_VAL,Slider,R,60,0.015560478685467151,0.0,0.21748056828289972,0.2330410469683669,0.015560478685467151,70.58051605416472,96.46983311938384,56,45
"Almonte, Dawil",805044,EVA_OTT,Slider,R,36,0.01552470929979193,0.007600929247665228,0.21751633766857495,0.2330410469683669,0.01552470929979193,70.51680026197926,96.40564826700898,57,46
"Hickey, Matt",806277,GAT_GRI,Slider,R,63,0.015498967502114696,0.004115812297101701,0.2175420794662522,0.2330410469683669,0.015498967502114696,70.47094655215669,96.34146341463415,58,47
"Ginn, Landon",701061,WAS_WIL3,Four-Seam,R,59,0.015376190602107296,0.013044096272546796,0.226231625326968,0.2416078159290753,0.015376190602107296,70.2522447964968,96.27727856225931,59,7
"Campbell, AJ",1000132168,WIN_CIT29,Slider,R,180,0.015294010513663001,6.543180478255084e-05,0.2177470364547039,0.23304104696836686,0.015294010513663001,70.10585789780518,96.21309370988446,60,48
"Gardner, Sam",814217,GAT_GRI,Four-Seam,R,27,0.015209563667451268,0.022428052139970484,0.22639825226162402,0.2416078159290753,0.015209563667451268,69.95543323709674,96.14890885750962,61,8
"Langhorne, Miles",695680,SUS_COU1,Four-Seam,R,40,0.015189097455697987,0.0020109482516107863,0.2264187184733773,0.24160781592907526,0.015189097455697987,69.91897689684154,96.08472400513479,62,9
"Kaftan, Eddie",1000557510,FLO_Y'A,Slider,R,38,0.015181804037514153,0.00042190325861539424,0.21785924293085274,0.2330410469683669,0.015181804037514153,69.9059851747711,96.02053915275995,63,49
"Pardinho, Eric",672078,OTT_TIT,Slider,R,96,0.01511833531530563,0.0007129429076656868,0.21792271165306124,0.2330410469683669,0.01511833531530563,69.7929287205386,95.9563543003851,64,50
"Brothers, Kellen",1000131959,SUS_COU1,Four-Seam,L,134,0.015114601927809576,0.016327612871372188,0.2311123189117924,0.246226920839602,0.015114601927809576,69.78627845978193,95.89216944801026,65,3
"Cohn, Cooper",1000301881,NIU_HUS,Slider,R,27,0.015079336443394353,0.004115812297101701,0.21796171052497254,0.2330410469683669,0.015079336443394353,69.72346026388888,95.82798459563543,66,51
"Dill, Austin",1000429156,TRI_VAL,Changeup,L,107,0.015009328953200106,0.011304744754487506,0.22746756121858258,0.2424768901717827,0.015009328953200106,69.59875634145801,95.76379974326059,67,3
"Tiburcio, David",696010,DOW_EAS1,Slider,R,44,0.01500839529667339,0.008771395113882835,0.2180326516716935,0.23304104696836692,0.01500839529667339,69.59709322468635,95.69961489088575,68,52
"Gregory, Ben",833406,GAT_GRI,Changeup,L,34,0.014972167482390367,7.815406281469484e-05,0.2275047226893923,0.24247689017178267,0.014972167482390367,69.5325608363711,95.63543003851092,69,4
"Burcham, Jacob",1000122547,GAT_GRI,Changeup,L,49,0.014958909814164999,0.011304744754487506,0.2275179803576177,0.2424768901717827,0.014958909814164999,69.50894503147076,95.57124518613607,70,5
"Long, Maddox",1000248716,WAS_WIL3,Slider,R,137,0.014926181729952385,0.0,0.2181148652384145,0.2330410469683669,0.014926181729952385,69.4506466913412,95.50706033376123,71,53
"Perozzi, John",1000377762,SUS_COU1,Slider,R,62,0.014915845579645554,0.008792062587012636,0.21812520138872132,0.2330410469683669,0.014915845579645554,69.43223496878808,95.4428754813864,72,54
"Grounds, Jackson",805984,DOW_EAS1,Four-Seam,R,48,0.01485846238419805,0.01260330683408134,0.22674935354487724,0.2416078159290753,0.01485846238419805,69.3300186268786,95.37869062901156,73,10
"Chapple, Bronson",1000218472,TRO_AIG,Four-Seam,R,49,0.014722377808782524,0.016383507211693182,0.22688543812029277,0.2416078159290753,0.014722377808782524,69.0876119888236,95.31450577663672,74,11
"Primeaux, Parker",1000101108,SUS_COU1,Slider,R,30,0.01467105633502944,0.0004320059945567417,0.21836999063333745,0.2330410469683669,0.01467105633502944,68.99619335541475,95.25032092426187,75,55
"Cohn, Cooper",1000301881,NIU_HUS,Four-Seam,R,38,0.014481831313701347,0.007019022082086393,0.22712598461537395,0.24160781592907532,0.014481831313701347,68.65912795975203,95.18613607188703,76,12
"Kalisky, Jack",1000571646,OTT_TIT,Four-Seam,R,29,0.014442850476626726,0.019314824588693297,0.22716496545244855,0.2416078159290753,0.014442850476626726,68.58969162844869,95.1219512195122,77,13
"O'Dell, Casey",1000220727,JOL_SLA,Four-Seam,R,37,0.014357487693816728,0.022428052139970484,0.22725032823525856,0.2416078159290753,0.014357487693816728,68.43763541537085,95.05776636713735,78,14
"Hampton, Ky",673132,OTT_TIT,Changeup,L,116,0.014332561982610558,0.014196867889059994,0.22814432818917216,0.2424768901717827,0.014332561982610558,68.39323539548492,94.99358151476251,79,6
"Parsons, Billy",698892,SUS_COU1,Four-Seam,L,171,0.014325619985712143,0.014199765124198682,0.23190130085388985,0.246226920839602,0.014325619985712143,68.38086965804264,94.92939666238767,80,4
"Vail, Tyler",592821,NEW_YOR13,Slider,R,121,0.014159072747870451,0.00409473429068169,0.21888197422049646,0.2330410469683669,0.014159072747870451,68.08420006210001,94.86521181001284,81,56
"Albert, Wes",670784,TRI_VAL,Four-Seam,R,54,0.014115329518163909,0.018068681987359794,0.22749248641091138,0.2416078159290753,0.014115329518163909,68.00628050936265,94.801026957638,82,15
"Pindel, Buddie",1000054422,SCH_BOO,Slider,R,122,0.014093943385249654,0.002414377602383694,0.21894710358311723,0.2330410469683669,0.014093943385249654,67.9681855190604,94.73684210526315,83,57
"Petschke, Ben",814386,EVA_OTT,Slider,R,84,0.014090995363410515,0.008181888710928592,0.21895005160495637,0.2330410469683669,0.014090995363410515,67.96293422543835,94.67265725288831,84,58
"Turner, Eric",1000080978,JOL_SLA,Slider,R,85,0.014065938752749273,0.0,0.2189751082156176,0.2330410469683669,0.014065938752749273,67.91830103513814,94.60847240051348,85,59
"Hicks, Jackson",703104,DOW_EAS1,Changeup,L,25,0.014051921885956444,0.0,0.22842496828582626,0.2424768901717827,0.014051921885956444,67.89333287438268,94.54428754813864,86,7
"Godwin, Connor",802684,NEW_YOR13,Slider,R,51,0.014025620016482939,0.0,0.21901542695188395,0.2330410469683669,0.014025620016482939,67.8464815120283,94.4801026957638,87,60
"Reeves, Cobe",802696,NEW_YOR13,Four-Seam,R,34,0.013966426640493688,0.003738095490241136,0.2276413892885816,0.2416078159290753,0.013966426640493688,67.7410407063759,94.41591784338897,88,16
"Binns, Malik",702238,NEW_JER6,Slider,R,26,0.013896894310171808,0.0021233379533334013,0.2191441526581951,0.2330410469683669,0.013896894310171808,67.61718318337603,94.35173299101413,89,61
"Garcia, Hector",815312,WAS_WIL3,Curveball,R,27,0.013889783966443267,0.010457879067851311,0.24165100181511542,0.2555407857815587,0.013889783966443267,67.60451757073486,94.28754813863928,90,2
"Vilchez, Michael",699074,OTT_TIT,Slider,R,50,0.013837750529105878,0.010184954626139386,0.21920329643926104,0.2330410469683669,0.013837750529105878,67.5118307208631,94.22336328626444,91,62
"Harper, Scott",1000241275,NEW_YOR13,Slider,R,143,0.01381213420195637,0.0,0.21922891276641052,0.2330410469683669,0.01381213420195637,67.4662005109391,94.15917843388961,92,63
"Foster, Kobe",816330,WAS_WIL3,Four-Seam,L,133,0.013795104362069781,0.014199765124198682,0.23243181647753222,0.24622692083960196,0.013795104362069781,67.43586535928125,94.09499358151476,93,5
"Vega, Lucas",837223,TRO_AIG,Slider,R,84,0.013752510067819121,0.0,0.21928853690054778,0.2330410469683669,0.013752510067819121,67.35999239838102,94.03080872913992,94,64
"Bargo, Casey",1000057987,FLO_Y'A,Slider,R,48,0.013657383330530244,0.006759024380099191,0.21938366363783665,0.2330410469683669,0.013657383330530244,67.1905437117468,93.96662387676508,95,65
"Cameron, Zach",1000084075,WIN_CIT29,Four-Seam,R,50,0.013595190419485426,0.011701535194852397,0.2280126255095899,0.2416078159290753,0.013595190419485426,67.07975985228886,93.90243902439023,96,17
"Glickstein, Aaron",1000292360,SCH_BOO,Slider,R,27,0.013383139154950433,0.02512167139827079,0.21965790781341643,0.2330410469683669,0.013383139154950433,66.7020342064963,93.8382541720154,97,66
"Smith, Ben",814168,NEW_ENG23,Slider,L,33,0.013377832667231415,0.0,0.22351696519087338,0.2368947978581048,0.013377832667231415,66.69258179174672,93.77406931964056,98,1
"Rivera, Matthew",681344,NEW_ENG23,Four-Seam,R,25,0.01335970518478966,0.013044096272546796,0.22824811074428564,0.2416078159290753,0.01335970518478966,66.6602914159882,93.70988446726572,99,18
"Perez, Kelvin",692487,WAS_WIL3,Four-Seam,R,46,0.0133308668897973,0.0071584663049985425,0.228276949039278,0.24160781592907532,0.0133308668897973,66.60892193406866,93.64569961489089,100,19
"Culley, Wesley",1000189068,NEW_YOR13,Changeup,R,36,0.013220540035282573,0.008104463130483089,0.2364036589286573,0.2496241989639399,0.013220540035282573,66.41239736977887,93.58151476251605,101,1
"Burcham, Jacob",1000122547,GAT_GRI,Slider,R,69,0.013207960112190985,0.0007129429076656868,0.21983308685617592,0.23304104696836686,0.013207960112190985,66.38998882822072,93.51732991014121,102,67
"Sechrist, Zander",801415,WAS_WIL3,Sinker,L,32,0.013165386771663911,0.004298587229832257,0.2511147804607392,0.2642801672324031,0.013165386771663911,66.31415319206263,93.45314505776636,103,1
"Garcia, Jorge",1000221236,SUS_COU1,Changeup,L,34,0.013113092663174007,0.0,0.2293637975086087,0.24247689017178267,0.013113092663174007,66.22100201023022,93.38896020539153,104,8
"Petraitis, AJ",1000565940,LEM_COL,Four-Seam,R,29,0.013112675163506131,0.019314824588693297,0.22849514076556918,0.2416078159290753,0.013112675163506131,66.22025832057568,93.32477535301669,105,20
"Roitman, Justin",10319153,WAG_SEA,Four-Seam,R,40,0.01281299511720932,0.0,0.22879482081186597,0.24160781592907526,0.01281299511720932,65.68644005136215,93.26059050064185,106,21
"Thornton, Tyler",1000429124,NEW_ENG23,Slider,R,54,0.012748090446290812,0.0004320059945567417,0.22029295652207606,0.2330410469683669,0.012748090446290812,65.5708257503043,93.19640564826702,107,68
"Leach, Landon",667743,TRO_AIG,Sinker,R,44,0.012726223048046591,0.006285022258524009,0.24158397842230803,0.2543102014703546,0.012726223048046591,65.53187348495604,93.13222079589217,108,1
"Jones, Breyln",690202,NEW_JER6,Slider,R,50,0.012706417630184524,0.008792062587012636,0.22033462933818235,0.2330410469683669,0.012706417630184524,65.4965942128963,93.06803594351733,109,69
"Cerda, Junior",693702,EVA_OTT,Slider,R,34,0.012656687565485766,0.004115812297101701,0.22038435940288112,0.2330410469683669,0.012656687565485766,65.40801034689184,93.00385109114248,110,70
"Langrell, Connor",815223,MIS_MUD,Four-Seam,R,25,0.012656270795472477,0.016383507211693182,0.22895154513360283,0.2416078159290753,0.012656270795472477,65.40726795696665,92.93966623876764,111,22
"Marynczak, Arlo",837346,TRI_VAL,Changeup,L,75,0.012627952266751221,0.0,0.22984893790503147,0.2424768901717827,0.012627952266751221,65.35682433158865,92.8754813863928,112,9
"Simpson, Garret",1000073158,EVA_OTT,Curveball,R,37,0.01255251926058278,0.0009133473406829906,0.2429882665209759,0.2555407857815587,0.01255251926058278,65.22245597009112,92.81129653401797,113,3
"Hohenstein, Liam",,WIN_CIT29,Four-Seam,R,26,0.012490494892287938,0.003869642900862738,0.22911732103678736,0.2416078159290753,0.012490494892287938,65.11197233482291,92.74711168164313,114,23
"Nakata, Yuto",1000432352,QUE_CAP,Four-Seam,R,95,0.01245636549287164,0.013044096272546796,0.22915145043620364,0.2416078159290753,0.01245636549287164,65.05117784032507,92.6829268292683,115,24
"Morin, Jacob",822351,QUE_CAP,Slider,R,60,0.012417740864961224,0.004978384637797539,0.22062330610340566,0.2330410469683669,0.012417740864961224,64.98237602226965,92.61874197689345,116,71
"Smith, Ben",814168,NEW_ENG23,Four-Seam,L,40,0.01240863961376731,0.012150674316236232,0.23381828122583465,0.24622692083960201,0.01240863961376731,64.96616401810037,92.55455712451861,117,6
"Rodriguez, Joe Joe",689487,NEW_JER6,Four-Seam,R,36,0.012406655846119483,0.009235985017027687,0.2292011600829558,0.2416078159290753,0.012406655846119483,64.96263034468643,92.49037227214377,118,25
"Gartland, Chad",1000103698,TRI_VAL,Changeup,L,25,0.012369152381691197,0.004687661173319396,0.2301077377900915,0.2424768901717827,0.012369152381691197,64.89582564841784,92.42618741976894,119,10
"Garcia, Andrew",1000190083,EVA_OTT,Slider,R,143,0.012355477597481311,0.0,0.22068556937088557,0.2330410469683669,0.012355477597481311,64.87146683731581,92.3620025673941,120,72
"Gregory, Ben",833406,GAT_GRI,Slider,R,49,0.01235151436643044,0.0,0.22068953260193647,0.2330410469683669,0.01235151436643044,64.86440715761337,92.29781771501926,121,73
"Maietta, Dante",1000137704,WIN_CIT29,Changeup,L,114,0.01234711941418462,0.0,0.23012977075759808,0.2424768901717827,0.01234711941418462,64.8565784555355,92.23363286264443,122,11
"Harajli, Ahmad",800677,FLO_Y'A,Slider,R,49,0.012338615824366829,0.004115812297101701,0.22070243114400007,0.2330410469683669,0.012338615824366829,64.84143106199119,92.16944801026958,123,74
"Wehrle, Tyler",806332,WIN_CIT29,Four-Seam,R,156,0.012315344458873084,0.006824657902668688,0.2292924714702022,0.24160781592907532,0.012315344458873084,64.7999779182013,92.10526315789474,124,26
"Marklund, Brandon",647282,OTT_TIT,Slider,R,72,0.012296935215309846,0.0,0.22074411175305703,0.2330410469683669,0.012296935215309846,64.76718564304686,92.0410783055199,125,75
"Sanchez, Dikember",699129,LAK_ERI24,Slider,R,71,0.012225456060955672,0.0,0.22081559090741124,0.2330410469683669,0.012225456060955672,64.63986025407385,91.97689345314505,126,76
"Simone, Andrew",1000132681,TRO_AIG,Four-Seam,R,87,0.012191147376323604,0.006077931657580887,0.2294166685527517,0.2416078159290753,0.012191147376323604,64.57874639989637,91.91270860077022,127,27
"Herbert, Andrew",1000083218,WAS_WIL3,Four-Seam,L,35,0.012176211998511717,0.014199765124198682,0.23405070884109028,0.24622692083960201,0.012176211998511717,64.5521421009712,91.84852374839538,128,7
"Potteiger, Jack",1000565185,JOL_SLA,Slider,L,30,0.012163581577373263,0.005416155014295002,0.22473121628073153,0.2368947978581048,0.012163581577373263,64.52964360754501,91.78433889602053,129,2
"De Los Santos, Enmanuel",679735,NEW_ENG23,Four-Seam,R,95,0.012071453780859456,0.00496689156074509,0.22953636214821585,0.2416078159290753,0.012071453780859456,64.36553691612804,91.72015404364569,130,28
"Ferguson, Francis",823799,QUE_CAP,Four-Seam,L,51,0.012010169354112196,0.014199765124198682,0.2342167514854898,0.246226920839602,0.012010169354112196,64.25637133430092,91.65596919127086,131,8
"Davis, Tyler",824623,WIN_CIT29,Four-Seam,R,33,0.012001624188041675,8.326672684688674e-17,0.22960619174103364,0.2416078159290753,0.012001624188041675,64.24114988122697,91.59178433889602,132,29
"Okumura, Shuto",1000232749,WAS_WIL3,Slider,R,29,0.011987693488630881,0.0,0.221053353479736,0.23304104696836686,0.011987693488630881,64.21633520991236,91.52759948652118,133,77
"Gilleran, James",10103730,NEW_ENG23,Four-Seam,R,29,0.011947166430543384,0.002509299419737182,0.2296606494985319,0.2416078159290753,0.011947166430543384,64.14414460439184,91.46341463414635,134,30
"Igami, Chikara",807701,QUE_CAP,Changeup,L,33,0.01193531459793047,0.003642632334418,0.23054157557385224,0.24247689017178273,0.01193531459793047,64.1230330060368,91.39922978177151,135,12
"Drakeford, Dosie",836144,NEW_JER6,Slider,R,37,0.011913169211910567,0.0,0.22112787775645631,0.2330410469683669,0.011913169211910567,64.08358556273089,91.33504492939666,136,78
"O'Hanlon, Michael",1000061333,WAS_WIL3,Changeup,L,31,0.011799382737910761,0.00015630812562938967,0.23067750743387194,0.2424768901717827,0.011799382737910761,63.880898399000515,91.27086007702182,137,13
"Ortiz, Julio",683650,GAT_GRI,Slider,R,31,0.011798628302535386,0.0,0.22124241866583153,0.2330410469683669,0.011798628302535386,63.8795545277909,91.20667522464699,138,79
"Albert, Wes",670784,TRI_VAL,Changeup,L,38,0.011769444434816978,0.0023669704652778956,0.2307074457369657,0.2424768901717827,0.011769444434816978,63.82756947924693,91.14249037227215,139,14
"Thebiay, Nolan",1000338675,EVA_OTT,Slider,R,38,0.011759092202339923,0.0,0.22128195476602694,0.2330410469683669,0.011759092202339923,63.80912910962044,91.07830551989731,140,80
"Maryniak, Connor",831880,NEW_JER6,Curveball,R,59,0.011707636921677115,0.00475226310187532,0.24383314885988158,0.2555407857815587,0.011707636921677115,63.71747212676576,91.01412066752246,141,4
"Vecerka, Boris",807828,QUE_CAP,Slider,R,48,0.011699110505349742,0.0,0.22134193646301714,0.2330410469683669,0.011699110505349742,63.70228407249683,90.94993581514763,142,81
"Cerda, Junior",693702,EVA_OTT,Four-Seam,R,50,0.011682587677155146,0.01005421890061875,0.22992522825192016,0.2416078159290753,0.011682587677155146,63.672852057725265,90.88575096277279,143,31
"Fowler, Dalton",687096,SUS_COU1,Four-Seam,L,43,0.011682546464119724,0.013149612577127295,0.23454437437548228,0.246226920839602,0.011682546464119724,63.67277864519243,90.82156611039794,144,9
"Leak, Anthony",1000264276,NEW_YOR13,Changeup,L,51,0.011626286252510564,0.010351305752577894,0.23085060391927215,0.24247689017178267,0.011626286252510564,63.57256266765937,90.7573812580231,145,15
"Maryniak, Connor",831880,NEW_JER6,Slider,R,25,0.011581423778524407,0.0,0.2214596231898425,0.2330410469683669,0.011581423778524407,63.49264941179913,90.69319640564827,146,82
"Donnan, Blake",1000557509,FLO_Y'A,Slider,R,52,0.011539847012158098,0.0,0.22150119995620882,0.2330410469683669,0.011539847012158098,63.41858896721692,90.62901155327343,147,83
"Foster, Kobe",816330,WAS_WIL3,Four-Seam,R,220,0.0115258071927308,0.003738095490241136,0.2300820087363445,0.2416078159290753,0.0115258071927308,63.39357992107133,90.56482670089859,148,32
"Chabot, Henry",836182,LAK_ERI24,Slider,R,55,0.011492536331075533,0.004115812297101701,0.22154851063729136,0.2330410469683669,0.011492536331075533,63.33431473473834,90.50064184852374,149,84
"Hughes, Grif",835627,EVA_OTT,Four-Seam,R,27,0.011464064680337803,0.0,0.23014375124873748,0.2416078159290753,0.011464064680337803,63.28359835403072,90.4364569961489,150,33
"Thiels, Brenton",816364,MIS_MUD,Slider,R,39,0.011460509128269626,0.0,0.2215805378400973,0.2330410469683669,0.011460509128269626,63.2772648704552,90.37227214377407,151,85
"Marynczak, Arlo",837346,TRI_VAL,Slider,R,33,0.011453668801518636,0.007946997027204195,0.22158737816684823,0.2330410469683669,0.011453668801518636,63.265080237436784,90.30808729139923,152,86
"Perozzi, John",1000377762,SUS_COU1,Four-Seam,R,76,0.011392762417499319,0.0052460986956218425,0.23021505351157598,0.24160781592907532,0.011392762417499319,63.15658806085375,90.2439024390244,153,34
"Kirby, Zach",813716,WAS_WIL3,Changeup,L,119,0.011361427489405438,0.00422997828505059,0.23111546268237726,0.2424768901717827,0.011361427489405438,63.1007713413634,90.17971758664956,154,16
"Austin, Zack",813186,SUS_COU1,Slider,R,34,0.011357210602927518,0.003533145341424293,0.2216838363654394,0.2330410469683669,0.011357210602927518,63.09325982676998,90.11553273427471,155,87
"Scafidi, Christian",690280,LAK_ERI24,Slider,R,110,0.01134715760101916,0.0,0.2216938893673477,0.2330410469683669,0.01134715760101916,63.07535247476095,90.05134788189987,156,88
"Ryan, Dillon",1000132418,NEW_ENG23,Slider,R,54,0.011332316137159217,0.0,0.22170873083120768,0.2330410469683669,0.011332316137159217,63.04891546419515,89.98716302952504,157,89
"Aldeano, Austin",699054,TRO_AIG,Sinker,R,25,0.011327389182487492,0.01773139003405641,0.2429828122878671,0.2543102014703546,0.011327389182487492,63.04013910938656,89.9229781771502,158,2
"Sanders, Brayden",695550,MIS_MUD,Four-Seam,R,77,0.011302938160449501,0.005910030003611982,0.23030487776862577,0.24160781592907532,0.011302938160449501,62.99658465046908,89.85879332477535,159,35
"Carroll, Jake",1000088275,JOL_SLA,Curveball,L,29,0.011278133057724219,0.003303506717418997,0.23851084082155885,0.2497889738792831,0.011278133057724219,62.952399469746844,89.79460847240051,160,1
"Serratos, Oscar",8898893,WIN_CIT29,Four-Seam,R,44,0.011265842106418476,0.00814586330461664,0.23034197382265684,0.2416078159290753,0.011265842106418476,62.930505671897784,89.73042362002568,161,36
"Bauer, Patrick",10998513,QUE_CAP,Four-Seam,R,42,0.011240996666278725,0.003869642900862738,0.23036681926279656,0.2416078159290753,0.011240996666278725,62.88624863838106,89.66623876765082,162,37
"Kines, Gunnar",665129,JOL_SLA,Four-Seam,R,220,0.011228233397554542,0.003738095490241136,0.23037958253152074,0.2416078159290753,0.011228233397554542,62.86351350434714,89.60205391527599,163,38
"Zaffiro, Cole",10994263,SCH_BOO,Four-Seam,L,85,0.01122326037231022,0.013149612577127295,0.23500366046729176,0.246226920839602,0.01122326037231022,62.854655084303886,89.53786906290115,164,10
"Donnan, Blake",1000557509,FLO_Y'A,Sinker,R,84,0.011221458018055063,0.010794827974919652,0.24308874345229953,0.2543102014703546,0.011221458018055063,62.85144456147833,89.47368421052632,165,3
"House, Tristan",1000248636,MIS_MUD,Slider,R,39,0.011112002074617319,0.0,0.2219290448937496,0.2330410469683669,0.011112002074617319,62.65647134586691,89.40949935815148,166,90
"McEvoy, Aidan",1000079355,FLO_Y'A,Slider,L,65,0.011103901917335188,0.0,0.2257908959407696,0.2368947978581048,0.011103901917335188,62.64204258427889,89.34531450577664,167,3
"Turner, Eric",1000080978,JOL_SLA,Four-Seam,R,153,0.011069921779020792,0.011505134091860797,0.23053789415005452,0.2416078159290753,0.011069921779020792,62.58151396768671,89.28112965340179,168,39
"Phelps, Travis",1000568112,FLO_Y'A,Four-Seam,R,56,0.011038120231961315,0.004293615538659035,0.23056969569711397,0.2416078159290753,0.011038120231961315,62.52486606263137,89.21694480102695,169,40
"Alpern, Liam",1000137537,FLO_Y'A,Changeup,R,38,0.010992963899938143,0.0,0.23863123506400177,0.24962419896393992,0.010992963899938143,62.44442935921212,89.15275994865212,170,2
"Brito, Richard",695870,NEW_ENG23,Slider,R,36,0.010960637533940257,0.0036545239217210396,0.22208040943442664,0.2330410469683669,0.010960637533940257,62.38684659732927,89.08857509627728,171,91
"Noble, Nick",1000397875,FDU_KNI,Changeup,L,46,0.010937670067740478,0.007290642018814242,0.23153922010404224,0.2424768901717827,0.010937670067740478,62.345934787529146,89.02439024390245,172,17
"Gregory, Ben",833406,GAT_GRI,Four-Seam,R,73,0.01091623782963885,0.013260185970944305,0.23069157809943647,0.2416078159290753,0.01091623782963885,62.30775767033312,88.96020539152761,173,41
"Barker, Alex",1000106691,NEW_YOR13,Slider,L,59,0.010882245819630213,0.0,0.2260125520384746,0.2368947978581048,0.010882245819630213,62.24720790676319,88.89602053915276,174,4
"Barron, Oscar",10163170,TES_BLA2,Four-Seam,R,64,0.010860832703311481,0.0007367077026096819,0.2307469832257638,0.2416078159290753,0.010860832703311481,62.20906485108436,88.83183568677792,175,42
"Hargrove, Dawson",1000471986,LAK_ERI24,Four-Seam,R,71,0.010860802761401998,0.005910030003611982,0.23074701316767326,0.2416078159290753,0.010860802761401998,62.20901151574056,88.76765083440307,176,43
"Henderson, Drew",1000429021,DOW_EAS1,Changeup,L,83,0.010818484866718676,0.0,0.231658405305064,0.2424768901717827,0.010818484866718676,62.13363090373199,88.70346598202823,177,18
"Whitesell, Max",1000223610,FLO_Y'A,Changeup,L,38,0.010766380836315856,0.0,0.23171050933546683,0.2424768901717827,0.010766380836315856,62.04081830685614,88.6392811296534,178,19
"Campbell, Tyler",809429,MIS_MUD,Slider,L,80,0.010765452841732581,0.00879363538786905,0.22612934501637222,0.2368947978581048,0.010765452841732581,62.03916527567036,88.57509627727856,179,5
"Alpern, Liam",1000137537,FLO_Y'A,Four-Seam,L,86,0.010744143812205648,0.00903772036496979,0.23548277702739637,0.246226920839602,0.010744143812205648,62.00120762916953,88.51091142490372,180,11
"Moore, Kyle",1000517760,SCH_BOO,Four-Seam,L,93,0.010736125808106166,0.006744509127339093,0.2354907950314958,0.246226920839602,0.010736125808106166,61.98692520655307,88.44672657252889,181,12
"Gollert, Harley",1000114236,TRO_AIG,Changeup,R,93,0.010733691098969473,0.008579668646513883,0.23889050786497043,0.2496241989639399,0.010733691098969473,61.98258827376943,88.38254172015404,182,3
"Escobar, Anthony",678673,TRO_AIG,Changeup,L,100,0.010712983877521138,0.0,0.23176390629426155,0.2424768901717827,0.010712983877521138,61.94570262438981,88.3183568677792,183,20
"Alpern, Liam",1000137537,FLO_Y'A,Slider,L,38,0.010629670502592309,0.0,0.22626512735551246,0.23689479785810477,0.010629670502592309,61.7972970092799,88.25417201540436,184,6
"Castro, Alexander",669418,TRO_AIG,Four-Seam,R,54,0.010596886299237714,0.0030389658287904436,0.2310109296298376,0.2416078159290753,0.010596886299237714,61.738898704459295,88.18998716302953,185,44
"Parenteau, Matt",1000091037,EVA_OTT,Four-Seam,R,38,0.010511016853911226,0.0,0.23109679907516403,0.24160781592907532,0.010511016853911226,61.58593997647942,88.12580231065469,186,45
"Hensey, Rob",802996,SUS_COU1,Changeup,L,38,0.01050862509982009,0.0026551071707803936,0.23196826507196258,0.2424768901717827,0.01050862509982009,61.58167955926082,88.06161745827985,187,21
"Harris, Everette",810834,TRI_VAL,Slider,L,29,0.010490053618138874,0.0047268424423906885,0.22640474423996593,0.2368947978581048,0.010490053618138874,61.548598290319816,87.997432605905,188,7
"O'Dell, Casey",1000220727,JOL_SLA,Four-Seam,L,35,0.010436101217172667,0.0078411202096762,0.23579081962242934,0.24622692083960201,0.010436101217172667,61.452493202044536,87.93324775353017,189,13
"Campbell, AJ",1000132168,WIN_CIT29,Sinker,R,29,0.010414195449768779,0.008032985740968307,0.24389600602058584,0.2543102014703546,0.010414195449768779,61.413472589942266,87.86906290115533,190,4
"Wehrle, Tyler",806332,WIN_CIT29,Slider,R,93,0.010358667921608401,0.0,0.2226823790467585,0.23304104696836686,0.010358667921608401,61.31456173704244,87.8048780487805,191,92
"Maher, Adam",1000133555,TRI_VAL,Slider,L,47,0.010323011803153538,0.0,0.22657178605495126,0.2368947978581048,0.010323011803153538,61.251047707077305,87.74069319640564,192,8
"Armstrong, Andrew",803262,NEW_YOR13,Slider,L,60,0.010299264798837759,0.0036915407899678065,0.22659553305926705,0.2368947978581048,0.010299264798837759,61.208747310706244,87.67650834403081,193,9
"Hopewell, Chase",803045,FLO_Y'A,Slider,R,84,0.010281819456063232,0.0,0.22275922751230365,0.2330410469683669,0.010281819456063232,61.177672026245986,87.61232349165597,194,93
"Sabatine, Gino",1000229070,TRI_VAL,Slider,R,112,0.010263961870783657,6.543180478255084e-05,0.22277708509758323,0.2330410469683669,0.010263961870783657,61.14586241668381,87.54813863928112,195,94
"Valdez, Alex",677678,EVA_OTT,Slider,R,61,0.010247516928156224,0.0,0.22279353004021066,0.2330410469683669,0.010247516928156224,61.11656913900593,87.48395378690628,196,95
"Lawson, Nathan",1000569348,FLO_Y'A,Four-Seam,L,38,0.010222971000696938,0.011721202815702436,0.23600394983890507,0.24622692083960201,0.010222971000696938,61.07284562563068,87.41976893453145,197,14
"Huter, Blayne",1000145980,SUS_COU1,Changeup,L,30,0.010192039073560501,0.0027315896196941913,0.2322848510982222,0.2424768901717827,0.010192039073560501,61.01774676932892,87.35558408215661,198,22
"Dima, Josh",1000098214,GAT_GRI,Slider,L,71,0.010161933708979071,0.0,0.22673286414912572,0.2368947978581048,0.010161933708979071,60.964120263949305,87.29139922978177,199,10
"Mandler, Max",825993,TRI_VAL,Four-Seam,R,30,0.010151555707923214,0.0,0.2314562602211521,0.2416078159290753,0.010151555707923214,60.94563399290793,87.22721437740694,200,46
"Boies, Emiles",1000429129,QUE_CAP,Slider,R,54,0.010127899378422326,0.0,0.22291314758994454,0.2330410469683669,0.010127899378422326,60.903495115040826,87.16302952503209,201,96
"Kirby, Zach",813716,WAS_WIL3,Four-Seam,L,163,0.010112128016770021,0.010852689443918984,0.236114792822832,0.246226920839602,0.010112128016770021,60.87540168311431,87.09884467265725,202,15
"Cook, Cole",1000161363,SCH_BOO,Slider,L,102,0.010108262686206636,0.0008612483010385502,0.22678653517189815,0.2368947978581048,0.010108262686206636,60.868516392963095,87.03465982028241,203,11
"Calderon, Jean",703300,LAK_ERI24,Four-Seam,R,51,0.0100729855890373,8.326672684688674e-17,0.231534830340038,0.2416078159290753,0.0100729855890373,60.80567751134079,86.97047496790758,204,47
"Daly, Ryan",831333,JOL_SLA,Changeup,L,123,0.010063233538488387,0.0,0.23241365663329433,0.2424768901717827,0.010063233538488387,60.78830624218346,86.90629011553274,205,23
"Petschke, Ben",814386,EVA_OTT,Sinker,R,33,0.010051889859738865,0.008032985740968307,0.24425831161061576,0.2543102014703546,0.010051889859738865,60.76809981525777,86.8421052631579,206,5
"Gordillo, Lucas",808851,TRI_VAL,Four-Seam,R,82,0.010040645184056689,0.003738095490241136,0.2315671707450186,0.2416078159290753,0.010040645184056689,60.7480697419022,86.77792041078305,207,48
"Toribio, Noe",672848,TRO_AIG,Slider,R,89,0.010036531122871336,0.004115812297101701,0.22300451584549555,0.23304104696836692,0.010036531122871336,60.74074138938576,86.71373555840822,208,97
"Parra, Andres",800365,LAK_ERI24,Changeup,R,41,0.01002519425154416,0.0021294437974999914,0.23959900471239576,0.24962419896393992,0.01002519425154416,60.72054708848067,86.64955070603338,209,4
"Almanzar, Elian",687038,DOW_EAS1,Four-Seam,R,65,0.010004538460202436,0.0014734154052192805,0.23160327746887285,0.2416078159290753,0.010004538460202436,60.683753051241524,86.58536585365853,210,49
"Plumadore, Carson",1000207816,WIN_CIT29,Slider,R,65,0.01000428673217448,0.0,0.2230367602361924,0.2330410469683669,0.01000428673217448,60.683304649615,86.5211810012837,211,98
"Delaney, Carter",1000039247,WIN_CIT29,Four-Seam,R,67,0.009999927107884608,0.0,0.23160788882119068,0.24160781592907526,0.009999927107884608,60.67553887701319,86.45699614890886,212,50
"Glickstein, Aaron",1000292360,SCH_BOO,Four-Seam,L,77,0.009942454753819791,0.0051660677443127745,0.23628446608578219,0.246226920839602,0.009942454753819791,60.573163717393385,86.39281129653402,213,16
"Roitman, Justin",10319153,WAG_SEA,Slider,R,36,0.009942161576392659,6.543180478255084e-05,0.22309888539197426,0.2330410469683669,0.009942161576392659,60.572641482200694,86.32862644415917,214,99
"Lawson, Nathan",1000569348,FLO_Y'A,Changeup,L,33,0.009940074328266373,0.0,0.23253681584351635,0.24247689017178273,0.009940074328266373,60.56892347963108,86.26444159178433,215,24
"Westcott, Zac",686170,FLO_Y'A,Four-Seam,R,207,0.009937628224329255,0.00496689156074509,0.23167018770474604,0.2416078159290753,0.009937628224329255,60.56456624935778,86.2002567394095,216,51
"Garcia, Hector",815312,WAS_WIL3,Four-Seam,R,96,0.00993067779843954,0.0052460986956218425,0.23167713813063576,0.2416078159290753,0.00993067779843954,60.55218549740385,86.13607188703466,217,52
"Linderman, Greyson",1000124562,JOL_SLA,Four-Seam,L,32,0.009926953917556951,0.007017723114250987,0.23629996692204502,0.246226920839602,0.009926953917556951,60.54555217072072,86.07188703465982,218,17
"Vitas, Ben",1000076969,JOL_SLA,Slider,R,54,0.009919788487393345,0.0,0.22312125848097356,0.2330410469683669,0.009919788487393345,60.532788432943136,86.00770218228499,219,100
"Parsons, Billy",698892,SUS_COU1,Four-Seam,R,170,0.00988554392518765,0.0014734154052192805,0.23172227200388762,0.2416078159290753,0.00988554392518765,60.471788799659194,85.94351732991015,220,53
"Gollert, Harley",8890793,QUE_CAP,Changeup,R,38,0.009834239011623681,0.0016130589048768407,0.23978995995231622,0.24962419896393992,0.009834239011623681,60.38039966481589,85.8793324775353,221,5
"Catrambone, Ben",1000565186,JOL_SLA,Slider,R,56,0.009745394175749674,0.00953563498211904,0.22329565279261723,0.2330410469683669,0.009745394175749674,60.22214089149787,85.81514762516046,222,101
"Phelps, Travis",,FLO_Y'A,Four-Seam,R,35,0.009709565984880743,0.0,0.23189824994419453,0.2416078159290753,0.009709565984880743,60.15832034997352,85.75096277278563,223,54
"Bargo, Casey",1000057987,FLO_Y'A,Four-Seam,R,71,0.009697456489427488,0.0,0.23191035943964783,0.2416078159290753,0.009697456489427488,60.13674977834626,85.68677792041079,224,55
"Eckaus, David",824671,EVA_OTT,Slider,L,107,0.0096883745499312,0.0,0.22720642330817362,0.2368947978581048,0.0096883745499312,60.12057217398815,85.62259306803594,225,12
"Turner, Eric",1000080978,JOL_SLA,Sinker,R,45,0.009675313079175697,0.006737473613256606,0.2446348883911789,0.2543102014703546,0.009675313079175697,60.097305854464224,85.5584082156611,226,6
"Morel, Yohanse",678353,OTT_TIT,Changeup,L,50,0.00966686648462605,0.0035531983783711474,0.23281002368715664,0.2424768901717827,0.00966686648462605,60.08225998624925,85.49422336328625,227,25
"Hocom, Quinn",1000152021,TRI_VAL,Four-Seam,R,97,0.009643801445433167,0.0021860090311192903,0.23196401448364215,0.2416078159290753,0.009643801445433167,60.04117437026168,85.43003851091142,228,56
"Zaffiro, Cole",10994263,SCH_BOO,Four-Seam,R,125,0.009643046764820076,0.00496689156074509,0.2319647691642552,0.2416078159290753,0.009643046764820076,60.039830062211585,85.36585365853658,229,57
"Campbell, Tyler",809429,MIS_MUD,Changeup,R,45,0.0096347828297945,0.0,0.2399894161341454,0.2496241989639399,0.0096347828297945,60.02510956431138,85.30166880616174,230,6
"Hocom, Quinn",1000152021,TRI_VAL,Changeup,L,52,0.009624339137703868,0.0,0.23285255103407881,0.2424768901717827,0.009624339137703868,60.00650627822373,85.2374839537869,231,26
"Langhorne, Miles",695680,SUS_COU1,Slider,R,31,0.009596752096229708,0.0,0.22344429487213718,0.2330410469683669,0.009596752096229708,59.95736564669208,85.17329910141207,232,102
"Good, Ty",688612,GAT_GRI,Slider,R,132,0.00958746998409219,0.0,0.2234535769842747,0.2330410469683669,0.00958746998409219,59.94083147600863,85.10911424903723,233,103
"Glickstein, Aaron",1000292360,SCH_BOO,Sinker,R,60,0.00956238065553946,0.014793418321598154,0.24474782081481514,0.2543102014703546,0.00956238065553946,59.896140005524536,85.04492939666238,234,7
"Kelly, Colin",1000456530,SUS_COU1,Four-Seam,R,49,0.00956124206380894,0.0,0.23204657386526636,0.2416078159290753,0.00956124206380894,59.89411183890337,84.98074454428755,235,58
"Sabatine, Gino",1000229070,TRI_VAL,Four-Seam,R,41,0.009560517054807559,0.0,0.23204729887426775,0.2416078159290753,0.009560517054807559,59.89282038471727,84.91655969191271,236,59
"Lawson, Nathan",1000569348,FLO_Y'A,Curveball,R,30,0.009559384762604714,0.0004360806324358868,0.245981401018954,0.2555407857815587,0.009559384762604714,59.89080343940698,84.85237483953787,237,5
"Vecerka, Boris",807828,QUE_CAP,Sinker,R,77,0.009550563374516973,0.003301355922926519,0.24475963809583764,0.2543102014703546,0.009550563374516973,59.87508995371032,84.78818998716304,238,8
"Ronne, Andrew",701809,GAT_GRI,Four-Seam,R,110,0.00952872147804274,0.0007367077026096819,0.23207909445103253,0.2416078159290753,0.00952872147804274,59.836183114512,84.7240051347882,239,60
"Nakata, Yuto",1000432352,QUE_CAP,Slider,R,83,0.009521052309092472,0.0,0.2235199946592744,0.2330410469683669,0.009521052309092472,59.822522069854784,84.65982028241335,240,104
"Kelly, Aiden",1000062337,TRI_VAL,Sinker,L,51,0.009519457471900312,0.0,0.2547607097605028,0.2642801672324031,0.009519457471900312,59.819681195929014,84.59563543003851,241,2
"Perdomo, Rafael",1000557553,QUE_CAP,Changeup,L,38,0.009515423120916137,0.0,0.23296146705086657,0.2424768901717827,0.009515423120916137,59.8124948307159,84.53145057766366,242,27
"Allemann, Braeden",1000367619,QUE_CAP,Curveball,R,108,0.009505959007136336,0.0,0.24603482677442234,0.2555407857815587,0.009505959007136336,59.79563646159856,84.46726572528883,243,6
"Smith, Ethan",680733,WIN_CIT29,Changeup,L,45,0.009482555327292589,0.002571700481250494,0.23299433484449011,0.24247689017178273,0.009482555327292589,59.75394762705052,84.40308087291399,244,28
"Plumadore, Carson",1000207816,WIN_CIT29,Curveball,R,30,0.009480774431338193,0.007574467118665745,0.24606001135022051,0.2555407857815587,0.009480774431338193,59.75077532776743,84.33889602053915,245,7
"Hensey, Rob",802996,SUS_COU1,Slider,L,67,0.009476759435041116,0.006019482473715504,0.22741803842306368,0.2368947978581048,0.009476759435041116,59.743623438942365,84.27471116816432,246,13
"Brodsky, Jack",1000302079,WAS_WIL3,Four-Seam,R,77,0.009462468203152333,0.0021860090311192903,0.23214534772592293,0.24160781592907532,0.009462468203152333,59.71816655328691,84.21052631578947,247,61
"Scott, Brandon",1000138331,LAK_ERI24,Slider,L,64,0.00945536993742234,0.0,0.22743942792068245,0.2368947978581048,0.00945536993742234,59.70552245511212,84.14634146341463,248,14
"Majick, Eli",828663,NEW_ENG23,Curveball,R,28,0.009401479329166724,0.0014627964867613974,0.246139306452392,0.2555407857815587,0.009401479329166724,59.60952743782163,84.08215661103979,249,8
"Barreto, Brayhans",810980,TRI_VAL,Four-Seam,L,50,0.009401117353339759,0.005426218353962786,0.23682580348626225,0.246226920839602,0.009401117353339759,59.60888265245192,84.01797175866496,250,18
"Encarnacion, J.D.",1000563022,EVA_OTT,Four-Seam,R,169,0.00939759514708473,0.00496689156074509,0.23221022078199055,0.24160781592907532,0.00939759514708473,59.60260856757337,83.95378690629012,251,62
"Moore, Kyle",1000517760,SCH_BOO,Changeup,L,80,0.00939075444917498,0.0027315896196941913,0.23308613572260772,0.2424768901717827,0.00939075444917498,59.590423273412085,83.88960205391528,252,29
"Brouwer, Adam",10998502,LAK_ERI24,Four-Seam,R,64,0.009358139611800449,0.0,0.23224967631727483,0.2416078159290753,0.009358139611800449,59.53232665919604,83.82541720154045,253,63
"Sanchez, Dikember",699129,LAK_ERI24,Four-Seam,R,92,0.009339628852360511,0.0,0.2322681870767148,0.24160781592907532,0.009339628852360511,59.49935355441926,83.7612323491656,254,64
"Wiltse, Ryan",813813,EVA_OTT,Four-Seam,L,199,0.009332005208843478,0.0030467116501042835,0.2368949156307585,0.246226920839602,0.009332005208843478,59.48577360394323,83.69704749679076,255,19
"Zentko, Dylan",1000303828,EVA_OTT,Four-Seam,L,103,0.009295437884793093,0.0078411202096762,0.23693148295480887,0.246226920839602,0.009295437884793093,59.42063644891552,83.63286264441592,256,20
"Milburn, Isaac",830926,FLO_Y'A,Slider,L,70,0.009269340865760508,0.0020058745960616076,0.2276254569923443,0.23689479785810483,0.009269340865760508,59.374149985423024,83.56867779204109,257,15
"Zeplin, Blane",830954,JOL_SLA,Slider,R,55,0.009245392642924111,0.0,0.22379565432544277,0.2330410469683669,0.009245392642924111,59.33149115970794,83.50449293966624,258,105
"Almonte, Lisandro",1000570068,NEW_JER6,Four-Seam,R,51,0.009189715345777704,0.0,0.23241810058329757,0.2416078159290753,0.009189715345777704,59.23231352421149,83.4403080872914,259,65
"Hughes, Grif",835627,EVA_OTT,Four-Seam,L,30,0.009183798579871663,0.006503593976994487,0.23704312225973032,0.246226920839602,0.009183798579871663,59.22177402458736,83.37612323491655,260,21
"MacMillan, Blake",832350,TRO_AIG,Slider,L,57,0.00916515077815237,0.0,0.2277296470799524,0.23689479785810477,0.00916515077815237,59.188556807220245,83.31193838254171,261,16
"Campbell, AJ",1000132168,WIN_CIT29,Four-Seam,R,150,0.009149546673752592,0.0,0.2324582692553227,0.2416078159290753,0.009149546673752592,59.16076130963457,83.24775353016688,262,66
"Johnston, Spencer",800918,DOW_EAS1,Four-Seam,R,27,0.009123036319376145,0.0,0.23248477960969915,0.2416078159290753,0.009123036319376145,59.113538574372924,83.18356867779204,263,67
"Fauci, Sonny",688649,NEW_JER6,Slider,R,60,0.00911807061215686,0.00013086360956510168,0.22392297635621003,0.2330410469683669,0.00911807061215686,59.10469318988378,83.1193838254172,264,106
"Huter, Blayne",1000145980,SUS_COU1,Four-Seam,R,81,0.009112643345839385,0.0,0.2324951725832359,0.2416078159290753,0.009112643345839385,59.095025632941116,83.05519897304237,265,68
"Ferguson, Francis",,WIN_CIT29,Four-Seam,R,29,0.009102836442066383,0.0,0.23250497948700893,0.2416078159290753,0.009102836442066383,59.077556654064686,82.99101412066753,266,69
"Hohenstein, Liam",,WIN_CIT29,Slider,R,28,0.009092515189682734,0.0,0.22394853177868415,0.2330410469683669,0.009092515189682734,59.05917146909278,82.92682926829268,267,107
"Mannering, Shawn",1000457814,DOW_EAS1,Sinker,L,27,0.009092299424815644,0.008404501521006025,0.25518786780758745,0.2642801672324031,0.009092299424815644,59.05878712842903,82.86264441591784,268,3
"Woolfolk, Dallas",663762,SCH_BOO,Four-Seam,L,49,0.0090700848776131,0.0,0.2371568359619889,0.246226920839602,0.0090700848776131,59.019216488723245,82.798459563543,269,22
"Shears, Tanner",808632,SCH_BOO,Four-Seam,R,118,0.00906300284493046,0.0,0.23254481308414482,0.2416078159290753,0.00906300284493046,59.00660130637835,82.73427471116817,270,70
"Estrella, Noah",805762,TRI_VAL,Slider,R,43,0.009048287200970078,0.0,0.2239927597673968,0.23304104696836692,0.009048287200970078,58.98038841804506,82.67008985879333,271,108
"Perdomo, Rafael",1000557553,QUE_CAP,Curveball,R,26,0.009032938337011152,0.0,0.24650784744454754,0.2555407857815587,0.009032938337011152,58.95304757872594,82.6059050064185,272,9
"Chapple, Bronson",1000218472,TRO_AIG,Four-Seam,L,46,0.009029982267362669,0.002862855698980385,0.23719693857223934,0.246226920839602,0.009029982267362669,58.94778194958937,82.54172015404365,273,23
"Serrano, Elio",665939,NEW_JER6,Slider,R,58,0.009009570447197121,0.0003564714538328434,0.22403147652116978,0.23304104696836686,0.009009570447197121,58.91142249674319,82.47753530166881,274,109
"Kines, Gunnar",665129,JOL_SLA,Four-Seam,L,167,0.008992255744375585,0.006744509127339093,0.2372346650952264,0.246226920839602,0.008992255744375585,58.88057992044772,82.41335044929397,275,24
"Gaskey, Blake",1000362764,NIU_HUS,Four-Seam,R,33,0.00898483786289484,0.008406902606385103,0.23262297806618046,0.2416078159290753,0.00898483786289484,58.867366492652934,82.34916559691912,276,71
"Carroll, Jake",1000088275,JOL_SLA,Changeup,R,29,0.008984066410939172,0.0,0.24064013255300074,0.2496241989639399,0.008984066410939172,58.865992309910894,82.28498074454428,277,7
"Sabatine, Gino",1000229070,TRI_VAL,Sinker,L,36,0.008968495232638155,0.0003700484315577457,0.25531167199976496,0.2642801672324031,0.008968495232638155,58.838255463387476,82.22079589216945,278,4
"Marklund, Brandon",647282,OTT_TIT,Four-Seam,R,153,0.008926642660794014,0.0018358874721022822,0.23268117326828125,0.2416078159290753,0.008926642660794014,58.76370372816168,82.15661103979461,279,72
"Widener, Jacob",683179,SUS_COU1,Slider,R,35,0.008884976277494294,0.0,0.2241560706908726,0.2330410469683669,0.008884976277494294,58.689483649473445,82.09242618741976,280,110
"Serrano, Elio",665939,NEW_JER6,Four-Seam,R,111,0.008880746568153025,0.00496689156074509,0.23272706936092227,0.2416078159290753,0.008880746568153025,58.68194929359045,82.02824133504492,281,73
"Pindel, Buddie",1000054422,SCH_BOO,Changeup,R,25,0.00883554080995311,0.008461888806678391,0.24078865815398678,0.2496241989639399,0.00883554080995311,58.601424547619,81.96405648267009,282,8
"Foy, Corbin",813822,LAK_ERI24,Slider,R,41,0.008829876042656566,0.0,0.2242111709257103,0.2330410469683669,0.008829876042656566,58.59133393160667,81.89987163029525,283,111
"Webster, Evan",804248,FLO_Y'A,Slider,L,75,0.008821718441223259,0.0047268424423906885,0.22807307941688157,0.23689479785810483,0.008821718441223259,58.57680284509666,81.83568677792042,284,17
"Shinn, Nathan",1000490914,LAK_ERI24,Four-Seam,L,101,0.008758041300385096,0.0,0.23746887953921691,0.246226920839602,0.008758041300385096,58.46337513600913,81.77150192554558,285,25
"Langrell, Connor",815223,MIS_MUD,Curveball,R,47,0.008709640340403285,0.0,0.24683114544115542,0.2555407857815587,0.008709640340403285,58.377158796265995,81.70731707317073,286,10
"Williams, Brian",1000079778,MIS_MUD,Four-Seam,R,230,0.008695203639915177,4.163336342344337e-17,0.2329126122891601,0.2416078159290753,0.008695203639915177,58.35144278826697,81.64313222079589,287,74
"Rodriguez, Joe Joe",689487,NEW_JER6,Four-Seam,L,31,0.008690770948904991,0.002432254160921299,0.237536149890697,0.246226920839602,0.008690770948904991,58.34354686235447,81.57894736842105,288,26
"Aldeano, Austin",699054,TRO_AIG,Sinker,L,45,0.00866758701015705,0.0077506473475889015,0.2556125802222461,0.2642801672324031,0.00866758701015705,58.30224945130254,81.51476251604622,289,5
"Cartwright, Eli",1000304859,GAT_GRI,Four-Seam,L,49,0.008657633701310561,0.0029599555463317995,0.23756928713829142,0.246226920839602,0.008657633701310561,58.28451968194674,81.45057766367138,290,27
"Harajli, Ahmad",800677,FLO_Y'A,Four-Seam,R,99,0.008657610473920895,0.0,0.23295020545515438,0.2416078159290753,0.008657610473920895,58.28447830713683,81.38639281129653,291,75
"De Jesus, Larry",692356,DOW_EAS1,Sinker,R,30,0.008644075107513879,0.007614282232976194,0.24566612636284071,0.2543102014703546,0.008644075107513879,58.26036784013093,81.3222079589217,292,9
"Galva, Claudio",669996,GAT_GRI,Changeup,R,64,0.008640524688014373,0.001894967885548146,0.2409836742759255,0.2496241989639399,0.008640524688014373,58.2540434991692,81.25802310654684,293,9
"Quigley, Michael",808828,NEW_ENG23,Four-Seam,L,109,0.008575051069965508,0.0029599555463317995,0.23765186976963648,0.246226920839602,0.008575051069965508,58.13741573600016,81.19383825417201,294,28
"Eldred, Zach",1000227712,NEW_ENG23,Four-Seam,L,285,0.008560416369742986,0.006087731185821094,0.237666504469859,0.246226920839602,0.008560416369742986,58.111347032261676,81.12965340179717,295,29
"Tiburcio, David",696010,DOW_EAS1,Four-Seam,R,25,0.008559177751067343,0.0,0.23304863817800794,0.2416078159290753,0.008559177751067343,58.10914068824306,81.06546854942233,296,76
"Willeman, Landon",812254,EVA_OTT,Changeup,L,108,0.00853322866528517,7.815406281469484e-05,0.23394366150649754,0.24247689017178267,0.00853322866528517,58.062917737362326,81.0012836970475,297,30
"Rodriguez, Joe Joe",689487,NEW_JER6,Changeup,L,59,0.008529649488209272,0.0,0.23394724068357345,0.2424768901717827,0.008529649488209272,58.05654217070224,80.93709884467266,298,31
"Lawson, Nathan",1000569348,FLO_Y'A,Four-Seam,R,35,0.008524405019110528,0.0,0.2330834109099648,0.2416078159290753,0.008524405019110528,58.047200229349016,80.87291399229781,299,77
"Williams, Pierce",1000337420,NEW_ENG23,Sinker,L,27,0.008508993737509792,0.014033422979844612,0.2557711734948933,0.2642801672324031,0.008508993737509792,58.019748205858875,80.80872913992297,300,6
"Gorgen, Grady",1000138303,NEW_YOR13,Slider,L,46,0.00850573048034892,0.0,0.22838906737775588,0.2368947978581048,0.00850573048034892,58.01393538544877,80.74454428754814,301,18
"Smith, Ethan",680733,WIN_CIT29,Four-Seam,R,84,0.008497705318965503,0.0032201534829821854,0.23311011061010978,0.2416078159290753,0.008497705318965503,57.99964021360535,80.6803594351733,302,78
"Hohenstein, Liam",1000116556,WIN_CIT29,Curveball,R,34,0.008489350857375025,0.0,0.2470514349241837,0.2555407857815587,0.008489350857375025,57.984758461278,80.61617458279846,303,11
"Grounds, Jackson",805984,DOW_EAS1,Four-Seam,L,59,0.008483385691930826,0.0051660677443127745,0.23774353514767116,0.246226920839602,0.008483385691930826,57.97413274784681,80.55198973042363,304,30
"Smith, Donny",1000381366,JOL_SLA,Four-Seam,R,30,0.008474960574422988,0.004606350603472337,0.2331328553546523,0.2416078159290753,0.008474960574422988,57.9591251365576,80.48780487804879,305,79
"Ryan, Dillon",1000132418,NEW_ENG23,Sinker,R,88,0.008448272750083093,0.0005751473576959265,0.2458619287202715,0.2543102014703546,0.008448272750083093,57.9115862751144,80.42362002567394,306,10
"Roland, Cole",813401,QUE_CAP,Slider,R,30,0.008389639330520988,0.0,0.2246514076378459,0.2330410469683669,0.008389639330520988,57.807142916487464,80.3594351732991,307,112
"Thornton, Tyler",1000429124,NEW_ENG23,Changeup,R,48,0.008376037090593242,0.0073861555480913,0.24124816187334663,0.24962419896393992,0.008376037090593242,57.782913328080156,80.29525032092425,308,10
"Elliott, Eric",830233,MIS_MUD,Four-Seam,L,54,0.008366328349654192,0.002696104853626549,0.2378605924899478,0.246226920839602,0.008366328349654192,57.765619206071136,80.23106546854942,309,31
"Baird, Dustin",1000027580,MIS_MUD,Slider,R,34,0.008350349634303547,0.0,0.22469069733406336,0.2330410469683669,0.008350349634303547,57.73715641624532,80.16688061617458,310,113
"Vecerka, Boris",807828,QUE_CAP,Sinker,L,113,0.008343828869416823,0.007514852445872133,0.2559363383629863,0.2642801672324031,0.008343828869416823,57.725541016859225,80.10269576379974,311,7
"Leak, Anthony",1000264276,NEW_YOR13,Four-Seam,L,49,0.008340849968534882,0.0,0.23788607087106708,0.246226920839602,0.008340849968534882,57.72023471858343,80.0385109114249,312,32
"Garcia, Brett",702286,OTT_TIT,Four-Seam,R,134,0.008330123459862277,0.0,0.233277692469213,0.24160781592907526,0.008330123459862277,57.70112765301443,79.97432605905006,313,80
"Hohenstein, Liam",1000116556,WIN_CIT29,Four-Seam,R,41,0.008317711771603101,0.005910030003611982,0.2332901041574722,0.2416078159290753,0.008317711771603101,57.679018787154305,79.91014120667522,314,81
"McCartney, Seth",823530,MIS_MUD,Sinker,L,67,0.008313075000286635,0.0007400968631154914,0.25596709223211644,0.2642801672324031,0.008313075000286635,57.67075933421614,79.84595635430038,315,8
"Sakurai, Masatoshi",1000429128,QUE_CAP,Four-Seam,L,151,0.008304501313879668,0.0034233635029932985,0.23792241952572232,0.246226920839602,0.008304501313879668,57.65548707803792,79.78177150192555,316,33
"Coles, Chad",694311,WAS_WIL3,Curveball,R,43,0.008303724566034915,0.0007658234764867933,0.2472370612155238,0.2555407857815587,0.008303724566034915,57.654103461760414,79.71758664955071,317,12
"Smith, Jackson",1000333915,MIS_MUD,Slider,R,65,0.008299533917426284,0.0,0.22474151305094062,0.2330410469683669,0.008299533917426284,57.64663868452621,79.65340179717587,318,114
"Vega, Lucas",837223,TRO_AIG,Four-Seam,R,50,0.008284101892918103,0.0,0.2333237140361572,0.2416078159290753,0.008284101892918103,57.61914971181943,79.58921694480102,319,82
"Brouwer, Adam",840585,LAK_ERI24,Four-Seam,R,41,0.008271812314810474,0.002509299419737182,0.23333600361426482,0.2416078159290753,0.008271812314810474,57.59725836003994,79.52503209242619,320,83
"Jones, Logan",814785,TRI_VAL,Changeup,L,29,0.00825936091134951,0.0,0.23421752926043318,0.2424768901717827,0.00825936091134951,57.57507874972906,79.46084724005135,321,32
"Simone, Andrew",1000132681,TRO_AIG,Slider,R,59,0.008241166656239975,0.0,0.22479988031212692,0.2330410469683669,0.008241166656239975,57.54266943221786,79.39666238767651,322,115
"Cooper, Garrett",1000327042,NEW_YOR13,Changeup,L,114,0.008236635161745278,0.0031961093671779434,0.23424025501003742,0.2424768901717827,0.008236635161745278,57.53459750825095,79.33247753530168,323,33
"Manning, Noah",828538,WIN_CIT29,Four-Seam,R,32,0.008222287257273456,0.0,0.23338552867180185,0.2416078159290753,0.008222287257273456,57.50903967206321,79.26829268292683,324,84
"Vailes, Gage",1000050773,GAT_GRI,Changeup,L,100,0.008218005476433622,0.0,0.23425888469534908,0.2424768901717827,0.008218005476433622,57.501412561532106,79.20410783055199,325,34
"Brothers, Kellen",1000131959,SUS_COU1,Slider,R,64,0.008200044895830875,0.0,0.22484100207253602,0.2330410469683669,0.008200044895830875,57.469419487018456,79.13992297817714,326,116
"Armstrong, Andrew",803262,NEW_YOR13,Four-Seam,R,70,0.008192181858917411,0.0,0.23341563407015792,0.2416078159290753,0.008192181858917411,57.455413106521064,79.0757381258023,327,85
"Fry, Dale",10090556,LON_ISL22,Changeup,R,26,0.008180792341870045,0.0008659508232769508,0.24144340662206984,0.2496241989639399,0.008180792341870045,57.435125028110335,79.01155327342747,328,11
"Parsons, Billy",698892,SUS_COU1,Slider,R,130,0.008174669720051037,0.0,0.22486637724831585,0.2330410469683669,0.008174669720051037,57.424218838583,78.94736842105263,329,117
"Long, Maddox",1000248716,WAS_WIL3,Changeup,L,57,0.008127271778459472,0.0,0.23434961839332322,0.2424768901717827,0.008127271778459472,57.33978916948307,78.8831835686778,330,35
"Shinn, Nathan",1000490914,LAK_ERI24,Curveball,L,29,0.00811789560059306,0.0,0.24167107827869003,0.2497889738792831,0.00811789560059306,57.323087440080876,78.81899871630296,331,2
"Gilleran, James",10103730,NEW_ENG23,Sinker,L,25,0.008111521420917488,0.006109478301388194,0.25616864581148563,0.2642801672324031,0.008111521420917488,57.3117331520523,78.7548138639281,332,9
"Mannering, Shawn",1000457814,DOW_EAS1,Sinker,R,32,0.008106794635825624,6.392121233605996e-05,0.246203406834529,0.2543102014703546,0.008106794635825624,57.30331335811586,78.69062901155327,333,11
"Kines, Gunnar",665129,JOL_SLA,Sinker,L,73,0.008094416420269849,0.014385696375484397,0.2561857508121333,0.2642801672324031,0.008094416420269849,57.28126411698156,78.62644415917843,334,10
"Almanzar, Elian",687038,DOW_EAS1,Four-Seam,L,82,0.008080165893812767,0.0,0.2381467549457892,0.24622692083960201,0.008080165893812767,57.25587973966748,78.5622593068036,335,34
"Zeplin, Blane",830954,JOL_SLA,Four-Seam,R,121,0.008065639618176284,0.0,0.23354217631089902,0.24160781592907526,0.008065639618176284,57.230004171993855,78.49807445442876,336,86
"Lovell, Justin",822485,WIN_CIT29,Four-Seam,L,96,0.008028832039304391,0.0,0.23819808880029758,0.246226920839602,0.008028832039304391,57.164439052493464,78.43388960205392,337,35
"Ronne, Andrew",701809,GAT_GRI,Slider,R,74,0.008027880480044365,0.0,0.2250131664883225,0.2330410469683669,0.008027880480044365,57.16274404569032,78.36970474967909,338,118
"Givens-Craig, Hayden",1000146243,SUS_COU1,Changeup,R,35,0.008021388320295541,0.0,0.24160281064364436,0.2496241989639399,0.008021388320295541,57.151179600464815,78.30551989730424,339,12
"Joven, Art",1000048892,MIS_MUD,Slider,L,173,0.008021087395210095,0.0,0.22887371046289473,0.2368947978581048,0.008021087395210095,57.150643564414835,78.2413350449294,340,19
"Hoeymans, Jack",1000184889,GAT_GRI,Sinker,R,35,0.008015530685785827,0.0015796552255746832,0.2462946707845688,0.2543102014703546,0.008015530685785827,57.14074543124234,78.17715019255456,341,12
"Fauci, Sonny",688649,NEW_JER6,Four-Seam,R,99,0.00801417708104767,0.0,0.2335936388480276,0.2416078159290753,0.00801417708104767,57.138334263240154,78.11296534017971,342,87
"Barker, Alex",1000106691,NEW_YOR13,Changeup,R,80,0.007999277480297315,0.0,0.24162492148364256,0.2496241989639399,0.007999277480297315,57.11179369378012,78.04878048780488,343,13
"Scott, Brandon",1000138331,LAK_ERI24,Four-Seam,R,299,0.007994657355185735,0.0,0.23361315857388956,0.24160781592907526,0.007994657355185735,57.103563892626894,77.98459563543004,344,88
"Hopewell, Chase",803045,FLO_Y'A,Four-Seam,R,105,0.007992088474560115,0.0014734154052192805,0.23361572745451517,0.2416078159290753,0.007992088474560115,57.09898796097468,77.92041078305519,345,89
"Rodriguez, Esteban",701454,TRO_AIG,Four-Seam,L,82,0.007983674216741036,0.0014959489072846471,0.23824324662286098,0.24622692083960201,0.007983674216741036,57.083999693983934,77.85622593068035,346,36
"Scafidi, Christian",690280,LAK_ERI24,Four-Seam,R,159,0.00797207448070498,0.0,0.23363574144837032,0.2416078159290753,0.00797207448070498,57.06333715374938,77.79204107830552,347,90
"Lovin, Xander",815234,GAT_GRI,Slider,R,63,0.00795969299962431,0.0,0.22508135396874257,0.2330410469683669,0.00795969299962431,57.04128209575517,77.72785622593068,348,119
"Sanchez, Edwin",835958,LAK_ERI24,Changeup,R,70,0.007956243046049277,0.0,0.24166795591789061,0.2496241989639399,0.007956243046049277,57.03513671414218,77.66367137355584,349,14
"Steinhauer, Ryan",1000424762,NEW_JER6,Changeup,R,57,0.007943212353389746,0.0030214533724667036,0.24168098661055015,0.2496241989639399,0.007943212353389746,57.01192521945603,77.599486521181,350,15
"House, Tristan",1000248636,MIS_MUD,Four-Seam,R,145,0.007932889090590685,8.326672684688674e-17,0.23367492683848462,0.24160781592907526,0.007932889090590685,56.99353645334321,77.53530166880617,351,91
"Long, Jalon",809215,NEW_YOR13,Slider,R,101,0.007925657839184943,0.0,0.22511538912918194,0.2330410469683669,0.007925657839184943,56.98065546858176,77.47111681643132,352,120
"Blair, Davis",836357,DOW_EAS1,Four-Seam,L,93,0.007905071350777983,0.0,0.238321849488824,0.246226920839602,0.007905071350777983,56.94398488024468,77.40693196405648,353,37
"Moore, Kyle",1000517760,SCH_BOO,Curveball,R,73,0.00790426636472186,0.0,0.24763651941683681,0.2555407857815587,0.00790426636472186,56.94255096341061,77.34274711168165,354,13
"Bargo, Casey",1000492781,NEW_ENG23,Four-Seam,R,67,0.007895091611418648,0.0014734154052192805,0.23371272431765666,0.24160781592907526,0.007895091611418648,56.92620803037485,77.27856225930681,355,92
"Joven, Art",1000048892,MIS_MUD,Slider,R,85,0.007892602269186345,0.0,0.22514844469918052,0.2330410469683669,0.007892602269186345,56.92177377998564,77.21437740693197,356,121
"Cerda, Junior",693702,EVA_OTT,Sinker,R,39,0.007848312310850028,0.0013830400329910009,0.2464618891595046,0.2543102014703546,0.007848312310850028,56.842880342818944,77.15019255455712,357,13
"Pardinho, Eric",672078,OTT_TIT,Changeup,L,85,0.007847358241380328,0.0,0.2346295319304024,0.24247689017178267,0.007847358241380328,56.84118086459436,77.08600770218229,358,36
"Cameron, Zach",1000084075,WIN_CIT29,Changeup,L,118,0.007831444845357118,0.0,0.23464544532642556,0.2424768901717827,0.007831444845357118,56.81283442769477,77.02182284980744,359,37
"Allemann, Braeden",1000367619,QUE_CAP,Sinker,L,35,0.007830013977214815,0.0,0.2564501532551883,0.2642801672324031,0.007830013977214815,56.810285630854146,76.9576379974326,360,11
"Bauer, Patrick",10998513,QUE_CAP,Four-Seam,L,70,0.0078087264634070265,0.0,0.23841819437619494,0.24622692083960201,0.0078087264634070265,56.772366310174796,76.89345314505776,361,38
"Vega, Lucas",837223,TRO_AIG,Changeup,L,51,0.007784531737419659,0.0,0.23469235843436304,0.24247689017178267,0.007784531737419659,56.72926838987522,76.82926829268293,362,38
"Primeaux, Parker",1000101108,SUS_COU1,Sinker,R,28,0.007772749376093014,0.018058637512355508,0.2465374520942616,0.2543102014703546,0.007772749376093014,56.70828054030579,76.76508344030809,363,14
"Cook, Cole",1000161363,SCH_BOO,Four-Seam,L,99,0.007770646280177497,0.0,0.23845627455942447,0.246226920839602,0.007770646280177497,56.70453430816426,76.70089858793325,364,39
"Rodriguez, Esteban",701454,TRO_AIG,Four-Seam,R,60,0.00775306095841574,0.0,0.23385475497065958,0.2416078159290753,0.00775306095841574,56.673209679973546,76.6367137355584,365,93
"Langrell, Connor",815223,MIS_MUD,Curveball,L,48,0.007745252883593773,0.005139632004341588,0.2420437209956893,0.2497889738792831,0.007745252883593773,56.65930120312012,76.57252888318357,366,3
"Daly, Ryan",831333,JOL_SLA,Four-Seam,R,222,0.007740370063471873,0.0,0.23386744586560343,0.2416078159290753,0.007740370063471873,56.65060346492046,76.50834403080873,367,94
"Coles, Chad",694311,WAS_WIL3,Four-Seam,R,102,0.007695117656177398,4.163336342344337e-17,0.2339126982728979,0.2416078159290753,0.007695117656177398,56.56999562319663,76.44415917843389,368,95
"Morgan, Cooper",692707,QUE_CAP,Slider,L,38,0.007633816951582743,0.0009354056464171978,0.22926098090652205,0.23689479785810477,0.007633816951582743,56.46080104573758,76.37997432605906,369,20
"Hampton, Ky",673132,OTT_TIT,Curveball,R,33,0.007617579931524076,0.0,0.2479232058500346,0.2555407857815587,0.007617579931524076,56.431878139284485,76.31578947368422,370,14
"Colon, Jeffrey",681738,TRO_AIG,Sinker,R,26,0.007604336908191077,0.0,0.24670586456216353,0.2543102014703546,0.007604336908191077,56.408288421243086,76.25160462130937,371,15
"Peters, Andrew",687107,NEW_JER6,Four-Seam,L,120,0.007602626719204788,0.0014799777731658997,0.23862429412039718,0.246226920839602,0.007602626719204788,56.40524207185823,76.18741976893453,372,40
"Bihm, Gage",815079,MIS_MUD,Four-Seam,L,73,0.007571373948391578,0.006744509127339093,0.23865554689121038,0.246226920839602,0.007571373948391578,56.349571698639224,76.1232349165597,373,41
"Bradford, Ethan",688428,NEW_YOR13,Slider,L,55,0.0075531080705193085,0.004607142029528194,0.22934168978758548,0.2368947978581048,0.0075531080705193085,56.31703479993031,76.05905006418485,374,21
"Henderson, Drew",1000429021,DOW_EAS1,Curveball,R,149,0.00754152219181178,0.0,0.24799926358974692,0.2555407857815587,0.00754152219181178,56.29639694367196,75.99486521181001,375,15
"Kramer, Cameron",1000249123,TRO_AIG,Four-Seam,R,29,0.007469720170130678,0.002509299419737182,0.2341380957589446,0.2416078159290753,0.007469720170130678,56.168496433065805,75.93068035943517,376,96
"Moore, Kyle",1000517760,SCH_BOO,Four-Seam,R,73,0.0074634832476263265,0.0,0.23414433268144894,0.2416078159290753,0.0074634832476263265,56.157386640413165,75.86649550706034,377,97
"Ginn, Landon",701061,WAS_WIL3,Slider,R,29,0.007428187535353147,0.0,0.22561285943301376,0.23304104696836686,0.007428187535353147,56.09451459981802,75.80231065468548,378,122
"Lovin, Xander",815234,GAT_GRI,Changeup,L,29,0.00739191802716204,0.0,0.23508497214462068,0.2424768901717827,0.00739191802716204,56.02990794239437,75.73812580231065,379,39
"Garcia, Brett",702286,OTT_TIT,Four-Seam,L,95,0.007382266473857723,0.0030467116501042835,0.23884465436574426,0.246226920839602,0.007382266473857723,56.01271568837613,75.67394094993581,380,42
"Miranda, Agnel",695064,NEW_JER6,Slider,R,28,0.0073669065056881766,0.009887316868065293,0.22567414046267872,0.2330410469683669,0.0073669065056881766,55.985355069193226,75.60975609756098,381,123
"Plumadore, Carson",1000207816,WIN_CIT29,Changeup,L,152,0.007350860974222346,0.0,0.23512602919756037,0.2424768901717827,0.007350860974222346,55.95677326022214,75.54557124518614,382,40
"Belton, Hunter",10294453,MIS_MUD,Four-Seam,R,61,0.007344345171904323,0.0,0.23426347075717097,0.2416078159290753,0.007344345171904323,55.94516670062992,75.4813863928113,383,98
"Kelly, Aiden",1000062337,TRI_VAL,Sinker,R,27,0.007334222739670493,0.0,0.2469759787306841,0.2543102014703546,0.007334222739670493,55.927135672798514,75.41720154043645,384,16
"Good, Ty",688612,GAT_GRI,Cutter,R,31,0.007318383066130338,0.0034896518976665902,0.23834932690696436,0.2456677099730947,0.007318383066130338,55.898920557315854,75.35301668806162,385,1
"Johnson, Caiden",1000147367,NEW_YOR13,Four-Seam,R,37,0.007315308869216269,0.00496689156074509,0.23429250705985902,0.2416078159290753,0.007315308869216269,55.89344450878954,75.28883183568678,386,99
"Sesar, Jorden",813853,SUS_COU1,Changeup,L,47,0.0073061835499345276,0.0,0.2351707066218482,0.2424768901717827,0.0073061835499345276,55.87718963227976,75.22464698331194,387,41
"Rodriguez, Esteban",701454,WAS_WIL3,Four-Seam,R,80,0.007298845404577143,4.163336342344337e-17,0.23430897052449814,0.24160781592907526,0.007298845404577143,55.86411823796331,75.1604621309371,388,100
"Marklund, Brandon",647282,OTT_TIT,Changeup,L,32,0.0072821466285003765,0.0,0.23519474354328232,0.2424768901717827,0.0072821466285003765,55.83437280828444,75.09627727856227,389,42
"Cheeseman, Jeremy",10278669,FDU_KNI,Curveball,R,29,0.007277612429617154,0.0,0.24826317335194156,0.2555407857815587,0.007277612429617154,55.82629606700646,75.03209242618742,390,16
"Townes, Holland",830218,SCH_BOO,Four-Seam,R,64,0.0072642777696625875,4.163336342344337e-17,0.2343435381594127,0.2416078159290753,0.0072642777696625875,55.80254311720063,74.96790757381258,391,101
"Foltz Jr., Michael",803189,WAS_WIL3,Curveball,R,25,0.007229862594140909,0.0,0.24831092318741776,0.2555407857815587,0.007229862594140909,55.74123957144014,74.90372272143773,392,17
"Webster, Evan",804248,FLO_Y'A,Sinker,L,33,0.007223295743436562,0.011346328687057594,0.25705687148896655,0.2642801672324031,0.007223295743436562,55.72954207966351,74.8395378690629,393,12
"Barreto, Brayhans",810980,TRI_VAL,Sinker,L,44,0.007222138909912731,0.0,0.25705802832249036,0.2642801672324031,0.007222138909912731,55.727481419045326,74.77535301668806,394,13
"Kelly, Aiden",1000062337,TRI_VAL,Four-Seam,R,59,0.007220754375209408,0.0,0.23438706155386588,0.2416078159290753,0.007220754375209408,55.72501515568169,74.71116816431322,395,102
"Marynczak, Arlo",837346,TRI_VAL,Four-Seam,L,109,0.007211993169052286,0.010234320520263379,0.2390149276705497,0.246226920839602,0.007211993169052286,55.70940887169712,74.64698331193838,396,43
"Hagan, Jack",699522,DOW_EAS1,Four-Seam,R,42,0.007211000979700351,-0.001078184776736199,0.23439681494937498,0.2416078159290753,0.007211000979700351,55.707641490754916,74.58279845956355,397,103
"Woolfolk, Dallas",663762,MIS_MUD,Slider,R,30,0.0072017359834474865,0.0,0.22583931098491938,0.2330410469683669,0.0072017359834474865,55.691137808494155,74.5186136071887,398,124
"Bice, Emmett",828456,NEW_YOR13,Curveball,R,52,0.0072000422214467015,0.001868789684987493,0.248340743560112,0.2555407857815587,0.0072000422214467015,55.688120720400065,74.45442875481386,399,18
"Primeaux, Parker",1000101108,SUS_COU1,Changeup,L,26,0.007177325031960485,0.0,0.23529956513982223,0.2424768901717827,0.007177325031960485,55.64765472700884,74.39024390243902,400,43
"Eldred, Zach",1000227712,NEW_ENG23,Four-Seam,R,159,0.007168218852753655,0.0,0.23443959707632164,0.2416078159290753,0.007168218852753655,55.63143394459971,74.32605905006419,401,104
"Bell, Jacob",1000200105,SCH_BOO,Four-Seam,R,59,0.007161901062883214,0.0,0.2344459148661921,0.2416078159290753,0.007161901062883214,55.62018010339284,74.26187419768935,402,105
"Beriguete, Randy",691335,LAK_ERI24,Four-Seam,R,67,0.007155220202221055,0.0,0.23445259572685423,0.24160781592907526,0.007155220202221055,55.6082795263621,74.19768934531452,403,106
"Stuka, Ted",682247,OTT_TIT,Sinker,L,63,0.00715289710570673,0.0007400968631154914,0.25712727012669634,0.2642801672324031,0.00715289710570673,55.60414140847331,74.13350449293966,404,14
"Matos, Dwayne",684228,OTT_TIT,Changeup,L,152,0.00711952961928346,0.0,0.23535736055249923,0.2424768901717827,0.00711952961928346,55.54470410502057,74.06931964056483,405,44
"Lovin, Xander",815234,GAT_GRI,Four-Seam,R,128,0.007084981232687315,0.0,0.234522834696388,0.2416078159290753,0.007084981232687315,55.48316327117203,74.00513478818999,406,107
"Misla, Luis",695417,TRI_VAL,Four-Seam,L,79,0.007065956995738052,0.0,0.23916096384386396,0.246226920839602,0.007065956995738052,55.449275511987345,73.94094993581515,407,44
"Wiltse, Ryan",813813,EVA_OTT,Cutter,R,34,0.007034468293238461,0.0,0.23863324167985625,0.24566770997309473,0.007034468293238461,55.39318487507032,73.8767650834403,408,2
"Mercado, Nelson",683319,OTT_TIT,Four-Seam,L,39,0.007031966117165039,0.0,0.23919495472243696,0.24622692083960201,0.007031966117165039,55.3887277638369,73.81258023106547,409,45
"Andueza, Axel",672847,DOW_EAS1,Four-Seam,R,165,0.0070301056557451926,0.0,0.23457771027333013,0.2416078159290753,0.0070301056557451926,55.385413735067374,73.74839537869063,410,108
"Villalobos, Jonaiker",665690,FLO_Y'A,Four-Seam,L,161,0.006991153237357659,0.0005596436536479954,0.23923576760224435,0.24622692083960196,0.006991153237357659,55.3160280258009,73.68421052631578,411,46
"Delongchamp, Luke",802194,TRI_VAL,Sinker,R,47,0.006963279311149429,0.0004458271572457817,0.2473469221592052,0.2543102014703546,0.006963279311149429,55.266376368212974,73.62002567394094,412,17
"Rodriguez, Luis",693543,TRO_AIG,Four-Seam,L,170,0.006954458797708396,0.0,0.2392724620418936,0.246226920839602,0.006954458797708396,55.25066444051925,73.55584082156611,413,47
"Delongchamp, Luke",802194,TRI_VAL,Changeup,L,130,0.0069527700173702914,0.0,0.2355241201544124,0.2424768901717827,0.0069527700173702914,55.247656226231015,73.49165596919127,414,45
"Ginn, Landon",701061,WAS_WIL3,Cutter,R,56,0.006912858170340079,0.0,0.23875485180275463,0.2456677099730947,0.006912858170340079,55.17656149247727,73.42747111681643,415,3
"Gilleran, Jimmy",10103730,NEW_ENG23,Slider,L,26,0.006892730393007162,0.006487631755098797,0.23000206746509763,0.2368947978581048,0.006892730393007162,55.140708003425374,73.3632862644416,416,22
"Villalobos, Jonaiker",665690,FLO_Y'A,Changeup,R,115,0.006887431496428243,0.0,0.24273676746751166,0.2496241989639399,0.006887431496428243,55.131269110728134,73.29910141206675,417,16
"Smith, Ben",814168,NEW_ENG23,Slider,R,54,0.006879648775639057,6.543180478255084e-05,0.22616139819272782,0.2330410469683669,0.006879648775639057,55.11740579686125,73.23491655969191,418,125
"Thornton, Tyler",1000429124,NEW_ENG23,Sinker,R,55,0.0068689597134921,0.006754495353302997,0.2474412417568625,0.2543102014703546,0.0068689597134921,55.09836543456381,73.17073170731707,419,18
"Hebert, Mason",10310211,FDU_KNI,Slider,R,27,0.0068553363257737,0.0,0.22618571064259319,0.2330410469683669,0.0068553363257737,55.07409817572383,73.10654685494224,420,126
"Linderman, Greyson",1000124562,JOL_SLA,Sinker,R,30,0.006775936741788328,0.0,0.24753426472856627,0.2543102014703546,0.006775936741788328,54.932664172949536,73.0423620025674,421,19
"Flontek, Zac",1000563032,DOW_EAS1,Four-Seam,R,140,0.006770806487030794,0.0,0.23483700944204447,0.2416078159290753,0.006770806487030794,54.92352568091734,72.97817715019256,422,109
"Soto, Carlos",666728,JOL_SLA,Slider,R,43,0.00675911466580379,0.0,0.2262819323025631,0.23304104696836692,0.00675911466580379,54.90269910988441,72.91399229781771,423,127
"Quigley, Michael",808828,NEW_ENG23,Four-Seam,R,93,0.006751671898676239,0.0,0.23485614403039906,0.24160781592907526,0.006751671898676239,54.88944135343621,72.84980744544288,424,110
"Brito, Richard",695870,NEW_ENG23,Slider,L,37,0.0067491287281614435,0.004891175782688106,0.23014566912994336,0.2368947978581048,0.0067491287281614435,54.884911219050224,72.78562259306803,425,23
"Gregory, Ben",833406,GAT_GRI,Sinker,R,81,0.006747821612020762,0.006737473613256606,0.24756237985833382,0.2543102014703546,0.006747821612020762,54.882582860907924,72.72143774069319,426,20
"Morgan, Marcus",808861,JOL_SLA,Sinker,R,28,0.006742905625321516,0.0,0.24756729584503306,0.2543102014703546,0.006742905625321516,54.87382604328294,72.65725288831835,427,21
"Grounds, Jackson",805984,DOW_EAS1,Curveball,R,43,0.0067207937850886044,0.0,0.2488199919964701,0.2555407857815587,0.0067207937850886044,54.8344383548862,72.59306803594352,428,19
"Joven, Art",1000048892,MIS_MUD,Sinker,L,100,0.00672064688825244,0.0031667572638287567,0.2575595203441507,0.2642801672324031,0.00672064688825244,54.83417668843292,72.52888318356868,429,15
"Hagan, Jack",699522,DOW_EAS1,Four-Seam,L,29,0.0067144949029199355,0.0,0.23951242593668207,0.246226920839602,0.0067144949029199355,54.8232181938551,72.46469833119383,430,48
"Noble, Nick",1000397875,FDU_KNI,Curveball,R,46,0.00671390843088388,0.0014065856814616529,0.24882687735067482,0.2555407857815587,0.00671390843088388,54.82217351473449,72.400513478819,431,20
"Gilleran, Jimmy",10103730,NEW_ENG23,Sinker,R,48,0.006708325248504139,0.006745984483279802,0.24760187622185048,0.2543102014703546,0.006708325248504139,54.812228225445175,72.33632862644416,432,22
"Turner, Eric",1000080978,JOL_SLA,Changeup,L,100,0.006703115032684551,0.0,0.23577377513909817,0.2424768901717827,0.006703115032684551,54.80294729925269,72.27214377406932,433,46
"Salata, Derek",1000057774,SCH_BOO,Curveball,R,56,0.006698527111057642,0.0,0.24884225867050105,0.2555407857815587,0.006698527111057642,54.79477486197357,72.20795892169448,434,21
"Bell, Brendan",681141,NEW_ENG23,Four-Seam,L,75,0.006687885122479263,0.0,0.23953903571712273,0.246226920839602,0.006687885122479263,54.77581835154153,72.14377406931965,435,49
"Widener, Jacob",683179,SUS_COU1,Slider,L,50,0.006666957446267847,0.0006823129128469552,0.23022784041183694,0.2368947978581048,0.006666957446267847,54.73854000741456,72.07958921694481,436,24
"Pierson, Kenny",1000055344,LAK_ERI24,Sinker,L,56,0.006661163054851266,0.0,0.25761900417755185,0.2642801672324031,0.006661163054851266,54.7282184927346,72.01540436456996,437,16
"Majick, Eli",828663,NEW_ENG23,Slider,L,63,0.0066231292606864015,0.0020058745960616076,0.23027166859741838,0.2368947978581048,0.0066231292606864015,54.660469123286745,71.95121951219512,438,25
"Castro, Alexander",669418,TRO_AIG,Sinker,L,31,0.006601804163611887,0.007313913510992531,0.2576783630687912,0.2642801672324031,0.006601804163611887,54.62248285575977,71.88703465982029,439,17
"De Los Santos, Enmanuel",679735,NEW_ENG23,Four-Seam,L,75,0.006575604579199223,0.0005596436536479954,0.23965131626040276,0.246226920839602,0.006575604579199223,54.57581369317084,71.82284980744544,440,50
"Shears, Tanner",808632,SCH_BOO,Sinker,R,44,0.006572850942866937,0.0006915200164955004,0.2477373505274877,0.2543102014703546,0.006572850942866937,54.57090865728638,71.7586649550706,441,23
"Smith, Ben",814168,NEW_ENG23,Four-Seam,R,37,0.006554431807032432,0.0,0.23505338412204285,0.2416078159290753,0.006554431807032432,54.53809876108846,71.69448010269576,442,111
"Rohde, Isaac",1000135938,NEW_YOR13,Changeup,R,505,0.006552401876021958,0.0001999436146792044,0.24307179708791793,0.24962419896393992,0.006552401876021958,54.534482857153506,71.63029525032091,443,17
"Dill, Austin",1000429156,TRI_VAL,Four-Seam,R,61,0.006544219501136697,0.0,0.2350635964279386,0.2416078159290753,0.006544219501136697,54.5199076418421,71.56611039794608,444,112
"Jones, Breyln",690202,NEW_JER6,Curveball,R,29,0.006540118860513752,0.0,0.24900066692104494,0.2555407857815587,0.006540118860513752,54.512603195293,71.50192554557124,445,22
"Garcia, Andrew",1000190083,EVA_OTT,Four-Seam,L,89,0.006539904355720778,0.0,0.2396870164838812,0.246226920839602,0.006539904355720778,54.51222109919172,71.4377406931964,446,51
"Shoemaker, Adam",692248,QUE_CAP,Sinker,L,25,0.006534125401214065,0.004036439006396997,0.25774604183118904,0.2642801672324031,0.006534125401214065,54.50192708218672,71.37355584082157,447,18
"Nettleton, Blake",10067637,WIN_CIT29,Curveball,R,31,0.006522945271005969,0.0,0.24901784051055273,0.2555407857815587,0.006522945271005969,54.482011983297035,71.30937098844673,448,23
"Duncan, Tanner",677365,DOW_EAS1,Changeup,L,31,0.006517844903197445,0.0,0.23595904526858527,0.2424768901717827,0.006517844903197445,54.47292672870787,71.2451861360719,449,47
"Boies, Emiles",1000429129,QUE_CAP,Curveball,R,41,0.006499086306897333,0.0,0.24904169947466137,0.2555407857815587,0.006499086306897333,54.439512153618395,71.18100128369704,450,24
"Nabholz, Nate",1000113106,TRI_VAL,Four-Seam,R,39,0.006487839860674494,0.005525305830498595,0.23511997606840082,0.24160781592907532,0.006487839860674494,54.41947892640936,71.1168164313222,451,113
"Johnson, Preston",699980,MIS_MUD,Four-Seam,L,60,0.00648694583022824,0.002696104853626549,0.23973997500937375,0.246226920839602,0.00648694583022824,54.41788639533717,71.05263157894737,452,52
"Still, Stephen",1000338771,TRI_VAL,Sinker,R,50,0.006478047878514009,0.004149651336770616,0.24783215359184058,0.2543102014703546,0.006478047878514009,54.402036527311814,70.98844672657253,453,24
"Plumadore, Carson",1000207816,WIN_CIT29,Sinker,R,45,0.006464775996160214,0.0026770412748324257,0.2478454254741944,0.2543102014703546,0.006464775996160214,54.37839540286974,70.9242618741977,454,25
"Salata, Derek",1000057774,SCH_BOO,Four-Seam,L,229,0.006457064825690124,0.0005596436536479954,0.23976985601391188,0.246226920839602,0.006457064825690124,54.36465954115716,70.86007702182286,455,53
"Willeman, Landon",812254,EVA_OTT,Four-Seam,R,236,0.006454354443741735,0.0,0.23515346148533356,0.2416078159290753,0.006454354443741735,54.359831554047325,70.79589216944801,456,114
"Galva, Claudio",669996,GAT_GRI,Slider,L,85,0.006454189795694595,0.0,0.2304406080624102,0.2368947978581048,0.006454189795694595,54.35953826746839,70.73170731707317,457,26
"Brothers, Kellen",1000131959,SUS_COU1,Changeup,R,29,0.00644324659693208,0.0,0.24318095236700782,0.2496241989639399,0.00644324659693208,54.34004521314178,70.66752246469832,458,18
"Petschke, Ben",814386,EVA_OTT,Four-Seam,L,89,0.006382734495217935,0.0051660677443127745,0.23984418634438406,0.246226920839602,0.006382734495217935,54.23225536926434,70.60333761232349,459,54
"Anderson, Colt",1000568252,WAS_WIL3,Four-Seam,L,92,0.006377873959495483,0.0002798218268239977,0.23984904688010653,0.246226920839602,0.006377873959495483,54.22359732613176,70.53915275994865,460,55
"Widener, Jacob",683179,SUS_COU1,Four-Seam,L,46,0.00636627943164651,0.0,0.2398606414079555,0.246226920839602,0.00636627943164651,54.20294406320962,70.47496790757381,461,56
"Martinez, Gregory",1000051547,DOW_EAS1,Four-Seam,L,30,0.0063644012325256094,-0.001323128460110512,0.23986251960707639,0.246226920839602,0.0063644012325256094,54.19959843837958,70.41078305519898,462,57
"Kelly, Colin",1000456530,SUS_COU1,Sinker,R,53,0.006361492326570326,0.00428348505705789,0.24794870914378428,0.2543102014703546,0.006361492326570326,54.19441682164686,70.34659820282413,463,26
"Hensey, Rob",802996,SUS_COU1,Sinker,L,117,0.0063497689716316835,0.0077506473475889015,0.2579303982607714,0.2642801672324031,0.0063497689716316835,54.1735340798025,70.28241335044929,464,19
"Cook, Cole",1000161363,SCH_BOO,Sinker,L,39,0.006347232981334825,0.0077506473475889015,0.2579329342510683,0.2642801672324031,0.006347232981334825,54.16901673549567,70.21822849807445,465,20
"Barker, Alex",1000106691,NEW_YOR13,Curveball,L,28,0.006346763244301735,0.0,0.24344221063498137,0.2497889738792831,0.006346763244301735,54.168179995735755,70.15404364569962,466,4
"Gartland, Chad",1000103698,SUS_COU1,Slider,R,26,0.006346718120126905,0.002414377602383694,0.22669432884823998,0.2330410469683669,0.006346718120126905,54.168099616313754,70.08985879332478,467,128
"Sabatine, Gino",1000229070,TRI_VAL,Changeup,L,199,0.0063439017211114395,0.0,0.23613298845067124,0.24247689017178267,0.0063439017211114395,54.16308278163814,70.02567394094994,468,48
"Serrano, Elio",665939,NEW_JER6,Changeup,L,49,0.006318567924873494,0.0,0.23615832224690922,0.2424768901717827,0.006318567924873494,54.1179558423325,69.9614890885751,469,49
"Williams, Brian",1000079778,MIS_MUD,Slider,R,106,0.006315148486268458,0.0,0.22672589848209843,0.2330410469683669,0.006315148486268458,54.11186481685256,69.89730423620026,470,129
"Binns, Malik",702238,NEW_JER6,Curveball,R,28,0.006300425492554961,0.0,0.24924036028900373,0.2555407857815587,0.006300425492554961,54.085638836448126,69.83311938382542,471,25
"Baird, Dustin",1000027580,MIS_MUD,Cutter,R,30,0.0062785797111257905,0.0003265434892047031,0.2393891302619689,0.2456677099730947,0.0062785797111257905,54.04672507700287,69.76893453145058,472,4
"Maryniak, Connor",831880,NEW_JER6,Four-Seam,L,58,0.006275679600534956,0.0,0.23995124123906705,0.246226920839602,0.006275679600534956,54.04155912740009,69.70474967907575,473,58
"Soto, Carlos",666728,JOL_SLA,Four-Seam,R,50,0.006265259352475597,0.0,0.2353425565765997,0.2416078159290753,0.006265259352475597,54.02299760202475,69.6405648267009,474,115
"Martinez, Mason",809209,TRI_VAL,Changeup,L,65,0.006235699059153274,0.004687661173319396,0.23624119111262942,0.2424768901717827,0.006235699059153274,53.97034202881005,69.57637997432606,475,50
"Langhorne, Miles",695680,SUS_COU1,Four-Seam,L,30,0.006220333526158686,0.0,0.24000658731344332,0.246226920839602,0.006220333526158686,53.942971497037675,69.51219512195121,476,59
"Foster, Kobe",816330,WAS_WIL3,Slider,L,99,0.0062085393060295774,0.004607142029528194,0.2306862585520752,0.2368947978581048,0.0062085393060295774,53.92196252345453,69.44801026957637,477,27
"Cameron, Zach",1000084075,WIN_CIT29,Slider,R,64,0.006208157950369471,0.0020579061485508504,0.22683288901799742,0.2330410469683669,0.006208157950369471,53.92128321690427,69.38382541720154,478,130
"Helt, Robert",836007,LAK_ERI24,Four-Seam,R,227,0.0062033064190219105,0.0,0.23540450951005337,0.24160781592907532,0.0062033064190219105,53.91264121321069,69.3196405648267,479,116
"Nettleton, Blake",10067637,WIN_CIT29,Four-Seam,R,81,0.006186053606660771,0.0,0.23542176232241452,0.2416078159290753,0.006186053606660771,53.88190888202115,69.25545571245186,480,117
"Anibal, Trevor",822669,NEW_ENG23,Curveball,R,54,0.00617505865957823,0.0,0.24936572712198046,0.2555407857815587,0.00617505865957823,53.86232364872242,69.19127086007703,481,26
"Thiels, Brenton",816364,MIS_MUD,Four-Seam,R,82,0.006169018370220632,0.0,0.23543879755885463,0.2416078159290753,0.006169018370220632,53.85156411751484,69.12708600770219,482,118
"Sparks, Alec",836152,GAT_GRI,Slider,R,96,0.0061606458328656,0.0,0.22688040113550131,0.2330410469683669,0.0061606458328656,53.83665016693649,69.06290115532734,483,131
"Hill, Kaleb",1000371973,OTT_TIT,Four-Seam,R,37,0.006160643179166407,0.0,0.2354471727499089,0.2416078159290753,0.006160643179166407,53.83664543991803,68.9987163029525,484,119
"Hicks, Jackson",703104,DOW_EAS1,Sinker,L,31,0.006140006416124321,0.0,0.2581401608162788,0.2642801672324031,0.006140006416124321,53.799885297674905,68.93453145057767,485,21
"Barraza, Chris",696511,MIS_MUD,Four-Seam,R,223,0.006138346855909354,0.0,0.23546946907316596,0.2416078159290753,0.006138346855909354,53.796929133016775,68.87034659820283,486,120
"McKillican, Adam",1000570064,QUE_CAP,Sinker,L,33,0.006136276028361422,0.0,0.2581438912040417,0.2642801672324031,0.006136276028361422,53.79324038032491,68.80616174582799,487,22
"Webster, Evan",804248,FLO_Y'A,Changeup,R,103,0.00613292988194455,0.0,0.24349126908199534,0.24962419896393986,0.00613292988194455,53.787279909780196,68.74197689345316,488,19
"Lefebvre, Charles",1000429097,TRO_AIG,Curveball,R,44,0.006129485235193754,0.0,0.24941130054636496,0.2555407857815587,0.006129485235193754,53.7811439811814,68.6777920410783,489,27
"Hohenstein, Liam",1000116556,WIN_CIT29,Four-Seam,L,73,0.006124456989883679,0.0029599555463317995,0.2401024638497183,0.246226920839602,0.006124456989883679,53.77218719796619,68.61360718870347,490,60
"MacMillan, Blake",832350,TRO_AIG,Slider,R,39,0.00611164240408427,0.0,0.22692940456428262,0.2330410469683669,0.00611164240408427,53.74936065313393,68.54942233632862,491,132
"Miranda, Kevin",806656,OTT_TIT,Slider,R,33,0.006110729396170658,0.0,0.22693031757219623,0.2330410469683669,0.006110729396170658,53.74773431761294,68.48523748395378,492,133
"Gilleran, Jimmy",10103730,NEW_ENG23,Four-Seam,R,37,0.0060861374347483685,0.0,0.23552167849432692,0.2416078159290753,0.0060861374347483685,53.70392880421546,68.42105263157895,493,121
"Lockhart, Gauge",840803,LAK_ERI24,Cutter,R,30,0.006074242618302505,0.010859678967219302,0.2395934673547922,0.2456677099730947,0.006074242618302505,53.682740639016586,68.35686777920411,494,5
"Sanchez, Edwin",835958,LAK_ERI24,Slider,L,30,0.0060695257015396685,0.0,0.23082527215656512,0.2368947978581048,0.0060695257015396685,53.674338423475454,68.29268292682927,495,28
"Kaminer, Brandon",690510,DOW_EAS1,Slider,L,45,0.006068010184711259,0.0047268424423906885,0.23082678767339357,0.2368947978581048,0.006068010184711259,53.671638842437936,68.22849807445442,496,29
"Kemlage, Joe",703240,NEW_ENG23,Slider,L,32,0.006051228858848237,0.0,0.23084356899925657,0.2368947978581048,0.006051228858848237,53.641746367319875,68.16431322207958,497,30
"Jones, Breyln",690202,NEW_JER6,Cutter,R,40,0.006042737064802054,0.0003022133995399523,0.23962497290829265,0.2456677099730947,0.006042737064802054,53.62661998551279,68.10012836970475,498,6
"Townes, Holland",830218,SCH_BOO,Four-Seam,L,57,0.0060340558710810285,0.0,0.24019286496852094,0.246226920839602,0.0060340558710810285,53.61115622720078,68.03594351732991,499,61
"Linderman, Greyson",1000124562,JOL_SLA,Sinker,L,48,0.0060228897157389785,0.0,0.2582572775166641,0.2642801672324031,0.0060228897157389785,53.59126602165617,67.97175866495508,500,23
"Boies, Emiles",1000429129,QUE_CAP,Four-Seam,L,32,0.006001895158987567,0.0002798218268239977,0.24022502568061443,0.246226920839602,0.006001895158987567,53.553868543624404,67.90757381258024,501,62
"Cook, Cole",1000161363,SCH_BOO,Four-Seam,R,134,0.005995424124258714,0.0,0.23561239180481658,0.24160781592907526,0.005995424124258714,53.54234172827029,67.84338896020539,502,122
"Cosentino, Nick",700818,JOL_SLA,Slider,L,30,0.005990537737233589,0.0,0.2309042601208712,0.2368947978581048,0.005990537737233589,53.533637636367295,67.77920410783055,503,31
"Carroll, Jake",1000088275,JOL_SLA,Four-Seam,R,104,0.005976406803032386,0.0007367077026096402,0.2356314091260429,0.2416078159290753,0.005976406803032386,53.50846628802138,67.71501925545572,504,123
"Jones, Logan",814785,TRI_VAL,Sinker,R,45,0.005976227476268183,0.0,0.2483339739940864,0.2543102014703546,0.005976227476268183,53.50814685433178,67.65083440308088,505,27
"Cameron, Wyatt",1000179557,SCH_BOO,Curveball,R,62,0.00594752131672604,0.0,0.24959326446483268,0.2555407857815587,0.00594752131672604,53.45701274449726,67.58664955070603,506,28
"Marynczak, Arlo",837346,TRI_VAL,Four-Seam,R,129,0.005939259353724988,0.002509299419737182,0.2356685565753503,0.2416078159290753,0.005939259353724988,53.44229575935251,67.52246469833119,507,124
"Thompson, Ross",1000103401,SCH_BOO,Changeup,L,76,0.005934596431098538,0.0,0.23654229374068417,0.2424768901717827,0.005934596431098538,53.43398972324271,67.45827984595635,508,51
"Gregory, Ben",833406,GAT_GRI,Sinker,L,52,0.0059317008933085355,0.0007400968631154914,0.2583484663390946,0.2642801672324031,0.0059317008933085355,53.42883191914263,67.3940949935815,509,24
"Cook, Cole",1000161363,SCH_BOO,Sinker,R,45,0.0059260882578285315,0.006754495353302997,0.24838411321252607,0.2543102014703546,0.0059260882578285315,53.41883416522246,67.32991014120667,510,28
"Thebiay, Nolan",1000338675,EVA_OTT,Four-Seam,R,243,0.005914642875018864,0.0,0.2356931730540564,0.2416078159290753,0.005914642875018864,53.398446573464376,67.26572528883183,511,125
"Thebiay, Nolan",1000338675,EVA_OTT,Changeup,L,59,0.005911965446599001,0.0,0.2365649247251837,0.2424768901717827,0.005911965446599001,53.39367728627727,67.201540436457,512,52
"Willeman, Landon",812254,EVA_OTT,Curveball,R,52,0.005896855343546717,0.0,0.24964393043801197,0.2555407857815587,0.005896855343546717,53.36676175032924,67.13735558408216,513,29
"Reeves, Cobe",802696,NEW_YOR13,Sinker,L,44,0.005893472376427247,0.0,0.2583866948559759,0.2642801672324031,0.005893472376427247,53.360735691287815,67.07317073170732,514,25
"Simone, Andrew",1000132681,TRO_AIG,Changeup,L,67,0.005892326010331635,0.0,0.23658456416145107,0.24247689017178267,0.005892326010331635,53.35869367623674,67.00898587933247,515,53
"Whitesell, Max",1000223610,FLO_Y'A,Four-Seam,R,87,0.005889075688726422,0.0,0.23571874024034886,0.2416078159290753,0.005889075688726422,53.352903897854354,66.94480102695763,516,126
"Tokar, Heitor",677573,OTT_TIT,Four-Seam,R,124,0.005888974472440868,4.163336342344337e-17,0.23571884145663444,0.2416078159290753,0.005888974472440868,53.35272360189192,66.8806161745828,517,127
"Morgan, Cooper",692707,QUE_CAP,Curveball,L,44,0.005878191392018382,0.003076920848603046,0.24391078248726472,0.2497889738792831,0.005878191392018382,53.33351576540413,66.81643132220796,518,5
"Misla, Luis",695417,TRI_VAL,Slider,L,30,0.005874725601847614,0.0,0.23102007225625718,0.2368947978581048,0.005874725601847614,53.32734217415814,66.75224646983312,519,32
"Tokar, Heitor",677573,OTT_TIT,Slider,R,88,0.005870502891304618,0.0,0.22717054407706228,0.23304104696836692,0.005870502891304618,53.319820285192534,66.68806161745829,520,134
"Smith, Donny",1000381366,JOL_SLA,Curveball,R,38,0.005858296606087251,0.0,0.24968248917547145,0.2555407857815587,0.005858296606087251,53.298077302538935,66.62387676508345,521,30
"Jones, Logan",1000577428,FLO_Y'A,Sinker,R,38,0.0058454091897036315,0.00022291357862289085,0.24846479228065096,0.2543102014703546,0.0058454091897036315,53.2751210250238,66.5596919127086,522,29
"Maher, Adam",1000133555,TRI_VAL,Changeup,R,30,0.005840460087209175,0.0,0.24378373887673072,0.2496241989639399,0.005840460087209175,53.26630521843141,66.49550706033376,523,20
"Barron, Oscar",10163170,TES_BLA1,Curveball,R,153,0.005838518047293372,0.0,0.24970226773426535,0.2555407857815587,0.005838518047293372,53.26284587437628,66.43132220795891,524,31
"Sanders, Brayden",695550,MIS_MUD,Four-Seam,L,76,0.005824026416619142,0.0,0.24040289442298288,0.24622692083960201,0.005824026416619142,53.23703201956615,66.36713735558408,525,63
"Odonnell, Brendan",1000423478,NEW_ENG23,Slider,L,72,0.005805243602458381,0.0,0.23108955425564645,0.2368947978581048,0.005805243602458381,53.20357430534675,66.30295250320924,526,33
"Brothers, Kellen",1000131959,SUS_COU1,Sinker,R,42,0.005787999542945131,0.004577782812348052,0.24852220192740945,0.2543102014703546,0.005787999542945131,53.17285756555266,66.2387676508344,527,30
"Peyton, Blake",1000017005,GAT_GRI,Four-Seam,L,57,0.005787189290395657,0.0,0.24043973154920634,0.246226920839602,0.005787189290395657,53.17141426754557,66.17458279845955,528,64
"Blair, Davis",836357,DOW_EAS1,Four-Seam,R,111,0.005758366871581951,0.0,0.23584944905749336,0.2416078159290753,0.005758366871581951,53.120073065767855,66.11039794608472,529,128
"Brodsky, Jack",1000302079,WAS_WIL3,Four-Seam,L,90,0.005747522060576361,0.0,0.24047939877902563,0.246226920839602,0.005747522060576361,53.100755268962594,66.04621309370988,530,65
"Hill, Kaleb",1000371973,OTT_TIT,Changeup,R,150,0.005747190065586844,0.0,0.24387700889835306,0.24962419896393992,0.005747190065586844,53.10016388827883,65.98202824133504,531,21
"Steinhauer, Ryan",1000424762,NEW_JER6,Four-Seam,L,28,0.005732621498855212,0.0,0.2404942993407468,0.246226920839602,0.005732621498855212,53.074212987731045,65.91784338896021,532,66
"Vilchez, Michael",699074,OTT_TIT,Four-Seam,R,58,0.005728173403070946,-0.001078184776736199,0.23587964252600435,0.2416078159290753,0.005728173403070946,53.06628962138686,65.85365853658537,533,129
"Jones, Logan",814785,TRI_VAL,Slider,L,33,0.005707930566678167,0.0,0.23118686729142665,0.2368947978581048,0.005707930566678167,53.03023117832168,65.78947368421053,534,34
"Okumura, Shuto",1000232749,WAS_WIL3,Four-Seam,R,35,0.005702550435090736,0.005525305830498595,0.23590526549398458,0.2416078159290753,0.005702550435090736,53.02064758219096,65.72528883183568,535,130
"Cihocki, Danny",1000368111,NIU_HUS,Four-Seam,R,35,0.005701916361108591,0.0,0.23590589956796673,0.2416078159290753,0.005701916361108591,53.01951811000926,65.66110397946085,536,131
"Williams, Pierce",1000337420,NEW_ENG23,Curveball,L,59,0.005699292100431359,0.0,0.24408968177885174,0.2497889738792831,0.005699292100431359,53.014843530203244,65.59691912708601,537,6
"Milburn, Isaac",830926,FLO_Y'A,Four-Seam,L,64,0.005690822117008686,0.0036520763904935444,0.2405360987225933,0.246226920839602,0.005690822117008686,52.999755999529015,65.53273427471117,538,67
"Vega, Lucas",837223,TRO_AIG,Sinker,R,104,0.005689368829380726,0.0004458271572457817,0.2486208326409739,0.2543102014703546,0.005689368829380726,52.99716726699305,65.46854942233634,539,31
"Escobar, Anthony",678673,TRO_AIG,Four-Seam,R,160,0.005679899844592074,-0.00048017987614584756,0.2359279160844832,0.24160781592907526,0.005679899844592074,52.980300221176854,65.40436456996149,540,132
"Hill, Kaleb",1000371973,OTT_TIT,Slider,L,45,0.005672786536013075,0.0,0.23122201132209175,0.2368947978581048,0.005672786536013075,52.96762932726535,65.34017971758665,541,35
"Sechrist, Zander",801415,WAS_WIL3,Curveball,R,46,0.0056723514061607985,0.0,0.24986843437539788,0.2555407857815587,0.0056723514061607985,52.96685423306907,65.2759948652118,542,32
"Rodriguez, Joe Joe",689487,NEW_JER6,Sinker,R,60,0.00565472504067541,0.0033642890144147675,0.2486554764296792,0.2543102014703546,0.00565472504067541,52.9354564939396,65.21181001283696,543,32
"Benitez, Jorge",1000561771,NEW_JER6,Slider,L,49,0.005647428513116939,0.0,0.23124736934498788,0.2368947978581048,0.005647428513116939,52.92245923315876,65.14762516046213,544,36
"Glickstein, Aaron",1000292360,SCH_BOO,Four-Seam,R,60,0.0055801368314821465,0.0007367077026096402,0.23602767909759315,0.2416078159290753,0.0055801368314821465,52.802592964227486,65.08344030808729,545,133
"Bradford, Ethan",688428,NEW_YOR13,Changeup,R,26,0.005576146896303448,0.0016604919735963009,0.24404805206763644,0.2496241989639399,0.005576146896303448,52.795485716622295,65.01925545571245,546,22
"Thiels, Brenton",816364,MIS_MUD,Slider,L,47,0.00557438438608569,0.0,0.2313204134720191,0.2368947978581048,0.00557438438608569,52.792346167741606,64.95507060333762,547,37
"Petschke, Ben",814386,EVA_OTT,Four-Seam,R,120,0.00556098677876107,0.0,0.23604682915031422,0.2416078159290753,0.00556098677876107,52.76848109016301,64.89088575096277,548,134
"Linderman, Greyson",1000124562,JOL_SLA,Slider,L,36,0.005547376032639494,0.0,0.2313474218254653,0.2368947978581048,0.005547376032639494,52.74423634972364,64.82670089858793,549,38
"Townes, Holland",830218,SCH_BOO,Sinker,R,39,0.005527653060503249,0.006754495353302997,0.24878254840985137,0.2543102014703546,0.005527653060503249,52.70910393774086,64.7625160462131,550,33
"Wiltse, Ryan",813813,EVA_OTT,Changeup,R,32,0.005518016773428148,0.0,0.24410618219051175,0.2496241989639399,0.005518016773428148,52.691938877365175,64.69833119383826,551,23
"Johnston, Spencer",800918,DOW_EAS1,Curveball,R,34,0.005513858789736736,0.0008721612648717736,0.25002692699182194,0.2555407857815587,0.005513858789736736,52.68453228595211,64.63414634146342,552,33
"Peyton, Blake",1000017005,GAT_GRI,Changeup,R,84,0.005509446946324633,0.0,0.24411475201761526,0.2496241989639399,0.005509446946324633,52.67667349574104,64.56996148908858,553,24
"Balzan, Jackson",827496,SUS_COU1,Four-Seam,R,120,0.005509085211135702,0.0018297122181692854,0.2360987307179396,0.2416078159290753,0.005509085211135702,52.67602913901842,64.50577663671375,554,135
"Floyd, Conner",1000161370,QUE_CAP,Four-Seam,R,117,0.005501176145739133,0.00496689156074509,0.23610663978333618,0.2416078159290753,0.005501176145739133,52.661940768260116,64.4415917843389,555,136
"Widener, Jacob",683179,SUS_COU1,Four-Seam,R,55,0.005493841629696436,0.0,0.23611397429937886,0.2416078159290753,0.005493841629696436,52.64887583882016,64.37740693196406,556,137
"Delaney, Carter",1000039247,WIN_CIT29,Curveball,R,38,0.005492722198838788,0.0,0.2500480635827199,0.2555407857815587,0.005492722198838788,52.646881803346936,64.31322207958921,557,34
"Henderson, Drew",1000429021,DOW_EAS1,Four-Seam,R,213,0.005487825598525533,0.0,0.23611999033054976,0.2416078159290753,0.005487825598525533,52.63815951857505,64.24903722721437,558,138
"Anderson, Colt",1000568252,WAS_WIL3,Four-Seam,R,135,0.005483647416587967,0.0,0.23612416851248733,0.2416078159290753,0.005483647416587967,52.630716948147246,64.18485237483954,559,139
"Lawson, Nathan",1000569348,FLO_Y'A,Sinker,L,87,0.005477988499116588,0.0,0.2588021787332865,0.2642801672324031,0.005477988499116588,52.6206367523934,64.1206675224647,560,26
"Coles, Chad",694311,WAS_WIL3,Four-Seam,L,78,0.005475853342848717,0.0,0.24075106749675326,0.24622692083960201,0.005475853342848717,52.616833411338504,64.05648267008985,561,68
"Townes, Holland",830218,SCH_BOO,Curveball,R,52,0.005474046515746803,0.0,0.2500667392658119,0.2555407857815587,0.005474046515746803,52.613614921057845,63.99229781771501,562,35
"Drakeford, Dosie",836144,NEW_JER6,Changeup,L,54,0.005473557668941283,0.0,0.23700333250284142,0.24247689017178267,0.005473557668941283,52.612744141174915,63.928112965340176,563,54
"Toribio, Noe",672848,TRO_AIG,Sinker,R,147,0.005467150043945493,0.0015796552255746832,0.2488430514264091,0.2543102014703546,0.005467150043945493,52.60133027719802,63.86392811296534,564,34
"Sanchez, Dikember",699129,LAK_ERI24,Slider,L,40,0.005461391984746591,0.0,0.2314334058733582,0.2368947978581048,0.005461391984746591,52.59107348087951,63.7997432605905,565,39
"Sesar, Jorden",813853,SUS_COU1,Curveball,R,68,0.005449202100416312,0.0005922045359001427,0.25009158368114237,0.2555407857815587,0.005449202100416312,52.569359713027715,63.73555840821567,566,36
"Snyder, Jack",801389,SCH_BOO,Four-Seam,R,33,0.005447237403225932,-0.0009603597522916951,0.23616057852584935,0.2416078159290753,0.005447237403225932,52.56586000970527,63.67137355584083,567,140
"McCartney, Seth",823530,MIS_MUD,Sinker,R,53,0.005442633180542271,0.006737473613256606,0.24886756828981232,0.2543102014703546,0.005442633180542271,52.557658535451516,63.60718870346598,568,35
"Toribio, Noe",672848,TRO_AIG,Changeup,R,43,0.005429049166936261,0.0,0.24419514979700366,0.2496241989639399,0.005429049166936261,52.5334614134818,63.54300385109114,569,25
"Burcham, Jacob",1000122547,GAT_GRI,Changeup,R,30,0.005421376383860884,0.001629921658212588,0.24420282258007903,0.2496241989639399,0.005421376383860884,52.5197939310052,63.4788189987163,570,26
"Benitez, Jorge",1000561771,NEW_JER6,Changeup,R,34,0.005408838155629953,0.0,0.2442153608083099,0.24962419896393992,0.005408838155629953,52.49745966025229,63.41463414634146,571,27
"Forsyth, Braden",687732,MIS_MUD,Four-Seam,R,135,0.005399570948500495,0.0,0.23620824498057477,0.2416078159290753,0.005399570948500495,52.48095203977031,63.350449293966626,572,141
"Williams, Pierce",1000337420,NEW_ENG23,Four-Seam,R,134,0.005395699207010567,0.0,0.2362121167220647,0.24160781592907526,0.005395699207010567,52.47405532987408,63.28626444159179,573,142
"Drakeford, Dosie",836144,NEW_JER6,Four-Seam,R,33,0.0053899697664614365,0.0021860090311192903,0.23621784616261385,0.2416078159290753,0.0053899697664614365,52.46384951178478,63.22207958921694,574,143
"Sittinger, Brandyn",670087,LAK_ERI24,Four-Seam,R,104,0.005381944708448986,0.0,0.2362258712206263,0.2416078159290753,0.005381944708448986,52.44955452407545,63.1578947368421,575,144
"Henderson, Drew",1000429021,DOW_EAS1,Changeup,R,43,0.005373212240564359,0.0,0.24425098672337553,0.2496241989639399,0.005373212240564359,52.43399943140332,63.093709884467266,576,28
"Westcott, Zac",686170,FLO_Y'A,Changeup,L,128,0.005356153910326378,0.0,0.23712073626145633,0.2424768901717827,0.005356153910326378,52.40361353005341,63.02952503209242,577,55
"Correa, Nelvin",673388,QUE_CAP,Slider,R,63,0.005333264946186649,0.0,0.22770778202218026,0.2330410469683669,0.005333264946186649,52.362841555502065,62.965340179717586,578,135
"Sechrist, Zander",801415,WAS_WIL3,Slider,L,34,0.005308419864191981,0.0,0.23158637799391282,0.23689479785810477,0.005308419864191981,52.318585159947034,62.90115532734275,579,40
"Kassebaum, Torin",10120793,LON_ISL22,Curveball,L,25,0.005303465636382923,0.004823510448717289,0.24448550824290016,0.2497889738792831,0.005303465636382923,52.30976022366248,62.83697047496791,580,7
"Drakeford, Dosie",836144,NEW_JER6,Four-Seam,L,66,0.005282668983572461,0.0,0.24094425185602955,0.24622692083960201,0.005282668983572461,52.272715270733855,62.77278562259306,581,69
"Long, Jalon",809215,NEW_YOR13,Changeup,L,83,0.005275853689017985,0.0,0.23720103648276472,0.2424768901717827,0.005275853689017985,52.260575227416965,62.708600770218226,582,56
"Gaskey, Blake",1000362764,NIU_HUS,Four-Seam,L,29,0.00526959187300737,0.0,0.2409573289665946,0.246226920839602,0.00526959187300737,52.24942109211091,62.64441591784339,583,70
"Garcia, Jorge",1000221236,SUS_COU1,Four-Seam,R,70,0.005259395977998056,0.0,0.23634841995107725,0.2416078159290753,0.005259395977998056,52.2312592054781,62.58023106546855,584,145
"Vail, Tyler",592821,NEW_YOR13,Four-Seam,R,164,0.005216993545265454,0.0,0.23639082238380985,0.2416078159290753,0.005216993545265454,52.15572800634935,62.51604621309371,585,146
"Delongchamp, Luke",802194,TRI_VAL,Changeup,R,92,0.005208527559254911,0.0004811242734494986,0.24441567140468498,0.2496241989639399,0.005208527559254911,52.140647596241365,62.45186136071887,586,29
"Puccetti, Dominic",1000266076,OTT_TIT,Four-Seam,R,183,0.005190327184160952,0.0,0.23641748874491436,0.2416078159290753,0.005190327184160952,52.10822737723863,62.38767650834403,587,147
"Smith, Ethan",680733,WIN_CIT29,Curveball,R,32,0.005188890592547561,0.0,0.25035189518901113,0.2555407857815587,0.005188890592547561,52.105668385213285,62.323491655969185,588,37
"Cooper, Garrett",1000327042,NEW_YOR13,Four-Seam,L,101,0.0051783906868353565,0.007354578999680783,0.24104853015276664,0.246226920839602,0.0051783906868353565,52.08696496613866,62.25930680359435,589,71
"Pindel, Buddie",1000054422,SCH_BOO,Changeup,L,83,0.005161240300335067,0.0,0.23731564987144763,0.2424768901717827,0.005161240300335067,52.056415085520776,62.19512195121951,590,57
"House, Tristan",1000248636,MIS_MUD,Four-Seam,L,141,0.005158752649280093,0.0,0.2410681681903219,0.24622692083960196,0.005158752649280093,52.05198384761561,62.130937098844676,591,72
"Wiltse, Ryan",813813,EVA_OTT,Curveball,R,27,0.005158610311706864,0.0,0.2503821754698518,0.2555407857815587,0.005158610311706864,52.05173030255005,62.06675224646984,592,38
"Zeplin, Blane",830954,JOL_SLA,Slider,L,29,0.005150967557030095,0.0,0.2317438303010747,0.2368947978581048,0.005150967557030095,52.038116309479804,62.002567394094996,593,41
"Estrella, Noah",805762,TRI_VAL,Sinker,L,27,0.005144303554224748,0.0,0.25913586367817837,0.2642801672324031,0.005144303554224748,52.026245761248305,61.93838254172015,594,27
"Colon, Jeffrey",681738,TRO_AIG,Sinker,L,30,0.005116321823959395,0.0,0.2591638454084437,0.2642801672324031,0.005116321823959395,51.97640207293995,61.87419768934531,595,28
"Moreno, Jose",1000306184,DOW_EAS1,Changeup,L,41,0.005111515307368203,0.0,0.23736537486441453,0.2424768901717827,0.005111515307368203,51.96784025376192,61.81001283697047,596,58
"Bell, Jacob",1000200105,SCH_BOO,Four-Seam,L,39,0.005104324832616822,0.0,0.24112259600698516,0.24622692083960201,0.005104324832616822,51.95503190421034,61.745827984595635,597,73
"Sesar, Jorden",813853,SUS_COU1,Four-Seam,R,215,0.005103811546846428,0.0,0.23650400438222885,0.2416078159290753,0.005103811546846428,51.954117591345835,61.6816431322208,598,148
"Hicks, Jackson",703104,DOW_EAS1,Four-Seam,L,49,0.005098316806894461,0.0,0.24112860403270753,0.246226920839602,0.005098316806894461,51.944329844022704,61.61745827984596,599,74
"Sesar, Jorden",813853,SUS_COU1,Four-Seam,L,220,0.005092920047732941,0.0,0.24113400079186906,0.246226920839602,0.005092920047732941,51.93471662929398,61.55327342747111,600,75
"Vail, Tyler",592821,NEW_YOR13,Slider,L,33,0.005082969606432261,0.0,0.23181182825167254,0.2368947978581048,0.005082969606432261,51.91699196788032,61.489088575096275,601,42
"Thiels, Brenton",816364,MIS_MUD,Sinker,L,31,0.005077805224004914,0.0,0.2592023620083982,0.2642801672324031,0.005077805224004914,51.90779268443456,61.42490372272144,602,29
"Puccetti, Dominic",1000266076,OTT_TIT,Four-Seam,L,144,0.005066978461277187,0.0,0.24115994237832478,0.24622692083960201,0.005066978461277187,51.888507036918426,61.360718870346595,603,76
"Bice, Emmett",828456,NEW_YOR13,Four-Seam,R,58,0.0050619242235668115,-0.002156369553472398,0.23654589170550847,0.2416078159290753,0.0050619242235668115,51.87950395359644,61.29653401797176,604,149
"Sanchez, Edwin",835958,LAK_ERI24,Sinker,L,61,0.005041703360284909,0.0,0.2592384638721182,0.2642801672324031,0.005041703360284909,51.84348465110188,61.23234916559692,605,30
"Forsyth, Braden",687732,MIS_MUD,Slider,R,97,0.005036848869688934,0.0,0.22800419809867795,0.2330410469683669,0.005036848869688934,51.834837376116845,61.168164313222086,606,136
"Cox, Carter",10156934,NIU_HUS,Slider,L,26,0.005036197660399451,0.0,0.23185860019770535,0.2368947978581048,0.005036197660399451,51.83367738091495,61.103979460847235,607,43
"Fritz, AJ",1000059998,MIS_MUD,Sinker,L,33,0.005008084534061697,0.0,0.2592720826983414,0.2642801672324031,0.005008084534061697,51.783599637570845,61.0397946084724,608,31
"Darden, Nathan",1000439869,FLO_Y'A,Four-Seam,R,62,0.005007746480808708,0.0,0.2366000694482666,0.2416078159290753,0.005007746480808708,51.78299746533869,60.97560975609756,609,150
"Harris, Ben",1000390130,GAT_GRI,Curveball,R,133,0.00500329216320983,0.0,0.25053749361834887,0.2555407857815587,0.00500329216320983,51.77506301611344,60.91142490372272,610,39
"Morgan, Marcus",808861,JOL_SLA,Sinker,L,54,0.004986736507728339,0.0,0.25929343072467476,0.2642801672324031,0.004986736507728339,51.745572526292605,60.84724005134788,611,32
"Cox, Carter",10156934,NIU_HUS,Four-Seam,L,54,0.004957289954104962,0.0,0.24126963088549702,0.246226920839602,0.004957289954104962,51.69311955692151,60.783055198973045,612,77
"Jones, Logan",1000577428,FLO_Y'A,Slider,R,26,0.004954794553341089,0.0,0.2280862524150258,0.2330410469683669,0.004954794553341089,51.68867451450636,60.71887034659821,613,137
"Harris, Everette",810834,TRI_VAL,Changeup,L,56,0.00491785556111027,0.0,0.23755903461067243,0.2424768901717827,0.00491785556111027,51.62287530917783,60.65468549422336,614,59
"Linderman, Greyson",1000124562,JOL_SLA,Slider,R,30,0.004903730236602027,0.0,0.22813731673176488,0.2330410469683669,0.004903730236602027,51.59771395334434,60.59050064184852,615,138
"Escobar, Anthony",678673,TRO_AIG,Slider,R,113,0.004901309350355327,0.0,0.22813973761801157,0.2330410469683669,0.004901309350355327,51.59340164319174,60.526315789473685,616,139
"Lefebvre, Charles",1000429097,TRO_AIG,Changeup,L,92,0.004898549618561321,0.0,0.23757834055322136,0.2424768901717827,0.004898549618561321,51.58848574949787,60.46213093709885,617,60
"Williams, Pierce",1000337420,NEW_ENG23,Four-Seam,L,88,0.004875029566550068,0.0,0.24135189127305193,0.246226920839602,0.004875029566550068,51.54658962190577,60.397946084724005,618,78
"McKillican, Adam",1000570064,QUE_CAP,Changeup,L,27,0.004871711508800604,0.00422997828505059,0.2376051786629821,0.24247689017178267,0.004871711508800604,51.54067918553586,60.33376123234917,619,61
"Salata, Derek",1000057774,SCH_BOO,Four-Seam,R,224,0.00483946996678337,0.0,0.23676834596229193,0.2416078159290753,0.00483946996678337,51.48324752010102,60.269576379974325,620,151
"Fauci, Sonny",688649,NEW_JER6,Curveball,L,30,0.004826580820095548,0.0,0.24496239305918754,0.2497889738792831,0.004826580820095548,51.46028816040538,60.20539152759948,621,8
"Lovin, Xander",815234,GAT_GRI,Four-Seam,L,127,0.00482033514996512,0.0,0.24140658568963688,0.246226920839602,0.00482033514996512,51.44916278565888,60.141206675224645,622,79
"Tiburcio, David",696010,DOW_EAS1,Four-Seam,L,28,0.004817586335318051,0.0,0.24140933450428395,0.246226920839602,0.004817586335318051,51.44426633861337,60.07702182284981,623,80
"Almonte, Dawil",805044,EVA_OTT,Four-Seam,R,89,0.004792132654963454,0.0,0.23681568327411184,0.2416078159290753,0.004792132654963454,51.398925850449714,60.01283697047497,624,152
"Leak, Anthony",1000264276,NEW_YOR13,Four-Seam,R,71,0.004787374705373244,0.0,0.23682044122370208,0.2416078159290753,0.004787374705373244,51.390450543379266,59.948652118100135,625,153
"Castro, Alexander",669418,TRO_AIG,Four-Seam,L,45,0.004781124713138,0.0,0.24144579612646397,0.246226920839602,0.004781124713138,51.37931746969337,59.88446726572529,626,81
"Pierson, Kenny",1000055344,LAK_ERI24,Sinker,R,136,0.00476759527842345,0.0,0.24954260619193114,0.2543102014703546,0.00476759527842345,51.355217568775686,59.82028241335045,627,36
"Majick, Eli",828663,NEW_ENG23,Changeup,R,41,0.004758594850304692,0.0,0.2448656041136352,0.24962419896393992,0.004758594850304692,51.339185160145526,59.756097560975604,628,30
"Bohnert, Matthew",810066,WIN_CIT29,Four-Seam,L,129,0.004755890331881761,0.0,0.24147103050772023,0.246226920839602,0.004755890331881761,51.33436761769842,59.69191270860077,629,82
"Peters, Garrett",833402,NEW_YOR13,Curveball,L,87,0.004749014127086278,0.0,0.2450399597521968,0.24978897387928306,0.004749014127086278,51.32211907533452,59.62772785622593,630,9
"MacMillan, Blake",832350,TRO_AIG,Four-Seam,R,80,0.004744072881121486,0.0,0.2368637430479538,0.24160781592907526,0.004744072881121486,51.3133172635313,59.563543003851095,631,154
"Johnson, Caiden",1000147367,OTT_TIT,Sinker,L,33,0.004742488987121205,0.0,0.2595376782452819,0.2642801672324031,0.004742488987121205,51.31049588264761,59.49935815147626,632,33
"Calderon, Jean",703300,LAK_ERI24,Four-Seam,L,36,0.004741908826625903,0.0,0.2414850120129761,0.24622692083960201,0.004741908826625903,51.30946244623669,59.43517329910141,633,83
"Kines, Gunnar",665129,JOL_SLA,Sinker,R,36,0.004722283097119215,0.004937006580765166,0.24958791837323538,0.2543102014703546,0.004722283097119215,51.274503251966756,59.37098844672657,634,37
"Harris, Ben",1000390130,GAT_GRI,Four-Seam,R,242,0.0047150470591141,0.0,0.2368927688699612,0.24160781592907526,0.0047150470591141,51.26161374086455,59.306803594351734,635,155
"Woolfolk, Dallas",663762,SCH_BOO,Four-Seam,R,52,0.004707823552711552,0.0,0.23689999237636375,0.2416078159290753,0.004707823552711552,51.248746552230834,59.24261874197689,636,156
"Long, Jalon",809215,NEW_YOR13,Four-Seam,R,104,0.004701139625652745,0.0,0.23690667630342255,0.2416078159290753,0.004701139625652745,51.23684051304613,59.178433889602054,637,157
"Pierson, Kenny",1000055344,LAK_ERI24,Changeup,R,149,0.004682456236944994,0.0,0.24494174272699493,0.2496241989639399,0.004682456236944994,51.2035599047899,59.11424903722722,638,31
"Foltz Jr., Michael",803189,WAS_WIL3,Curveball,L,30,0.004654333699515039,0.0017844042497923984,0.24513464017976805,0.2497889738792831,0.004654333699515039,51.153465397523696,59.05006418485238,639,10
"Shears, Tanner",808632,SCH_BOO,Four-Seam,L,87,0.004643169924926175,0.0,0.24158375091467582,0.246226920839602,0.004643169924926175,51.13357943280046,58.98587933247753,640,84
"Garcia, Brett",702286,OTT_TIT,Curveball,R,60,0.004642442114276711,0.0,0.250898343667282,0.2555407857815587,0.004642442114276711,51.13228298805543,58.921694480102694,641,40
"Rodriguez, Leonardo",673164,NEW_JER6,Four-Seam,R,51,0.004642016052331142,0.0,0.23696579987674415,0.2416078159290753,0.004642016052331142,51.131524046466986,58.85750962772786,642,158
"Barron, Oscar",10163170,TES_BLA1,Changeup,R,266,0.004633970024969511,0.0,0.24499022893897035,0.2496241989639399,0.004633970024969511,51.117191706181714,58.793324775353014,643,32
"Maietta, Dante",1000137704,WIN_CIT29,Four-Seam,R,205,0.004633725354028412,0.0,0.23697409057504687,0.2416078159290753,0.004633725354028412,51.116755875301685,58.72913992297818,644,159
"Escobar, Anthony",678673,TRO_AIG,Sinker,R,62,0.004623113905000429,0.0,0.24968708756535415,0.2543102014703546,0.004623113905000429,51.097853764787615,58.66495507060334,645,38
"Maietta, Dante",1000137704,WIN_CIT29,Changeup,R,77,0.004622738196961947,0.0,0.24500146076697796,0.2496241989639399,0.004622738196961947,51.09718451831188,58.60077021822849,646,33
"Rodriguez, Luis",693543,TRO_AIG,Four-Seam,R,91,0.004603640209460675,0.0,0.23700417571961463,0.24160781592907532,0.004603640209460675,51.063165387711194,58.536585365853654,647,160
"Godwin, Connor",802684,NEW_YOR13,Sinker,R,81,0.004601321165783834,0.0026770412748324257,0.24970888030457078,0.2543102014703546,0.004601321165783834,51.059034489117515,58.47240051347882,648,39
"Delongchamp, Luke",802194,TRI_VAL,Slider,R,26,0.004594205107084169,0.0,0.22844684186128272,0.2330410469683669,0.004594205107084169,51.046358696432556,58.40821566110398,649,140
"Burcham, Jacob",1000122547,GAT_GRI,Sinker,R,130,0.004574610815453593,0.0,0.24973559065490103,0.2543102014703546,0.004574610815453593,51.0114555022628,58.344030808729144,650,40
"Kelly, Aiden",1000062337,TRI_VAL,Curveball,R,25,0.004572233750915477,0.0,0.2509685520306432,0.2555407857815587,0.004572233750915477,51.0072212514569,58.2798459563543,651,41
"Salata, Derek",1000057774,SCH_BOO,Cutter,R,64,0.00456404106876933,0.0,0.24110366890432536,0.2456677099730947,0.00456404106876933,50.9926276758835,58.215661103979464,652,7
"Toribio, Noe",672848,TRO_AIG,Changeup,L,154,0.004548158410211238,0.0,0.23792873176157148,0.2424768901717827,0.004548158410211238,50.96433599144618,58.15147625160462,653,62
"Brito, Richard",695870,NEW_ENG23,Four-Seam,L,48,0.004540663250590258,-0.0016968506694011593,0.24168625758901174,0.246226920839602,0.004540663250590258,50.95098490856364,58.08729139922978,654,85
"Garcia, Andrew",1000190083,EVA_OTT,Four-Seam,R,117,0.004539393391701691,0.0,0.2370684225373736,0.2416078159290753,0.004539393391701691,50.948722916541094,58.02310654685494,655,161
"Harper, Scott",1000241275,NEW_YOR13,Slider,L,31,0.0045163293588184805,0.0013709594136427083,0.2323784684992863,0.2368947978581048,0.0045163293588184805,50.907639093086914,57.958921694480104,656,44
"Long, Maddox",1000248716,WAS_WIL3,Four-Seam,L,85,0.00451546402994079,-0.00023861374503481025,0.2417114568096612,0.246226920839602,0.00451546402994079,50.90609768794667,57.89473684210527,657,86
"Wiltse, Ryan",813813,EVA_OTT,Four-Seam,R,182,0.004505138701673673,0.0,0.2371026772274016,0.24160781592907532,0.004505138701673673,50.88770524262799,57.83055198973043,658,162
"Noriega, Branden",804447,LAK_ERI24,Four-Seam,L,55,0.004504215594734443,0.0,0.24172270524486753,0.246226920839602,0.004504215594734443,50.88606091777324,57.76636713735558,659,87
"Parra, Andres",800365,LAK_ERI24,Slider,L,61,0.004498225485831834,0.0,0.23239657237227296,0.2368947978581048,0.004498225485831834,50.87539077270918,57.70218228498074,660,45
"Carroll, Jake",1000088275,JOL_SLA,Four-Seam,L,118,0.004496175818485858,0.0,0.24173074502111613,0.246226920839602,0.004496175818485858,50.87173971255815,57.6379974326059,661,88
"Parsons, Billy",698892,SUS_COU1,Slider,L,111,0.0044956986197695935,0.0017224966020771004,0.2323990992383352,0.2368947978581048,0.0044956986197695935,50.870889681346746,57.57381258023106,662,46
"Traver, Eliott",1000124995,LAK_ERI24,Sinker,R,57,0.004475383481876639,0.0013830400329910009,0.24983481798847795,0.2543102014703546,0.004475383481876639,50.83470244805291,57.50962772785623,663,41
"Finarelli, Nick",811104,LON_ISL22,Curveball,R,27,0.004466621111832524,0.0,0.25107416466972615,0.2555407857815587,0.004466621111832524,50.819094090843414,57.44544287548139,664,42
"Tokar, Heitor",677573,OTT_TIT,Curveball,R,28,0.0044529427005363465,0.0,0.25108784308102233,0.2555407857815587,0.0044529427005363465,50.794728818834336,57.381258023106554,665,43
"Allemann, Braeden",1000367619,QUE_CAP,Four-Seam,R,219,0.004447896578378007,0.0,0.2371599193506973,0.2416078159290753,0.004447896578378007,50.78574019169652,57.3170731707317,666,163
"Bell, Brendan",681141,NEW_ENG23,Cutter,R,25,0.004432655971663241,0.0,0.24123505400143144,0.2456677099730947,0.004432655971663241,50.75859219035718,57.25288831835687,667,8
"Majick, Eli",828663,NEW_ENG23,Cutter,R,40,0.0044324550822974615,0.001955290552859798,0.24123525489079722,0.2456677099730947,0.0044324550822974615,50.7582343473347,57.18870346598203,668,9
"Escobar, Anthony",678673,TRO_AIG,Curveball,R,26,0.004413246823485788,0.0004566736703414953,0.25112753895807294,0.2555407857815587,0.004413246823485788,50.72401879111012,57.12451861360719,669,44
"Misla, Luis",695417,TRI_VAL,Curveball,R,57,0.004398173645003483,0.0,0.2511426121365552,0.2555407857815587,0.004398173645003483,50.69716902867715,57.06033376123235,670,45
"Manning, Noah",828538,WIN_CIT29,Changeup,R,39,0.004387302965222646,0.0021294437974999914,0.24523689599871723,0.2496241989639399,0.004387302965222646,50.67780515197769,56.99614890885751,671,34
"Givens-Craig, Hayden",1000146243,SUS_COU1,Changeup,L,50,0.004383101686431775,0.0,0.23809378848535093,0.2424768901717827,0.004383101686431775,50.67032143926361,56.93196405648266,672,63
"Hansell, Mike",804667,TRO_AIG,Sinker,R,25,0.004368734971323224,0.0,0.24994146649903137,0.2543102014703546,0.004368734971323224,50.64473009580148,56.867779204107826,673,42
"Parenteau, Matt",1000091037,EVA_OTT,Four-Seam,L,28,0.004360724538321964,0.0002798218268239977,0.24186619630128003,0.246226920839602,0.004360724538321964,50.63046115953687,56.80359435173299,674,89
"Leach, Landon",667743,TRO_AIG,Four-Seam,R,47,0.004354270618748264,0.0,0.23725354531032705,0.24160781592907526,0.004354270618748264,50.61896483130598,56.73940949935815,675,164
"Zentko, Dylan",1000303828,EVA_OTT,Four-Seam,R,82,0.004320789181594967,0.0,0.2372870267474803,0.2416078159290753,0.004320789181594967,50.55932454810123,56.67522464698331,676,165
"Helt, Robert",836007,LAK_ERI24,Curveball,R,56,0.004305212364258388,0.0,0.2512355734173003,0.2555407857815587,0.004305212364258388,50.531577656797594,56.61103979460847,677,46
"Galva, Claudio",669996,GAT_GRI,Slider,R,66,0.004276544578887549,0.0,0.22876450238947935,0.2330410469683669,0.004276544578887549,50.48051190264428,56.54685494223364,678,141
"Perdomo, Rafael",1000557553,QUE_CAP,Four-Seam,R,57,0.004257483788806739,-0.0009603597522916951,0.23735033214026857,0.2416078159290753,0.004257483788806739,50.44655903158558,56.482670089858786,679,166
"Odonnell, Brendan",1000423478,NEW_ENG23,Sinker,R,31,0.004244847903700351,0.0,0.25006535356665427,0.2543102014703546,0.004244847903700351,50.42405080522609,56.41848523748395,680,43
"Perdomo, Rafael",1000557553,QUE_CAP,Four-Seam,L,108,0.004217378609816215,0.0,0.24200954222978577,0.246226920839602,0.004217378609816215,50.37511991677039,56.35430038510911,681,90
"Maietta, Dante",1000137704,WIN_CIT29,Four-Seam,L,158,0.004213273790461931,0.0,0.24201364704914005,0.246226920839602,0.004213273790461931,50.367808026672215,56.290115532734276,682,91
"Valdez, Alex",677678,EVA_OTT,Four-Seam,R,86,0.004209662593911499,0.0,0.2373981533351638,0.2416078159290753,0.004209662593911499,50.36137542391417,56.22593068035944,683,167
"Hickey, Matt",806277,GAT_GRI,Four-Seam,L,32,0.004207431800970708,0.0,0.24201948903863127,0.246226920839602,0.004207431800970708,50.35740172582735,56.161745827984596,684,92
"Castro, Alexander",669418,TRO_AIG,Slider,L,45,0.004207051087469649,0.0,0.23268774677063517,0.2368947978581048,0.004207051087469649,50.35672356315114,56.09756097560976,685,47
"Barreto, Brayhans",810980,TRI_VAL,Four-Seam,R,61,0.004205815613437453,0.0,0.23740200031563785,0.2416078159290753,0.004205815613437453,50.354522820667036,56.033376123234916,686,168
"Baird, Dustin",1000027580,MIS_MUD,Sinker,L,38,0.004199371144229027,0.0,0.2600807960881741,0.2642801672324031,0.004199371144229027,50.34304332631513,55.96919127086007,687,34
"Simone, Andrew",1000132681,TRO_AIG,Four-Seam,L,62,0.004194272507788285,0.0,0.2420326483318137,0.246226920839602,0.004194272507788285,50.33396115580102,55.905006418485236,688,93
"Harris, Ben",1000390130,GAT_GRI,Four-Seam,L,146,0.004179765022463061,0.0,0.2420471558171389,0.246226920839602,0.004179765022463061,50.30811905919616,55.8408215661104,689,94
"Peters, Andrew",687107,NEW_JER6,Four-Seam,R,89,0.004171417761826274,0.0,0.237436398167249,0.2416078159290753,0.004171417761826274,50.29325013388443,55.77663671373556,690,169
"Simpson, Garret",1000073158,EVA_OTT,Four-Seam,L,160,0.004151329949878489,0.0,0.2420755908897235,0.24622692083960201,0.004151329949878489,50.25746783493339,55.71245186136073,691,95
"Benitez, Jorge",1000561771,NEW_JER6,Four-Seam,L,32,0.004149815499314567,0.004582748954353691,0.24207710534028742,0.246226920839602,0.004149815499314567,50.2547701532264,55.648267008985876,692,96
"Savinon, Jordan",842444,NEW_YOR13,Four-Seam,R,27,0.004145588888672943,0.0,0.23746222704040235,0.2416078159290753,0.004145588888672943,50.2472413170385,55.58408215661104,693,170
"Scott, Brandon",1000138331,LAK_ERI24,Four-Seam,L,124,0.0041445882127146986,0.0,0.2420823326268873,0.246226920839602,0.0041445882127146986,50.245458818955385,55.519897304236196,694,97
"Villalobos, Jonaiker",665690,FLO_Y'A,Curveball,L,49,0.004119607046351765,0.0,0.2456693668329313,0.2497889738792831,0.004119607046351765,50.200960017131294,55.45571245186136,695,11
"Kaminer, Brandon",690510,DOW_EAS1,Four-Seam,R,121,0.004106034540273637,0.0,0.23750178138880165,0.24160781592907526,0.004106034540273637,50.176783393451984,55.39152759948652,696,171
"Hernandez, Nyan",683466,NEW_JER6,Sinker,R,39,0.0040995612382311725,0.003301355922926519,0.2502106402321234,0.2543102014703546,0.0040995612382311725,50.16525253934572,55.327342747111686,697,44
"Balzan, Jackson",827496,SUS_COU1,Slider,L,51,0.004098724988834091,0.0,0.2327960728692707,0.2368947978581048,0.004098724988834091,50.1637629333099,55.26315789473685,698,48
"Ortiz, Julio",683650,GAT_GRI,Four-Seam,R,169,0.0040981471800864925,0.0,0.2375096687489888,0.24160781592907532,0.0040981471800864925,50.16273368605306,55.198973042362,699,172
"Cameron, Wyatt",1000179557,SCH_BOO,Four-Seam,L,78,0.0040810706520655665,0.004106389697208529,0.2421458501875364,0.24622692083960201,0.0040810706520655665,50.132315369101526,55.13478818998716,700,98
"Lovin, Xander",815234,GAT_GRI,Slider,L,51,0.004070316490077596,0.0013709594136427083,0.23282448136802722,0.2368947978581048,0.004070316490077596,50.11315904484771,55.070603337612326,701,49
"Smith, Donny",1000381366,JOL_SLA,Sinker,L,67,0.004064195194061438,0.0,0.2602159720383417,0.2642801672324031,0.004064195194061438,50.10225521696505,55.00641848523748,702,35
"Rohde, Isaac",1000135938,NEW_YOR13,Curveball,L,34,0.004062596790628069,0.0,0.24572637708865502,0.2497889738792831,0.004062596790628069,50.0994079905152,54.942233632862646,703,12
"McEvoy, Aidan",1000079355,FLO_Y'A,Changeup,R,41,0.004059045243090172,0.0,0.2455651537208497,0.24962419896393992,0.004059045243090172,50.09308164018545,54.87804878048781,704,35
"Snyder, Jack",801389,SCH_BOO,Slider,R,25,0.004055942349188134,0.0,0.22898510461917876,0.2330410469683669,0.004055942349188134,50.08755447388658,54.81386392811296,705,142
"Harajli, Ahmad",800677,FLO_Y'A,Four-Seam,L,72,0.0040386989921966975,0.0,0.2421882218474053,0.24622692083960201,0.0040386989921966975,50.05683898549038,54.74967907573812,706,99
"Miranda, Kevin",806656,OTT_TIT,Four-Seam,L,85,0.004031883126646802,0.0,0.2421950377129552,0.246226920839602,0.004031883126646802,50.04469792506278,54.685494223363285,707,100
"Andueza, Axel",672847,DOW_EAS1,Changeup,L,69,0.004027702528326625,0.0,0.23844918764345607,0.2424768901717827,0.004027702528326625,50.03725105034712,54.62130937098845,708,64
"Duncan, Tanner",677365,DOW_EAS1,Four-Seam,R,70,0.004018258165329523,-0.001078184776736199,0.23758955776374577,0.2416078159290753,0.004018258165329523,50.02042786318055,54.557124518613605,709,173
"Gollert, Harley",1000114236,TRO_AIG,Curveball,R,35,0.00401725096389521,0.0,0.2515235348176635,0.2555407857815587,0.00401725096389521,50.01863374130605,54.49293966623877,710,47
"Orth, Harry",1000145875,SCH_BOO,Sinker,L,38,0.004004864770151293,0.0007400968631154914,0.26027530246225183,0.2642801672324031,0.004004864770151293,49.99657028867306,54.42875481386393,711,36
"Saturria, Michael",800014,NEW_ENG23,Slider,R,117,0.003998436198778984,0.0,0.22904261076958793,0.2330410469683669,0.003998436198778984,49.98511911304129,54.36456996148908,712,143
"Ferguson, Francis",823799,QUE_CAP,Four-Seam,R,78,0.003987241061948469,-0.001321567113321695,0.23762057486712684,0.24160781592907532,0.003987241061948469,49.965177282945085,54.300385109114245,713,174
"Correa, Nelvin",673388,QUE_CAP,Changeup,L,53,0.0039859578535682665,0.0,0.23849093231821444,0.2424768901717827,0.0039859578535682665,49.962891511553146,54.23620025673941,714,65
"Plumadore, Carson",1000207816,WIN_CIT29,Sinker,L,68,0.003975575829708304,0.0,0.26030459140269485,0.2642801672324031,0.003975575829708304,49.94439807471495,54.17201540436457,715,37
"Roland, Cole",813401,QUE_CAP,Changeup,R,33,0.00396223097237443,0.0015319580318746973,0.24566196799156545,0.24962419896393986,0.00396223097237443,49.92062696037851,54.107830551989736,716,36
"Daly, Ryan",831333,JOL_SLA,Sinker,L,67,0.003959578914802961,0.0007400968631154914,0.2603205883176002,0.2642801672324031,0.003959578914802961,49.915902866131496,54.04364569961489,717,38
"Turner, Eric",1000080978,JOL_SLA,Sinker,L,44,0.003939302146638426,0.0,0.26034086508576465,0.2642801672324031,0.003939302146638426,49.87978398060478,53.97946084724005,718,39
"Johnston, Spencer",800918,DOW_EAS1,Slider,R,97,0.003931244614970956,0.0,0.22910980235339595,0.2330410469683669,0.003931244614970956,49.86543114776851,53.91527599486521,719,144
"Nabholz, Nate",1000113106,TRI_VAL,Slider,R,48,0.0039173003734808845,0.0,0.229123746594886,0.2330410469683669,0.0039173003734808845,49.8405923540293,53.85109114249037,720,145
"Campbell, AJ",1000132168,WIN_CIT29,Four-Seam,L,195,0.003913298923622838,0.0,0.24231362191597913,0.246226920839602,0.003913298923622838,49.83346459539484,53.78690629011553,721,101
"Carroll, Jake",1000088275,JOL_SLA,Slider,L,46,0.003912251678077286,0.0,0.2329825461800275,0.2368947978581048,0.003912251678077286,49.83159914318514,53.722721437740695,722,50
"Scott, Brandon",1000138331,LAK_ERI24,Slider,R,75,0.003894152955745076,0.0,0.2291468940126218,0.2330410469683669,0.003894152955745076,49.79935999763726,53.65853658536586,723,146
"Cooper, Garrett",1000327042,NEW_YOR13,Curveball,R,69,0.0038866659164074596,0.0,0.25165411986515124,0.2555407857815587,0.0038866659164074596,49.78602337936678,53.59435173299102,724,48
"Thebiay, Nolan",1000338675,EVA_OTT,Four-Seam,L,173,0.003879559641764765,0.0,0.24234736119783723,0.24622692083960196,0.003879559641764765,49.77336501496383,53.53016688061617,725,102
"Shinn, Nathan",1000490914,LAK_ERI24,Sinker,L,25,0.003864349852262421,0.0,0.2604158173801407,0.2642801672324031,0.003864349852262421,49.74627190814016,53.465982028241335,726,40
"Wehrle, Tyler",806332,WIN_CIT29,Sinker,R,32,0.003858079123803217,0.004937006580765166,0.2504521223465514,0.2543102014703546,0.003858079123803217,49.735101897142876,53.40179717586649,727,45
"Daly, Ryan",831333,JOL_SLA,Four-Seam,L,216,0.0038471369016609826,0.0,0.24237978393794102,0.246226920839602,0.0038471369016609826,49.715610582464116,53.337612323491655,728,103
"Duby, Bill",1000270408,NEW_JER6,Sinker,R,56,0.0038409284579585053,0.004561916165229871,0.25046927301239613,0.2543102014703546,0.0038409284579585053,49.70455151893046,53.27342747111682,729,46
"Long, Maddox",1000248716,WAS_WIL3,Sinker,R,117,0.0038265076709071773,0.0,0.25048369379944746,0.2543102014703546,0.0038265076709071773,49.67886385744094,53.20924261874198,730,47
"Belton, Hunter",10294453,MIS_MUD,Changeup,L,40,0.00382031876611469,0.0,0.238656571405668,0.2424768901717827,0.00382031876611469,49.66783959845046,53.14505776636713,731,66
"Catrambone, Ben",1000565186,JOL_SLA,Four-Seam,R,79,0.003819582986803276,0.0,0.23778823294227203,0.24160781592907526,0.003819582986803276,49.66652895917569,53.080872913992295,732,175
"Benitez, Jorge",1000561771,NEW_JER6,Sinker,R,51,0.0038138262286043097,0.0004458271572457817,0.2504963752417503,0.2543102014703546,0.0038138262286043097,49.65627448032057,53.01668806161746,733,48
"Elliott, Eric",830233,MIS_MUD,Four-Seam,R,73,0.003802619199054158,0.0,0.23780519673002115,0.2416078159290753,0.003802619199054158,49.63631146579419,52.95250320924262,734,176
"Kelly, Colin",1000456530,SUS_COU1,Four-Seam,L,33,0.003778747503010273,-0.00023861374503481025,0.24244817333659172,0.24622692083960201,0.003778747503010273,49.59378895679566,52.88831835686778,735,104
"Ortiz, Julio",683650,GAT_GRI,Four-Seam,L,142,0.003770002245230092,0.0,0.2424569185943719,0.246226920839602,0.003770002245230092,49.57821108155929,52.82413350449294,736,105
"Milburn, Isaac",830926,FLO_Y'A,Sinker,R,51,0.0037599215255547493,0.0,0.25055027994479984,0.2543102014703546,0.0037599215255547493,49.56025435605815,52.759948652118105,737,49
"Campbell, AJ",1000132168,WIN_CIT29,Changeup,L,53,0.0037477242802963513,0.0,0.23872916589148635,0.2424768901717827,0.0037477242802963513,49.538527476229255,52.695763799743254,738,67
"Peyton, Blake",1000017005,GAT_GRI,Curveball,R,59,0.00373308342751267,0.0,0.25180770235404604,0.2555407857815587,0.00373308342751267,49.51244781297048,52.63157894736842,739,49
"Sanchez, Edwin",835958,LAK_ERI24,Curveball,L,33,0.0037320900506696178,0.0,0.24605688382861346,0.2497889738792831,0.0037320900506696178,49.51067831675748,52.56739409499358,740,13
"Henderson, Drew",1000429021,DOW_EAS1,Sinker,R,36,0.0037318698648090374,0.0021283482502035544,0.25057833160554555,0.2543102014703546,0.0037318698648090374,49.51028610100453,52.503209242618745,741,50
"Zentko, Dylan",1000303828,EVA_OTT,Changeup,R,43,0.0037272388206218286,0.0,0.24589696014331805,0.2496241989639399,0.0037272388206218286,49.50203684976737,52.4390243902439,742,37
"McEvoy, Aidan",1000079355,FLO_Y'A,Cutter,L,36,0.0037247335283387348,0.0,0.22093341872850175,0.22465815225684052,0.0037247335283387348,49.49757418764835,52.374839537869065,743,1
"Vailes, Gage",1000050773,GAT_GRI,Sinker,R,164,0.0037152019591694145,0.0,0.2505949995111852,0.2543102014703546,0.0037152019591694145,49.4805956606502,52.31065468549422,744,51
"Gollert, Harley",8890793,QUE_CAP,Sinker,R,33,0.003709523057246594,0.0006493310334034219,0.250600678413108,0.2543102014703546,0.003709523057246594,49.47047986671286,52.24646983311938,745,52
"Barker, Alex",1000106691,NEW_YOR13,Four-Seam,L,58,0.0036929042427475962,0.0,0.2425340165968544,0.246226920839602,0.0036929042427475962,49.44087687211291,52.18228498074454,746,106
"Herbert, Andrew",1000083218,WAS_WIL3,Changeup,L,29,0.0036822629256614684,-0.00392995573679869,0.23879462724612124,0.2424768901717827,0.0036822629256614684,49.42192155780599,52.118100128369704,747,68
"Hoeymans, Jack",1000184889,GAT_GRI,Sinker,L,31,0.0036781193920126898,0.0,0.2606020478403904,0.2642801672324031,0.0036781193920126898,49.41454070616721,52.05391527599487,748,41
"Noriega, Branden",804447,LAK_ERI24,Curveball,L,40,0.0036457770661461816,0.0,0.2461431968131369,0.24978897387928306,0.0036457770661461816,49.356929515066085,51.98973042362003,749,14
"Shoemaker, Adam",692248,QUE_CAP,Slider,R,47,0.0036184130300878003,0.0,0.2294226339382791,0.2330410469683669,0.0036184130300878003,49.30818612174415,51.92554557124519,750,147
"Anderson, Nathan",1000570089,EVA_OTT,Four-Seam,L,31,0.0036036885863119372,0.0034233635029932985,0.24262323225329005,0.246226920839602,0.0036036885863119372,49.28195755835232,51.861360718870344,751,107
"Dima, Josh",1000098214,GAT_GRI,Four-Seam,L,91,0.00359166621741554,0.0,0.24263525462218646,0.246226920839602,0.00359166621741554,49.26054218473827,51.79717586649551,752,108
"Sakurai, Masatoshi",1000429128,QUE_CAP,Changeup,R,119,0.003587272450023407,0.0,0.24603692651391648,0.2496241989639399,0.003587272450023407,49.25271559323317,51.732991014120664,753,38
"Ferguson, Francis",823799,WIN_CIT29,Four-Seam,R,112,0.003586719784975319,0.0,0.23802109614409997,0.2416078159290753,0.003586719784975319,49.25173113429748,51.66880616174583,754,177
"Eisenbarger, Jack",1000570067,QUE_CAP,Four-Seam,L,120,0.003576015066700326,0.0,0.24265090577290166,0.246226920839602,0.003576015066700326,49.232662883833065,51.60462130937099,755,109
"Burcham, Jacob",1000122547,GAT_GRI,Sinker,L,67,0.0035754138254944583,0.0,0.26070475340690863,0.2642801672324031,0.0035754138254944583,49.23159189647885,51.540436456996154,756,42
"Baird, Dustin",1000027580,MIS_MUD,Four-Seam,R,41,0.0035695606314323455,0.0,0.23803825529764294,0.2416078159290753,0.0035695606314323455,49.22116563699905,51.47625160462132,757,178
"Heredia-Bustos, Rolando",837343,DOW_EAS1,Sinker,L,66,0.003569494560065998,0.0,0.2607106726723371,0.2642801672324031,0.003569494560065998,49.22104794447042,51.41206675224647,758,43
"Lefebvre, Charles",1000429097,TRO_AIG,Sinker,L,189,0.003549714017702368,0.0,0.26073045321470073,0.2642801672324031,0.003549714017702368,49.18581298298687,51.34788189987163,759,44
"Martzolf, Max",824782,OTT_TIT,Curveball,L,56,0.0035427959341442815,0.0,0.2462461779451388,0.2497889738792831,0.0035427959341442815,49.1734898422343,51.28369704749679,760,15
"Finarelli, Nick",811104,LON_ISL22,Four-Seam,R,42,0.003539782178956544,0.002172593445919732,0.23806803375011876,0.2416078159290753,0.003539782178956544,49.16812145819261,51.21951219512195,761,179
"Delongchamp, Luke",802194,TRI_VAL,Sinker,L,29,0.0035374310103561133,0.0,0.26074273622204697,0.2642801672324031,0.0035374310103561133,49.1639333356652,51.155327342747114,762,45
"Hickey, Matt",806277,GAT_GRI,Changeup,L,28,0.0035282708085233147,-0.00010027676506885186,0.23894861936325937,0.2424768901717827,0.0035282708085233147,49.14761632307642,51.09114249037228,763,69
"Marklund, Brandon",647282,OTT_TIT,Sinker,L,32,0.0035101434456434478,0.0,0.2607700237867597,0.2642801672324031,0.0035101434456434478,49.11532616029277,51.02695763799743,764,46
"Valdez, Alex",677678,EVA_OTT,Cutter,R,43,0.0034510881434160878,0.0,0.2422166218296786,0.2456677099730947,0.0034510881434160878,49.01013130460436,50.96277278562259,765,10
"Simpson, Garret",1000073158,EVA_OTT,Four-Seam,R,177,0.0034461547283894537,0.0,0.23816166120068585,0.2416078159290753,0.0034461547283894537,49.00134344200431,50.898587933247754,766,180
"Figueredo, Kevin",1000210447,WIN_CIT29,Curveball,L,45,0.0034435908892969836,0.0,0.2463453829899861,0.2497889738792831,0.0034435908892969836,48.99677649080487,50.83440308087292,767,16
"Gilleran, Jimmy",10103730,NEW_ENG23,Four-Seam,L,33,0.0034293469819628845,0.0,0.2427975738576391,0.24622692083960201,0.0034293469819628845,48.971403904094856,50.770218228498074,768,110
"Shinn, Nathan",1000490914,LAK_ERI24,Curveball,R,59,0.003397939150723876,0.0,0.2521428466308348,0.2555407857815587,0.003397939150723876,48.915457322669305,50.70603337612324,769,50
"Zentko, Dylan",1000303828,EVA_OTT,Slider,L,42,0.003390850965779441,0.0,0.23350394689232537,0.2368947978581048,0.003390850965779441,48.902831181337376,50.6418485237484,770,51
"Vail, Tyler",592821,NEW_YOR13,Curveball,R,165,0.0033846909656349393,0.0,0.25215609481592377,0.2555407857815587,0.0033846909656349393,48.89185841002301,50.57766367137355,771,51
"Smith, Ethan",680733,WIN_CIT29,Four-Seam,L,85,0.0033843215945263557,0.0005596436536479954,0.24284259924507565,0.246226920839602,0.0033843215945263557,48.8912004514825,50.51347881899871,772,111
"Sparks, Alec",836152,GAT_GRI,Slider,L,35,0.003371563786218762,0.0047268424423906885,0.23352323407188608,0.23689479785810483,0.003371563786218762,48.8684750440559,50.44929396662388,773,52
"Anderson, Colt",1000456740,OTT_TIT,Changeup,R,30,0.003363346812188745,0.0,0.24626085215175117,0.2496241989639399,0.003363346812188745,48.85383819749544,50.38510911424904,774,39
"Martzolf, Max",10998500,JOL_SLA,Sinker,L,70,0.003352539940438486,0.0,0.2609276272919646,0.2642801672324031,0.003352539940438486,48.83458798165818,50.3209242618742,775,47
"Morgan, Cooper",692707,QUE_CAP,Sinker,L,46,0.00335097163406065,0.0,0.2609291955983425,0.2642801672324031,0.00335097163406065,48.83179436691286,50.25673940949936,776,48
"Morel, Yohanse",678353,OTT_TIT,Sinker,L,102,0.003328712283904666,0.0,0.2609514549484985,0.2642801672324031,0.003328712283904666,48.792143919974805,50.19255455712452,777,49
"Johnston, Spencer",800918,DOW_EAS1,Four-Seam,L,30,0.0033222329116933034,0.0,0.24290468792790867,0.246226920839602,0.0033222329116933034,48.780602253113095,50.12836970474967,778,112
"Townes, Holland",830218,SCH_BOO,Cutter,R,26,0.0033183115991725983,0.00018349759102689878,0.2423493983739221,0.24566770997309467,0.0033183115991725983,48.77361724263704,50.06418485237484,779,11
"Bell, Brendan",681141,NEW_ENG23,Changeup,L,42,0.003307401995398789,0.0,0.23916948817638392,0.24247689017178273,0.003307401995398789,48.75418403086233,50.0,780,70
"Hocom, Quinn",1000152021,TRI_VAL,Curveball,R,47,0.003300048202763366,0.0,0.25224073757879534,0.2555407857815587,0.003300048202763366,48.74108476414335,49.93581514762516,781,52
"Boies, Emiles",1000429129,QUE_CAP,Sinker,L,90,0.0032978266860511966,0.0,0.26098234054635194,0.2642801672324031,0.0032978266860511966,48.73712758974695,49.87163029525032,782,50
"Kramer, Cameron",1000249123,TRO_AIG,Sinker,R,31,0.003297098947985049,0.0,0.2510131025223695,0.2543102014703546,0.003297098947985049,48.73583127429415,49.80744544287548,783,53
"Vail, Tyler",592821,NEW_YOR13,Sinker,R,36,0.0032891405603152784,0.0,0.25102106091003934,0.2543102014703546,0.0032891405603152784,48.721655046066395,49.74326059050064,784,54
"Barreto, Brayhans",810980,TRI_VAL,Changeup,R,85,0.0032798397979527908,0.0,0.2463443591659871,0.2496241989639399,0.0032798397979527908,48.705087653849056,49.6790757381258,785,40
"Parsons, Billy",698892,SUS_COU1,Changeup,L,43,0.0032718807006145646,0.0,0.23920500947116816,0.2424768901717827,0.0032718807006145646,48.690910161493136,49.61489088575096,786,71
"Serrano, Elio",665939,NEW_JER6,Four-Seam,L,178,0.003268046387985007,0.0,0.242958874451617,0.246226920839602,0.003268046387985007,48.68408012340142,49.55070603337612,787,113
"Willeman, Landon",812254,EVA_OTT,Four-Seam,L,251,0.0032551360206226902,0.0,0.2429717848189793,0.246226920839602,0.0032551360206226902,48.66108296344558,49.48652118100129,788,114
"Sechrist, Zander",801415,WAS_WIL3,Changeup,R,147,0.0032529903991461795,0.0,0.24637120856479372,0.2496241989639399,0.0032529903991461795,48.65726098077729,49.42233632862644,789,41
"Ryan, Dillon",1000132418,NEW_ENG23,Sinker,L,111,0.0032529818364611454,0.0,0.26102718539594194,0.2642801672324031,0.0032529818364611454,48.65724572811779,49.35815147625161,790,51
"Sesar, Jorden",813853,SUS_COU1,Curveball,L,30,0.0032413972389520253,0.0,0.24654757664033106,0.2497889738792831,0.0032413972389520253,48.63661015405048,49.29396662387677,791,17
"Almonte, Dawil",805044,EVA_OTT,Four-Seam,L,53,0.003232233086351848,0.0,0.24299468775325014,0.246226920839602,0.003232233086351848,48.62028610398346,49.229781771501926,792,115
"Balzan, Jackson",827496,SUS_COU1,Changeup,R,200,0.003216421278665118,0.0,0.24640777768527478,0.2496241989639399,0.003216421278665118,48.59212062577839,49.16559691912708,793,42
"Puccetti, Dominic",1000266076,OTT_TIT,Curveball,L,109,0.0032074362175997305,0.0,0.24658153766168334,0.24978897387928312,0.0032074362175997305,48.57611559038824,49.101412066752246,794,18
"Williams, Brian",1000079778,MIS_MUD,Slider,L,81,0.003184167115491287,0.0,0.23371063074261353,0.23689479785810477,0.003184167115491287,48.534666478353,49.0372272143774,795,53
"Eisenbarger, Jack",1000570067,QUE_CAP,Four-Seam,R,121,0.0031840235933911134,0.0,0.23842379233568417,0.24160781592907526,0.0031840235933911134,48.534410823296696,48.973042362002566,796,181
"DeCastro, Justin",1000214319,LON_ISL22,Changeup,R,82,0.003182621927678111,0.0008659508232769508,0.2464415770362618,0.24962419896393992,0.003182621927678111,48.53191404456826,48.90885750962773,797,43
"Ryan, Dillon",1000132418,NEW_ENG23,Slider,L,59,0.0031789659511764737,0.0013709594136427083,0.23371583190692832,0.2368947978581048,0.0031789659511764737,48.525401675551684,48.84467265725289,798,54
"Kemlage, Joe",703240,NEW_ENG23,Slider,R,33,0.0031748478347634604,0.0,0.22986619913360343,0.2330410469683669,0.0031748478347634604,48.51806609948254,48.78048780487805,799,148
"Duncan, Tanner",677365,DOW_EAS1,Four-Seam,L,67,0.003173397043579674,0.0,0.2430535237960223,0.246226920839602,0.003173397043579674,48.515481813847614,48.71630295250321,800,116
"Debban, Caleb",1000551056,NEW_JER6,Four-Seam,R,31,0.003160786982159513,0.0,0.23844702894691577,0.2416078159290753,0.003160786982159513,48.493019587065525,48.65211810012837,801,182
"Eckaus, David",824671,EVA_OTT,Four-Seam,L,99,0.0031566436381309897,0.0,0.243070277201471,0.246226920839602,0.0031566436381309897,48.48563907319617,48.587933247753526,802,117
"Petschke, Ben",814386,EVA_OTT,Cutter,R,103,0.0031494518177250116,0.0004209292080530058,0.2425182581553697,0.24566770997309467,0.0031494518177250116,48.472828326638115,48.52374839537869,803,12
"Reeves, Cobe",802696,NEW_YOR13,Changeup,R,50,0.0031481118420426547,0.0,0.24647608712189722,0.2496241989639399,0.0031481118420426547,48.4704414359913,48.45956354300385,804,44
"Figueredo, Kevin",1000210447,WIN_CIT29,Sinker,L,97,0.003140475105207417,0.0,0.2611396921271957,0.2642801672324031,0.003140475105207417,48.456838162466084,48.39537869062901,805,52
"Pierson, Kenny",1000055344,LAK_ERI24,Slider,R,59,0.0031330742514337445,0.0,0.22990797271693314,0.2330410469683669,0.0031330742514337445,48.44365506602378,48.33119383825417,806,149
"Reeves, Cobe",802696,NEW_YOR13,Sinker,R,135,0.0031167258867189187,0.00012784242467211993,0.2511934755836357,0.2543102014703546,0.0031167258867189187,48.414533822002426,48.267008985879336,807,55
"Cook, Cole",1000161363,SCH_BOO,Cutter,L,29,0.003104507142098752,0.0032815946790665795,0.22155364511474177,0.2246581522568405,0.003104507142098752,48.39276864548934,48.20282413350449,808,2
"Serrano, Elio",665939,NEW_JER6,Curveball,R,29,0.0030970900374878993,0.0,0.25244369574407083,0.2555407857815587,0.0030970900374878993,48.37955660152823,48.138639281129656,809,53
"Bohnert, Matthew",810066,WIN_CIT29,Four-Seam,R,126,0.0030915761018844093,0.0,0.2385162398271909,0.2416078159290753,0.0030915761018844093,48.369734661106165,48.07445442875481,810,183
"Hill, Kaleb",1000371973,OTT_TIT,Slider,R,92,0.0030705924858190426,0.0,0.22997045448254785,0.23304104696836686,0.0030705924858190426,48.33235667165284,48.010269576379976,811,150
"Baker, Luke",694914,EVA_OTT,Four-Seam,L,49,0.0030703018900973917,0.0,0.2431566189495046,0.246226920839602,0.0030703018900973917,48.331839035236634,47.94608472400513,812,118
"Smith, Jackson",1000333915,MIS_MUD,Cutter,R,53,0.003061335211221648,0.0,0.24260637476187305,0.24566770997309467,0.003061335211221648,48.31586674393065,47.881899871630296,813,13
"Gorgen, Grady",1000138303,NEW_YOR13,Slider,R,61,0.0030609140030804756,0.0,0.2299801329652864,0.2330410469683669,0.0030609140030804756,48.31511644839487,47.81771501925546,814,151
"Martinez, Mason",809209,TRI_VAL,Slider,L,43,0.0030533544506342733,0.0013709594136427083,0.23384144340747054,0.23689479785810477,0.0030533544506342733,48.30165066295895,47.753530166880616,815,55
"Heredia-Bustos, Rolando",837343,DOW_EAS1,Sinker,R,44,0.0030369231268304498,0.0,0.25127327834352414,0.2543102014703546,0.0030369231268304498,48.27238164440989,47.68934531450578,816,56
"Fauci, Sonny",688649,NEW_JER6,Curveball,R,39,0.003007330233632467,0.0,0.2525334555479262,0.2555407857815587,0.003007330233632467,48.219668001232186,47.625160462130935,817,54
"Miner, Jace",701731,DOW_EAS1,Changeup,R,53,0.003003699506829831,0.0,0.24662049945711007,0.2496241989639399,0.003003699506829831,48.21320060935301,47.5609756097561,818,45
"Morgan, Marcus",808861,JOL_SLA,Four-Seam,L,33,0.003000853540606378,0.0,0.24322606729899562,0.24622692083960201,0.003000853540606378,48.208131106787135,47.496790757381255,819,119
"Zaffiro, Cole",10994263,SCH_BOO,Changeup,L,32,0.002998524599723049,0.0,0.23947836557205965,0.2424768901717827,0.002998524599723049,48.20398257835889,47.43260590500642,820,72
"Vaisvila, Maxwell",1000233690,NIU_HUS,Four-Seam,R,44,0.002989152633817389,0.0,0.23861866329525788,0.2416078159290753,0.002989152633817389,48.18728835169713,47.368421052631575,821,184
"Sechrist, Zander",801415,WAS_WIL3,Four-Seam,R,97,0.002983456638901085,0.0,0.2386243592901742,0.2416078159290753,0.002983456638901085,48.177142110112996,47.30423620025674,822,185
"Cooper, Garrett",1000327042,NEW_YOR13,Changeup,R,84,0.0029741330035368786,0.0003811524661098964,0.246650065960403,0.2496241989639399,0.0029741330035368786,48.16053397435487,47.2400513478819,823,46
"Puccetti, Dominic",1000266076,OTT_TIT,Curveball,R,63,0.0029574338179993616,0.0,0.25258335196355935,0.2555407857815587,0.0029574338179993616,48.130787815306014,47.175866495507066,824,55
"Brothers, Kellen",1000131959,SUS_COU1,Sinker,L,68,0.002940596811450029,0.0003700484315577457,0.2613395704209531,0.2642801672324031,0.002940596811450029,48.100796156515365,47.11168164313222,825,53
"Lovell, Justin",822485,WIN_CIT29,Four-Seam,R,70,0.002936666733158614,0.0,0.2386711491959167,0.2416078159290753,0.002936666733158614,48.093795531624515,47.04749679075738,826,186
"Anderson, Colt",1000568252,WAS_WIL3,Curveball,L,28,0.002933901224405247,0.0,0.24685507265487786,0.2497889738792831,0.002933901224405247,48.08886934746758,46.98331193838254,827,19
"Williams, Pierce",1000337420,NEW_ENG23,Changeup,L,131,0.0029337331465416686,0.0,0.23954315702524104,0.2424768901717827,0.0029337331465416686,48.08856995137719,46.9191270860077,828,73
"Parks, Pavin",682030,LAK_ERI24,Cutter,R,94,0.0029329478264870095,0.0,0.2427347621466077,0.2456677099730947,0.0029329478264870095,48.087171065473584,46.85494223363286,829,14
"Andueza, Axel",672847,DOW_EAS1,Curveball,L,80,0.0029267199606895947,0.0,0.24686225391859348,0.24978897387928306,0.0029267199606895947,48.07607740547869,46.790757381258025,830,20
"Vriesenga, Zach",1000305029,WMI_BRO,Four-Seam,L,27,0.0029191146111585808,0.014199765124198682,0.2433078062284434,0.246226920839602,0.0029191146111585808,48.06253004197025,46.72657252888318,831,120
"Matos, Dwayne",684228,OTT_TIT,Sinker,R,108,0.00291578206494686,0.0,0.25139441940540774,0.2543102014703546,0.00291578206494686,48.05659379738941,46.662387676508345,832,57
"Majick, Eli",828663,NEW_ENG23,Sinker,R,140,0.0029108400757912704,0.00012784242467211993,0.2513993613945633,0.2543102014703546,0.0029108400757912704,48.047790661744884,46.59820282413351,833,58
"Tiburcio, David",696010,DOW_EAS1,Sinker,R,49,0.0029099176777059367,0.0004458271572457817,0.25140028379264867,0.2543102014703546,0.0029099176777059367,48.04614759956733,46.534017971758665,834,59
"Barron, Oscar",10163170,TES_BLA2,Slider,R,81,0.002909439306856882,0.0,0.23013160766151003,0.2330410469683669,0.002909439306856882,48.04529548044281,46.46983311938382,835,152
"Reeves, Cobe",802696,NEW_YOR13,Curveball,R,27,0.0029075980053521167,0.0,0.2526331877762066,0.2555407857815587,0.0029075980053521167,48.042015581115116,46.405648267008985,836,56
"Vega, Lucas",837223,TRO_AIG,Four-Seam,L,70,0.002904513406569103,-0.0005376892095635688,0.2433224074330329,0.24622692083960201,0.002904513406569103,48.03652100380203,46.34146341463415,837,121
"Moore, Kyle",1000517760,SCH_BOO,Sinker,L,41,0.002897581873321935,0.0,0.26138258535908115,0.2642801672324031,0.002897581873321935,48.02417390519896,46.277278562259305,838,54
"Vail, Tyler",592821,NEW_YOR13,Changeup,R,153,0.002893478665826918,0.0,0.246730720298113,0.2496241989639399,0.002893478665826918,48.016864886296034,46.21309370988447,839,47
"Cameron, Wyatt",1000179557,SCH_BOO,Four-Seam,R,107,0.0028869575167049582,0.0,0.23872085841237034,0.24160781592907526,0.0028869575167049582,48.00524880247402,46.14890885750963,840,187
"Austin, Zack",813186,SUS_COU1,Four-Seam,L,80,0.0028774808148000148,0.0,0.24334944002480197,0.24622692083960201,0.0028774808148000148,47.98836801020486,46.08472400513479,841,122
"Heredia-Bustos, Rolando",837343,DOW_EAS1,Changeup,L,171,0.002871217741677323,0.0,0.2396056724301054,0.2424768901717827,0.002871217741677323,47.9772116356126,46.02053915275995,842,74
"Roland, Cole",813401,QUE_CAP,Curveball,R,26,0.002862501672157044,0.0,0.25267828410940163,0.2555407857815587,0.002862501672157044,47.96168575324854,45.95635430038511,843,57
"Donnan, Blake",1000557509,FLO_Y'A,Sinker,L,86,0.0028619832162497805,0.0,0.26141818401615335,0.2642801672324031,0.0028619832162497805,47.960762230850236,45.892169448010264,844,55
"Serratos, Oscar",8898893,WIN_CIT29,Four-Seam,L,36,0.0028602779116367796,0.0,0.2433666429279652,0.24622692083960201,0.0028602779116367796,47.95772458197023,45.82798459563543,845,123
"Maryniak, Connor",831880,NEW_JER6,Four-Seam,R,49,0.0028516669330614715,0.0,0.23875614899601383,0.2416078159290753,0.0028516669330614715,47.94238589747619,45.76379974326059,846,188
"Baker, Luke",694914,EVA_OTT,Curveball,L,37,0.0028203911386567543,0.0,0.24696858274062633,0.2497889738792831,0.0028203911386567543,47.88667451247171,45.699614890885755,847,21
"Davis, Tyler",824623,WIN_CIT29,Four-Seam,L,43,0.002811958699387779,0.0,0.2434149621402142,0.246226920839602,0.002811958699387779,47.87165385897329,45.63543003851091,848,124
"Tokar, Heitor",677573,OTT_TIT,Four-Seam,L,87,0.0027960564863399816,0.0,0.24343086435326203,0.246226920839602,0.0027960564863399816,47.843327342240734,45.571245186136075,849,125
"Thiels, Brenton",816364,MIS_MUD,Cutter,R,28,0.0027788274583679723,0.0,0.2428888825147267,0.2456677099730947,0.0027788274583679723,47.81263737804092,45.50706033376123,850,15
"Miranda, Agnel",695064,NEW_JER6,Four-Seam,L,26,0.002765089983369564,0.0,0.24346183085623244,0.246226920839602,0.002765089983369564,47.78816689621327,45.442875481386395,851,126
"Oe, Ryoya",1000551188,OTT_TIT,Four-Seam,R,40,0.0027467989386941623,0.0,0.23886101699038115,0.24160781592907526,0.0027467989386941623,47.75558516802887,45.37869062901155,852,189
"Correa, Nelvin",673388,QUE_CAP,Cutter,R,41,0.0027363879991192616,0.0,0.24293132197397543,0.2456677099730947,0.0027363879991192616,47.737040223801074,45.314505776636715,853,16
"Eldred, Zach",1000227712,NEW_ENG23,Slider,R,67,0.00273226460311273,0.0,0.23030878236525415,0.2330410469683669,0.00273226460311273,47.72969524322366,45.25032092426187,854,153
"Duby, Bill",1000270408,NEW_JER6,Sinker,L,56,0.00272990948673753,0.0003700484315577457,0.2615502577456656,0.2642801672324031,0.00272990948673753,47.72550008854873,45.186136071887034,855,56
"Bargo, Casey",1000057987,FLO_Y'A,Sinker,L,44,0.0027263696815272077,0.0,0.26155379755087593,0.2642801672324031,0.0027263696815272077,47.71919465475666,45.1219512195122,856,57
"Cook, Cole",1000161363,SCH_BOO,Changeup,R,162,0.0027216180827077424,0.0,0.24690258088123215,0.24962419896393986,0.0027216180827077424,47.710730660276056,45.057766367137354,857,48
"Petery, Dylan",10998503,WIN_CIT29,Four-Seam,R,25,0.002716541379374694,0.0,0.2388912745497006,0.2416078159290753,0.002716541379374694,47.70168755907513,44.99358151476252,858,190
"Fauci, Sonny",688649,NEW_JER6,Four-Seam,L,87,0.0027025479967994668,0.0,0.2435243728428025,0.246226920839602,0.0027025479967994668,47.67676123061564,44.929396662387674,859,127
"Petschke, Ben",814386,EVA_OTT,Cutter,L,146,0.0027013089127513553,0.0,0.2219568433440891,0.22465815225684052,0.0027013089127513553,47.67455405763183,44.86521181001284,860,3
"Shoemaker, Adam",692248,QUE_CAP,Sinker,R,37,0.0026931959202910103,0.0,0.2516170055500636,0.2543102014703546,0.0026931959202910103,47.66010243281783,44.801026957637994,861,60
"Hoeymans, Jack",1000184889,GAT_GRI,Curveball,R,29,0.002683588881268362,0.0,0.25285719690029035,0.2555407857815587,0.002683588881268362,47.64298947182257,44.73684210526316,862,58
"Turner, Eric",1000080978,JOL_SLA,Four-Seam,L,187,0.00267574384408823,0.0,0.24355117699551376,0.246226920839602,0.00267574384408823,47.629015154142216,44.67265725288832,863,128
"Coles, Chad",694311,WAS_WIL3,Splitter,L,31,0.0026734112272395597,0.0,0.24024122980271914,0.2429146410299587,0.0026734112272395597,47.62486007773896,44.60847240051348,864,1
"Figueredo, Kevin",1000210447,WIN_CIT29,Curveball,R,33,0.0026712399360783634,0.0,0.2528695458454804,0.2555407857815587,0.0026712399360783634,47.62099236981528,44.54428754813864,865,59
"Rybarczyk, Ty",1000084463,JOL_SLA,Slider,L,27,0.0026682753269887897,0.0,0.234226522531116,0.2368947978581048,0.0026682753269887897,47.61571152942352,44.480102695763804,866,56
"Binns, Malik",702238,NEW_JER6,Cutter,R,54,0.0026574247896389257,0.0,0.24301028518345577,0.24566770997309473,0.0026574247896389257,47.59638353231555,44.41591784338896,867,17
"Burcham, Jacob",1000122547,GAT_GRI,Four-Seam,L,38,0.002655556318754521,0.0015233558250521417,0.2435713645208475,0.24622692083960201,0.002655556318754521,47.593055236334834,44.35173299101412,868,129
"Gartland, Chad",1000103698,SUS_COU1,Four-Seam,L,51,0.002650132932909144,0.0,0.24357678790669285,0.246226920839602,0.002650132932909144,47.58339459165385,44.28754813863928,869,130
"Glickstein, Aaron",1000292360,SCH_BOO,Cutter,R,27,0.0026340829233548295,0.00018349759102689878,0.24303362704973988,0.24566770997309473,0.0026340829233548295,47.554804805890605,44.223363286264444,870,18
"Correa, Nelvin",673388,QUE_CAP,Slider,L,33,0.002607794919499595,0.0,0.23428700293860522,0.2368947978581048,0.002607794919499595,47.5079781422789,44.1591784338896,871,57
"Barreto, Brayhans",810980,TRI_VAL,Changeup,L,27,0.002586579229414493,0.0,0.2398903109423682,0.24247689017178267,0.002586579229414493,47.470186760766026,44.094993581514764,872,75
"Harris, Everette",810834,TRI_VAL,Changeup,R,40,0.002579951520670659,0.0,0.24704424744326925,0.2496241989639399,0.002579951520670659,47.458380862928635,44.03080872913993,873,49
"Gartland, Chad",1000103698,TRI_VAL,Four-Seam,L,27,0.0025733890256539964,0.0,0.243653531813948,0.246226920839602,0.0025733890256539964,47.44669112991235,43.966623876765084,874,131
"Campbell, Tyler",809429,MIS_MUD,Sinker,R,64,0.00257267878220094,0.0013830400329910009,0.25173752268815364,0.2543102014703546,0.00257267878220094,47.445425977508926,43.90243902439025,875,61
"Galva, Claudio",669996,GAT_GRI,Four-Seam,R,46,0.002565833790566492,0.0,0.2390419821385088,0.24160781592907532,0.002565833790566492,47.43323303496158,43.838254172015404,876,191
"Scott, Brandon",1000138331,LAK_ERI24,Changeup,L,34,0.0025608088549552285,0.0,0.23991608131682748,0.24247689017178267,0.0025608088549552285,47.42428214729301,43.77406931964056,877,76
"Biddinger, Tyler",1000324948,WIN_CIT29,Sinker,L,25,0.0025511917016839236,0.0017857039332386804,0.2617289755307192,0.2642801672324031,0.0025511917016839236,47.407151169847275,43.709884467265724,878,58
"Pierson, Kenny",1000055344,LAK_ERI24,Curveball,L,45,0.0025393575868849893,0.0,0.2472496162923981,0.2497889738792831,0.0025393575868849893,47.38607113212803,43.64569961489089,879,22
"Foltz Jr., Michael",803189,WAS_WIL3,Four-Seam,L,112,0.002536912848848942,0.0002798218268239977,0.24369000799075305,0.246226920839602,0.002536912848848942,47.38171633492612,43.58151476251604,880,132
"Floyd, Conner",1000161370,QUE_CAP,Four-Seam,L,160,0.002533281771310382,0.0,0.2436936390682916,0.24622692083960201,0.002533281771310382,47.37524831828315,43.51732991014121,881,133
"Widener, Jacob",683179,SUS_COU1,Sinker,L,46,0.0025260579493302533,0.0,0.26175410928307286,0.2642801672324031,0.0025260579493302533,47.36238056751298,43.45314505776637,882,59
"Johnston, Spencer",800918,DOW_EAS1,Curveball,L,32,0.0025086223499039126,0.0,0.2472803515293792,0.2497889738792831,0.0025086223499039126,47.331322638820424,43.38896020539153,883,23
"Sparks, Alec",836152,GAT_GRI,Four-Seam,R,186,0.0024972913058732378,0.0,0.23911052462320206,0.24160781592907526,0.0024972913058732378,47.31113871804364,43.32477535301669,884,192
"Hocom, Quinn",1000152021,TRI_VAL,Curveball,L,32,0.0024930871147878153,0.0,0.24729588676449527,0.2497889738792831,0.0024930871147878153,47.30364981767674,43.26059050064185,885,24
"Soto, Carlos",666728,JOL_SLA,Four-Seam,L,42,0.002489460060791256,0.0,0.24373746077881073,0.24622692083960201,0.002489460060791256,47.29718896814501,43.19640564826701,886,134
"Sakurai, Masatoshi",1000429128,QUE_CAP,Slider,L,61,0.0024805080046745765,0.0,0.2344142898534302,0.2368947978581048,0.0024805080046745765,47.28124272427205,43.13222079589217,887,58
"Kemlage, Joe",703240,NEW_ENG23,Sinker,L,68,0.0024733034889149975,0.0,0.2618068637434881,0.2642801672324031,0.0024733034889149975,47.26840936355677,43.06803594351733,888,60
"Good, Ty",688612,GAT_GRI,Curveball,R,84,0.002471904250827035,0.0,0.25306888153073165,0.2555407857815587,0.002471904250827035,47.265916909142256,43.003851091142494,889,60
"Godwin, Connor",802684,NEW_YOR13,Sinker,L,68,0.0024552691922561415,0.0,0.26182489804014697,0.2642801672324031,0.0024552691922561415,47.23628497907446,42.93966623876765,890,61
"Vitas, Ben",1000076969,JOL_SLA,Four-Seam,R,76,0.002453916687880636,-0.007117711635340113,0.23915389924119468,0.24160781592907532,0.002453916687880636,47.233875771141676,42.87548138639281,891,193
"Barraza, Chris",696511,MIS_MUD,Four-Seam,L,253,0.0024382287503195094,0.0,0.24378869208928247,0.246226920839602,0.0024382287503195094,47.20593094204846,42.81129653401797,892,135
"Webster, Evan",804248,FLO_Y'A,Changeup,L,31,0.002429713659029008,0.0,0.24004717651275367,0.2424768901717827,0.002429713659029008,47.19076306099979,42.747111681643126,893,77
"Scott, Brandon",1000138331,LAK_ERI24,Changeup,R,183,0.0024080970216925355,0.0,0.24721610194224736,0.24962419896393986,0.0024080970216925355,47.15225747455263,42.68292682926829,894,50
"Kaftan, Eddie",1000557510,FLO_Y'A,Sinker,R,73,0.0024071235687706726,0.0,0.25190307790158395,0.2543102014703546,0.0024071235687706726,47.150523468700946,42.61874197689345,895,62
"Foster, Kobe",816330,WAS_WIL3,Changeup,R,146,0.0023944678302337576,0.0,0.24722973113370617,0.2496241989639399,0.0023944678302337576,47.12797987754472,42.55455712451862,896,51
"Westcott, Zac",686170,FLO_Y'A,Curveball,R,117,0.0023939586084572423,0.0,0.25314682717310144,0.2555407857815587,0.0023939586084572423,47.127072803848144,42.49037227214377,897,61
"Shinn, Nathan",1000490914,LAK_ERI24,Changeup,R,32,0.0023871768470689883,0.0003811524661098964,0.2472370221168709,0.2496241989639399,0.0023871768470689883,47.11499249295914,42.42618741976894,898,52
"Schueller, Jase",1000133484,MIS_MUD,Sinker,L,38,0.0023777321873177603,0.0003700484315577457,0.26190243504508537,0.2642801672324031,0.0023777321873177603,47.098168777186224,42.3620025673941,899,62
"Long, Maddox",1000248716,WAS_WIL3,Four-Seam,R,70,0.002367344958018539,0.0,0.23924047097105675,0.2416078159290753,0.002367344958018539,47.07966606793029,42.29781771501926,900,194
"Petschke, Ben",814386,EVA_OTT,Curveball,R,79,0.002352404449978203,0.0,0.25318838133158045,0.2555407857815587,0.002352404449978203,47.05305263055995,42.23363286264441,901,62
"Earwood, Micah",1000112366,SUS_COU1,Curveball,R,38,0.002341629757269039,0.0,0.25319915602428966,0.2555407857815587,0.002341629757269039,47.03385973505559,42.169448010269576,902,63
"Bargo, Casey",1000057987,FLO_Y'A,Sinker,R,56,0.0023375670111161215,0.00022291357862289085,0.25197263445923845,0.2543102014703546,0.0023375670111161215,47.02662278969869,42.10526315789473,903,63
"Potteiger, Jack",1000565185,JOL_SLA,Sinker,L,46,0.002331531654958579,0.0,0.2619486355774445,0.2642801672324031,0.002331531654958579,47.01587204597078,42.041078305519896,904,63
"DeCastro, Justin",1000214319,LON_ISL22,Changeup,L,40,0.002311848495244722,0.0,0.24016504167653796,0.2424768901717827,0.002311848495244722,46.98081055161724,41.97689345314506,905,78
"Willeman, Landon",812254,EVA_OTT,Curveball,L,52,0.002308863790748009,0.0,0.24748011008853507,0.2497889738792831,0.002308863790748009,46.97549391539725,41.91270860077022,906,25
"Peters, Garrett",833402,NEW_YOR13,Changeup,R,300,0.002300905961628162,0.0,0.2473232930023117,0.24962419896393992,0.002300905961628162,46.96131868211113,41.84852374839538,907,53
"Eisenbarger, Jack",1000570067,QUE_CAP,Curveball,L,46,0.0022971392267470063,0.0,0.24749183465253607,0.2497889738792831,0.0022971392267470063,46.95460901985736,41.78433889602054,908,26
"Heredia-Bustos, Rolando",837343,DOW_EAS1,Changeup,R,82,0.0022952420309197996,0.0,0.2473289569330201,0.24962419896393992,0.0022952420309197996,46.951229556308306,41.7201540436457,909,54
"Fowler, Dalton",687096,SUS_COU1,Sinker,L,26,0.0022838363670778057,0.0,0.2619963308653253,0.2642801672324031,0.0022838363670778057,46.930912715709134,41.655969191270856,910,64
"Peters, Garrett",833402,NEW_YOR13,Changeup,L,101,0.0022816868528737684,-0.00044802001020599613,0.24019520331890895,0.2424768901717827,0.0022816868528737684,46.92708379894865,41.59178433889602,911,79
"Majick, Eli",828663,NEW_ENG23,Cutter,L,26,0.0022776319646813734,0.002469004651944634,0.2223805202921591,0.22465815225684052,0.0022776319646813734,46.919860850929695,41.52759948652118,912,4
"Wehrle, Tyler",806332,WIN_CIT29,Sinker,L,62,0.0022689863879490255,0.0,0.2620111808444541,0.2642801672324031,0.0022689863879490255,46.90446053694602,41.46341463414634,913,65
"Maryniak, Connor",831880,NEW_JER6,Curveball,L,62,0.00225983605614087,0.0,0.24752913782314223,0.2497889738792831,0.00225983605614087,46.888161105772944,41.3992297817715,914,27
"Bargo, Casey",1000492781,NEW_ENG23,Four-Seam,L,80,0.0022570584568026605,0.0,0.24396986238279933,0.24622692083960201,0.0022570584568026605,46.883213384729736,41.335044929396666,915,136
"Plumadore, Carson",1000207816,WIN_CIT29,Slider,L,31,0.0022342215774141167,0.0,0.23466057628069067,0.2368947978581048,0.0022342215774141167,46.84253418843331,41.27086007702182,916,59
"Gollert, Harley",8890793,QUE_CAP,Curveball,R,31,0.002220825570818823,0.0,0.2533199602107399,0.2555407857815587,0.002220825570818823,46.81867196222426,41.206675224646986,917,64
"Barron, Oscar",10163170,TES_BLA2,Changeup,R,364,0.0022103533114455655,0.0,0.24741384565249433,0.2496241989639399,0.0022103533114455655,46.80001778940739,41.14249037227214,918,55
"Harris, Ben",1000390130,GAT_GRI,Sinker,R,36,0.0022063587135923136,0.0005475790953246018,0.2521038427567623,0.2543102014703546,0.0022063587135923136,46.792902236207986,41.078305519897306,919,64
"Thornton, Tyler",1000429124,NEW_ENG23,Splitter,L,52,0.0022053905143569535,0.0,0.24070925051560174,0.2429146410299587,0.0022053905143569535,46.791177588716565,41.01412066752246,920,2
"Shinn, Nathan",1000490914,LAK_ERI24,Four-Seam,R,149,0.0022034652931827866,0.0,0.23940435063589252,0.2416078159290753,0.0022034652931827866,46.78774820378505,40.949935815147626,921,195
"Gollert, Harley",1000114236,TRO_AIG,Four-Seam,R,89,0.0021911395676844935,-0.0009603597522916951,0.23941667636139077,0.2416078159290753,0.0021911395676844935,46.765792462875346,40.88575096277279,922,196
"Sittinger, Brandyn",670087,LAK_ERI24,Slider,R,62,0.0021868972193825613,-0.0007107089922556986,0.23085414974898433,0.2330410469683669,0.0021868972193825613,46.75823559328752,40.821566110397946,923,154
"Traver, Eliott",,LAK_ERI24,Slider,R,27,0.0021813166798215714,0.0,0.2308597302885453,0.2330410469683669,0.0021813166798215714,46.7482950116354,40.75738125802311,924,155
"Odonnell, Brendan",1000423478,NEW_ENG23,Four-Seam,R,39,0.0021794726730754786,0.0,0.23942834325599982,0.24160781592907532,0.0021794726730754786,46.74501029347755,40.693196405648266,925,197
"Galva, Claudio",669996,GAT_GRI,Sinker,R,103,0.002141356763632548,0.0005751473576959265,0.2521688447067221,0.2543102014703546,0.002141356763632548,46.677114652577345,40.62901155327342,926,65
"Joven, Art",1000048892,MIS_MUD,Changeup,R,237,0.0021395153674879674,0.0,0.24748468359645193,0.2496241989639399,0.0021395153674879674,46.673834584668306,40.564826700898585,927,56
"Helt, Robert",836007,LAK_ERI24,Four-Seam,L,196,0.002137153556284741,0.0,0.24408976728331724,0.246226920839602,0.002137153556284741,46.669627504536365,40.50064184852375,928,137
"Kirby, Zach",813716,WAS_WIL3,Curveball,R,52,0.002129218818909095,0.0,0.2534115669626496,0.2555407857815587,0.002129218818909095,46.655493404435695,40.436456996148905,929,65
"Phelps, Travis",1000568112,FLO_Y'A,Four-Seam,L,44,0.002118813736593264,0.0,0.24410810710300873,0.246226920839602,0.002118813736593264,46.636958893708346,40.37227214377407,930,138
"Misla, Luis",695417,TRI_VAL,Curveball,L,63,0.002115016529429887,0.0,0.2476739573498532,0.2497889738792831,0.002115016529429887,46.63019495136101,40.30808729139923,931,28
"Parsons, Billy",698892,SUS_COU1,Cutter,L,39,0.002101889555085269,0.0,0.22255626270175524,0.22465815225684052,0.002101889555085269,46.60681195068664,40.243902439024396,932,5
"Vega, Lucas",837223,TRO_AIG,Sinker,L,131,0.0020989936478139305,0.0,0.2621811735845892,0.2642801672324031,0.0020989936478139305,46.60165348843167,40.17971758664955,933,66
"Forsyth, Braden",687732,MIS_MUD,Slider,L,46,0.002090186625257584,0.0,0.2348046112328472,0.2368947978581048,0.002090186625257584,46.58596559196993,40.11553273427471,934,60
"Messina, Chris",10179238,FDU_KNI,Changeup,R,52,0.0020882068185667196,0.0,0.24753599214537317,0.2496241989639399,0.0020882068185667196,46.58243897418488,40.05134788189987,935,57
"Bihm, Gage",815079,MIS_MUD,Four-Seam,R,91,0.002082783574378259,-0.0043895959101099,0.23952503235469702,0.24160781592907532,0.002082783574378259,46.57277858183651,39.98716302952503,936,198
"Tiburcio, David",696010,DOW_EAS1,Sinker,L,111,0.0020694432065477245,0.0,0.2622107240258554,0.2642801672324031,0.0020694432065477245,46.54901546462545,39.92297817715019,937,67
"Villers, Ian",677351,QUE_CAP,Splitter,R,25,0.0020168132763028314,0.0,0.24939492902717597,0.2514117423034788,0.0020168132763028314,46.455266085514864,39.858793324775355,938,1
"Cook, Avery",690004,WIN_CIT29,Sinker,L,56,0.0020158957257178844,0.0,0.26226427150668524,0.2642801672324031,0.0020158957257178844,46.453631658160674,39.79460847240051,939,68
"Hill, Kaleb",1000371973,OTT_TIT,Sinker,L,122,0.0020142382404772486,-0.0013169221169263556,0.26226592899192586,0.2642801672324031,0.0020142382404772486,46.450679189641875,39.730423620025675,940,69
"Gamelin, Shaun",815222,JOL_SLA,Four-Seam,L,206,0.002005917705632654,0.0,0.24422100313396936,0.246226920839602,0.002005917705632654,46.4358578708235,39.66623876765084,941,139
"Eisenbarger, Jack",1000570067,QUE_CAP,Changeup,R,119,0.0020052715347573017,0.0,0.2476189274291826,0.2496241989639399,0.0020052715347573017,46.434706850518474,39.602053915275995,942,58
"Milburn, Isaac",830926,FLO_Y'A,Sinker,L,43,0.002000648366645984,0.0,0.2622795188657571,0.2642801672324031,0.002000648366645984,46.42647162888806,39.53786906290115,943,70
"Encarnacion, J.D.",1000563022,EVA_OTT,Four-Seam,L,157,0.001994821737505898,-0.00023861374503481025,0.24423209910209606,0.24622692083960196,0.001994821737505898,46.41609268934455,39.473684210526315,944,140
"Bihm, Gage",815079,MIS_MUD,Slider,L,32,0.001994439068700618,0.0,0.23490035878940418,0.2368947978581048,0.001994439068700618,46.41541104369667,39.40949935815148,945,61
"Chapple, Bronson",1000218472,TRO_AIG,Sinker,L,54,0.001990147084938418,0.0,0.2622900201474647,0.2642801672324031,0.001990147084938418,46.407765758761144,39.345314505776635,946,71
"Wiltse, Ryan",813813,EVA_OTT,Changeup,L,88,0.001973152823449117,0.0,0.24050373734833358,0.2424768901717827,0.001973152823449117,46.377493982689025,39.2811296534018,947,80
"Thompson, Ross",1000103401,SCH_BOO,Four-Seam,R,160,0.0019591363717796654,-0.004185216285856705,0.23964867955729563,0.24160781592907526,0.0019591363717796654,46.352526561390334,39.21694480102696,948,199
"Hohenstein, Liam",1000116556,WIN_CIT29,Curveball,L,26,0.0019556348993036783,0.0,0.24783333897997942,0.2497889738792831,0.0019556348993036783,46.346289409468056,39.15275994865212,949,29
"Marklund, Brandon",647282,OTT_TIT,Four-Seam,L,126,0.001955214524645409,0.0,0.24427170631495657,0.246226920839602,0.001955214524645409,46.34554059861037,39.08857509627728,950,141
"Dima, Josh",1000098214,GAT_GRI,Curveball,R,29,0.0019492015898948227,0.0,0.2535915841916639,0.2555407857815587,0.0019492015898948227,46.3348297940002,39.02439024390244,951,66
"Bradford, Ethan",688428,NEW_YOR13,Sinker,L,73,0.0019432306005100037,0.0,0.26233693663189306,0.2642801672324031,0.0019432306005100037,46.32419370641851,38.960205391527595,952,72
"Rodriguez, Luis",693543,TRO_AIG,Slider,R,40,0.0019220202414611746,0.0,0.2311190267269057,0.2330410469683669,0.0019220202414611746,46.28641182104858,38.89602053915276,953,156
"Sanchez, Edwin",835958,LAK_ERI24,Sinker,R,141,0.0019127275276205598,0.0,0.25239747394273404,0.2543102014703546,0.0019127275276205598,46.269858765614984,38.83183568677792,954,66
"Gwin, Riley",1000429384,QUE_CAP,Changeup,R,27,0.0019098255831206615,0.0,0.24771437338081922,0.2496241989639399,0.0019098255831206615,46.26468954928099,38.767650834403085,955,59
"Willeman, Landon",812254,EVA_OTT,Changeup,R,46,0.001907062025151038,0.0,0.24771713693878886,0.2496241989639399,0.001907062025151038,46.25976684004344,38.70346598202824,956,60
"De Los Santos, Enmanuel",679735,NEW_ENG23,Curveball,R,42,0.0019054862744277423,0.0,0.25363529950713093,0.2555407857815587,0.0019054862744277423,46.25695996473019,38.639281129653405,957,67
"Williams, Brian",1000079778,MIS_MUD,Splitter,L,49,0.0018890068085650944,0.0,0.24102563422139361,0.24291464102995866,0.0018890068085650944,46.22760519102047,38.57509627727856,958,3
"Cosentino, Nick",700818,JOL_SLA,Four-Seam,R,30,0.0018855835919434016,0.0,0.23972223233713189,0.2416078159290753,0.0018855835919434016,46.22150743578212,38.51091142490372,959,200
"Boies, Emiles",1000429129,QUE_CAP,Four-Seam,R,49,0.0018825530237484096,-0.006993684408273609,0.2397252629053269,0.2416078159290753,0.0018825530237484096,46.216109102831446,38.44672657252888,960,201
"Nettleton, Blake",10067637,WIN_CIT29,Four-Seam,L,116,0.001867144544981447,0.0,0.24435977629462052,0.246226920839602,0.001867144544981447,46.1886620720123,38.382541720154045,961,142
"Chapple, Bronson",1000218472,TRO_AIG,Changeup,L,39,0.001864671691635733,0.0,0.24061221848014697,0.24247689017178273,0.001864671691635733,46.184257193177885,38.3183568677792,962,81
"Hagan, Jack",699522,DOW_EAS1,Sinker,L,118,0.0018585610175224415,0.0,0.26242160621488064,0.2642801672324031,0.0018585610175224415,46.173372286027096,38.254172015404365,963,73
"Perozzi, John",1000377762,SUS_COU1,Splitter,L,32,0.0018489117706705638,0.0,0.24106572925928813,0.2429146410299587,0.0018489117706705638,46.15618414047876,38.18998716302953,964,4
"McKillican, Adam",1000570064,QUE_CAP,Four-Seam,L,28,0.0018375632694841962,0.0,0.2443893575701178,0.246226920839602,0.0018375632694841962,46.13596912337523,38.125802310654684,965,143
"Williams, Brian",1000079778,MIS_MUD,Four-Seam,L,271,0.0018288404175162288,0.0,0.24439808042208575,0.24622692083960201,0.0018288404175162288,46.12043115947778,38.06161745827985,966,144
"Whitesell, Max",1000223610,FLO_Y'A,Slider,L,41,0.001812723273972413,0.0,0.2350820745841324,0.2368947978581048,0.001812723273972413,46.09172178834166,37.997432605905004,967,62
"Kirby, Zach",813716,WAS_WIL3,Four-Seam,R,187,0.0018036559500537602,-0.002156369553472398,0.23980415997902152,0.2416078159290753,0.0018036559500537602,46.075570218624335,37.93324775353017,968,202
"McEvoy, Aidan",1000079355,FLO_Y'A,Sinker,R,125,0.0018024526902603235,0.0,0.2525077487800943,0.2543102014703546,0.0018024526902603235,46.07342685917053,37.869062901155324,969,67
"Hill, Kaleb",1000371973,OTT_TIT,Curveball,R,95,0.0018013583448434427,0.0,0.25373942743671524,0.2555407857815587,0.0018013583448434427,46.0714775082425,37.80487804878049,970,68
"Gordillo, Lucas",808851,TRI_VAL,Four-Seam,L,71,0.0018010205270074305,0.0,0.24442590031259456,0.246226920839602,0.0018010205270074305,46.07087575535719,37.74069319640565,971,145
"McEvoy, Aidan",1000079355,FLO_Y'A,Sinker,L,50,0.0017869513632152263,0.0,0.2624932158691879,0.2642801672324031,0.0017869513632152263,46.04581443827038,37.67650834403081,972,74
"Foy, Corbin",813822,LAK_ERI24,Four-Seam,R,47,0.0017797092297165116,-0.0009603597522916951,0.23982810669935878,0.24160781592907526,0.0017797092297165116,46.03291406930197,37.61232349165597,973,203
"Matos, Dwayne",684228,OTT_TIT,Slider,L,59,0.0017710773334567696,0.0,0.23512372052464803,0.2368947978581048,0.0017710773334567696,46.017538124262096,37.548138639281134,974,63
"Kelly, Aiden",1000062337,TRI_VAL,Four-Seam,L,89,0.0017227040834008895,0.0,0.2445042167562011,0.246226920839602,0.0017227040834008895,45.931371144043844,37.48395378690629,975,146
"Perez, Kelvin",692487,WAS_WIL3,Four-Seam,L,57,0.001717427631427849,0.0,0.24450949320817414,0.246226920839602,0.001717427631427849,45.921972231788445,37.41976893453145,976,147
"Thompson, Ross",1000103401,SCH_BOO,Sinker,L,34,0.001710404034389832,-0.001742066901113004,0.2625697631980133,0.2642801672324031,0.001710404034389832,45.90946114050687,37.35558408215661,977,75
"McEvoy, Aidan",1000079355,FLO_Y'A,Cutter,R,37,0.0017015432263291362,0.0,0.24396616674676555,0.2456677099730947,0.0017015432263291362,45.893677436248794,37.291399229781774,978,19
"Eldred, Zach",1000227712,NEW_ENG23,Splitter,L,34,0.0016742495086594636,0.0,0.24124039152129922,0.2429146410299587,0.0016742495086594636,45.84505930065095,37.22721437740693,979,5
"Bauer, Patrick",10998513,QUE_CAP,Curveball,L,32,0.001668801410588042,0.0,0.24812017246869505,0.2497889738792831,0.001668801410588042,45.835354636229916,37.163029525032094,980,30
"Tokar, Heitor",677573,OTT_TIT,Changeup,L,33,0.0016669661738805156,0.0,0.2408099239979022,0.24247689017178273,0.0016669661738805156,45.83208554008916,37.09884467265726,981,82
"Austin, Zack",813186,SUS_COU1,Four-Seam,R,87,0.0016537600249985674,0.0,0.23995405590407673,0.2416078159290753,0.0016537600249985674,45.808561506286274,37.034659820282414,982,204
"Foltz Jr., Michael",803189,WAS_WIL3,Four-Seam,R,142,0.001649109804902774,0.0,0.23995870612417253,0.2416078159290753,0.001649109804902774,45.80027809711815,36.97047496790758,983,205
"Shinn, Nathan",1000490914,LAK_ERI24,Slider,L,77,0.0016478360621934953,0.0,0.23524696179591129,0.2368947978581048,0.0016478360621934953,45.79800918686906,36.906290115532734,984,64
"Quigley, Michael",808828,NEW_ENG23,Curveball,L,32,0.0016466951990658646,0.0,0.2481422786802172,0.2497889738792831,0.0016466951990658646,45.79597697422185,36.84210526315789,985,31
"Walsh, John",1000208173,MIS_MUD,Slider,L,36,0.0016422955162692075,0.0,0.2352525023418356,0.2368947978581048,0.0016422955162692075,45.78813984564214,36.777920410783054,986,65
"Smith, Jackson",1000333915,MIS_MUD,Slider,L,41,0.0016349842382698977,0.0,0.23525981361983492,0.2368947978581048,0.0016349842382698977,45.77511630998951,36.71373555840822,987,66
"Rybarczyk, Ty",1000084463,JOL_SLA,Four-Seam,L,46,0.0016191739534002093,0.0,0.2446077468862018,0.246226920839602,0.0016191739534002093,45.746953544369305,36.649550706033374,988,148
"Lefebvre, Charles",1000429097,TRO_AIG,Sinker,R,178,0.001603422666169906,0.0,0.2527067788041847,0.2543102014703546,0.001603422666169906,45.71889587089031,36.58536585365854,989,68
"Martinez, Mason",809209,TRI_VAL,Sinker,L,172,0.0015964047542942816,0.0,0.2626837624781088,0.2642801672324031,0.0015964047542942816,45.7063949065544,36.5211810012837,990,76
"Hicks, Jackson",703104,DOW_EAS1,Slider,R,74,0.0015950206251914073,0.0,0.23144602634317546,0.2330410469683669,0.0015950206251914073,45.70392936568442,36.45699614890886,991,157
"Good, Ty",688612,GAT_GRI,Four-Seam,R,230,0.0015867689594458159,0.0,0.24002104696962948,0.2416078159290753,0.0015867689594458159,45.68923072297906,36.39281129653401,992,206
"Pindel, Buddie",1000054422,SCH_BOO,Sinker,R,96,0.0015825125960841336,0.0,0.2527276888742705,0.2543102014703546,0.0015825125960841336,45.68164888844936,36.32862644415918,993,69
"Earwood, Micah",1000112366,SUS_COU1,Curveball,L,44,0.0015665202981814347,0.0,0.24822245358110165,0.2497889738792831,0.0015665202981814347,45.653161904105026,36.26444159178434,994,32
"Salata, Derek",1000057774,SCH_BOO,Splitter,L,88,0.001560607653621558,0.0,0.24135403337633712,0.24291464102995872,0.001560607653621558,45.642629745810105,36.2002567394095,995,6
"Thompson, Ross",1000103401,SCH_BOO,Splitter,L,104,0.001559369236442782,0.0,0.24135527179351593,0.2429146410299587,0.001559369236442782,45.640423760716644,36.13607188703466,996,7
"Vitas, Ben",1000076969,JOL_SLA,Sinker,R,121,0.0015543357569410253,0.0,0.2527558657134136,0.2543102014703546,0.0015543357569410253,45.63145765386717,36.071887034659824,997,70
"Thornton, Tyler",1000429124,NEW_ENG23,Changeup,L,65,0.0015541622438150413,0.0,0.24092272792796765,0.2424768901717827,0.0015541622438150413,45.63114857597646,36.00770218228498,998,83
"Hernandez, Nyan",683466,NEW_JER6,Sinker,L,40,0.001536294906370364,0.0,0.26274387232603275,0.2642801672324031,0.001536294906370364,45.59932159494108,35.943517329910144,999,77
"Gamelin, Shaun",815222,JOL_SLA,Cutter,R,81,0.0015362621851174453,0.0,0.24413144778797727,0.2456677099730947,0.0015362621851174453,45.599263308769494,35.8793324775353,1000,20
"Figueredo, Kevin",1000210447,WIN_CIT29,Slider,L,35,0.0015132982768966384,0.0,0.2353814995812082,0.23689479785810483,0.0015132982768966384,45.558357836775976,35.815147625160456,1001,67
"Ronne, Andrew",701809,GAT_GRI,Four-Seam,L,83,0.0015034496072809137,0.0,0.24472347123232108,0.246226920839602,0.0015034496072809137,45.54081446065438,35.75096277278562,1002,149
"Harper, Scott",1000241275,NEW_YOR13,Sinker,L,71,0.0014967054303873884,0.0,0.26278346180201567,0.2642801672324031,0.0014967054303873884,45.528801098800436,35.68677792041078,1003,78
"Sechrist, Zander",801415,WAS_WIL3,Cutter,L,41,0.0014844145584804464,0.0,0.22317373769836008,0.22465815225684047,0.0014844145584804464,45.506907442383984,35.62259306803595,1004,6
"Chapple, Bronson",1000218472,TRO_AIG,Curveball,R,26,0.001471560037829165,0.0,0.25406922574372953,0.2555407857815587,0.001471560037829165,45.48400976183958,35.5584082156611,1005,69
"Henderson, Drew",1000429021,DOW_EAS1,Four-Seam,L,188,0.0014708760029909496,0.0,0.24475604483661106,0.246226920839602,0.0014708760029909496,45.48279129468459,35.49422336328627,1006,150
"Zeplin, Blane",830954,JOL_SLA,Four-Seam,L,72,0.0014593002805274803,0.0,0.2447676205590745,0.24622692083960201,0.0014593002805274803,45.46217152968287,35.43003851091143,1007,151
"Webster, Evan",804248,FLO_Y'A,Four-Seam,L,138,0.0014576529940334897,-0.00011930687251740513,0.2447692678455685,0.246226920839602,0.0014576529940334897,45.459237228130306,35.36585365853659,1008,152
"Nakata, Yuto",1000432352,QUE_CAP,Four-Seam,L,97,0.0014479749790511048,-0.0004526983596826184,0.24477894586055088,0.246226920839602,0.0014479749790511048,45.44199783808362,35.30166880616174,1009,153
"Foy, Corbin",813822,LAK_ERI24,Sinker,L,43,0.0014270812072304756,0.0,0.2628530860251726,0.2642801672324031,0.0014270812072304756,45.40477988764463,35.23748395378691,1010,79
"Kelly, Colin",1000456530,SUS_COU1,Curveball,R,30,0.0014200032460775012,0.0,0.2541207825354812,0.2555407857815587,0.0014200032460775012,45.39217195789111,35.17329910141206,1011,70
"Andueza, Axel",672847,DOW_EAS1,Splitter,L,44,0.001415459289778953,0.0,0.24149918174017973,0.24291464102995872,0.001415459289778953,45.38407783578773,35.109114249037226,1012,8
"Scafidi, Christian",690280,LAK_ERI24,Curveball,R,34,0.0014087977303238316,0.0,0.2541319880512349,0.2555407857815587,0.0014087977303238316,45.37221163988133,35.04492939666239,1013,71
"Eldred, Zach",1000227712,NEW_ENG23,Sinker,R,47,0.0014021904044774697,0.0,0.2529080110658771,0.2543102014703546,0.0014021904044774697,45.36044204997697,34.98074454428755,1014,71
"Westcott, Zac",686170,FLO_Y'A,Four-Seam,L,118,0.0014000199530891347,0.0,0.24482690088651285,0.246226920839602,0.0014000199530891347,45.35657583793566,34.91655969191271,1015,154
"Darden, Nathan",1000439869,FLO_Y'A,Four-Seam,L,65,0.001390167296435818,-0.0029410029791197,0.24483675354316617,0.246226920839602,0.001390167296435818,45.33902535972791,34.85237483953787,1016,155
"Nabholz, Nate",1000113106,TRI_VAL,Slider,L,50,0.0013709688989501922,0.0,0.2355238289591546,0.2368947978581048,0.0013709688989501922,45.30482736942428,34.78818998716303,1017,68
"Williams, Pierce",1000337420,NEW_ENG23,Changeup,R,246,0.0013705517222103534,0.0,0.24825364724172955,0.2496241989639399,0.0013705517222103534,45.304084254999516,34.724005134788186,1018,61
"Harper, Scott",1000241275,NEW_YOR13,Sinker,R,116,0.0013641172776747473,0.00022291357862289085,0.2529460841926799,0.2543102014703546,0.0013641172776747473,45.29262261753719,34.65982028241335,1019,72
"Oe, Ryoya",1000551188,OTT_TIT,Changeup,R,31,0.001364047221401012,0.0,0.24826015174253888,0.2496241989639399,0.001364047221401012,45.29249782671693,34.59563543003851,1020,62
"Lawson, Nathan",1000569348,FLO_Y'A,Sinker,R,58,0.0013560139351820135,0.0,0.25295418753517257,0.2543102014703546,0.0013560139351820135,45.27818818215262,34.53145057766367,1021,73
"Armstrong, Andrew",803262,NEW_YOR13,Sinker,R,54,0.0013507431695823332,0.0,0.25295945830077227,0.2543102014703546,0.0013507431695823332,45.26879939899999,34.46726572528883,1022,74
"Campbell, AJ",1000132168,WIN_CIT29,Curveball,R,29,0.0013475602144261344,0.0,0.25419322556713253,0.2555407857815587,0.0013475602144261344,45.263129620069215,34.403080872913996,1023,72
"Long, Maddox",1000248716,WAS_WIL3,Sinker,L,168,0.0013442077673528408,0.0,0.2629359594650503,0.2642801672324031,0.0013442077673528408,45.25715792620301,34.33889602053915,1024,80
"Pindel, Buddie",1000054422,SCH_BOO,Splitter,R,30,0.0013379212159962941,0.0,0.2500738210874825,0.2514117423034788,0.0013379212159962941,45.24595972997359,34.27471116816431,1025,2
"Andueza, Axel",672847,DOW_EAS1,Sinker,L,48,0.0013374081991197738,0.0,0.26294275903328335,0.2642801672324031,0.0013374081991197738,45.24504589608813,34.21052631578947,1026,81
"Morel, Yohanse",678353,OTT_TIT,Changeup,R,33,0.0013170685966124678,0.0,0.2483071303673274,0.24962419896393986,0.0013170685966124678,45.20881508412347,34.146341463414636,1027,63
"Pardinho, Eric",672078,OTT_TIT,Four-Seam,R,127,0.001303427552382552,0.0,0.24030438837669274,0.2416078159290753,0.001303427552382552,45.18451637384542,34.08215661103979,1028,207
"Armstrong, Andrew",803262,NEW_YOR13,Four-Seam,L,33,0.001298648049327383,-0.005247442538966612,0.2449282727902746,0.24622692083960201,0.001298648049327383,45.1760026737171,34.017971758664956,1029,156
"Milburn, Isaac",830926,FLO_Y'A,Four-Seam,R,139,0.0012838631031652844,0.0,0.24032395282591001,0.24160781592907532,0.0012838631031652844,45.149666337787515,33.95378690629012,1030,208
"Rodriguez, Esteban",701454,TRO_AIG,Slider,R,29,0.0012795772278462966,0.0,0.2317614697405206,0.23304104696836686,0.0012795772278462966,45.142031933785255,33.889602053915276,1031,158
"Kemlage, Joe",703240,NEW_ENG23,Sinker,R,82,0.001277832593461309,0.0,0.2530323688768933,0.2543102014703546,0.001277832593461309,45.13892422701828,33.82541720154044,1032,75
"Pindel, Buddie",1000054422,SCH_BOO,Splitter,L,52,0.0012713932902832727,0.0,0.2416432477396754,0.2429146410299587,0.0012713932902832727,45.127453934885324,33.761232349165596,1033,9
"Boies, Emiles",1000429129,QUE_CAP,Changeup,R,45,0.0012686674305232477,0.0,0.24835553153341666,0.2496241989639399,0.0012686674305232477,45.12259837724245,33.69704749679075,1034,64
"Jones, Logan",814785,TRI_VAL,Slider,R,32,0.001259500513489888,0.0,0.231781546454877,0.2330410469683669,0.001259500513489888,45.10626940290718,33.632862644415916,1035,159
"Heredia-Bustos, Rolando",837343,DOW_EAS1,Curveball,L,29,0.0012569008505009134,0.003303506717418997,0.24853207302878216,0.2497889738792831,0.0012569008505009134,45.101638638815736,33.56867779204108,1036,33
"Gamelin, Shaun",815222,JOL_SLA,Four-Seam,R,153,0.001249596103908341,0.0,0.24035821982516697,0.2416078159290753,0.001249596103908341,45.08862673751875,33.504492939666235,1037,209
"Sanchez, Edwin",835958,LAK_ERI24,Curveball,R,44,0.001243572742581419,0.0,0.2542972130389773,0.2555407857815587,0.001243572742581419,45.07789736011068,33.4403080872914,1038,73
"Calderon, Jean",703300,LAK_ERI24,Slider,R,36,0.001235164777798564,0.0,0.23180588219056833,0.2330410469683669,0.001235164777798564,45.06292030286762,33.37612323491656,1039,160
"Gilleran, Jimmy",10103730,NEW_ENG23,Sinker,L,60,0.0012258349430737947,0.0,0.26305433228932934,0.2642801672324031,0.0012258349430737947,45.04630112422571,33.311938382541726,1040,82
"Garcia, Hector",815312,WAS_WIL3,Splitter,L,59,0.0011958511147527715,0.0,0.2417187899152059,0.2429146410299587,0.0011958511147527715,44.992891110657865,33.24775353016688,1041,10
"Grounds, Jackson",805984,DOW_EAS1,Curveball,L,39,0.0011863061308023122,0.0,0.24860266774848078,0.24978897387928312,0.0011863061308023122,44.975888687990526,33.18356867779204,1042,34
"Escobar, Anthony",678673,TRO_AIG,Sinker,L,73,0.0011811906012210074,0.0,0.2630989766311821,0.2642801672324031,0.0011811906012210074,44.96677642582644,33.1193838254172,1043,83
"Catrambone, Ben",1000565186,JOL_SLA,Cutter,R,34,0.0011729179039862328,0.0,0.24449479206910846,0.24566770997309473,0.0011729179039862328,44.952040319855534,33.05519897304236,1044,21
"Williams, Brian",1000079778,MIS_MUD,Cutter,R,75,0.0011722200709571365,0.0,0.24449548990213757,0.2456677099730947,0.0011722200709571365,44.950797274065884,32.99101412066752,1045,22
"Eckaus, David",824671,EVA_OTT,Four-Seam,R,85,0.0011708523675412043,0.0,0.24043696356153407,0.2416078159290753,0.0011708523675412043,44.948360992173534,32.926829268292686,1046,210
"Riedel, Caleb",1000120428,SCH_BOO,Four-Seam,L,47,0.0011692075707982468,-0.0029410029791197,0.24505771326880374,0.246226920839602,0.0011692075707982468,44.945431125599555,32.86264441591784,1047,157
"Andueza, Axel",672847,DOW_EAS1,Slider,R,41,0.001159414229656612,0.0,0.2318816327387103,0.2330410469683669,0.001159414229656612,44.92798630575704,32.798459563543005,1048,161
"Johnston, Spencer",800918,DOW_EAS1,Changeup,R,106,0.0011536848898136209,0.0,0.24847051407412626,0.2496241989639399,0.0011536848898136209,44.917780667054984,32.73427471116817,1049,65
"Brothers, Kellen",1000131959,SUS_COU1,Changeup,L,102,0.0011524268788370832,0.0,0.2413244632929456,0.24247689017178267,0.0011524268788370832,44.91553977964708,32.670089858793325,1050,84
"Ferguson, Francis",823799,WIN_CIT29,Four-Seam,L,50,0.0011434921492159472,-0.0009085118576218076,0.24508342869038605,0.246226920839602,0.0011434921492159472,44.89962439935672,32.60590500641848,1051,158
"Trizuto, Colin",1000218135,WAG_SEA,Changeup,R,60,0.0011389366211752372,0.0,0.24848526234276463,0.2496241989639399,0.0011389366211752372,44.89150966457843,32.541720154043645,1052,66
"Cameron, Wyatt",1000179557,SCH_BOO,Curveball,L,47,0.001128999610629137,0.0,0.24865997426865397,0.24978897387928312,0.001128999610629137,44.87380892728736,32.47753530166881,1053,35
"Salata, Derek",1000057774,SCH_BOO,Cutter,L,47,0.0011284225626467686,0.0,0.2235297296941937,0.22465815225684052,0.0011284225626467686,44.87278103517706,32.413350449293965,1054,7
"O'Hanlon, Michael",1000061333,WAS_WIL3,Four-Seam,L,47,0.0011263162970154862,0.0,0.2451006045425865,0.246226920839602,0.0011263162970154862,44.86902915683985,32.34916559691913,1055,159
"Serrano, Elio",665939,NEW_JER6,Curveball,L,35,0.0011215221447076842,0.0,0.2486674517345754,0.24978897387928312,0.0011215221447076842,44.86048936208567,32.28498074454429,1056,36
"Wiltse, Ryan",813813,EVA_OTT,Curveball,L,89,0.0011034119606795243,0.0,0.24868556191860355,0.2497889738792831,0.0011034119606795243,44.828229799887545,32.22079589216945,1057,37
"Kubo, Trayson",687840,OTT_TIT,Four-Seam,L,27,0.0011016652543214699,0.0,0.24512525558528053,0.246226920839602,0.0011016652543214699,44.82511840232737,32.156611039794605,1058,160
"O'Hanlon, Michael",1000061333,WAS_WIL3,Four-Seam,R,61,0.0010954693068117288,0.0,0.24051234662226356,0.2416078159290753,0.0010954693068117288,44.81408159818689,32.09242618741977,1059,211
"Chapple, Bronson",1000218472,TRO_AIG,Slider,R,31,0.0010933118684544384,-0.0006786413117689238,0.23194773509991246,0.2330410469683669,0.0010933118684544384,44.810238566179734,32.028241335044925,1060,162
"Bohnert, Matthew",810066,WIN_CIT29,Cutter,R,33,0.001090842803591336,0.0,0.24457686716950336,0.24566770997309473,0.001090842803591336,44.80584043574668,31.964056482670088,1061,23
"Hensey, Rob",802996,SUS_COU1,Changeup,R,188,0.0010862192170404497,0.0,0.24853797974689942,0.2496241989639399,0.0010862192170404497,44.797604468752375,31.89987163029525,1062,67
"Galva, Claudio",669996,GAT_GRI,Sinker,L,47,0.0010817931105056996,0.0,0.2631983741218974,0.2642801672324031,0.0010817931105056996,44.78972027172647,31.835686777920415,1063,84
"Scafidi, Christian",690280,LAK_ERI24,Four-Seam,L,72,0.0010777371213148712,0.0,0.24514918371828712,0.24622692083960201,0.0010777371213148712,44.782495362505614,31.77150192554557,1064,161
"Peyton, Blake",1000017005,GAT_GRI,Four-Seam,R,168,0.0010705738533609383,0.0,0.24053724207571434,0.2416078159290753,0.0010705738533609383,44.76973547625916,31.70731707317073,1065,212
"Helt, Robert",836007,LAK_ERI24,Curveball,L,74,0.0010534797281274786,0.0,0.24873549415115562,0.2497889738792831,0.0010534797281274786,44.73928581349847,31.643132220795895,1066,38
"Webster, Evan",804248,FLO_Y'A,Slider,R,35,0.0010376794282567897,0.0,0.2320033675401101,0.2330410469683669,0.0010376794282567897,44.7111408340971,31.57894736842105,1067,163
"Hensey, Rob",802996,SUS_COU1,Sinker,R,256,0.0010342661553393302,0.0,0.2532759353150153,0.2543102014703546,0.0010342661553393302,44.705060791519465,31.51476251604621,1068,76
"Williams, Brian",1000079778,MIS_MUD,Splitter,R,37,0.0010276424429040204,0.0,0.25038409986057475,0.2514117423034788,0.0010276424429040204,44.69326201228248,31.450577663671375,1069,3
"Binns, Malik",702238,NEW_JER6,Cutter,L,34,0.001004743579661554,0.0,0.22365340867717895,0.2246581522568405,0.001004743579661554,44.6524724045188,31.38639281129653,1070,8
"Petery, Dylan",10998503,WIN_CIT29,Curveball,R,44,0.0009958342452508048,0.0,0.2545449515363079,0.2555407857815587,0.0009958342452508048,44.6366022605644,31.322207958921695,1071,74
"Nakata, Yuto",1000432352,QUE_CAP,Curveball,L,57,0.0009917538621588475,0.0,0.24879722001712423,0.2497889738792831,0.0009917538621588475,44.62933389863376,31.258023106546855,1072,39
"Hines, Carter",809552,FLO_Y'A,Four-Seam,R,36,0.0009774979781413272,0.0,0.24063031795093398,0.2416078159290753,0.0009774979781413272,44.60393997792939,31.193838254172015,1073,213
"Hopewell, Chase",803045,FLO_Y'A,Slider,L,40,0.0009755875650668134,0.0,0.235919210293038,0.2368947978581048,0.0009755875650668134,44.60053697057698,31.129653401797174,1074,69
"Thornton, Tyler",1000429124,NEW_ENG23,Sinker,L,49,0.0009625430937139413,0.0,0.2633176241386892,0.2642801672324031,0.0009625430937139413,44.57730093198701,31.065468549422338,1075,85
"Barreto, Brayhans",810980,TRI_VAL,Curveball,R,33,0.0009604071900492582,0.0,0.25458037859150945,0.2555407857815587,0.0009604071900492582,44.573496259598656,31.001283697047498,1076,75
"Escobar, Anthony",678673,TRO_AIG,Slider,L,80,0.0009547333244554722,0.0,0.2359400645336493,0.2368947978581048,0.0009547333244554722,44.56338943684401,30.937098844672654,1077,70
"Smith, Ethan",680733,WIN_CIT29,Slider,L,28,0.0009491978599636487,0.0026081453906663526,0.23594559999814116,0.2368947978581048,0.0009491978599636487,44.55352914714227,30.872913992297818,1078,71
"Smith, Donny",1000381366,JOL_SLA,Curveball,L,31,0.0009457441284436314,0.0,0.24884322975083947,0.2497889738792831,0.0009457441284436314,44.54737703589854,30.80872913992298,1079,40
"Blair, Davis",836357,DOW_EAS1,Slider,L,38,0.0009444315548168072,0.0,0.23595036630328797,0.23689479785810477,0.0009444315548168072,44.545038956368906,30.744544287548138,1080,72
"Henderson, Drew",1000429021,DOW_EAS1,Sinker,L,70,0.0009327274888061728,0.0,0.2633474397435969,0.2642801672324031,0.0009327274888061728,44.52419057377632,30.680359435173298,1081,86
"Salata, Derek",1000057774,SCH_BOO,Curveball,L,27,0.0009317684277824828,0.0,0.24885720545150058,0.2497889738792831,0.0009317684277824828,44.522482204126554,30.61617458279846,1082,41
"Webster, Evan",804248,FLO_Y'A,Cutter,L,76,0.0009192074289296514,0.0,0.22373894482791082,0.2246581522568405,0.0009192074289296514,44.500107372201406,30.551989730423617,1083,9
"Langrell, Connor",815223,MIS_MUD,Cutter,L,100,0.0009133536719047336,0.0009044534946683058,0.22374479858493576,0.2246581522568405,0.0009133536719047336,44.48968010991934,30.48780487804878,1084,10
"Stuka, Ted",682247,OTT_TIT,Sinker,R,59,0.0009070737515372263,0.0,0.2534031277188174,0.2543102014703546,0.0009070737515372263,44.47849372543092,30.42362002567394,1085,77
"De Los Santos, Enmanuel",679735,NEW_ENG23,Curveball,L,45,0.0008981818118339011,0.0,0.2488907920674492,0.2497889738792831,0.0008981818118339011,44.462654566564545,30.359435173299104,1086,42
"Orth, Harry",1000145875,SCH_BOO,Splitter,L,31,0.0008901862929787504,0.0,0.24202445473697995,0.2429146410299587,0.0008901862929787504,44.44841219677896,30.29525032092426,1087,11
"Hopewell, Chase",803045,FLO_Y'A,Four-Seam,L,111,0.0008838077103345862,0.0,0.24534311312926738,0.246226920839602,0.0008838077103345862,44.43705006576884,30.231065468549424,1088,162
"Garcia, Brett",702286,OTT_TIT,Curveball,L,44,0.0008834184080567003,0.0,0.2489055554712264,0.2497889738792831,0.0008834184080567003,44.436356603955986,30.166880616174584,1089,43
"Vail, Tyler",592821,NEW_YOR13,Changeup,L,31,0.0008667117394508198,0.0,0.24161017843233187,0.2424768901717827,0.0008667117394508198,44.40659711536233,30.10269576379974,1090,85
"Morel, Yohanse",678353,OTT_TIT,Sinker,R,89,0.0008644439615172984,0.0,0.2534457575088373,0.2543102014703546,0.0008644439615172984,44.40255753612977,30.038510911424904,1091,78
"Primeaux, Parker",1000101108,SUS_COU1,Sinker,L,30,0.000860484992721149,0.0003700484315577457,0.263419682239682,0.2642801672324031,0.000860484992721149,44.3955054487561,29.974326059050068,1092,87
"Rodriguez, Joe Joe",689487,NEW_JER6,Sinker,L,63,0.000852869565215841,0.0,0.2634272976671873,0.2642801672324031,0.000852869565215841,44.381940133412485,29.910141206675224,1093,88
"Thornton, Tyler",1000429124,NEW_ENG23,Slider,L,38,0.0008460030395267562,0.0013677926196683093,0.23604879481857804,0.23689479785810477,0.0008460030395267562,44.36970883238277,29.845956354300384,1094,73
"Grounds, Jackson",805984,DOW_EAS1,Sinker,L,75,0.0008427743287748978,0.0,0.2634373929036282,0.2642801672324031,0.0008427743287748978,44.36395754928385,29.781771501925547,1095,89
"Woolfolk, Dallas",663762,MIS_MUD,Four-Seam,R,91,0.0008420145296832609,0.0,0.24076580139939202,0.24160781592907532,0.0008420145296832609,44.362604123718626,29.717586649550704,1096,214
"Glickstein, Aaron",1000292360,SCH_BOO,Sinker,L,25,0.0008385549223887667,0.0,0.26344161231001434,0.2642801672324031,0.0008385549223887667,44.35644154599306,29.653401797175867,1097,90
"Milburn, Isaac",830926,FLO_Y'A,Slider,R,87,0.0008214070417563656,0.0,0.23221963992661052,0.23304104696836692,0.0008214070417563656,44.32589612906262,29.589216944801027,1098,164
"Rodriguez, Esteban",701454,WAS_WIL3,Four-Seam,L,28,0.0008202141134566148,-0.00011930687251740513,0.24540670672614537,0.246226920839602,0.0008202141134566148,44.32377117303656,29.52503209242619,1099,163
"Valdez, Alex",677678,EVA_OTT,Four-Seam,L,64,0.0008002992985588729,-0.0002263491798413092,0.2454266215410431,0.246226920839602,0.0008002992985588729,44.28829703269326,29.460847240051347,1100,164
"Noriega, Branden",804447,LAK_ERI24,Sinker,R,48,0.0007911484391469036,0.0,0.2535190530312077,0.2543102014703546,0.0007911484391469036,44.27199666170267,29.396662387676507,1101,79
"Pierson, Kenny",1000055344,LAK_ERI24,Changeup,L,71,0.0007774229651529652,0.0,0.24169946720662974,0.2424768901717827,0.0007774229651529652,44.24754755719232,29.33247753530167,1102,86
"Barker, Alex",1000106691,NEW_YOR13,Curveball,R,55,0.0007558577419277987,0.0,0.2547849280396309,0.2555407857815587,0.0007558577419277987,44.209133554393276,29.268292682926827,1103,76
"Puccetti, Dominic",1000266076,OTT_TIT,Changeup,R,97,0.0007327515296716078,0.0,0.24889144743426828,0.2496241989639399,0.0007327515296716078,44.167974597074966,29.20410783055199,1104,68
"Riedel, Caleb",1000120428,SCH_BOO,Sinker,L,26,0.0007241533008597706,0.0,0.2635560139315433,0.2642801672324031,0.0007241533008597706,44.152658623658134,29.13992297817715,1105,91
"Oe, Ryoya",1000551188,OTT_TIT,Curveball,R,35,0.0007197455893738396,0.0,0.2548210401921849,0.2555407857815587,0.0007197455893738396,44.14480719362238,29.07573812580231,1106,77
"Dill, Austin",1000429156,TRI_VAL,Changeup,R,77,0.0007113417808477716,0.0,0.24891285718309214,0.2496241989639399,0.0007113417808477716,44.1298375398946,29.01155327342747,1107,69
"Fowler, Dalton",687096,SUS_COU1,Sinker,R,25,0.0007030904195913567,0.0,0.2536071110507633,0.2543102014703546,0.0007030904195913567,44.115139439573994,28.947368421052634,1108,80
"Flontek, Zac",1000563032,DOW_EAS1,Curveball,R,35,0.0007016959948687618,0.0,0.25483908978668995,0.2555407857815587,0.0007016959948687618,44.11265555917834,28.88318356867779,1109,78
"Davis, Tyler",824623,WAS_WIL3,Four-Seam,R,71,0.0007008008796040374,0.0,0.24090701504947126,0.2416078159290753,0.0007008008796040374,44.11106109572552,28.81899871630295,1110,215
"Jones, Logan",814785,TRI_VAL,Sinker,L,64,0.0007001981811766301,0.0,0.2635799690512265,0.2642801672324031,0.0007001981811766301,44.10998751263131,28.754813863928113,1111,92
"Smith, Jackson",1000333915,MIS_MUD,Sinker,R,201,0.0006948531886603236,0.0,0.2536153482816943,0.2543102014703546,0.0006948531886603236,44.10046650951725,28.690629011553277,1112,81
"Bice, Emmett",828456,NEW_YOR13,Curveball,L,88,0.0006922459913997023,0.0,0.2490967278878834,0.2497889738792831,0.0006922459913997023,44.0958223246729,28.626444159178433,1113,44
"Perozzi, John",1000377762,SUS_COU1,Four-Seam,L,112,0.0006907493332383718,0.0,0.24553617150636362,0.246226920839602,0.0006907493332383718,44.09315633646595,28.562259306803593,1114,165
"Boies, Emiles",1000429129,QUE_CAP,Sinker,R,78,0.0006856160604096495,0.0,0.2536245854099449,0.2543102014703546,0.0006856160604096495,44.08401246836165,28.498074454428757,1115,82
"Esposito, Michael",1000059095,NEW_ENG23,Four-Seam,L,74,0.0006828740498800517,0.0,0.24554404678972191,0.24622692083960201,0.0006828740498800517,44.079128141449786,28.433889602053913,1116,166
"Miner, Jace",701731,DOW_EAS1,Curveball,R,35,0.0006770265953208105,0.0,0.2548637591862379,0.2555407857815587,0.0006770265953208105,44.06871210571204,28.369704749679077,1117,79
"Debban, Caleb",1000551056,NEW_JER6,Cutter,L,58,0.0006678073352677457,0.0,0.22399034492157274,0.2246581522568405,0.0006678073352677457,44.052289893069684,28.305519897304237,1118,11
"Nova, Fraynel",805843,LAK_ERI24,Four-Seam,L,166,0.0006618570997588666,0.0,0.2455650637398431,0.246226920839602,0.0006618570997588666,44.041690774242745,28.241335044929393,1119,167
"Gorgen, Grady",1000138303,NEW_YOR13,Cutter,R,35,0.0006608021444416301,0.0,0.24500690782865306,0.24566770997309473,0.0006608021444416301,44.03981158866298,28.177150192554556,1120,24
"Anibal, Trevor",822669,NEW_ENG23,Four-Seam,R,100,0.0006598095952015431,0.0,0.24094800633387375,0.2416078159290753,0.0006598095952015431,44.038043566654174,28.11296534017972,1121,216
"Binns, Malik",702238,NEW_JER6,Curveball,L,27,0.0006450420032511566,0.0,0.24914393187603193,0.2497889738792831,0.0006450420032511566,44.01173814367783,28.04878048780488,1122,45
"Woolfolk, Dallas",663762,SCH_BOO,Changeup,L,28,0.0006201322234483674,0.0,0.24185675794833433,0.2424768901717827,0.0006201322234483674,43.967366502305204,27.984595635430036,1123,87
"Kaminer, Brandon",690510,DOW_EAS1,Curveball,R,29,0.0006155162860380685,0.0,0.25492526949552063,0.2555407857815587,0.0006155162860380685,43.95914416067915,27.9204107830552,1124,80
"Beriguete, Randy",691335,LAK_ERI24,Four-Seam,L,35,0.0005800973851712529,0.0,0.24564682345443073,0.24622692083960201,0.0005800973851712529,43.89605268498096,27.856225930680363,1125,168
"Bargo, Casey",1000057987,FLO_Y'A,Changeup,L,26,0.0005714868758815578,0.0,0.24190540329590116,0.2424768901717827,0.0005714868758815578,43.88071483642257,27.79204107830552,1126,88
"Barron, Oscar",10163170,TES_BLA2,Curveball,R,223,0.000565873903320835,0.0,0.25497491187823784,0.2555407857815587,0.000565873903320835,43.87071648206253,27.72785622593068,1127,81
"Morgan, Marcus",808861,JOL_SLA,Cutter,L,38,0.0005654050434391725,0.0,0.2240927472134013,0.2246581522568405,0.0005654050434391725,43.86988130476719,27.663671373555843,1128,12
"Hernandez, Nyan",683466,NEW_JER6,Changeup,L,110,0.0005561936494937595,0.0,0.24192069652228892,0.2424768901717827,0.0005561936494937595,43.853473103975226,27.599486521181,1129,89
"Parsons, Billy",698892,SUS_COU1,Splitter,L,33,0.0005556117492844843,0.0,0.2423590292806742,0.2429146410299587,0.0005556117492844843,43.85243656862224,27.535301668806163,1130,12
"Perozzi, John",1000377762,SUS_COU1,Slider,L,61,0.0005349990477515646,0.0,0.23635979881035324,0.2368947978581048,0.0005349990477515646,43.815719287001095,27.471116816431323,1131,74
"Villalobos, Jonaiker",665690,FLO_Y'A,Curveball,R,54,0.000534659997128638,0.0,0.25500612578443005,0.2555407857815587,0.000534659997128638,43.81511533815984,27.40693196405648,1132,82
"Nova, Fraynel",805843,LAK_ERI24,Sinker,R,33,0.0005283670068042113,0.0006493310334034219,0.2537818344635504,0.2543102014703546,0.0005283670068042113,43.80390567223556,27.342747111681643,1133,83
"Harris, Ben",1000390130,GAT_GRI,Changeup,R,122,0.0005033418465805439,0.0,0.24912085711735935,0.2496241989639399,0.0005033418465805439,43.75932850441118,27.278562259306803,1134,70
"Parra, Andres",800365,LAK_ERI24,Four-Seam,R,177,0.0004989291391347707,-0.0009603597522916951,0.24110888678994052,0.2416078159290753,0.0004989291391347707,43.75146817510212,27.214377406931966,1135,217
"Hocom, Quinn",1000152021,TRI_VAL,Four-Seam,L,97,0.0004784671953650064,0.0,0.24574845364423697,0.246226920839602,0.0004784671953650064,43.71501943738035,27.150192554557123,1136,169
"Villalobos, Jonaiker",665690,FLO_Y'A,Changeup,L,27,0.0004746796251358602,0.0,0.24200221054664683,0.24247689017178267,0.0004746796251358602,43.70827266124616,27.086007702182286,1137,90
"Eldred, Zach",1000227712,NEW_ENG23,Splitter,R,32,0.00045991970441620726,0.0,0.25095182259906257,0.2514117423034788,0.00045991970441620726,43.68198090298712,27.021822849807446,1138,4
"Vitas, Ben",1000076969,JOL_SLA,Splitter,L,68,0.00045634009371806186,0.0,0.24245830093624066,0.2429146410299587,0.00045634009371806186,43.67560456391832,26.957637997432606,1139,13
"Saturria, Michael",800014,NEW_ENG23,Slider,L,75,0.0004549214962503471,0.0,0.23643987636185443,0.23689479785810483,0.0004549214962503471,43.67307762475676,26.893453145057766,1140,75
"Marklund, Brandon",647282,OTT_TIT,Slider,L,52,0.0004280269929341779,0.0,0.23646677086517062,0.2368947978581048,0.0004280269929341779,43.625170607292624,26.82926829268293,1141,76
"Villers, Ian",677351,QUE_CAP,Four-Seam,L,76,0.00042674881071400636,0.0,0.245800172028888,0.24622692083960201,0.00042674881071400636,43.62289378896941,26.765083440308086,1142,170
"Bohnert, Matthew",810066,WIN_CIT29,Curveball,L,40,0.0003904698291406515,0.0,0.24939850405014244,0.24978897387928306,0.0003904698291406515,43.558270256666766,26.700898587933246,1143,46
"Milburn, Isaac",830926,FLO_Y'A,Curveball,L,50,0.0003901055618167604,0.0,0.24939886831746633,0.2497889738792831,0.0003901055618167604,43.55762138946732,26.63671373555841,1144,47
"Bell, Brendan",681141,NEW_ENG23,Cutter,L,38,0.00038879612684644975,0.0,0.22426935612999407,0.2246581522568405,0.00038879612684644975,43.55528890080771,26.572528883183566,1145,13
"Sparks, Alec",836152,GAT_GRI,Curveball,L,39,0.0003633897342709556,0.0,0.24942558414501215,0.24978897387928312,0.0003633897342709556,43.51003264608137,26.50834403080873,1146,48
"Villers, Ian",677351,QUE_CAP,Splitter,L,39,0.0003629892987676511,0.0,0.24255165173119103,0.2429146410299587,0.0003629892987676511,43.509319352720844,26.44415917843389,1147,14
"Cartwright, Eli",1000304859,GAT_GRI,Four-Seam,R,116,0.0003562142634912593,0.0,0.24125160166558404,0.2416078159290753,0.0003562142634912593,43.49725102301456,26.379974326059052,1148,218
"Encarnacion, J.D.",1000563022,EVA_OTT,Slider,R,78,0.0003404371340595253,-0.0010037098081795703,0.23270060983430738,0.2330410469683669,0.0003404371340595253,43.46914731697714,26.31578947368421,1149,165
"Aldeano, Austin",699054,TRO_AIG,Changeup,L,46,0.0003390985126035106,0.0,0.2421377916591792,0.2424768901717827,0.0003390985126035106,43.46676283860559,26.251604621309372,1150,91
"Pardinho, Eric",672078,OTT_TIT,Four-Seam,L,148,0.0003373792221201478,-0.00011930687251740513,0.24588954161748183,0.24622692083960201,0.0003373792221201478,43.46370027677858,26.187419768934532,1151,171
"Noriega, Branden",804447,LAK_ERI24,Sinker,L,37,0.000320094905940402,0.0,0.2639600723264627,0.2642801672324031,0.000320094905940402,43.432911828025894,26.12323491655969,1152,93
"Shears, Tanner",808632,SCH_BOO,Splitter,R,30,0.0003178236003618736,0.0,0.2510939187031169,0.2514117423034788,0.0003178236003618736,43.42886596502044,26.059050064184852,1153,5
"Flontek, Zac",1000563032,DOW_EAS1,Four-Seam,L,126,0.0003015064280812357,0.0,0.24592541441152074,0.246226920839602,0.0003015064280812357,43.39980028389504,25.994865211810016,1154,172
"Floyd, Conner",1000161370,QUE_CAP,Curveball,R,29,0.00028753361281972387,0.0,0.255253252168739,0.2555407857815587,0.00028753361281972387,43.37491059186812,25.930680359435172,1155,83
"Barreto, Brayhans",810980,TRI_VAL,Sinker,R,68,0.00028354133048070113,0.0,0.2540266601398739,0.2543102014703546,0.00028354133048070113,43.36779916328032,25.866495507060332,1156,84
"Martzolf, Max",824782,OTT_TIT,Changeup,L,91,0.0002758815852248815,0.0,0.24220100858655783,0.24247689017178267,0.0002758815852248815,43.35415490499351,25.802310654685495,1157,92
"Almonte, Lisandro",1000570068,NEW_JER6,Four-Seam,L,94,0.00026399064197541995,0.0,0.24596293019762658,0.246226920839602,0.00026399064197541995,43.33297363909615,25.73812580231066,1158,173
"Langrell, Connor",815223,MIS_MUD,Cutter,R,132,0.00025848116211508754,0.0,0.2454092288109796,0.24566770997309473,0.00025848116211508754,43.32315963566265,25.673940949935815,1159,25
"Bargo, Casey",1000492781,NEW_ENG23,Slider,L,27,0.00024910837493941795,0.0,0.2366456894831654,0.2368947978581048,0.00024910837493941795,43.30646394607754,25.609756097560975,1160,77
"Figueredo, Kevin",1000210447,WIN_CIT29,Changeup,R,74,0.00021524422275255058,0.0,0.24940895474118732,0.24962419896393986,0.00021524422275255058,43.24614193487873,25.54557124518614,1161,71
"Gwin, Riley",1000429384,QUE_CAP,Changeup,L,25,0.00021335182775579774,0.0,0.24226353834402692,0.2424768901717827,0.00021335182775579774,43.24277102302017,25.481386392811295,1162,93
"Henderson, Drew",1000429021,DOW_EAS1,Curveball,L,86,0.00020138114981507264,0.0,0.24958759272946804,0.24978897387928312,0.00020138114981507264,43.22144772619546,25.41720154043646,1163,49
"Gilleran, Jimmy",10103730,NEW_ENG23,Splitter,L,26,0.0001967528684786702,0.0,0.24271788816148002,0.2429146410299587,0.0001967528684786702,43.21320339640786,25.35301668806162,1164,15
"Smith, Jackson",1000333915,MIS_MUD,Cutter,L,39,0.0001765326562202938,0.0,0.2244816196006202,0.22465815225684052,0.0001765326562202938,43.17718525357761,25.288831835686775,1165,14
"Smith, Jackson",1000333915,MIS_MUD,Sinker,L,226,0.0001615084377102186,0.0,0.2641186587946929,0.2642801672324031,0.0001615084377102186,43.150422703249546,25.22464698331194,1166,94
"Jones, Breyln",690202,NEW_JER6,Slider,L,34,0.00015695107512969162,0.0,0.2367378467829751,0.23689479785810477,0.00015695107512969162,43.14230470061648,25.1604621309371,1167,78
"Fauci, Sonny",688649,NEW_JER6,Slider,L,27,0.00015630217666597827,0.0,0.23673849568143884,0.2368947978581048,0.00015630217666597827,43.141148821674676,25.09627727856226,1168,79
"Balzan, Jackson",827496,SUS_COU1,Sinker,L,48,0.00015203564885718385,-0.0014456961009980118,0.2641281315835459,0.2642801672324031,0.00015203564885718385,43.13354888127628,25.03209242618742,1169,95
"Belton, Hunter",10294453,MIS_MUD,Four-Seam,L,68,0.0001468040879152637,0.0,0.24608011675168673,0.24622692083960201,0.0001468040879152637,43.1242299331454,24.96790757381258,1170,174
"Peyton, Blake",1000017005,GAT_GRI,Curveball,L,27,0.00014622376759093305,0.0,0.24964275011169215,0.2497889738792831,0.00014622376759093305,43.12319621203199,24.90372272143774,1171,50
"Thompson, Ross",1000103401,SCH_BOO,Four-Seam,L,204,0.0001455208631714695,-0.0024822899199481024,0.2460813999764305,0.246226920839602,0.0001455208631714695,43.121944132605094,24.8395378690629,1172,175
"Morgan, Cooper",692707,QUE_CAP,Cutter,R,38,0.00014377648735715214,0.00020782768069164959,0.24552393348573756,0.2456677099730947,0.00014377648735715214,43.118836886428504,24.77535301668806,1173,26
"Dill, Austin",1000429156,TRI_VAL,Sinker,R,102,0.0001367102682070648,0.00022291357862289085,0.25417349120214755,0.2543102014703546,0.0001367102682070648,43.10624987263431,24.71116816431322,1174,85
"Scott, Brandon",1000138331,LAK_ERI24,Sinker,R,30,0.00013070559411630008,0.0,0.2541794958762383,0.2543102014703546,0.00013070559411630008,43.09555378268794,24.646983311938385,1175,86
"Petschke, Ben",814386,EVA_OTT,Curveball,L,85,0.00012850338945462548,0.0,0.24966047048982845,0.2497889738792831,0.00012850338945462548,43.091631008731255,24.58279845956354,1176,51
"Roland, Cole",813401,QUE_CAP,Changeup,L,38,0.00011955501285118429,0.0,0.24235733515893151,0.2424768901717827,0.00011955501285118429,43.075691319153165,24.5186136071887,1177,94
"Steinhauer, Ryan",1000424762,NEW_JER6,Four-Seam,R,30,6.867249369912712e-05,-0.001990418330801755,0.24153914343537616,0.2416078159290753,6.867249369912712e-05,42.985054592942596,24.454428754813865,1178,219
"Simpson, Garret",1000073158,EVA_OTT,Sweeper,R,32,6.049096745153453e-05,0.0,0.19455936257778386,0.1946198535452354,6.049096745153453e-05,42.97048088930438,24.390243902439025,1179,1
"Widener, Jacob",683179,SUS_COU1,Sinker,R,68,5.700986031016422e-05,0.0010161855331972114,0.25425319161004445,0.2543102014703546,5.700986031016422e-05,42.96428001403052,24.326059050064185,1180,87
"Townes, Holland",830218,SCH_BOO,Sinker,L,34,4.424994809521047e-05,0.0,0.2642359172843079,0.2642801672324031,4.424994809521047e-05,42.941550858926355,24.261874197689345,1181,96
"Barker, Alex",1000106691,NEW_YOR13,Four-Seam,R,134,3.495801788385727e-05,-0.001321567113321695,0.24157285791119146,0.24160781592907526,3.495801788385727e-05,42.924999199366866,24.197689345314505,1182,220
"Villers, Ian",677351,QUE_CAP,Four-Seam,R,86,3.480603224655648e-05,0.0,0.24157300989682876,0.2416078159290753,3.480603224655648e-05,42.924728468262636,24.133504492939668,1183,221
"Sampson, Mitchel",1000233013,WIN_CIT29,Four-Seam,R,28,3.228905947436177e-05,0.0,0.24157552686960093,0.2416078159290753,3.228905947436177e-05,42.92024499975843,24.069319640564828,1184,222
"Kaminer, Brandon",690510,DOW_EAS1,Four-Seam,L,64,1.8396084218821104e-05,0.0,0.24620852475538316,0.246226920839602,1.8396084218821104e-05,42.895497526255326,24.005134788189988,1185,176
"Parks, Pavin",682030,LAK_ERI24,Cutter,L,40,1.6943848140062166e-05,0.0,0.22464120840870044,0.2246581522568405,1.6943848140062166e-05,42.89291066683765,23.940949935815148,1186,15
"Cook, Avery",690004,WIN_CIT29,Sinker,R,56,1.4529331197096762e-05,0.0,0.2542956721391575,0.2543102014703546,1.4529331197096762e-05,42.888609702287596,23.876765083440308,1187,88
"Campbell, Tyler",809429,MIS_MUD,Cutter,L,53,1.4109905665228442e-05,0.0,0.22464404235117527,0.2246581522568405,1.4109905665228442e-05,42.88786258210308,23.812580231065468,1188,16
"Ohanlan, Michael",1000561762,OTT_TIT,Four-Seam,L,29,-1.153194827567395e-05,-0.0009085118576218076,0.24623845278787768,0.246226920839602,-1.153194827567395e-05,42.84218690145866,23.748395378690628,1189,177
"Gollert, Harley",1000114236,TRO_AIG,Four-Seam,L,34,-1.6471248931503607e-05,-0.0003113400297222596,0.2462433920885335,0.24622692083960201,-1.6471248931503607e-05,42.83338855482263,23.684210526315788,1190,178
"Cameron, Zach",1000084075,WIN_CIT29,Changeup,R,60,-1.994650278773815e-05,-5.551115123125783e-17,0.2496441454667276,0.2496241989639399,-1.994650278773815e-05,42.827198105970474,23.62002567394095,1191,72
"Lefebvre, Charles",1000429097,TRO_AIG,Four-Seam,L,29,-2.3709403529393917e-05,-0.0009085118576218076,0.24625063024313137,0.246226920839602,-2.3709403529393917e-05,42.820495273446404,23.55584082156611,1192,179
"Lefebvre, Charles",1000429097,TRO_AIG,Curveball,L,45,-3.016702832850382e-05,0.0,0.24981914090761162,0.2497889738792831,-3.016702832850382e-05,42.80899234511971,23.49165596919127,1193,52
"Escobar, Anthony",678673,TRO_AIG,Four-Seam,L,178,-3.061886075827494e-05,-0.0007655959585331634,0.24625753970036027,0.246226920839602,-3.061886075827494e-05,42.80818749872231,23.42747111681643,1194,180
"Cerda, Junior",693702,EVA_OTT,Sweeper,R,30,-3.425032049996594e-05,0.0,0.19465410386573537,0.1946198535452354,-3.425032049996594e-05,42.8017188012632,23.36328626444159,1195,2
"Pindel, Buddie",1000054422,SCH_BOO,Four-Seam,R,172,-5.5312139945404455e-05,-0.004185216285856705,0.2416631280690207,0.2416078159290753,-5.5312139945404455e-05,42.76420150859795,23.299101412066754,1196,223
"Shears, Tanner",808632,SCH_BOO,Splitter,L,35,-5.639804596683863e-05,0.0,0.24297103907592554,0.2429146410299587,-5.639804596683863e-05,42.76226719071442,23.23491655969191,1197,16
"Gorgen, Grady",1000138303,NEW_YOR13,Cutter,L,33,-6.011200689981763e-05,0.0,0.2247182642637403,0.2246581522568405,-6.011200689981763e-05,42.75565153437804,23.170731707317074,1198,17
"Binns, Malik",702238,NEW_JER6,Four-Seam,L,51,-6.191850757337398e-05,-0.00023861374503481025,0.24628883934717538,0.246226920839602,-6.191850757337398e-05,42.75243362556226,23.106546854942234,1199,181
"Kelly, Colin",1000456530,SUS_COU1,Changeup,L,32,-0.00010351656290771751,0.0,0.24258040673469042,0.2424768901717827,-0.00010351656290771751,42.67833525906897,23.042362002567394,1200,95
"Frey, Hayden",839374,TOL_ROC,Four-Seam,L,26,-0.0001130186035852683,-0.00147050148955985,0.24633993944318724,0.246226920839602,-0.0001130186035852683,42.66140933099613,22.978177150192554,1201,182
"Morin, Jacob",822351,QUE_CAP,Slider,L,25,-0.00011651760211164319,0.0,0.23701131546021645,0.2368947978581048,-0.00011651760211164319,42.65517658590545,22.913992297817714,1202,80
"Gartland, Chad",1000103698,TRI_VAL,Slider,R,32,-0.00012183528500094281,-0.0032859650338023516,0.23316288225336784,0.2330410469683669,-0.00012183528500094281,42.645704229266194,22.849807445442877,1203,166
"Daly, Ryan",831333,JOL_SLA,Changeup,R,57,-0.00012200225215560459,0.0,0.2497462012160955,0.2496241989639399,-0.00012200225215560459,42.64540681167494,22.785622593068037,1204,73
"Parsons, Billy",698892,SUS_COU1,Sinker,R,30,-0.00013050911977609178,-0.005053580336035479,0.2544407105901307,0.2543102014703546,-0.00013050911977609178,42.630253579400346,22.721437740693197,1205,89
"Plumadore, Carson",1000207816,WIN_CIT29,Changeup,R,57,-0.00013270597717334227,0.0,0.24975690494111322,0.2496241989639399,-0.00013270597717334227,42.62634033049371,22.657252888318357,1206,74
"Saturria, Michael",800014,NEW_ENG23,Cutter,R,107,-0.00015160387102091053,0.0,0.2458193138441156,0.24566770997309473,-0.00015160387102091053,42.59267762551836,22.593068035943517,1207,27
"Gollert, Harley",8890793,QUE_CAP,Slider,R,35,-0.00018051939990720061,0.0,0.23322156636827407,0.2330410469683669,-0.00018051939990720061,42.54117056732675,22.528883183568677,1208,167
"Debban, Caleb",1000551056,NEW_JER6,Curveball,R,89,-0.0001940733460119042,0.0,0.2557348591275706,0.2555407857815587,-0.0001940733460119042,42.517027004416796,22.464698331193837,1209,84
"Debban, Caleb",1000551056,NEW_JER6,Cutter,R,77,-0.00019456842470495656,0.0,0.24586227839779967,0.2456677099730947,-0.00019456842470495656,42.51614512370997,22.400513478818997,1210,28
"VanMarter, Luke",1000565948,LEM_COL,Changeup,R,29,-0.0002098455882503418,0.0,0.24983404455219024,0.2496241989639399,-0.0002098455882503418,42.488932003907486,22.33632862644416,1211,75
"Ginn, Landon",701061,WAS_WIL3,Curveball,L,30,-0.00021156772296638168,0.0,0.2500005416022495,0.2497889738792831,-0.00021156772296638168,42.48586437566587,22.27214377406932,1212,53
"Sechrist, Zander",801415,WAS_WIL3,Four-Seam,L,34,-0.00023375022139570233,0.0,0.24646067106099767,0.24622692083960201,-0.00023375022139570233,42.446350824247624,22.20795892169448,1213,183
"Harris, Ben",1000390130,GAT_GRI,Curveball,L,72,-0.00027268220659458264,0.0,0.25006165608587766,0.24978897387928306,-0.00027268220659458264,42.37700151249756,22.14377406931964,1214,54
"Sittinger, Brandyn",670087,LAK_ERI24,Slider,L,47,-0.0002792612213580878,0.0,0.23717405907946287,0.2368947978581048,-0.0002792612213580878,42.36528235295529,22.0795892169448,1215,81
"Noriega, Branden",804447,LAK_ERI24,Four-Seam,R,106,-0.0002844461010419068,0.0,0.2418922620301172,0.24160781592907532,-0.0002844461010419068,42.356046557869504,22.015404364569964,1216,224
"Cooper, Garrett",1000327042,NEW_YOR13,Curveball,L,54,-0.000300278783805649,0.0,0.25008925266308873,0.2497889738792831,-0.000300278783805649,42.32784389501495,21.951219512195124,1217,55
"Glickstein, Aaron",1000292360,SCH_BOO,Cutter,L,26,-0.0003209180089883028,0.0,0.2249790702658288,0.22465815225684052,-0.0003209180089883028,42.291079366975595,21.88703465982028,1218,18
"Ginn, Landon",701061,WAS_WIL3,Cutter,L,42,-0.0003317485966157179,0.0,0.22498990085345622,0.2246581522568405,-0.0003317485966157179,42.27178690618858,21.822849807445444,1219,19
"Misla, Luis",695417,TRI_VAL,Four-Seam,R,117,-0.00033616879258318373,0.0,0.24194398472165846,0.2416078159290753,-0.00033616879258318373,42.26391323762074,21.758664955070603,1220,225
"Simone, Andrew",1000132681,TRO_AIG,Slider,L,27,-0.00033986155232263614,0.0,0.23723465941042743,0.2368947978581048,-0.00033986155232263614,42.25733534684324,21.694480102695763,1221,82
"Jensik, CJ",10009752,WIN_CIT29,Sinker,R,35,-0.0003429009058807307,0.0,0.25465310237623534,0.2543102014703546,-0.0003429009058807307,42.25192136457796,21.630295250320923,1222,90
"Sittinger, Brandyn",670087,LAK_ERI24,Four-Seam,L,108,-0.0003511199061291977,-0.00034565605235871433,0.24657804074573117,0.246226920839602,-0.0003511199061291977,42.23728090872673,21.566110397946083,1223,184
"Lovell, Justin",822485,WIN_CIT29,Sinker,L,59,-0.00035283091366031765,0.0,0.2646329981460634,0.2642801672324031,-0.00035283091366031765,42.23423310127288,21.501925545571247,1224,97
"Cook, Cole",1000161363,SCH_BOO,Curveball,R,51,-0.00038350443739843193,0.0,0.25592429021895713,0.2555407857815587,-0.00038350443739843193,42.17959453739485,21.437740693196407,1225,85
"Riedel, Caleb",1000120428,SCH_BOO,Four-Seam,R,106,-0.00040259725350111564,-0.002156369553472398,0.24201041318257643,0.24160781592907532,-0.00040259725350111564,42.145584618575455,21.373555840821563,1226,226
"Parenteau, Matt",1000091037,EVA_OTT,Curveball,R,25,-0.0004043980968141314,0.0,0.25594518387837284,0.2555407857815587,-0.0004043980968141314,42.14237678718208,21.309370988446727,1227,86
"Foster, Kobe",816330,WAS_WIL3,Curveball,R,81,-0.00041119273925257913,0.0,0.25595197852081125,0.2555407857815587,-0.00041119273925257913,42.13027353135562,21.245186136071887,1228,87
"Campbell, Tyler",809429,MIS_MUD,Slider,R,89,-0.00041814175904666246,0.0,0.23345918872741353,0.23304104696836692,-0.00041814175904666246,42.117895284071395,21.18100128369705,1229,168
"Campbell, AJ",1000132168,WIN_CIT29,Cutter,L,26,-0.00042778994657979743,0.0,0.2250859422034203,0.22465815225684052,-0.00042778994657979743,42.10070902548118,21.116816431322206,1230,20
"Moore, Kyle",1000517760,SCH_BOO,Cutter,L,25,-0.00043129080033184054,0.0,0.22508944305717232,0.2246581522568405,-0.00043129080033184054,42.09447297568815,21.052631578947366,1231,21
"Nakata, Yuto",1000432352,QUE_CAP,Splitter,L,66,-0.00043606501929129016,0.0,0.24335070604925,0.2429146410299587,-0.00043606501929129016,42.085968688087846,20.98844672657253,1232,17
"Balzan, Jackson",827496,SUS_COU1,Curveball,R,47,-0.00044286524325679743,0.0,0.2559836510248155,0.2555407857815587,-0.00044286524325679743,42.0738554899207,20.92426187419769,1233,88
"Riedel, Caleb",1000120428,SCH_BOO,Sinker,R,38,-0.0004609124295522765,0.0002868347909589508,0.25477111389990686,0.2543102014703546,-0.0004609124295522765,42.04170814520599,20.86007702182285,1234,91
"Sechrist, Zander",801415,WAS_WIL3,Sinker,R,66,-0.0004678503314762794,0.0,0.2547780518018309,0.2543102014703546,-0.0004678503314762794,42.02934970211707,20.79589216944801,1235,92
"Odonnell, Brendan",1000423478,NEW_ENG23,Sinker,L,35,-0.00047042552874427824,0.0,0.2647505927611474,0.2642801672324031,-0.00047042552874427824,42.02476251866767,20.73170731707317,1236,98
"Miranda, Kevin",806656,OTT_TIT,Four-Seam,R,82,-0.0004938865038958944,-0.010025920392756321,0.2421017024329712,0.2416078159290753,-0.0004938865038958944,41.982971624331334,20.667522464698333,1237,227
"Gamelin, Shaun",815222,JOL_SLA,Cutter,L,56,-0.000494641706774329,0.0,0.22515279396361482,0.2246581522568405,-0.000494641706774329,41.98162638597312,20.603337612323493,1238,22
"Eisenbarger, Jack",1000570067,QUE_CAP,Curveball,R,25,-0.000495575664484198,0.0,0.2560363614460429,0.2555407857815587,-0.000495575664484198,41.9799627327057,20.539152759948653,1239,89
"Willeman, Landon",812254,EVA_OTT,Slider,L,26,-0.0005342036107375259,0.0049921745067011,0.23742900146884233,0.2368947978581048,-0.0005342036107375259,41.91115500370595,20.474967907573813,1240,83
"Daly, Ryan",831333,JOL_SLA,Sinker,R,66,-0.0005446156649986655,0.0,0.2548548171353533,0.2543102014703546,-0.0005446156649986655,41.89260807389424,20.410783055198973,1241,93
"Whitesell, Max",1000223610,FLO_Y'A,Cutter,R,28,-0.0005472269478766759,0.0,0.24621493692097138,0.2456677099730947,-0.0005472269478766759,41.88795661136414,20.346598202824133,1242,29
"Eckaus, David",824671,EVA_OTT,Slider,R,44,-0.0005579418804399179,0.0,0.23359898884880678,0.23304104696836692,-0.0005579418804399179,41.86887016624932,20.282413350449293,1243,169
"Belton, Hunter",10294453,MIS_MUD,Curveball,L,40,-0.0005620533870353106,0.0,0.2503510272663184,0.24978897387928306,-0.0005620533870353106,41.86154636420867,20.218228498074453,1244,56
"Miranda, Kevin",806656,OTT_TIT,Changeup,L,72,-0.0005666803325170135,0.0,0.24304357050429973,0.24247689017178273,-0.0005666803325170135,41.853304413971046,20.154043645699616,1245,96
"Majick, Eli",828663,NEW_ENG23,Slider,R,112,-0.0005701080808273808,0.0,0.23361115504919425,0.2330410469683669,-0.0005701080808273808,41.84719858646284,20.089858793324776,1246,170
"Williams, Pierce",1000337420,NEW_ENG23,Curveball,R,76,-0.0005741878898554625,0.0,0.25611497367141417,0.2555407857815587,-0.0005741878898554625,41.83993124710874,20.025673940949936,1247,90
"Curry, Braden",839377,TOL_ROC,Four-Seam,L,28,-0.0005809265334773917,0.0,0.2468078473730794,0.246226920839602,-0.0005809265334773917,41.82792774163829,19.961489088575096,1248,185
"Hernandez, Nyan",683466,NEW_JER6,Changeup,R,46,-0.0005814264231834239,0.0,0.2502056253871233,0.2496241989639399,-0.0005814264231834239,41.8270372911029,19.897304236200256,1249,76
"Frey, Hayden",839374,TOL_ROC,Four-Seam,R,29,-0.0005981220313813399,-0.007241738862406616,0.2422059379604566,0.2416078159290753,-0.0005981220313813399,41.797297504347625,19.83311938382542,1250,228
"Lovin, Xander",815234,GAT_GRI,Curveball,L,31,-0.0006034946290526264,0.0,0.2503924685083357,0.2497889738792831,-0.0006034946290526264,41.78772732833655,19.768934531450576,1251,57
"Andueza, Axel",672847,DOW_EAS1,Four-Seam,L,224,-0.0006090788666520242,-0.0006226800594445192,0.246835999706254,0.246226920839602,-0.0006090788666520242,41.777780159390794,19.70474967907574,1252,186
"Grounds, Jackson",805984,DOW_EAS1,Sinker,R,41,-0.0006122327949640267,0.0,0.25492243426531863,0.2543102014703546,-0.0006122327949640267,41.77216208580351,19.6405648267009,1253,94
"Kines, Gunnar",665129,JOL_SLA,Changeup,R,169,-0.0006184431415574316,0.0,0.2502426421054973,0.24962419896393986,-0.0006184431415574316,41.761099632661654,19.57637997432606,1254,77
"Dima, Josh",1000098214,GAT_GRI,Slider,R,43,-0.0006207460220622133,0.0,0.23366179299042908,0.23304104696836692,-0.0006207460220622133,41.756997525429426,19.51219512195122,1255,171
"Linderman, Greyson",1000124562,JOL_SLA,Four-Seam,R,36,-0.0006208217835548419,0.0,0.24222863771263015,0.2416078159290753,-0.0006208217835548419,41.75686257193696,19.44801026957638,1256,229
"Eldred, Zach",1000227712,NEW_ENG23,Sinker,L,50,-0.0006324255335507922,0.0,0.2649125927659539,0.2642801672324031,-0.0006324255335507922,41.736192881659726,19.383825417201543,1257,99
"Perdomo, Rafael",1000557553,QUE_CAP,Slider,L,38,-0.000635604152975205,0.0006854797068213542,0.23753040201108,0.23689479785810477,-0.000635604152975205,41.73053082594198,19.319640564826702,1258,84
"Duby, Bill",1000270408,NEW_JER6,Splitter,L,36,-0.000639860400885775,0.0,0.24355450143084445,0.2429146410299587,-0.000639860400885775,41.72294919706465,19.25545571245186,1259,18
"Foster, Kobe",816330,WAS_WIL3,Curveball,L,52,-0.0006774896484342258,-0.00010335709945960558,0.25046646352771734,0.2497889738792831,-0.0006774896484342258,41.65592044407845,19.191270860077022,1260,58
"Dima, Josh",1000098214,GAT_GRI,Four-Seam,R,129,-0.0007153289816079622,-0.0043895959101099,0.24232314491068327,0.2416078159290753,-0.0007153289816079622,41.58851746682787,19.127086007702182,1261,230
"Duby, Bill",1000270408,NEW_JER6,Changeup,R,73,-0.0007256681865665256,0.0,0.2503498671505064,0.2496241989639399,-0.0007256681865665256,41.57010030304193,19.062901155327342,1262,78
"Garcia, Andrew",1000190083,EVA_OTT,Slider,L,73,-0.0007284639266333754,0.0,0.23762326178473817,0.23689479785810477,-0.0007284639266333754,41.5651202680276,18.998716302952502,1263,85
"Bell, Brendan",681141,NEW_ENG23,Four-Seam,R,53,-0.0007356162870691145,-0.0073591816865968,0.2423434322161444,0.24160781592907532,-0.0007356162870691145,41.55237981127788,18.934531450577662,1264,231
"Kostura, Brit",1000146015,WAS_WIL3,Sinker,R,89,-0.0007363629694197593,0.0,0.25504656443977436,0.2543102014703546,-0.0007363629694197593,41.551049750484715,18.870346598202826,1265,95
"Long, Maddox",1000248716,WAS_WIL3,Slider,L,88,-0.0007409685513067531,-0.003385251832513911,0.23763576640941153,0.23689479785810483,-0.0007409685513067531,41.54284585509022,18.806161745827985,1266,86
"Vitas, Ben",1000076969,JOL_SLA,Splitter,R,30,-0.0007557411897707995,0.0,0.2521674834932496,0.2514117423034788,-0.0007557411897707995,41.51653144278936,18.741976893453145,1267,6
"Martinez, Mason",809209,TRI_VAL,Sinker,R,175,-0.0007647333840159127,0.0,0.2550749348543705,0.2543102014703546,-0.0007647333840159127,41.50051370110894,18.677792041078305,1268,96
"Leak, Anthony",1000264276,NEW_YOR13,Sinker,L,26,-0.0007746079083860948,0.0,0.26505477514078923,0.2642801672324031,-0.0007746079083860948,41.482924270068295,18.613607188703465,1269,100
"Huter, Blayne",1000145980,SUS_COU1,Curveball,R,56,-0.0007937537383926002,0.0,0.2563345395199513,0.2555407857815587,-0.0007937537383926002,41.44881991789996,18.54942233632863,1270,91
"Pindel, Buddie",1000054422,SCH_BOO,Sinker,L,92,-0.0008074754199391355,0.0,0.26508764265234225,0.2642801672324031,-0.0008074754199391355,41.424377568853416,18.48523748395379,1271,101
"Steinhauer, Ryan",1000424762,NEW_JER6,Changeup,L,36,-0.0008085114458490492,0.0,0.24328540161763174,0.24247689017178273,-0.0008085114458490492,41.42253210211339,18.421052631578945,1272,97
"Kelly, Colin",1000456530,SUS_COU1,Sinker,L,43,-0.0008555430384805798,0.0,0.2651357102708837,0.2642801672324031,-0.0008555430384805798,41.33875500821888,18.35686777920411,1273,102
"Williams, Brian",1000079778,MIS_MUD,Cutter,L,47,-0.0008685696456056964,0.0,0.22552672190244621,0.22465815225684052,-0.0008685696456056964,41.31555079107068,18.29268292682927,1274,23
"Brown, Ethan",690384,WAS_WIL3,Four-Seam,L,25,-0.0008754233429285607,0.0,0.24710234418253055,0.246226920839602,-0.0008754233429285607,41.30334234113277,18.22849807445443,1275,187
"Matos, Dwayne",684228,OTT_TIT,Sinker,L,192,-0.0008763936645281296,0.0,0.26515656089693124,0.2642801672324031,-0.0008763936645281296,41.30161391308671,18.16431322207959,1276,103
"Alpern, Liam",1000137537,FLO_Y'A,Four-Seam,R,178,-0.0008862434091511921,0.0,0.24249405933822646,0.2416078159290753,-0.0008862434091511921,41.284068622061,18.10012836970475,1277,232
"Nova, Fraynel",805843,LAK_ERI24,Sinker,L,89,-0.0008870287311395532,0.0,0.26516719596354266,0.2642801672324031,-0.0008870287311395532,41.2826697327129,18.035943517329912,1278,104
"Good, Ty",688612,GAT_GRI,Curveball,L,55,-0.0008937007885314031,0.0,0.25068267466781446,0.2497889738792831,-0.0008937007885314031,41.27078483689476,17.971758664955072,1279,59
"Wehrle, Tyler",806332,WIN_CIT29,Changeup,L,51,-0.0009004857992654021,0.0,0.2433773759710481,0.24247689017178267,-0.0009004857992654021,41.25869873796567,17.907573812580228,1280,98
"Garcia, Hector",815312,WAS_WIL3,Four-Seam,L,101,-0.0009231608863132699,0.0,0.24715008172591527,0.246226920839602,-0.0009231608863132699,41.21830774139538,17.84338896020539,1281,188
"Sabatine, Gino",1000229070,TRI_VAL,Changeup,R,88,-0.0009280880816419791,0.0,0.25055228704558186,0.24962419896393986,-0.0009280880816419791,41.209530957905955,17.77920410783055,1282,79
"Moreno, Jose",1000306184,DOW_EAS1,Changeup,R,34,-0.0009298779311908064,-0.0015413521185356494,0.2505540768951307,0.24962419896393992,-0.0009298779311908064,41.2063427096388,17.715019255455715,1283,80
"Puccetti, Dominic",1000266076,OTT_TIT,Slider,R,36,-0.0009336499427711337,0.0,0.23397469691113804,0.2330410469683669,-0.0009336499427711337,41.19962364803244,17.65083440308087,1284,172
"Miner, Jace",701731,DOW_EAS1,Curveball,L,25,-0.0009440274264939319,0.0,0.250733001305777,0.2497889738792831,-0.0009440274264939319,41.181138298513346,17.58664955070603,1285,60
"Kaminer, Brandon",690510,DOW_EAS1,Slider,R,88,-0.0009649134228346177,0.0,0.2340059603912015,0.23304104696836692,-0.0009649134228346177,41.14393419849014,17.522464698331195,1286,173
"Harris, Ben",1000390130,GAT_GRI,Changeup,L,137,-0.0009692788159220481,-0.00308532315338661,0.24344616898770471,0.24247689017178273,-0.0009692788159220481,41.13615814996384,17.458279845956355,1287,99
"Gartland, Chad",1000103698,SUS_COU1,Four-Seam,R,53,-0.0009736060840624913,-0.006993684408273609,0.2425814220131378,0.24160781592907532,-0.0009736060840624913,41.12845001317696,17.394094993581515,1288,233
"Bradford, Ethan",688428,NEW_YOR13,Sinker,R,121,-0.000974194760746714,0.0,0.25528439623110133,0.2543102014703546,-0.000974194760746714,41.12740140692979,17.329910141206675,1289,97
"Hensey, Rob",802996,SUS_COU1,Four-Seam,R,123,-0.000974291398064454,-0.0016827744743516948,0.24258210732713975,0.2416078159290753,-0.000974291398064454,41.12722926745526,17.265725288831835,1290,234
"Whitesell, Max",1000223610,FLO_Y'A,Sinker,R,44,-0.000986669651232723,0.0,0.25529687112158733,0.2543102014703546,-0.000986669651232723,41.10517995932205,17.201540436456998,1291,98
"Martinez, Gregory",1000051547,DOW_EAS1,Sinker,L,25,-0.000999030767790281,0.0,0.2652791980001934,0.2642801672324031,-0.000999030767790281,41.08316117653074,17.137355584082155,1292,105
"Estrella, Noah",805762,TRI_VAL,Four-Seam,L,87,-0.0010081313169185222,0.0,0.24723505215652053,0.246226920839602,-0.0010081313169185222,41.06695042294683,17.073170731707318,1293,189
"Hagan, Jack",699522,DOW_EAS1,Sinker,R,112,-0.0010085636599981892,0.0,0.2553187651303528,0.2543102014703546,-0.0010085636599981892,41.066180292811886,17.008985879332478,1294,99
"Nova, Fraynel",805843,LAK_ERI24,Slider,L,141,-0.0010233223676627667,0.0,0.23791812022576755,0.23689479785810477,-0.0010233223676627667,41.039890695360576,16.944801026957638,1295,87
"Miner, Jace",701731,DOW_EAS1,Sinker,R,64,-0.0010269801661403188,0.0,0.25533718163649494,0.2543102014703546,-0.0010269801661403188,41.033375080869234,16.880616174582798,1296,100
"Delaney, Carter",1000039247,WIN_CIT29,Four-Seam,L,60,-0.001027516476794572,0.0,0.24725443731639657,0.246226920839602,-0.001027516476794572,41.032419753917196,16.816431322207958,1297,190
"Nova, Fraynel",805843,LAK_ERI24,Four-Seam,R,187,-0.0010451294588186453,-0.0073591816865968,0.24265294538789395,0.2416078159290753,-0.0010451294588186453,41.001045854667105,16.752246469833118,1298,235
"Joven, Art",1000048892,MIS_MUD,Sinker,R,175,-0.0010514563471760569,0.0,0.2553616578175307,0.2543102014703546,-0.0010514563471760569,40.98977580637995,16.68806161745828,1299,101
"Morello, Mason",836181,DOW_EAS1,Changeup,R,28,-0.0010664691568979384,0.0,0.25069066812083785,0.2496241989639399,-0.0010664691568979384,40.96303357845788,16.62387676508344,1300,81
"Whitesell, Max",1000223610,FLO_Y'A,Four-Seam,L,101,-0.0010676561425736844,-0.0020235768607765048,0.24729457698217566,0.246226920839602,-0.0010676561425736844,40.96091920799232,16.5596919127086,1301,191
"Eldred, Zach",1000227712,NEW_ENG23,Curveball,L,53,-0.0010694801913575744,0.0,0.25085845407064067,0.2497889738792831,-0.0010694801913575744,40.957670040832845,16.49550706033376,1302,61
"Anibal, Trevor",822669,NEW_ENG23,Four-Seam,L,99,-0.0010742086803244126,0.0,0.2473011295199264,0.246226920839602,-0.0010742086803244126,40.94924721179413,16.43132220795892,1303,192
"Sakurai, Masatoshi",1000429128,QUE_CAP,Curveball,L,71,-0.0010761634188032395,0.0,0.2508651372980863,0.24978897387928312,-0.0010761634188032395,40.94576524786484,16.367137355584084,1304,62
"Simpson, Garret",1000073158,EVA_OTT,Curveball,L,57,-0.0010957515967720782,0.0,0.25088472547605517,0.2497889738792831,-0.0010957515967720782,40.91087294392407,16.30295250320924,1305,63
"Vailes, Gage",1000050773,GAT_GRI,Sinker,L,157,-0.001098114437346223,0.0,0.2653782816697493,0.2642801672324031,-0.001098114437346223,40.90666403017988,16.238767650834404,1306,106
"Maher, Adam",1000133555,TRI_VAL,Slider,R,42,-0.0011168050275040418,0.0,0.2341578519958709,0.2330410469683669,-0.0011168050275040418,40.87337059402383,16.174582798459564,1307,174
"Chapple, Bronson",1000218472,TRO_AIG,Sinker,R,74,-0.0011169913726425031,0.0,0.2554271928429971,0.2543102014703546,-0.0011169913726425031,40.87303865854625,16.110397946084724,1308,102
"Balzan, Jackson",827496,SUS_COU1,Four-Seam,L,66,-0.0011525173310689024,-0.00023861374503481025,0.2473794381706709,0.24622692083960201,-0.0011525173310689024,40.80975648185922,16.046213093709884,1309,193
"Correa, Nelvin",673388,QUE_CAP,Four-Seam,R,37,-0.0011575526804376898,-0.002156369553472398,0.24276536860951298,0.2416078159290753,-0.0011575526804376898,40.80078704422682,15.982028241335044,1310,236
"Joven, Art",1000048892,MIS_MUD,Changeup,L,102,-0.001167420978941589,0.0,0.24364431115072427,0.24247689017178267,-0.001167420978941589,40.783208703284444,15.917843388960208,1311,100
"Peters, Garrett",833402,NEW_YOR13,Curveball,R,31,-0.001167945570017449,0.0,0.2567087313515761,0.2555407857815587,-0.001167945570017449,40.782274252347115,15.853658536585366,1312,92
"Langhorne, Miles",695680,SUS_COU1,Slider,L,30,-0.0011698223250270886,0.0,0.2380646201831319,0.2368947978581048,-0.0011698223250270886,40.77893119990381,15.789473684210526,1313,88
"Saturria, Michael",800014,NEW_ENG23,Cutter,L,102,-0.0011860796798699076,0.0,0.22584423193671038,0.2246581522568405,-0.0011860796798699076,40.74997207122165,15.725288831835687,1314,24
"Primeaux, Parker",1000101108,SUS_COU1,Changeup,R,75,-0.001212364631259912,0.0,0.25083656359519985,0.24962419896393992,-0.001212364631259912,40.703150844947956,15.661103979460847,1315,82
"Miranda, Kevin",806656,OTT_TIT,Slider,L,31,-0.0012526949189132792,0.0,0.23814749277701808,0.2368947978581048,-0.0012526949189132792,40.63131074542168,15.596919127086007,1316,89
"Hill, Kaleb",1000371973,OTT_TIT,Curveball,L,106,-0.001261312518086953,0.0,0.25105028639737004,0.2497889738792831,-0.001261312518086953,40.61596026769547,15.532734274711169,1317,64
"Cameron, Zach",1000084075,WIN_CIT29,Sinker,L,28,-0.0012656896310200322,-0.000588206125508639,0.26554585686342314,0.2642801672324031,-0.0012656896310200322,40.60816334267841,15.468549422336327,1318,107
"Anderson, Colt",1000456740,OTT_TIT,Four-Seam,R,28,-0.0012734137926663672,-0.005012960196378161,0.24288122972174167,0.2416078159290753,-0.0012734137926663672,40.594404339861484,15.40436456996149,1319,237
"Cameron, Zach",1000084075,WIN_CIT29,Four-Seam,L,48,-0.0012745752707178533,-0.00011930687251740513,0.24750149611031982,0.246226920839602,-0.0012745752707178533,40.59233540597404,15.340179717586649,1320,194
"Kramer, Cameron",1000249123,TRO_AIG,Four-Seam,L,29,-0.00127764893993468,-0.0006226800594445192,0.24750456977953667,0.246226920839602,-0.00127764893993468,40.58686029743166,15.275994865211809,1321,195
"Majick, Eli",828663,NEW_ENG23,Changeup,L,52,-0.0012797795174346166,-0.0019103298545011943,0.2437566696892173,0.2424768901717827,-0.0012797795174346166,40.58306511250862,15.21181001283697,1322,101
"Cook, Cole",1000161363,SCH_BOO,Cutter,R,69,-0.001284461447137416,0.0,0.24695217142023212,0.24566770997309473,-0.001284461447137416,40.57472521920771,15.14762516046213,1323,30
"Milburn, Isaac",830926,FLO_Y'A,Curveball,R,101,-0.0013097177901487684,0.0,0.25685050357170747,0.2555407857815587,-0.0013097177901487684,40.529736246870094,15.083440308087292,1324,93
"Allemann, Braeden",1000367619,QUE_CAP,Curveball,L,107,-0.0013140560934210496,0.0,0.2511030299727042,0.2497889738792831,-0.0013140560934210496,40.52200845326905,15.019255455712452,1325,65
"Jones, Logan",1000577428,FLO_Y'A,Sinker,L,31,-0.0013311335529061202,0.0,0.26561130078530926,0.2642801672324031,-0.0013311335529061202,40.49158847710602,14.955070603337612,1326,108
"Rohde, Isaac",1000135938,NEW_YOR13,Changeup,L,204,-0.0013565183203739322,-0.0025500392858496396,0.24383340849215662,0.24247689017178267,-0.0013565183203739322,40.4463707430543,14.890885750962774,1327,102
"Leach, Landon",667743,TRO_AIG,Four-Seam,L,113,-0.0013612093216308389,-0.0006226800594445192,0.24758813016123282,0.246226920839602,-0.0013612093216308389,40.438014690648465,14.826700898587934,1328,196
"Misla, Luis",695417,TRI_VAL,Changeup,R,35,-0.0013764057904109839,0.0,0.2510006047543509,0.2496241989639399,-0.0013764057904109839,40.41094531194736,14.762516046213095,1329,83
"Miner, Jace",701731,DOW_EAS1,Changeup,L,25,-0.0013877422251451432,-0.003336777873387292,0.24386463239692785,0.2424768901717827,-0.0013877422251451432,40.39075178874279,14.698331193838253,1330,103
"Barreto, Brayhans",810980,TRI_VAL,Slider,L,37,-0.0014091499858173578,0.0,0.23830394784392214,0.2368947978581048,-0.0014091499858173578,40.35261827304498,14.634146341463413,1331,90
"Cameron, Zach",1000084075,WIN_CIT29,Slider,L,46,-0.001428305111276725,0.0,0.23832310296938153,0.2368947978581048,-0.001428305111276725,40.31849736294221,14.569961489088575,1332,91
"Maher, Adam",1000133555,TRI_VAL,Four-Seam,R,108,-0.0014320141212525355,-0.001990418330801755,0.2430398300503278,0.2416078159290753,-0.0014320141212525355,40.311890525716144,14.505776636713735,1333,238
"Parra, Andres",800365,LAK_ERI24,Four-Seam,L,63,-0.0014471329057754176,-0.001370378036739922,0.2476740537453774,0.246226920839602,-0.0014471329057754176,40.28495952551661,14.441591784338895,1334,197
"Correa, Nelvin",673388,QUE_CAP,Cutter,L,47,-0.001448263129360426,0.0,0.22610641538620094,0.22465815225684052,-0.001448263129360426,40.28294626502286,14.377406931964057,1335,25
"Johnston, Spencer",800918,DOW_EAS1,Changeup,L,193,-0.001466540089407196,0.0,0.2439434302611899,0.2424768901717827,-0.001466540089407196,40.25038962570298,14.313222079589217,1336,104
"Simpson, Garret",1000073158,EVA_OTT,Cutter,L,42,-0.001475496130925066,0.0,0.22613364838776556,0.2246581522568405,-0.001475496130925066,40.234436282658784,14.249037227214378,1337,26
"Gollert, Harley",1000114236,TRO_AIG,Slider,R,34,-0.0014798039657795202,-0.0025911802811405538,0.2345208509341464,0.2330410469683669,-0.0014798039657795202,40.22676276226768,14.184852374839538,1338,175
"Dima, Josh",1000098214,GAT_GRI,Changeup,R,28,-0.0014906928522679316,0.0,0.25111489181620783,0.2496241989639399,-0.0014906928522679316,40.207366454069216,14.120667522464696,1339,84
"Kassebaum, Torin",10120793,LON_ISL22,Curveball,R,30,-0.0014993813164291686,0.0,0.2570401670979879,0.2555407857815587,-0.0014993813164291686,40.19188974496566,14.05648267008986,1340,94
"Balzan, Jackson",827496,SUS_COU1,Sinker,R,82,-0.0015086959410805735,0.0,0.2558188974114352,0.2543102014703546,-0.0015086959410805735,40.175297659936206,13.992297817715018,1341,103
"Foy, Corbin",813822,LAK_ERI24,Four-Seam,L,48,-0.0015226834650245574,0.0,0.24774960430462656,0.246226920839602,-0.0015226834650245574,40.150381767421415,13.928112965340182,1342,198
"Simpson, Garret",1000073158,EVA_OTT,Cutter,R,33,-0.0015316209083105147,0.0,0.2471993308814052,0.24566770997309473,-0.0015316209083105147,40.134461553296184,13.86392811296534,1343,31
"Anderson, Colt",1000568252,WAS_WIL3,Changeup,R,39,-0.0015457347727532804,0.0,0.25116993373669316,0.2496241989639399,-0.0015457347727532804,40.1093206112086,13.7997432605905,1344,85
"Kaftan, Eddie",1000557510,FLO_Y'A,Sinker,L,55,-0.0015605494852968462,0.0,0.26584071671769993,0.2642801672324031,-0.0015605494852968462,40.08293125260223,13.735558408215661,1345,109
"Johnson, Caiden",1000147367,NEW_YOR13,Sinker,R,40,-0.001594898429360124,0.0,0.2559050998997147,0.2543102014703546,-0.001594898429360124,40.02174568454138,13.671373555840821,1346,104
"Bice, Emmett",828456,NEW_YOR13,Four-Seam,L,118,-0.0015959572925260343,-0.0023079669889453647,0.24782287813212803,0.246226920839602,-0.0015959572925260343,40.01985953793421,13.607188703465983,1347,199
"MacMillan, Blake",832350,TRO_AIG,Splitter,R,29,-0.001600383702271026,0.0,0.2530121260057498,0.2514117423034788,-0.001600383702271026,40.011974800801724,13.543003851091143,1348,7
"Anderson, Colt",1000568252,WAS_WIL3,Curveball,R,25,-0.0016113351909795481,0.0,0.25715212097253826,0.2555407857815587,-0.0016113351909795481,39.99246697964401,13.478818998716303,1349,95
"Simpson, Garret",1000073158,EVA_OTT,Changeup,L,56,-0.0016164249959925287,-0.000802234868578458,0.24409331516777524,0.2424768901717827,-0.0016164249959925287,39.9834005404992,13.414634146341465,1350,105
"Nabholz, Nate",1000113106,TRI_VAL,Four-Seam,L,60,-0.0016234700692485259,-0.0016075185882793719,0.2478503909088505,0.246226920839602,-0.0016234700692485259,39.97085119375933,13.350449293966623,1351,200
"Harris, Ben",1000390130,GAT_GRI,Sinker,L,62,-0.0016303045116575299,-0.0010340947918784926,0.26591047174406063,0.2642801672324031,-0.0016303045116575299,39.958677042484,13.286264441591783,1352,110
"Castro, Alexander",669418,TRO_AIG,Changeup,L,53,-0.0016465930170742064,0.0,0.2441234831888569,0.2424768901717827,-0.0016465930170742064,39.92966242547145,13.222079589216944,1353,106
"MacMillan, Blake",832350,TRO_AIG,Cutter,L,47,-0.001650369258143417,0.0,0.2263085215149839,0.22465815225684052,-0.001650369258143417,39.92293582990192,13.157894736842104,1354,27
"Alpern, Liam",1000137537,FLO_Y'A,Slider,R,40,-0.0016523762339435463,0.0,0.23469342320231043,0.2330410469683669,-0.0016523762339435463,39.91936081594547,13.093709884467266,1355,176
"Cohn, Cooper",1000301881,NIU_HUS,Slider,L,36,-0.0016616932235513128,-3.361239400205551e-05,0.2385564910816561,0.2368947978581048,-0.0016616932235513128,39.90276451823344,13.029525032092426,1356,92
"Ronne, Andrew",701809,GAT_GRI,Changeup,L,27,-0.0016630468729248902,0.0,0.2441399370447076,0.24247689017178267,-0.0016630468729248902,39.90035327072245,12.965340179717586,1357,107
"Calderon, Jean",703300,LAK_ERI24,Slider,L,37,-0.0016820055329217383,0.0,0.23857680339102652,0.2368947978581048,-0.0016820055329217383,39.86658232336981,12.901155327342748,1358,93
"Sparks, Alec",836152,GAT_GRI,Curveball,R,28,-0.0017152445859888326,0.0,0.2572560303675475,0.2555407857815587,-0.0017152445859888326,39.80737379748418,12.836970474967908,1359,96
"Estrella, Noah",805762,TRI_VAL,Slider,L,64,-0.0017172468529760153,0.0,0.23861204471108083,0.2368947978581048,-0.0017172468529760153,39.803807171308,12.77278562259307,1360,94
"Petschke, Ben",814386,EVA_OTT,Slider,L,54,-0.0017271230971531812,0.0,0.238621920955258,0.2368947978581048,-0.0017271230971531812,39.78621467678548,12.70860077021823,1361,95
"Shinn, Nathan",1000490914,LAK_ERI24,Slider,R,61,-0.0017446056461198232,0.0,0.23478565261448672,0.2330410469683669,-0.0017446056461198232,39.75507311715835,12.644415917843387,1362,177
"Toribio, Noe",672848,TRO_AIG,Sinker,L,221,-0.0017471062437532834,0.0,0.2660272734761564,0.2642801672324031,-0.0017471062437532834,39.75061881759057,12.58023106546855,1363,111
"Noriega, Branden",804447,LAK_ERI24,Curveball,R,75,-0.0017726350116131569,0.0,0.2573134207931719,0.2555407857815587,-0.0017726350116131569,39.70514457650408,12.51604621309371,1364,97
"Sohosky, Zac",1000224033,MIA_RED,Four-Seam,L,34,-0.0017926912978764129,-0.002935061299205566,0.2480196121374784,0.24622692083960201,-0.0017926912978764129,39.669418434065825,12.45186136071887,1365,201
"Austin, Zack",813186,SUS_COU1,Slider,L,34,-0.001797652584479011,0.0,0.2386924504425838,0.23689479785810477,-0.001797652584479011,39.66058092399467,12.38767650834403,1366,96
"Villalobos, Jonaiker",665690,FLO_Y'A,Four-Seam,R,198,-0.0018087582158250067,-0.002156369553472398,0.2434165741449003,0.2416078159290753,-0.0018087582158250067,39.64079852948126,12.323491655969192,1367,239
"Gorgen, Grady",1000138303,NEW_YOR13,Curveball,L,32,-0.0018248285928880925,0.0,0.2516138024721712,0.2497889738792831,-0.0018248285928880925,39.612172463196785,12.25930680359435,1368,66
"Cook, Cole",1000161363,SCH_BOO,Curveball,L,38,-0.0018387089773526568,0.0,0.2516276828566357,0.2497889738792831,-0.0018387089773526568,39.58744741759414,12.195121951219512,1369,67
"Campbell, AJ",1000132168,WIN_CIT29,Slider,L,101,-0.0018436473541528727,0.0,0.23873844521225768,0.23689479785810483,-0.0018436473541528727,39.57865071661658,12.130937098844672,1370,97
"Hill, Kaleb",1000371973,OTT_TIT,Changeup,L,58,-0.0018562918538518737,-0.004950563698790253,0.2443331820256346,0.2424768901717827,-0.0018562918538518737,39.55612714513492,12.066752246469834,1371,108
"Manning, Noah",828538,WIN_CIT29,Sinker,R,25,-0.001862046631207187,0.0,0.2561722481015618,0.2543102014703546,-0.001862046631207187,39.54587619474472,12.002567394094994,1372,105
"Kirby, Zach",813716,WAS_WIL3,Curveball,L,53,-0.0018671089135427884,0.0,0.25165608279282586,0.2497889738792831,-0.0018671089135427884,39.536858781580065,11.938382541720154,1373,68
"Gorgen, Grady",1000138303,NEW_YOR13,Curveball,R,29,-0.0018671381042319152,0.0,0.2574079238857906,0.2555407857815587,-0.0018671381042319152,39.53680678438059,11.874197689345314,1374,98
"Boies, Emiles",1000429129,QUE_CAP,Changeup,L,123,-0.001869888674358223,0.0,0.24434677884614092,0.2424768901717827,-0.001869888674358223,39.53190721031044,11.810012836970476,1375,109
"Forsyth, Braden",687732,MIS_MUD,Four-Seam,L,113,-0.0018823890632742757,0.0,0.24810930990287625,0.246226920839602,-0.0018823890632742757,39.50964034250219,11.745827984595635,1376,202
"Sparks, Alec",836152,GAT_GRI,Four-Seam,L,118,-0.001902025155417619,-0.0009965290480922206,0.2481289459950196,0.246226920839602,-0.001902025155417619,39.474662689329726,11.681643132220795,1377,203
"Morgan, Cooper",692707,QUE_CAP,Changeup,R,52,-0.0019339724608737187,0.0,0.2515581714248136,0.2496241989639399,-0.0019339724608737187,39.417755145716626,11.617458279845955,1378,86
"Cerda, Junior",693702,EVA_OTT,Slider,L,26,-0.0019469331416709357,0.0010029372980308038,0.2388417309997757,0.2368947978581048,-0.0019469331416709357,39.39466836274094,11.553273427471117,1379,98
"Cooper, Garrett",1000327042,NEW_YOR13,Four-Seam,R,68,-0.0019767830887462796,0.0,0.2435845990178216,0.2416078159290753,-0.0019767830887462796,39.341496831033105,11.489088575096277,1380,240
"Ferguson, Francis",823799,WIN_CIT29,Curveball,L,35,-0.0020215260245398706,0.0,0.251810499903823,0.24978897387928312,-0.0020215260245398706,39.261796507838376,11.424903722721439,1381,69
"Vitas, Ben",1000076969,JOL_SLA,Four-Seam,L,102,-0.0020381139041784607,-0.005247442538966612,0.24826503474378045,0.246226920839602,-0.0020381139041784607,39.232248617319755,11.360718870346599,1382,204
"Garcia, Jorge",1000221236,SUS_COU1,Four-Seam,L,80,-0.002060325753566239,-0.0002263491798413092,0.2482872465931682,0.24622692083960201,-0.002060325753566239,39.19268278321523,11.296534017971759,1383,205
"Bice, Emmett",828456,NEW_YOR13,Slider,L,133,-0.0020638708771397005,0.0,0.2389586687352445,0.2368947978581048,-0.0020638708771397005,39.186367875854806,11.232349165596919,1384,99
"Serrano, Elio",665939,NEW_JER6,Slider,L,38,-0.0020778597421129003,0.0,0.23897265760021769,0.23689479785810477,-0.0020778597421129003,39.16144959457271,11.16816431322208,1385,100
"Thornton, Tyler",1000429124,NEW_ENG23,Splitter,R,36,-0.0020780246654467493,0.0,0.25348976696892556,0.2514117423034788,-0.0020780246654467493,39.16115581762721,11.10397946084724,1386,8
"Hickey, Matt",806277,GAT_GRI,Sinker,R,35,-0.0021045181113256753,0.0004458271572457817,0.2564147195816803,0.2543102014703546,-0.0021045181113256753,39.113963201370794,11.0397946084724,1387,106
"Perez, Kelvin",692487,WAS_WIL3,Sinker,R,41,-0.002118045162382117,0.003301355922926519,0.2564282466327367,0.2543102014703546,-0.002118045162382117,39.08986754644901,10.975609756097562,1388,107
"Martzolf, Max",10998500,JOL_SLA,Sinker,R,99,-0.002129401449041228,0.0,0.2564396029193958,0.2543102014703546,-0.002129401449041228,39.06963866112958,10.911424903722722,1389,108
"Catrambone, Ben",1000565186,JOL_SLA,Four-Seam,L,64,-0.002144070674358173,-0.000680605108652213,0.24837099151396017,0.246226920839602,-0.002144070674358173,39.04350845804746,10.847240051347882,1390,206
"Ginn, Landon",701061,WAS_WIL3,Four-Seam,L,64,-0.002155494000222595,-0.0012381376102295616,0.2483824148398246,0.246226920839602,-0.002155494000222595,39.02316015619366,10.783055198973042,1391,207
"Moore, Kyle",1000517760,SCH_BOO,Curveball,L,28,-0.0021665919153157818,-0.00010335709945960558,0.2519555657945989,0.2497889738792831,-0.0021665919153157818,39.003391506595094,10.718870346598203,1392,70
"Tiburcio, David",696010,DOW_EAS1,Slider,L,36,-0.0021819933097351344,0.0,0.23907679116783992,0.2368947978581048,-0.0021819933097351344,38.97595709508185,10.654685494223363,1393,101
"Hensey, Rob",802996,SUS_COU1,Slider,R,25,-0.0022029620166276564,0.0,0.23524400898499453,0.2330410469683669,-0.0022029620166276564,38.9386056632487,10.590500641848525,1394,178
"Hensey, Rob",802996,SUS_COU1,Four-Seam,L,68,-0.0022241847936327976,-0.004094222759043156,0.2484511056332348,0.24622692083960201,-0.0022241847936327976,38.900801657847666,10.526315789473683,1395,208
"Godwin, Connor",802684,NEW_YOR13,Slider,L,42,-0.0022470275010482745,0.0,0.2391418253591531,0.2368947978581048,-0.0022470275010482745,38.86011208012181,10.462130937098845,1396,102
"Pindel, Buddie",1000054422,SCH_BOO,Four-Seam,L,132,-0.0022493182119797204,-0.0029410029791197,0.2484762390515817,0.24622692083960201,-0.0022493182119797204,38.85603165047758,10.397946084724005,1397,209
"Good, Ty",688612,GAT_GRI,Four-Seam,L,130,-0.0022683736964084072,0.0,0.24849529453601038,0.246226920839602,-0.0022683736964084072,38.822088230345194,10.333761232349167,1398,210
"Eldred, Zach",1000227712,NEW_ENG23,Slider,L,81,-0.002268866213279616,0.0,0.23916366407138442,0.23689479785810477,-0.002268866213279616,38.82121091299625,10.269576379974326,1399,103
"Westcott, Zac",686170,FLO_Y'A,Curveball,L,46,-0.0022870211041145215,0.0,0.2520759949833976,0.2497889738792831,-0.0022870211041145215,38.78887171483139,10.205391527599486,1400,71
"Fowler, Dalton",687096,SUS_COU1,Four-Seam,R,46,-0.0023007973860581492,0.0,0.24390861331513344,0.24160781592907532,-0.0023007973860581492,38.76433210642495,10.141206675224646,1401,241
"Debban, Caleb",1000551056,NEW_JER6,Curveball,L,93,-0.0023423308764453895,0.0,0.2521313047557285,0.2497889738792831,-0.0023423308764453895,38.69034874908473,10.077021822849808,1402,72
"Allemann, Braeden",1000367619,QUE_CAP,Four-Seam,L,264,-0.0023588850893281332,-0.0009085118576218076,0.24858580592893012,0.24622692083960201,-0.0023588850893281332,38.66086082895638,10.012836970474968,1403,211
"Gordillo, Lucas",808851,TRI_VAL,Slider,R,25,-0.00239538054189253,0.0,0.23543642751025942,0.2330410469683669,-0.00239538054189253,38.595851698175636,9.948652118100128,1404,179
"Morrissey, Joe",1000570088,EVA_OTT,Four-Seam,L,52,-0.002398309595569158,-0.0024822899199481024,0.24862523043517115,0.246226920839602,-0.002398309595569158,38.590634192427714,9.884467265725288,1405,212
"Westcott, Zac",686170,FLO_Y'A,Changeup,R,68,-0.002404644420256416,-0.0028666916751670934,0.2520288433841963,0.24962419896393992,-0.002404644420256416,38.5793500072038,9.82028241335045,1406,87
"Bell, Brendan",681141,NEW_ENG23,Slider,R,25,-0.0024066557232676096,0.0,0.2354477026916345,0.2330410469683669,-0.0024066557232676096,38.57576728521224,9.75609756097561,1407,180
"Woolfolk, Dallas",663762,MIS_MUD,Four-Seam,L,65,-0.002414465923453773,-0.0009085118576218076,0.24864138676305578,0.246226920839602,-0.002414465923453773,38.56185502246032,9.691912708600771,1408,213
"Kines, Gunnar",665129,JOL_SLA,Changeup,L,79,-0.0024191630608561263,-0.003336777873387292,0.24489605323263883,0.24247689017178267,-0.0024191630608561263,38.5534880397754,9.62772785622593,1409,110
"Cerda, Junior",693702,EVA_OTT,Sinker,L,39,-0.0025022110218988034,-0.001742066901113004,0.2667823782543019,0.2642801672324031,-0.0025022110218988034,38.40555520482914,9.563543003851091,1410,112
"Johnson, Caiden",1000147367,OTT_TIT,Sinker,R,51,-0.0025161427182797676,0.0,0.25682634418863437,0.2543102014703546,-0.0025161427182797676,38.380738757617536,9.499358151476251,1411,109
"Balzan, Jackson",827496,SUS_COU1,Changeup,L,73,-0.0025167308750202737,-0.00308532315338661,0.24499362104680297,0.24247689017178267,-0.0025167308750202737,38.379691077543,9.435173299101413,1412,111
"Montelbano, Cooper",1000197357,FDU_KNI,Changeup,L,27,-0.0025227194699484292,-0.00308532315338661,0.24499960964173115,0.24247689017178267,-0.0025227194699484292,38.36902362931255,9.370988446726573,1413,112
"Floyd, Conner",1000161370,QUE_CAP,Curveball,L,25,-0.0025293479611092616,0.0,0.2523183218403923,0.2497889738792831,-0.0025293479611092616,38.35721633776045,9.306803594351733,1414,73
"Nakata, Yuto",1000432352,QUE_CAP,Splitter,R,28,-0.0025315803025053895,0.0,0.2539433226059842,0.2514117423034788,-0.0025315803025053895,38.35323988141943,9.242618741976894,1415,9
"Turner, Eric",1000080978,JOL_SLA,Slider,L,75,-0.0025378900168353345,0.0,0.23943268787494015,0.23689479785810483,-0.0025378900168353345,38.34200042512441,9.178433889602054,1416,104
"Albert, Wes",670784,TRI_VAL,Sinker,L,26,-0.0025388795803751693,0.0,0.2668190468127783,0.2642801672324031,-0.0025388795803751693,38.340237721525554,9.114249037227214,1417,113
"Albert, Wes",670784,TRI_VAL,Four-Seam,L,71,-0.0025520009322555527,-0.0006226800594445192,0.24877892177185756,0.246226920839602,-0.0025520009322555527,38.316864736113004,9.050064184852374,1418,214
"Thompson, Ross",1000103401,SCH_BOO,Splitter,R,28,-0.0025651971404990442,0.0,0.2539769394439778,0.2514117423034788,-0.0025651971404990442,38.29335840950978,8.985879332477536,1419,10
"Moore, Kyle",1000517760,SCH_BOO,Cutter,R,81,-0.002583804625903131,0.0,0.2482515145989978,0.2456677099730947,-0.002583804625903131,38.26021300735315,8.921694480102696,1420,32
"Dill, Austin",1000429156,TRI_VAL,Sinker,L,90,-0.0026216080577850407,-0.001176412251017278,0.2669017752901881,0.2642801672324031,-0.0026216080577850407,38.192873980858394,8.857509627727858,1421,114
"Majick, Eli",828663,NEW_ENG23,Sinker,L,96,-0.0026223090952586605,0.0,0.2669024763276618,0.2642801672324031,-0.0026223090952586605,38.19162522701093,8.793324775353016,1422,115
"Lovell, Justin",822485,WIN_CIT29,Cutter,R,38,-0.002654633530287164,0.0,0.2483223435033819,0.2456677099730947,-0.002654633530287164,38.13404590475224,8.729139922978177,1423,33
"Martzolf, Max",824782,OTT_TIT,Changeup,R,103,-0.00266845833376985,0.0,0.2522926572977098,0.24962419896393986,-0.00266845833376985,38.10941986521929,8.664955070603337,1424,88
"Benitez, Jorge",1000561771,NEW_JER6,Sinker,L,43,-0.0026770133145899325,-0.0008067537947351044,0.266957180546993,0.2642801672324031,-0.0026770133145899325,38.0941809291908,8.600770218228499,1425,116
"Baker, Luke",694914,EVA_OTT,Four-Seam,R,38,-0.00268666097299576,0.0,0.24429447690207107,0.24160781592907532,-0.00268666097299576,38.07699561313188,8.536585365853659,1426,242
"Campbell, Tyler",809429,MIS_MUD,Cutter,R,75,-0.002687594815307439,0.0,0.24835530478840212,0.2456677099730947,-0.002687594815307439,38.075332165422566,8.472400513478819,1427,34
"Hill, Kaleb",1000371973,OTT_TIT,Sinker,R,221,-0.00269219078687581,0.0,0.2570023922572304,0.2543102014703546,-0.00269219078687581,38.067145388831,8.408215661103979,1428,110
"Hagan, Jack",699522,DOW_EAS1,Changeup,L,34,-0.002714362135017239,0.0,0.24519125230679992,0.24247689017178267,-0.002714362135017239,38.027651699353704,8.34403080872914,1429,113
"McEvoy, Aidan",1000079355,FLO_Y'A,Slider,R,35,-0.0027167576784310793,0.0,0.23575780464679796,0.2330410469683669,-0.0027167576784310793,38.023384532237294,8.2798459563543,1430,181
"Morgan, Cooper",692707,QUE_CAP,Cutter,L,42,-0.0027459873999756447,0.0,0.22740413965681613,0.2246581522568405,-0.0027459873999756447,37.971317804547795,8.21566110397946,1431,28
"Wehrle, Tyler",806332,WIN_CIT29,Slider,L,53,-0.0027704784463943896,0.0,0.23966527630449921,0.2368947978581048,-0.0027704784463943896,37.92769205044092,8.15147625160462,1432,105
"Tokar, Heitor",677573,OTT_TIT,Slider,L,39,-0.0027872139188492686,-6.722478800411102e-05,0.23968201177695406,0.23689479785810483,-0.0027872139188492686,37.89788125372379,8.087291399229782,1433,106
"Sabatine, Gino",1000229070,TRI_VAL,Slider,L,26,-0.0027966792580301184,0.0,0.2396914771161349,0.2368947978581048,-0.0027966792580301184,37.88102070180691,8.023106546854942,1434,107
"Dima, Josh",1000098214,GAT_GRI,Sinker,R,31,-0.002797510773251644,0.0013830400329910009,0.25710771224360623,0.2543102014703546,-0.002797510773251644,37.87953952872961,7.958921694480104,1435,111
"Long, Jalon",809215,NEW_YOR13,Four-Seam,L,80,-0.0027980701441281466,-0.0025923571171142246,0.24902499098373015,0.24622692083960201,-0.0027980701441281466,37.878543124741974,7.894736842105263,1436,215
"Miranda, Kevin",806656,OTT_TIT,Changeup,R,46,-0.002813997845216793,-0.0018853644319068996,0.2524381968091567,0.2496241989639399,-0.002813997845216793,37.85017120631511,7.830551989730424,1437,89
"Bohnert, Matthew",810066,WIN_CIT29,Curveball,R,43,-0.0028183824328893567,0.0,0.25835916821444804,0.2555407857815587,-0.0028183824328893567,37.842360966589425,7.7663671373555845,1438,99
"Voytko, Fawster",1000207039,TRO_AIG,Four-Seam,L,45,-0.002830477780617342,-0.0006226800594445192,0.2490573986202193,0.246226920839602,-0.002830477780617342,37.82081559622034,7.702182284980745,1439,216
"Peyton, Blake",1000017005,GAT_GRI,Sinker,R,58,-0.0028542656262479822,0.0,0.25716446709660257,0.2543102014703546,-0.0028542656262479822,37.778442449460044,7.637997432605904,1440,112
"Perez, Kelvin",692487,WAS_WIL3,Sinker,L,44,-0.0028889255761704864,-0.00838780913349288,0.2671690928085736,0.2642801672324031,-0.0028889255761704864,37.71670288852734,7.573812580231065,1441,117
"Figueredo, Kevin",1000210447,WIN_CIT29,Sinker,R,112,-0.002891784153772544,0.0,0.25720198562412716,0.2543102014703546,-0.002891784153772544,37.71161092138839,7.509627727856226,1442,113
"Cook, Cole",1000161363,SCH_BOO,Slider,R,53,-0.0029013118307656058,0.0,0.23594235879913247,0.2330410469683669,-0.0029013118307656058,37.69463932750047,7.445442875481387,1443,182
"Huter, Blayne",1000145980,SUS_COU1,Curveball,L,47,-0.0029231110574683724,0.0,0.25271208493675146,0.24978897387928312,-0.0029231110574683724,37.65580849571016,7.381258023106548,1444,74
"Smith, Donny",1000381366,JOL_SLA,Sinker,R,79,-0.0029295958151840744,0.0,0.2572397972855387,0.2543102014703546,-0.0029295958151840744,37.64425723568187,7.317073170731707,1445,114
"Leak, Anthony",1000264276,NEW_YOR13,Slider,L,65,-0.0029366559221825675,0.0,0.23983145378028736,0.2368947978581048,-0.0029366559221825675,37.63168110942665,7.2528883183568675,1446,108
"Helt, Robert",836007,LAK_ERI24,Slider,L,76,-0.0029651959295986653,0.0,0.23985999378770345,0.23689479785810477,-0.0029651959295986653,37.580842965377805,7.188703465982028,1447,109
"Gorgen, Grady",1000138303,NEW_YOR13,Changeup,R,57,-0.0030158142755179035,-0.004463554269507397,0.2526400132394578,0.2496241989639399,-0.0030158142755179035,37.49067680936254,7.124518613607189,1448,90
"Bice, Emmett",828456,NEW_YOR13,Sinker,R,39,-0.003066506515397134,0.0,0.25737670798575174,0.2543102014703546,-0.003066506515397134,37.40037902647951,7.060333761232348,1449,115
"Armstrong, Andrew",803262,NEW_YOR13,Slider,R,45,-0.003083594504005547,0.0,0.23612464147237244,0.23304104696836686,-0.003083594504005547,37.36994029485221,6.996148908857509,1450,183
"MacMillan, Blake",832350,TRO_AIG,Cutter,R,72,-0.0031272259558023335,0.0,0.24879493592889704,0.24566770997309473,-0.0031272259558023335,37.29221985143515,6.93196405648267,1451,35
"Bihm, Gage",815079,MIS_MUD,Slider,R,26,-0.0032476344653325304,0.0,0.2362886814336994,0.2330410469683669,-0.0032476344653325304,37.07773689552848,6.867779204107831,1452,184
"Figueredo, Kevin",1000210447,WIN_CIT29,Changeup,L,37,-0.003267949483454861,-0.0005234328270276034,0.24574483965523758,0.2424768901717827,-0.003267949483454861,37.04154987558134,6.8035943517329915,1453,114
"Manning, Noah",828538,WIN_CIT29,Sinker,L,30,-0.0033261217925730046,-0.0008492655637374058,0.26760628902497613,0.2642801672324031,-0.0033261217925730046,36.93792789022284,6.7394094993581515,1454,118
"Webster, Evan",804248,FLO_Y'A,Four-Seam,R,230,-0.003351072502269103,-0.0009603597522916951,0.2449588884313444,0.2416078159290753,-0.003351072502269103,36.893483340676724,6.675224646983311,1455,243
"Hicks, Jackson",703104,DOW_EAS1,Slider,L,42,-0.003358817477980178,0.0,0.240253615336085,0.2368947978581048,-0.003358817477980178,36.879687261891114,6.611039794608472,1456,110
"Andueza, Axel",672847,DOW_EAS1,Curveball,R,54,-0.0033751477007654546,0.0,0.2589159334823241,0.2555407857815587,-0.0033751477007654546,36.85059833398007,6.546854942233633,1457,100
"Leak, Anthony",1000264276,NEW_YOR13,Sinker,R,80,-0.003416768001897435,-0.0014892892726859897,0.25772696947225204,0.2543102014703546,-0.003416768001897435,36.77646034118086,6.482670089858793,1458,116
"Smith, Jackson",1000333915,MIS_MUD,Changeup,R,25,-0.0034274396315776877,0.0,0.2530516385955176,0.2496241989639399,-0.0034274396315776877,36.75745103123181,6.418485237483954,1459,91
"Puccetti, Dominic",1000266076,OTT_TIT,Changeup,L,65,-0.00346269702112142,0.0,0.24593958719290412,0.2424768901717827,-0.00346269702112142,36.6946472546848,6.354300385109115,1460,115
"Sakurai, Masatoshi",1000429128,QUE_CAP,Four-Seam,R,248,-0.0034954484362947585,-0.007117711635340113,0.24510326436537005,0.2416078159290753,-0.0034954484362947585,36.63630735525483,6.290115532734275,1461,244
"Smith, Donny",1000381366,JOL_SLA,Slider,L,37,-0.003496655464501256,0.0,0.24039145332260603,0.2368947978581048,-0.003496655464501256,36.63415728314944,6.225930680359435,1462,111
"Sanchez, Dikember",699129,LAK_ERI24,Four-Seam,L,39,-0.003496962044729118,-0.005247442538966612,0.2497238828843311,0.24622692083960201,-0.003496962044729118,36.63361117362819,6.161745827984596,1463,217
"Barreto, Brayhans",810980,TRI_VAL,Slider,R,43,-0.003556686634213929,0.0,0.23659773360258082,0.23304104696836692,-0.003556686634213929,36.527224120561954,6.097560975609756,1464,185
"Vitas, Ben",1000076969,JOL_SLA,Slider,L,65,-0.003629191386287452,0.0,0.24052398924439225,0.2368947978581048,-0.003629191386287452,36.398071840522235,6.033376123234917,1465,112
"Sechrist, Zander",801415,WAS_WIL3,Slider,R,26,-0.0036358593187774827,-0.016648089069450103,0.23667690628714438,0.2330410469683669,-0.0036358593187774827,36.38619429236697,5.969191270860077,1466,186
"Martzolf, Max",824782,OTT_TIT,Four-Seam,R,51,-0.003636685809148661,-0.0016827744743516948,0.24524450173822396,0.2416078159290753,-0.003636685809148661,36.38472207002546,5.905006418485238,1467,245
"Correa, Nelvin",673388,QUE_CAP,Four-Seam,L,38,-0.0037602021717428142,-0.0002263491798413092,0.2499871230113448,0.24622692083960201,-0.0037602021717428142,36.16470311409452,5.840821566110398,1468,218
"Armstrong, Andrew",803262,NEW_YOR13,Sinker,L,28,-0.0037603802631082997,-0.005711465512870245,0.26804054749551137,0.2642801672324031,-0.0037603802631082997,36.16438588101324,5.7766367137355585,1469,119
"Sakurai, Masatoshi",1000429128,QUE_CAP,Curveball,R,55,-0.0038306373528321108,0.0,0.2593714231343908,0.2555407857815587,-0.0038306373528321108,36.03923734843727,5.712451861360719,1470,101
"Perdomo, Rafael",1000557553,QUE_CAP,Curveball,L,42,-0.0038560140439282634,0.0,0.25364498792321133,0.2497889738792831,-0.0038560140439282634,35.99403400077796,5.648267008985879,1471,75
"Webster, Evan",804248,FLO_Y'A,Cutter,R,32,-0.0038827052118953296,-0.00045253868009755005,0.24955041518499002,0.2456677099730947,-0.0038827052118953296,35.94648918335172,5.58408215661104,1472,36
"Vitas, Ben",1000076969,JOL_SLA,Sinker,L,114,-0.0038827697776212477,-0.0018244049055440026,0.26816293701002436,0.2642801672324031,-0.0038827697776212477,35.94637417281136,5.5198973042362,1473,120
"Foy, Corbin",813822,LAK_ERI24,Slider,L,37,-0.003934370913063282,0.0,0.24082916877116806,0.2368947978581048,-0.003934370913063282,35.85445737971317,5.455712451861361,1474,113
"Lovell, Justin",822485,WIN_CIT29,Sinker,R,30,-0.0039346980822306124,-0.0026877950175485943,0.25824489955258517,0.2543102014703546,-0.0039346980822306124,35.85387459523752,5.391527599486521,1475,117
"Ronne, Andrew",701809,GAT_GRI,Slider,L,48,-0.003940095399471255,0.0,0.24083489325757604,0.23689479785810477,-0.003940095399471255,35.84426038640581,5.327342747111682,1476,114
"Thiels, Brenton",816364,MIS_MUD,Four-Seam,L,111,-0.003957288604799045,-0.0020235768607765048,0.25018420944440106,0.246226920839602,-0.003957288604799045,35.813634232867294,5.263157894736842,1477,219
"Scafidi, Christian",690280,LAK_ERI24,Slider,L,57,-0.0039862306568347345,0.0,0.24088102851493953,0.23689479785810477,-0.0039862306568347345,35.76207992914873,5.198973042362002,1478,115
"Okumura, Shuto",1000232749,WAS_WIL3,Four-Seam,L,25,-0.004006274382798452,0.0,0.25023319522240045,0.246226920839602,-0.004006274382798452,35.726376160296724,5.134788189987163,1479,220
"Encarnacion, J.D.",1000563022,EVA_OTT,Slider,L,65,-0.004041412848392526,0.0,0.24093621070649732,0.2368947978581048,-0.004041412848392526,35.66378422226802,5.070603337612323,1480,116
"McEvoy, Aidan",1000079355,FLO_Y'A,Four-Seam,L,36,-0.004042709638022541,-0.007367857329467764,0.2502696304776245,0.24622692083960201,-0.004042709638022541,35.661474258677245,5.006418485237484,1481,221
"Barker, Alex",1000106691,NEW_YOR13,Slider,R,53,-0.004056399616409887,0.0,0.23709744658477677,0.2330410469683669,-0.004056399616409887,35.63708838227803,4.942233632862644,1482,187
"Hickey, Matt",806277,GAT_GRI,Four-Seam,R,28,-0.004082919961988167,-0.00587438879835335,0.24569073589106344,0.2416078159290753,-0.004082919961988167,35.58984784974848,4.878048780487805,1483,246
"Cameron, Wyatt",1000179557,SCH_BOO,Sinker,L,26,-0.004142467072353274,-0.000588206125508639,0.2684226343047564,0.2642801672324031,-0.004142467072353274,35.483776939173794,4.813863928112965,1484,121
"Tokar, Heitor",677573,OTT_TIT,Changeup,R,30,-0.004182829723676988,-5.551115123125783e-17,0.2538070286876169,0.2496241989639399,-0.004182829723676988,35.41187919043561,4.7496790757381255,1485,92
"Hampton, Ky",673132,OTT_TIT,Sinker,L,56,-0.004205204016732847,-0.0012744103479240543,0.26848537124913596,0.2642801672324031,-0.004205204016732847,35.37202399639935,4.685494223363286,1486,122
"Heredia-Bustos, Rolando",837343,DOW_EAS1,Slider,L,142,-0.004223177830092472,-3.361239400205551e-05,0.24111797568819726,0.2368947978581048,-0.004223177830092472,35.34000735045524,4.621309370988447,1487,117
"Brouwer, Adam",10998502,LAK_ERI24,Four-Seam,L,32,-0.004277110665704186,-0.005247442538966612,0.2505040315053062,0.246226920839602,-0.004277110665704186,35.24393711382858,4.557124518613607,1488,222
"Esposito, Michael",1000059095,NEW_ENG23,Four-Seam,R,65,-0.004317944108846952,-0.012640491894382294,0.24592576003792224,0.2416078159290753,-0.004317944108846952,35.17120074644657,4.492939666238768,1489,247
"Quigley, Michael",808828,NEW_ENG23,Curveball,R,27,-0.004400198961651223,0.0,0.2599409847432099,0.2555407857815587,-0.004400198961651223,35.02468067044892,4.428754813863929,1490,102
"Burcham, Jacob",1000122547,GAT_GRI,Slider,L,29,-0.004400307899183619,-0.0014496261117371012,0.2412951057572884,0.2368947978581048,-0.004400307899183619,35.02448662067579,4.364569961489089,1491,118
"Eldred, Zach",1000227712,NEW_ENG23,Changeup,L,27,-0.0044449862397981064,0.0,0.2469218764115808,0.24247689017178267,-0.0044449862397981064,34.944901360486206,4.3003851091142495,1492,116
"Anibal, Trevor",822669,NEW_ENG23,Curveball,L,45,-0.004486916491960866,0.0,0.254275890371244,0.2497889738792831,-0.004486916491960866,34.87021125377473,4.2362002567394095,1493,76
"Leach, Landon",667743,TRO_AIG,Slider,L,26,-0.004515898785040629,0.0,0.2414106966431454,0.2368947978581048,-0.004515898785040629,34.81858526892569,4.17201540436457,1494,119
"Bargo, Casey",1000057987,FLO_Y'A,Four-Seam,L,34,-0.0045451353684626185,-0.0062268660347434,0.25077205620806464,0.24622692083960201,-0.0045451353684626185,34.76650631821508,4.10783055198973,1495,223
"MacMillan, Blake",832350,TRO_AIG,Four-Seam,L,49,-0.004636994793499183,-0.007775912774103805,0.2508639156331012,0.246226920839602,-0.004636994793499183,34.60287767530103,4.043645699614891,1496,224
"Hampton, Ky",673132,OTT_TIT,Sinker,R,70,-0.0046742852694936325,-0.0014892892726859897,0.25898448673984825,0.2543102014703546,-0.0046742852694936325,34.536452374052274,3.979460847240052,1497,118
"Dill, Austin",1000429156,TRI_VAL,Four-Seam,L,33,-0.004696508124505218,0.0,0.2509234289641072,0.24622692083960201,-0.004696508124505218,34.49686693569607,3.915275994865212,1498,225
"Wilson, Bradley",1000073000,FLO_Y'A,Four-Seam,R,38,-0.004734026883946481,-0.0024705982069476023,0.24634184281302177,0.24160781592907532,-0.004734026883946481,34.43003499451258,3.8510911424903727,1499,248
"Williams, Pierce",1000337420,NEW_ENG23,Sinker,R,39,-0.0047739704994544324,0.0,0.25908417196980904,0.2543102014703546,-0.0047739704994544324,34.35888367175996,3.7869062901155326,1500,119
"Duby, Bill",1000270408,NEW_JER6,Changeup,L,74,-0.0048521279529113795,-0.0035275127399791995,0.24732901812469404,0.2424768901717827,-0.0048521279529113795,34.21966226864659,3.7227214377406934,1501,117
"Baird, Dustin",1000027580,MIS_MUD,Four-Seam,L,40,-0.00489177528000573,-0.002155690507929811,0.25111869611960774,0.24622692083960201,-0.00489177528000573,34.149038722668195,3.6585365853658534,1502,226
"Good, Ty",688612,GAT_GRI,Changeup,L,28,-0.004892202142173554,0.0,0.24736909231395623,0.2424768901717827,-0.004892202142173554,34.14827835564865,3.594351732991014,1503,118
"Gollert, Harley",1000114236,TRO_AIG,Changeup,L,28,-0.004910992744770108,-0.003564176319147197,0.2473878829165528,0.2424768901717827,-0.004910992744770108,34.11480676793528,3.530166880616174,1504,119
"Walsh, John",1000208173,MIS_MUD,Four-Seam,L,30,-0.0049149226135323226,-0.008902742977667605,0.2511418434531343,0.246226920839602,-0.0049149226135323226,34.107806516277535,3.465982028241335,1505,227
"Morrissey, Joe",1000570088,EVA_OTT,Four-Seam,R,47,-0.004953974201107524,-0.008520961961517831,0.2465617901301828,0.24160781592907526,-0.004953974201107524,34.03824415753181,3.4017971758664958,1506,249
"Parra, Andres",800365,LAK_ERI24,Slider,R,100,-0.0049889080598748605,0.0,0.23802995502824176,0.2330410469683669,-0.0049889080598748605,33.9760166844165,3.3376123234916557,1507,188
"Snyder, Jack",801389,SCH_BOO,Four-Seam,L,41,-0.0050049400148942476,-0.0036014036029700103,0.2512318608544962,0.24622692083960201,-0.0050049400148942476,33.94745905908805,3.2734274711168165,1508,228
"Gamelin, Shaun",815222,JOL_SLA,Slider,L,30,-0.005043094209288982,0.0,0.24193789206739377,0.2368947978581048,-0.005043094209288982,33.8794952214328,3.209242618741977,1509,120
"Lawson, Nathan",1000569348,FLO_Y'A,Cutter,R,30,-0.005113343312147828,0.0,0.25078105328524253,0.2456677099730947,-0.005113343312147828,33.754360915811496,3.1450577663671373,1510,37
"Morgan, Marcus",808861,JOL_SLA,Slider,L,33,-0.00515407007544526,0.0,0.24204886793355004,0.2368947978581048,-0.00515407007544526,33.6818145765982,3.080872913992298,1511,121
"Bradford, Ethan",688428,NEW_YOR13,Slider,R,60,-0.005342731523797765,0.0,0.23838377849216466,0.2330410469683669,-0.005342731523797765,33.34575307009702,3.0166880616174585,1512,189
"Matos, Dwayne",684228,OTT_TIT,Changeup,R,66,-0.005383017338860676,-0.0054775239360549954,0.25500721630280054,0.24962419896393986,-0.005383017338860676,33.273992189329405,2.952503209242619,1513,93
"Hargrove, Dawson",1000471986,LAK_ERI24,Four-Seam,L,37,-0.005513040135442868,-0.005247442538966612,0.25173996097504486,0.24622692083960201,-0.005513040135442868,33.042383361556254,2.8883183568677793,1514,229
"Gollert, Harley",8890793,QUE_CAP,Four-Seam,R,57,-0.005814936597069133,-0.0093559174669465,0.24742275252614443,0.2416078159290753,-0.005814936597069133,32.50461700500877,2.8241335044929397,1515,250
"Morgan, Cooper",692707,QUE_CAP,Sinker,R,41,-0.005859283556399952,0.0,0.2601694850267545,0.2543102014703546,-0.005859283556399952,32.425622032312404,2.7599486521181,1516,120
"Smith, Benjamin",1000261092,TRI_VAL,Sinker,R,28,-0.005920635395944741,0.0,0.26023083686629933,0.2543102014703546,-0.005920635395944741,32.31633636847335,2.6957637997432604,1517,121
"Huter, Blayne",1000145980,SUS_COU1,Four-Seam,L,61,-0.005941336232156703,-0.006229597603322395,0.25216825707175866,0.246226920839602,-0.005941336232156703,32.279462093076994,2.631578947368421,1518,230
"Hampton, Ky",673132,OTT_TIT,Slider,L,37,-0.006019371509569107,-0.003437975273890309,0.24291416936767393,0.2368947978581048,-0.006019371509569107,32.14045832141905,2.5673940949935816,1519,122
"Vailes, Gage",1000050773,GAT_GRI,Slider,L,71,-0.006028504796795241,-6.722478800411102e-05,0.24292330265490006,0.2368947978581048,-0.006028504796795241,32.1241892516577,2.503209242618742,1520,123
"Brothers, Kellen",1000131959,SUS_COU1,Curveball,L,46,-0.006059918319528285,0.0,0.25584889219881135,0.2497889738792831,-0.006059918319528285,32.068232532007954,2.4390243902439024,1521,77
"Jensik, CJ",10009752,WIN_CIT29,Sinker,L,27,-0.006310191698282395,0.0,0.2705903589306855,0.2642801672324031,-0.006310191698282395,31.622422063384306,2.3748395378690628,1522,123
"Plumadore, Carson",1000207816,WIN_CIT29,Curveball,L,26,-0.006349837259578103,0.0,0.25613881113886117,0.2497889738792831,-0.006349837259578103,31.551801662812448,2.3106546854942236,1523,78
"Vega, Lucas",837223,TRO_AIG,Slider,L,33,-0.006366047199592455,-6.722478800411102e-05,0.24326084505769727,0.2368947978581048,-0.006366047199592455,31.52292699387988,2.246469833119384,1524,124
"Cerda, Junior",693702,EVA_OTT,Four-Seam,L,54,-0.006460435210401488,-0.01156754211562891,0.2526873560500035,0.246226920839602,-0.006460435210401488,31.35479419629388,2.1822849807445444,1525,231
"Morgan, Cooper",692707,QUE_CAP,Four-Seam,R,27,-0.006467360065184664,-0.0073591816865968,0.24807517599425996,0.2416078159290753,-0.006467360065184664,31.34245899399867,2.1181001283697047,1526,251
"Sanchez, Edwin",835958,LAK_ERI24,Four-Seam,R,94,-0.006663831739659881,-0.008174800937610055,0.24827164766873516,0.24160781592907526,-0.006663831739659881,30.992485178544946,2.053915275994865,1527,252
"Noble, Nick",1000397875,FDU_KNI,Changeup,R,25,-0.006664722652784143,-0.006282751231564299,0.25628892161672406,0.2496241989639399,-0.006664722652784143,30.99089820033973,1.989730423620026,1528,94
"Parsons, Billy",698892,SUS_COU1,Sinker,L,31,-0.0067139104673668605,-0.001906742909975001,0.27099407769976996,0.2642801672324031,-0.0067139104673668605,30.90328024121496,1.9255455712451863,1529,124
"Perez, Kelvin",692487,WAS_WIL3,Changeup,L,42,-0.006736557850684994,-0.0007551175446601499,0.24921344802246767,0.24247689017178273,-0.006736557850684994,30.862938593132302,1.8613607188703467,1530,120
"Brown, Ethan",690384,WAS_WIL3,Four-Seam,R,42,-0.006820922548001167,-0.009273441177137076,0.24842873847707647,0.2416078159290753,-0.006820922548001167,30.712660263758853,1.797175866495507,1531,253
"Kramer, Cameron",1000249123,TRO_AIG,Sinker,L,38,-0.006898350553026902,-0.0023282076698070975,0.27117851778543,0.2642801672324031,-0.006898350553026902,30.57473822276131,1.7329910141206675,1532,125
"Odonnell, Brendan",1000423478,NEW_ENG23,Slider,R,89,-0.0069310044310852146,-0.0013287783045902168,0.2399720513994521,0.23304104696836692,-0.0069310044310852146,30.51657206560938,1.6688061617458279,1533,190
"Benitez, Jorge",1000561771,NEW_JER6,Four-Seam,R,44,-0.006975922385308058,-0.006668377064275005,0.24858373831438338,0.2416078159290753,-0.006975922385308058,30.43655998313626,1.6046213093709885,1534,254
"Maher, Adam",1000133555,TRI_VAL,Four-Seam,L,46,-0.007045278166135455,-0.014394341825133161,0.25327219900573744,0.246226920839602,-0.007045278166135455,30.313016946692102,1.540436456996149,1535,232
"Moore, Kyle",1000517760,SCH_BOO,Sinker,R,44,-0.007167471358745806,-0.0009468591808053928,0.2614776728291004,0.2543102014703546,-0.007167471358745806,30.09535494551793,1.4762516046213094,1536,122
"Cohn, Cooper",1000301881,NIU_HUS,Four-Seam,L,32,-0.007176487653216563,-0.0020235768607765048,0.25340340849281856,0.246226920839602,-0.007176487653216563,30.07929427425011,1.4120667522464698,1537,233
"Potteiger, Jack",1000565185,JOL_SLA,Sinker,R,33,-0.007232132299745363,0.0,0.26154233377009994,0.2543102014703546,-0.007232132299745363,29.980174799102997,1.3478818998716302,1538,123
"Riley, Michael",1000463948,TRI_VAL,Four-Seam,R,25,-0.0072965984661664506,-0.015126683548452119,0.24890441439524175,0.2416078159290753,-0.0072965984661664506,29.86534160347658,1.2836970474967908,1539,255
"Hagan, Jack",699522,DOW_EAS1,Slider,L,66,-0.007307317516653331,0.0,0.2442021153747581,0.2368947978581048,-0.007307317516653331,29.846247823129083,1.2195121951219512,1540,125
"Valdez, Alex",677678,EVA_OTT,Slider,L,55,-0.007349505797065873,-0.0044354807752415015,0.24424430365517066,0.2368947978581048,-0.007349505797065873,29.771098092243726,1.1553273427471118,1541,126
"Andueza, Axel",672847,DOW_EAS1,Slider,L,56,-0.007355548874013845,-0.004602534277464501,0.24425034673211865,0.2368947978581048,-0.007355548874013845,29.760333595518116,1.0911424903722722,1542,127
"Sanchez, Edwin",835958,LAK_ERI24,Slider,R,29,-0.008063430518505643,-0.011900921521698998,0.24110447748687253,0.23304104696836686,-0.008063430518505643,28.499388267525312,1.0269576379974326,1543,191
"Rettig, Will",1000278041,WAS_WIL3,Sinker,R,35,-0.00823369491982031,-0.008472679685070206,0.26254389639017495,0.2543102014703546,-0.00823369491982031,28.19609731058101,0.9627727856225932,1544,124
"Reeves, Cobe",802696,NEW_YOR13,Slider,R,27,-0.008277574060206511,-0.013488686434041303,0.24131862102857338,0.2330410469683669,-0.008277574060206511,28.117935660965074,0.8985879332477535,1545,192
"Cosentino, Nick",700818,JOL_SLA,Four-Seam,L,54,-0.00830300678655762,-0.007390433147945699,0.2545299276261596,0.246226920839602,-0.00830300678655762,28.07263249804216,0.8344030808729139,1546,234
"Shinn, Nathan",1000490914,LAK_ERI24,Sinker,R,25,-0.00859545246321718,-0.016448072207616182,0.2629056539335718,0.2543102014703546,-0.00859545246321718,27.551700768077183,0.7702182284980745,1547,125
"Hampton, Ky",673132,OTT_TIT,Changeup,R,68,-0.00861179402430133,-0.010170684165067112,0.25823599298824124,0.24962419896393992,-0.00861179402430133,27.52259164332235,0.7060333761232349,1548,95
"Rodriguez, Leonardo",673164,NEW_JER6,Four-Seam,L,51,-0.00865513417247007,-0.0062268660347434,0.25488205501207206,0.246226920839602,-0.00865513417247007,27.445390097310906,0.6418485237483954,1549,235
"Pardinho, Eric",672078,OTT_TIT,Slider,L,27,-0.008794894238494796,-0.01032013302053389,0.24568969209659958,0.2368947978581048,-0.008794894238494796,27.196436329876576,0.5776636713735559,1550,128
"Whitesell, Max",1000223610,FLO_Y'A,Sinker,L,26,-0.009149815991814173,-0.012955813425785334,0.27342998322421724,0.2642801672324031,-0.009149815991814173,26.564216339241867,0.5134788189987163,1551,126
"Burcham, Jacob",1000122547,GAT_GRI,Four-Seam,R,25,-0.009736919186022548,-0.013417689312318098,0.25134473511509786,0.2416078159290753,-0.009736919186022548,25.51841294040083,0.4492939666238768,1552,256
"Johnston, Spencer",800918,DOW_EAS1,Slider,L,93,-0.009763208896928846,-0.009503243682526002,0.24665800675503363,0.2368947978581048,-0.009763208896928846,25.471583236029307,0.38510911424903727,1553,129
"Hoover, Matthew",1000215900,WMI_BRO,Four-Seam,L,25,-0.010127848591918225,-0.006688207991498912,0.2563547694315202,0.246226920839602,-0.010127848591918225,24.82205273417872,0.3209242618741977,1554,236
"Thompson, Ross",1000103401,SCH_BOO,Slider,L,26,-0.010782117123311678,-0.010838761071802497,0.24767691498141647,0.2368947978581048,-0.010782117123311678,23.65660812301696,0.25673940949935814,1555,130
"Webster, Evan",804248,FLO_Y'A,Sinker,R,30,-0.011127280667954218,-0.004236865142386026,0.2654374821383088,0.2543102014703546,-0.011127280667954218,23.04177037097592,0.19255455712451863,1556,126
"Sakurai, Masatoshi",1000429128,QUE_CAP,Slider,R,58,-0.011673983463100618,-0.017023607215391007,0.24471503043146753,0.23304104696836686,-0.011673983463100618,22.067931960692846,0.12836970474967907,1557,193
"Culley, Wesley",1000189068,NEW_YOR13,Sinker,R,26,-0.011703948317452402,-0.00630271355208889,0.266014149787807,0.2543102014703546,-0.011703948317452402,22.01455574534262,0.06418485237483953,1558,127
