pitcher_name,pitcher_id,pitcher_team,pitch_type,pitch_count,swing_count,whiff_count,csw_count,two_strike_pitch_count,strikeout_count,terminal_pa_count,batted_ball_count,hardhit_count,barrel_count,sweetspot_count,exit_velocity_sum,xwoba_frontier,whiff_pct,csw_pct,putaway_pct,k_pct,avg_exit_velocity,hardhit_pct,barrel_pct,sweetspot_pct
"Adair, Austin",10015185,JOL_SLA,Changeup,15,7,0,5,5,1,5,6,1,1,1,482.02455000000003,0.18700982224254448,0.0,0.3333333333333333,0.2,0.2,80.33742500000001,0.16666666666666666,0.16666666666666666,0.16666666666666666
"Adair, Austin",10015185,JOL_SLA,Curveball,8,3,0,1,3,0,1,3,1,0,0,243.26308,0.2248243666965307,0.0,0.125,0.0,0.0,81.08769333333333,0.3333333333333333,0.0,0.0
"Adair, Austin",10015185,JOL_SLA,Sinker,20,5,0,2,2,0,6,4,0,0,2,299.71592,0.15159997201148723,0.0,0.1,0.0,0.0,74.92898,0.0,0.0,0.5
"Adair, Austin",10015185,JOL_SLA,Slider,30,14,3,8,5,0,9,9,3,0,2,766.31304,0.2695124135620675,0.21428571428571427,0.26666666666666666,0.0,0.0,85.14589333333333,0.3333333333333333,0.0,0.2222222222222222
"Albert, Wes",670784,TRI_VAL,Changeup,41,17,3,9,12,0,10,11,0,0,4,931.87055,0.28443206847835323,0.17647058823529413,0.21951219512195122,0.0,0.0,84.71550454545455,0.0,0.0,0.36363636363636365
"Albert, Wes",670784,TRI_VAL,Curveball,17,1,0,5,2,0,0,1,0,0,0,76.48897,0.17390467541193422,0.0,0.29411764705882354,0.0,,76.48897,0.0,0.0,0.0
"Albert, Wes",670784,TRI_VAL,Cutter,3,1,0,1,1,0,0,1,0,0,0,70.74237,0.03103900481938665,0.0,0.3333333333333333,0.0,,70.74237,0.0,0.0,0.0
"Albert, Wes",670784,TRI_VAL,Four-Seam,123,49,11,31,31,8,31,36,5,1,8,2911.30975,0.19260228612671573,0.22448979591836735,0.25203252032520324,0.25806451612903225,0.25806451612903225,80.86971527777777,0.1388888888888889,0.027777777777777776,0.2222222222222222
"Albert, Wes",670784,TRI_VAL,Sinker,28,13,3,7,4,0,5,9,0,0,3,690.67473,0.13258830203425015,0.23076923076923078,0.25,0.0,0.0,76.74163666666666,0.0,0.0,0.3333333333333333
"Albert, Wes",670784,TRI_VAL,Slider,34,17,5,7,11,2,13,12,3,1,4,1035.89995,0.2698895521235085,0.29411764705882354,0.20588235294117646,0.18181818181818182,0.15384615384615385,86.32499583333333,0.25,0.08333333333333333,0.3333333333333333
"Albert, Wes",670784,TRI_VAL,Splitter,3,2,1,1,1,0,1,1,1,0,0,97.22212,0.3267840336931854,0.5,0.3333333333333333,0.0,0.0,97.22212,1.0,0.0,0.0
"Albert, Wes",670784,TRI_VAL,,39,16,2,6,12,0,9,0,0,0,0,0.0,,0.125,0.15384615384615385,0.0,0.0,,,,
"Aldeano, Austin",699054,TRO_AIG,Changeup,51,24,5,11,9,2,9,16,1,0,7,1275.21831,0.24540624264514216,0.20833333333333334,0.21568627450980393,0.2222222222222222,0.2222222222222222,79.701144375,0.0625,0.0,0.4375
"Aldeano, Austin",699054,TRO_AIG,Curveball,8,4,0,1,6,1,4,4,1,0,3,339.33589,0.42667631516461857,0.0,0.125,0.16666666666666666,0.25,84.8339725,0.25,0.0,0.75
"Aldeano, Austin",699054,TRO_AIG,Four-Seam,26,12,4,6,13,3,7,8,1,0,3,663.77485,0.2723382079546197,0.3333333333333333,0.23076923076923078,0.23076923076923078,0.42857142857142855,82.97185625,0.125,0.0,0.375
"Aldeano, Austin",699054,TRO_AIG,Sinker,70,36,8,16,15,3,16,24,4,0,8,1853.6944,0.21612096849838414,0.2222222222222222,0.22857142857142856,0.2,0.1875,77.23726666666667,0.16666666666666666,0.0,0.3333333333333333
"Aldeano, Austin",699054,TRO_AIG,Slider,37,16,7,12,12,0,8,8,3,1,5,644.72573,0.25464511893233266,0.4375,0.32432432432432434,0.0,0.0,80.59071625,0.375,0.125,0.625
"Alfonseca, Pedro",670184,FLO_Y'A,Curveball,3,0,0,0,1,0,1,0,0,0,0,0.0,,,0.0,0.0,0.0,,,,
"Alfonseca, Pedro",670184,FLO_Y'A,Four-Seam,11,2,0,2,0,0,2,1,0,0,0,80.31255,0.15936173493189598,0.0,0.18181818181818182,,0.0,80.31255,0.0,0.0,0.0
"Alfonseca, Pedro",670184,FLO_Y'A,Sinker,3,0,0,0,0,0,1,0,0,0,0,0.0,,,0.0,,0.0,,,,
"Alfonseca, Pedro",670184,FLO_Y'A,Slider,8,1,0,1,2,0,2,1,0,0,1,81.39934,0.4426175647221585,0.0,0.125,0.0,0.0,81.39934,0.0,0.0,1.0
"Allemann, Braeden",1000367619,QUE_CAP,Changeup,8,3,0,0,0,0,2,3,0,0,1,234.86745,0.25482732450286544,0.0,0.0,,0.0,78.28914999999999,0.0,0.0,0.3333333333333333
"Allemann, Braeden",1000367619,QUE_CAP,Curveball,146,56,19,48,61,14,38,31,4,0,12,2494.1285,0.25112891953266636,0.3392857142857143,0.3287671232876712,0.22950819672131148,0.3684210526315789,80.45575806451612,0.12903225806451613,0.0,0.3870967741935484
"Allemann, Braeden",1000367619,QUE_CAP,Cutter,2,0,0,0,0,0,0,0,0,0,0,0.0,,,0.0,,,,,,
"Allemann, Braeden",1000367619,QUE_CAP,Four-Seam,336,152,39,107,90,16,81,102,21,3,40,8462.61228,0.27057516633253503,0.2565789473684211,0.31845238095238093,0.17777777777777778,0.19753086419753085,82.96678705882353,0.20588235294117646,0.029411764705882353,0.39215686274509803
"Allemann, Braeden",1000367619,QUE_CAP,Sinker,29,18,6,8,9,3,14,12,2,1,6,1002.67253,0.29669611792538825,0.3333333333333333,0.27586206896551724,0.3333333333333333,0.21428571428571427,83.55604416666667,0.16666666666666666,0.08333333333333333,0.5
"Allemann, Braeden",1000367619,QUE_CAP,Slider,25,4,0,4,5,0,1,3,0,0,1,236.44421999999997,0.24264437807454067,0.0,0.16,0.0,0.0,78.81473999999999,0.0,0.0,0.3333333333333333
"Allemann, Braeden",1000367619,QUE_CAP,,6,4,1,1,0,0,1,0,0,0,0,0.0,,0.25,0.16666666666666666,,0.0,,,,
"Almanzar, Elian",687038,DOW_EAS1,Curveball,34,15,8,11,19,5,12,6,0,0,1,442.28717,0.1426837248949368,0.5333333333333333,0.3235294117647059,0.2631578947368421,0.4166666666666667,73.71452833333333,0.0,0.0,0.16666666666666666
"Almanzar, Elian",687038,DOW_EAS1,Cutter,1,1,0,0,0,0,1,1,0,0,0,63.83445,0.08457756413748757,0.0,0.0,,0.0,63.83445,0.0,0.0,0.0
"Almanzar, Elian",687038,DOW_EAS1,Four-Seam,147,39,12,39,20,5,30,23,4,0,7,1786.15009,0.19472827122944314,0.3076923076923077,0.2653061224489796,0.25,0.16666666666666666,77.65869956521739,0.17391304347826086,0.0,0.30434782608695654
"Almanzar, Elian",687038,DOW_EAS1,Slider,30,13,5,12,10,3,8,6,1,0,0,485.40174,0.19314674532458076,0.38461538461538464,0.4,0.3,0.375,80.90029,0.16666666666666666,0.0,0.0
"Almanzar, Elian",687038,DOW_EAS1,,1,0,0,0,0,0,0,0,0,0,0,0.0,,,0.0,,,,,,
"Almonte, Dawil",805044,EVA_OTT,Changeup,2,0,0,0,1,0,1,0,0,0,0,0.0,,,0.0,0.0,0.0,,,,
"Almonte, Dawil",805044,EVA_OTT,Curveball,12,4,1,3,7,1,3,2,1,0,0,178.21350999999999,0.22340114110441767,0.25,0.25,0.14285714285714285,0.3333333333333333,89.10675499999999,0.5,0.0,0.0
"Almonte, Dawil",805044,EVA_OTT,Four-Seam,99,44,10,29,28,5,23,29,9,3,13,2483.46386,0.3086399756669632,0.22727272727272727,0.29292929292929293,0.17857142857142858,0.21739130434782608,85.63668482758621,0.3103448275862069,0.10344827586206896,0.4482758620689655
"Almonte, Dawil",805044,EVA_OTT,Slider,28,8,3,4,9,2,4,4,0,0,0,282.95823,0.09685022382226333,0.375,0.14285714285714285,0.2222222222222222,0.5,70.7395575,0.0,0.0,0.0
"Almonte, Lisandro",1000570068,NEW_JER6,Changeup,1,0,0,0,1,0,0,0,0,0,0,0.0,,,0.0,0.0,,,,,
"Almonte, Lisandro",1000570068,NEW_JER6,Four-Seam,91,30,7,23,15,3,23,24,2,0,8,1905.34327,0.2179291692432149,0.23333333333333334,0.25274725274725274,0.2,0.13043478260869565,79.38930291666667,0.08333333333333333,0.0,0.3333333333333333
"Almonte, Lisandro",1000570068,NEW_JER6,Sinker,3,1,0,0,0,0,2,1,1,0,1,107.18754,0.6989066224261699,0.0,0.0,,0.0,107.18754,1.0,0.0,1.0
"Almonte, Lisandro",1000570068,NEW_JER6,Slider,19,3,1,4,5,2,3,2,1,0,1,175.29933,0.3714584947141781,0.3333333333333333,0.21052631578947367,0.4,0.6666666666666666,87.649665,0.5,0.0,0.5
"Alpern, Liam",1000137537,FLO_Y'A,Changeup,41,13,2,8,17,3,8,8,1,0,5,569.82408,0.18642562821232628,0.15384615384615385,0.1951219512195122,0.17647058823529413,0.375,71.22801,0.125,0.0,0.625
"Alpern, Liam",1000137537,FLO_Y'A,Curveball,1,0,0,0,0,0,0,0,0,0,0,0.0,,,0.0,,,,,,
"Alpern, Liam",1000137537,FLO_Y'A,Four-Seam,264,91,18,66,57,10,67,68,8,0,21,5342.32082,0.21619167217485943,0.1978021978021978,0.25,0.17543859649122806,0.14925373134328357,78.56354147058823,0.11764705882352941,0.0,0.3088235294117647
"Alpern, Liam",1000137537,FLO_Y'A,Slider,78,21,3,22,23,5,14,16,2,0,3,1118.83708,0.11259193087253151,0.14285714285714285,0.28205128205128205,0.21739130434782608,0.35714285714285715,69.9273175,0.125,0.0,0.1875
"Alpern, Liam",1000137537,FLO_Y'A,Sweeper,1,1,1,1,0,0,0,0,0,0,0,0.0,,1.0,1.0,,,,,,
"Anderson, Colt",1000456740,OTT_TIT,Changeup,42,18,6,10,10,2,10,10,1,0,1,786.52258,0.21250219666909792,0.3333333333333333,0.23809523809523808,0.2,0.2,78.65225799999999,0.1,0.0,0.1
"Anderson, Colt",1000456740,OTT_TIT,Curveball,28,12,2,4,6,0,8,10,3,2,3,848.40827,0.2550722833025603,0.16666666666666666,0.14285714285714285,0.0,0.0,84.840827,0.3,0.2,0.3
"Anderson, Colt",1000456740,OTT_TIT,Cutter,3,1,0,0,0,0,0,1,0,0,0,91.37386,0.32317881047786856,0.0,0.0,,,91.37386,0.0,0.0,0.0
"Anderson, Colt",1000456740,OTT_TIT,Four-Seam,46,19,4,12,7,2,13,14,1,0,5,1167.74989,0.2818946201820822,0.21052631578947367,0.2608695652173913,0.2857142857142857,0.15384615384615385,83.41070642857143,0.07142857142857142,0.0,0.35714285714285715
"Anderson, Colt",1000456740,OTT_TIT,Sinker,24,13,4,11,6,2,3,8,0,0,3,591.22435,0.17548436725873556,0.3076923076923077,0.4583333333333333,0.3333333333333333,0.6666666666666666,73.90304375,0.0,0.0,0.375
"Anderson, Colt",1000456740,OTT_TIT,Slider,4,2,0,0,3,0,2,1,0,0,0,81.94173,0.25631883309890036,0.0,0.0,0.0,0.0,81.94173,0.0,0.0,0.0
"Anderson, Colt",1000568252,WAS_WIL3,Changeup,26,11,3,5,5,0,5,7,3,1,3,597.85941,0.28741168359998065,0.2727272727272727,0.19230769230769232,0.0,0.0,85.40848714285714,0.42857142857142855,0.14285714285714285,0.42857142857142855
"Anderson, Colt",1000568252,WAS_WIL3,Curveball,11,0,0,2,3,0,0,0,0,0,0,0.0,,,0.18181818181818182,0.0,,,,,
"Anderson, Colt",1000568252,WAS_WIL3,Four-Seam,107,51,10,33,25,7,33,37,5,1,15,2698.95129,0.2355652683028634,0.19607843137254902,0.308411214953271,0.28,0.21212121212121213,72.94462945945946,0.13513513513513514,0.02702702702702703,0.40540540540540543
"Anderson, Colt",1000568252,WAS_WIL3,Sinker,13,6,1,2,4,1,4,5,0,0,3,432.59346,0.33368858386342365,0.16666666666666666,0.15384615384615385,0.25,0.25,86.518692,0.0,0.0,0.6
"Anderson, Colt",1000568252,WAS_WIL3,Slider,7,3,1,2,1,0,1,2,0,0,1,122.33909,0.13566419314776895,0.3333333333333333,0.2857142857142857,0.0,0.0,61.169545,0.0,0.0,0.5
"Anderson, Nathan",1000570089,EVA_OTT,Changeup,16,8,2,4,9,2,5,4,0,0,0,269.41914,0.08578847633539277,0.25,0.25,0.2222222222222222,0.4,67.354785,0.0,0.0,0.0
"Anderson, Nathan",1000570089,EVA_OTT,Curveball,9,3,2,5,1,0,0,0,0,0,0,0.0,,0.6666666666666666,0.5555555555555556,0.0,,,,,
"Anderson, Nathan",1000570089,EVA_OTT,Cutter,2,1,1,2,1,1,1,0,0,0,0,0.0,,1.0,1.0,1.0,1.0,,,,
"Anderson, Nathan",1000570089,EVA_OTT,Four-Seam,52,23,1,10,11,2,19,18,3,0,8,1468.43849,0.28975664118366035,0.043478260869565216,0.19230769230769232,0.18181818181818182,0.10526315789473684,81.57991611111112,0.16666666666666666,0.0,0.4444444444444444
"Anderson, Nathan",1000570089,EVA_OTT,Slider,19,10,3,8,4,1,5,7,3,0,3,582.54523,0.3736422321532009,0.3,0.42105263157894735,0.25,0.2,83.22074714285714,0.42857142857142855,0.0,0.42857142857142855
"Andueza, Axel",672847,DOW_EAS1,Changeup,54,24,7,12,21,4,20,14,2,0,5,1134.09475,0.2433572282867573,0.2916666666666667,0.2222222222222222,0.19047619047619047,0.2,81.00676785714286,0.14285714285714285,0.0,0.35714285714285715
"Andueza, Axel",672847,DOW_EAS1,Curveball,118,45,10,36,25,2,26,30,5,1,13,2382.97029,0.24758797214659015,0.2222222222222222,0.3050847457627119,0.08,0.07692307692307693,79.432343,0.16666666666666666,0.03333333333333333,0.43333333333333335
"Andueza, Axel",672847,DOW_EAS1,Four-Seam,267,135,18,59,83,10,59,93,12,1,29,7448.89038,0.22954481262421528,0.13333333333333333,0.2209737827715356,0.12048192771084337,0.1694915254237288,80.09559548387097,0.12903225806451613,0.010752688172043012,0.3118279569892473
"Andueza, Axel",672847,DOW_EAS1,Sinker,46,18,3,14,8,1,9,14,3,0,1,1201.78424,0.2497743967841159,0.16666666666666666,0.30434782608695654,0.125,0.1111111111111111,85.84173142857142,0.21428571428571427,0.0,0.07142857142857142
"Andueza, Axel",672847,DOW_EAS1,Slider,61,28,10,21,21,5,22,16,3,0,6,1363.1791699999999,0.2968464492830104,0.35714285714285715,0.3442622950819672,0.23809523809523808,0.22727272727272727,85.19869812499999,0.1875,0.0,0.375
"Andueza, Axel",672847,DOW_EAS1,Splitter,29,9,6,7,14,4,7,3,1,1,2,271.72972,0.37358933393890753,0.6666666666666666,0.2413793103448276,0.2857142857142857,0.5714285714285714,90.57657333333333,0.3333333333333333,0.3333333333333333,0.6666666666666666
"Andueza, Axel",672847,DOW_EAS1,,2,1,1,1,0,0,0,0,0,0,0,0.0,,1.0,0.5,,,,,,
"Anibal, Trevor",822669,NEW_ENG23,Changeup,11,6,4,4,2,2,2,1,0,0,1,82.32112,0.44011553346395893,0.6666666666666666,0.36363636363636365,1.0,1.0,82.32112,0.0,0.0,1.0
"Anibal, Trevor",822669,NEW_ENG23,Curveball,71,25,7,17,38,8,20,15,3,0,6,1113.65919,0.23301706877844555,0.28,0.23943661971830985,0.21052631578947367,0.4,74.24394600000001,0.2,0.0,0.4
"Anibal, Trevor",822669,NEW_ENG23,Cutter,13,6,1,1,0,0,2,2,0,0,1,163.66453,0.3151791287646863,0.16666666666666666,0.07692307692307693,,0.0,81.832265,0.0,0.0,0.5
"Anibal, Trevor",822669,NEW_ENG23,Four-Seam,156,87,24,54,31,7,45,57,12,2,22,4718.23703,0.3140873604474633,0.27586206896551724,0.34615384615384615,0.22580645161290322,0.15555555555555556,82.77608824561403,0.21052631578947367,0.03508771929824561,0.38596491228070173
"Anibal, Trevor",822669,NEW_ENG23,Sinker,8,3,1,2,0,0,2,2,1,1,2,175.86223999999999,0.2952596327613972,0.3333333333333333,0.25,,0.0,87.93111999999999,0.5,0.5,1.0
"Anibal, Trevor",822669,NEW_ENG23,Slider,2,1,1,1,0,0,0,0,0,0,0,0.0,,1.0,0.5,,,,,,
"Anibal, Trevor",822669,NEW_ENG23,,5,1,0,0,0,0,2,0,0,0,0,0.0,,0.0,0.0,,0.0,,,,
"Armbruester, Will",687006,WIN_CIT29,,1,1,0,0,0,0,1,0,0,0,0,0.0,,0.0,0.0,,0.0,,,,
"Armstrong, Adrein",10286042,NEW_YOR13,Curveball,3,2,1,1,1,0,1,1,0,0,1,70.91713,0.051477856693682045,0.5,0.3333333333333333,0.0,0.0,70.91713,0.0,0.0,1.0
"Armstrong, Adrein",10286042,NEW_YOR13,Four-Seam,9,3,0,1,4,0,1,1,0,0,1,75.08869,0.1031684248281376,0.0,0.1111111111111111,0.0,0.0,75.08869,0.0,0.0,1.0
"Armstrong, Adrein",10286042,NEW_YOR13,Sinker,1,0,0,1,0,0,0,0,0,0,0,0.0,,,1.0,,,,,,
"Armstrong, Adrein",10286042,NEW_YOR13,Slider,7,4,4,4,4,2,2,0,0,0,0,0.0,,1.0,0.5714285714285714,0.5,1.0,,,,
"Armstrong, Andrew",803262,NEW_YOR13,Changeup,14,7,1,2,5,0,4,4,2,1,1,308.96213,0.3341406535065593,0.14285714285714285,0.14285714285714285,0.0,0.0,77.2405325,0.5,0.25,0.25
"Armstrong, Andrew",803262,NEW_YOR13,Curveball,6,0,0,1,1,0,0,0,0,0,0,0.0,,,0.16666666666666666,0.0,,,,,
"Armstrong, Andrew",803262,NEW_YOR13,Cutter,1,1,0,0,1,0,0,1,0,0,0,73.65909,0.0,0.0,0.0,0.0,,73.65909,0.0,0.0,0.0
"Armstrong, Andrew",803262,NEW_YOR13,Four-Seam,73,39,13,26,27,7,26,23,4,0,12,1922.67963,0.32048673223817187,0.3333333333333333,0.3561643835616438,0.25925925925925924,0.2692307692307692,83.59476652173913,0.17391304347826086,0.0,0.5217391304347826
"Armstrong, Andrew",803262,NEW_YOR13,Sinker,67,31,6,22,18,3,14,22,4,0,4,1775.58339,0.24876758392933668,0.1935483870967742,0.3283582089552239,0.16666666666666666,0.21428571428571427,80.7083359090909,0.18181818181818182,0.0,0.18181818181818182
"Armstrong, Andrew",803262,NEW_YOR13,Slider,68,29,11,20,31,5,11,13,1,0,4,979.55623,0.22348473496676574,0.3793103448275862,0.29411764705882354,0.16129032258064516,0.45454545454545453,75.35047923076924,0.07692307692307693,0.0,0.3076923076923077
"Armstrong, Andrew",803262,NEW_YOR13,Splitter,1,0,0,1,0,0,0,0,0,0,0,0.0,,,1.0,,,,,,
"Armstrong, Andrew",803262,NEW_YOR13,,1,0,0,0,0,0,0,0,0,0,0,0.0,,,0.0,,,,,,
"Austin, Zack",813186,SUS_COU1,Curveball,7,1,1,3,3,2,2,0,0,0,0,0.0,,1.0,0.42857142857142855,0.6666666666666666,1.0,,,,
"Austin, Zack",813186,SUS_COU1,Cutter,9,3,1,1,0,0,3,2,0,0,1,154.81561,0.15297609874713333,0.3333333333333333,0.1111111111111111,,0.0,77.407805,0.0,0.0,0.5
"Austin, Zack",813186,SUS_COU1,Four-Seam,59,20,4,18,18,1,13,11,1,1,5,886.8724,0.24668512794897177,0.2,0.3050847457627119,0.05555555555555555,0.07692307692307693,80.62476363636364,0.09090909090909091,0.09090909090909091,0.45454545454545453
"Austin, Zack",813186,SUS_COU1,Sinker,5,0,0,1,0,0,0,0,0,0,0,0.0,,,0.2,,,,,,
"Austin, Zack",813186,SUS_COU1,Slider,41,14,5,9,15,3,7,4,0,0,1,316.13475,0.2856651539257936,0.35714285714285715,0.21951219512195122,0.2,0.42857142857142855,79.0336875,0.0,0.0,0.25
"Austin, Zack",813186,SUS_COU1,,1,0,0,0,0,0,0,0,0,0,0,0.0,,,0.0,,,,,,
"Baird, Dustin",1000027580,MIS_MUD,Curveball,1,1,1,1,0,0,0,0,0,0,0,0.0,,1.0,1.0,,,,,,
"Baird, Dustin",1000027580,MIS_MUD,Cutter,47,30,9,12,18,1,11,14,3,1,4,1145.58145,0.24055123779781853,0.3,0.2553191489361702,0.05555555555555555,0.09090909090909091,81.82724642857143,0.21428571428571427,0.07142857142857142,0.2857142857142857
"Baird, Dustin",1000027580,MIS_MUD,Four-Seam,81,24,3,20,15,1,19,20,2,1,8,1584.64163,0.24865819945489873,0.125,0.24691358024691357,0.06666666666666667,0.05263157894736842,79.2320815,0.1,0.05,0.4
"Baird, Dustin",1000027580,MIS_MUD,Sinker,49,18,1,9,5,1,15,14,4,0,10,1199.37738,0.3753493178072504,0.05555555555555555,0.1836734693877551,0.2,0.06666666666666667,85.66981285714284,0.2857142857142857,0.0,0.7142857142857143
"Baird, Dustin",1000027580,MIS_MUD,Slider,57,23,8,19,22,6,16,10,2,0,2,757.05236,0.2119157234838034,0.34782608695652173,0.3333333333333333,0.2727272727272727,0.375,75.705236,0.2,0.0,0.2
"Baird, Dustin",1000027580,MIS_MUD,Sweeper,9,5,1,3,4,0,2,3,0,0,1,240.87466999999998,0.21931919865654725,0.2,0.3333333333333333,0.0,0.0,80.29155666666666,0.0,0.0,0.3333333333333333
"Baker, Luke",694914,EVA_OTT,Changeup,7,4,1,1,2,1,2,3,1,0,0,244.21862,0.20619149552407057,0.25,0.14285714285714285,0.5,0.5,81.40620666666666,0.3333333333333333,0.0,0.0
"Baker, Luke",694914,EVA_OTT,Curveball,59,22,6,23,19,4,13,11,2,0,2,913.59812,0.24560017036190027,0.2727272727272727,0.3898305084745763,0.21052631578947367,0.3076923076923077,83.05437454545455,0.18181818181818182,0.0,0.18181818181818182
"Baker, Luke",694914,EVA_OTT,Cutter,18,7,2,5,6,0,4,3,3,0,2,295.52263,0.5309258114470626,0.2857142857142857,0.2777777777777778,0.0,0.0,98.50754333333333,1.0,0.0,0.6666666666666666
"Baker, Luke",694914,EVA_OTT,Four-Seam,87,40,5,15,31,3,25,30,7,0,10,2526.61006,0.3080919861111108,0.125,0.1724137931034483,0.0967741935483871,0.12,84.22033533333334,0.23333333333333334,0.0,0.3333333333333333
"Baker, Luke",694914,EVA_OTT,Sinker,2,1,1,2,0,0,0,0,0,0,0,0.0,,1.0,1.0,,,,,,
"Baker, Luke",694914,EVA_OTT,Slider,21,9,4,11,7,3,5,2,0,0,0,160.6872,0.1758011691642316,0.4444444444444444,0.5238095238095238,0.42857142857142855,0.6,80.3436,0.0,0.0,0.0
"Baker, Luke",694914,EVA_OTT,Sweeper,3,1,1,1,2,1,1,0,0,0,0,0.0,,1.0,0.3333333333333333,0.5,1.0,,,,
"Balzan, Jackson",827496,SUS_COU1,Changeup,198,105,31,52,65,14,64,61,10,2,22,4642.71137,0.23176511648969694,0.29523809523809524,0.26262626262626265,0.2153846153846154,0.21875,76.11002245901639,0.16393442622950818,0.03278688524590164,0.36065573770491804
"Balzan, Jackson",827496,SUS_COU1,Curveball,56,20,7,16,20,3,9,10,2,0,2,795.63013,0.20523968702314374,0.35,0.2857142857142857,0.15,0.3333333333333333,79.563013,0.2,0.0,0.2
"Balzan, Jackson",827496,SUS_COU1,Cutter,1,0,0,0,1,0,0,0,0,0,0,0.0,,,0.0,0.0,,,,,
"Balzan, Jackson",827496,SUS_COU1,Four-Seam,166,76,9,43,33,5,47,65,16,4,22,5450.12096,0.27314444053142484,0.11842105263157894,0.25903614457831325,0.15151515151515152,0.10638297872340426,83.84801476923077,0.24615384615384617,0.06153846153846154,0.3384615384615385
"Balzan, Jackson",827496,SUS_COU1,Sinker,92,41,5,28,19,1,15,30,4,1,9,2382.14909,0.22615258174442493,0.12195121951219512,0.30434782608695654,0.05263157894736842,0.06666666666666667,79.40496966666666,0.13333333333333333,0.03333333333333333,0.3
"Balzan, Jackson",827496,SUS_COU1,Slider,45,20,10,11,14,5,12,10,0,0,4,699.68744,0.1875620738252405,0.5,0.24444444444444444,0.35714285714285715,0.4166666666666667,69.968744,0.0,0.0,0.4
"Balzan, Jackson",827496,SUS_COU1,Splitter,18,8,1,3,2,0,8,7,2,0,2,617.93745,0.31745628451031643,0.125,0.16666666666666666,0.0,0.0,88.27677857142858,0.2857142857142857,0.0,0.2857142857142857
"Balzan, Jackson",827496,SUS_COU1,,2,0,0,0,0,0,0,0,0,0,0,0.0,,,0.0,,,,,,
"Barbarino, Joe",1000161287,FDU_KNI,Changeup,16,7,2,4,2,1,4,3,2,0,0,274.51515,0.28998255352172736,0.2857142857142857,0.25,0.5,0.25,91.50505,0.6666666666666666,0.0,0.0
"Barbarino, Joe",1000161287,FDU_KNI,Curveball,3,0,0,0,1,0,0,0,0,0,0,0.0,,,0.0,0.0,,,,,
"Barbarino, Joe",1000161287,FDU_KNI,Cutter,3,0,0,1,0,0,1,0,0,0,0,0.0,,,0.3333333333333333,,0.0,,,,
"Barbarino, Joe",1000161287,FDU_KNI,Four-Seam,19,7,0,3,4,1,6,8,2,0,0,722.05695,0.24339825739280693,0.0,0.15789473684210525,0.25,0.16666666666666666,90.25711875,0.25,0.0,0.0
"Barbarino, Joe",1000161287,FDU_KNI,Sinker,5,0,0,2,0,0,0,0,0,0,0,0.0,,,0.4,,,,,,
"Barbarino, Joe",1000161287,FDU_KNI,Slider,9,1,0,0,0,0,1,1,0,0,1,61.64243,0.22140004634903931,0.0,0.0,,0.0,61.64243,0.0,0.0,1.0
"Barbieri, Francesco",828601,TRO_AIG,Changeup,1,1,0,0,1,0,1,1,1,0,0,96.75172,0.3328585256853428,0.0,0.0,0.0,0.0,96.75172,1.0,0.0,0.0
"Barbieri, Francesco",828601,TRO_AIG,Curveball,1,1,0,0,0,0,0,1,0,0,1,82.99808,0.47192319044386666,0.0,0.0,,,82.99808,0.0,0.0,1.0
"Barbieri, Francesco",828601,TRO_AIG,Four-Seam,5,5,0,0,0,0,4,0,0,0,0,0.0,,0.0,0.0,,0.0,,,,
"Barbieri, Francesco",828601,TRO_AIG,Other,1,0,0,0,0,0,0,0,0,0,0,0.0,,,0.0,,,,,,
"Barbieri, Francesco",828601,TRO_AIG,,12,6,1,2,3,0,4,0,0,0,0,0.0,,0.16666666666666666,0.16666666666666666,0.0,0.0,,,,
"Bargo, Casey",1000057987,FLO_Y'A,Changeup,13,9,2,2,9,2,3,3,1,0,0,251.70826,0.3087527671219685,0.2222222222222222,0.15384615384615385,0.2222222222222222,0.6666666666666666,83.90275333333334,0.3333333333333333,0.0,0.0
"Bargo, Casey",1000057987,FLO_Y'A,Curveball,15,6,3,7,3,3,5,2,1,0,0,169.61027,0.24023848055022948,0.5,0.4666666666666667,1.0,0.6,84.805135,0.5,0.0,0.0
"Bargo, Casey",1000057987,FLO_Y'A,Cutter,6,1,0,1,1,0,2,0,0,0,0,0.0,,0.0,0.16666666666666666,0.0,0.0,,,,
"Bargo, Casey",1000057987,FLO_Y'A,Four-Seam,58,25,11,19,19,4,9,12,0,0,6,944.97581,0.24975854146437226,0.44,0.3275862068965517,0.21052631578947367,0.4444444444444444,78.74798416666667,0.0,0.0,0.5
"Bargo, Casey",1000057987,FLO_Y'A,Sinker,62,33,10,16,16,3,16,20,3,1,6,1607.95633,0.2098360440373527,0.30303030303030304,0.25806451612903225,0.1875,0.1875,80.3978165,0.15,0.05,0.3
"Bargo, Casey",1000057987,FLO_Y'A,Slider,36,14,3,12,11,2,12,9,2,0,1,734.05689,0.21556367812724408,0.21428571428571427,0.3333333333333333,0.18181818181818182,0.16666666666666666,81.56187666666666,0.2222222222222222,0.0,0.1111111111111111
"Bargo, Casey",1000057987,FLO_Y'A,,1,0,0,0,0,0,0,0,0,0,0,0.0,,,0.0,,,,,,
"Bargo, Casey",1000492781,NEW_ENG23,Changeup,31,13,6,8,15,3,7,4,0,0,0,306.69258,0.17048283454240748,0.46153846153846156,0.25806451612903225,0.2,0.42857142857142855,76.673145,0.0,0.0,0.0
"Bargo, Casey",1000492781,NEW_ENG23,Curveball,5,2,0,1,2,0,1,2,0,0,0,162.89216,0.24843536658600462,0.0,0.2,0.0,0.0,81.44608,0.0,0.0,0.0
"Bargo, Casey",1000492781,NEW_ENG23,Cutter,23,9,1,7,4,2,8,8,2,1,5,671.67714,0.33642713086143355,0.1111111111111111,0.30434782608695654,0.5,0.25,83.9596425,0.25,0.125,0.625
"Bargo, Casey",1000492781,NEW_ENG23,Four-Seam,147,66,10,32,31,4,37,45,13,1,14,3620.61414,0.2522735132185635,0.15151515151515152,0.21768707482993196,0.12903225806451613,0.10810810810810811,80.45809200000001,0.28888888888888886,0.022222222222222223,0.3111111111111111
"Bargo, Casey",1000492781,NEW_ENG23,Sinker,25,11,4,9,6,2,7,6,1,1,3,485.85953,0.3049557006825275,0.36363636363636365,0.36,0.3333333333333333,0.2857142857142857,80.97658833333334,0.16666666666666666,0.16666666666666666,0.5
"Bargo, Casey",1000492781,NEW_ENG23,Slider,56,25,7,17,22,4,10,16,0,0,2,1194.26801,0.1773972015377601,0.28,0.30357142857142855,0.18181818181818182,0.4,74.641750625,0.0,0.0,0.125
"Barker, Alex",1000106691,NEW_YOR13,Changeup,65,27,12,13,12,1,10,11,3,1,2,903.70869,0.2909063903600204,0.4444444444444444,0.2,0.08333333333333333,0.1,82.15533545454547,0.2727272727272727,0.09090909090909091,0.18181818181818182
"Barker, Alex",1000106691,NEW_YOR13,Curveball,66,22,3,19,9,1,12,18,2,0,6,1430.924,0.22800153100301157,0.13636363636363635,0.2878787878787879,0.1111111111111111,0.08333333333333333,79.49577777777777,0.1111111111111111,0.0,0.3333333333333333
"Barker, Alex",1000106691,NEW_YOR13,Cutter,13,6,1,3,1,1,6,3,1,0,1,270.14494,0.34890016160011905,0.16666666666666666,0.23076923076923078,1.0,0.16666666666666666,90.04831333333334,0.3333333333333333,0.0,0.3333333333333333
"Barker, Alex",1000106691,NEW_YOR13,Four-Seam,161,81,9,38,48,3,47,62,14,1,23,5214.02991,0.29840098998848846,0.1111111111111111,0.2360248447204969,0.0625,0.06382978723404255,84.09725661290322,0.22580645161290322,0.016129032258064516,0.3709677419354839
"Barker, Alex",1000106691,NEW_YOR13,Sinker,25,10,1,6,2,1,10,7,1,0,2,586.82956,0.26947172611666365,0.1,0.24,0.5,0.1,83.83279428571429,0.14285714285714285,0.0,0.2857142857142857
"Barker, Alex",1000106691,NEW_YOR13,Slider,92,44,16,31,31,7,24,24,6,0,9,1994.6391800000001,0.29544691568004827,0.36363636363636365,0.33695652173913043,0.22580645161290322,0.2916666666666667,83.10996583333333,0.25,0.0,0.375
"Barker, Alex",1000106691,NEW_YOR13,,5,0,0,2,0,0,0,0,0,0,0,0.0,,,0.4,,,,,,
"Barraza, Chris",696511,MIS_MUD,Changeup,1,1,0,0,1,0,0,0,0,0,0,0.0,,0.0,0.0,0.0,,,,,
"Barraza, Chris",696511,MIS_MUD,Four-Seam,321,145,55,105,92,26,72,82,12,0,26,6500.83737,0.20033962981888187,0.3793103448275862,0.32710280373831774,0.2826086956521739,0.3611111111111111,79.27850451219513,0.14634146341463414,0.0,0.3170731707317073
"Barraza, Chris",696511,MIS_MUD,Sinker,1,0,0,1,1,1,1,0,0,0,0,0.0,,,1.0,1.0,1.0,,,,
"Barraza, Chris",696511,MIS_MUD,Slider,24,15,4,6,12,3,6,11,1,0,2,800.08119,0.12737175584192506,0.26666666666666666,0.25,0.25,0.5,72.73465363636363,0.09090909090909091,0.0,0.18181818181818182
"Barraza, Chris",696511,MIS_MUD,,1,0,0,1,0,0,0,0,0,0,0,0.0,,,1.0,,,,,,
"Barreto, Brayhans",810980,TRI_VAL,Changeup,108,38,15,28,19,4,30,23,2,0,8,1755.19681,0.22722567973029564,0.39473684210526316,0.25925925925925924,0.21052631578947367,0.13333333333333333,76.3129047826087,0.08695652173913043,0.0,0.34782608695652173
"Barreto, Brayhans",810980,TRI_VAL,Curveball,45,14,4,13,11,1,5,6,1,0,2,429.56804,0.13609899699563147,0.2857142857142857,0.28888888888888886,0.09090909090909091,0.2,71.59467333333333,0.16666666666666666,0.0,0.3333333333333333
"Barreto, Brayhans",810980,TRI_VAL,Cutter,3,1,0,0,0,0,2,1,0,0,1,84.79653,0.19692687571645517,0.0,0.0,,0.0,84.79653,0.0,0.0,1.0
"Barreto, Brayhans",810980,TRI_VAL,Four-Seam,87,34,3,16,21,2,22,28,6,0,11,2345.77342,0.2877896670911247,0.08823529411764706,0.1839080459770115,0.09523809523809523,0.09090909090909091,83.77762214285714,0.21428571428571427,0.0,0.39285714285714285
"Barreto, Brayhans",810980,TRI_VAL,Sinker,87,37,5,18,20,2,28,29,5,1,10,2342.50661,0.25985590141204146,0.13513513513513514,0.20689655172413793,0.1,0.07142857142857142,80.77609,0.1724137931034483,0.034482758620689655,0.3448275862068966
"Barreto, Brayhans",810980,TRI_VAL,Slider,51,27,3,9,16,0,9,16,2,0,7,1301.28514,0.28930191177533304,0.1111111111111111,0.17647058823529413,0.0,0.0,81.33032125,0.125,0.0,0.4375
"Barreto, Brayhans",810980,TRI_VAL,,4,1,0,1,1,0,2,0,0,0,0,0.0,,0.0,0.25,0.0,0.0,,,,
"Barron, Oscar",10163170,TES_BLA1,Changeup,266,0,0,0,0,0,0,60,1,0,28,4394.48837,0.20715108325288886,,0.0,,,73.24147283333333,0.016666666666666666,0.0,0.4666666666666667
"Barron, Oscar",10163170,TES_BLA1,Curveball,153,0,0,0,0,0,0,27,0,0,13,1830.0002299999999,0.13043654046728131,,0.0,,,67.7777862962963,0.0,0.0,0.48148148148148145
"Barron, Oscar",10163170,TES_BLA1,Four-Seam,9,0,0,0,0,0,0,2,0,0,1,138.60784999999998,0.20341147115226477,,0.0,,,69.30392499999999,0.0,0.0,0.5
"Barron, Oscar",10163170,TES_BLA1,Other,9,0,0,0,0,0,0,2,0,0,0,108.99386,0.03118467551804982,,0.0,,,54.49693,0.0,0.0,0.0
"Barron, Oscar",10163170,TES_BLA1,Slider,4,0,0,0,0,0,0,1,0,0,1,64.98816,0.12310434431333006,,0.0,,,64.98816,0.0,0.0,1.0
"Barron, Oscar",10163170,TES_BLA2,Changeup,364,0,0,0,0,0,0,65,3,1,14,4837.6852,0.1862225921344949,,0.0,,,74.42592615384615,0.046153846153846156,0.015384615384615385,0.2153846153846154
"Barron, Oscar",10163170,TES_BLA2,Curveball,223,0,0,0,0,0,0,42,4,0,19,3090.37574,0.22289632065374343,,0.0,,,73.58037476190476,0.09523809523809523,0.0,0.4523809523809524
"Barron, Oscar",10163170,TES_BLA2,Cutter,3,0,0,0,0,0,0,0,0,0,0,0.0,,,0.0,,,,,,
"Barron, Oscar",10163170,TES_BLA2,Four-Seam,64,0,0,0,0,0,0,10,0,0,4,739.92171,0.16268846255486738,,0.0,,,73.992171,0.0,0.0,0.4
"Barron, Oscar",10163170,TES_BLA2,Other,5,0,0,0,0,0,0,0,0,0,0,0.0,,,0.0,,,,,,
"Barron, Oscar",10163170,TES_BLA2,Sinker,1,0,0,0,0,0,0,0,0,0,0,0.0,,,0.0,,,,,,
"Barron, Oscar",10163170,TES_BLA2,Slider,81,0,0,0,0,0,0,13,0,0,4,940.75551,0.1482143684128428,,0.0,,,72.36580846153846,0.0,0.0,0.3076923076923077
"Bartek, Derek",10108978,FDU_KNI,Changeup,4,1,0,1,1,0,1,1,0,0,0,87.67011,0.2399056349716917,0.0,0.25,0.0,0.0,87.67011,0.0,0.0,0.0
"Bartek, Derek",10108978,FDU_KNI,Curveball,9,2,0,1,2,0,3,2,0,0,1,154.95436999999998,0.19622649887074486,0.0,0.1111111111111111,0.0,0.0,77.47718499999999,0.0,0.0,0.5
"Bartek, Derek",10108978,FDU_KNI,Four-Seam,14,6,1,3,4,0,3,5,1,0,0,430.39132,0.18288202166894152,0.16666666666666666,0.21428571428571427,0.0,0.0,86.078264,0.2,0.0,0.0
"Bartek, Derek",10108978,FDU_KNI,Slider,3,1,0,0,0,0,0,1,0,0,0,74.70218,0.0752683569025081,0.0,0.0,,,74.70218,0.0,0.0,0.0
"Bassi, Nick",1000094433,NIU_HUS,Four-Seam,17,8,2,4,6,1,3,6,1,0,2,503.59928,0.20354872236314137,0.25,0.23529411764705882,0.16666666666666666,0.3333333333333333,83.93321333333334,0.16666666666666666,0.0,0.3333333333333333
"Bassi, Nick",1000094433,NIU_HUS,Slider,3,1,0,1,2,1,1,1,0,0,0,71.52909,0.07311936175434852,0.0,0.3333333333333333,0.5,1.0,71.52909,0.0,0.0,0.0
"Bauer, Patrick",10998513,QUE_CAP,Changeup,11,9,2,2,3,0,2,4,1,0,1,298.05818,0.20349643005568907,0.2222222222222222,0.18181818181818182,0.0,0.0,74.514545,0.25,0.0,0.25
"Bauer, Patrick",10998513,QUE_CAP,Curveball,13,8,6,7,7,5,6,2,0,0,1,162.67886,0.33541825561337835,0.75,0.5384615384615384,0.7142857142857143,0.8333333333333334,81.33943,0.0,0.0,0.5
"Bauer, Patrick",10998513,QUE_CAP,Four-Seam,43,17,4,14,13,4,10,12,0,0,3,837.05593,0.14323083115145127,0.23529411764705882,0.32558139534883723,0.3076923076923077,0.4,69.75466083333333,0.0,0.0,0.25
"Bauer, Patrick",10998513,QUE_CAP,Sinker,2,1,0,0,1,0,0,0,0,0,0,0.0,,0.0,0.0,0.0,,,,,
"Bauer, Patrick",10998513,QUE_CAP,Slider,12,4,1,7,1,0,3,2,1,0,0,184.73287,0.3528214107343584,0.25,0.5833333333333334,0.0,0.0,92.366435,0.5,0.0,0.0
"Bauer, Patrick",10998513,QUE_CAP,Splitter,1,0,0,0,0,0,0,0,0,0,0,0.0,,,0.0,,,,,,
"Baugh, Austin",1000161772,JOL_SLA,Changeup,23,11,2,5,10,0,7,6,0,0,0,392.76599,0.09235076673434771,0.18181818181818182,0.21739130434782608,0.0,0.0,65.46099833333334,0.0,0.0,0.0
"Baugh, Austin",1000161772,JOL_SLA,Curveball,10,4,2,4,1,0,2,2,0,0,0,147.41333,0.1879878640670128,0.5,0.4,0.0,0.0,73.706665,0.0,0.0,0.0
"Baugh, Austin",1000161772,JOL_SLA,Four-Seam,1,0,0,0,1,0,0,0,0,0,0,0.0,,,0.0,0.0,,,,,
"Baugh, Austin",1000161772,JOL_SLA,Sinker,17,8,0,3,3,0,5,7,0,0,0,534.24429,0.11092994548075039,0.0,0.17647058823529413,0.0,0.0,76.32061285714285,0.0,0.0,0.0
"Baugh, Austin",1000161772,JOL_SLA,Slider,30,12,4,8,12,3,7,5,1,0,1,400.30804,0.13533519257462576,0.3333333333333333,0.26666666666666666,0.25,0.42857142857142855,80.061608,0.2,0.0,0.2
"Beadle, Zach",1000238536,WIN_CIT29,Changeup,9,1,0,0,1,0,1,3,0,0,1,252.1016,0.29863923737875825,0.0,0.0,0.0,0.0,84.03386666666667,0.0,0.0,0.3333333333333333
"Beadle, Zach",1000238536,WIN_CIT29,Four-Seam,14,1,0,2,1,1,1,3,0,0,1,235.39067,0.2660796287257654,0.0,0.14285714285714285,1.0,1.0,78.46355666666666,0.0,0.0,0.3333333333333333
"Beadle, Zach",1000238536,WIN_CIT29,Sinker,11,2,1,1,0,0,1,4,0,0,0,334.28818,0.21257667594211416,0.5,0.09090909090909091,,0.0,83.572045,0.0,0.0,0.0
"Beadle, Zach",1000238536,WIN_CIT29,Slider,3,0,0,0,0,0,0,0,0,0,0,0.0,,,0.0,,,,,,
"Bell, Brendan",681141,NEW_ENG23,Changeup,55,17,3,10,2,0,12,13,4,0,2,1068.3904,0.21844475563794008,0.17647058823529413,0.18181818181818182,0.0,0.0,82.18387692307692,0.3076923076923077,0.0,0.15384615384615385
"Bell, Brendan",681141,NEW_ENG23,Curveball,13,1,1,2,4,2,4,0,0,0,0,0.0,,1.0,0.15384615384615385,0.5,0.5,,,,
"Bell, Brendan",681141,NEW_ENG23,Cutter,30,15,6,11,5,3,10,8,1,0,1,630.47303,0.21227771114095634,0.4,0.36666666666666664,0.6,0.3,78.80912875,0.125,0.0,0.125
"Bell, Brendan",681141,NEW_ENG23,Four-Seam,92,30,1,17,7,1,26,26,4,0,7,2037.65058,0.2628409449791976,0.03333333333333333,0.18478260869565216,0.14285714285714285,0.038461538461538464,78.37117615384615,0.15384615384615385,0.0,0.2692307692307692
"Bell, Brendan",681141,NEW_ENG23,Sinker,4,3,0,0,0,0,4,3,0,0,2,270.12459,0.4549959775507426,0.0,0.0,,0.0,90.04153000000001,0.0,0.0,0.6666666666666666
"Bell, Brendan",681141,NEW_ENG23,Slider,27,9,3,7,9,3,7,5,1,0,2,430.18613,0.3128669474489211,0.3333333333333333,0.25925925925925924,0.3333333333333333,0.42857142857142855,86.037226,0.2,0.0,0.4
"Bell, Brendan",681141,NEW_ENG23,Splitter,18,10,1,2,6,0,6,8,0,0,2,643.70425,0.2649317478031169,0.1,0.1111111111111111,0.0,0.0,80.46303125,0.0,0.0,0.25
"Bell, Brendan",681141,NEW_ENG23,,2,2,0,0,0,0,1,0,0,0,0,0.0,,0.0,0.0,,0.0,,,,
"Bell, Jacob",1000200105,SCH_BOO,Changeup,22,9,3,7,3,1,6,5,2,1,3,444.21047,0.4250841048131056,0.3333333333333333,0.3181818181818182,0.3333333333333333,0.16666666666666666,88.842094,0.4,0.2,0.6
"Bell, Jacob",1000200105,SCH_BOO,Curveball,14,5,2,7,0,0,2,2,0,0,2,145.57637999999997,0.16269788528923024,0.4,0.5,,0.0,72.78818999999999,0.0,0.0,1.0
"Bell, Jacob",1000200105,SCH_BOO,Four-Seam,98,50,13,32,22,7,31,34,11,0,10,2884.44328,0.2825243003340428,0.26,0.32653061224489793,0.3181818181818182,0.22580645161290322,84.83656705882353,0.3235294117647059,0.0,0.29411764705882354
"Bell, Jacob",1000200105,SCH_BOO,Sinker,10,2,0,4,2,0,2,2,0,0,0,136.21522,0.06315583180879702,0.0,0.4,0.0,0.0,68.10761,0.0,0.0,0.0
"Bell, Jacob",1000200105,SCH_BOO,Slider,61,15,6,12,16,1,10,8,3,2,4,695.30621,0.33852662956776375,0.4,0.19672131147540983,0.0625,0.1,86.91327625,0.375,0.25,0.5
"Bell, Jacob",1000200105,SCH_BOO,,1,0,0,0,0,0,0,0,0,0,0,0.0,,,0.0,,,,,,
"Belton, Hunter",10294453,MIS_MUD,Changeup,55,21,5,13,19,6,20,13,3,1,5,1135.26858,0.33382063956626173,0.23809523809523808,0.23636363636363636,0.3157894736842105,0.3,87.3283523076923,0.23076923076923078,0.07692307692307693,0.38461538461538464
"Belton, Hunter",10294453,MIS_MUD,Curveball,61,15,3,19,10,0,6,8,0,0,1,567.65584,0.16618110943244044,0.2,0.3114754098360656,0.0,0.0,70.95698,0.0,0.0,0.125
"Belton, Hunter",10294453,MIS_MUD,Four-Seam,129,48,7,31,20,0,39,38,10,1,10,3180.64096,0.2961086653082871,0.14583333333333334,0.24031007751937986,0.0,0.0,83.70107789473684,0.2631578947368421,0.02631578947368421,0.2631578947368421
"Belton, Hunter",10294453,MIS_MUD,Sinker,8,3,0,2,1,0,2,3,0,0,1,246.13356,0.2353648064386773,0.0,0.25,0.0,0.0,82.04451999999999,0.0,0.0,0.3333333333333333
"Belton, Hunter",10294453,MIS_MUD,Slider,99,47,18,25,20,5,22,22,4,1,5,1796.94069,0.24582130098957258,0.3829787234042553,0.25252525252525254,0.25,0.22727272727272727,81.67912227272727,0.18181818181818182,0.045454545454545456,0.22727272727272727
"Belton, Hunter",10294453,MIS_MUD,,2,1,0,0,1,0,0,0,0,0,0,0.0,,0.0,0.0,0.0,,,,,
"Benitez, Jorge",1000561771,NEW_JER6,Changeup,17,6,4,5,6,2,4,1,0,0,1,55.11238,0.0,0.6666666666666666,0.29411764705882354,0.3333333333333333,0.5,55.11238,0.0,0.0,1.0
"Benitez, Jorge",1000561771,NEW_JER6,Curveball,2,0,0,1,0,0,0,0,0,0,0,0.0,,,0.5,,,,,,
"Benitez, Jorge",1000561771,NEW_JER6,Four-Seam,48,22,4,12,9,0,16,18,8,1,7,1481.41657,0.3281721787485813,0.18181818181818182,0.25,0.0,0.0,82.30092055555556,0.4444444444444444,0.05555555555555555,0.3888888888888889
"Benitez, Jorge",1000561771,NEW_JER6,Sinker,19,6,1,5,5,1,4,3,1,0,0,235.87631,0.19579953951806603,0.16666666666666666,0.2631578947368421,0.2,0.25,78.62543666666666,0.3333333333333333,0.0,0.0
"Benitez, Jorge",1000561771,NEW_JER6,Slider,13,5,1,2,5,0,2,2,0,0,1,139.91305999999997,0.2452664670853832,0.2,0.15384615384615385,0.0,0.0,69.95652999999999,0.0,0.0,0.5
"Benitez, Jorge",1000561771,NEW_JER6,Sweeper,2,1,0,0,0,0,1,1,0,0,1,81.94467,0.2796529915092335,0.0,0.0,,0.0,81.94467,0.0,0.0,1.0
"Berggren, Austin",1000190938,MIA_RED,Changeup,1,0,0,0,1,0,0,0,0,0,0,0.0,,,0.0,0.0,,,,,
"Berggren, Austin",1000190938,MIA_RED,Curveball,5,2,1,4,3,2,3,1,0,0,0,86.72064,0.23136750236460946,0.5,0.8,0.6666666666666666,0.6666666666666666,86.72064,0.0,0.0,0.0
"Berggren, Austin",1000190938,MIA_RED,Cutter,9,2,0,4,1,0,1,2,0,0,1,153.46704,0.28066357805554765,0.0,0.4444444444444444,0.0,0.0,76.73352,0.0,0.0,0.5
"Berggren, Austin",1000190938,MIA_RED,Four-Seam,12,3,1,4,4,0,1,2,0,0,0,167.75144,0.1475822880206329,0.3333333333333333,0.3333333333333333,0.0,0.0,83.87572,0.0,0.0,0.0
"Berggren, Austin",1000190938,MIA_RED,Slider,5,1,0,2,3,1,1,1,0,0,0,69.23158,0.11034763729416808,0.0,0.4,0.3333333333333333,1.0,69.23158,0.0,0.0,0.0
"Beriguete, Randy",691335,LAK_ERI24,Changeup,12,4,1,1,6,1,4,3,1,0,1,234.72397999999998,0.2887017296674908,0.25,0.08333333333333333,0.16666666666666666,0.25,78.24132666666667,0.3333333333333333,0.0,0.3333333333333333
"Beriguete, Randy",691335,LAK_ERI24,Four-Seam,102,39,16,35,18,4,21,21,6,2,9,1806.69182,0.32525771749686133,0.41025641025641024,0.3431372549019608,0.2222222222222222,0.19047619047619047,86.03294380952381,0.2857142857142857,0.09523809523809523,0.42857142857142855
"Beriguete, Randy",691335,LAK_ERI24,Slider,38,16,6,15,14,4,12,8,3,1,2,690.9277999999999,0.28969495174949894,0.375,0.39473684210526316,0.2857142857142857,0.3333333333333333,86.36597499999999,0.375,0.125,0.25
"Bice, Emmett",828456,NEW_YOR13,Changeup,8,3,1,4,1,1,3,2,1,0,0,141.65724,0.22286630442340427,0.3333333333333333,0.5,1.0,0.3333333333333333,70.82862,0.5,0.0,0.0
"Bice, Emmett",828456,NEW_YOR13,Curveball,87,31,4,27,19,1,19,24,4,0,10,1971.79799,0.3165904064920167,0.12903225806451613,0.3103448275862069,0.05263157894736842,0.05263157894736842,82.15824958333333,0.16666666666666666,0.0,0.4166666666666667
"Bice, Emmett",828456,NEW_YOR13,Cutter,3,1,0,2,0,0,1,1,1,0,0,103.14204,0.4431862694961457,0.0,0.6666666666666666,,0.0,103.14204,1.0,0.0,0.0
"Bice, Emmett",828456,NEW_YOR13,Four-Seam,103,47,5,23,14,3,31,34,10,1,9,2891.96716,0.2890131568840477,0.10638297872340426,0.22330097087378642,0.21428571428571427,0.0967741935483871,85.05785764705882,0.29411764705882354,0.029411764705882353,0.2647058823529412
"Bice, Emmett",828456,NEW_YOR13,Sinker,30,10,1,7,2,0,8,7,4,0,3,651.61371,0.414086477334386,0.1,0.23333333333333334,0.0,0.0,93.08767285714285,0.5714285714285714,0.0,0.42857142857142855
"Bice, Emmett",828456,NEW_YOR13,Slider,187,99,25,58,66,15,60,62,7,2,18,4855.83554,0.23391853576471075,0.25252525252525254,0.31016042780748665,0.22727272727272727,0.25,78.31992806451613,0.11290322580645161,0.03225806451612903,0.2903225806451613
"Bice, Emmett",828456,NEW_YOR13,,19,10,2,6,8,0,2,0,0,0,0,0.0,,0.2,0.3157894736842105,0.0,0.0,,,,
"Bihm, Gage",815079,MIS_MUD,Changeup,2,2,1,1,2,1,2,1,1,0,0,100.17967,0.35407183761568306,0.5,0.5,0.5,0.5,100.17967,1.0,0.0,0.0
"Bihm, Gage",815079,MIS_MUD,Curveball,4,1,0,1,3,0,1,1,0,0,0,51.99795,0.0,0.0,0.25,0.0,0.0,51.99795,0.0,0.0,0.0
"Bihm, Gage",815079,MIS_MUD,Cutter,1,1,0,0,1,0,1,1,1,0,1,98.41587,0.6313862955701705,0.0,0.0,0.0,0.0,98.41587,1.0,0.0,1.0
"Bihm, Gage",815079,MIS_MUD,Four-Seam,106,56,12,23,24,2,22,39,4,1,10,3171.81169,0.2064456647378452,0.21428571428571427,0.2169811320754717,0.08333333333333333,0.09090909090909091,81.32850487179488,0.10256410256410256,0.02564102564102564,0.2564102564102564
"Bihm, Gage",815079,MIS_MUD,Other,3,0,0,0,1,0,0,0,0,0,0,0.0,,,0.0,0.0,,,,,
"Bihm, Gage",815079,MIS_MUD,Sinker,12,5,0,3,1,0,1,5,1,0,4,406.71141,0.2901415828171762,0.0,0.25,0.0,0.0,81.342282,0.2,0.0,0.8
"Bihm, Gage",815079,MIS_MUD,Slider,29,10,5,9,13,5,8,5,0,0,3,377.81107,0.23670897771317329,0.5,0.3103448275862069,0.38461538461538464,0.625,75.562214,0.0,0.0,0.6
"Binns, Malik",702238,NEW_JER6,Changeup,7,1,0,1,0,0,0,1,0,0,1,28.17218,0.0,0.0,0.14285714285714285,,,28.17218,0.0,0.0,1.0
"Binns, Malik",702238,NEW_JER6,Curveball,44,18,5,10,23,2,14,12,1,1,4,895.8197700000001,0.19355544571882147,0.2777777777777778,0.22727272727272727,0.08695652173913043,0.14285714285714285,74.65164750000001,0.08333333333333333,0.08333333333333333,0.3333333333333333
"Binns, Malik",702238,NEW_JER6,Cutter,78,34,8,19,12,0,18,21,5,0,5,1719.09528,0.21320767468615134,0.23529411764705882,0.24358974358974358,0.0,0.0,81.86168,0.23809523809523808,0.0,0.23809523809523808
"Binns, Malik",702238,NEW_JER6,Four-Seam,54,22,4,11,5,1,15,17,5,0,4,1356.144,0.24277869057695364,0.18181818181818182,0.2037037037037037,0.2,0.06666666666666667,79.77317647058824,0.29411764705882354,0.0,0.23529411764705882
"Binns, Malik",702238,NEW_JER6,Sinker,20,7,2,4,1,0,3,4,0,0,1,299.68574,0.19372493453937234,0.2857142857142857,0.2,0.0,0.0,74.921435,0.0,0.0,0.25
"Binns, Malik",702238,NEW_JER6,Slider,26,13,6,11,7,1,6,5,1,0,2,417.14354000000003,0.2934393415280069,0.46153846153846156,0.4230769230769231,0.14285714285714285,0.16666666666666666,83.428708,0.2,0.0,0.4
"Binns, Malik",702238,NEW_JER6,Splitter,17,4,3,6,9,2,3,0,0,0,0,0.0,,0.75,0.35294117647058826,0.2222222222222222,0.6666666666666666,,,,
"Binns, Malik",702238,NEW_JER6,,2,1,0,0,0,0,1,0,0,0,0,0.0,,0.0,0.0,,0.0,,,,
"Blair, Davis",836357,DOW_EAS1,Changeup,15,5,1,3,4,2,4,4,0,0,0,306.92994999999996,0.17147820816554826,0.2,0.2,0.5,0.5,76.73248749999999,0.0,0.0,0.0
"Blair, Davis",836357,DOW_EAS1,Curveball,6,3,0,1,2,0,2,2,1,0,0,155.38630999999998,0.19691747408228777,0.0,0.16666666666666666,0.0,0.0,77.69315499999999,0.5,0.0,0.0
"Blair, Davis",836357,DOW_EAS1,Four-Seam,204,93,17,45,55,10,57,62,15,3,23,5016.93666,0.23703383132149647,0.1827956989247312,0.22058823529411764,0.18181818181818182,0.17543859649122806,80.91833322580645,0.24193548387096775,0.04838709677419355,0.3709677419354839
"Blair, Davis",836357,DOW_EAS1,Sinker,12,5,0,1,3,0,4,4,0,0,2,339.98723,0.2645331913919059,0.0,0.08333333333333333,0.0,0.0,84.9968075,0.0,0.0,0.5
"Blair, Davis",836357,DOW_EAS1,Slider,99,38,10,32,32,2,22,19,2,1,6,1521.98894,0.25926051312154347,0.2631578947368421,0.32323232323232326,0.0625,0.09090909090909091,80.10468105263158,0.10526315789473684,0.05263157894736842,0.3157894736842105
"Blair, Davis",836357,DOW_EAS1,Splitter,19,5,1,3,4,0,4,2,0,0,0,157.90228000000002,0.19129997733640897,0.2,0.15789473684210525,0.0,0.0,78.95114000000001,0.0,0.0,0.0
"Blair, Davis",836357,DOW_EAS1,,1,0,0,0,0,0,0,0,0,0,0,0.0,,,0.0,,,,,,
"Blaum, Tyler",689847,DOW_EAS1,Changeup,24,15,0,3,2,0,12,13,4,0,4,1117.22667,0.32809649131413,0.0,0.125,0.0,0.0,85.94051307692308,0.3076923076923077,0.0,0.3076923076923077
"Blaum, Tyler",689847,DOW_EAS1,Curveball,8,4,0,1,0,0,1,3,0,0,0,200.97929,0.03996845198208624,0.0,0.125,,0.0,66.99309666666666,0.0,0.0,0.0
"Blaum, Tyler",689847,DOW_EAS1,Four-Seam,19,10,0,1,1,0,6,6,0,0,1,444.22715,0.15534449171500397,0.0,0.05263157894736842,0.0,0.0,74.03785833333333,0.0,0.0,0.16666666666666666
"Blaum, Tyler",689847,DOW_EAS1,,3,3,0,0,1,0,2,0,0,0,0,0.0,,0.0,0.0,0.0,0.0,,,,
"Bohnert, Matthew",810066,WIN_CIT29,Changeup,2,0,0,0,1,0,0,0,0,0,0,0.0,,,0.0,0.0,,,,,
"Bohnert, Matthew",810066,WIN_CIT29,Curveball,43,19,9,14,15,6,9,7,1,0,0,523.75365,0.1226639582112288,0.47368421052631576,0.32558139534883723,0.4,0.6666666666666666,74.82195,0.14285714285714285,0.0,0.0
"Bohnert, Matthew",810066,WIN_CIT29,Cutter,41,21,7,12,15,3,12,11,3,0,6,878.76045,0.25531524173134346,0.3333333333333333,0.2926829268292683,0.2,0.25,79.88731363636363,0.2727272727272727,0.0,0.5454545454545454
"Bohnert, Matthew",810066,WIN_CIT29,Four-Seam,171,82,20,48,50,10,42,57,9,0,23,4678.50263,0.2564072802763924,0.24390243902439024,0.2807017543859649,0.2,0.23809523809523808,82.07899350877193,0.15789473684210525,0.0,0.40350877192982454
"Bohnert, Matthew",810066,WIN_CIT29,Sinker,8,2,0,3,3,1,1,1,0,0,1,87.923,0.4841709335462979,0.0,0.375,0.3333333333333333,1.0,87.923,0.0,0.0,1.0
"Bohnert, Matthew",810066,WIN_CIT29,Slider,14,3,1,4,3,2,3,1,0,0,1,94.85709,0.4274200157351645,0.3333333333333333,0.2857142857142857,0.6666666666666666,0.6666666666666666,94.85709,0.0,0.0,1.0
"Boies, Emiles",1000429129,QUE_CAP,Changeup,122,59,16,27,39,5,27,38,4,0,5,2857.72479,0.16968646298923296,0.2711864406779661,0.22131147540983606,0.1282051282051282,0.18518518518518517,75.20328394736843,0.10526315789473684,0.0,0.13157894736842105
"Boies, Emiles",1000429129,QUE_CAP,Curveball,43,13,5,13,12,2,6,9,2,0,2,631.56191,0.11404329099941093,0.38461538461538464,0.3023255813953488,0.16666666666666666,0.3333333333333333,70.17354555555556,0.2222222222222222,0.0,0.2222222222222222
"Boies, Emiles",1000429129,QUE_CAP,Cutter,2,2,0,0,0,0,2,2,2,1,2,196.07862,0.535786524166892,0.0,0.0,,0.0,98.03931,1.0,0.5,1.0
"Boies, Emiles",1000429129,QUE_CAP,Four-Seam,64,33,10,20,15,3,17,20,4,0,8,1610.30366,0.25573968015214776,0.30303030303030304,0.3125,0.2,0.17647058823529413,80.51518300000001,0.2,0.0,0.4
"Boies, Emiles",1000429129,QUE_CAP,Sinker,129,70,13,36,37,5,41,49,11,2,19,3963.8417,0.2520813688170397,0.18571428571428572,0.27906976744186046,0.13513513513513514,0.12195121951219512,80.89472857142857,0.22448979591836735,0.04081632653061224,0.3877551020408163
"Boies, Emiles",1000429129,QUE_CAP,Slider,45,20,3,9,6,1,13,15,4,0,4,1261.93099,0.29629712896131527,0.15,0.2,0.16666666666666666,0.07692307692307693,84.12873266666666,0.26666666666666666,0.0,0.26666666666666666
"Boies, Emiles",1000429129,QUE_CAP,,1,1,1,1,1,1,1,0,0,0,0,0.0,,1.0,1.0,1.0,1.0,,,,
"Bradford, Ethan",688428,NEW_YOR13,Changeup,28,6,0,8,5,0,4,5,1,0,1,420.44195,0.28143174272710814,0.0,0.2857142857142857,0.0,0.0,84.08839,0.2,0.0,0.2
"Bradford, Ethan",688428,NEW_YOR13,Curveball,4,3,1,1,2,1,1,1,0,0,1,92.92756,0.5514781310673623,0.3333333333333333,0.25,0.5,1.0,92.92756,0.0,0.0,1.0
"Bradford, Ethan",688428,NEW_YOR13,Four-Seam,1,0,0,0,1,0,0,0,0,0,0,0.0,,,0.0,0.0,,,,,
"Bradford, Ethan",688428,NEW_YOR13,Sinker,131,58,5,37,42,8,30,43,10,0,16,3493.41933,0.24282024063058527,0.08620689655172414,0.2824427480916031,0.19047619047619047,0.26666666666666666,81.24231,0.23255813953488372,0.0,0.37209302325581395
"Bradford, Ethan",688428,NEW_YOR13,Slider,69,30,11,22,33,7,21,15,3,1,5,1232.23716,0.2827405400877882,0.36666666666666664,0.3188405797101449,0.21212121212121213,0.3333333333333333,82.14914399999999,0.2,0.06666666666666667,0.3333333333333333
"Bradford, Ethan",688428,NEW_YOR13,,1,1,0,0,0,0,0,0,0,0,0,0.0,,0.0,0.0,,,,,,
"Brito, Richard",695870,NEW_ENG23,Curveball,1,0,0,1,0,0,0,0,0,0,0,0.0,,,1.0,,,,,,
"Brito, Richard",695870,NEW_ENG23,Four-Seam,61,29,3,14,14,2,16,24,4,1,9,1997.3562,0.29380482265147184,0.10344827586206896,0.22950819672131148,0.14285714285714285,0.125,83.223175,0.16666666666666666,0.041666666666666664,0.375
"Brito, Richard",695870,NEW_ENG23,Sinker,15,8,0,2,4,0,5,8,2,1,1,676.24628,0.29381402798309375,0.0,0.13333333333333333,0.0,0.0,84.530785,0.25,0.125,0.125
"Brito, Richard",695870,NEW_ENG23,Slider,73,26,10,25,27,4,14,10,0,0,3,783.63764,0.19739297861343327,0.38461538461538464,0.3424657534246575,0.14814814814814814,0.2857142857142857,78.363764,0.0,0.0,0.3
"Brodsky, Jack",1000302079,WAS_WIL3,Curveball,2,0,0,0,0,0,0,0,0,0,0,0.0,,,0.0,,,,,,
"Brodsky, Jack",1000302079,WAS_WIL3,Four-Seam,49,25,4,13,9,2,13,18,1,0,4,1365.13587,0.14746287874471437,0.16,0.2653061224489796,0.2222222222222222,0.15384615384615385,75.84088166666668,0.05555555555555555,0.0,0.2222222222222222
"Brodsky, Jack",1000302079,WAS_WIL3,Slider,4,1,0,0,1,0,1,1,1,0,0,97.4711,0.3332453883404133,0.0,0.0,0.0,0.0,97.4711,1.0,0.0,0.0
"Brodsky, Jack",1000302079,WAS_WIL3,Sweeper,6,3,1,2,1,1,3,2,0,0,0,141.46861,0.14573005637126957,0.3333333333333333,0.3333333333333333,1.0,0.3333333333333333,70.734305,0.0,0.0,0.0
"Brothers, Kellen",1000131959,SUS_COU1,Changeup,50,25,12,15,15,1,11,10,2,0,3,824.6368600000001,0.25169672267975374,0.48,0.3,0.06666666666666667,0.09090909090909091,82.46368600000001,0.2,0.0,0.3
"Brothers, Kellen",1000131959,SUS_COU1,Curveball,36,11,3,13,20,6,9,4,0,0,0,295.70735,0.12065243422890641,0.2727272727272727,0.3611111111111111,0.3,0.6666666666666666,73.9268375,0.0,0.0,0.0
"Brothers, Kellen",1000131959,SUS_COU1,Four-Seam,104,57,10,21,22,4,28,44,10,4,13,3518.0449,0.2492722174865529,0.17543859649122806,0.20192307692307693,0.18181818181818182,0.14285714285714285,79.95556590909091,0.22727272727272727,0.09090909090909091,0.29545454545454547
"Brothers, Kellen",1000131959,SUS_COU1,Sinker,52,29,3,10,9,2,18,24,6,1,8,1894.26786,0.2940857613317827,0.10344827586206896,0.19230769230769232,0.2222222222222222,0.1111111111111111,78.92782749999999,0.25,0.041666666666666664,0.3333333333333333
"Brothers, Kellen",1000131959,SUS_COU1,Slider,47,25,8,20,9,1,13,16,5,0,5,1222.84371,0.21970054225951205,0.32,0.425531914893617,0.1111111111111111,0.07692307692307693,76.427731875,0.3125,0.0,0.3125
"Brothers, Kellen",1000131959,SUS_COU1,,18,10,4,5,4,1,4,0,0,0,0,0.0,,0.4,0.2777777777777778,0.25,0.25,,,,
"Brouwer, Adam",10998502,LAK_ERI24,Changeup,4,2,0,0,3,0,1,1,0,0,0,40.96151,0.0,0.0,0.0,0.0,0.0,40.96151,0.0,0.0,0.0
"Brouwer, Adam",10998502,LAK_ERI24,Curveball,16,6,1,6,8,2,3,2,1,0,0,166.921,0.22330284167274306,0.16666666666666666,0.375,0.25,0.6666666666666666,83.4605,0.5,0.0,0.0
"Brouwer, Adam",10998502,LAK_ERI24,Four-Seam,34,21,3,6,11,1,7,16,1,0,6,1207.16726,0.21997354214187448,0.14285714285714285,0.17647058823529413,0.09090909090909091,0.14285714285714285,75.44795375,0.0625,0.0,0.375
"Brouwer, Adam",10998502,LAK_ERI24,,1,0,0,0,0,0,0,0,0,0,0,0.0,,,0.0,,,,,,
"Brown, Ethan",690384,WAS_WIL3,Changeup,1,0,0,0,0,0,0,0,0,0,0,0.0,,,0.0,,,,,,
"Brown, Ethan",690384,WAS_WIL3,Curveball,14,3,1,3,4,1,2,2,0,0,0,153.90876,0.16620030131370273,0.3333333333333333,0.21428571428571427,0.25,0.5,76.95438,0.0,0.0,0.0
"Brown, Ethan",690384,WAS_WIL3,Four-Seam,67,30,3,15,21,2,16,25,4,0,7,1855.97672,0.21638339375546828,0.1,0.22388059701492538,0.09523809523809523,0.125,74.2390688,0.16,0.0,0.28
"Brown, Ethan",690384,WAS_WIL3,Sinker,4,1,0,1,1,0,0,1,0,0,1,63.99634,0.26069008942298044,0.0,0.25,0.0,,63.99634,0.0,0.0,1.0
"Brown, Ethan",690384,WAS_WIL3,Slider,15,9,2,4,8,1,5,6,1,0,2,513.2701,0.28496722229847293,0.2222222222222222,0.26666666666666666,0.125,0.2,85.54501666666665,0.16666666666666666,0.0,0.3333333333333333
"Brown, Robbie",10998504,TRO_AIG,Changeup,1,1,0,0,1,0,1,1,1,0,1,104.49108,0.6931203016357118,0.0,0.0,0.0,0.0,104.49108,1.0,0.0,1.0
"Brown, Robbie",10998504,TRO_AIG,Curveball,1,1,0,0,1,0,0,0,0,0,0,0.0,,0.0,0.0,0.0,,,,,
"Brown, Robbie",10998504,TRO_AIG,Sinker,10,3,1,2,4,0,1,1,0,0,0,73.88137,0.004161480305252707,0.3333333333333333,0.2,0.0,0.0,73.88137,0.0,0.0,0.0
"Brown, Robbie",10998504,TRO_AIG,Slider,1,0,0,0,0,0,0,0,0,0,0,0.0,,,0.0,,,,,,
"Burcham, Jacob",1000122547,GAT_GRI,Changeup,63,31,14,17,15,5,14,14,4,0,4,1108.41407,0.23585179106950968,0.45161290322580644,0.2698412698412698,0.3333333333333333,0.35714285714285715,79.17243357142857,0.2857142857142857,0.0,0.2857142857142857
"Burcham, Jacob",1000122547,GAT_GRI,Curveball,10,3,1,2,4,0,1,2,1,0,0,191.76665,0.3453595508684914,0.3333333333333333,0.2,0.0,0.0,95.883325,0.5,0.0,0.0
"Burcham, Jacob",1000122547,GAT_GRI,Four-Seam,59,34,8,18,23,4,17,21,7,0,8,1787.56761,0.2935969312162648,0.23529411764705882,0.3050847457627119,0.17391304347826086,0.23529411764705882,85.12226714285714,0.3333333333333333,0.0,0.38095238095238093
"Burcham, Jacob",1000122547,GAT_GRI,Sinker,152,62,11,40,28,2,32,39,4,0,12,3045.15424,0.2402490084278744,0.1774193548387097,0.2631578947368421,0.07142857142857142,0.0625,78.08087794871794,0.10256410256410256,0.0,0.3076923076923077
"Burcham, Jacob",1000122547,GAT_GRI,Slider,64,32,7,17,28,6,22,23,6,0,5,1896.31214,0.22869026666413142,0.21875,0.265625,0.21428571428571427,0.2727272727272727,82.44835391304348,0.2608695652173913,0.0,0.21739130434782608
"Burcham, Jacob",1000122547,GAT_GRI,,1,1,0,0,0,0,1,0,0,0,0,0.0,,0.0,0.0,,0.0,,,,
"Burgess, Chris",688921,TRO_AIG,Changeup,1,0,0,0,1,0,0,0,0,0,0,0.0,,,0.0,0.0,,,,,
"Burgess, Chris",688921,TRO_AIG,Curveball,6,2,1,2,1,1,1,0,0,0,0,0.0,,0.5,0.3333333333333333,1.0,1.0,,,,
"Burgess, Chris",688921,TRO_AIG,Four-Seam,2,0,0,1,0,0,0,0,0,0,0,0.0,,,0.5,,,,,,
"Burgess, Chris",688921,TRO_AIG,Sinker,7,1,0,1,1,0,1,1,0,0,0,69.4387,0.09874373391697877,0.0,0.14285714285714285,0.0,0.0,69.4387,0.0,0.0,0.0
"Burgess, Chris",688921,TRO_AIG,Slider,2,1,1,2,1,1,1,0,0,0,0,0.0,,1.0,1.0,1.0,1.0,,,,
"Byers, Carson",1000133996,MIA_RED,Changeup,8,5,2,2,3,1,2,2,0,0,0,145.39862,0.05330376983081514,0.4,0.25,0.3333333333333333,0.5,72.69931,0.0,0.0,0.0
"Byers, Carson",1000133996,MIA_RED,Four-Seam,30,16,2,9,6,1,10,12,3,0,4,1012.71904,0.24993835589476743,0.125,0.3,0.16666666666666666,0.1,84.39325333333333,0.25,0.0,0.3333333333333333
"Byers, Carson",1000133996,MIA_RED,Slider,8,3,2,4,4,1,2,1,0,0,0,58.13751,0.00224175068448923,0.6666666666666666,0.5,0.25,0.5,58.13751,0.0,0.0,0.0
"Calderon, Jean",703300,LAK_ERI24,Curveball,3,1,1,2,1,1,1,0,0,0,0,0.0,,1.0,0.6666666666666666,1.0,1.0,,,,
"Calderon, Jean",703300,LAK_ERI24,Cutter,8,4,3,5,2,1,3,1,0,0,0,82.6846,0.23331983825100333,0.75,0.625,0.5,0.3333333333333333,82.6846,0.0,0.0,0.0
"Calderon, Jean",703300,LAK_ERI24,Four-Seam,87,30,4,17,18,2,20,25,5,2,8,1930.59119,0.24179018781064268,0.13333333333333333,0.19540229885057472,0.1111111111111111,0.1,77.2236476,0.2,0.08,0.32
"Calderon, Jean",703300,LAK_ERI24,Slider,73,29,14,28,22,6,14,11,2,0,4,812.65953,0.19914353230446455,0.4827586206896552,0.3835616438356164,0.2727272727272727,0.42857142857142855,73.87813909090909,0.18181818181818182,0.0,0.36363636363636365
"Cameron, Wyatt",1000179557,SCH_BOO,Changeup,14,6,2,6,3,0,3,3,2,1,2,296.55859,0.473507122791972,0.3333333333333333,0.42857142857142855,0.0,0.0,98.85286333333333,0.6666666666666666,0.3333333333333333,0.6666666666666666
"Cameron, Wyatt",1000179557,SCH_BOO,Curveball,56,13,5,22,32,9,14,4,1,0,1,332.75045,0.32956710299820313,0.38461538461538464,0.39285714285714285,0.28125,0.6428571428571429,83.1876125,0.25,0.0,0.25
"Cameron, Wyatt",1000179557,SCH_BOO,Cutter,1,0,0,0,0,0,0,0,0,0,0,0.0,,,0.0,,,,,,
"Cameron, Wyatt",1000179557,SCH_BOO,Four-Seam,117,49,9,35,26,4,29,34,6,0,8,2852.6988,0.26084303283931415,0.1836734693877551,0.29914529914529914,0.15384615384615385,0.13793103448275862,83.90290588235294,0.17647058823529413,0.0,0.23529411764705882
"Cameron, Wyatt",1000179557,SCH_BOO,Sinker,25,12,3,9,5,2,11,8,2,0,1,699.60356,0.29152494555256003,0.25,0.36,0.4,0.18181818181818182,87.450445,0.25,0.0,0.125
"Cameron, Wyatt",1000179557,SCH_BOO,Slider,33,13,6,12,5,2,6,7,0,0,3,558.13995,0.2750941733410853,0.46153846153846156,0.36363636363636365,0.4,0.3333333333333333,79.73427857142858,0.0,0.0,0.42857142857142855
"Cameron, Zach",1000084075,WIN_CIT29,Changeup,111,44,16,36,29,3,22,27,5,1,4,2130.2606299999998,0.21482461993423674,0.36363636363636365,0.32432432432432434,0.10344827586206896,0.13636363636363635,78.89854185185185,0.18518518518518517,0.037037037037037035,0.14814814814814814
"Cameron, Zach",1000084075,WIN_CIT29,Curveball,3,3,0,0,1,0,3,3,2,0,2,268.58725,0.45453898642671736,0.0,0.0,0.0,0.0,89.52908333333333,0.6666666666666666,0.0,0.6666666666666666
"Cameron, Zach",1000084075,WIN_CIT29,Cutter,17,7,3,6,7,1,4,4,0,0,1,295.51138000000003,0.08835886413403551,0.42857142857142855,0.35294117647058826,0.14285714285714285,0.25,73.87784500000001,0.0,0.0,0.25
"Cameron, Zach",1000084075,WIN_CIT29,Four-Seam,64,29,5,12,20,4,17,24,4,0,4,1774.94573,0.19651175914401384,0.1724137931034483,0.1875,0.2,0.23529411764705882,73.95607208333332,0.16666666666666666,0.0,0.16666666666666666
"Cameron, Zach",1000084075,WIN_CIT29,Sinker,15,7,1,3,3,0,5,7,1,0,1,527.81622,0.21829019420653978,0.14285714285714285,0.2,0.0,0.0,75.40231714285714,0.14285714285714285,0.0,0.14285714285714285
"Cameron, Zach",1000084075,WIN_CIT29,Slider,51,29,8,13,19,4,18,19,4,0,5,1488.18766,0.23099173789348795,0.27586206896551724,0.2549019607843137,0.21052631578947367,0.2222222222222222,78.32566631578948,0.21052631578947367,0.0,0.2631578947368421
"Cameron, Zach",1000084075,WIN_CIT29,,2,0,0,1,0,0,0,0,0,0,0,0.0,,,0.5,,,,,,
"Campbell, AJ",1000132168,WIN_CIT29,Changeup,42,15,5,7,12,2,7,8,1,0,2,663.83975,0.21780198482045354,0.3333333333333333,0.16666666666666666,0.16666666666666666,0.2857142857142857,82.97996875,0.125,0.0,0.25
"Campbell, AJ",1000132168,WIN_CIT29,Curveball,35,11,0,8,11,0,7,8,1,0,3,644.08438,0.23820526461127944,0.0,0.22857142857142856,0.0,0.0,80.5105475,0.125,0.0,0.375
"Campbell, AJ",1000132168,WIN_CIT29,Cutter,28,15,4,10,5,0,6,9,1,0,4,766.19029,0.35655240525468224,0.26666666666666666,0.35714285714285715,0.0,0.0,85.13225444444444,0.1111111111111111,0.0,0.4444444444444444
"Campbell, AJ",1000132168,WIN_CIT29,Four-Seam,218,105,12,41,68,8,64,77,21,2,30,6306.24188,0.2839556954543386,0.11428571428571428,0.18807339449541285,0.11764705882352941,0.125,81.89924519480519,0.2727272727272727,0.025974025974025976,0.38961038961038963
"Campbell, AJ",1000132168,WIN_CIT29,Sinker,35,16,2,4,8,1,9,11,3,1,2,885.53404,0.22463367017598987,0.125,0.11428571428571428,0.125,0.1111111111111111,80.50309454545454,0.2727272727272727,0.09090909090909091,0.18181818181818182
"Campbell, AJ",1000132168,WIN_CIT29,Slider,162,72,12,38,42,8,39,47,11,2,14,3782.95576,0.2526746797187084,0.16666666666666666,0.2345679012345679,0.19047619047619047,0.20512820512820512,80.48842042553191,0.23404255319148937,0.0425531914893617,0.2978723404255319
"Campbell, AJ",1000132168,WIN_CIT29,Splitter,2,1,0,1,0,0,0,1,0,0,0,87.81893,0.20806276450042194,0.0,0.5,,,87.81893,0.0,0.0,0.0
"Campbell, Tyler",809429,MIS_MUD,Changeup,20,7,3,6,6,2,4,4,0,0,1,293.86983,0.2940422910647187,0.42857142857142855,0.3,0.3333333333333333,0.5,73.4674575,0.0,0.0,0.25
"Campbell, Tyler",809429,MIS_MUD,Cutter,48,21,0,12,7,1,17,19,2,0,4,1540.37833,0.24497811210339568,0.0,0.25,0.14285714285714285,0.058823529411764705,81.07254368421053,0.10526315789473684,0.0,0.21052631578947367
"Campbell, Tyler",809429,MIS_MUD,Sinker,36,17,3,11,5,1,10,13,1,0,3,1020.90796,0.21067646039299617,0.17647058823529413,0.3055555555555556,0.2,0.1,78.53138153846155,0.07692307692307693,0.0,0.23076923076923078
"Campbell, Tyler",809429,MIS_MUD,Slider,71,36,11,21,17,7,23,22,4,1,9,1763.31477,0.2709292835340477,0.3055555555555556,0.29577464788732394,0.4117647058823529,0.30434782608695654,80.15067136363636,0.18181818181818182,0.045454545454545456,0.4090909090909091
"Cantleberry, Noah",1000083174,JOL_SLA,Changeup,24,12,3,4,11,1,6,4,1,0,1,357.34158,0.4177889521214901,0.25,0.16666666666666666,0.09090909090909091,0.16666666666666666,89.335395,0.25,0.0,0.25
"Cantleberry, Noah",1000083174,JOL_SLA,Four-Seam,29,19,1,6,8,0,7,14,4,1,4,1175.27656,0.24653147287257973,0.05263157894736842,0.20689655172413793,0.0,0.0,83.94832571428572,0.2857142857142857,0.07142857142857142,0.2857142857142857
"Cantleberry, Noah",1000083174,JOL_SLA,Sinker,10,5,0,2,1,0,4,5,1,0,1,382.87854000000004,0.19990109079688184,0.0,0.2,0.0,0.0,76.575708,0.2,0.0,0.2
"Cantleberry, Noah",1000083174,JOL_SLA,Slider,4,1,1,1,2,1,1,0,0,0,0,0.0,,1.0,0.25,0.5,1.0,,,,
"Cardoso, Kaiden",1000132032,OTT_TIT,Changeup,26,12,3,6,4,0,5,9,0,0,3,641.7138,0.1791828427879922,0.25,0.23076923076923078,0.0,0.0,71.30153333333334,0.0,0.0,0.3333333333333333
"Cardoso, Kaiden",1000132032,OTT_TIT,Curveball,5,1,0,1,2,0,1,1,0,0,1,72.89589,0.37655121582545326,0.0,0.2,0.0,0.0,72.89589,0.0,0.0,1.0
"Cardoso, Kaiden",1000132032,OTT_TIT,Other,1,1,1,1,1,1,1,0,0,0,0,0.0,,1.0,1.0,1.0,1.0,,,,
"Carroll, Jake",1000088275,JOL_SLA,Changeup,24,5,2,5,5,1,4,3,0,0,0,205.66969,0.07524424204732809,0.4,0.20833333333333334,0.2,0.25,68.55656333333333,0.0,0.0,0.0
"Carroll, Jake",1000088275,JOL_SLA,Curveball,30,7,2,10,10,3,9,5,0,0,1,397.16701,0.23966749318281444,0.2857142857142857,0.3333333333333333,0.3,0.3333333333333333,79.433402,0.0,0.0,0.2
"Carroll, Jake",1000088275,JOL_SLA,Four-Seam,175,65,20,63,35,12,40,36,7,4,16,3039.41507,0.2752928447961506,0.3076923076923077,0.36,0.34285714285714286,0.3,84.42819638888889,0.19444444444444445,0.1111111111111111,0.4444444444444444
"Carroll, Jake",1000088275,JOL_SLA,One Seam Fast Ball,1,0,0,0,1,0,1,0,0,0,0,0.0,,,0.0,0.0,0.0,,,,
"Carroll, Jake",1000088275,JOL_SLA,Sinker,2,0,0,0,0,0,0,0,0,0,0,0.0,,,0.0,,,,,,
"Carroll, Jake",1000088275,JOL_SLA,Slider,56,23,6,13,17,4,13,11,0,0,2,755.35123,0.20390524182609562,0.2608695652173913,0.23214285714285715,0.23529411764705882,0.3076923076923077,68.66829363636363,0.0,0.0,0.18181818181818182
"Carroll, Jake",1000088275,JOL_SLA,,6,1,0,3,2,0,1,0,0,0,0,0.0,,0.0,0.5,0.0,0.0,,,,
"Cartwright, Eli",1000304859,GAT_GRI,Curveball,6,2,1,2,4,1,1,0,0,0,0,0.0,,0.5,0.3333333333333333,0.25,1.0,,,,
"Cartwright, Eli",1000304859,GAT_GRI,Cutter,1,0,0,1,0,0,0,0,0,0,0,0.0,,,1.0,,,,,,
"Cartwright, Eli",1000304859,GAT_GRI,Four-Seam,121,46,13,30,41,6,24,30,3,0,7,2262.94306,0.17806974797244982,0.2826086956521739,0.24793388429752067,0.14634146341463414,0.25,75.43143533333334,0.1,0.0,0.23333333333333334
"Cartwright, Eli",1000304859,GAT_GRI,Sinker,2,1,1,2,0,0,0,0,0,0,0,0.0,,1.0,1.0,,,,,,
"Cartwright, Eli",1000304859,GAT_GRI,Slider,11,4,0,1,5,0,2,3,0,0,1,210.01907,0.13247059639125716,0.0,0.09090909090909091,0.0,0.0,70.00635666666666,0.0,0.0,0.3333333333333333
"Carver, Cal",801318,TRO_AIG,Changeup,2,0,0,0,0,0,0,0,0,0,0,0.0,,,0.0,,,,,,
"Carver, Cal",801318,TRO_AIG,Curveball,2,0,0,0,2,0,0,0,0,0,0,0.0,,,0.0,0.0,,,,,
"Carver, Cal",801318,TRO_AIG,Four-Seam,4,1,0,2,0,0,0,1,1,0,0,96.69985,0.39538718857777666,0.0,0.5,,,96.69985,1.0,0.0,0.0
"Carver, Cal",801318,TRO_AIG,Sinker,3,0,0,1,2,1,1,2,0,0,1,158.08172000000002,0.2811566549950286,,0.3333333333333333,0.5,1.0,79.04086000000001,0.0,0.0,0.5
"Carver, Cal",801318,TRO_AIG,Slider,3,1,0,1,1,1,2,1,1,0,1,100.67592,0.6435725162077665,0.0,0.3333333333333333,1.0,0.5,100.67592,1.0,0.0,1.0
"Castaneda, Dylan",688341,NEW_JER6,Changeup,1,0,0,0,0,0,0,0,0,0,0,0.0,,,0.0,,,,,,
"Castaneda, Dylan",688341,NEW_JER6,Curveball,1,0,0,0,1,0,0,0,0,0,0,0.0,,,0.0,0.0,,,,,
"Castaneda, Dylan",688341,NEW_JER6,Four-Seam,5,0,0,2,1,0,1,0,0,0,0,0.0,,,0.4,0.0,0.0,,,,
"Castaneda, Dylan",688341,NEW_JER6,Sinker,4,0,0,1,1,0,2,0,0,0,0,0.0,,,0.25,0.0,0.0,,,,
"Castaneda, Dylan",688341,NEW_JER6,Slider,1,0,0,0,1,0,0,0,0,0,0,0.0,,,0.0,0.0,,,,,
"Castro, Alexander",669418,TRO_AIG,Changeup,37,17,8,13,12,1,5,8,1,0,2,651.2166,0.20525724754369784,0.47058823529411764,0.35135135135135137,0.08333333333333333,0.2,81.402075,0.125,0.0,0.25
"Castro, Alexander",669418,TRO_AIG,Curveball,6,1,0,2,2,0,0,1,0,0,0,91.64731,0.32377988619091314,0.0,0.3333333333333333,0.0,,91.64731,0.0,0.0,0.0
"Castro, Alexander",669418,TRO_AIG,Cutter,1,0,0,0,0,0,0,0,0,0,0,0.0,,,0.0,,,,,,
"Castro, Alexander",669418,TRO_AIG,Four-Seam,91,36,10,25,27,3,22,29,3,1,12,2250.17807,0.2548416361776483,0.2777777777777778,0.27472527472527475,0.1111111111111111,0.13636363636363635,77.59234724137931,0.10344827586206896,0.034482758620689655,0.41379310344827586
"Castro, Alexander",669418,TRO_AIG,Sinker,31,14,3,9,11,3,9,11,1,0,6,903.20637,0.26004795893922455,0.21428571428571427,0.2903225806451613,0.2727272727272727,0.3333333333333333,82.10967,0.09090909090909091,0.0,0.5454545454545454
"Castro, Alexander",669418,TRO_AIG,Slider,73,31,12,27,28,9,22,17,1,0,7,1380.79065,0.26765846335401294,0.3870967741935484,0.3698630136986301,0.32142857142857145,0.4090909090909091,81.2229794117647,0.058823529411764705,0.0,0.4117647058823529
"Castro, Alexander",669418,TRO_AIG,Splitter,2,1,0,0,1,0,0,0,0,0,0,0.0,,0.0,0.0,0.0,,,,,
"Castro, Alexander",669418,TRO_AIG,,8,0,0,3,2,1,1,0,0,0,0,0.0,,,0.375,0.5,1.0,,,,
"Catrambone, Ben",1000565186,JOL_SLA,Changeup,17,6,1,3,5,1,5,5,1,0,2,408.64005,0.2922387970217069,0.16666666666666666,0.17647058823529413,0.2,0.2,81.72801,0.2,0.0,0.4
"Catrambone, Ben",1000565186,JOL_SLA,Curveball,3,1,1,1,3,1,1,0,0,0,0,0.0,,1.0,0.3333333333333333,0.3333333333333333,1.0,,,,
"Catrambone, Ben",1000565186,JOL_SLA,Cutter,32,12,5,13,8,2,4,7,0,0,4,500.32608,0.19373358933542312,0.4166666666666667,0.40625,0.25,0.5,71.47515428571428,0.0,0.0,0.5714285714285714
"Catrambone, Ben",1000565186,JOL_SLA,Four-Seam,90,38,5,20,18,4,25,30,7,0,6,2564.75171,0.26967483563322164,0.13157894736842105,0.2222222222222222,0.2222222222222222,0.16,85.49172366666667,0.23333333333333334,0.0,0.2
"Catrambone, Ben",1000565186,JOL_SLA,Other,1,0,0,0,0,0,1,0,0,0,0,0.0,,,0.0,,0.0,,,,
"Catrambone, Ben",1000565186,JOL_SLA,Sinker,3,1,0,0,0,0,2,1,0,0,0,81.07263,0.15172382889144598,0.0,0.0,,0.0,81.07263,0.0,0.0,0.0
"Catrambone, Ben",1000565186,JOL_SLA,Slider,57,22,11,20,17,4,12,9,2,0,2,785.77973,0.288876407249801,0.5,0.3508771929824561,0.23529411764705882,0.3333333333333333,87.30885888888889,0.2222222222222222,0.0,0.2222222222222222
"Catrambone, Ben",1000565186,JOL_SLA,Splitter,3,1,0,1,1,0,1,1,1,1,1,105.31833,0.6665327552437922,0.0,0.3333333333333333,0.0,0.0,105.31833,1.0,1.0,1.0
"Cerda, Junior",693702,EVA_OTT,Changeup,3,1,0,0,2,0,1,1,0,0,0,79.68815,0.23919396357798173,0.0,0.0,0.0,0.0,79.68815,0.0,0.0,0.0
"Cerda, Junior",693702,EVA_OTT,Curveball,11,4,1,4,4,0,2,2,0,0,1,167.82509,0.3431265408432472,0.25,0.36363636363636365,0.0,0.0,83.912545,0.0,0.0,0.5
"Cerda, Junior",693702,EVA_OTT,Four-Seam,95,44,13,38,40,13,28,25,1,0,11,1955.29172,0.23669011583557548,0.29545454545454547,0.4,0.325,0.4642857142857143,78.2116688,0.04,0.0,0.44
"Cerda, Junior",693702,EVA_OTT,Sinker,54,22,2,13,17,1,11,20,0,0,8,1450.5146,0.16477535870138085,0.09090909090909091,0.24074074074074073,0.058823529411764705,0.09090909090909091,72.52573,0.0,0.0,0.4
"Cerda, Junior",693702,EVA_OTT,Slider,45,17,4,14,7,1,9,10,1,0,3,766.78808,0.20342314550414953,0.23529411764705882,0.3111111111111111,0.14285714285714285,0.1111111111111111,76.678808,0.1,0.0,0.3
"Cerda, Junior",693702,EVA_OTT,Sweeper,37,15,5,13,12,1,5,9,1,0,2,668.0010199999999,0.17247163361438542,0.3333333333333333,0.35135135135135137,0.08333333333333333,0.2,74.22233555555555,0.1111111111111111,0.0,0.2222222222222222
"Chapple, Bronson",1000218472,TRO_AIG,Changeup,51,20,2,10,12,2,12,16,3,0,3,1352.51638,0.2835417047899772,0.1,0.19607843137254902,0.16666666666666666,0.16666666666666666,84.53227375,0.1875,0.0,0.1875
"Chapple, Bronson",1000218472,TRO_AIG,Curveball,34,10,2,9,14,3,13,8,3,1,7,714.31801,0.4309511721870098,0.2,0.2647058823529412,0.21428571428571427,0.23076923076923078,89.28975125,0.375,0.125,0.875
"Chapple, Bronson",1000218472,TRO_AIG,Cutter,31,10,3,9,5,2,8,7,3,0,3,557.24155,0.30679192248738196,0.3,0.2903225806451613,0.4,0.25,79.6059357142857,0.42857142857142855,0.0,0.42857142857142855
"Chapple, Bronson",1000218472,TRO_AIG,Four-Seam,95,35,2,20,19,2,23,29,8,0,9,2394.0685,0.2924813414462056,0.05714285714285714,0.21052631578947367,0.10526315789473684,0.08695652173913043,82.55408620689654,0.27586206896551724,0.0,0.3103448275862069
"Chapple, Bronson",1000218472,TRO_AIG,Sinker,128,62,4,24,28,2,35,49,11,1,19,4073.5473899999997,0.2895263193925264,0.06451612903225806,0.1875,0.07142857142857142,0.05714285714285714,83.13362020408162,0.22448979591836735,0.02040816326530612,0.3877551020408163
"Chapple, Bronson",1000218472,TRO_AIG,Slider,44,20,4,15,15,4,13,14,3,1,6,1071.85514,0.2556024895010173,0.2,0.3409090909090909,0.26666666666666666,0.3076923076923077,76.56108142857143,0.21428571428571427,0.07142857142857142,0.42857142857142855
"Chapple, Bronson",1000218472,TRO_AIG,,34,11,0,5,3,1,9,0,0,0,0,0.0,,0.0,0.14705882352941177,0.3333333333333333,0.1111111111111111,,,,
"Cheeseman, Jeremy",10278669,FDU_KNI,Changeup,18,6,0,3,1,0,7,6,2,2,3,561.4087,0.4202841101461459,0.0,0.16666666666666666,0.0,0.0,93.56811666666665,0.3333333333333333,0.3333333333333333,0.5
"Cheeseman, Jeremy",10278669,FDU_KNI,Curveball,29,11,0,6,5,0,10,10,3,1,6,858.06507,0.3982928351630443,0.0,0.20689655172413793,0.0,0.0,85.806507,0.3,0.1,0.6
"Cheeseman, Jeremy",10278669,FDU_KNI,Four-Seam,14,7,0,0,2,0,3,6,1,0,3,456.20772999999997,0.20236870711419508,0.0,0.0,0.0,0.0,76.03462166666667,0.16666666666666666,0.0,0.5
"Cheeseman, Jeremy",10278669,FDU_KNI,Sinker,13,6,0,3,1,0,3,6,0,0,0,458.49187,0.1504011733320069,0.0,0.23076923076923078,0.0,0.0,76.41531166666667,0.0,0.0,0.0
"Cihocki, Danny",1000368111,NIU_HUS,Changeup,18,8,2,8,5,2,5,5,1,0,3,399.08878,0.303088374136403,0.25,0.4444444444444444,0.4,0.4,79.817756,0.2,0.0,0.6
"Cihocki, Danny",1000368111,NIU_HUS,Curveball,39,12,1,11,16,4,8,6,2,0,1,515.42885,0.2836417219617904,0.08333333333333333,0.28205128205128205,0.25,0.5,85.90480833333334,0.3333333333333333,0.0,0.16666666666666666
"Cihocki, Danny",1000368111,NIU_HUS,Four-Seam,55,26,3,12,16,1,15,21,5,1,7,1668.94441,0.21867700358628187,0.11538461538461539,0.21818181818181817,0.0625,0.06666666666666667,79.47354333333334,0.23809523809523808,0.047619047619047616,0.3333333333333333
"Cihocki, Danny",1000368111,NIU_HUS,Slider,6,3,0,1,1,0,2,3,1,0,0,262.41199,0.2604730213684127,0.0,0.16666666666666666,0.0,0.0,87.47066333333333,0.3333333333333333,0.0,0.0
"Cisney, Drew",10274960,FDU_KNI,Curveball,1,0,0,0,0,0,0,0,0,0,0,0.0,,,0.0,,,,,,
"Cisney, Drew",10274960,FDU_KNI,Four-Seam,9,0,0,2,0,0,1,0,0,0,0,0.0,,,0.2222222222222222,,0.0,,,,
"Cisney, Drew",10274960,FDU_KNI,Sinker,13,3,0,2,3,0,3,3,0,0,1,197.51758999999998,0.20950363009023207,0.0,0.15384615384615385,0.0,0.0,65.83919666666667,0.0,0.0,0.3333333333333333
"Cisney, Drew",10274960,FDU_KNI,Slider,1,0,0,0,1,0,1,0,0,0,0,0.0,,,0.0,0.0,0.0,,,,
"Cohn, Cooper",1000301881,NIU_HUS,Changeup,1,0,0,0,0,0,0,0,0,0,0,0.0,,,0.0,,,,,,
"Cohn, Cooper",1000301881,NIU_HUS,Four-Seam,72,46,12,19,34,5,23,26,7,0,4,2115.85145,0.21610615834071675,0.2608695652173913,0.2638888888888889,0.14705882352941177,0.21739130434782608,81.37890192307692,0.2692307692307692,0.0,0.15384615384615385
"Cohn, Cooper",1000301881,NIU_HUS,Slider,63,17,3,25,23,2,8,12,2,1,1,964.24494,0.1900196045819502,0.17647058823529413,0.3968253968253968,0.08695652173913043,0.25,80.353745,0.16666666666666666,0.08333333333333333,0.08333333333333333
"Coles, Chad",694311,WAS_WIL3,Curveball,33,8,3,11,12,3,8,4,1,0,2,268.92397,0.23505853931154203,0.375,0.3333333333333333,0.25,0.375,67.2309925,0.25,0.0,0.5
"Coles, Chad",694311,WAS_WIL3,Four-Seam,109,65,20,37,30,6,28,36,6,0,14,2921.4087,0.2662430546586083,0.3076923076923077,0.3394495412844037,0.2,0.21428571428571427,81.15024166666666,0.16666666666666666,0.0,0.3888888888888889
"Coles, Chad",694311,WAS_WIL3,Slider,7,1,0,2,3,0,1,1,0,0,0,76.60137,0.4351443484991633,0.0,0.2857142857142857,0.0,0.0,76.60137,0.0,0.0,0.0
"Coles, Chad",694311,WAS_WIL3,Splitter,24,10,6,8,10,4,7,4,1,0,2,300.79165,0.21639574399555905,0.6,0.3333333333333333,0.4,0.5714285714285714,75.1979125,0.25,0.0,0.5
"Coles, Chad",694311,WAS_WIL3,Sweeper,6,2,2,3,1,1,1,0,0,0,0,0.0,,1.0,0.5,1.0,1.0,,,,
"Collett, Brayden",828819,MIS_MUD,Curveball,2,0,0,0,2,0,0,0,0,0,0,0.0,,,0.0,0.0,,,,,
"Collett, Brayden",828819,MIS_MUD,Cutter,5,2,0,1,1,0,2,1,1,0,0,97.81827,0.35944682189754595,0.0,0.2,0.0,0.0,97.81827,1.0,0.0,0.0
"Collett, Brayden",828819,MIS_MUD,Four-Seam,24,7,0,2,3,0,6,3,0,0,0,236.70897,0.1828767158488586,0.0,0.08333333333333333,0.0,0.0,78.90299,0.0,0.0,0.0
"Collett, Brayden",828819,MIS_MUD,Other,1,0,0,0,0,0,0,0,0,0,0,0.0,,,0.0,,,,,,
"Collett, Brayden",828819,MIS_MUD,Slider,2,0,0,0,2,0,1,0,0,0,0,0.0,,,0.0,0.0,0.0,,,,
"Collina, Chris",1000161275,WAG_SEA,Changeup,17,6,0,2,9,0,2,5,0,0,2,315.5726,0.1114236673686877,0.0,0.11764705882352941,0.0,0.0,63.114520000000006,0.0,0.0,0.4
"Collina, Chris",1000161275,WAG_SEA,Curveball,1,0,0,0,0,0,0,0,0,0,0,0.0,,,0.0,,,,,,
"Collina, Chris",1000161275,WAG_SEA,Four-Seam,8,4,0,0,5,0,3,3,0,0,0,231.35872999999998,0.11042398856237816,0.0,0.0,0.0,0.0,77.11957666666666,0.0,0.0,0.0
"Collina, Chris",1000161275,WAG_SEA,Sinker,2,2,0,0,1,0,1,2,0,0,0,167.82484,0.14580859942796665,0.0,0.0,0.0,0.0,83.91242,0.0,0.0,0.0
"Collina, Chris",1000161275,WAG_SEA,Slider,11,2,1,4,2,1,2,1,0,0,0,69.06113,0.13570842632177238,0.5,0.36363636363636365,0.5,0.5,69.06113,0.0,0.0,0.0
"Collina, Chris",1000161275,WAG_SEA,,3,0,0,0,0,0,0,0,0,0,0,0.0,,,0.0,,,,,,
"Colon, Jeffrey",681738,TRO_AIG,Changeup,4,3,1,1,0,0,2,2,0,0,0,150.76686999999998,0.1637908610833849,0.3333333333333333,0.25,,0.0,75.38343499999999,0.0,0.0,0.0
"Colon, Jeffrey",681738,TRO_AIG,Curveball,7,3,1,1,4,0,1,2,0,0,1,157.74084,0.2875566456977679,0.3333333333333333,0.14285714285714285,0.0,0.0,78.87042,0.0,0.0,0.5
"Colon, Jeffrey",681738,TRO_AIG,Four-Seam,12,5,1,3,4,1,3,4,0,0,2,317.02141,0.1790134935841987,0.2,0.25,0.25,0.3333333333333333,79.2553525,0.0,0.0,0.5
"Colon, Jeffrey",681738,TRO_AIG,Sinker,56,27,5,11,6,2,15,17,4,0,3,1256.83128,0.16857863136149864,0.18518518518518517,0.19642857142857142,0.3333333333333333,0.13333333333333333,73.93125176470589,0.23529411764705882,0.0,0.17647058823529413
"Colon, Jeffrey",681738,TRO_AIG,Slider,74,26,17,35,29,8,18,7,2,0,1,611.08124,0.25598131530508295,0.6538461538461539,0.47297297297297297,0.27586206896551724,0.4444444444444444,87.29732,0.2857142857142857,0.0,0.14285714285714285
"Connors, Luke",1000565941,LEM_COL,Changeup,2,1,0,0,0,0,1,1,0,0,0,93.28096,0.3692786102973066,0.0,0.0,,0.0,93.28096,0.0,0.0,0.0
"Connors, Luke",1000565941,LEM_COL,Four-Seam,27,12,0,8,5,1,8,12,1,0,4,928.35415,0.22857407220701256,0.0,0.2962962962962963,0.2,0.125,77.36284583333334,0.08333333333333333,0.0,0.3333333333333333
"Connors, Luke",1000565941,LEM_COL,Slider,15,6,1,2,2,0,4,5,1,1,2,422.43370000000004,0.37731482224730345,0.16666666666666666,0.13333333333333333,0.0,0.0,84.48674000000001,0.2,0.2,0.4
"Connors, Luke",1000565941,LEM_COL,,1,0,0,0,0,0,1,0,0,0,0,0.0,,,0.0,,0.0,,,,
"Cook, Avery",690004,WIN_CIT29,Changeup,18,8,1,5,5,1,2,6,1,0,1,462.05166,0.14315944377995835,0.125,0.2777777777777778,0.2,0.5,77.00861,0.16666666666666666,0.0,0.16666666666666666
"Cook, Avery",690004,WIN_CIT29,Curveball,39,18,8,16,10,5,9,6,1,0,1,415.66737,0.11789647005580851,0.4444444444444444,0.41025641025641024,0.5,0.5555555555555556,69.277895,0.16666666666666666,0.0,0.16666666666666666
"Cook, Avery",690004,WIN_CIT29,Four-Seam,20,8,0,6,6,0,6,8,2,0,1,675.9486899999999,0.3358418493374689,0.0,0.3,0.0,0.0,84.49358624999999,0.25,0.0,0.125
"Cook, Avery",690004,WIN_CIT29,Sinker,113,37,4,21,26,2,26,24,5,0,4,1955.22547,0.23735375015594415,0.10810810810810811,0.18584070796460178,0.07692307692307693,0.07692307692307693,81.46772791666668,0.20833333333333334,0.0,0.16666666666666666
"Cook, Avery",690004,WIN_CIT29,Slider,43,20,9,16,18,6,13,9,1,0,1,616.19633,0.11748001142541026,0.45,0.37209302325581395,0.3333333333333333,0.46153846153846156,68.46625888888889,0.1111111111111111,0.0,0.1111111111111111
"Cook, Cole",1000161363,SCH_BOO,Changeup,112,52,17,34,17,8,33,28,7,1,9,2356.96445,0.2715120908343459,0.3269230769230769,0.30357142857142855,0.47058823529411764,0.24242424242424243,84.17730178571428,0.25,0.03571428571428571,0.32142857142857145
"Cook, Cole",1000161363,SCH_BOO,Curveball,53,20,10,15,24,7,13,9,2,1,2,656.23471,0.2088081530109025,0.5,0.2830188679245283,0.2916666666666667,0.5384615384615384,72.91496777777778,0.2222222222222222,0.1111111111111111,0.2222222222222222
"Cook, Cole",1000161363,SCH_BOO,Cutter,93,50,12,23,15,3,25,30,3,0,13,2409.42068,0.21441450273679655,0.24,0.24731182795698925,0.2,0.12,80.31402266666667,0.1,0.0,0.43333333333333335
"Cook, Cole",1000161363,SCH_BOO,Four-Seam,190,88,14,61,37,7,51,61,12,2,22,4924.05972,0.27564989599384065,0.1590909090909091,0.32105263157894737,0.1891891891891892,0.13725490196078433,80.72229049180328,0.19672131147540983,0.03278688524590164,0.36065573770491804
"Cook, Cole",1000161363,SCH_BOO,Sinker,65,28,7,25,11,2,16,18,2,0,7,1344.72355,0.2119622751209141,0.25,0.38461538461538464,0.18181818181818182,0.125,74.70686388888889,0.1111111111111111,0.0,0.3888888888888889
"Cook, Cole",1000161363,SCH_BOO,Slider,126,73,40,55,60,25,46,24,2,0,4,1896.302,0.2092422477284972,0.547945205479452,0.4365079365079365,0.4166666666666667,0.5434782608695652,79.01258333333332,0.08333333333333333,0.0,0.16666666666666666
"Cook, Cole",1000161363,SCH_BOO,Splitter,3,0,0,1,0,0,0,0,0,0,0,0.0,,,0.3333333333333333,,,,,,
"Cook, Cole",1000161363,SCH_BOO,,1,1,0,0,0,0,1,0,0,0,0,0.0,,0.0,0.0,,0.0,,,,
"Cooper, Garrett",1000327042,NEW_YOR13,Changeup,109,47,14,30,24,4,23,25,4,1,5,1899.5705,0.2219665804416189,0.2978723404255319,0.27522935779816515,0.16666666666666666,0.17391304347826086,75.98282,0.16,0.04,0.2
"Cooper, Garrett",1000327042,NEW_YOR13,Curveball,92,42,10,26,26,5,29,28,7,0,7,2219.21878,0.22057340912575793,0.23809523809523808,0.2826086956521739,0.19230769230769232,0.1724137931034483,79.25781357142857,0.25,0.0,0.25
"Cooper, Garrett",1000327042,NEW_YOR13,Cutter,10,7,0,2,5,0,1,5,0,0,2,344.77069,0.1785812943143733,0.0,0.2,0.0,0.0,68.954138,0.0,0.0,0.4
"Cooper, Garrett",1000327042,NEW_YOR13,Four-Seam,135,63,5,35,40,5,40,54,12,1,16,4433.95187,0.27723625739463337,0.07936507936507936,0.25925925925925924,0.125,0.125,82.11021981481481,0.2222222222222222,0.018518518518518517,0.2962962962962963
"Cooper, Garrett",1000327042,NEW_YOR13,Sinker,18,8,0,6,1,0,5,7,2,0,2,582.6186299999999,0.25750731087639017,0.0,0.3333333333333333,0.0,0.0,83.23123285714284,0.2857142857142857,0.0,0.2857142857142857
"Cooper, Garrett",1000327042,NEW_YOR13,Slider,57,27,8,17,18,1,17,18,3,0,4,1417.26073,0.204945734340229,0.2962962962962963,0.2982456140350877,0.05555555555555555,0.058823529411764705,78.73670722222222,0.16666666666666666,0.0,0.2222222222222222
"Cooper, Garrett",1000327042,NEW_YOR13,,6,4,0,2,1,0,3,0,0,0,0,0.0,,0.0,0.3333333333333333,0.0,0.0,,,,
"Correa, Nelvin",673388,QUE_CAP,Changeup,46,21,8,11,12,1,10,11,2,0,4,865.21413,0.2437434184512397,0.38095238095238093,0.2391304347826087,0.08333333333333333,0.1,78.65583,0.18181818181818182,0.0,0.36363636363636365
"Correa, Nelvin",673388,QUE_CAP,Curveball,4,1,0,0,1,0,0,1,0,0,0,75.71388,0.15860456105395648,0.0,0.0,0.0,,75.71388,0.0,0.0,0.0
"Correa, Nelvin",673388,QUE_CAP,Cutter,68,37,12,25,11,4,17,19,1,0,4,1337.13515,0.13661087604625052,0.32432432432432434,0.36764705882352944,0.36363636363636365,0.23529411764705882,70.37553421052633,0.05263157894736842,0.0,0.21052631578947367
"Correa, Nelvin",673388,QUE_CAP,Four-Seam,55,19,3,15,7,0,16,15,1,0,2,1180.82242,0.1871247318182492,0.15789473684210525,0.2727272727272727,0.0,0.0,78.72149466666666,0.06666666666666667,0.0,0.13333333333333333
"Correa, Nelvin",673388,QUE_CAP,Sinker,14,6,0,1,4,0,5,6,1,0,2,465.6975,0.2328395362490522,0.0,0.07142857142857142,0.0,0.0,77.61625,0.16666666666666666,0.0,0.3333333333333333
"Correa, Nelvin",673388,QUE_CAP,Slider,72,30,11,26,24,6,23,17,6,0,6,1403.27645,0.27618790827065876,0.36666666666666664,0.3611111111111111,0.25,0.2608695652173913,82.54567352941177,0.35294117647058826,0.0,0.35294117647058826
"Correa, Nelvin",673388,QUE_CAP,Splitter,2,0,0,0,0,0,0,0,0,0,0,0.0,,,0.0,,,,,,
"Corson, Jacob",814311,DOW_EAS1,Changeup,4,1,0,1,0,0,1,1,0,0,0,88.29246,0.32753980223952395,0.0,0.25,,0.0,88.29246,0.0,0.0,0.0
"Corson, Jacob",814311,DOW_EAS1,Curveball,8,4,0,1,4,0,3,3,1,0,2,230.49034,0.22731376864323746,0.0,0.125,0.0,0.0,76.83011333333333,0.3333333333333333,0.0,0.6666666666666666
"Corson, Jacob",814311,DOW_EAS1,Four-Seam,6,4,1,1,0,0,1,3,0,0,0,211.7115,0.14785650558844646,0.25,0.16666666666666666,,0.0,70.5705,0.0,0.0,0.0
"Cosentino, Nick",700818,JOL_SLA,Changeup,11,6,1,1,2,0,1,4,1,0,1,327.74154999999996,0.23940688683181288,0.16666666666666666,0.09090909090909091,0.0,0.0,81.93538749999999,0.25,0.0,0.25
"Cosentino, Nick",700818,JOL_SLA,Cutter,13,7,1,4,3,0,2,4,1,0,0,306.55935999999997,0.17727977549526958,0.14285714285714285,0.3076923076923077,0.0,0.0,76.63983999999999,0.25,0.0,0.0
"Cosentino, Nick",700818,JOL_SLA,Four-Seam,84,33,2,20,22,1,23,27,7,1,10,2281.01976,0.27744038636582113,0.06060606060606061,0.23809523809523808,0.045454545454545456,0.043478260869565216,84.48221333333333,0.25925925925925924,0.037037037037037035,0.37037037037037035
"Cosentino, Nick",700818,JOL_SLA,Other,1,1,0,0,0,0,1,1,0,0,0,74.10212,0.14660614395534444,0.0,0.0,,0.0,74.10212,0.0,0.0,0.0
"Cosentino, Nick",700818,JOL_SLA,Sinker,12,7,1,1,0,0,5,4,0,0,0,319.65642,0.21052872562372185,0.14285714285714285,0.08333333333333333,,0.0,79.914105,0.0,0.0,0.0
"Cosentino, Nick",700818,JOL_SLA,Slider,43,12,3,10,15,1,8,8,1,0,2,620.07953,0.2037135242814523,0.25,0.23255813953488372,0.06666666666666667,0.125,77.50994125,0.125,0.0,0.25
"Cosentino, Nick",700818,JOL_SLA,Splitter,12,3,2,2,4,0,1,0,0,0,0,0.0,,0.6666666666666666,0.16666666666666666,0.0,0.0,,,,
"Cox, Carter",10156934,NIU_HUS,Changeup,5,1,0,0,1,0,0,1,0,0,0,66.87333,0.12465558934963639,0.0,0.0,0.0,,66.87333,0.0,0.0,0.0
"Cox, Carter",10156934,NIU_HUS,Curveball,2,1,1,1,2,1,1,0,0,0,0,0.0,,1.0,0.5,0.5,1.0,,,,
"Cox, Carter",10156934,NIU_HUS,Four-Seam,75,30,7,26,20,7,16,20,8,2,8,1683.05998,0.29827956027499447,0.23333333333333334,0.3466666666666667,0.35,0.4375,84.152999,0.4,0.1,0.4
"Cox, Carter",10156934,NIU_HUS,Slider,40,15,7,16,15,4,11,6,1,0,3,487.79875000000004,0.38911436775589014,0.4666666666666667,0.4,0.26666666666666666,0.36363636363636365,81.29979166666668,0.16666666666666666,0.0,0.5
"Creighton, George",10285333,FDU_KNI,Changeup,22,9,2,3,4,1,7,6,3,2,1,577.26777,0.3246148576799648,0.2222222222222222,0.13636363636363635,0.25,0.14285714285714285,96.211295,0.5,0.3333333333333333,0.16666666666666666
"Creighton, George",10285333,FDU_KNI,Curveball,16,5,2,6,2,0,3,3,0,0,0,207.97613,0.1689396407173088,0.4,0.375,0.0,0.0,69.32537666666667,0.0,0.0,0.0
"Creighton, George",10285333,FDU_KNI,Four-Seam,1,1,0,0,0,0,1,1,0,0,1,60.57924,0.0,0.0,0.0,,0.0,60.57924,0.0,0.0,1.0
"Creighton, George",10285333,FDU_KNI,Slider,4,1,0,0,1,0,1,1,1,0,1,100.84809,0.5058089692882155,0.0,0.0,0.0,0.0,100.84809,1.0,0.0,1.0
"Creighton, George",10285333,FDU_KNI,,1,0,0,1,0,0,0,0,0,0,0,0.0,,,1.0,,,,,,
"Culley, W",,NEW_YOR13,Changeup,21,9,4,5,5,2,5,6,1,0,3,489.26702,0.30721065466431136,0.4444444444444444,0.23809523809523808,0.4,0.4,81.54450333333334,0.16666666666666666,0.0,0.5
"Culley, W",,NEW_YOR13,Curveball,3,3,0,0,2,0,2,3,2,1,2,271.95743,0.3778969187299119,0.0,0.0,0.0,0.0,90.65247666666666,0.6666666666666666,0.3333333333333333,0.6666666666666666
"Culley, W",,NEW_YOR13,Four-Seam,3,0,0,3,0,0,0,0,0,0,0,0.0,,,1.0,,,,,,
"Culley, W",,NEW_YOR13,Sinker,6,2,0,3,1,0,1,2,1,1,1,168.51359,0.2773591394363261,0.0,0.5,0.0,0.0,84.256795,0.5,0.5,0.5
"Culley, W",,NEW_YOR13,Slider,2,0,0,1,0,0,0,0,0,0,0,0.0,,,0.5,,,,,,
"Culley, W",,NEW_YOR13,,2,0,0,0,0,0,0,0,0,0,0,0.0,,,0.0,,,,,,
"Culley, Wesley",1000189068,NEW_YOR13,Changeup,23,7,0,0,6,0,1,3,0,0,0,223.87675000000002,0.1375947050949438,0.0,0.0,0.0,0.0,74.62558333333334,0.0,0.0,0.0
"Culley, Wesley",1000189068,NEW_YOR13,Curveball,5,3,0,2,2,0,2,3,0,0,0,237.18912,0.16571785636653846,0.0,0.4,0.0,0.0,79.06304,0.0,0.0,0.0
"Culley, Wesley",1000189068,NEW_YOR13,Four-Seam,14,6,0,2,4,0,4,5,1,1,2,419.74059,0.2575519826234775,0.0,0.14285714285714285,0.0,0.0,83.948118,0.2,0.2,0.4
"Culley, Wesley",1000189068,NEW_YOR13,Sinker,16,6,0,4,4,0,3,5,1,0,4,398.23528,0.36955387243904714,0.0,0.25,0.0,0.0,79.64705599999999,0.2,0.0,0.8
"Culley, Wesley",1000189068,NEW_YOR13,Slider,21,8,1,6,8,2,6,7,0,0,1,525.47055,0.15725787020321563,0.125,0.2857142857142857,0.25,0.3333333333333333,75.06722142857143,0.0,0.0,0.14285714285714285
"Curry, Braden",839377,TOL_ROC,Changeup,36,19,14,21,15,9,14,3,1,0,1,241.77137,0.25571209254035404,0.7368421052631579,0.5833333333333334,0.6,0.6428571428571429,80.59045666666667,0.3333333333333333,0.0,0.3333333333333333
"Curry, Braden",839377,TOL_ROC,Four-Seam,41,5,0,14,2,1,4,4,0,0,0,304.5258,0.10291228849146325,0.0,0.34146341463414637,0.5,0.25,76.13145,0.0,0.0,0.0
"Curry, Braden",839377,TOL_ROC,Other,1,0,0,0,0,0,0,0,0,0,0,0.0,,,0.0,,,,,,
"Curry, Braden",839377,TOL_ROC,Slider,16,4,2,4,4,0,3,2,0,0,1,116.75533,0.0,0.5,0.25,0.0,0.0,58.377665,0.0,0.0,0.5
"Czesawski, Johnny",1000565197,MIS_MUD,Changeup,3,0,0,2,0,0,0,0,0,0,0,0.0,,,0.6666666666666666,,,,,,
"Czesawski, Johnny",1000565197,MIS_MUD,Sinker,23,8,1,4,8,0,6,7,1,0,3,599.52,0.3366329926167776,0.125,0.17391304347826086,0.0,0.0,85.64571428571428,0.14285714285714285,0.0,0.42857142857142855
"Czesawski, Johnny",1000565197,MIS_MUD,Slider,2,0,0,0,0,0,0,0,0,0,0,0.0,,,0.0,,,,,,
"Czeslawski, Johnny",,MIS_MUD,Changeup,5,1,0,1,1,0,0,1,1,0,0,102.13205,0.4423499786020634,0.0,0.2,0.0,,102.13205,1.0,0.0,0.0
"Czeslawski, Johnny",,MIS_MUD,Curveball,1,1,1,1,1,1,1,0,0,0,0,0.0,,1.0,1.0,1.0,1.0,,,,
"Czeslawski, Johnny",,MIS_MUD,Cutter,3,0,0,0,2,0,1,0,0,0,0,0.0,,,0.0,0.0,0.0,,,,
"Czeslawski, Johnny",,MIS_MUD,Four-Seam,7,3,1,3,3,1,1,2,0,0,1,166.08247,0.3810339969192766,0.3333333333333333,0.42857142857142855,0.3333333333333333,1.0,83.041235,0.0,0.0,0.5
"Czeslawski, Johnny",,MIS_MUD,Sinker,14,3,1,4,4,0,3,3,1,1,2,245.42906,0.20552808835360725,0.3333333333333333,0.2857142857142857,0.0,0.0,81.80968666666666,0.3333333333333333,0.3333333333333333,0.6666666666666666
"Czeslawski, Johnny",,MIS_MUD,Slider,8,5,2,2,5,0,1,1,1,0,1,97.27737,0.42746401280169755,0.4,0.25,0.0,0.0,97.27737,1.0,0.0,1.0
"Czeslawski, Johnny",,MIS_MUD,Splitter,1,0,0,0,1,0,0,0,0,0,0,0.0,,,0.0,0.0,,,,,
"D'Amato, Hunter",822505,SUS_COU1,Changeup,11,5,0,2,0,0,5,5,0,0,4,449.98556,0.45724476071428244,0.0,0.18181818181818182,,0.0,89.997112,0.0,0.0,0.8
"D'Amato, Hunter",822505,SUS_COU1,Curveball,5,3,1,1,2,0,1,1,1,1,1,101.09221,0.4634842988563901,0.3333333333333333,0.2,0.0,0.0,101.09221,1.0,1.0,1.0
"D'Amato, Hunter",822505,SUS_COU1,Four-Seam,13,8,0,1,2,0,6,7,3,0,0,588.36007,0.18668253956050643,0.0,0.07692307692307693,0.0,0.0,84.05143857142856,0.42857142857142855,0.0,0.0
"Daly, Ryan",831333,JOL_SLA,Changeup,135,60,21,35,50,11,30,32,8,1,12,2531.68729,0.2724911722845436,0.35,0.25925925925925924,0.22,0.36666666666666664,79.1152278125,0.25,0.03125,0.375
"Daly, Ryan",831333,JOL_SLA,Curveball,16,5,1,6,6,1,6,3,1,0,1,248.21501,0.22983806186912867,0.2,0.375,0.16666666666666666,0.16666666666666666,82.73833666666667,0.3333333333333333,0.0,0.3333333333333333
"Daly, Ryan",831333,JOL_SLA,Four-Seam,329,136,27,111,93,16,88,104,11,2,38,8247.37833,0.25028967050035983,0.19852941176470587,0.3373860182370821,0.17204301075268819,0.18181818181818182,79.30171471153845,0.10576923076923077,0.019230769230769232,0.36538461538461536
"Daly, Ryan",831333,JOL_SLA,Sinker,102,47,10,31,24,5,21,31,5,1,8,2384.7815,0.19081074252156688,0.2127659574468085,0.30392156862745096,0.20833333333333334,0.23809523809523808,76.92843548387097,0.16129032258064516,0.03225806451612903,0.25806451612903225
"Daly, Ryan",831333,JOL_SLA,Slider,22,11,2,2,12,2,6,6,1,0,1,441.36512,0.19215999415354434,0.18181818181818182,0.09090909090909091,0.16666666666666666,0.3333333333333333,73.56085333333333,0.16666666666666666,0.0,0.16666666666666666
"Daly, Ryan",831333,JOL_SLA,,1,0,0,0,0,0,0,0,0,0,0,0.0,,,0.0,,,,,,
"Darden, Nathan",1000439869,FLO_Y'A,Changeup,13,7,4,5,3,1,2,2,0,0,0,141.94215,0.11092506815011469,0.5714285714285714,0.38461538461538464,0.3333333333333333,0.5,70.971075,0.0,0.0,0.0
"Darden, Nathan",1000439869,FLO_Y'A,Curveball,1,0,0,0,0,0,0,0,0,0,0,0.0,,,0.0,,,,,,
"Darden, Nathan",1000439869,FLO_Y'A,Cutter,19,7,1,4,7,0,5,4,0,0,0,299.78609,0.145825433048061,0.14285714285714285,0.21052631578947367,0.0,0.0,74.9465225,0.0,0.0,0.0
"Darden, Nathan",1000439869,FLO_Y'A,Four-Seam,72,39,7,20,16,3,19,29,3,1,4,2310.44161,0.19132479776663366,0.1794871794871795,0.2777777777777778,0.1875,0.15789473684210525,79.67040034482758,0.10344827586206896,0.034482758620689655,0.13793103448275862
"Darden, Nathan",1000439869,FLO_Y'A,Sinker,2,1,0,0,0,0,1,1,0,0,0,82.62496,0.2327420848585503,0.0,0.0,,0.0,82.62496,0.0,0.0,0.0
"Darden, Nathan",1000439869,FLO_Y'A,Slider,20,8,3,7,4,3,7,4,2,2,4,368.87225,0.4336323100907465,0.375,0.35,0.75,0.42857142857142855,92.2180625,0.5,0.5,1.0
"Darden, Nathan",1000439869,FLO_Y'A,Splitter,2,1,1,1,2,1,1,0,0,0,0,0.0,,1.0,0.5,0.5,1.0,,,,
"Davis, Keith",10165034,WAG_SEA,Curveball,24,4,1,3,7,1,1,1,0,0,0,62.88263,0.04843435796554357,0.25,0.125,0.14285714285714285,1.0,62.88263,0.0,0.0,0.0
"Davis, Keith",10165034,WAG_SEA,Cutter,10,1,0,1,1,0,2,1,0,0,1,71.00247,0.3316258728901734,0.0,0.1,0.0,0.0,71.00247,0.0,0.0,1.0
"Davis, Keith",10165034,WAG_SEA,Four-Seam,24,8,1,6,6,0,5,7,0,0,3,575.7130099999999,0.24723900283535044,0.125,0.25,0.0,0.0,82.2447157142857,0.0,0.0,0.42857142857142855
"Davis, Keith",10165034,WAG_SEA,Sinker,6,1,0,1,2,0,3,1,0,0,1,65.18805,0.2915240595062206,0.0,0.16666666666666666,0.0,0.0,65.18805,0.0,0.0,1.0
"Davis, Keith",10165034,WAG_SEA,Slider,5,2,1,2,3,1,1,0,0,0,0,0.0,,0.5,0.4,0.3333333333333333,1.0,,,,
"Davis, Tyler",824623,WAS_WIL3,Changeup,16,6,3,3,4,1,2,2,0,0,0,152.26242,0.171938081871792,0.5,0.1875,0.25,0.5,76.13121,0.0,0.0,0.0
"Davis, Tyler",824623,WAS_WIL3,Curveball,7,1,0,3,1,0,0,1,0,0,0,83.16482,0.19971802080467027,0.0,0.42857142857142855,0.0,,83.16482,0.0,0.0,0.0
"Davis, Tyler",824623,WAS_WIL3,Cutter,17,7,3,6,6,1,1,4,0,0,1,255.06560000000002,0.0387044352653059,0.42857142857142855,0.35294117647058826,0.16666666666666666,1.0,63.766400000000004,0.0,0.0,0.25
"Davis, Tyler",824623,WAS_WIL3,Four-Seam,119,60,11,34,46,8,31,40,8,0,13,3229.42715,0.25301823111274635,0.18333333333333332,0.2857142857142857,0.17391304347826086,0.25806451612903225,80.73567875,0.2,0.0,0.325
"Davis, Tyler",824623,WAS_WIL3,Sinker,6,4,0,1,3,0,1,4,1,0,1,330.16601,0.22273746718544207,0.0,0.16666666666666666,0.0,0.0,82.5415025,0.25,0.0,0.25
"Davis, Tyler",824623,WAS_WIL3,Slider,21,8,2,9,5,2,6,4,2,0,2,327.20961,0.3202697087231031,0.25,0.42857142857142855,0.4,0.3333333333333333,81.8024025,0.5,0.0,0.5
"Davis, Tyler",824623,WIN_CIT29,Curveball,3,1,0,0,0,0,1,1,0,0,0,83.90596,0.2460918413961748,0.0,0.0,,0.0,83.90596,0.0,0.0,0.0
"Davis, Tyler",824623,WIN_CIT29,Four-Seam,76,26,6,20,12,4,21,19,1,0,0,1436.12186,0.11020003650360867,0.23076923076923078,0.2631578947368421,0.3333333333333333,0.19047619047619047,75.58536105263158,0.05263157894736842,0.0,0.0
"Davis, Tyler",824623,WIN_CIT29,Slider,16,6,0,1,5,1,5,4,1,0,0,274.85208,0.19147088650555333,0.0,0.0625,0.2,0.2,68.71302,0.25,0.0,0.0
"Davis, Tyler",824623,WIN_CIT29,Splitter,1,0,0,0,1,0,0,0,0,0,0,0.0,,,0.0,0.0,,,,,
"Davis, Tyler",824623,WIN_CIT29,,1,0,0,1,0,0,0,0,0,0,0,0.0,,,1.0,,,,,,
"De Los Santos, Enmanuel",679735,NEW_ENG23,Changeup,5,1,0,1,0,0,1,1,1,0,0,96.77246,0.3609399309567616,0.0,0.2,,0.0,96.77246,1.0,0.0,0.0
"De Los Santos, Enmanuel",679735,NEW_ENG23,Curveball,53,11,4,12,9,3,8,5,2,1,1,392.14315,0.208758595923375,0.36363636363636365,0.22641509433962265,0.3333333333333333,0.375,78.42863,0.4,0.2,0.2
"De Los Santos, Enmanuel",679735,NEW_ENG23,Four-Seam,114,51,20,35,20,9,33,26,7,0,10,2165.54877,0.27159150158521156,0.39215686274509803,0.30701754385964913,0.45,0.2727272727272727,83.2903373076923,0.2692307692307692,0.0,0.38461538461538464
"De Los Santos, Enmanuel",679735,NEW_ENG23,Slider,3,2,0,0,1,0,0,1,0,0,0,64.38071,0.018435064734437012,0.0,0.0,0.0,,64.38071,0.0,0.0,0.0
"DeCastro, Justin",1000214319,LON_ISL22,Changeup,122,60,11,27,39,3,35,42,6,2,11,3335.90044,0.23615555200894847,0.18333333333333332,0.22131147540983606,0.07692307692307693,0.08571428571428572,79.42620095238095,0.14285714285714285,0.047619047619047616,0.2619047619047619
"DeCastro, Justin",1000214319,LON_ISL22,Curveball,23,8,1,6,3,0,3,5,0,0,1,323.37703,0.060568358479543984,0.125,0.2608695652173913,0.0,0.0,64.675406,0.0,0.0,0.2
"DeCastro, Justin",1000214319,LON_ISL22,Four-Seam,1,0,0,0,0,0,0,0,0,0,0,0.0,,,0.0,,,,,,
"DeCastro, Justin",1000214319,LON_ISL22,Slider,4,3,1,1,0,0,2,2,0,0,0,128.66971999999998,0.1256882205178449,0.3333333333333333,0.25,,0.0,64.33485999999999,0.0,0.0,0.0
"DeCastro, Justin",1000214319,LON_ISL22,,1,1,0,0,0,0,1,0,0,0,0,0.0,,0.0,0.0,,0.0,,,,
"Debban, Caleb",1000551056,NEW_JER6,Changeup,4,1,1,3,1,1,1,0,0,0,0,0.0,,1.0,0.75,1.0,1.0,,,,
"Debban, Caleb",1000551056,NEW_JER6,Curveball,35,14,7,12,14,6,11,5,2,0,1,421.54744,0.2010519397638782,0.5,0.34285714285714286,0.42857142857142855,0.5454545454545454,84.309488,0.4,0.0,0.2
"Debban, Caleb",1000551056,NEW_JER6,Cutter,56,18,3,15,9,2,10,11,2,0,4,866.23932,0.26185567697155004,0.16666666666666666,0.26785714285714285,0.2222222222222222,0.2,78.74902909090909,0.18181818181818182,0.0,0.36363636363636365
"Debban, Caleb",1000551056,NEW_JER6,Four-Seam,31,8,2,7,6,1,8,5,1,0,2,411.98527,0.22945311010024075,0.25,0.22580645161290322,0.16666666666666666,0.125,82.397054,0.2,0.0,0.4
"Debban, Caleb",1000551056,NEW_JER6,Sinker,9,4,1,3,3,0,0,3,0,0,3,223.46093000000002,0.3668356354018534,0.25,0.3333333333333333,0.0,,74.48697666666668,0.0,0.0,1.0
"Debban, Caleb",1000551056,NEW_JER6,Slider,20,7,3,6,9,1,5,3,0,0,2,223.18469,0.2606594685697075,0.42857142857142855,0.3,0.1111111111111111,0.2,74.39489666666667,0.0,0.0,0.6666666666666666
"Delaney, Carter",1000039247,WIN_CIT29,Changeup,13,8,0,0,4,0,5,7,2,0,1,508.23339,0.17955129858928373,0.0,0.0,0.0,0.0,72.60477,0.2857142857142857,0.0,0.14285714285714285
"Delaney, Carter",1000039247,WIN_CIT29,Curveball,47,15,1,13,7,0,8,10,3,0,2,853.23716,0.3032973858034088,0.06666666666666667,0.2765957446808511,0.0,0.0,85.323716,0.3,0.0,0.2
"Delaney, Carter",1000039247,WIN_CIT29,Four-Seam,76,35,7,19,24,6,22,20,3,0,4,1588.38433,0.22821465707418712,0.2,0.25,0.25,0.2727272727272727,79.4192165,0.15,0.0,0.2
"Delaney, Carter",1000039247,WIN_CIT29,Sinker,3,1,0,1,0,0,1,1,0,0,0,79.25817,0.18791728416195197,0.0,0.3333333333333333,,0.0,79.25817,0.0,0.0,0.0
"Delaney, Carter",1000039247,WIN_CIT29,Slider,44,15,6,14,9,4,12,7,3,0,4,602.61724,0.39444122595094555,0.4,0.3181818181818182,0.4444444444444444,0.3333333333333333,86.08817714285715,0.42857142857142855,0.0,0.5714285714285714
"Delleman, Ian",1000321830,WIN_CIT29,Changeup,1,0,0,0,0,0,1,0,0,0,0,0.0,,,0.0,,0.0,,,,
"Delleman, Ian",1000321830,WIN_CIT29,Curveball,3,0,0,1,0,0,0,0,0,0,0,0.0,,,0.3333333333333333,,,,,,
"Delleman, Ian",1000321830,WIN_CIT29,Cutter,2,0,0,0,0,0,0,0,0,0,0,0.0,,,0.0,,,,,,
"Delleman, Ian",1000321830,WIN_CIT29,Four-Seam,21,10,2,4,7,0,4,8,2,1,3,619.1541599999999,0.24020502141751754,0.2,0.19047619047619047,0.0,0.0,77.39426999999999,0.25,0.125,0.375
"Delleman, Ian",1000321830,WIN_CIT29,Sinker,4,1,0,0,1,0,1,0,0,0,0,0.0,,0.0,0.0,0.0,0.0,,,,
"Delleman, Ian",1000321830,WIN_CIT29,Slider,9,3,0,1,5,0,1,2,0,0,0,153.67320999999998,0.16072228830123386,0.0,0.1111111111111111,0.0,0.0,76.83660499999999,0.0,0.0,0.0
"Delleman, Ian",1000321830,WIN_CIT29,,4,3,0,0,3,0,1,0,0,0,0,0.0,,0.0,0.0,0.0,0.0,,,,
"Delongchamp, Luke",802194,TRI_VAL,Changeup,100,51,9,20,26,3,27,36,9,2,15,2834.19116,0.25219124156865164,0.17647058823529413,0.2,0.11538461538461539,0.1111111111111111,78.72753222222222,0.25,0.05555555555555555,0.4166666666666667
"Delongchamp, Luke",802194,TRI_VAL,Curveball,15,5,3,6,3,0,3,1,0,0,0,86.25787,0.25254442898315965,0.6,0.4,0.0,0.0,86.25787,0.0,0.0,0.0
"Delongchamp, Luke",802194,TRI_VAL,Four-Seam,10,1,0,2,3,0,2,1,0,0,0,69.6021,0.08767280279813372,0.0,0.2,0.0,0.0,69.6021,0.0,0.0,0.0
"Delongchamp, Luke",802194,TRI_VAL,Sinker,50,18,0,8,11,1,13,14,4,1,5,1144.1936,0.27483041186371737,0.0,0.16,0.09090909090909091,0.07692307692307693,81.72811428571428,0.2857142857142857,0.07142857142857142,0.35714285714285715
"Delongchamp, Luke",802194,TRI_VAL,Slider,25,10,4,11,3,1,5,6,1,0,2,472.89416,0.19660159815888734,0.4,0.44,0.3333333333333333,0.2,78.81569333333333,0.16666666666666666,0.0,0.3333333333333333
"Delongchamp, Luke",802194,TRI_VAL,Splitter,2,2,0,0,1,0,2,2,1,0,0,171.62637999999998,0.24554168640171736,0.0,0.0,0.0,0.0,85.81318999999999,0.5,0.0,0.0
"Delongchamp, Luke",802194,TRI_VAL,,1,0,0,1,1,1,1,0,0,0,0,0.0,,,1.0,1.0,1.0,,,,
"Delvecchio, Dylan",805203,LAK_ERI24,Changeup,6,1,0,1,1,0,1,1,0,0,0,77.1303,0.13053958829815604,0.0,0.16666666666666666,0.0,0.0,77.1303,0.0,0.0,0.0
"Delvecchio, Dylan",805203,LAK_ERI24,Curveball,5,1,0,1,2,0,0,0,0,0,0,0.0,,0.0,0.2,0.0,,,,,
"Delvecchio, Dylan",805203,LAK_ERI24,Four-Seam,31,9,1,7,7,0,5,7,1,1,0,566.42103,0.15300983986903344,0.1111111111111111,0.22580645161290322,0.0,0.0,80.91729,0.14285714285714285,0.14285714285714285,0.0
"Delvecchio, Dylan",805203,LAK_ERI24,Slider,11,2,0,1,9,0,4,2,0,0,0,130.79028,0.16803514253654978,0.0,0.09090909090909091,0.0,0.0,65.39514,0.0,0.0,0.0
"Dill, Austin",1000429156,TRI_VAL,Changeup,184,90,38,51,51,10,37,36,7,0,8,2818.09153,0.21774693318871527,0.4222222222222222,0.27717391304347827,0.19607843137254902,0.2702702702702703,78.28032027777778,0.19444444444444445,0.0,0.2222222222222222
"Dill, Austin",1000429156,TRI_VAL,Curveball,38,18,7,11,19,4,12,11,3,1,2,836.43956,0.24099927759752224,0.3888888888888889,0.2894736842105263,0.21052631578947367,0.3333333333333333,76.03996000000001,0.2727272727272727,0.09090909090909091,0.18181818181818182
"Dill, Austin",1000429156,TRI_VAL,Four-Seam,94,42,5,23,15,3,27,33,7,3,10,2694.9356,0.23535825399865357,0.11904761904761904,0.24468085106382978,0.2,0.1111111111111111,81.66471515151514,0.21212121212121213,0.09090909090909091,0.30303030303030304
"Dill, Austin",1000429156,TRI_VAL,Sinker,192,99,2,37,35,1,59,83,13,3,30,6754.69538,0.2656025914718654,0.020202020202020204,0.19270833333333334,0.02857142857142857,0.01694915254237288,81.38187204819278,0.1566265060240964,0.03614457831325301,0.3614457831325301
"Dill, Austin",1000429156,TRI_VAL,Slider,70,26,7,14,14,4,17,19,3,0,8,1399.20288,0.23726788578326546,0.2692307692307692,0.2,0.2857142857142857,0.23529411764705882,73.64225684210527,0.15789473684210525,0.0,0.42105263157894735
"Dill, Austin",1000429156,TRI_VAL,,1,0,0,0,0,0,0,0,0,0,0,0.0,,,0.0,,,,,,
"Dima, Josh",1000098214,GAT_GRI,Changeup,24,12,2,4,8,2,10,10,2,0,4,759.78716,0.24910112497151388,0.16666666666666666,0.16666666666666666,0.25,0.2,75.97871599999999,0.2,0.0,0.4
"Dima, Josh",1000098214,GAT_GRI,Curveball,37,18,4,11,15,3,11,10,4,1,3,845.69218,0.2996267887632775,0.2222222222222222,0.2972972972972973,0.2,0.2727272727272727,84.569218,0.4,0.1,0.3
"Dima, Josh",1000098214,GAT_GRI,Cutter,28,12,4,8,6,1,7,6,0,0,0,435.42043,0.15618812761603387,0.3333333333333333,0.2857142857142857,0.16666666666666666,0.14285714285714285,72.57007166666666,0.0,0.0,0.0
"Dima, Josh",1000098214,GAT_GRI,Four-Seam,189,74,26,71,53,16,40,45,4,0,14,3448.09895,0.21236201909490562,0.35135135135135137,0.37566137566137564,0.3018867924528302,0.4,76.62442111111112,0.08888888888888889,0.0,0.3111111111111111
"Dima, Josh",1000098214,GAT_GRI,Sinker,18,4,1,8,6,3,5,2,2,1,2,205.46116,0.5845517911605997,0.25,0.4444444444444444,0.5,0.6,102.73058,1.0,0.5,1.0
"Dima, Josh",1000098214,GAT_GRI,Slider,97,40,12,28,27,3,23,22,2,0,7,1699.52194,0.21293488855857765,0.3,0.28865979381443296,0.1111111111111111,0.13043478260869565,77.25099727272728,0.09090909090909091,0.0,0.3181818181818182
"Dima, Josh",1000098214,GAT_GRI,Splitter,3,1,0,0,1,0,0,0,0,0,0,0.0,,0.0,0.0,0.0,,,,,
"Donnan, Blake",1000557509,FLO_Y'A,Changeup,11,5,1,1,2,1,2,3,0,0,1,214.67109,0.18472787368251883,0.2,0.09090909090909091,0.5,0.5,71.55703,0.0,0.0,0.3333333333333333
"Donnan, Blake",1000557509,FLO_Y'A,Cutter,21,8,1,4,5,0,3,5,0,0,0,405.33795,0.1415432617333725,0.125,0.19047619047619047,0.0,0.0,81.06759,0.0,0.0,0.0
"Donnan, Blake",1000557509,FLO_Y'A,Four-Seam,1,0,0,0,1,0,0,0,0,0,0,0.0,,,0.0,0.0,,,,,
"Donnan, Blake",1000557509,FLO_Y'A,Sinker,170,49,7,38,28,1,43,36,6,1,19,2930.79851,0.29347288334823507,0.14285714285714285,0.2235294117647059,0.03571428571428571,0.023255813953488372,81.41106972222222,0.16666666666666666,0.027777777777777776,0.5277777777777778
"Donnan, Blake",1000557509,FLO_Y'A,Slider,65,29,15,26,23,9,17,10,1,0,3,715.08332,0.18593542275738822,0.5172413793103449,0.4,0.391304347826087,0.5294117647058824,71.508332,0.1,0.0,0.3
"Donnan, Blake",1000557509,FLO_Y'A,Sweeper,1,1,0,0,1,0,1,1,0,0,0,89.56514,0.29451860661450935,0.0,0.0,0.0,0.0,89.56514,0.0,0.0,0.0
"Donnan, Blake",1000557509,FLO_Y'A,,5,0,0,0,0,0,2,0,0,0,0,0.0,,,0.0,,0.0,,,,
"Doyle, Evan",1000397851,FDU_KNI,Changeup,1,1,1,1,0,0,0,0,0,0,0,0.0,,1.0,1.0,,,,,,
"Doyle, Evan",1000397851,FDU_KNI,Curveball,4,2,1,2,1,0,1,1,0,0,0,91.65075,0.2791667093390675,0.5,0.5,0.0,0.0,91.65075,0.0,0.0,0.0
"Doyle, Evan",1000397851,FDU_KNI,Cutter,1,1,0,0,0,0,0,1,0,0,0,75.23013,0.1154688566583798,0.0,0.0,,,75.23013,0.0,0.0,0.0
"Doyle, Evan",1000397851,FDU_KNI,Four-Seam,11,5,0,2,1,0,3,3,1,0,1,268.63338999999996,0.3002802477097019,0.0,0.18181818181818182,0.0,0.0,89.54446333333333,0.3333333333333333,0.0,0.3333333333333333
"Doyle, Evan",1000397851,FDU_KNI,Slider,12,6,2,3,4,0,4,4,0,0,2,316.60544,0.1660468900876399,0.3333333333333333,0.25,0.0,0.0,79.15136,0.0,0.0,0.5
"Drakeford, Dosie",836144,NEW_JER6,Changeup,35,14,7,11,7,3,9,8,0,0,2,567.25801,0.13917569456725032,0.5,0.3142857142857143,0.42857142857142855,0.3333333333333333,70.90725125,0.0,0.0,0.25
"Drakeford, Dosie",836144,NEW_JER6,Curveball,4,3,2,2,1,1,2,1,1,0,1,96.66035,0.4274269880052737,0.6666666666666666,0.5,1.0,0.5,96.66035,1.0,0.0,1.0
"Drakeford, Dosie",836144,NEW_JER6,Four-Seam,55,27,2,9,10,1,10,22,3,1,9,1795.19735,0.20355898309951403,0.07407407407407407,0.16363636363636364,0.1,0.1,81.59987954545454,0.13636363636363635,0.045454545454545456,0.4090909090909091
"Drakeford, Dosie",836144,NEW_JER6,Other,1,0,0,0,0,0,1,0,0,0,0,0.0,,,0.0,,0.0,,,,
"Drakeford, Dosie",836144,NEW_JER6,Sinker,4,2,0,0,1,0,1,2,1,0,1,175.19867,0.24704234649763773,0.0,0.0,0.0,0.0,87.599335,0.5,0.0,0.5
"Drakeford, Dosie",836144,NEW_JER6,Slider,26,14,7,12,8,4,9,6,1,0,3,457.70082,0.3142964964377554,0.5,0.46153846153846156,0.5,0.4444444444444444,76.28347000000001,0.16666666666666666,0.0,0.5
"Drakeford, Dosie",836144,NEW_JER6,,4,0,0,0,0,0,0,0,0,0,0,0.0,,,0.0,,,,,,
"Dubois, Harrison",803031,JOL_SLA,Changeup,8,5,5,6,2,2,2,0,0,0,0,0.0,,1.0,0.75,1.0,1.0,,,,
"Dubois, Harrison",803031,JOL_SLA,Four-Seam,2,1,0,0,0,0,1,1,0,0,0,83.94209,0.2223151686599354,0.0,0.0,,0.0,83.94209,0.0,0.0,0.0
"Dubois, Harrison",803031,JOL_SLA,Sinker,25,9,0,8,4,0,8,9,2,0,4,734.7737500000001,0.325751859270347,0.0,0.32,0.0,0.0,81.64152777777778,0.2222222222222222,0.0,0.4444444444444444
"Dubois, Harrison",803031,JOL_SLA,Slider,9,4,0,1,1,0,3,4,1,0,0,321.38106,0.20489733341647234,0.0,0.1111111111111111,0.0,0.0,80.345265,0.25,0.0,0.0
"Duby, Bill",1000270408,NEW_JER6,Changeup,133,71,15,42,28,8,37,46,17,2,15,4071.66404,0.3055501424459318,0.2112676056338028,0.3157894736842105,0.2857142857142857,0.21621621621621623,88.51443565217392,0.3695652173913043,0.043478260869565216,0.32608695652173914
"Duby, Bill",1000270408,NEW_JER6,Curveball,10,3,1,1,2,1,3,2,1,1,1,181.04387,0.2611804908267995,0.3333333333333333,0.1,0.5,0.3333333333333333,90.521935,0.5,0.5,0.5
"Duby, Bill",1000270408,NEW_JER6,Four-Seam,6,4,0,2,1,1,2,3,2,1,1,273.41595,0.3415742105592841,0.0,0.3333333333333333,1.0,0.5,91.13865,0.6666666666666666,0.3333333333333333,0.3333333333333333
"Duby, Bill",1000270408,NEW_JER6,Sinker,91,48,4,18,20,1,28,39,7,0,16,3240.49288,0.2844961036197255,0.08333333333333333,0.1978021978021978,0.05,0.03571428571428571,83.08956102564102,0.1794871794871795,0.0,0.41025641025641024
"Duby, Bill",1000270408,NEW_JER6,Slider,55,33,5,10,20,1,17,24,4,1,4,1880.09801,0.20431950133236543,0.15151515151515152,0.18181818181818182,0.05,0.058823529411764705,78.33741708333334,0.16666666666666666,0.041666666666666664,0.16666666666666666
"Duby, Bill",1000270408,NEW_JER6,Splitter,45,29,5,9,17,2,16,20,4,1,10,1691.77558,0.3038406522486204,0.1724137931034483,0.2,0.11764705882352941,0.125,84.588779,0.2,0.05,0.5
"Duby, Bill",1000270408,NEW_JER6,,3,2,1,2,1,1,1,0,0,0,0,0.0,,0.5,0.6666666666666666,1.0,1.0,,,,
"Duncan, Tanner",677365,DOW_EAS1,Changeup,32,12,5,8,8,0,4,4,1,0,1,342.63364,0.31127622871140986,0.4166666666666667,0.25,0.0,0.0,85.65841,0.25,0.0,0.25
"Duncan, Tanner",677365,DOW_EAS1,Curveball,17,6,3,9,3,2,4,3,0,0,0,228.21792,0.0982196654692125,0.5,0.5294117647058824,0.6666666666666666,0.5,76.07263999999999,0.0,0.0,0.0
"Duncan, Tanner",677365,DOW_EAS1,Cutter,16,6,4,6,5,1,2,2,0,0,1,149.30277,0.1793020896772138,0.6666666666666666,0.375,0.2,0.5,74.651385,0.0,0.0,0.5
"Duncan, Tanner",677365,DOW_EAS1,Four-Seam,97,46,9,26,27,7,28,30,4,0,14,2474.44942,0.2896819799723029,0.1956521739130435,0.26804123711340205,0.25925925925925924,0.25,82.48164733333333,0.13333333333333333,0.0,0.4666666666666667
"Duncan, Tanner",677365,DOW_EAS1,Sinker,4,2,0,1,1,0,2,2,0,0,0,145.38528,0.12828611343609764,0.0,0.25,0.0,0.0,72.69264,0.0,0.0,0.0
"Duncan, Tanner",677365,DOW_EAS1,Slider,34,10,5,7,8,1,7,4,0,0,0,281.62208,0.13738203302919233,0.5,0.20588235294117646,0.125,0.14285714285714285,70.40552,0.0,0.0,0.0
"Duncan, Tanner",677365,DOW_EAS1,,4,0,0,0,1,0,1,0,0,0,0,0.0,,,0.0,0.0,0.0,,,,
"Earle, Mitchell",1000565950,LEM_COL,Changeup,3,0,0,2,0,0,0,0,0,0,0,0.0,,,0.6666666666666666,,,,,,
"Earle, Mitchell",1000565950,LEM_COL,Curveball,5,0,0,0,1,0,0,0,0,0,0,0.0,,,0.0,0.0,,,,,
"Earle, Mitchell",1000565950,LEM_COL,Four-Seam,1,0,0,0,0,0,0,0,0,0,0,0.0,,,0.0,,,,,,
"Earle, Mitchell",1000565950,LEM_COL,Sinker,15,4,0,4,2,0,5,4,3,0,2,383.08503,0.4881821139658084,0.0,0.26666666666666666,0.0,0.0,95.7712575,0.75,0.0,0.5
"Earwood, Micah",,SUS_COU1,Changeup,5,1,0,1,0,0,2,1,0,0,0,68.26319,0.09567042778221047,0.0,0.2,,0.0,68.26319,0.0,0.0,0.0
"Earwood, Micah",,SUS_COU1,Curveball,15,3,3,6,5,2,2,0,0,0,0,0.0,,1.0,0.4,0.4,1.0,,,,
"Earwood, Micah",,SUS_COU1,Sinker,4,0,0,1,0,0,0,0,0,0,0,0.0,,,0.25,,,,,,
"Earwood, Micah",,SUS_COU1,Slider,6,4,2,4,2,1,1,1,0,0,0,49.46064,0.0,0.5,0.6666666666666666,0.5,1.0,49.46064,0.0,0.0,0.0
"Earwood, Micah",,SUS_COU1,Splitter,1,0,0,0,1,0,0,0,0,0,0,0.0,,,0.0,0.0,,,,,
"Earwood, Micah",,SUS_COU1,Sweeper,6,2,1,2,1,1,3,1,0,0,1,72.45747,0.3713464972037581,0.5,0.3333333333333333,1.0,0.3333333333333333,72.45747,0.0,0.0,1.0
"Eaton, Austin",822902,WAS_WIL3,Changeup,1,0,0,0,1,0,0,0,0,0,0,0.0,,,0.0,0.0,,,,,
"Eaton, Austin",822902,WAS_WIL3,Curveball,7,2,0,2,2,0,2,4,0,0,2,241.99671999999998,0.10295110629923641,0.0,0.2857142857142857,0.0,0.0,60.499179999999996,0.0,0.0,0.5
"Eaton, Austin",822902,WAS_WIL3,Four-Seam,27,13,1,7,5,1,8,10,2,0,3,809.30181,0.30514878437118215,0.07692307692307693,0.25925925925925924,0.2,0.125,80.930181,0.2,0.0,0.3
"Eaton, Austin",822902,WAS_WIL3,Sinker,6,2,0,0,0,0,1,1,0,0,1,72.52824,0.3791182021708729,0.0,0.0,,0.0,72.52824,0.0,0.0,1.0
"Eaton, Austin",822902,WAS_WIL3,Slider,12,7,2,5,5,1,3,4,0,0,1,317.18069,0.20359272068965406,0.2857142857142857,0.4166666666666667,0.2,0.3333333333333333,79.2951725,0.0,0.0,0.25
"Eaton, Austin",822902,WAS_WIL3,,1,1,0,0,0,0,1,0,0,0,0,0.0,,0.0,0.0,,0.0,,,,
"Eckaus, David",824671,EVA_OTT,Changeup,2,0,0,0,1,0,0,0,0,0,0,0.0,,,0.0,0.0,,,,,
"Eckaus, David",824671,EVA_OTT,Cutter,8,2,0,2,2,0,2,2,1,0,0,183.14496,0.25692146208000366,0.0,0.25,0.0,0.0,91.57248,0.5,0.0,0.0
"Eckaus, David",824671,EVA_OTT,Four-Seam,105,46,4,28,27,5,28,31,3,1,11,2463.04671,0.2462111427486083,0.08695652173913043,0.26666666666666666,0.18518518518518517,0.17857142857142858,79.45311967741935,0.0967741935483871,0.03225806451612903,0.3548387096774194
"Eckaus, David",824671,EVA_OTT,Sinker,15,7,1,4,3,1,6,6,2,0,2,534.96162,0.3539170663908287,0.14285714285714285,0.26666666666666666,0.3333333333333333,0.16666666666666666,89.16027000000001,0.3333333333333333,0.0,0.3333333333333333
"Eckaus, David",824671,EVA_OTT,Slider,70,27,12,25,17,6,18,12,2,0,3,953.7668,0.2299445845624355,0.4444444444444444,0.35714285714285715,0.35294117647058826,0.3333333333333333,79.48056666666666,0.16666666666666666,0.0,0.25
"Eckaus, David",824671,EVA_OTT,Sweeper,1,0,0,0,1,0,0,0,0,0,0,0.0,,,0.0,0.0,,,,,
"Eckaus, David",824671,EVA_OTT,,1,0,0,0,0,0,0,0,0,0,0,0.0,,,0.0,,,,,,
"Eisenbarger, Jack",1000570067,QUE_CAP,Changeup,69,34,16,23,22,7,22,13,5,1,6,1103.57139,0.31273569554674113,0.47058823529411764,0.3333333333333333,0.3181818181818182,0.3181818181818182,84.89010692307693,0.38461538461538464,0.07692307692307693,0.46153846153846156
"Eisenbarger, Jack",1000570067,QUE_CAP,Curveball,15,5,1,2,6,0,1,4,1,1,2,235.04774,0.15574079409542216,0.2,0.13333333333333333,0.0,0.0,58.761935,0.25,0.25,0.5
"Eisenbarger, Jack",1000570067,QUE_CAP,Four-Seam,84,25,8,28,20,7,18,17,2,0,4,1290.75931,0.16558179663327924,0.32,0.3333333333333333,0.35,0.3888888888888889,75.92701823529411,0.11764705882352941,0.0,0.23529411764705882
"Eisenbarger, Jack",1000570067,QUE_CAP,Slider,7,1,1,2,0,0,0,0,0,0,0,0.0,,1.0,0.2857142857142857,,,,,,
"Eisenbarger, Jack",1000570067,QUE_CAP,,3,1,0,1,0,0,1,0,0,0,0,0.0,,0.0,0.3333333333333333,,0.0,,,,
"Eldred, Zach",1000227712,NEW_ENG23,Changeup,38,17,5,7,15,3,16,12,2,1,4,1007.83136,0.3265490063935581,0.29411764705882354,0.18421052631578946,0.2,0.1875,83.98594666666666,0.16666666666666666,0.08333333333333333,0.3333333333333333
"Eldred, Zach",1000227712,NEW_ENG23,Curveball,53,12,4,20,11,1,9,7,1,1,4,626.17064,0.3779232322097236,0.3333333333333333,0.37735849056603776,0.09090909090909091,0.1111111111111111,89.45294857142858,0.14285714285714285,0.14285714285714285,0.5714285714285714
"Eldred, Zach",1000227712,NEW_ENG23,Cutter,14,7,1,5,2,0,5,5,0,0,1,430.85612000000003,0.2878200250477797,0.14285714285714285,0.35714285714285715,0.0,0.0,86.17122400000001,0.0,0.0,0.2
"Eldred, Zach",1000227712,NEW_ENG23,Four-Seam,327,146,19,68,80,11,89,113,24,5,27,9169.48454,0.2460684659828984,0.13013698630136986,0.20795107033639143,0.1375,0.12359550561797752,81.14588088495574,0.21238938053097345,0.04424778761061947,0.23893805309734514
"Eldred, Zach",1000227712,NEW_ENG23,Sinker,66,25,5,24,10,2,17,18,2,0,5,1431.53669,0.23244910694631754,0.2,0.36363636363636365,0.2,0.11764705882352941,79.5298161111111,0.1111111111111111,0.0,0.2777777777777778
"Eldred, Zach",1000227712,NEW_ENG23,Slider,84,31,10,29,21,5,16,18,9,1,6,1597.59496,0.35979311825353066,0.3225806451612903,0.34523809523809523,0.23809523809523808,0.3125,88.75527555555556,0.5,0.05555555555555555,0.3333333333333333
"Eldred, Zach",1000227712,NEW_ENG23,Splitter,35,15,8,10,22,6,9,4,2,0,2,296.33046,0.31500326275062546,0.5333333333333333,0.2857142857142857,0.2727272727272727,0.6666666666666666,74.082615,0.5,0.0,0.5
"Elliott, Eric",830233,MIS_MUD,Changeup,1,0,0,0,0,0,0,0,0,0,0,0.0,,,0.0,,,,,,
"Elliott, Eric",830233,MIS_MUD,Curveball,1,0,0,1,1,1,1,0,0,0,0,0.0,,,1.0,1.0,1.0,,,,
"Elliott, Eric",830233,MIS_MUD,Cutter,1,0,0,1,0,0,0,0,0,0,0,0.0,,,1.0,,,,,,
"Elliott, Eric",830233,MIS_MUD,Four-Seam,43,15,3,7,5,0,10,11,3,0,3,927.90426,0.2123334783493579,0.2,0.16279069767441862,0.0,0.0,84.35493272727273,0.2727272727272727,0.0,0.2727272727272727
"Elliott, Eric",830233,MIS_MUD,Slider,3,1,0,1,3,1,2,1,0,0,0,87.80813,0.3280146438355953,0.0,0.3333333333333333,0.3333333333333333,0.5,87.80813,0.0,0.0,0.0
"Encarnacion, J.D.",1000563022,EVA_OTT,Changeup,24,9,0,1,13,0,6,8,1,0,0,552.27953,0.16372070650625165,0.0,0.041666666666666664,0.0,0.0,69.03494125,0.125,0.0,0.0
"Encarnacion, J.D.",1000563022,EVA_OTT,Curveball,30,17,4,8,10,1,11,11,4,0,8,992.06838,0.39957390490780625,0.23529411764705882,0.26666666666666666,0.1,0.09090909090909091,90.18803454545456,0.36363636363636365,0.0,0.7272727272727273
"Encarnacion, J.D.",1000563022,EVA_OTT,Cutter,20,8,1,4,4,1,6,6,1,1,2,496.04389000000003,0.2371729869520515,0.125,0.2,0.25,0.16666666666666666,82.67398166666668,0.16666666666666666,0.16666666666666666,0.3333333333333333
"Encarnacion, J.D.",1000563022,EVA_OTT,Four-Seam,188,96,22,53,49,10,54,59,14,3,21,4773.62966,0.2422778066549196,0.22916666666666666,0.28191489361702127,0.20408163265306123,0.18518518518518517,80.90897728813559,0.23728813559322035,0.05084745762711865,0.3559322033898305
"Encarnacion, J.D.",1000563022,EVA_OTT,Other,1,0,0,0,1,0,0,0,0,0,0,0.0,,,0.0,0.0,,,,,
"Encarnacion, J.D.",1000563022,EVA_OTT,Sinker,1,0,0,0,1,0,0,0,0,0,0,0.0,,,0.0,0.0,,,,,
"Encarnacion, J.D.",1000563022,EVA_OTT,Slider,88,38,6,31,22,2,18,29,6,1,9,2349.13932,0.22863808112215092,0.15789473684210525,0.3522727272727273,0.09090909090909091,0.1111111111111111,81.00480413793105,0.20689655172413793,0.034482758620689655,0.3103448275862069
"Encarnacion, J.D.",1000563022,EVA_OTT,,1,0,0,0,0,0,0,0,0,0,0,0.0,,,0.0,,,,,,
"Escobar, Anthony",678673,TRO_AIG,Changeup,82,42,14,17,31,6,20,23,1,0,3,1630.09381,0.12286569376250181,0.3333333333333333,0.2073170731707317,0.1935483870967742,0.3,70.87364391304348,0.043478260869565216,0.0,0.13043478260869565
"Escobar, Anthony",678673,TRO_AIG,Curveball,31,16,3,4,13,2,9,12,2,0,6,964.93434,0.24503097311357816,0.1875,0.12903225806451613,0.15384615384615385,0.2222222222222222,80.411195,0.16666666666666666,0.0,0.5
"Escobar, Anthony",678673,TRO_AIG,Cutter,3,1,0,0,0,0,1,1,0,0,0,71.85762,0.12540763544146394,0.0,0.0,,0.0,71.85762,0.0,0.0,0.0
"Escobar, Anthony",678673,TRO_AIG,Four-Seam,230,102,15,58,89,14,59,74,8,2,30,5939.0415,0.2491337095208273,0.14705882352941177,0.25217391304347825,0.15730337078651685,0.23728813559322035,80.25731756756757,0.10810810810810811,0.02702702702702703,0.40540540540540543
"Escobar, Anthony",678673,TRO_AIG,Sinker,118,54,8,31,9,2,32,39,10,1,10,3312.78252,0.3322654535151751,0.14814814814814814,0.2627118644067797,0.2222222222222222,0.0625,84.94314153846155,0.2564102564102564,0.02564102564102564,0.2564102564102564
"Escobar, Anthony",678673,TRO_AIG,Slider,149,77,21,47,35,6,41,50,10,0,16,4039.72408,0.26817059278073285,0.2727272727272727,0.31543624161073824,0.17142857142857143,0.14634146341463414,80.7944816,0.2,0.0,0.32
"Escobar, Anthony",678673,TRO_AIG,Splitter,1,1,0,0,0,0,0,1,0,0,0,59.44912,0.006341963062270084,0.0,0.0,,,59.44912,0.0,0.0,0.0
"Escobar, Anthony",678673,TRO_AIG,,13,8,1,4,3,0,6,0,0,0,0,0.0,,0.125,0.3076923076923077,0.0,0.0,,,,
"Esposito, Michael",1000059095,NEW_ENG23,Changeup,6,1,0,0,4,0,0,1,0,0,0,64.79825,0.018665721272881464,0.0,0.0,0.0,,64.79825,0.0,0.0,0.0
"Esposito, Michael",1000059095,NEW_ENG23,Curveball,3,0,0,0,1,0,0,0,0,0,0,0.0,,,0.0,0.0,,,,,
"Esposito, Michael",1000059095,NEW_ENG23,Four-Seam,139,60,14,44,47,8,33,39,7,0,12,3153.3632,0.248958493651834,0.23333333333333334,0.31654676258992803,0.1702127659574468,0.24242424242424243,80.85546666666666,0.1794871794871795,0.0,0.3076923076923077
"Esposito, Michael",1000059095,NEW_ENG23,Other,1,0,0,0,0,0,0,0,0,0,0,0.0,,,0.0,,,,,,
"Esposito, Michael",1000059095,NEW_ENG23,Sinker,36,11,2,6,6,1,7,8,0,0,1,609.38794,0.1965869714921346,0.18181818181818182,0.16666666666666666,0.16666666666666666,0.14285714285714285,76.1734925,0.0,0.0,0.125
"Esposito, Michael",1000059095,NEW_ENG23,Slider,25,13,0,1,10,0,9,13,3,2,5,996.50015,0.2442743531783954,0.0,0.04,0.0,0.0,76.6538576923077,0.23076923076923078,0.15384615384615385,0.38461538461538464
"Esposito, Michael",1000059095,NEW_ENG23,,2,1,0,1,0,0,1,0,0,0,0,0.0,,0.0,0.5,,0.0,,,,
"Estrella, Noah",805762,TRI_VAL,Changeup,1,0,0,1,0,0,0,0,0,0,0,0.0,,,1.0,,,,,,
"Estrella, Noah",805762,TRI_VAL,Curveball,3,1,1,1,2,1,1,0,0,0,0,0.0,,1.0,0.3333333333333333,0.5,1.0,,,,
"Estrella, Noah",805762,TRI_VAL,Four-Seam,52,25,2,8,15,0,13,22,6,1,6,1872.62783,0.272049314512893,0.08,0.15384615384615385,0.0,0.0,85.11944681818181,0.2727272727272727,0.045454545454545456,0.2727272727272727
"Estrella, Noah",805762,TRI_VAL,Sinker,16,5,0,0,1,0,5,4,2,0,2,367.92593999999997,0.3878585405100412,0.0,0.0,0.0,0.0,91.98148499999999,0.5,0.0,0.5
"Estrella, Noah",805762,TRI_VAL,Slider,30,11,5,14,8,5,7,3,2,0,0,279.92021,0.3424992271706236,0.45454545454545453,0.4666666666666667,0.625,0.7142857142857143,93.30673666666667,0.6666666666666666,0.0,0.0
"Fauci, Sonny",688649,NEW_JER6,Changeup,2,1,0,0,0,0,1,1,0,0,1,73.78183,0.08003668160688204,0.0,0.0,,0.0,73.78183,0.0,0.0,1.0
"Fauci, Sonny",688649,NEW_JER6,Curveball,43,17,8,14,23,6,12,8,1,0,3,644.11934,0.3088305376343038,0.47058823529411764,0.32558139534883723,0.2608695652173913,0.5,80.5149175,0.125,0.0,0.375
"Fauci, Sonny",688649,NEW_JER6,Four-Seam,144,58,11,41,29,4,33,44,7,1,16,3452.8869,0.22952122371724293,0.1896551724137931,0.2847222222222222,0.13793103448275862,0.12121212121212122,78.47470227272727,0.1590909090909091,0.022727272727272728,0.36363636363636365
"Fauci, Sonny",688649,NEW_JER6,Sinker,24,10,1,4,5,1,9,8,4,0,6,724.83994,0.45367254668285545,0.1,0.16666666666666666,0.2,0.1111111111111111,90.6049925,0.5,0.0,0.75
"Fauci, Sonny",688649,NEW_JER6,Slider,69,30,17,31,23,5,16,12,1,0,3,935.244,0.2531142753257416,0.5666666666666667,0.4492753623188406,0.21739130434782608,0.3125,77.937,0.08333333333333333,0.0,0.25
"Fauci, Sonny",688649,NEW_JER6,,2,1,0,0,0,0,0,0,0,0,0,0.0,,0.0,0.0,,,,,,
"Ferguson, Francis",823799,QUE_CAP,Changeup,16,7,1,1,8,0,3,4,1,0,0,344.30007,0.2874360219197626,0.14285714285714285,0.0625,0.0,0.0,86.0750175,0.25,0.0,0.0
"Ferguson, Francis",823799,QUE_CAP,Curveball,40,15,4,9,18,1,7,8,2,0,1,667.2959,0.27965655119436317,0.26666666666666666,0.225,0.05555555555555555,0.14285714285714285,83.4119875,0.25,0.0,0.125
"Ferguson, Francis",823799,QUE_CAP,Cutter,2,0,0,1,0,0,0,0,0,0,0,0.0,,,0.5,,,,,,
"Ferguson, Francis",823799,QUE_CAP,Four-Seam,129,64,10,30,36,3,32,51,8,2,16,4061.31271,0.23074333129245628,0.15625,0.23255813953488372,0.08333333333333333,0.09375,79.63358254901961,0.1568627450980392,0.0392156862745098,0.3137254901960784
"Ferguson, Francis",823799,QUE_CAP,Sinker,9,4,1,1,3,0,1,1,0,0,1,80.91038,0.2787261873437632,0.25,0.1111111111111111,0.0,0.0,80.91038,0.0,0.0,1.0
"Ferguson, Francis",823799,QUE_CAP,Slider,16,6,2,3,8,1,6,3,1,0,0,225.37456,0.1544316740074553,0.3333333333333333,0.1875,0.125,0.16666666666666666,75.12485333333333,0.3333333333333333,0.0,0.0
"Ferguson, Francis",823799,QUE_CAP,Splitter,4,2,0,1,2,0,1,2,0,0,1,148.71645,0.24771350676255513,0.0,0.25,0.0,0.0,74.358225,0.0,0.0,0.5
"Ferguson, Francis",823799,WIN_CIT29,Changeup,13,5,2,3,5,2,4,3,1,0,0,232.97846,0.17728464372504016,0.4,0.23076923076923078,0.4,0.5,77.65948666666667,0.3333333333333333,0.0,0.0
"Ferguson, Francis",823799,WIN_CIT29,Curveball,7,2,0,2,2,0,2,2,0,0,2,180.31884,0.538914525880591,0.0,0.2857142857142857,0.0,0.0,90.15942,0.0,0.0,1.0
"Ferguson, Francis",823799,WIN_CIT29,Four-Seam,67,29,5,15,14,2,13,21,4,0,9,1637.11863,0.2339623056427293,0.1724137931034483,0.22388059701492538,0.14285714285714285,0.15384615384615385,77.95803,0.19047619047619047,0.0,0.42857142857142855
"Ferguson, Francis",823799,WIN_CIT29,Slider,6,3,0,0,2,0,1,3,1,0,1,240.48554000000001,0.19341606342626108,0.0,0.0,0.0,0.0,80.16184666666668,0.3333333333333333,0.0,0.3333333333333333
"Ferguson, Francis",,WIN_CIT29,Curveball,1,0,0,0,1,0,1,0,0,0,0,0.0,,,0.0,0.0,0.0,,,,
"Ferguson, Francis",,WIN_CIT29,Cutter,1,0,0,1,0,0,0,0,0,0,0,0.0,,,1.0,,,,,,
"Ferguson, Francis",,WIN_CIT29,Four-Seam,33,11,2,5,10,0,5,8,1,0,6,675.99892,0.3502708434820838,0.18181818181818182,0.15151515151515152,0.0,0.0,84.499865,0.125,0.0,0.75
"Ferguson, Francis",,WIN_CIT29,Slider,3,0,0,1,1,0,0,0,0,0,0,0.0,,,0.3333333333333333,0.0,,,,,
"Ferguson, Francis",,WIN_CIT29,Splitter,4,2,0,0,3,0,1,1,1,0,0,99.32269,0.6482710917400544,0.0,0.0,0.0,0.0,99.32269,1.0,0.0,0.0
"Figueredo, Kevin",1000210447,WIN_CIT29,Changeup,111,44,11,25,25,4,25,27,5,0,7,2152.58118,0.2533099539345215,0.25,0.22522522522522523,0.16,0.16,79.72522888888889,0.18518518518518517,0.0,0.25925925925925924
"Figueredo, Kevin",1000210447,WIN_CIT29,Curveball,78,26,8,25,21,5,17,12,3,0,4,970.1345,0.27661791650052264,0.3076923076923077,0.32051282051282054,0.23809523809523808,0.29411764705882354,80.84454166666667,0.25,0.0,0.3333333333333333
"Figueredo, Kevin",1000210447,WIN_CIT29,Four-Seam,9,4,1,2,2,1,4,3,1,1,1,277.86356,0.36711563167234074,0.25,0.2222222222222222,0.5,0.25,92.62118666666667,0.3333333333333333,0.3333333333333333,0.3333333333333333
"Figueredo, Kevin",1000210447,WIN_CIT29,Sinker,209,92,6,42,54,4,60,75,18,2,27,6137.5943099999995,0.27059453024909436,0.06521739130434782,0.20095693779904306,0.07407407407407407,0.06666666666666667,81.83459079999999,0.24,0.02666666666666667,0.36
"Figueredo, Kevin",1000210447,WIN_CIT29,Slider,49,13,5,15,14,2,9,7,2,1,2,550.07947,0.23722025598751165,0.38461538461538464,0.30612244897959184,0.14285714285714285,0.2222222222222222,78.58278142857144,0.2857142857142857,0.14285714285714285,0.2857142857142857
"Figueredo, Kevin",1000210447,WIN_CIT29,Splitter,2,1,1,1,1,1,1,0,0,0,0,0.0,,1.0,0.5,1.0,1.0,,,,
"Figueredo, Kevin",1000210447,WIN_CIT29,,17,4,1,3,8,0,2,0,0,0,0,0.0,,0.25,0.17647058823529413,0.0,0.0,,,,
"Figueroa, Danell",807821,DOW_EAS1,Changeup,5,3,0,1,0,0,2,3,1,0,2,248.77768,0.34575095957344687,0.0,0.2,,0.0,82.92589333333333,0.3333333333333333,0.0,0.6666666666666666
"Figueroa, Danell",807821,DOW_EAS1,Curveball,12,6,0,0,2,0,6,6,2,1,4,510.66703,0.28563216095423755,0.0,0.0,0.0,0.0,85.11117166666666,0.3333333333333333,0.16666666666666666,0.6666666666666666
"Figueroa, Danell",807821,DOW_EAS1,Four-Seam,1,1,0,0,0,0,1,1,0,0,1,92.39064,0.38654684476953494,0.0,0.0,,0.0,92.39064,0.0,0.0,1.0
"Figueroa, Danell",807821,DOW_EAS1,,5,2,0,1,0,0,1,0,0,0,0,0.0,,0.0,0.2,,0.0,,,,
"Finarelli, Nick",811104,LON_ISL22,Changeup,13,7,0,2,2,0,6,7,2,0,5,611.13925,0.39084632393354163,0.0,0.15384615384615385,0.0,0.0,87.30560714285714,0.2857142857142857,0.0,0.7142857142857143
"Finarelli, Nick",811104,LON_ISL22,Curveball,27,13,0,6,11,1,8,9,0,0,1,718.15073,0.24336806128368826,0.0,0.2222222222222222,0.09090909090909091,0.125,79.79452555555555,0.0,0.0,0.1111111111111111
"Finarelli, Nick",811104,LON_ISL22,Four-Seam,42,18,1,7,6,0,10,16,2,0,6,1283.68741,0.2656071376140582,0.05555555555555555,0.16666666666666666,0.0,0.0,80.230463125,0.125,0.0,0.375
"Finarelli, Nick",811104,LON_ISL22,Sinker,3,2,0,1,1,0,1,2,0,0,1,147.48442999999997,0.2666065120546153,0.0,0.3333333333333333,0.0,0.0,73.74221499999999,0.0,0.0,0.5
"Finarelli, Nick",811104,LON_ISL22,Slider,31,9,2,7,6,0,8,7,1,0,2,559.4671599999999,0.24390499638196608,0.2222222222222222,0.22580645161290322,0.0,0.0,79.92387999999998,0.14285714285714285,0.0,0.2857142857142857
"Finarelli, Nick",811104,LON_ISL22,Splitter,9,6,1,1,6,1,5,5,3,2,2,442.11734,0.30027042553883165,0.16666666666666666,0.1111111111111111,0.16666666666666666,0.2,88.423468,0.6,0.4,0.4
"Flontek, Zac",1000563032,DOW_EAS1,Curveball,41,5,2,11,15,4,7,3,2,0,1,286.11768,0.4241212289557115,0.4,0.2682926829268293,0.26666666666666666,0.5714285714285714,95.37256000000001,0.6666666666666666,0.0,0.3333333333333333
"Flontek, Zac",1000563032,DOW_EAS1,Cutter,34,13,2,8,6,1,9,9,2,0,2,741.02915,0.2832396903041018,0.15384615384615385,0.23529411764705882,0.16666666666666666,0.1111111111111111,82.33657222222222,0.2222222222222222,0.0,0.2222222222222222
"Flontek, Zac",1000563032,DOW_EAS1,Four-Seam,170,63,18,56,36,12,39,33,3,0,11,2613.68302,0.20846113851759032,0.2857142857142857,0.32941176470588235,0.3333333333333333,0.3076923076923077,79.20251575757575,0.09090909090909091,0.0,0.3333333333333333
"Flontek, Zac",1000563032,DOW_EAS1,Slider,25,9,4,6,14,3,5,5,0,0,1,355.48718,0.09209887719746972,0.4444444444444444,0.24,0.21428571428571427,0.6,71.097436,0.0,0.0,0.2
"Flontek, Zac",1000563032,DOW_EAS1,,1,0,0,0,1,0,0,0,0,0,0,0.0,,,0.0,0.0,,,,,
"Floyd, Conner",1000161370,QUE_CAP,Changeup,2,0,0,0,2,0,0,0,0,0,0,0.0,,,0.0,0.0,,,,,
"Floyd, Conner",1000161370,QUE_CAP,Curveball,41,14,4,10,12,2,8,8,1,1,3,623.8172999999999,0.21731864982006582,0.2857142857142857,0.24390243902439024,0.16666666666666666,0.25,77.97716249999999,0.125,0.125,0.375
"Floyd, Conner",1000161370,QUE_CAP,Four-Seam,175,75,30,67,47,11,40,38,9,1,17,3197.21175,0.27359389470315265,0.4,0.38285714285714284,0.23404255319148937,0.275,84.13715131578947,0.23684210526315788,0.02631578947368421,0.4473684210526316
"Floyd, Conner",1000161370,QUE_CAP,Slider,22,11,1,5,8,0,8,11,4,0,5,879.39562,0.2640303220419696,0.09090909090909091,0.22727272727272727,0.0,0.0,79.94505636363637,0.36363636363636365,0.0,0.45454545454545453
"Floyd, Conner",1000161370,QUE_CAP,,7,0,0,1,0,0,2,0,0,0,0,0.0,,,0.14285714285714285,,0.0,,,,
"Foltz Jr., Michael",803189,WAS_WIL3,Changeup,11,5,2,4,5,2,4,2,0,0,1,145.77013,0.2147177033579002,0.4,0.36363636363636365,0.4,0.5,72.885065,0.0,0.0,0.5
"Foltz Jr., Michael",803189,WAS_WIL3,Curveball,33,15,8,18,10,5,8,5,1,0,1,399.35341,0.2535205200912423,0.5333333333333333,0.5454545454545454,0.5,0.625,79.870682,0.2,0.0,0.2
"Foltz Jr., Michael",803189,WAS_WIL3,Cutter,6,0,0,4,1,1,1,0,0,0,0,0.0,,,0.6666666666666666,1.0,1.0,,,,
"Foltz Jr., Michael",803189,WAS_WIL3,Four-Seam,147,72,22,49,42,10,40,42,8,2,17,3402.46207,0.28250278948316637,0.3055555555555556,0.3333333333333333,0.23809523809523808,0.25,81.01100166666667,0.19047619047619047,0.047619047619047616,0.40476190476190477
"Foltz Jr., Michael",803189,WAS_WIL3,Sinker,1,0,0,0,0,0,0,0,0,0,0,0.0,,,0.0,,,,,,
"Foltz Jr., Michael",803189,WAS_WIL3,Slider,12,4,0,3,4,0,2,2,1,0,2,175.26153,0.4174619008398096,0.0,0.25,0.0,0.0,87.630765,0.5,0.0,1.0
"Foltz Jr., Michael",803189,WAS_WIL3,Splitter,1,1,0,0,0,0,1,1,0,0,0,83.46453,0.2513645953903084,0.0,0.0,,0.0,83.46453,0.0,0.0,0.0
"Fores, Deshaughn",10998514,QUE_CAP,Curveball,3,1,0,1,0,0,1,1,0,0,0,78.27966,0.18706772324239673,0.0,0.3333333333333333,,0.0,78.27966,0.0,0.0,0.0
"Fores, Deshaughn",10998514,QUE_CAP,Four-Seam,10,5,1,2,3,1,4,3,1,0,0,243.42593,0.23440477039937171,0.2,0.2,0.3333333333333333,0.25,81.14197666666666,0.3333333333333333,0.0,0.0
"Fores, Deshaughn",10998514,QUE_CAP,Slider,2,1,0,1,0,0,0,1,1,1,1,102.78389,0.5017661190783046,0.0,0.5,,,102.78389,1.0,1.0,1.0
"Forsyth, Braden",687732,MIS_MUD,Changeup,24,11,2,5,14,2,8,6,1,1,2,448.04155000000003,0.1651731311047838,0.18181818181818182,0.20833333333333334,0.14285714285714285,0.25,74.67359166666667,0.16666666666666666,0.16666666666666666,0.3333333333333333
"Forsyth, Braden",687732,MIS_MUD,Curveball,32,14,6,11,19,5,8,7,1,1,4,605.97341,0.3851029729059337,0.42857142857142855,0.34375,0.2631578947368421,0.625,86.56763,0.14285714285714285,0.14285714285714285,0.5714285714285714
"Forsyth, Braden",687732,MIS_MUD,Cutter,24,12,6,8,5,2,4,6,0,0,1,438.20727,0.0680145498653502,0.5,0.3333333333333333,0.4,0.5,73.034545,0.0,0.0,0.16666666666666666
"Forsyth, Braden",687732,MIS_MUD,Four-Seam,180,77,15,46,42,7,43,56,10,1,19,4470.56022,0.2369475776048701,0.19480519480519481,0.25555555555555554,0.16666666666666666,0.16279069767441862,79.8314325,0.17857142857142858,0.017857142857142856,0.3392857142857143
"Forsyth, Braden",687732,MIS_MUD,Other,2,0,0,0,0,0,0,0,0,0,0,0.0,,,0.0,,,,,,
"Forsyth, Braden",687732,MIS_MUD,Sinker,1,1,0,0,0,0,0,1,0,0,0,60.70021,0.05405503440498949,0.0,0.0,,,60.70021,0.0,0.0,0.0
"Forsyth, Braden",687732,MIS_MUD,Slider,97,40,14,25,26,4,24,21,3,1,5,1728.82004,0.2688947672105923,0.35,0.25773195876288657,0.15384615384615385,0.16666666666666666,82.32476380952382,0.14285714285714285,0.047619047619047616,0.23809523809523808
"Forsyth, Braden",687732,MIS_MUD,,1,0,0,1,0,0,0,0,0,0,0,0.0,,,1.0,,,,,,
"Foster, Kobe",816330,WAS_WIL3,Changeup,115,72,34,51,38,14,41,31,2,0,9,2265.20967,0.19161592398399477,0.4722222222222222,0.4434782608695652,0.3684210526315789,0.34146341463414637,73.07127967741935,0.06451612903225806,0.0,0.2903225806451613
"Foster, Kobe",816330,WAS_WIL3,Curveball,99,36,7,35,26,2,22,26,4,0,9,2093.15468,0.27190103551355393,0.19444444444444445,0.35353535353535354,0.07692307692307693,0.09090909090909091,80.50594923076923,0.15384615384615385,0.0,0.34615384615384615
"Foster, Kobe",816330,WAS_WIL3,Four-Seam,253,125,35,76,79,17,60,83,8,1,23,6246.18305,0.18582811558752185,0.28,0.30039525691699603,0.21518987341772153,0.2833333333333333,75.25521746987951,0.0963855421686747,0.012048192771084338,0.27710843373493976
"Foster, Kobe",816330,WAS_WIL3,Other,1,0,0,0,0,0,0,0,0,0,0,0.0,,,0.0,,,,,,
"Foster, Kobe",816330,WAS_WIL3,Slider,94,42,14,38,29,8,24,26,2,0,7,1807.34016,0.13335142328140298,0.3333333333333333,0.40425531914893614,0.27586206896551724,0.3333333333333333,69.51308307692308,0.07692307692307693,0.0,0.2692307692307692
"Fowler, Dalton",687096,SUS_COU1,Changeup,2,0,0,0,0,0,0,0,0,0,0,0.0,,,0.0,,,,,,
"Fowler, Dalton",687096,SUS_COU1,Curveball,3,2,2,2,3,2,2,0,0,0,0,0.0,,1.0,0.6666666666666666,0.6666666666666666,1.0,,,,
"Fowler, Dalton",687096,SUS_COU1,Cutter,12,7,2,2,5,1,4,5,1,1,1,368.94482,0.13165430211882514,0.2857142857142857,0.16666666666666666,0.2,0.25,73.78896399999999,0.2,0.2,0.2
"Fowler, Dalton",687096,SUS_COU1,Four-Seam,89,28,4,19,17,2,22,20,4,0,5,1575.9165,0.22974834990249407,0.14285714285714285,0.21348314606741572,0.11764705882352941,0.09090909090909091,78.79582500000001,0.2,0.0,0.25
"Fowler, Dalton",687096,SUS_COU1,Other,1,0,0,0,0,0,0,0,0,0,0,0.0,,,0.0,,,,,,
"Fowler, Dalton",687096,SUS_COU1,Sinker,51,27,13,16,8,1,16,10,3,1,2,832.87874,0.28302274787862647,0.48148148148148145,0.3137254901960784,0.125,0.0625,83.287874,0.3,0.1,0.2
"Fowler, Dalton",687096,SUS_COU1,Slider,36,15,4,10,9,2,9,6,1,0,1,468.94984,0.21589420384046062,0.26666666666666666,0.2777777777777778,0.2222222222222222,0.2222222222222222,78.15830666666666,0.16666666666666666,0.0,0.16666666666666666
"Foy, Corbin",813822,LAK_ERI24,Changeup,7,0,0,0,1,0,2,0,0,0,0,0.0,,,0.0,0.0,0.0,,,,
"Foy, Corbin",813822,LAK_ERI24,Curveball,1,0,0,0,0,0,0,0,0,0,0,0.0,,,0.0,,,,,,
"Foy, Corbin",813822,LAK_ERI24,Four-Seam,96,27,5,27,23,7,28,19,1,0,7,1384.28064,0.17608413504504672,0.18518518518518517,0.28125,0.30434782608695654,0.25,72.85687578947368,0.05263157894736842,0.0,0.3684210526315789
"Foy, Corbin",813822,LAK_ERI24,Sinker,57,18,6,21,5,1,11,11,4,0,4,940.77013,0.3338481359104024,0.3333333333333333,0.3684210526315789,0.2,0.09090909090909091,85.52455727272728,0.36363636363636365,0.0,0.36363636363636365
"Foy, Corbin",813822,LAK_ERI24,Slider,78,32,9,18,16,6,20,19,4,0,5,1555.19383,0.2695885825876716,0.28125,0.23076923076923078,0.375,0.3,81.85230684210526,0.21052631578947367,0.0,0.2631578947368421
"Frey, Hayden",839374,TOL_ROC,Changeup,24,10,2,3,8,0,5,8,2,0,3,710.18288,0.3809771390090084,0.2,0.125,0.0,0.0,88.77286,0.25,0.0,0.375
"Frey, Hayden",839374,TOL_ROC,Four-Seam,55,21,3,16,12,1,16,15,6,1,5,1211.3791899999999,0.31729246108428183,0.14285714285714285,0.2909090909090909,0.08333333333333333,0.0625,80.75861266666666,0.4,0.06666666666666667,0.3333333333333333
"Frey, Hayden",839374,TOL_ROC,Other,5,2,0,2,2,0,2,0,0,0,0,0.0,,0.0,0.4,0.0,0.0,,,,
"Frey, Hayden",839374,TOL_ROC,Slider,27,11,3,11,8,2,7,7,0,0,3,591.26088,0.27817559269369985,0.2727272727272727,0.4074074074074074,0.25,0.2857142857142857,84.46584,0.0,0.0,0.42857142857142855
"Fritz, AJ",1000059998,MIS_MUD,Changeup,8,5,0,0,6,0,4,5,0,0,3,401.07516,0.28958441018223524,0.0,0.0,0.0,0.0,80.215032,0.0,0.0,0.6
"Fritz, AJ",1000059998,MIS_MUD,Curveball,3,1,0,0,0,0,0,1,0,0,1,65.91208,0.003775677270010769,0.0,0.0,,,65.91208,0.0,0.0,1.0
"Fritz, AJ",1000059998,MIS_MUD,Cutter,2,1,0,0,1,0,0,1,1,0,0,95.58643,0.3535455590302399,0.0,0.0,0.0,,95.58643,1.0,0.0,0.0
"Fritz, AJ",1000059998,MIS_MUD,Four-Seam,3,2,0,0,0,0,1,2,2,0,1,203.06345,0.5189273896094814,0.0,0.0,,0.0,101.531725,1.0,0.0,0.5
"Fritz, AJ",1000059998,MIS_MUD,Sinker,51,28,8,12,5,3,15,18,1,0,6,1418.99194,0.24127866576541335,0.2857142857142857,0.23529411764705882,0.6,0.2,78.83288555555556,0.05555555555555555,0.0,0.3333333333333333
"Fritz, AJ",1000059998,MIS_MUD,Slider,9,3,1,3,2,1,3,2,2,0,1,202.20773,0.5325881073737295,0.3333333333333333,0.3333333333333333,0.5,0.3333333333333333,101.103865,1.0,0.0,0.5
"Fritz, AJ",1000059998,MIS_MUD,Sweeper,2,0,0,1,0,0,0,0,0,0,0,0.0,,,0.5,,,,,,
"Fritz, AJ",1000059998,MIS_MUD,,1,0,0,0,0,0,0,0,0,0,0,0.0,,,0.0,,,,,,
"Fry, Dale",10090556,LON_ISL22,Changeup,39,15,5,11,9,3,11,9,4,3,3,826.7701,0.3163307727360399,0.3333333333333333,0.28205128205128205,0.3333333333333333,0.2727272727272727,91.86334444444444,0.4444444444444444,0.3333333333333333,0.3333333333333333
"Fry, Dale",10090556,LON_ISL22,Curveball,7,1,0,1,3,0,2,1,1,0,0,103.69548,0.40934857874667296,0.0,0.14285714285714285,0.0,0.0,103.69548,1.0,0.0,0.0
"Fry, Dale",10090556,LON_ISL22,Four-Seam,12,7,1,2,4,0,3,6,2,0,1,481.65227,0.21146640632482386,0.14285714285714285,0.16666666666666666,0.0,0.0,80.27537833333334,0.3333333333333333,0.0,0.16666666666666666
"Fry, Dale",10090556,LON_ISL22,Sinker,1,1,0,0,0,0,0,1,0,0,0,75.79515,0.14233466669648132,0.0,0.0,,,75.79515,0.0,0.0,0.0
"Fry, Dale",10090556,LON_ISL22,Slider,8,4,0,2,3,0,4,4,1,0,1,354.49999,0.3200205527132603,0.0,0.25,0.0,0.0,88.6249975,0.25,0.0,0.25
"Fry, Dale",10090556,LON_ISL22,Splitter,3,1,0,1,1,0,1,1,1,0,0,97.73235,0.4029276842514631,0.0,0.3333333333333333,0.0,0.0,97.73235,1.0,0.0,0.0
"Galef, Dan",10319422,QUE_CAP,Changeup,3,0,0,1,0,0,0,0,0,0,0,0.0,,,0.3333333333333333,,,,,,
"Galef, Dan",10319422,QUE_CAP,Curveball,6,3,1,3,1,1,3,2,0,0,0,164.30088,0.19966147173103987,0.3333333333333333,0.5,1.0,0.3333333333333333,82.15044,0.0,0.0,0.0
"Galef, Dan",10319422,QUE_CAP,Four-Seam,6,1,0,2,0,0,1,1,0,0,0,78.17999,0.1371684530491747,0.0,0.3333333333333333,,0.0,78.17999,0.0,0.0,0.0
"Galef, Dan",10319422,QUE_CAP,Sinker,15,2,0,4,1,0,2,2,2,0,1,197.82745,0.41462088025045807,0.0,0.26666666666666666,0.0,0.0,98.913725,1.0,0.0,0.5
"Galef, Dan",10319422,QUE_CAP,Slider,6,2,1,1,3,0,3,1,1,1,1,102.41705,0.49880956257494025,0.5,0.16666666666666666,0.0,0.0,102.41705,1.0,1.0,1.0
"Galva, Claudio",669996,GAT_GRI,Changeup,54,20,4,9,11,0,8,13,1,0,8,1008.4718,0.26754720259459447,0.2,0.16666666666666666,0.0,0.0,77.57475384615385,0.07692307692307693,0.0,0.6153846153846154
"Galva, Claudio",669996,GAT_GRI,Curveball,1,1,1,1,0,0,0,0,0,0,0,0.0,,1.0,1.0,,,,,,
"Galva, Claudio",669996,GAT_GRI,Cutter,14,4,1,5,3,1,4,2,1,1,1,172.96026,0.40723361772896804,0.25,0.35714285714285715,0.3333333333333333,0.25,86.48013,0.5,0.5,0.5
"Galva, Claudio",669996,GAT_GRI,Four-Seam,61,27,3,13,7,1,19,24,6,0,8,1979.40177,0.3058878046736491,0.1111111111111111,0.21311475409836064,0.14285714285714285,0.05263157894736842,82.47507374999999,0.25,0.0,0.3333333333333333
"Galva, Claudio",669996,GAT_GRI,Sinker,127,63,5,32,41,5,38,47,14,2,18,3949.6259099999997,0.2857205666430431,0.07936507936507936,0.25196850393700787,0.12195121951219512,0.13157894736842105,84.03459382978723,0.2978723404255319,0.0425531914893617,0.3829787234042553
"Galva, Claudio",669996,GAT_GRI,Slider,117,56,21,40,40,12,33,31,6,0,9,2482.91988,0.2264334377107499,0.375,0.3418803418803419,0.3,0.36363636363636365,80.09418967741935,0.1935483870967742,0.0,0.2903225806451613
"Galva, Claudio",669996,GAT_GRI,Splitter,1,0,0,0,0,0,0,0,0,0,0,0.0,,,0.0,,,,,,
"Gamelin, Shaun",815222,JOL_SLA,Changeup,12,8,1,2,4,1,5,5,2,1,4,459.89874,0.4450895980945904,0.125,0.16666666666666666,0.25,0.2,91.979748,0.4,0.2,0.8
"Gamelin, Shaun",815222,JOL_SLA,Curveball,2,2,0,0,2,0,1,2,1,0,0,198.87415,0.41198760956997443,0.0,0.0,0.0,0.0,99.437075,0.5,0.0,0.0
"Gamelin, Shaun",815222,JOL_SLA,Cutter,113,51,25,39,31,8,26,18,4,1,7,1346.69032,0.22500346536687385,0.49019607843137253,0.34513274336283184,0.25806451612903225,0.3076923076923077,74.81612888888888,0.2222222222222222,0.05555555555555555,0.3888888888888889
"Gamelin, Shaun",815222,JOL_SLA,Four-Seam,291,143,34,82,70,18,80,106,24,8,33,8865.59427,0.24788247411475625,0.23776223776223776,0.281786941580756,0.2571428571428571,0.225,83.63768179245282,0.22641509433962265,0.07547169811320754,0.3113207547169811
"Gamelin, Shaun",815222,JOL_SLA,Sinker,15,8,2,4,3,0,6,6,2,0,1,543.4827700000001,0.3752761428462122,0.25,0.26666666666666666,0.0,0.0,90.58046166666668,0.3333333333333333,0.0,0.16666666666666666
"Gamelin, Shaun",815222,JOL_SLA,Slider,61,23,8,17,23,3,12,12,1,0,4,955.08019,0.23431476897319836,0.34782608695652173,0.2786885245901639,0.13043478260869565,0.25,79.59001583333334,0.08333333333333333,0.0,0.3333333333333333
"Gamelin, Shaun",815222,JOL_SLA,Splitter,1,0,0,0,1,0,0,0,0,0,0,0.0,,,0.0,0.0,,,,,
"Garcia, Andrew",1000190083,EVA_OTT,Changeup,7,5,4,4,3,2,2,0,0,0,0,0.0,,0.8,0.5714285714285714,0.6666666666666666,1.0,,,,
"Garcia, Andrew",1000190083,EVA_OTT,Curveball,3,1,0,0,3,0,2,1,0,0,0,80.54779,0.18394553856574014,0.0,0.0,0.0,0.0,80.54779,0.0,0.0,0.0
"Garcia, Andrew",1000190083,EVA_OTT,Cutter,15,5,0,3,2,0,5,4,1,0,0,333.28057,0.20471980475158005,0.0,0.2,0.0,0.0,83.3201425,0.25,0.0,0.0
"Garcia, Andrew",1000190083,EVA_OTT,Four-Seam,128,50,13,27,44,5,30,27,5,0,9,2175.12602,0.2938744668769012,0.26,0.2109375,0.11363636363636363,0.16666666666666666,80.56022296296297,0.18518518518518517,0.0,0.3333333333333333
"Garcia, Andrew",1000190083,EVA_OTT,Other,1,0,0,1,1,1,1,0,0,0,0,0.0,,,1.0,1.0,1.0,,,,
"Garcia, Andrew",1000190083,EVA_OTT,Sinker,8,1,0,2,0,0,1,1,0,0,0,33.64924,0.2604704398023018,0.0,0.25,,0.0,33.64924,0.0,0.0,0.0
"Garcia, Andrew",1000190083,EVA_OTT,Slider,178,59,22,65,42,12,32,30,4,1,8,2311.28895,0.18814052918395843,0.3728813559322034,0.3651685393258427,0.2857142857142857,0.375,77.04296500000001,0.13333333333333333,0.03333333333333333,0.26666666666666666
"Garcia, Andrew",1000190083,EVA_OTT,Splitter,9,4,1,2,7,2,3,2,0,0,0,85.40024,0.0,0.25,0.2222222222222222,0.2857142857142857,0.6666666666666666,42.70012,0.0,0.0,0.0
"Garcia, Andrew",1000190083,EVA_OTT,Sweeper,6,2,0,1,1,0,2,1,0,0,0,83.78159,0.2792512176314026,0.0,0.16666666666666666,0.0,0.0,83.78159,0.0,0.0,0.0
"Garcia, Brett",702286,OTT_TIT,Changeup,2,2,0,0,1,0,0,1,1,0,0,96.13166,0.3176822086476224,0.0,0.0,0.0,,96.13166,1.0,0.0,0.0
"Garcia, Brett",702286,OTT_TIT,Curveball,72,24,10,28,26,9,16,11,2,0,1,868.1513600000001,0.19058539891083665,0.4166666666666667,0.3888888888888889,0.34615384615384615,0.5625,78.92285090909091,0.18181818181818182,0.0,0.09090909090909091
"Garcia, Brett",702286,OTT_TIT,Four-Seam,146,84,35,53,40,17,38,40,4,2,17,3028.98998,0.19554093717450577,0.4166666666666667,0.363013698630137,0.425,0.4473684210526316,75.7247495,0.1,0.05,0.425
"Garcia, Brett",702286,OTT_TIT,Slider,17,4,2,6,5,2,2,2,0,0,1,146.59735999999998,0.042121755949834444,0.5,0.35294117647058826,0.4,1.0,73.29867999999999,0.0,0.0,0.5
"Garcia, Brett",702286,OTT_TIT,,1,0,0,1,0,0,0,0,0,0,0,0.0,,,1.0,,,,,,
"Garcia, Hector",815312,WAS_WIL3,Changeup,11,7,5,7,4,3,4,1,0,0,0,82.82135,0.48920377442247187,0.7142857142857143,0.6363636363636364,0.75,0.75,82.82135,0.0,0.0,0.0
"Garcia, Hector",815312,WAS_WIL3,Curveball,49,16,5,24,10,1,9,9,2,0,3,659.22542,0.23629658503055348,0.3125,0.4897959183673469,0.1,0.1111111111111111,73.24726888888888,0.2222222222222222,0.0,0.3333333333333333
"Garcia, Hector",815312,WAS_WIL3,Cutter,6,4,1,2,3,1,3,3,0,0,1,213.93466,0.07722916738686215,0.25,0.3333333333333333,0.3333333333333333,0.3333333333333333,71.31155333333334,0.0,0.0,0.3333333333333333
"Garcia, Hector",815312,WAS_WIL3,Four-Seam,199,103,33,75,64,19,61,63,14,0,18,5146.36832,0.2529358247285157,0.32038834951456313,0.3768844221105528,0.296875,0.3114754098360656,81.68838603174602,0.2222222222222222,0.0,0.2857142857142857
"Garcia, Hector",815312,WAS_WIL3,Slider,56,25,10,24,9,3,11,12,2,1,3,934.90133,0.22943293383419847,0.4,0.42857142857142855,0.3333333333333333,0.2727272727272727,77.90844416666667,0.16666666666666666,0.08333333333333333,0.25
"Garcia, Hector",815312,WAS_WIL3,Splitter,62,35,16,23,23,6,15,13,1,0,3,924.68604,0.1850959076781529,0.45714285714285713,0.3709677419354839,0.2608695652173913,0.4,71.12969538461539,0.07692307692307693,0.0,0.23076923076923078
"Garcia, Jorge",1000221236,SUS_COU1,Changeup,10,2,0,3,4,0,1,2,0,0,0,162.1147,0.1375324238073743,0.0,0.3,0.0,0.0,81.05735,0.0,0.0,0.0
"Garcia, Jorge",1000221236,SUS_COU1,Curveball,14,7,3,4,7,2,6,4,0,0,0,272.22257,0.05350443787187441,0.42857142857142855,0.2857142857142857,0.2857142857142857,0.3333333333333333,68.0556425,0.0,0.0,0.0
"Garcia, Jorge",1000221236,SUS_COU1,Cutter,3,2,1,1,1,1,2,1,0,0,1,78.88386,0.2653525230357302,0.5,0.3333333333333333,1.0,0.5,78.88386,0.0,0.0,1.0
"Garcia, Jorge",1000221236,SUS_COU1,Four-Seam,67,25,9,21,11,2,14,16,3,0,1,1316.03021,0.19139274745812154,0.36,0.31343283582089554,0.18181818181818182,0.14285714285714285,82.251888125,0.1875,0.0,0.0625
"Garcia, Jorge",1000221236,SUS_COU1,Sinker,1,1,1,1,0,0,0,0,0,0,0,0.0,,1.0,1.0,,,,,,
"Garcia, Jorge",1000221236,SUS_COU1,Slider,1,1,1,1,0,0,0,0,0,0,0,0.0,,1.0,1.0,,,,,,
"Gardner, Sam",814217,GAT_GRI,Curveball,16,2,2,10,4,2,3,0,0,0,0,0.0,,1.0,0.625,0.5,0.6666666666666666,,,,
"Gardner, Sam",814217,GAT_GRI,Cutter,5,0,0,3,2,1,1,0,0,0,0,0.0,,,0.6,0.5,1.0,,,,
"Gardner, Sam",814217,GAT_GRI,Four-Seam,38,19,10,14,17,6,8,8,1,0,4,631.19652,0.12173846933077637,0.5263157894736842,0.3684210526315789,0.35294117647058826,0.75,78.899565,0.125,0.0,0.5
"Gardner, Sam",814217,GAT_GRI,Slider,5,3,2,2,2,0,0,1,0,0,0,80.25961,0.21234240767798096,0.6666666666666666,0.4,0.0,,80.25961,0.0,0.0,0.0
"Gartland, Chad",1000103698,SUS_COU1,Changeup,14,9,2,5,4,0,4,5,1,0,1,433.0716,0.27619253455715514,0.2222222222222222,0.35714285714285715,0.0,0.0,86.61431999999999,0.2,0.0,0.2
"Gartland, Chad",1000103698,SUS_COU1,Curveball,1,1,0,0,0,0,0,0,0,0,0,0.0,,0.0,0.0,,,,,,
"Gartland, Chad",1000103698,SUS_COU1,Four-Seam,104,44,6,30,15,3,29,35,8,2,9,2874.60587,0.25296465816599706,0.13636363636363635,0.28846153846153844,0.2,0.10344827586206896,82.13159628571428,0.22857142857142856,0.05714285714285714,0.2571428571428571
"Gartland, Chad",1000103698,SUS_COU1,Sinker,14,5,1,4,1,0,3,4,1,1,1,340.36594,0.25338585973639216,0.2,0.2857142857142857,0.0,0.0,85.091485,0.25,0.25,0.25
"Gartland, Chad",1000103698,SUS_COU1,Slider,31,17,1,5,9,0,9,14,3,0,7,1181.8991,0.29983701684047986,0.058823529411764705,0.16129032258064516,0.0,0.0,84.42136428571429,0.21428571428571427,0.0,0.5
"Gartland, Chad",1000103698,SUS_COU1,Splitter,1,1,1,1,1,1,1,0,0,0,0,0.0,,1.0,1.0,1.0,1.0,,,,
"Gartland, Chad",1000103698,SUS_COU1,,1,0,0,0,0,0,1,0,0,0,0,0.0,,,0.0,,0.0,,,,
"Gartland, Chad",1000416489,SUS_COU1,Changeup,7,1,1,2,3,1,1,0,0,0,0,0.0,,1.0,0.2857142857142857,0.3333333333333333,1.0,,,,
"Gartland, Chad",1000416489,SUS_COU1,Curveball,2,1,0,0,1,0,1,1,0,0,0,76.96864,0.17166536222388462,0.0,0.0,0.0,0.0,76.96864,0.0,0.0,0.0
"Gartland, Chad",1000416489,SUS_COU1,Four-Seam,17,9,1,3,2,0,6,6,3,0,4,442.98214,0.4306404263931268,0.1111111111111111,0.17647058823529413,0.0,0.0,73.83035666666667,0.5,0.0,0.6666666666666666
"Gartland, Chad",1000416489,SUS_COU1,Slider,9,6,2,3,1,0,2,3,2,0,2,273.91348,0.4687426177488884,0.3333333333333333,0.3333333333333333,0.0,0.0,91.30449333333333,0.6666666666666666,0.0,0.6666666666666666
"Gaskey, Blake",1000362764,NIU_HUS,Changeup,6,2,0,0,2,0,1,2,2,0,1,206.3446,0.5322251709135193,0.0,0.0,0.0,0.0,103.1723,1.0,0.0,0.5
"Gaskey, Blake",1000362764,NIU_HUS,Four-Seam,62,33,5,19,14,4,20,22,8,2,9,1886.55017,0.3444163568847325,0.15151515151515152,0.3064516129032258,0.2857142857142857,0.2,85.75228045454546,0.36363636363636365,0.09090909090909091,0.4090909090909091
"Gaskey, Blake",1000362764,NIU_HUS,Slider,40,18,1,8,9,0,10,14,3,1,7,1129.36551,0.27377602595721123,0.05555555555555555,0.2,0.0,0.0,80.668965,0.21428571428571427,0.07142857142857142,0.5
"Giesige, Cole",839379,TOL_ROC,Changeup,28,9,6,13,7,3,5,3,1,0,0,238.94504,0.20022544647804455,0.6666666666666666,0.4642857142857143,0.42857142857142855,0.6,79.64834666666667,0.3333333333333333,0.0,0.0
"Giesige, Cole",839379,TOL_ROC,Curveball,9,2,0,3,4,1,2,2,0,0,0,160.59548999999998,0.18284378196753648,0.0,0.3333333333333333,0.25,0.5,80.29774499999999,0.0,0.0,0.0
"Giesige, Cole",839379,TOL_ROC,Four-Seam,40,20,2,9,10,1,12,17,4,1,5,1319.2928,0.22389659064559367,0.1,0.225,0.1,0.08333333333333333,77.6054588235294,0.23529411764705882,0.058823529411764705,0.29411764705882354
"Giesige, Cole",839379,TOL_ROC,Other,1,0,0,0,0,0,1,0,0,0,0,0.0,,,0.0,,0.0,,,,
"Giesige, Cole",839379,TOL_ROC,Slider,6,1,1,3,0,0,0,0,0,0,0,0.0,,1.0,0.5,,,,,,
"Gilleran, James",10103730,NEW_ENG23,Changeup,10,4,1,2,2,0,3,3,1,0,0,270.00628,0.2739274413855604,0.25,0.2,0.0,0.0,90.00209333333333,0.3333333333333333,0.0,0.0
"Gilleran, James",10103730,NEW_ENG23,Curveball,11,3,1,5,7,3,3,1,0,0,1,81.03876,0.417302396360681,0.3333333333333333,0.45454545454545453,0.42857142857142855,1.0,81.03876,0.0,0.0,1.0
"Gilleran, James",10103730,NEW_ENG23,Cutter,1,0,0,1,0,0,0,0,0,0,0,0.0,,,1.0,,,,,,
"Gilleran, James",10103730,NEW_ENG23,Four-Seam,44,20,3,11,12,1,13,15,3,0,2,1271.4971,0.22785800142487442,0.15,0.25,0.08333333333333333,0.07692307692307693,84.76647333333334,0.2,0.0,0.13333333333333333
"Gilleran, James",10103730,NEW_ENG23,Sinker,29,14,1,9,2,0,7,12,2,0,2,1010.0384,0.2868644431664496,0.07142857142857142,0.3103448275862069,0.0,0.0,84.16986666666666,0.16666666666666666,0.0,0.16666666666666666
"Gilleran, James",10103730,NEW_ENG23,Slider,17,7,1,2,6,1,5,5,0,0,0,417.51634,0.2469645088880224,0.14285714285714285,0.11764705882352941,0.16666666666666666,0.2,83.503268,0.0,0.0,0.0
"Gilleran, James",10103730,NEW_ENG23,Splitter,6,2,0,1,4,0,0,1,0,0,1,61.02705,0.23005813367328143,0.0,0.16666666666666666,0.0,,61.02705,0.0,0.0,1.0
"Gilleran, James",10103730,NEW_ENG23,,1,1,0,0,0,0,1,1,1,0,0,105.43008,0.40650478891578756,0.0,0.0,,0.0,105.43008,1.0,0.0,0.0
"Gilleran, Jimmy",10103730,NEW_ENG23,Changeup,5,2,0,0,1,0,2,2,1,0,1,155.20634,0.2896439159550659,0.0,0.0,0.0,0.0,77.60317,0.5,0.0,0.5
"Gilleran, Jimmy",10103730,NEW_ENG23,Curveball,16,6,1,5,4,1,3,5,1,0,1,415.48256000000003,0.23382642234872578,0.16666666666666666,0.3125,0.25,0.3333333333333333,83.096512,0.2,0.0,0.2
"Gilleran, Jimmy",10103730,NEW_ENG23,Four-Seam,21,9,4,8,5,1,6,5,1,0,1,449.88632,0.28466676958172366,0.4444444444444444,0.38095238095238093,0.2,0.16666666666666666,89.977264,0.2,0.0,0.2
"Gilleran, Jimmy",10103730,NEW_ENG23,Sinker,57,26,6,20,8,3,14,19,2,0,9,1546.71216,0.2794940936347623,0.23076923076923078,0.3508771929824561,0.375,0.21428571428571427,81.40590315789474,0.10526315789473684,0.0,0.47368421052631576
"Gilleran, Jimmy",10103730,NEW_ENG23,Slider,23,12,4,5,0,0,7,8,3,1,2,701.1589,0.33206270076825706,0.3333333333333333,0.21739130434782608,,0.0,87.6448625,0.375,0.125,0.25
"Gilleran, Jimmy",10103730,NEW_ENG23,Splitter,15,7,0,1,9,1,7,7,0,0,0,549.89612,0.22468552101011546,0.0,0.06666666666666667,0.1111111111111111,0.14285714285714285,78.55658857142858,0.0,0.0,0.0
"Gilleran, Jimmy",10103730,NEW_ENG23,,1,1,0,0,0,0,1,0,0,0,0,0.0,,0.0,0.0,,0.0,,,,
"Ginn, Landon",701061,WAS_WIL3,Changeup,2,1,0,0,1,0,0,0,0,0,0,0.0,,0.0,0.0,0.0,,,,,
"Ginn, Landon",701061,WAS_WIL3,Curveball,38,7,2,9,6,1,5,6,3,0,3,482.57687999999996,0.3498632404921875,0.2857142857142857,0.23684210526315788,0.16666666666666666,0.2,80.42948,0.5,0.0,0.5
"Ginn, Landon",701061,WAS_WIL3,Cutter,34,20,10,15,10,4,7,5,1,0,0,419.43574,0.21702789390119576,0.5,0.4411764705882353,0.4,0.5714285714285714,83.887148,0.2,0.0,0.0
"Ginn, Landon",701061,WAS_WIL3,Four-Seam,96,50,5,23,21,4,34,36,6,2,12,2811.4989800000003,0.24058246696939178,0.1,0.23958333333333334,0.19047619047619047,0.11764705882352941,78.0971938888889,0.16666666666666666,0.05555555555555555,0.3333333333333333
"Ginn, Landon",701061,WAS_WIL3,Sinker,7,5,0,2,1,1,2,3,0,0,0,196.44402,0.03330119124626622,0.0,0.2857142857142857,1.0,0.5,65.48134,0.0,0.0,0.0
"Ginn, Landon",701061,WAS_WIL3,Slider,6,1,1,3,1,1,1,0,0,0,0,0.0,,1.0,0.5,1.0,1.0,,,,
"Givens-Craig, Hayden",1000146243,SUS_COU1,Changeup,21,9,1,3,5,0,6,6,3,1,1,520.8131,0.35522216234617976,0.1111111111111111,0.14285714285714285,0.0,0.0,86.80218333333333,0.5,0.16666666666666666,0.16666666666666666
"Givens-Craig, Hayden",1000146243,SUS_COU1,Curveball,6,1,0,1,3,0,1,1,1,0,0,105.17075,0.4162169412703195,0.0,0.16666666666666666,0.0,0.0,105.17075,1.0,0.0,0.0
"Givens-Craig, Hayden",1000146243,SUS_COU1,Four-Seam,8,1,0,3,1,1,2,1,0,0,0,73.95064,0.019588118179069414,0.0,0.375,1.0,0.5,73.95064,0.0,0.0,0.0
"Givens-Craig, Hayden",1000146243,SUS_COU1,Sinker,4,2,1,2,0,0,1,1,1,1,1,112.09554,0.7501153945459821,0.5,0.5,,0.0,112.09554,1.0,1.0,1.0
"Givens-Craig, Hayden",1000146243,SUS_COU1,Slider,2,1,1,1,0,0,0,0,0,0,0,0.0,,1.0,0.5,,,,,,
"Givens-Craig, Hayden",1000146243,SUS_COU1,Splitter,1,1,0,0,0,0,1,1,0,0,0,74.45038,0.12789090711938156,0.0,0.0,,0.0,74.45038,0.0,0.0,0.0
"Givens-Craig, Hayden",1000146243,SUS_COU1,,1,1,0,0,1,0,0,0,0,0,0,0.0,,0.0,0.0,0.0,,,,,
"Glickstein, Aaron",1000292360,SCH_BOO,Changeup,4,1,1,2,0,0,0,1,0,0,0,77.56798,0.16770383982279113,1.0,0.5,,,77.56798,0.0,0.0,0.0
"Glickstein, Aaron",1000292360,SCH_BOO,Curveball,3,2,0,0,3,0,2,2,0,0,0,169.18971,0.23613105212433705,0.0,0.0,0.0,0.0,84.594855,0.0,0.0,0.0
"Glickstein, Aaron",1000292360,SCH_BOO,Cutter,44,21,5,16,9,2,9,16,4,0,6,1313.1407,0.2461343245563932,0.23809523809523808,0.36363636363636365,0.2222222222222222,0.2222222222222222,82.07129375,0.25,0.0,0.375
"Glickstein, Aaron",1000292360,SCH_BOO,Four-Seam,101,52,16,32,49,14,26,33,5,1,10,2620.90647,0.22375003263477639,0.3076923076923077,0.31683168316831684,0.2857142857142857,0.5384615384615384,79.42140818181818,0.15151515151515152,0.030303030303030304,0.30303030303030304
"Glickstein, Aaron",1000292360,SCH_BOO,Sinker,45,24,3,15,10,0,10,16,1,0,3,1192.26999,0.18206805517573418,0.125,0.3333333333333333,0.0,0.0,74.516874375,0.0625,0.0,0.1875
"Glickstein, Aaron",1000292360,SCH_BOO,Slider,24,12,3,7,7,3,6,9,3,2,4,713.89247,0.2505230812834932,0.25,0.2916666666666667,0.42857142857142855,0.5,79.32138555555555,0.3333333333333333,0.2222222222222222,0.4444444444444444
"Godwin, Connor",802684,NEW_YOR13,Changeup,3,1,0,0,1,0,0,0,0,0,0,0.0,,0.0,0.0,0.0,,,,,
"Godwin, Connor",802684,NEW_YOR13,Curveball,18,10,3,6,9,4,5,5,1,0,2,386.91435,0.264385463423406,0.3,0.3333333333333333,0.4444444444444444,0.8,77.38287,0.2,0.0,0.4
"Godwin, Connor",802684,NEW_YOR13,Four-Seam,13,7,2,5,4,1,3,3,1,0,1,254.30349,0.3022964913376431,0.2857142857142857,0.38461538461538464,0.25,0.3333333333333333,84.76783,0.3333333333333333,0.0,0.3333333333333333
"Godwin, Connor",802684,NEW_YOR13,Sinker,149,62,11,36,34,5,46,48,7,0,14,3960.49668,0.2679550998137407,0.1774193548387097,0.24161073825503357,0.14705882352941177,0.10869565217391304,82.51034750000001,0.14583333333333334,0.0,0.2916666666666667
"Godwin, Connor",802684,NEW_YOR13,Slider,93,38,14,33,32,5,17,19,3,0,6,1576.42727,0.26208505181732417,0.3684210526315789,0.3548387096774194,0.15625,0.29411764705882354,82.96985631578947,0.15789473684210525,0.0,0.3157894736842105
"Godwin, Connor",802684,NEW_YOR13,,7,2,0,1,1,0,1,0,0,0,0,0.0,,0.0,0.14285714285714285,0.0,0.0,,,,
"Gollert, Harley",1000114236,TRO_AIG,Changeup,28,17,2,6,12,1,4,9,1,0,2,664.70249,0.1418615040018969,0.11764705882352941,0.21428571428571427,0.08333333333333333,0.25,73.85583222222222,0.1111111111111111,0.0,0.2222222222222222
"Gollert, Harley",1000114236,TRO_AIG,Curveball,17,4,3,11,1,1,1,1,0,0,1,64.0077,0.03853735489261961,0.75,0.6470588235294118,1.0,1.0,64.0077,0.0,0.0,1.0
"Gollert, Harley",1000114236,TRO_AIG,Four-Seam,25,10,2,8,11,5,8,6,1,0,2,451.4609,0.21914745813956818,0.2,0.32,0.45454545454545453,0.625,75.24348333333333,0.16666666666666666,0.0,0.3333333333333333
"Gollert, Harley",1000114236,TRO_AIG,Sinker,6,4,1,2,3,1,3,3,0,0,2,222.77242999999999,0.21446577968236522,0.25,0.3333333333333333,0.3333333333333333,0.3333333333333333,74.25747666666666,0.0,0.0,0.6666666666666666
"Gollert, Harley",1000114236,TRO_AIG,Slider,11,5,2,2,8,2,4,3,0,0,2,263.39287,0.333650415032487,0.4,0.18181818181818182,0.25,0.5,87.79762333333333,0.0,0.0,0.6666666666666666
"Gollert, Harley",8890793,QUE_CAP,Changeup,52,25,8,11,15,3,17,13,3,1,4,1074.54397,0.25428329133191535,0.32,0.21153846153846154,0.2,0.17647058823529413,82.65722846153845,0.23076923076923078,0.07692307692307693,0.3076923076923077
"Gollert, Harley",8890793,QUE_CAP,Curveball,41,14,4,14,8,2,9,10,2,0,4,820.40627,0.26553037244116695,0.2857142857142857,0.34146341463414637,0.25,0.2222222222222222,82.040627,0.2,0.0,0.4
"Gollert, Harley",8890793,QUE_CAP,Cutter,2,2,1,1,0,0,1,1,0,0,1,67.53621,0.3284169292547452,0.5,0.5,,0.0,67.53621,0.0,0.0,1.0
"Gollert, Harley",8890793,QUE_CAP,Four-Seam,81,37,9,22,22,2,17,26,5,2,8,2111.27531,0.24790049897605984,0.24324324324324326,0.2716049382716049,0.09090909090909091,0.11764705882352941,81.20289653846154,0.19230769230769232,0.07692307692307693,0.3076923076923077
"Gollert, Harley",8890793,QUE_CAP,Sinker,45,13,0,12,8,1,11,10,3,0,5,849.48578,0.34353868193000187,0.0,0.26666666666666666,0.125,0.09090909090909091,84.948578,0.3,0.0,0.5
"Gollert, Harley",8890793,QUE_CAP,Slider,57,27,4,15,21,2,15,22,5,1,6,1626.29731,0.21584633951489832,0.14814814814814814,0.2631578947368421,0.09523809523809523,0.13333333333333333,73.92260499999999,0.22727272727272727,0.045454545454545456,0.2727272727272727
"Gollert, Harley",8890793,QUE_CAP,Splitter,5,3,2,3,3,2,2,1,0,0,0,73.16366,0.14492397906607357,0.6666666666666666,0.6,0.6666666666666666,1.0,73.16366,0.0,0.0,0.0
"Gollert, Harley",,TRO_AIG,Changeup,36,19,6,9,11,2,11,10,1,0,2,803.68105,0.25474344230012613,0.3157894736842105,0.25,0.18181818181818182,0.18181818181818182,80.368105,0.1,0.0,0.2
"Gollert, Harley",,TRO_AIG,Curveball,12,6,0,2,4,0,2,6,1,0,3,489.83705,0.3306873385620499,0.0,0.16666666666666666,0.0,0.0,81.63950833333332,0.16666666666666666,0.0,0.5
"Gollert, Harley",,TRO_AIG,Four-Seam,32,16,1,4,7,0,6,13,0,0,4,983.56382,0.18168640859645296,0.0625,0.125,0.0,0.0,75.65875538461538,0.0,0.0,0.3076923076923077
"Gollert, Harley",,TRO_AIG,Sinker,7,5,1,2,1,1,3,4,2,1,2,368.00403,0.404000140575589,0.2,0.2857142857142857,1.0,0.3333333333333333,92.0010075,0.5,0.25,0.5
"Gollert, Harley",,TRO_AIG,Slider,17,10,1,2,6,1,6,9,4,0,4,788.63855,0.38952087878894726,0.1,0.11764705882352941,0.16666666666666666,0.16666666666666666,87.62650555555555,0.4444444444444444,0.0,0.4444444444444444
"Good, Ty",688612,GAT_GRI,Changeup,24,7,3,8,7,2,5,4,0,0,1,296.16451,0.3000419606098556,0.42857142857142855,0.3333333333333333,0.2857142857142857,0.4,74.0411275,0.0,0.0,0.25
"Good, Ty",688612,GAT_GRI,Curveball,96,27,12,40,36,12,21,9,1,0,4,737.02338,0.23649034342650324,0.4444444444444444,0.4166666666666667,0.3333333333333333,0.5714285714285714,81.89148666666667,0.1111111111111111,0.0,0.4444444444444444
"Good, Ty",688612,GAT_GRI,Cutter,24,10,0,4,3,1,8,10,3,0,3,858.98909,0.2878801537474666,0.0,0.16666666666666666,0.3333333333333333,0.125,85.898909,0.3,0.0,0.3
"Good, Ty",688612,GAT_GRI,Four-Seam,224,107,18,53,51,8,50,77,12,0,17,6086.10822,0.1941739502239598,0.16822429906542055,0.23660714285714285,0.1568627450980392,0.16,79.0403664935065,0.15584415584415584,0.0,0.22077922077922077
"Good, Ty",688612,GAT_GRI,Sinker,1,1,0,0,1,0,0,1,0,0,0,80.50768,0.16635613644258385,0.0,0.0,0.0,,80.50768,0.0,0.0,0.0
"Good, Ty",688612,GAT_GRI,Slider,81,42,21,36,31,10,26,18,3,0,5,1428.27874,0.22143270435383322,0.5,0.4444444444444444,0.3225806451612903,0.38461538461538464,79.34881888888889,0.16666666666666666,0.0,0.2777777777777778
"Good, Ty",688612,GAT_GRI,,2,1,0,1,0,0,1,0,0,0,0,0.0,,0.0,0.5,,0.0,,,,
"Gordillo, Lucas",808851,TRI_VAL,Changeup,2,1,0,0,0,0,0,1,0,0,0,60.03325,0.01410371699072388,0.0,0.0,,,60.03325,0.0,0.0,0.0
"Gordillo, Lucas",808851,TRI_VAL,Curveball,4,1,0,1,1,0,1,1,0,0,1,83.6132,0.4853814760482852,0.0,0.25,0.0,0.0,83.6132,0.0,0.0,1.0
"Gordillo, Lucas",808851,TRI_VAL,Four-Seam,34,14,6,12,14,4,8,8,1,0,5,653.10945,0.31071495018485773,0.42857142857142855,0.35294117647058826,0.2857142857142857,0.5,81.63868125,0.125,0.0,0.625
"Gordillo, Lucas",808851,TRI_VAL,Sinker,2,1,0,0,1,0,0,0,0,0,0,0.0,,0.0,0.0,0.0,,,,,
"Gordillo, Lucas",808851,TRI_VAL,Slider,7,3,0,2,3,0,0,3,0,0,1,185.89303,0.10327683462497435,0.0,0.2857142857142857,0.0,,61.96434333333334,0.0,0.0,0.3333333333333333
"Gorgen, Grady",1000138303,NEW_YOR13,Changeup,26,11,2,9,3,0,2,7,1,0,3,570.46149,0.30311344260585715,0.18181818181818182,0.34615384615384615,0.0,0.0,81.49449857142858,0.14285714285714285,0.0,0.42857142857142855
"Gorgen, Grady",1000138303,NEW_YOR13,Curveball,43,14,4,9,22,4,14,9,3,0,6,769.55783,0.35298885349262843,0.2857142857142857,0.20930232558139536,0.18181818181818182,0.2857142857142857,85.50642555555555,0.3333333333333333,0.0,0.6666666666666666
"Gorgen, Grady",1000138303,NEW_YOR13,Cutter,58,26,8,17,15,2,15,16,3,0,1,1282.6733100000001,0.16924956656031484,0.3076923076923077,0.29310344827586204,0.13333333333333333,0.13333333333333333,80.16708187500001,0.1875,0.0,0.0625
"Gorgen, Grady",1000138303,NEW_YOR13,Four-Seam,2,0,0,0,0,0,0,0,0,0,0,0.0,,,0.0,,,,,,
"Gorgen, Grady",1000138303,NEW_YOR13,Sinker,23,8,3,9,5,1,5,4,0,0,2,319.36505999999997,0.33485695450188635,0.375,0.391304347826087,0.2,0.2,79.84126499999999,0.0,0.0,0.5
"Gorgen, Grady",1000138303,NEW_YOR13,Slider,75,32,5,19,17,2,21,21,7,4,8,1798.70471,0.31963231153616334,0.15625,0.25333333333333335,0.11764705882352941,0.09523809523809523,85.65260523809523,0.3333333333333333,0.19047619047619047,0.38095238095238093
"Gorgen, Grady",1000138303,NEW_YOR13,,1,0,0,0,0,0,0,0,0,0,0,0.0,,,0.0,,,,,,
"Gregory, Ben",833406,GAT_GRI,Changeup,20,5,2,3,4,0,3,2,0,0,0,125.75892999999999,0.04263206505459646,0.4,0.15,0.0,0.0,62.879464999999996,0.0,0.0,0.0
"Gregory, Ben",833406,GAT_GRI,Curveball,13,1,0,1,2,0,3,1,0,0,1,89.85496,0.5320916113239027,0.0,0.07692307692307693,0.0,0.0,89.85496,0.0,0.0,1.0
"Gregory, Ben",833406,GAT_GRI,Four-Seam,29,10,3,7,4,0,7,4,0,0,0,310.03861,0.15794735892769216,0.3,0.2413793103448276,0.0,0.0,77.5096525,0.0,0.0,0.0
"Gregory, Ben",833406,GAT_GRI,Sinker,76,32,9,27,19,5,19,21,3,0,5,1635.9613,0.18672658564777417,0.28125,0.35526315789473684,0.2631578947368421,0.2631578947368421,77.90291904761905,0.14285714285714285,0.0,0.23809523809523808
"Gregory, Ben",833406,GAT_GRI,Slider,11,1,0,2,5,0,1,1,1,0,1,98.17903,0.5902584904115354,0.0,0.18181818181818182,0.0,0.0,98.17903,1.0,0.0,1.0
"Gregory, Ben",833406,GAT_GRI,,2,0,0,0,1,0,0,0,0,0,0,0.0,,,0.0,0.0,,,,,
"Grounds, Jackson",805984,DOW_EAS1,Changeup,21,8,0,2,5,0,5,6,1,0,3,440.82041,0.21665881239067408,0.0,0.09523809523809523,0.0,0.0,73.47006833333333,0.16666666666666666,0.0,0.5
"Grounds, Jackson",805984,DOW_EAS1,Curveball,82,19,8,23,29,7,17,10,0,0,0,646.25152,0.10393841910365986,0.42105263157894735,0.2804878048780488,0.2413793103448276,0.4117647058823529,64.625152,0.0,0.0,0.0
"Grounds, Jackson",805984,DOW_EAS1,Cutter,20,9,3,4,10,1,6,6,2,0,1,480.48644,0.302499910315245,0.3333333333333333,0.2,0.1,0.16666666666666666,80.08107333333334,0.3333333333333333,0.0,0.16666666666666666
"Grounds, Jackson",805984,DOW_EAS1,Four-Seam,107,47,12,29,27,5,23,27,3,1,7,1886.19372,0.15566913680309474,0.2553191489361702,0.27102803738317754,0.18518518518518517,0.21739130434782608,69.85902666666667,0.1111111111111111,0.037037037037037035,0.25925925925925924
"Grounds, Jackson",805984,DOW_EAS1,Sinker,116,48,11,30,21,2,26,26,3,0,8,1995.54189,0.21326044528542276,0.22916666666666666,0.25862068965517243,0.09523809523809523,0.07692307692307693,76.75161115384616,0.11538461538461539,0.0,0.3076923076923077
"Grounds, Jackson",805984,DOW_EAS1,Slider,38,16,7,11,14,3,12,8,2,0,2,560.0194,0.17913435159956476,0.4375,0.2894736842105263,0.21428571428571427,0.25,70.002425,0.25,0.0,0.25
"Grounds, Jackson",805984,DOW_EAS1,Splitter,1,0,0,0,0,0,0,0,0,0,0,0.0,,,0.0,,,,,,
"Hagan, Jack",699522,DOW_EAS1,Changeup,25,9,0,5,9,1,6,8,0,0,2,639.39466,0.22061397291087623,0.0,0.2,0.1111111111111111,0.16666666666666666,79.9243325,0.0,0.0,0.25
"Hagan, Jack",699522,DOW_EAS1,Curveball,1,1,1,1,1,1,1,0,0,0,0,0.0,,1.0,1.0,1.0,1.0,,,,
"Hagan, Jack",699522,DOW_EAS1,Cutter,13,9,1,4,4,0,2,5,1,1,1,384.52242,0.19400810493433351,0.1111111111111111,0.3076923076923077,0.0,0.0,76.904484,0.2,0.2,0.2
"Hagan, Jack",699522,DOW_EAS1,Four-Seam,50,27,10,15,25,6,12,15,1,0,4,1139.87844,0.12965309775090264,0.37037037037037035,0.3,0.24,0.5,75.991896,0.06666666666666667,0.0,0.26666666666666666
"Hagan, Jack",699522,DOW_EAS1,Other,1,0,0,0,0,0,0,0,0,0,0,0.0,,,0.0,,,,,,
"Hagan, Jack",699522,DOW_EAS1,Sinker,163,79,11,37,45,7,42,51,9,0,17,4164.43563,0.2471405124025605,0.13924050632911392,0.22699386503067484,0.15555555555555556,0.16666666666666666,81.65560058823529,0.17647058823529413,0.0,0.3333333333333333
"Hagan, Jack",699522,DOW_EAS1,Slider,116,50,15,36,44,7,28,28,4,0,7,2168.39721,0.240364058386515,0.3,0.3103448275862069,0.1590909090909091,0.25,77.4427575,0.14285714285714285,0.0,0.25
"Hampton, Ky",673132,OTT_TIT,Changeup,105,60,15,27,47,6,27,29,5,1,4,2416.34359,0.25172787435397576,0.25,0.2571428571428571,0.1276595744680851,0.2222222222222222,83.32219275862069,0.1724137931034483,0.034482758620689655,0.13793103448275862
"Hampton, Ky",673132,OTT_TIT,Curveball,18,5,1,5,7,2,5,4,0,0,1,261.36082,0.07092691102480443,0.2,0.2777777777777778,0.2857142857142857,0.4,65.340205,0.0,0.0,0.25
"Hampton, Ky",673132,OTT_TIT,Cutter,1,0,0,0,0,0,0,0,0,0,0,0.0,,,0.0,,,,,,
"Hampton, Ky",673132,OTT_TIT,Sinker,91,41,4,25,18,1,21,28,7,2,8,2330.79933,0.2722165209855717,0.0975609756097561,0.27472527472527475,0.05555555555555555,0.047619047619047616,83.24283321428571,0.25,0.07142857142857142,0.2857142857142857
"Hampton, Ky",673132,OTT_TIT,Slider,67,29,5,16,19,3,21,22,5,1,9,1752.12287,0.25265438989237793,0.1724137931034483,0.23880597014925373,0.15789473684210525,0.14285714285714285,79.64194863636364,0.22727272727272727,0.045454545454545456,0.4090909090909091
"Hampton, Ky",673132,OTT_TIT,Splitter,1,1,1,1,1,1,1,0,0,0,0,0.0,,1.0,1.0,1.0,1.0,,,,
"Hampton, Ky",673132,OTT_TIT,,4,0,0,0,1,0,1,0,0,0,0,0.0,,,0.0,0.0,0.0,,,,
"Hansell, Mike",804667,TRO_AIG,Changeup,39,18,4,13,9,1,11,9,3,0,1,736.56599,0.24700008714984797,0.2222222222222222,0.3333333333333333,0.1111111111111111,0.09090909090909091,81.84066555555556,0.3333333333333333,0.0,0.1111111111111111
"Hansell, Mike",804667,TRO_AIG,Curveball,29,9,0,5,13,2,7,7,0,0,3,502.46017,0.20950116289751394,0.0,0.1724137931034483,0.15384615384615385,0.2857142857142857,71.78002428571429,0.0,0.0,0.42857142857142855
"Hansell, Mike",804667,TRO_AIG,Four-Seam,5,1,1,2,1,1,1,0,0,0,0,0.0,,1.0,0.4,1.0,1.0,,,,
"Hansell, Mike",804667,TRO_AIG,Sinker,32,20,2,5,8,1,11,16,0,0,8,1210.94048,0.24822624708036994,0.1,0.15625,0.125,0.09090909090909091,75.68378,0.0,0.0,0.5
"Hansell, Mike",804667,TRO_AIG,Slider,15,8,3,7,2,1,3,4,1,0,2,296.94219,0.2392022669199668,0.375,0.4666666666666667,0.5,0.3333333333333333,74.2355475,0.25,0.0,0.5
"Hansell, Mike",804667,TRO_AIG,Splitter,12,4,3,7,3,1,2,1,0,0,1,93.5974,0.4174711576320729,0.75,0.5833333333333334,0.3333333333333333,0.5,93.5974,0.0,0.0,1.0
"Harajli, Ahmad",800677,FLO_Y'A,Changeup,12,3,2,4,6,1,3,1,1,0,0,96.78275,0.34010519228068525,0.6666666666666666,0.3333333333333333,0.16666666666666666,0.3333333333333333,96.78275,1.0,0.0,0.0
"Harajli, Ahmad",800677,FLO_Y'A,Curveball,12,3,1,3,5,0,2,1,0,0,0,89.59515,0.24855788339233043,0.3333333333333333,0.25,0.0,0.0,89.59515,0.0,0.0,0.0
"Harajli, Ahmad",800677,FLO_Y'A,Four-Seam,132,55,13,34,37,5,39,37,5,1,16,3082.76114,0.31414695591226244,0.23636363636363636,0.25757575757575757,0.13513513513513514,0.1282051282051282,83.31786864864866,0.13513513513513514,0.02702702702702703,0.43243243243243246
"Harajli, Ahmad",800677,FLO_Y'A,Slider,58,26,9,18,15,4,13,17,0,0,4,1256.92407,0.1490953770776792,0.34615384615384615,0.3103448275862069,0.26666666666666666,0.3076923076923077,73.93671,0.0,0.0,0.23529411764705882
"Harajli, Ahmad",800677,FLO_Y'A,Splitter,1,0,0,0,1,0,0,0,0,0,0,0.0,,,0.0,0.0,,,,,
"Harbison, Kyle",805278,FLO_Y'A,Four-Seam,16,8,0,3,0,0,7,8,3,0,0,651.50687,0.1876755553655744,0.0,0.1875,,0.0,81.43835875,0.375,0.0,0.0
"Hargrove, Dawson",1000471986,LAK_ERI24,Changeup,2,2,0,0,1,0,2,1,0,0,0,72.67837,0.13795043499515203,0.0,0.0,0.0,0.0,72.67837,0.0,0.0,0.0
"Hargrove, Dawson",1000471986,LAK_ERI24,Curveball,26,9,2,6,5,1,6,7,3,0,3,595.85725,0.3670455814015295,0.2222222222222222,0.23076923076923078,0.2,0.16666666666666666,85.12246428571429,0.42857142857142855,0.0,0.42857142857142855
"Hargrove, Dawson",1000471986,LAK_ERI24,Cutter,2,1,0,1,1,0,0,1,0,0,0,65.87302,0.043616970353094364,0.0,0.5,0.0,,65.87302,0.0,0.0,0.0
"Hargrove, Dawson",1000471986,LAK_ERI24,Four-Seam,44,27,8,14,9,2,13,18,3,1,4,1452.41329,0.2248141204553031,0.2962962962962963,0.3181818181818182,0.2222222222222222,0.15384615384615385,80.68962722222221,0.16666666666666666,0.05555555555555555,0.2222222222222222
"Hargrove, Dawson",1000471986,LAK_ERI24,Sinker,5,1,1,2,0,0,0,0,0,0,0,0.0,,1.0,0.4,,,,,,
"Hargrove, Dawson",1000471986,LAK_ERI24,Slider,19,10,0,4,3,0,9,8,4,0,3,702.34432,0.4257710636113699,0.0,0.21052631578947367,0.0,0.0,87.79304,0.5,0.0,0.375
"Harlan, Trotter",688917,DOW_EAS1,Changeup,1,0,0,0,0,0,0,0,0,0,0,0.0,,,0.0,,,,,,
"Harlan, Trotter",688917,DOW_EAS1,Curveball,14,12,3,4,3,1,7,8,1,0,2,628.24812,0.2203587490731323,0.25,0.2857142857142857,0.3333333333333333,0.14285714285714285,78.531015,0.125,0.0,0.25
"Harlan, Trotter",688917,DOW_EAS1,Four-Seam,7,3,1,4,1,0,1,1,1,0,1,95.07024,0.4181834037157125,0.3333333333333333,0.5714285714285714,0.0,0.0,95.07024,1.0,0.0,1.0
"Harlan, Trotter",688917,DOW_EAS1,Other,1,0,0,0,1,0,0,0,0,0,0,0.0,,,0.0,0.0,,,,,
"Harlan, Trotter",688917,DOW_EAS1,,1,0,0,0,0,0,0,0,0,0,0,0.0,,,0.0,,,,,,
"Harper, Scott",1000241275,NEW_YOR13,Changeup,15,4,0,4,1,0,4,3,1,0,1,236.62534,0.24568791963459533,0.0,0.26666666666666666,0.0,0.0,78.87511333333333,0.3333333333333333,0.0,0.3333333333333333
"Harper, Scott",1000241275,NEW_YOR13,Four-Seam,20,7,0,4,3,0,3,7,0,0,2,505.86247000000003,0.06713776061713432,0.0,0.2,0.0,0.0,72.26606714285715,0.0,0.0,0.2857142857142857
"Harper, Scott",1000241275,NEW_YOR13,Sinker,108,44,9,32,27,5,31,31,5,1,11,2425.51486,0.2485475029620692,0.20454545454545456,0.2962962962962963,0.18518518518518517,0.16129032258064516,78.24241483870968,0.16129032258064516,0.03225806451612903,0.3548387096774194
"Harper, Scott",1000241275,NEW_YOR13,Slider,114,42,18,49,38,10,27,20,0,0,2,1430.82016,0.13323954954282224,0.42857142857142855,0.4298245614035088,0.2631578947368421,0.37037037037037035,71.541008,0.0,0.0,0.1
"Harper, Scott",1000241275,NEW_YOR13,Splitter,9,1,0,1,1,0,0,1,0,0,1,78.97441,0.4138099178578347,0.0,0.1111111111111111,0.0,,78.97441,0.0,0.0,1.0
"Harper, Scott",1000241275,NEW_YOR13,,6,1,1,1,2,0,1,0,0,0,0,0.0,,1.0,0.16666666666666666,0.0,0.0,,,,
"Harris, Ben",1000390130,GAT_GRI,Changeup,179,97,34,59,63,10,52,46,12,1,11,3754.87599,0.2558493166976272,0.35051546391752575,0.329608938547486,0.15873015873015872,0.19230769230769232,81.62773891304347,0.2608695652173913,0.021739130434782608,0.2391304347826087
"Harris, Ben",1000390130,GAT_GRI,Curveball,138,28,11,35,67,11,20,10,1,0,1,755.71356,0.21534241161656667,0.39285714285714285,0.2536231884057971,0.16417910447761194,0.55,75.57135600000001,0.1,0.0,0.1
"Harris, Ben",1000390130,GAT_GRI,Four-Seam,272,129,28,79,79,14,68,90,16,1,28,7179.453,0.22928878502576358,0.21705426356589147,0.29044117647058826,0.17721518987341772,0.20588235294117646,79.77170000000001,0.17777777777777778,0.011111111111111112,0.3111111111111111
"Harris, Ben",1000390130,GAT_GRI,Sinker,71,30,3,25,14,3,17,24,4,0,12,1932.27343,0.27044049550870775,0.1,0.352112676056338,0.21428571428571427,0.17647058823529413,80.51139291666667,0.16666666666666666,0.0,0.5
"Harris, Ben",1000390130,GAT_GRI,Slider,1,1,1,1,1,1,1,0,0,0,0,0.0,,1.0,1.0,1.0,1.0,,,,
"Harris, Ben",1000390130,GAT_GRI,,5,1,0,1,0,0,1,0,0,0,0,0.0,,0.0,0.2,,0.0,,,,
"Hebert, Mason",10310211,FDU_KNI,Changeup,3,0,0,1,0,0,0,0,0,0,0,0.0,,,0.3333333333333333,,,,,,
"Hebert, Mason",10310211,FDU_KNI,Curveball,10,4,1,4,4,1,4,3,1,0,3,283.02249,0.48096896400158884,0.25,0.4,0.25,0.25,94.34083,0.3333333333333333,0.0,1.0
"Hebert, Mason",10310211,FDU_KNI,Four-Seam,1,0,0,0,0,0,0,0,0,0,0,0.0,,,0.0,,,,,,
"Hebert, Mason",10310211,FDU_KNI,Slider,29,7,2,10,3,0,9,6,2,0,2,434.73436,0.1799934460667698,0.2857142857142857,0.3448275862068966,0.0,0.0,72.45572666666666,0.3333333333333333,0.0,0.3333333333333333
"Helsel, Garrett",811679,XAV_MUS,Changeup,4,0,0,0,0,0,1,0,0,0,0,0.0,,,0.0,,0.0,,,,
"Helsel, Garrett",811679,XAV_MUS,Curveball,1,0,0,0,0,0,0,0,0,0,0,0.0,,,0.0,,,,,,
"Helsel, Garrett",811679,XAV_MUS,Four-Seam,8,0,0,2,0,0,2,0,0,0,0,0.0,,,0.25,,0.0,,,,
"Helsel, Garrett",811679,XAV_MUS,Slider,7,0,0,3,1,1,1,0,0,0,0,0.0,,,0.42857142857142855,1.0,1.0,,,,
"Helt, Robert",836007,LAK_ERI24,Changeup,4,0,0,0,1,0,0,0,0,0,0,0.0,,,0.0,0.0,,,,,
"Helt, Robert",836007,LAK_ERI24,Curveball,106,40,16,34,43,12,31,18,5,0,3,1459.63803,0.2587326552840135,0.4,0.32075471698113206,0.27906976744186046,0.3870967741935484,81.09100166666667,0.2777777777777778,0.0,0.16666666666666666
"Helt, Robert",836007,LAK_ERI24,Four-Seam,273,116,18,60,50,5,80,87,23,2,23,7203.79946,0.27335056506240657,0.15517241379310345,0.21978021978021978,0.1,0.0625,82.80229264367816,0.26436781609195403,0.022988505747126436,0.26436781609195403
"Helt, Robert",836007,LAK_ERI24,Other,1,0,0,1,0,0,0,0,0,0,0,0.0,,,1.0,,,,,,
"Helt, Robert",836007,LAK_ERI24,Sinker,11,5,1,3,2,1,5,3,1,1,1,242.31749,0.2077403235591924,0.2,0.2727272727272727,0.5,0.2,80.77249666666667,0.3333333333333333,0.3333333333333333,0.3333333333333333
"Helt, Robert",836007,LAK_ERI24,Slider,120,46,16,44,34,5,19,24,5,0,10,1886.7341900000001,0.2634895403415065,0.34782608695652173,0.36666666666666664,0.14705882352941177,0.2631578947368421,78.61392458333334,0.20833333333333334,0.0,0.4166666666666667
"Helt, Robert",836007,LAK_ERI24,,1,0,0,0,0,0,0,0,0,0,0,0.0,,,0.0,,,,,,
"Henderson, Drew",1000429021,DOW_EAS1,Changeup,91,44,15,22,23,5,24,23,4,0,9,1789.86972,0.24407795577511215,0.3409090909090909,0.24175824175824176,0.21739130434782608,0.20833333333333334,77.82042260869565,0.17391304347826086,0.0,0.391304347826087
"Henderson, Drew",1000429021,DOW_EAS1,Curveball,171,70,11,43,62,8,49,53,15,4,10,4263.60659,0.2125144414029372,0.15714285714285714,0.25146198830409355,0.12903225806451613,0.16326530612244897,80.44540735849057,0.2830188679245283,0.07547169811320754,0.18867924528301888
"Henderson, Drew",1000429021,DOW_EAS1,Cutter,12,3,0,1,3,0,2,2,1,0,1,180.10602,0.4052260293498244,0.0,0.08333333333333333,0.0,0.0,90.05301,0.5,0.0,0.5
"Henderson, Drew",1000429021,DOW_EAS1,Four-Seam,266,113,20,80,62,7,63,82,21,2,30,6738.14042,0.2584361571264329,0.17699115044247787,0.3007518796992481,0.11290322580645161,0.1111111111111111,82.17244414634146,0.25609756097560976,0.024390243902439025,0.36585365853658536
"Henderson, Drew",1000429021,DOW_EAS1,Sinker,61,19,1,15,13,2,15,13,2,0,3,1020.60551,0.25046050355342914,0.05263157894736842,0.2459016393442623,0.15384615384615385,0.13333333333333333,78.50811615384615,0.15384615384615385,0.0,0.23076923076923078
"Henderson, Drew",1000429021,DOW_EAS1,Slider,27,16,6,8,9,3,9,8,3,1,3,703.32951,0.3469484196092014,0.375,0.2962962962962963,0.3333333333333333,0.3333333333333333,87.91618875,0.375,0.125,0.375
"Hensey, Rob",802996,SUS_COU1,Changeup,141,71,38,56,49,16,37,25,1,0,6,1821.12771,0.168664743707196,0.5352112676056338,0.3971631205673759,0.32653061224489793,0.43243243243243246,72.8451084,0.04,0.0,0.24
"Hensey, Rob",802996,SUS_COU1,Curveball,3,0,0,0,1,0,0,0,0,0,0,0.0,,,0.0,0.0,,,,,
"Hensey, Rob",802996,SUS_COU1,Cutter,2,0,0,0,1,0,0,0,0,0,0,0.0,,,0.0,0.0,,,,,
"Hensey, Rob",802996,SUS_COU1,Four-Seam,87,43,14,29,21,8,20,26,5,1,11,2029.66945,0.23406334127409228,0.32558139534883723,0.3333333333333333,0.38095238095238093,0.4,78.06420961538461,0.19230769230769232,0.038461538461538464,0.4230769230769231
"Hensey, Rob",802996,SUS_COU1,Sinker,269,133,23,72,71,14,72,100,16,1,36,7643.11995,0.2237432709219941,0.17293233082706766,0.26765799256505574,0.19718309859154928,0.19444444444444445,76.4311995,0.16,0.01,0.36
"Hensey, Rob",802996,SUS_COU1,Slider,67,26,10,21,22,3,18,16,1,0,6,1215.26113,0.20793698373847175,0.38461538461538464,0.31343283582089554,0.13636363636363635,0.16666666666666666,75.953820625,0.0625,0.0,0.375
"Herbert, Andrew",1000083218,WAS_WIL3,Changeup,34,19,6,11,12,3,11,11,2,0,4,880.7472799999999,0.24809328198577837,0.3157894736842105,0.3235294117647059,0.25,0.2727272727272727,80.06793454545453,0.18181818181818182,0.0,0.36363636363636365
"Herbert, Andrew",1000083218,WAS_WIL3,Curveball,20,6,3,8,3,0,2,2,0,0,1,171.46553,0.3469415226600946,0.5,0.4,0.0,0.0,85.732765,0.0,0.0,0.5
"Herbert, Andrew",1000083218,WAS_WIL3,Four-Seam,55,24,5,19,23,5,13,17,1,0,4,1350.80627,0.17529522300502998,0.20833333333333334,0.34545454545454546,0.21739130434782608,0.38461538461538464,79.45919235294117,0.058823529411764705,0.0,0.23529411764705882
"Herbert, Andrew",1000083218,WAS_WIL3,Sinker,35,14,1,8,10,1,7,10,1,0,2,855.46067,0.2583499605216984,0.07142857142857142,0.22857142857142856,0.1,0.14285714285714285,85.54606700000001,0.1,0.0,0.2
"Herbert, Andrew",1000083218,WAS_WIL3,Slider,42,18,6,11,18,2,13,11,3,0,2,977.4549,0.3118175459880819,0.3333333333333333,0.2619047619047619,0.1111111111111111,0.15384615384615385,88.85953636363637,0.2727272727272727,0.0,0.18181818181818182
"Heredia-Bustos, Rolando",837343,DOW_EAS1,Changeup,162,77,18,51,50,5,45,52,9,2,17,4226.55028,0.2720145045798502,0.23376623376623376,0.3148148148148148,0.1,0.1111111111111111,81.27981307692309,0.17307692307692307,0.038461538461538464,0.3269230769230769
"Heredia-Bustos, Rolando",837343,DOW_EAS1,Curveball,17,6,2,5,5,0,1,4,0,0,1,284.09215,0.12543734214440333,0.3333333333333333,0.29411764705882354,0.0,0.0,71.0230375,0.0,0.0,0.25
"Heredia-Bustos, Rolando",837343,DOW_EAS1,Cutter,31,13,2,8,6,2,12,11,3,0,5,893.06996,0.3040612833524032,0.15384615384615385,0.25806451612903225,0.3333333333333333,0.16666666666666666,81.18817818181819,0.2727272727272727,0.0,0.45454545454545453
"Heredia-Bustos, Rolando",837343,DOW_EAS1,Four-Seam,23,9,3,5,5,0,4,5,2,0,3,400.02867,0.2053631926020095,0.3333333333333333,0.21739130434782608,0.0,0.0,80.00573399999999,0.4,0.0,0.6
"Heredia-Bustos, Rolando",837343,DOW_EAS1,Sinker,101,38,4,22,25,1,25,29,9,1,9,2559.71691,0.3019376899974685,0.10526315789473684,0.21782178217821782,0.04,0.04,88.26610034482759,0.3103448275862069,0.034482758620689655,0.3103448275862069
"Heredia-Bustos, Rolando",837343,DOW_EAS1,Slider,300,161,39,84,89,19,84,103,14,0,31,7795.14702,0.19330840868324045,0.2422360248447205,0.28,0.21348314606741572,0.2261904761904762,75.68103902912621,0.13592233009708737,0.0,0.30097087378640774
"Heredia-Bustos, Rolando",837343,DOW_EAS1,,7,1,0,0,2,0,1,0,0,0,0,0.0,,0.0,0.0,0.0,0.0,,,,
"Hernandez, Joseph",678852,OTT_TIT,Changeup,2,0,0,0,0,0,0,0,0,0,0,0.0,,,0.0,,,,,,
"Hernandez, Joseph",678852,OTT_TIT,Sinker,5,0,0,1,1,0,1,0,0,0,0,0.0,,,0.2,0.0,0.0,,,,
"Hernandez, Joseph",678852,OTT_TIT,Slider,9,3,1,2,4,0,2,1,0,0,0,94.98308,0.6069151384279338,0.3333333333333333,0.2222222222222222,0.0,0.0,94.98308,0.0,0.0,0.0
"Hernandez, Nyan",683466,NEW_JER6,Changeup,114,53,8,25,26,2,32,38,12,3,11,3119.8944,0.2679009550722468,0.1509433962264151,0.21929824561403508,0.07692307692307693,0.0625,82.10248421052631,0.3157894736842105,0.07894736842105263,0.2894736842105263
"Hernandez, Nyan",683466,NEW_JER6,Curveball,1,1,1,1,1,1,1,0,0,0,0,0.0,,1.0,1.0,1.0,1.0,,,,
"Hernandez, Nyan",683466,NEW_JER6,Four-Seam,20,6,0,5,4,1,5,5,0,0,1,421.91249999999997,0.21742100002786952,0.0,0.25,0.25,0.2,84.3825,0.0,0.0,0.2
"Hernandez, Nyan",683466,NEW_JER6,Sinker,53,29,6,15,13,2,15,21,6,2,11,1734.52547,0.28956675308680463,0.20689655172413793,0.2830188679245283,0.15384615384615385,0.13333333333333333,82.59645095238095,0.2857142857142857,0.09523809523809523,0.5238095238095238
"Hernandez, Nyan",683466,NEW_JER6,Slider,6,4,1,1,2,0,1,3,1,0,1,233.92108000000002,0.15521916395199287,0.25,0.16666666666666666,0.0,0.0,77.97369333333334,0.3333333333333333,0.0,0.3333333333333333
"Hernandez, Nyan",683466,NEW_JER6,,13,8,3,4,3,1,3,0,0,0,0,0.0,,0.375,0.3076923076923077,0.3333333333333333,0.3333333333333333,,,,
"Hext, Cooper",828529,TRI_VAL,Four-Seam,24,9,1,4,3,0,8,2,0,0,1,139.46597,0.23162794314848062,0.1111111111111111,0.16666666666666666,0.0,0.0,69.732985,0.0,0.0,0.5
"Hickey, Matt",806277,GAT_GRI,Changeup,29,16,5,6,8,1,7,8,0,0,2,642.42877,0.21543616423282014,0.3125,0.20689655172413793,0.125,0.14285714285714285,80.30359625,0.0,0.0,0.25
"Hickey, Matt",806277,GAT_GRI,Curveball,26,15,5,9,10,1,5,7,0,0,1,530.07199,0.16035334825373626,0.3333333333333333,0.34615384615384615,0.1,0.2,75.72457,0.0,0.0,0.14285714285714285
"Hickey, Matt",806277,GAT_GRI,Four-Seam,29,19,8,11,14,6,13,11,2,0,3,931.28314,0.2462204221178051,0.42105263157894735,0.3793103448275862,0.42857142857142855,0.46153846153846156,84.66210363636364,0.18181818181818182,0.0,0.2727272727272727
"Hickey, Matt",806277,GAT_GRI,Sinker,37,20,3,14,9,1,9,14,2,0,5,1093.64811,0.23466731008612005,0.15,0.3783783783783784,0.1111111111111111,0.1111111111111111,78.11772214285715,0.14285714285714285,0.0,0.35714285714285715
"Hickey, Matt",806277,GAT_GRI,Slider,36,16,3,8,10,1,9,11,1,0,2,800.91885,0.18724141301763567,0.1875,0.2222222222222222,0.1,0.1111111111111111,72.81080454545454,0.09090909090909091,0.0,0.18181818181818182
"Hickey, Matt",806277,GAT_GRI,Splitter,2,0,0,0,2,0,0,0,0,0,0,0.0,,,0.0,0.0,,,,,
"Hickey, Matt",806277,GAT_GRI,,1,0,0,1,0,0,0,0,0,0,0,0.0,,,1.0,,,,,,
"Hicks, Connor",801360,TRO_AIG,Changeup,3,2,0,0,0,0,1,1,0,0,0,65.66404,0.0,0.0,0.0,,0.0,65.66404,0.0,0.0,0.0
"Hicks, Connor",801360,TRO_AIG,Curveball,6,5,0,0,0,0,5,5,3,1,4,474.53561,0.5404287969487678,0.0,0.0,,0.0,94.907122,0.6,0.2,0.8
"Hicks, Connor",801360,TRO_AIG,Four-Seam,4,1,0,0,0,0,1,1,0,0,0,61.96856,0.04464605633563551,0.0,0.0,,0.0,61.96856,0.0,0.0,0.0
"Hicks, Connor",801360,TRO_AIG,,2,0,0,0,0,0,0,0,0,0,0,0.0,,,0.0,,,,,,
"Hicks, Jackson",703104,DOW_EAS1,Changeup,32,8,1,4,2,0,11,6,1,0,3,488.40895,0.2778289956177589,0.125,0.125,0.0,0.0,81.40149166666667,0.16666666666666666,0.0,0.5
"Hicks, Jackson",703104,DOW_EAS1,Curveball,8,2,2,5,3,1,1,0,0,0,0,0.0,,1.0,0.625,0.3333333333333333,1.0,,,,
"Hicks, Jackson",703104,DOW_EAS1,Four-Seam,72,23,3,13,4,0,17,20,4,0,10,1587.0251,0.28059988745682707,0.13043478260869565,0.18055555555555555,0.0,0.0,79.35125500000001,0.2,0.0,0.5
"Hicks, Jackson",703104,DOW_EAS1,Sinker,46,13,2,10,6,0,14,10,3,0,4,872.25456,0.32173888389876953,0.15384615384615385,0.21739130434782608,0.0,0.0,87.225456,0.3,0.0,0.4
"Hicks, Jackson",703104,DOW_EAS1,Slider,116,52,16,28,42,4,32,27,4,0,7,2207.0086499999998,0.2703789533139815,0.3076923076923077,0.2413793103448276,0.09523809523809523,0.125,81.74106111111111,0.14814814814814814,0.0,0.25925925925925924
"Hicks, Jackson",703104,DOW_EAS1,Splitter,6,1,0,3,4,1,1,0,0,0,0,0.0,,0.0,0.5,0.25,1.0,,,,
"Hicks, Jackson",703104,DOW_EAS1,,3,0,0,1,0,0,0,0,0,0,0,0.0,,,0.3333333333333333,,,,,,
"Hill, Kaleb",1000371973,OTT_TIT,Changeup,170,69,10,43,35,4,42,49,12,0,17,3999.63539,0.26017678512890174,0.14492753623188406,0.2529411764705882,0.11428571428571428,0.09523809523809523,81.62521204081632,0.24489795918367346,0.0,0.3469387755102041
"Hill, Kaleb",1000371973,OTT_TIT,Curveball,179,74,22,56,54,8,48,43,4,0,11,3187.95968,0.19816662971920496,0.2972972972972973,0.3128491620111732,0.14814814814814814,0.16666666666666666,74.13859720930232,0.09302325581395349,0.0,0.2558139534883721
"Hill, Kaleb",1000371973,OTT_TIT,Four-Seam,21,6,1,7,10,2,7,4,1,0,1,346.01161,0.2978534219553806,0.16666666666666666,0.3333333333333333,0.2,0.2857142857142857,86.5029025,0.25,0.0,0.25
"Hill, Kaleb",1000371973,OTT_TIT,Sinker,221,105,9,47,70,9,65,79,16,2,34,6443.80535,0.28373825079189896,0.08571428571428572,0.21266968325791855,0.12857142857142856,0.13846153846153847,81.56715632911391,0.20253164556962025,0.02531645569620253,0.43037974683544306
"Hill, Kaleb",1000371973,OTT_TIT,Slider,58,21,4,13,16,3,13,12,2,0,5,950.22731,0.24574545513891,0.19047619047619047,0.22413793103448276,0.1875,0.23076923076923078,79.18560916666667,0.16666666666666666,0.0,0.4166666666666667
"Hill, Kaleb",1000371973,OTT_TIT,,1,0,0,0,0,0,0,0,0,0,0,0.0,,,0.0,,,,,,
"Hines, Carter",809552,FLO_Y'A,Changeup,2,0,0,0,0,0,0,0,0,0,0,0.0,,,0.0,,,,,,
"Hines, Carter",809552,FLO_Y'A,Curveball,6,3,2,3,5,3,3,0,0,0,0,0.0,,0.6666666666666666,0.5,0.6,1.0,,,,
"Hines, Carter",809552,FLO_Y'A,Cutter,6,2,1,2,1,1,1,1,0,0,0,83.57645,0.24064343210248007,0.5,0.3333333333333333,1.0,1.0,83.57645,0.0,0.0,0.0
"Hines, Carter",809552,FLO_Y'A,Four-Seam,53,21,7,14,10,4,11,13,4,0,3,1056.81427,0.27016266575817527,0.3333333333333333,0.2641509433962264,0.4,0.36363636363636365,81.2934053846154,0.3076923076923077,0.0,0.23076923076923078
"Hines, Carter",809552,FLO_Y'A,Other,1,0,0,0,0,0,0,0,0,0,0,0.0,,,0.0,,,,,,
"Hines, Carter",809552,FLO_Y'A,Slider,10,3,2,3,2,0,2,1,0,0,1,67.8664,0.3173746762142964,0.6666666666666666,0.3,0.0,0.0,67.8664,0.0,0.0,1.0
"Hines, Carter",809552,FLO_Y'A,,2,0,0,0,0,0,1,0,0,0,0,0.0,,,0.0,,0.0,,,,
"Hocom, Quinn",1000152021,TRI_VAL,Changeup,29,10,6,12,11,4,7,4,2,1,1,351.81138,0.34220566168005595,0.6,0.41379310344827586,0.36363636363636365,0.5714285714285714,87.952845,0.5,0.25,0.25
"Hocom, Quinn",1000152021,TRI_VAL,Curveball,33,9,3,8,12,0,6,5,2,0,1,437.68354999999997,0.316934439342723,0.3333333333333333,0.24242424242424243,0.0,0.0,87.53671,0.4,0.0,0.2
"Hocom, Quinn",1000152021,TRI_VAL,Four-Seam,81,36,9,28,21,7,21,24,2,0,10,1816.22311,0.19132303067658352,0.25,0.345679012345679,0.3333333333333333,0.3333333333333333,75.67596291666666,0.08333333333333333,0.0,0.4166666666666667
"Hocom, Quinn",1000152021,TRI_VAL,Sinker,1,0,0,0,0,0,1,0,0,0,0,0.0,,,0.0,,0.0,,,,
"Hocom, Quinn",1000152021,TRI_VAL,Slider,4,2,0,1,1,0,0,1,0,0,0,55.39416,0.0,0.0,0.25,0.0,,55.39416,0.0,0.0,0.0
"Hocom, Quinn",1000152021,TRI_VAL,,7,1,0,0,1,0,1,1,0,0,0,73.69592,0.0,0.0,0.0,0.0,0.0,73.69592,0.0,0.0,0.0
"Hoeymans, Jack",1000184889,GAT_GRI,Changeup,15,4,1,1,3,1,6,3,1,0,0,258.25552,0.2444523985695797,0.25,0.06666666666666667,0.3333333333333333,0.16666666666666666,86.08517333333333,0.3333333333333333,0.0,0.0
"Hoeymans, Jack",1000184889,GAT_GRI,Curveball,50,17,6,17,19,3,14,7,1,0,3,531.82127,0.21120799868595483,0.35294117647058826,0.34,0.15789473684210525,0.21428571428571427,75.97446714285715,0.14285714285714285,0.0,0.42857142857142855
"Hoeymans, Jack",1000184889,GAT_GRI,Four-Seam,19,6,1,3,3,0,4,4,0,0,1,279.78639999999996,0.016172373448010882,0.16666666666666666,0.15789473684210525,0.0,0.0,69.94659999999999,0.0,0.0,0.25
"Hoeymans, Jack",1000184889,GAT_GRI,Sinker,66,25,2,19,15,3,19,18,5,1,5,1417.35694,0.2209078953549361,0.08,0.2878787878787879,0.2,0.15789473684210525,78.74205222222221,0.2777777777777778,0.05555555555555555,0.2777777777777778
"Hoeymans, Jack",1000184889,GAT_GRI,Slider,31,7,2,9,3,0,6,5,1,0,4,405.80586,0.2825923802861811,0.2857142857142857,0.2903225806451613,0.0,0.0,81.161172,0.2,0.0,0.8
"Hoeymans, Jack",1000184889,GAT_GRI,,1,0,0,0,0,0,0,0,0,0,0,0.0,,,0.0,,,,,,
"Hohenstein, Liam",1000116556,WIN_CIT29,Changeup,6,1,0,1,1,0,3,1,0,0,0,86.6942,0.31852073166964645,0.0,0.16666666666666666,0.0,0.0,86.6942,0.0,0.0,0.0
"Hohenstein, Liam",1000116556,WIN_CIT29,Curveball,19,5,1,5,3,0,1,3,0,0,0,199.24275,0.014482846771987338,0.2,0.2631578947368421,0.0,0.0,66.41425,0.0,0.0,0.0
"Hohenstein, Liam",1000116556,WIN_CIT29,Four-Seam,21,10,2,3,7,0,5,6,1,0,1,470.8967,0.20035201192168758,0.2,0.14285714285714285,0.0,0.0,78.48278333333333,0.16666666666666666,0.0,0.16666666666666666
"Hohenstein, Liam",1000116556,WIN_CIT29,Sinker,2,1,0,1,1,1,1,1,0,0,0,74.39079,0.12088756336367223,0.0,0.5,1.0,1.0,74.39079,0.0,0.0,0.0
"Hohenstein, Liam",1000116556,WIN_CIT29,Slider,4,1,0,0,1,0,1,1,0,0,1,64.20497,0.26025143781490523,0.0,0.0,0.0,0.0,64.20497,0.0,0.0,1.0
"Hohenstein, Liam",,WIN_CIT29,Curveball,4,0,0,1,1,0,0,0,0,0,0,0.0,,,0.25,0.0,,,,,
"Hohenstein, Liam",,WIN_CIT29,Four-Seam,30,13,3,6,8,1,10,10,4,0,2,858.42126,0.28968159985807546,0.23076923076923078,0.2,0.125,0.1,85.842126,0.4,0.0,0.2
"Hohenstein, Liam",,WIN_CIT29,Slider,29,14,4,9,12,1,5,8,1,0,3,615.63627,0.17826018625364232,0.2857142857142857,0.3103448275862069,0.08333333333333333,0.2,76.95453375,0.125,0.0,0.375
"Hoover, Matthew",1000215900,WMI_BRO,Changeup,5,0,0,0,0,0,0,0,0,0,0,0.0,,,0.0,,,,,,
"Hoover, Matthew",1000215900,WMI_BRO,Curveball,3,2,0,0,1,0,2,2,0,0,0,165.53982,0.2633020301663002,0.0,0.0,0.0,0.0,82.76991,0.0,0.0,0.0
"Hoover, Matthew",1000215900,WMI_BRO,Cutter,3,1,0,0,0,0,1,1,0,0,0,80.6212,0.1030274224753942,0.0,0.0,,0.0,80.6212,0.0,0.0,0.0
"Hoover, Matthew",1000215900,WMI_BRO,Four-Seam,33,11,2,10,7,1,9,9,2,0,5,772.3525099999999,0.3298578818473213,0.18181818181818182,0.30303030303030304,0.14285714285714285,0.1111111111111111,85.81694555555555,0.2222222222222222,0.0,0.5555555555555556
"Hoover, Matthew",1000215900,WMI_BRO,Slider,3,1,0,1,0,0,1,1,1,1,1,100.12248,0.4522850218830681,0.0,0.3333333333333333,,0.0,100.12248,1.0,1.0,1.0
"Hopewell, Chase",803045,FLO_Y'A,Changeup,21,11,5,6,10,2,6,4,0,0,0,234.20955,0.08593310134377738,0.45454545454545453,0.2857142857142857,0.2,0.3333333333333333,58.5523875,0.0,0.0,0.0
"Hopewell, Chase",803045,FLO_Y'A,Curveball,7,4,3,4,3,2,2,1,0,0,0,87.16298,0.2358881053285784,0.75,0.5714285714285714,0.6666666666666666,1.0,87.16298,0.0,0.0,0.0
"Hopewell, Chase",803045,FLO_Y'A,Cutter,1,0,0,1,0,0,0,0,0,0,0,0.0,,,1.0,,,,,,
"Hopewell, Chase",803045,FLO_Y'A,Four-Seam,153,65,10,40,47,7,33,43,6,2,12,3366.07796,0.2160038712172967,0.15384615384615385,0.26143790849673204,0.14893617021276595,0.21212121212121213,78.28088279069767,0.13953488372093023,0.046511627906976744,0.27906976744186046
"Hopewell, Chase",803045,FLO_Y'A,Other,4,0,0,0,0,0,1,0,0,0,0,0.0,,,0.0,,0.0,,,,
"Hopewell, Chase",803045,FLO_Y'A,Sinker,6,3,1,1,1,1,4,2,0,0,0,134.45045,0.08823681653405563,0.3333333333333333,0.16666666666666666,1.0,0.25,67.225225,0.0,0.0,0.0
"Hopewell, Chase",803045,FLO_Y'A,Slider,72,33,10,23,28,4,16,19,5,0,4,1503.62217,0.24417930070981,0.30303030303030304,0.3194444444444444,0.14285714285714285,0.25,79.13800894736842,0.2631578947368421,0.0,0.21052631578947367
"Hopewell, Chase",803045,FLO_Y'A,Splitter,1,0,0,0,0,0,0,0,0,0,0,0.0,,,0.0,,,,,,
"Hopewell, Chase",803045,FLO_Y'A,,4,0,0,0,0,0,1,0,0,0,0,0.0,,,0.0,,0.0,,,,
"House, Tristan",1000248636,MIS_MUD,Changeup,17,10,4,4,8,1,5,5,1,1,1,394.64429,0.17515332254816002,0.4,0.23529411764705882,0.125,0.2,78.928858,0.2,0.2,0.2
"House, Tristan",1000248636,MIS_MUD,Curveball,34,5,3,6,13,1,3,1,0,0,0,74.91965,0.15108994395244724,0.6,0.17647058823529413,0.07692307692307693,0.3333333333333333,74.91965,0.0,0.0,0.0
"House, Tristan",1000248636,MIS_MUD,Cutter,22,15,4,7,3,0,8,10,4,0,4,850.48792,0.28638470228337953,0.26666666666666666,0.3181818181818182,0.0,0.0,85.048792,0.4,0.0,0.4
"House, Tristan",1000248636,MIS_MUD,Four-Seam,207,89,9,46,34,5,58,73,12,3,28,6039.71554,0.2663138226871897,0.10112359550561797,0.2222222222222222,0.14705882352941177,0.08620689655172414,82.7358293150685,0.1643835616438356,0.0410958904109589,0.3835616438356164
"House, Tristan",1000248636,MIS_MUD,Other,1,0,0,0,0,0,1,0,0,0,0,0.0,,,0.0,,0.0,,,,
"House, Tristan",1000248636,MIS_MUD,Sinker,15,6,1,3,3,0,3,5,2,0,3,448.28564,0.4046199755955314,0.16666666666666666,0.2,0.0,0.0,89.657128,0.4,0.0,0.6
"House, Tristan",1000248636,MIS_MUD,Slider,47,11,4,18,11,5,10,6,1,0,0,480.7701,0.15443957880672388,0.36363636363636365,0.3829787234042553,0.45454545454545453,0.5,80.12835,0.16666666666666666,0.0,0.0
"House, Tristan",1000248636,MIS_MUD,Splitter,14,4,1,1,6,1,3,3,1,0,2,253.21571999999998,0.3268907974201445,0.25,0.07142857142857142,0.16666666666666666,0.3333333333333333,84.40523999999999,0.3333333333333333,0.0,0.6666666666666666
"House, Tristan",1000248636,MIS_MUD,,5,2,1,1,2,0,1,0,0,0,0,0.0,,0.5,0.2,0.0,0.0,,,,
"Hughes, Grif",835627,EVA_OTT,Changeup,2,0,0,1,1,0,0,0,0,0,0,0.0,,,0.5,0.0,,,,,
"Hughes, Grif",835627,EVA_OTT,Four-Seam,57,22,5,19,18,6,13,16,2,1,5,1282.86431,0.18447753627319746,0.22727272727272727,0.3333333333333333,0.3333333333333333,0.46153846153846156,80.179019375,0.125,0.0625,0.3125
"Hughes, Grif",835627,EVA_OTT,Slider,27,12,3,9,10,2,7,6,1,0,2,465.41688,0.26998740448515224,0.25,0.3333333333333333,0.2,0.2857142857142857,77.56948,0.16666666666666666,0.0,0.3333333333333333
"Huter, Blayne",1000145980,SUS_COU1,Changeup,50,15,4,8,11,2,13,7,1,0,4,593.62933,0.29745927965310937,0.26666666666666666,0.16,0.18181818181818182,0.15384615384615385,84.80418999999999,0.14285714285714285,0.0,0.5714285714285714
"Huter, Blayne",1000145980,SUS_COU1,Curveball,103,52,8,28,36,4,30,37,6,0,12,3036.3136,0.2727312541639455,0.15384615384615385,0.27184466019417475,0.1111111111111111,0.13333333333333333,82.06252972972973,0.16216216216216217,0.0,0.32432432432432434
"Huter, Blayne",1000145980,SUS_COU1,Four-Seam,142,73,13,37,30,5,39,57,13,3,13,4627.20375,0.24243432899320588,0.1780821917808219,0.2605633802816901,0.16666666666666666,0.1282051282051282,81.17901315789473,0.22807017543859648,0.05263157894736842,0.22807017543859648
"Huter, Blayne",1000145980,SUS_COU1,Other,1,0,0,0,0,0,0,0,0,0,0,0.0,,,0.0,,,,,,
"Huter, Blayne",1000145980,SUS_COU1,Sinker,7,2,0,2,1,0,1,1,1,0,0,102.59005,0.3815762711039107,0.0,0.2857142857142857,0.0,0.0,102.59005,1.0,0.0,0.0
"Huter, Blayne",1000145980,SUS_COU1,Slider,28,12,6,13,8,2,4,3,1,0,1,269.78763000000004,0.3230921185409459,0.5,0.4642857142857143,0.25,0.5,89.92921000000001,0.3333333333333333,0.0,0.3333333333333333
"Igami, Chikara",807701,QUE_CAP,Changeup,13,6,1,2,4,1,4,4,1,1,1,350.40666,0.2771619036082891,0.16666666666666666,0.15384615384615385,0.25,0.25,87.601665,0.25,0.25,0.25
"Igami, Chikara",807701,QUE_CAP,Curveball,2,0,0,1,1,0,0,0,0,0,0,0.0,,,0.5,0.0,,,,,
"Igami, Chikara",807701,QUE_CAP,Cutter,7,3,0,1,2,0,4,3,0,0,1,245.55214999999998,0.24204190855102584,0.0,0.14285714285714285,0.0,0.0,81.85071666666666,0.0,0.0,0.3333333333333333
"Igami, Chikara",807701,QUE_CAP,Four-Seam,34,12,3,10,7,2,10,10,1,0,5,770.64431,0.1660327301243286,0.25,0.29411764705882354,0.2857142857142857,0.2,77.064431,0.1,0.0,0.5
"Igami, Chikara",807701,QUE_CAP,Sinker,1,1,0,0,1,0,0,1,0,0,1,67.6603,0.15432697789962568,0.0,0.0,0.0,,67.6603,0.0,0.0,1.0
"Igami, Chikara",807701,QUE_CAP,Slider,16,7,3,6,6,2,3,3,0,0,0,188.49991,0.06226672832411571,0.42857142857142855,0.375,0.3333333333333333,0.6666666666666666,62.83330333333333,0.0,0.0,0.0
"Igami, Chikara",807701,QUE_CAP,Splitter,3,1,0,1,1,0,1,1,1,1,1,102.08267,0.4870901351105579,0.0,0.3333333333333333,0.0,0.0,102.08267,1.0,1.0,1.0
"Igami, Chikara",807701,QUE_CAP,,3,0,0,2,0,0,0,0,0,0,0,0.0,,,0.6666666666666666,,,,,,
"Iozzo, Marc",1000152622,MIA_RED,Four-Seam,6,3,0,1,1,0,2,3,1,0,1,243.63269,0.3030301095472809,0.0,0.16666666666666666,0.0,0.0,81.21089666666667,0.3333333333333333,0.0,0.3333333333333333
"Iozzo, Marc",1000152622,MIA_RED,Slider,1,1,0,0,0,0,0,1,1,1,1,109.44305,0.5619227424801027,0.0,0.0,,,109.44305,1.0,1.0,1.0
"Jankowski, Alex",1000116748,LON_ISL22,Four-Seam,19,4,1,6,5,1,4,2,1,0,1,174.7321,0.31603549655028296,0.25,0.3157894736842105,0.2,0.25,87.36605,0.5,0.0,0.5
"Jankowski, Alex",1000116748,LON_ISL22,Sinker,3,1,0,2,1,0,1,1,0,0,1,90.96928,0.3929063325925104,0.0,0.6666666666666666,0.0,0.0,90.96928,0.0,0.0,1.0
"Jankowski, Alex",1000116748,LON_ISL22,Slider,7,3,2,2,2,1,1,1,0,0,0,74.09154,0.07096732832811825,0.6666666666666666,0.2857142857142857,0.5,1.0,74.09154,0.0,0.0,0.0
"Javier, Eddie",1000081424,NEW_ENG23,Changeup,17,6,0,3,4,0,3,4,1,0,2,330.79150000000004,0.3277710124277742,0.0,0.17647058823529413,0.0,0.0,82.69787500000001,0.25,0.0,0.5
"Javier, Eddie",1000081424,NEW_ENG23,Curveball,3,0,0,0,2,0,1,0,0,0,0,0.0,,,0.0,0.0,0.0,,,,
"Jensik, CJ",10009752,WIN_CIT29,Changeup,8,5,1,1,4,1,2,3,0,0,0,193.24142,0.12501956987563811,0.2,0.125,0.25,0.5,64.41380666666667,0.0,0.0,0.0
"Jensik, CJ",10009752,WIN_CIT29,Curveball,7,2,1,2,4,2,3,1,1,0,0,102.76549,0.4513095477336546,0.5,0.2857142857142857,0.5,0.6666666666666666,102.76549,1.0,0.0,0.0
"Jensik, CJ",10009752,WIN_CIT29,Cutter,7,1,0,0,1,0,1,1,0,0,0,75.68819,0.005943894254631987,0.0,0.0,0.0,0.0,75.68819,0.0,0.0,0.0
"Jensik, CJ",10009752,WIN_CIT29,Four-Seam,31,18,6,11,7,2,9,10,2,0,3,793.7413,0.22718059611181088,0.3333333333333333,0.3548387096774194,0.2857142857142857,0.2222222222222222,79.37413000000001,0.2,0.0,0.3
"Jensik, CJ",10009752,WIN_CIT29,Sinker,62,18,2,14,6,0,17,14,4,0,3,1159.89919,0.25621777613077923,0.1111111111111111,0.22580645161290322,0.0,0.0,82.84994214285715,0.2857142857142857,0.0,0.21428571428571427
"Jensik, CJ",10009752,WIN_CIT29,Slider,8,2,0,0,4,0,2,2,0,0,1,177.54405,0.3869725441235398,0.0,0.0,0.0,0.0,88.772025,0.0,0.0,0.5
"Jensik, CJ",10009752,WIN_CIT29,Sweeper,1,1,1,1,0,0,0,0,0,0,0,0.0,,1.0,1.0,,,,,,
"Johnson, Caiden",1000147367,OTT_TIT,Changeup,7,3,0,1,3,0,2,3,1,0,1,256.7925,0.2856246189489595,0.0,0.14285714285714285,0.0,0.0,85.59750000000001,0.3333333333333333,0.0,0.3333333333333333
"Johnson, Caiden",1000147367,OTT_TIT,Curveball,11,1,0,3,3,1,3,1,0,0,1,71.60025,0.3231414919152481,0.0,0.2727272727272727,0.3333333333333333,0.3333333333333333,71.60025,0.0,0.0,1.0
"Johnson, Caiden",1000147367,OTT_TIT,Four-Seam,16,9,3,6,5,2,6,4,0,0,0,349.20488,0.2872866493995073,0.3333333333333333,0.375,0.4,0.3333333333333333,87.30122,0.0,0.0,0.0
"Johnson, Caiden",1000147367,OTT_TIT,Sinker,54,20,7,17,10,1,10,12,0,0,5,914.45489,0.22976658578667553,0.35,0.3148148148148148,0.1,0.1,76.20457416666666,0.0,0.0,0.4166666666666667
"Johnson, Caiden",1000147367,OTT_TIT,Slider,7,0,0,1,3,0,1,0,0,0,0,0.0,,,0.14285714285714285,0.0,0.0,,,,
"Johnson, Caiden",1000147367,OTT_TIT,,2,0,0,0,0,0,0,0,0,0,0,0.0,,,0.0,,,,,,
"Johnson, Preston",699980,MIS_MUD,Changeup,7,0,0,0,2,0,0,0,0,0,0,0.0,,,0.0,0.0,,,,,
"Johnson, Preston",699980,MIS_MUD,Curveball,16,4,2,4,9,2,2,1,0,0,0,62.16932,0.0,0.5,0.25,0.2222222222222222,1.0,62.16932,0.0,0.0,0.0
"Johnson, Preston",699980,MIS_MUD,Cutter,42,20,10,18,9,4,9,6,1,0,0,432.56068,0.15086237121449017,0.5,0.42857142857142855,0.4444444444444444,0.4444444444444444,72.09344666666667,0.16666666666666666,0.0,0.0
"Johnson, Preston",699980,MIS_MUD,Four-Seam,90,51,16,33,29,8,23,34,5,0,6,2813.25276,0.1982524504091046,0.3137254901960784,0.36666666666666664,0.27586206896551724,0.34782608695652173,82.74272823529411,0.14705882352941177,0.0,0.17647058823529413
"Johnson, Preston",699980,MIS_MUD,Slider,21,12,4,6,13,4,6,4,0,0,2,297.70102,0.24615658122989223,0.3333333333333333,0.2857142857142857,0.3076923076923077,0.6666666666666666,74.425255,0.0,0.0,0.5
"Johnston, Spencer",800918,DOW_EAS1,Changeup,259,134,38,73,66,20,74,82,17,2,25,6523.10946,0.24274599555132864,0.2835820895522388,0.28185328185328185,0.30303030303030304,0.2702702702702703,79.55011536585366,0.2073170731707317,0.024390243902439025,0.3048780487804878
"Johnston, Spencer",800918,DOW_EAS1,Curveball,60,28,9,21,22,6,19,16,8,1,8,1403.35647,0.3573087563186863,0.32142857142857145,0.35,0.2727272727272727,0.3157894736842105,87.709779375,0.5,0.0625,0.5
"Johnston, Spencer",800918,DOW_EAS1,Cutter,16,8,0,4,6,1,6,7,3,0,1,587.24465,0.24791606176986752,0.0,0.25,0.16666666666666666,0.16666666666666666,83.89209285714286,0.42857142857142855,0.0,0.14285714285714285
"Johnston, Spencer",800918,DOW_EAS1,Four-Seam,47,11,2,9,9,0,9,8,0,0,2,660.79367,0.24089851133416756,0.18181818181818182,0.19148936170212766,0.0,0.0,82.59920875,0.0,0.0,0.25
"Johnston, Spencer",800918,DOW_EAS1,Sinker,5,4,1,2,2,1,2,3,0,0,0,238.20519000000002,0.27449139415924473,0.25,0.4,0.5,0.5,79.40173,0.0,0.0,0.0
"Johnston, Spencer",800918,DOW_EAS1,Slider,171,99,19,48,43,4,50,73,10,0,21,5630.01757,0.20436190005337576,0.1919191919191919,0.2807017543859649,0.09302325581395349,0.08,77.12352835616439,0.136986301369863,0.0,0.2876712328767123
"Johnston, Spencer",800918,DOW_EAS1,Splitter,18,10,3,5,6,0,5,6,0,0,2,473.34229,0.24099246661476337,0.3,0.2777777777777778,0.0,0.0,78.89038166666667,0.0,0.0,0.3333333333333333
"Johnston, Spencer",800918,DOW_EAS1,,9,2,1,2,0,0,1,0,0,0,0,0.0,,0.5,0.2222222222222222,,0.0,,,,
"Jones, Breyln",690202,NEW_JER6,Curveball,25,7,1,7,10,1,7,4,0,0,0,296.38734,0.13707676230509327,0.14285714285714285,0.28,0.1,0.14285714285714285,74.096835,0.0,0.0,0.0
"Jones, Breyln",690202,NEW_JER6,Cutter,53,19,6,17,8,2,11,11,4,0,5,917.25397,0.3213452740973985,0.3157894736842105,0.32075471698113206,0.25,0.18181818181818182,83.38672454545454,0.36363636363636365,0.0,0.45454545454545453
"Jones, Breyln",690202,NEW_JER6,Four-Seam,27,13,4,6,9,2,11,6,1,1,3,492.76637,0.2887785508014632,0.3076923076923077,0.2222222222222222,0.2222222222222222,0.18181818181818182,82.12772833333334,0.16666666666666666,0.16666666666666666,0.5
"Jones, Breyln",690202,NEW_JER6,Sinker,4,2,1,2,0,0,0,0,0,0,0,0.0,,0.5,0.5,,,,,,
"Jones, Breyln",690202,NEW_JER6,Slider,30,16,5,10,9,2,7,11,3,0,4,871.57526,0.2725253287524801,0.3125,0.3333333333333333,0.2222222222222222,0.2857142857142857,79.23411454545455,0.2727272727272727,0.0,0.36363636363636365
"Jones, Breyln",690202,NEW_JER6,,1,0,0,1,0,0,0,0,0,0,0,0.0,,,1.0,,,,,,
"Jones, Logan",814785,TRI_VAL,Changeup,33,13,4,8,7,1,7,7,2,0,2,610.30382,0.27396490460383405,0.3076923076923077,0.24242424242424243,0.14285714285714285,0.14285714285714285,87.18625999999999,0.2857142857142857,0.0,0.2857142857142857
"Jones, Logan",814785,TRI_VAL,Curveball,11,5,3,4,3,1,3,1,1,0,0,102.35043,0.3861798740663388,0.6,0.36363636363636365,0.3333333333333333,0.3333333333333333,102.35043,1.0,0.0,0.0
"Jones, Logan",814785,TRI_VAL,Four-Seam,10,2,0,0,1,0,2,2,1,0,1,191.32463,0.5897471081558361,0.0,0.0,0.0,0.0,95.662315,0.5,0.0,0.5
"Jones, Logan",814785,TRI_VAL,Sinker,109,49,4,19,13,3,45,45,12,0,13,3831.92813,0.2875995638325275,0.08163265306122448,0.1743119266055046,0.23076923076923078,0.06666666666666667,85.15395844444444,0.26666666666666666,0.0,0.28888888888888886
"Jones, Logan",814785,TRI_VAL,Slider,65,26,6,15,17,3,12,17,2,1,6,1158.87517,0.18941983402898324,0.23076923076923078,0.23076923076923078,0.17647058823529413,0.25,68.16912764705883,0.11764705882352941,0.058823529411764705,0.35294117647058826
"Jones, Logan",814785,TRI_VAL,,2,0,0,0,0,0,0,0,0,0,0,0.0,,,0.0,,,,,,
"Joven, Art",1000048892,MIS_MUD,Changeup,251,123,24,58,68,9,69,86,18,1,29,7016.4084,0.2604235822016241,0.1951219512195122,0.23107569721115537,0.1323529411764706,0.13043478260869565,81.58614418604651,0.20930232558139536,0.011627906976744186,0.3372093023255814
"Joven, Art",1000048892,MIS_MUD,Curveball,4,2,1,1,2,0,0,1,0,0,0,73.03724,0.12824566798481885,0.5,0.25,0.0,,73.03724,0.0,0.0,0.0
"Joven, Art",1000048892,MIS_MUD,Cutter,1,1,0,0,0,0,1,1,0,0,0,66.45236,0.0614261512310465,0.0,0.0,,0.0,66.45236,0.0,0.0,0.0
"Joven, Art",1000048892,MIS_MUD,Four-Seam,11,3,0,1,3,0,3,3,0,0,1,209.68612000000002,0.17889531551880164,0.0,0.09090909090909091,0.0,0.0,69.89537333333334,0.0,0.0,0.3333333333333333
"Joven, Art",1000048892,MIS_MUD,Other,1,0,0,1,1,1,1,0,0,0,0,0.0,,,1.0,1.0,1.0,,,,
"Joven, Art",1000048892,MIS_MUD,Sinker,192,63,7,55,30,5,50,52,9,2,15,4153.26665,0.2518217141333918,0.1111111111111111,0.2864583333333333,0.16666666666666666,0.1,79.87051249999999,0.17307692307692307,0.038461538461538464,0.28846153846153844
"Joven, Art",1000048892,MIS_MUD,Slider,161,73,28,51,52,13,36,34,6,0,14,2495.67677,0.20661909120864239,0.3835616438356164,0.3167701863354037,0.25,0.3611111111111111,73.40225794117647,0.17647058823529413,0.0,0.4117647058823529
"Joven, Art",1000048892,MIS_MUD,,2,1,0,0,1,0,0,0,0,0,0,0.0,,0.0,0.0,0.0,,,,,
"Kaftan, Eddie",1000557510,FLO_Y'A,Changeup,17,6,0,1,3,0,5,6,3,1,1,533.23041,0.30263527469097157,0.0,0.058823529411764705,0.0,0.0,88.871735,0.5,0.16666666666666666,0.16666666666666666
"Kaftan, Eddie",1000557510,FLO_Y'A,Curveball,3,0,0,1,2,0,0,0,0,0,0,0.0,,,0.3333333333333333,0.0,,,,,
"Kaftan, Eddie",1000557510,FLO_Y'A,Four-Seam,21,6,1,4,4,0,5,5,0,0,3,353.5275,0.24798870643853568,0.16666666666666666,0.19047619047619047,0.0,0.0,70.7055,0.0,0.0,0.6
"Kaftan, Eddie",1000557510,FLO_Y'A,Sinker,128,56,6,36,23,2,36,47,10,2,16,3893.93894,0.2628940743311019,0.10714285714285714,0.28125,0.08695652173913043,0.05555555555555555,82.84976468085107,0.2127659574468085,0.0425531914893617,0.3404255319148936
"Kaftan, Eddie",1000557510,FLO_Y'A,Slider,62,32,13,20,24,7,18,16,2,0,9,1230.35013,0.23259009218938168,0.40625,0.3225806451612903,0.2916666666666667,0.3888888888888889,76.896883125,0.125,0.0,0.5625
"Kaftan, Eddie",1000557510,FLO_Y'A,,1,0,0,0,1,0,0,0,0,0,0,0.0,,,0.0,0.0,,,,,
"Kalisky, Jack",1000571646,OTT_TIT,Changeup,2,1,0,1,0,0,0,0,0,0,0,0.0,,0.0,0.5,,,,,,
"Kalisky, Jack",1000571646,OTT_TIT,Curveball,8,1,1,2,5,1,1,0,0,0,0,0.0,,1.0,0.25,0.2,1.0,,,,
"Kalisky, Jack",1000571646,OTT_TIT,Cutter,4,3,1,1,0,0,0,2,0,0,2,141.30903,0.20422657505275307,0.3333333333333333,0.25,,,70.654515,0.0,0.0,1.0
"Kalisky, Jack",1000571646,OTT_TIT,Four-Seam,13,6,0,0,2,0,6,5,2,1,2,426.1861,0.293024865132328,0.0,0.0,0.0,0.0,85.23722000000001,0.4,0.2,0.4
"Kalisky, Jack",1000571646,OTT_TIT,Slider,6,2,0,2,2,0,3,2,1,0,1,183.30728,0.4346325274136921,0.0,0.3333333333333333,0.0,0.0,91.65364,0.5,0.0,0.5
"Kaminer, Brandon",690510,DOW_EAS1,Changeup,5,1,0,0,0,0,1,1,0,0,0,73.59379,0.129760806854751,0.0,0.0,,0.0,73.59379,0.0,0.0,0.0
"Kaminer, Brandon",690510,DOW_EAS1,Curveball,42,11,2,14,8,1,9,7,1,0,1,546.86583,0.19184550386989532,0.18181818181818182,0.3333333333333333,0.125,0.1111111111111111,78.12369,0.14285714285714285,0.0,0.14285714285714285
"Kaminer, Brandon",690510,DOW_EAS1,Cutter,19,8,4,7,7,4,8,4,1,0,0,329.78394000000003,0.2536197319031322,0.5,0.3684210526315789,0.5714285714285714,0.5,82.44598500000001,0.25,0.0,0.0
"Kaminer, Brandon",690510,DOW_EAS1,Four-Seam,151,66,7,31,35,6,45,50,4,0,14,3805.28521,0.2187273651949765,0.10606060606060606,0.2052980132450331,0.17142857142857143,0.13333333333333333,76.1057042,0.08,0.0,0.28
"Kaminer, Brandon",690510,DOW_EAS1,Sinker,1,0,0,0,0,0,0,0,0,0,0,0.0,,,0.0,,,,,,
"Kaminer, Brandon",690510,DOW_EAS1,Slider,99,41,7,28,27,6,29,27,2,0,12,2059.66168,0.21311496036127694,0.17073170731707318,0.2828282828282828,0.2222222222222222,0.20689655172413793,76.28376592592593,0.07407407407407407,0.0,0.4444444444444444
"Kaminer, Brandon",690510,DOW_EAS1,,4,0,0,0,1,0,0,0,0,0,0,0.0,,,0.0,0.0,,,,,
"Kassebaum, Torin",10120793,LON_ISL22,Changeup,23,6,1,11,6,2,3,4,1,1,2,318.73692,0.20479910571508647,0.16666666666666666,0.4782608695652174,0.3333333333333333,0.6666666666666666,79.68423,0.25,0.25,0.5
"Kassebaum, Torin",10120793,LON_ISL22,Curveball,55,21,2,10,14,0,15,16,4,0,5,1328.16605,0.3074542663457176,0.09523809523809523,0.18181818181818182,0.0,0.0,83.010378125,0.25,0.0,0.3125
"Kassebaum, Torin",10120793,LON_ISL22,,1,1,0,0,0,0,1,0,0,0,0,0.0,,0.0,0.0,,0.0,,,,
"Kelly, Aiden",1000062337,TRI_VAL,Changeup,17,5,1,1,3,0,2,4,1,0,1,348.1992,0.35469876430443414,0.2,0.058823529411764705,0.0,0.0,87.0498,0.25,0.0,0.25
"Kelly, Aiden",1000062337,TRI_VAL,Curveball,44,15,2,8,11,0,9,11,0,0,3,778.35443,0.20698291228122337,0.13333333333333333,0.18181818181818182,0.0,0.0,70.75949363636363,0.0,0.0,0.2727272727272727
"Kelly, Aiden",1000062337,TRI_VAL,Four-Seam,148,68,11,45,35,9,49,53,13,0,13,4336.47674,0.25199900594105,0.16176470588235295,0.30405405405405406,0.2571428571428571,0.1836734693877551,81.8203158490566,0.24528301886792453,0.0,0.24528301886792453
"Kelly, Aiden",1000062337,TRI_VAL,Sinker,78,27,7,18,10,1,17,18,5,0,4,1407.05265,0.24130570096507142,0.25925925925925924,0.23076923076923078,0.1,0.058823529411764705,78.16959166666668,0.2777777777777778,0.0,0.2222222222222222
"Kelly, Aiden",1000062337,TRI_VAL,Slider,40,13,0,5,13,0,9,12,2,0,4,954.36492,0.20301681381369904,0.0,0.125,0.0,0.0,79.53041,0.16666666666666666,0.0,0.3333333333333333
"Kelly, Colin",1000456530,SUS_COU1,Changeup,42,17,6,12,13,2,7,7,1,1,2,589.78316,0.26838659043902674,0.35294117647058826,0.2857142857142857,0.15384615384615385,0.2857142857142857,84.25473714285714,0.14285714285714285,0.14285714285714285,0.2857142857142857
"Kelly, Colin",1000456530,SUS_COU1,Curveball,45,12,5,15,19,6,12,6,2,0,2,506.38656,0.29460754820626095,0.4166666666666667,0.3333333333333333,0.3157894736842105,0.5,84.39775999999999,0.3333333333333333,0.0,0.3333333333333333
"Kelly, Colin",1000456530,SUS_COU1,Four-Seam,82,39,6,16,22,2,25,30,3,0,6,2359.85822,0.21265813107621548,0.15384615384615385,0.1951219512195122,0.09090909090909091,0.08,78.66194066666667,0.1,0.0,0.2
"Kelly, Colin",1000456530,SUS_COU1,Sinker,96,44,11,28,15,3,27,29,5,1,9,2247.50818,0.1879293240124956,0.25,0.2916666666666667,0.2,0.1111111111111111,77.5002820689655,0.1724137931034483,0.034482758620689655,0.3103448275862069
"Kelly, Colin",1000456530,SUS_COU1,,1,1,0,0,0,0,1,0,0,0,0,0.0,,0.0,0.0,,0.0,,,,
"Kemlage, Joe",703240,NEW_ENG23,Changeup,29,15,4,7,7,1,8,10,2,0,2,847.92277,0.27758238945417213,0.26666666666666666,0.2413793103448276,0.14285714285714285,0.125,84.792277,0.2,0.0,0.2
"Kemlage, Joe",703240,NEW_ENG23,Curveball,14,9,4,4,6,2,4,5,1,0,3,416.87713,0.35264336147734665,0.4444444444444444,0.2857142857142857,0.3333333333333333,0.5,83.375426,0.2,0.0,0.6
"Kemlage, Joe",703240,NEW_ENG23,Four-Seam,26,15,4,5,7,1,5,10,1,0,3,808.46207,0.1744402454485694,0.26666666666666666,0.19230769230769232,0.14285714285714285,0.2,80.846207,0.1,0.0,0.3
"Kemlage, Joe",703240,NEW_ENG23,Sinker,109,43,10,34,21,6,24,24,6,0,6,2033.65924,0.27759380898274155,0.23255813953488372,0.3119266055045872,0.2857142857142857,0.25,84.73580166666666,0.25,0.0,0.25
"Kemlage, Joe",703240,NEW_ENG23,Slider,41,18,7,14,16,5,13,10,0,0,1,786.54851,0.19312202989557797,0.3888888888888889,0.34146341463414637,0.3125,0.38461538461538464,78.654851,0.0,0.0,0.1
"Kemlage, Joe",703240,NEW_ENG23,,1,0,0,0,1,0,0,0,0,0,0,0.0,,,0.0,0.0,,,,,
"Kines, Gunnar",665129,JOL_SLA,Changeup,176,99,25,49,62,12,50,65,15,5,18,4999.03503,0.22385691243798744,0.25252525252525254,0.2784090909090909,0.1935483870967742,0.24,76.90823123076923,0.23076923076923078,0.07692307692307693,0.27692307692307694
"Kines, Gunnar",665129,JOL_SLA,Curveball,16,2,0,5,8,0,1,2,1,0,1,172.57517,0.34477031421309323,0.0,0.3125,0.0,0.0,86.287585,0.5,0.0,0.5
"Kines, Gunnar",665129,JOL_SLA,Four-Seam,252,121,29,71,91,11,49,78,8,0,30,5905.30863,0.1927062176258416,0.2396694214876033,0.28174603174603174,0.12087912087912088,0.22448979591836735,75.709085,0.10256410256410256,0.0,0.38461538461538464
"Kines, Gunnar",665129,JOL_SLA,Sinker,50,34,9,14,20,4,19,24,5,0,6,1883.0551,0.21289100813254902,0.2647058823529412,0.28,0.2,0.21052631578947367,78.46062916666666,0.20833333333333334,0.0,0.25
"Kines, Gunnar",665129,JOL_SLA,Slider,13,6,1,2,6,1,5,5,0,0,1,405.70314,0.2394802009157174,0.16666666666666666,0.15384615384615385,0.16666666666666666,0.2,81.140628,0.0,0.0,0.2
"Kines, Gunnar",665129,JOL_SLA,Splitter,27,11,3,7,10,1,3,9,2,2,4,742.3659200000001,0.27601973591525275,0.2727272727272727,0.25925925925925924,0.1,0.3333333333333333,82.48510222222222,0.2222222222222222,0.2222222222222222,0.4444444444444444
"Kines, Gunnar",665129,JOL_SLA,,1,0,0,0,0,0,0,0,0,0,0,0.0,,,0.0,,,,,,
"Kirby, Zach",813716,WAS_WIL3,Changeup,117,62,25,35,41,8,38,35,3,0,13,2758.38253,0.2165113427798617,0.4032258064516129,0.29914529914529914,0.1951219512195122,0.21052631578947367,78.81092942857143,0.08571428571428572,0.0,0.37142857142857144
"Kirby, Zach",813716,WAS_WIL3,Curveball,98,28,10,45,22,5,14,11,1,0,4,833.77382,0.22523467830051871,0.35714285714285715,0.45918367346938777,0.22727272727272727,0.35714285714285715,75.79762,0.09090909090909091,0.0,0.36363636363636365
"Kirby, Zach",813716,WAS_WIL3,Four-Seam,293,149,21,81,84,13,84,113,15,2,34,9010.07854,0.23315182026428086,0.14093959731543623,0.2764505119453925,0.15476190476190477,0.15476190476190477,79.73520831858407,0.13274336283185842,0.017699115044247787,0.3008849557522124
"Kirby, Zach",813716,WAS_WIL3,Slider,102,44,9,24,36,4,23,32,1,1,8,2360.91081,0.16827850167882216,0.20454545454545456,0.23529411764705882,0.1111111111111111,0.17391304347826086,73.7784628125,0.03125,0.03125,0.25
"Kirby, Zach",813716,WAS_WIL3,Sweeper,15,8,1,4,8,1,3,6,0,0,2,480.70948,0.16097079322844915,0.125,0.26666666666666666,0.125,0.3333333333333333,80.11824666666666,0.0,0.0,0.3333333333333333
"Kirby, Zach",813716,WAS_WIL3,,1,0,0,0,0,0,0,0,0,0,0,0.0,,,0.0,,,,,,
"Kramer, Cameron",1000249123,TRO_AIG,Changeup,15,5,0,0,8,0,2,3,0,0,0,188.30919,0.061390604316355346,0.0,0.0,0.0,0.0,62.76973,0.0,0.0,0.0
"Kramer, Cameron",1000249123,TRO_AIG,Curveball,20,5,1,3,5,1,4,4,0,0,0,314.52498,0.2045731607419479,0.2,0.15,0.2,0.25,78.631245,0.0,0.0,0.0
"Kramer, Cameron",1000249123,TRO_AIG,Four-Seam,44,21,3,12,6,1,14,16,3,0,3,1375.96367,0.26806503571505924,0.14285714285714285,0.2727272727272727,0.16666666666666666,0.07142857142857142,85.997729375,0.1875,0.0,0.1875
"Kramer, Cameron",1000249123,TRO_AIG,Sinker,61,31,6,12,11,2,21,23,8,0,4,2034.91669,0.2758710160199627,0.1935483870967742,0.19672131147540983,0.18181818181818182,0.09523809523809523,88.47463869565217,0.34782608695652173,0.0,0.17391304347826086
"Kramer, Cameron",1000249123,TRO_AIG,Slider,27,10,2,9,5,1,7,6,0,0,1,373.56649000000004,0.12186796724388664,0.2,0.3333333333333333,0.2,0.14285714285714285,62.261081666666676,0.0,0.0,0.16666666666666666
"Kubo, Trayson",687840,OTT_TIT,Curveball,1,1,0,0,1,0,0,0,0,0,0,0.0,,0.0,0.0,0.0,,,,,
"Kubo, Trayson",687840,OTT_TIT,Cutter,9,4,1,4,3,0,1,2,0,0,1,168.74349999999998,0.21348014299657755,0.25,0.4444444444444444,0.0,0.0,84.37174999999999,0.0,0.0,0.5
"Kubo, Trayson",687840,OTT_TIT,Four-Seam,35,12,1,4,14,1,10,10,3,0,4,836.70113,0.2728357867581631,0.08333333333333333,0.11428571428571428,0.07142857142857142,0.1,83.670113,0.3,0.0,0.4
"Kubo, Trayson",687840,OTT_TIT,Slider,26,18,5,6,6,0,6,13,0,0,4,967.4537799999999,0.15700230730574327,0.2777777777777778,0.23076923076923078,0.0,0.0,74.41952153846154,0.0,0.0,0.3076923076923077
"Kubo, Trayson",687840,OTT_TIT,Splitter,11,7,2,3,5,0,2,3,0,0,1,243.15245,0.28095481176160236,0.2857142857142857,0.2727272727272727,0.0,0.0,81.05081666666666,0.0,0.0,0.3333333333333333
"Kubo, Trayson",687840,OTT_TIT,,1,1,0,0,1,0,1,0,0,0,0,0.0,,0.0,0.0,0.0,0.0,,,,
"Kurikka, Konsta",828536,OTT_TIT,Four-Seam,4,3,1,1,0,0,1,2,0,0,1,158.37878,0.30325608239991136,0.3333333333333333,0.25,,0.0,79.18939,0.0,0.0,0.5
"Kurikka, Konsta",828536,OTT_TIT,Sinker,10,3,0,1,0,0,3,4,0,0,1,301.14686,0.19481400881668004,0.0,0.1,,0.0,75.286715,0.0,0.0,0.25
"Kurikka, Konsta",828536,OTT_TIT,Splitter,3,2,0,0,0,0,2,1,1,0,0,99.28286,0.3509359669761958,0.0,0.0,,0.0,99.28286,1.0,0.0,0.0
"LHP, LHP",,JOL_SLA,Changeup,12,0,0,0,0,0,0,0,0,0,0,0.0,,,0.0,,,,,,
"LHP, LHP",,JOL_SLA,Curveball,5,0,0,0,0,0,0,0,0,0,0,0.0,,,0.0,,,,,,
"LHP, LHP",,JOL_SLA,Sinker,11,0,0,0,0,0,0,0,0,0,0,0.0,,,0.0,,,,,,
"LHP, LHP",,JOL_SLA,Slider,7,0,0,0,0,0,0,0,0,0,0,0.0,,,0.0,,,,,,
"LaMere, Nolan",1000088258,WIN_CIT29,Changeup,35,15,5,10,4,1,10,6,1,0,3,536.6471300000001,0.3625983925438099,0.3333333333333333,0.2857142857142857,0.25,0.1,89.44118833333334,0.16666666666666666,0.0,0.5
"LaMere, Nolan",1000088258,WIN_CIT29,Curveball,16,6,0,2,2,0,3,4,2,1,1,357.35954,0.30811396363473353,0.0,0.125,0.0,0.0,89.339885,0.5,0.25,0.25
"LaMere, Nolan",1000088258,WIN_CIT29,Four-Seam,7,3,1,2,1,0,1,1,0,0,1,93.34431,0.5781425820192192,0.3333333333333333,0.2857142857142857,0.0,0.0,93.34431,0.0,0.0,1.0
"LaMere, Nolan",1000088258,WIN_CIT29,Sinker,18,8,2,3,2,1,6,5,0,0,1,386.79469,0.1605620245269233,0.25,0.16666666666666666,0.5,0.16666666666666666,77.358938,0.0,0.0,0.2
"LaMere, Nolan",1000088258,WIN_CIT29,Slider,1,0,0,0,0,0,0,0,0,0,0,0.0,,,0.0,,,,,,
"Laboy, Yeniel",702596,DOW_EAS1,Changeup,12,8,1,3,4,0,3,6,1,1,3,436.92373999999995,0.20349436059087345,0.125,0.25,0.0,0.0,72.82062333333333,0.16666666666666666,0.16666666666666666,0.5
"Langhorne, Miles",695680,SUS_COU1,Changeup,2,1,0,0,1,0,0,0,0,0,0,0.0,,0.0,0.0,0.0,,,,,
"Langhorne, Miles",695680,SUS_COU1,Curveball,2,0,0,0,0,0,0,0,0,0,0,0.0,,,0.0,,,,,,
"Langhorne, Miles",695680,SUS_COU1,Cutter,10,3,2,4,2,1,2,1,0,0,0,91.97274,0.35675835682047286,0.6666666666666666,0.4,0.5,0.5,91.97274,0.0,0.0,0.0
"Langhorne, Miles",695680,SUS_COU1,Four-Seam,70,30,3,9,10,1,15,21,2,0,7,1596.26028,0.24454783258996846,0.1,0.12857142857142856,0.1,0.06666666666666667,76.01239428571428,0.09523809523809523,0.0,0.3333333333333333
"Langhorne, Miles",695680,SUS_COU1,Sinker,5,3,0,1,0,0,2,3,0,0,1,239.22055,0.18433600145071785,0.0,0.2,,0.0,79.74018333333333,0.0,0.0,0.3333333333333333
"Langhorne, Miles",695680,SUS_COU1,Slider,61,30,13,21,21,5,19,14,2,0,2,1103.33,0.22348425446401596,0.43333333333333335,0.3442622950819672,0.23809523809523808,0.2631578947368421,78.8092857142857,0.14285714285714285,0.0,0.14285714285714285
"Langhorne, Miles",695680,SUS_COU1,,2,0,0,0,0,0,1,0,0,0,0,0.0,,,0.0,,0.0,,,,
"Langrell, Connor",815223,MIS_MUD,Changeup,14,6,2,5,9,2,2,3,0,0,1,217.71109,0.12196103029596093,0.3333333333333333,0.35714285714285715,0.2222222222222222,1.0,72.57036333333333,0.0,0.0,0.3333333333333333
"Langrell, Connor",815223,MIS_MUD,Curveball,73,29,9,18,36,7,19,17,2,0,5,1378.94861,0.25461402125333216,0.3103448275862069,0.2465753424657534,0.19444444444444445,0.3684210526315789,81.11462411764705,0.11764705882352941,0.0,0.29411764705882354
"Langrell, Connor",815223,MIS_MUD,Cutter,151,76,15,39,34,8,35,55,8,1,21,4247.26264,0.22476721149090587,0.19736842105263158,0.2582781456953642,0.23529411764705882,0.22857142857142856,77.22295709090909,0.14545454545454545,0.01818181818181818,0.38181818181818183
"Langrell, Connor",815223,MIS_MUD,Four-Seam,40,22,4,9,6,0,11,18,5,2,5,1449.89617,0.236527305738849,0.18181818181818182,0.225,0.0,0.0,80.54978722222222,0.2777777777777778,0.1111111111111111,0.2777777777777778
"Langrell, Connor",815223,MIS_MUD,Slider,36,18,3,10,4,0,11,14,2,0,6,1131.29254,0.23565067376001303,0.16666666666666666,0.2777777777777778,0.0,0.0,80.80660999999999,0.14285714285714285,0.0,0.42857142857142855
"Langrell, Connor",815223,MIS_MUD,Splitter,1,1,1,1,1,1,1,0,0,0,0,0.0,,1.0,1.0,1.0,1.0,,,,
"Law, Trey",1000429022,DOW_EAS1,Curveball,1,0,0,0,0,0,0,0,0,0,0,0.0,,,0.0,,,,,,
"Law, Trey",1000429022,DOW_EAS1,Four-Seam,27,14,2,7,5,1,9,8,1,0,3,584.54496,0.2389348817986856,0.14285714285714285,0.25925925925925924,0.2,0.1111111111111111,73.06812,0.125,0.0,0.375
"Lawson, Nathan",1000569348,FLO_Y'A,Changeup,11,6,1,2,6,0,3,5,0,0,0,371.82852,0.1527704358674274,0.16666666666666666,0.18181818181818182,0.0,0.0,74.36570400000001,0.0,0.0,0.0
"Lawson, Nathan",1000569348,FLO_Y'A,Curveball,21,8,3,5,8,2,6,5,2,1,3,460.33342,0.428478067903671,0.375,0.23809523809523808,0.25,0.3333333333333333,92.066684,0.4,0.2,0.6
"Lawson, Nathan",1000569348,FLO_Y'A,Cutter,47,28,4,10,7,0,12,22,6,0,8,1847.90342,0.26633839408090537,0.14285714285714285,0.2127659574468085,0.0,0.0,83.99561,0.2727272727272727,0.0,0.36363636363636365
"Lawson, Nathan",1000569348,FLO_Y'A,Four-Seam,55,24,3,15,14,4,17,19,4,1,11,1547.03203,0.2801074453238749,0.125,0.2727272727272727,0.2857142857142857,0.23529411764705882,81.42273842105264,0.21052631578947367,0.05263157894736842,0.5789473684210527
"Lawson, Nathan",1000569348,FLO_Y'A,Sinker,55,24,5,12,8,0,13,15,2,1,2,1157.06007,0.19092718440278908,0.20833333333333334,0.21818181818181817,0.0,0.0,77.137338,0.13333333333333333,0.06666666666666667,0.13333333333333333
"Lawson, Nathan",1000569348,FLO_Y'A,Slider,16,6,0,4,0,0,6,6,2,0,2,554.8536799999999,0.39559819495468496,0.0,0.25,,0.0,92.47561333333333,0.3333333333333333,0.0,0.3333333333333333
"Leach, Landon",667743,TRO_AIG,Changeup,12,1,0,5,1,0,0,1,0,0,0,50.53995,0.0,0.0,0.4166666666666667,0.0,,50.53995,0.0,0.0,0.0
"Leach, Landon",667743,TRO_AIG,Curveball,12,2,1,1,3,1,3,1,0,0,1,63.81116,0.26194658044755836,0.5,0.08333333333333333,0.3333333333333333,0.3333333333333333,63.81116,0.0,0.0,1.0
"Leach, Landon",667743,TRO_AIG,Cutter,6,2,1,1,1,0,1,1,0,0,0,83.2018,0.22628131483222236,0.5,0.16666666666666666,0.0,0.0,83.2018,0.0,0.0,0.0
"Leach, Landon",667743,TRO_AIG,Four-Seam,145,55,8,38,32,4,36,38,5,0,14,3069.46978,0.2590896515836445,0.14545454545454545,0.2620689655172414,0.125,0.1111111111111111,80.77552052631579,0.13157894736842105,0.0,0.3684210526315789
"Leach, Landon",667743,TRO_AIG,Sinker,59,27,5,13,14,1,15,20,4,0,9,1642.08645,0.30225975635385616,0.18518518518518517,0.22033898305084745,0.07142857142857142,0.06666666666666667,82.1043225,0.2,0.0,0.45
"Leach, Landon",667743,TRO_AIG,Slider,36,14,3,8,13,3,9,10,2,1,2,815.76485,0.2413491215281635,0.21428571428571427,0.2222222222222222,0.23076923076923078,0.3333333333333333,81.576485,0.2,0.1,0.2
"Leach, Landon",667743,TRO_AIG,,19,4,4,9,2,2,5,0,0,0,0,0.0,,1.0,0.47368421052631576,1.0,0.4,,,,
"Leak, Anthony",1000264276,NEW_YOR13,Changeup,47,21,5,14,14,0,10,12,0,0,3,910.83181,0.20169890179661007,0.23809523809523808,0.2978723404255319,0.0,0.0,75.90265083333334,0.0,0.0,0.25
"Leak, Anthony",1000264276,NEW_YOR13,Curveball,11,2,0,0,8,0,0,0,0,0,0,0.0,,0.0,0.0,0.0,,,,,
"Leak, Anthony",1000264276,NEW_YOR13,Cutter,4,2,0,1,1,0,1,2,0,0,1,142.21423,0.11635990974610447,0.0,0.25,0.0,0.0,71.107115,0.0,0.0,0.5
"Leak, Anthony",1000264276,NEW_YOR13,Four-Seam,73,39,9,18,31,6,25,29,6,1,13,2408.73476,0.2645953997108316,0.23076923076923078,0.2465753424657534,0.1935483870967742,0.24,83.05981931034482,0.20689655172413793,0.034482758620689655,0.4482758620689655
"Leak, Anthony",1000264276,NEW_YOR13,Sinker,81,33,4,25,15,1,20,25,4,0,10,1881.7364,0.2333947618961839,0.12121212121212122,0.30864197530864196,0.06666666666666667,0.05,75.269456,0.16,0.0,0.4
"Leak, Anthony",1000264276,NEW_YOR13,Slider,142,54,16,38,45,9,28,33,4,1,11,2534.47968,0.18027750739039616,0.2962962962962963,0.2676056338028169,0.2,0.32142857142857145,76.80241454545454,0.12121212121212122,0.030303030303030304,0.3333333333333333
"Leak, Anthony",1000264276,NEW_YOR13,,1,0,0,0,0,0,0,0,0,0,0,0.0,,,0.0,,,,,,
"Lefebvre, Charles",1000429097,TRO_AIG,Changeup,41,21,4,5,8,1,10,13,3,0,4,1090.86376,0.2771036298556956,0.19047619047619047,0.12195121951219512,0.125,0.1,83.91259692307692,0.23076923076923078,0.0,0.3076923076923077
"Lefebvre, Charles",1000429097,TRO_AIG,Curveball,46,19,5,11,34,6,15,13,0,0,6,980.26883,0.2768736083005109,0.2631578947368421,0.2391304347826087,0.17647058823529413,0.4,75.40529461538462,0.0,0.0,0.46153846153846156
"Lefebvre, Charles",1000429097,TRO_AIG,Four-Seam,37,12,2,13,8,1,10,9,1,0,4,726.89794,0.2417788736626065,0.16666666666666666,0.35135135135135137,0.125,0.1,80.76643777777777,0.1111111111111111,0.0,0.4444444444444444
"Lefebvre, Charles",1000429097,TRO_AIG,Sinker,226,111,20,64,56,11,68,78,17,3,18,6255.95512,0.22356274185360178,0.18018018018018017,0.2831858407079646,0.19642857142857142,0.16176470588235295,80.20455282051282,0.21794871794871795,0.038461538461538464,0.23076923076923078
"Lefebvre, Charles",1000429097,TRO_AIG,Slider,66,20,5,23,13,0,8,12,1,0,5,858.88176,0.13922589934380405,0.25,0.3484848484848485,0.0,0.0,71.57348,0.08333333333333333,0.0,0.4166666666666667
"Lefebvre, Charles",1000429097,TRO_AIG,Splitter,1,1,1,1,1,1,1,0,0,0,0,0.0,,1.0,1.0,1.0,1.0,,,,
"Lefebvre, Charles",1000429097,TRO_AIG,,7,2,0,3,1,0,1,0,0,0,0,0.0,,0.0,0.42857142857142855,0.0,0.0,,,,
"Linderman, Greyson",1000124562,JOL_SLA,Changeup,14,4,3,4,6,1,1,1,1,0,1,105.04095,0.6973444813161397,0.75,0.2857142857142857,0.16666666666666666,1.0,105.04095,1.0,0.0,1.0
"Linderman, Greyson",1000124562,JOL_SLA,Curveball,2,0,0,1,0,0,0,0,0,0,0,0.0,,,0.5,,,,,,
"Linderman, Greyson",1000124562,JOL_SLA,Four-Seam,57,30,6,14,14,2,20,23,6,1,4,1909.60156,0.2668905967370055,0.2,0.24561403508771928,0.14285714285714285,0.1,83.0261547826087,0.2608695652173913,0.043478260869565216,0.17391304347826086
"Linderman, Greyson",1000124562,JOL_SLA,Sinker,62,31,10,17,14,4,22,18,3,0,6,1473.59289,0.26329795422647934,0.3225806451612903,0.27419354838709675,0.2857142857142857,0.18181818181818182,81.86627166666666,0.16666666666666666,0.0,0.3333333333333333
"Linderman, Greyson",1000124562,JOL_SLA,Slider,47,19,10,24,16,6,9,6,1,0,1,474.55021999999997,0.19398424009446824,0.5263157894736842,0.5106382978723404,0.375,0.6666666666666666,79.09170333333333,0.16666666666666666,0.0,0.16666666666666666
"Long, Jalon",809215,NEW_YOR13,Changeup,50,26,14,18,20,3,12,11,2,0,4,918.41517,0.2946601260547359,0.5384615384615384,0.36,0.15,0.25,83.49228818181818,0.18181818181818182,0.0,0.36363636363636365
"Long, Jalon",809215,NEW_YOR13,Curveball,28,10,0,4,12,1,6,8,1,0,1,601.08903,0.1554903089054595,0.0,0.14285714285714285,0.08333333333333333,0.16666666666666666,75.13612875,0.125,0.0,0.125
"Long, Jalon",809215,NEW_YOR13,Cutter,1,0,0,0,0,0,0,0,0,0,0,0.0,,,0.0,,,,,,
"Long, Jalon",809215,NEW_YOR13,Four-Seam,109,57,18,39,37,8,24,37,3,0,7,2982.34414,0.21444048078794015,0.3157894736842105,0.3577981651376147,0.21621621621621623,0.3333333333333333,80.60389567567567,0.08108108108108109,0.0,0.1891891891891892
"Long, Jalon",809215,NEW_YOR13,Sinker,1,0,0,0,1,0,1,0,0,0,0,0.0,,,0.0,0.0,0.0,,,,
"Long, Jalon",809215,NEW_YOR13,Slider,78,31,8,24,19,6,18,17,1,1,3,1327.21689,0.2185121292459018,0.25806451612903225,0.3076923076923077,0.3157894736842105,0.3333333333333333,78.07158176470588,0.058823529411764705,0.058823529411764705,0.17647058823529413
"Long, Maddox",1000248716,WAS_WIL3,Changeup,33,12,0,6,6,1,7,11,4,0,2,915.2765,0.28468685312259046,0.0,0.18181818181818182,0.16666666666666666,0.14285714285714285,83.20695454545455,0.36363636363636365,0.0,0.18181818181818182
"Long, Maddox",1000248716,WAS_WIL3,Cutter,4,0,0,2,0,0,0,0,0,0,0,0.0,,,0.5,,,,,,
"Long, Maddox",1000248716,WAS_WIL3,Four-Seam,120,60,7,30,38,6,37,47,5,1,12,3712.14772,0.21857784086600074,0.11666666666666667,0.25,0.15789473684210525,0.16216216216216217,78.98186638297872,0.10638297872340426,0.02127659574468085,0.2553191489361702
"Long, Maddox",1000248716,WAS_WIL3,Other,1,0,0,0,0,0,0,0,0,0,0,0.0,,,0.0,,,,,,
"Long, Maddox",1000248716,WAS_WIL3,Sinker,186,86,11,44,39,8,53,61,9,1,16,4812.92217,0.24492618037844227,0.12790697674418605,0.23655913978494625,0.20512820512820512,0.1509433962264151,78.90036344262295,0.14754098360655737,0.01639344262295082,0.26229508196721313
"Long, Maddox",1000248716,WAS_WIL3,Slider,145,56,20,45,47,6,31,28,4,1,5,2096.3350100000002,0.17382206308599749,0.35714285714285715,0.3103448275862069,0.1276595744680851,0.1935483870967742,74.86910750000001,0.14285714285714285,0.03571428571428571,0.17857142857142858
"Lovell, Justin",822485,WIN_CIT29,Curveball,16,2,1,4,6,1,4,0,0,0,0,0.0,,0.5,0.25,0.16666666666666666,0.25,,,,
"Lovell, Justin",822485,WIN_CIT29,Cutter,28,14,4,7,7,1,8,9,3,1,4,721.13347,0.24732054063371844,0.2857142857142857,0.25,0.14285714285714285,0.125,80.1259411111111,0.3333333333333333,0.1111111111111111,0.4444444444444444
"Lovell, Justin",822485,WIN_CIT29,Four-Seam,99,44,12,30,34,8,25,28,7,0,10,2331.13255,0.27805798804179527,0.2727272727272727,0.30303030303030304,0.23529411764705882,0.32,83.25473392857143,0.25,0.0,0.35714285714285715
"Lovell, Justin",822485,WIN_CIT29,Sinker,44,12,1,9,3,0,9,9,2,1,3,650.01404,0.12367397656101953,0.08333333333333333,0.20454545454545456,0.0,0.0,72.22378222222223,0.2222222222222222,0.1111111111111111,0.3333333333333333
"Lovell, Justin",822485,WIN_CIT29,Slider,11,1,0,3,5,0,1,1,0,0,0,55.42772,0.0,0.0,0.2727272727272727,0.0,0.0,55.42772,0.0,0.0,0.0
"Lovell, Justin",822485,WIN_CIT29,,2,0,0,0,0,0,1,0,0,0,0,0.0,,,0.0,,0.0,,,,
"Lovin, Xander",815234,GAT_GRI,Changeup,36,16,9,11,10,1,5,7,0,0,0,439.21325,0.10093525367572645,0.5625,0.3055555555555556,0.1,0.2,62.74475,0.0,0.0,0.0
"Lovin, Xander",815234,GAT_GRI,Curveball,38,17,2,7,9,1,11,11,3,1,6,951.60279,0.34477485571792477,0.11764705882352941,0.18421052631578946,0.1111111111111111,0.09090909090909091,86.50934454545455,0.2727272727272727,0.09090909090909091,0.5454545454545454
"Lovin, Xander",815234,GAT_GRI,Cutter,32,15,6,14,10,2,8,7,1,0,1,554.62504,0.2669680113650454,0.4,0.4375,0.2,0.25,79.23214857142857,0.14285714285714285,0.0,0.14285714285714285
"Lovin, Xander",815234,GAT_GRI,Four-Seam,201,69,6,36,36,3,62,58,15,0,24,4959.78658,0.3166136615401191,0.08695652173913043,0.1791044776119403,0.08333333333333333,0.04838709677419355,85.51356172413793,0.25862068965517243,0.0,0.41379310344827586
"Lovin, Xander",815234,GAT_GRI,Sinker,1,0,0,0,0,0,1,0,0,0,0,0.0,,,0.0,,0.0,,,,
"Lovin, Xander",815234,GAT_GRI,Slider,95,45,14,32,26,3,29,27,6,0,8,2183.11795,0.2704883431983582,0.3111111111111111,0.3368421052631579,0.11538461538461539,0.10344827586206896,80.85622037037037,0.2222222222222222,0.0,0.2962962962962963
"Lovin, Xander",815234,GAT_GRI,,1,0,0,1,0,0,0,0,0,0,0,0.0,,,1.0,,,,,,
"Lowe, Braden",1000344407,WAG_SEA,Changeup,30,8,1,8,7,1,8,5,2,0,3,413.96353,0.3396962078910847,0.125,0.26666666666666666,0.14285714285714285,0.125,82.792706,0.4,0.0,0.6
"Lowe, Braden",1000344407,WAG_SEA,Curveball,17,6,4,7,5,2,3,1,0,0,0,86.9027,0.22434057316177813,0.6666666666666666,0.4117647058823529,0.4,0.6666666666666666,86.9027,0.0,0.0,0.0
"Lowe, Braden",1000344407,WAG_SEA,,1,0,0,0,0,0,0,0,0,0,0,0.0,,,0.0,,,,,,
"Luciano, Jordy",802742,NEW_JER6,Changeup,1,0,0,0,1,0,1,0,0,0,0,0.0,,,0.0,0.0,0.0,,,,
"Luciano, Jordy",802742,NEW_JER6,Curveball,22,4,2,12,11,5,7,2,0,0,1,126.17734999999999,0.042154018106421276,0.5,0.5454545454545454,0.45454545454545453,0.7142857142857143,63.088674999999995,0.0,0.0,0.5
"Luciano, Jordy",802742,NEW_JER6,Cutter,23,9,1,1,6,1,5,5,1,1,2,419.49487,0.266917291587348,0.1111111111111111,0.043478260869565216,0.16666666666666666,0.2,83.898974,0.2,0.2,0.4
"Luciano, Jordy",802742,NEW_JER6,Four-Seam,32,11,3,10,1,1,8,7,4,1,4,639.42644,0.4391586157225835,0.2727272727272727,0.3125,1.0,0.125,91.34663428571427,0.5714285714285714,0.14285714285714285,0.5714285714285714
"Luciano, Jordy",802742,NEW_JER6,Sinker,1,1,0,0,0,0,0,0,0,0,0,0.0,,0.0,0.0,,,,,,
"Luciano, Jordy",802742,NEW_JER6,Slider,16,5,3,5,5,0,3,1,0,0,0,78.59178,0.17627614966449012,0.6,0.3125,0.0,0.0,78.59178,0.0,0.0,0.0
"Luciano, Jordy",802742,NEW_JER6,,1,0,0,0,1,0,0,0,0,0,0,0.0,,,0.0,0.0,,,,,
"Lyman, John",1000266852,NIU_HUS,Four-Seam,21,10,1,6,8,0,4,7,2,0,1,528.8609,0.20006822355629814,0.1,0.2857142857142857,0.0,0.0,75.55155714285715,0.2857142857142857,0.0,0.14285714285714285
"Lyman, John",1000266852,NIU_HUS,Slider,4,1,0,0,2,0,2,1,0,0,0,74.47234,0.1159216952784109,0.0,0.0,0.0,0.0,74.47234,0.0,0.0,0.0
"MacMillan, Blake",832350,TRO_AIG,Changeup,23,9,4,9,7,4,8,4,1,0,2,373.2026,0.4154384234134942,0.4444444444444444,0.391304347826087,0.5714285714285714,0.5,93.30065,0.25,0.0,0.5
"MacMillan, Blake",832350,TRO_AIG,Curveball,8,1,0,3,5,0,1,1,1,0,0,95.04586,0.6055805489847436,0.0,0.375,0.0,0.0,95.04586,1.0,0.0,0.0
"MacMillan, Blake",832350,TRO_AIG,Cutter,88,38,12,27,25,4,22,25,4,0,7,2012.81097,0.2468591542532466,0.3157894736842105,0.3068181818181818,0.16,0.18181818181818182,80.5124388,0.16,0.0,0.28
"MacMillan, Blake",832350,TRO_AIG,Four-Seam,92,45,15,28,25,7,18,28,4,0,6,2138.392,0.19549401187229298,0.3333333333333333,0.30434782608695654,0.28,0.3888888888888889,76.37114285714286,0.14285714285714285,0.0,0.21428571428571427
"MacMillan, Blake",832350,TRO_AIG,Sinker,13,5,0,1,1,0,3,4,1,0,3,329.77937,0.3237838660636354,0.0,0.07692307692307693,0.0,0.0,82.4448425,0.25,0.0,0.75
"MacMillan, Blake",832350,TRO_AIG,Slider,60,24,13,25,28,10,14,8,2,0,2,631.1121,0.25565373176588946,0.5416666666666666,0.4166666666666667,0.35714285714285715,0.7142857142857143,78.8890125,0.25,0.0,0.25
"MacMillan, Blake",832350,TRO_AIG,Splitter,31,17,5,8,15,3,6,8,2,1,3,647.63647,0.30880194780078973,0.29411764705882354,0.25806451612903225,0.2,0.5,80.95455875,0.25,0.125,0.375
"MacMillan, Blake",832350,TRO_AIG,,3,1,0,2,0,0,1,1,1,0,1,97.28898,0.4419125393278106,0.0,0.6666666666666666,,0.0,97.28898,1.0,0.0,1.0
"Maher, Adam",1000133555,TRI_VAL,Changeup,14,3,1,3,5,1,1,1,0,0,1,63.55948,0.2687058656108988,0.3333333333333333,0.21428571428571427,0.2,1.0,63.55948,0.0,0.0,1.0
"Maher, Adam",1000133555,TRI_VAL,Curveball,8,3,0,2,4,0,2,3,1,0,2,237.45481,0.3783607408523706,0.0,0.25,0.0,0.0,79.15160333333334,0.3333333333333333,0.0,0.6666666666666666
"Maher, Adam",1000133555,TRI_VAL,Cutter,4,3,1,2,3,1,3,2,0,0,2,136.64411,0.30948570447063467,0.3333333333333333,0.5,0.3333333333333333,0.3333333333333333,68.322055,0.0,0.0,1.0
"Maher, Adam",1000133555,TRI_VAL,Four-Seam,72,30,6,19,22,3,19,21,2,2,8,1558.0331,0.22076951975609005,0.2,0.2638888888888889,0.13636363636363635,0.15789473684210525,74.19205238095239,0.09523809523809523,0.09523809523809523,0.38095238095238093
"Maher, Adam",1000133555,TRI_VAL,Sinker,9,3,2,3,2,0,2,2,0,0,0,130.27715,0.08382627179420099,0.6666666666666666,0.3333333333333333,0.0,0.0,65.138575,0.0,0.0,0.0
"Maher, Adam",1000133555,TRI_VAL,Slider,36,15,4,6,8,0,5,9,2,0,5,699.08368,0.29487260978109125,0.26666666666666666,0.16666666666666666,0.0,0.0,77.67596444444445,0.2222222222222222,0.0,0.5555555555555556
"Maher, Adam",1000133555,TRI_VAL,Splitter,2,1,1,1,0,0,0,0,0,0,0,0.0,,1.0,0.5,,,,,,
"Maher, Adam",1000133555,TRI_VAL,,1,1,0,0,0,0,0,0,0,0,0,0.0,,0.0,0.0,,,,,,
"Maietta, Dante",1000137704,WIN_CIT29,Changeup,112,53,27,34,44,15,34,19,0,0,4,1437.90725,0.15082182215606443,0.5094339622641509,0.30357142857142855,0.3409090909090909,0.4411764705882353,75.67932894736842,0.0,0.0,0.21052631578947367
"Maietta, Dante",1000137704,WIN_CIT29,Curveball,3,1,1,3,0,0,0,0,0,0,0,0.0,,1.0,1.0,,,,,,
"Maietta, Dante",1000137704,WIN_CIT29,Four-Seam,196,88,10,41,47,1,44,65,14,2,20,5155.48549,0.216982711239426,0.11363636363636363,0.20918367346938777,0.02127659574468085,0.022727272727272728,79.31516138461538,0.2153846153846154,0.03076923076923077,0.3076923076923077
"Maietta, Dante",1000137704,WIN_CIT29,Sinker,8,2,0,1,2,0,1,2,0,0,0,156.5895,0.17690679149427568,0.0,0.125,0.0,0.0,78.29475,0.0,0.0,0.0
"Maietta, Dante",1000137704,WIN_CIT29,Slider,39,19,7,10,15,3,8,11,2,0,5,841.7325,0.25127688963561307,0.3684210526315789,0.2564102564102564,0.2,0.375,76.52113636363636,0.18181818181818182,0.0,0.45454545454545453
"Majick, Eli",828663,NEW_ENG23,Changeup,50,17,2,13,9,2,15,15,3,0,3,1264.41369,0.3208137572238726,0.11764705882352941,0.26,0.2222222222222222,0.13333333333333333,84.294246,0.2,0.0,0.2
"Majick, Eli",828663,NEW_ENG23,Curveball,10,3,1,4,1,0,1,1,0,0,1,89.05938,0.5229469801970787,0.3333333333333333,0.4,0.0,0.0,89.05938,0.0,0.0,1.0
"Majick, Eli",828663,NEW_ENG23,Cutter,24,13,4,6,8,2,6,8,1,0,2,596.98868,0.1777221022623234,0.3076923076923077,0.25,0.25,0.3333333333333333,74.623585,0.125,0.0,0.25
"Majick, Eli",828663,NEW_ENG23,Four-Seam,19,5,0,2,8,0,3,4,0,0,0,302.52181,0.029709647598622796,0.0,0.10526315789473684,0.0,0.0,75.6304525,0.0,0.0,0.0
"Majick, Eli",828663,NEW_ENG23,Sinker,158,74,8,46,41,5,46,56,14,0,17,4652.87641,0.2933616180708413,0.10810810810810811,0.2911392405063291,0.12195121951219512,0.10869565217391304,83.08707875,0.25,0.0,0.30357142857142855
"Majick, Eli",828663,NEW_ENG23,Slider,107,36,6,33,24,5,20,28,2,1,10,2170.23948,0.22311841493047052,0.16666666666666666,0.308411214953271,0.20833333333333334,0.25,77.50855285714286,0.07142857142857142,0.03571428571428571,0.35714285714285715
"Majick, Eli",828663,NEW_ENG23,Splitter,1,0,0,0,0,0,0,0,0,0,0,0.0,,,0.0,,,,,,
"Mandler, Max",825993,TRI_VAL,Changeup,3,1,0,1,0,0,1,1,1,0,0,100.6186,0.3621834112386093,0.0,0.3333333333333333,,0.0,100.6186,1.0,0.0,0.0
"Mandler, Max",825993,TRI_VAL,Curveball,2,0,0,1,0,0,0,0,0,0,0,0.0,,,0.5,,,,,,
"Mandler, Max",825993,TRI_VAL,Four-Seam,38,6,2,9,5,1,11,3,1,1,1,270.27304,0.3571598168847927,0.3333333333333333,0.23684210526315788,0.2,0.09090909090909091,90.09101333333332,0.3333333333333333,0.3333333333333333,0.3333333333333333
"Mannering, Shawn",1000457814,DOW_EAS1,Changeup,16,8,1,1,6,0,5,6,1,0,0,393.6499,0.1792869172616195,0.125,0.0625,0.0,0.0,65.60831666666667,0.16666666666666666,0.0,0.0
"Mannering, Shawn",1000457814,DOW_EAS1,Curveball,2,1,0,0,1,0,1,0,0,0,0,0.0,,0.0,0.0,0.0,0.0,,,,
"Mannering, Shawn",1000457814,DOW_EAS1,Four-Seam,3,1,0,1,1,0,0,1,0,0,0,78.63589,0.0,0.0,0.3333333333333333,0.0,,78.63589,0.0,0.0,0.0
"Mannering, Shawn",1000457814,DOW_EAS1,Sinker,59,18,4,15,10,1,15,15,2,1,4,1122.70383,0.25538335341983376,0.2222222222222222,0.2542372881355932,0.1,0.06666666666666667,74.84692199999999,0.13333333333333333,0.06666666666666667,0.26666666666666666
"Mannering, Shawn",1000457814,DOW_EAS1,Slider,23,10,6,8,5,2,4,4,0,0,1,231.3971,0.04626697067728586,0.6,0.34782608695652173,0.4,0.5,57.849275,0.0,0.0,0.25
"Mannering, Shawn",1000457814,DOW_EAS1,,3,1,0,1,1,0,1,0,0,0,0,0.0,,0.0,0.3333333333333333,0.0,0.0,,,,
"Manning, Noah",828538,WIN_CIT29,Changeup,50,4,1,2,3,0,3,7,1,0,3,595.63298,0.31374784230300706,0.25,0.04,0.0,0.0,85.09042571428571,0.14285714285714285,0.0,0.42857142857142855
"Manning, Noah",828538,WIN_CIT29,Curveball,19,1,0,0,1,0,1,1,0,0,1,83.86364,0.48367991992351056,0.0,0.0,0.0,0.0,83.86364,0.0,0.0,1.0
"Manning, Noah",828538,WIN_CIT29,Cutter,3,0,0,0,0,0,0,1,0,0,0,73.70589,0.12526418116568683,,0.0,,,73.70589,0.0,0.0,0.0
"Manning, Noah",828538,WIN_CIT29,Four-Seam,32,0,0,0,0,0,0,6,2,0,3,539.95093,0.38886336832343166,,0.0,,,89.99182166666667,0.3333333333333333,0.0,0.5
"Manning, Noah",828538,WIN_CIT29,Other,2,0,0,0,0,0,0,0,0,0,0,0.0,,,0.0,,,,,,
"Manning, Noah",828538,WIN_CIT29,Sinker,55,19,4,16,14,2,13,13,3,0,5,1088.97793,0.32255305919316773,0.21052631578947367,0.2909090909090909,0.14285714285714285,0.15384615384615385,83.76753307692307,0.23076923076923078,0.0,0.38461538461538464
"Manning, Noah",828538,WIN_CIT29,Slider,20,6,2,3,4,1,3,4,0,0,0,292.55506,0.10561665693255036,0.3333333333333333,0.15,0.25,0.3333333333333333,73.138765,0.0,0.0,0.0
"Manning, Noah",828538,WIN_CIT29,Splitter,1,0,0,0,0,0,0,0,0,0,0,0.0,,,0.0,,,,,,
"Manning, Noah",828538,WIN_CIT29,,1,0,0,0,0,0,0,0,0,0,0,0.0,,,0.0,,,,,,
"Marklund, Brandon",647282,OTT_TIT,Changeup,23,5,2,4,5,0,4,3,0,0,0,252.24731,0.2232948985189298,0.4,0.17391304347826086,0.0,0.0,84.08243666666667,0.0,0.0,0.0
"Marklund, Brandon",647282,OTT_TIT,Curveball,10,4,1,1,3,0,1,2,1,0,1,181.43525,0.2830605712709533,0.25,0.1,0.0,0.0,90.717625,0.5,0.0,0.5
"Marklund, Brandon",647282,OTT_TIT,Four-Seam,196,74,18,57,49,9,49,41,7,0,11,3364.4717,0.2556461333477214,0.24324324324324326,0.29081632653061223,0.1836734693877551,0.1836734693877551,82.06028536585366,0.17073170731707318,0.0,0.2682926829268293
"Marklund, Brandon",647282,OTT_TIT,Sinker,32,16,4,10,6,2,7,8,1,0,3,625.40769,0.3240470276150976,0.25,0.3125,0.3333333333333333,0.2857142857142857,78.17596125,0.125,0.0,0.375
"Marklund, Brandon",647282,OTT_TIT,Slider,69,21,10,23,24,5,14,8,1,0,1,627.53396,0.22489458569903786,0.47619047619047616,0.3333333333333333,0.20833333333333334,0.35714285714285715,78.441745,0.125,0.0,0.125
"Marklund, Brandon",647282,OTT_TIT,,5,3,1,2,2,0,1,0,0,0,0,0.0,,0.3333333333333333,0.4,0.0,0.0,,,,
"Martinez, Mason",809209,TRI_VAL,Changeup,57,25,8,12,12,3,17,16,6,2,6,1346.31448,0.2831129037759416,0.32,0.21052631578947367,0.25,0.17647058823529413,84.144655,0.375,0.125,0.375
"Martinez, Mason",809209,TRI_VAL,Curveball,25,8,1,9,10,2,6,4,2,1,2,363.9466,0.4026830934313009,0.125,0.36,0.2,0.3333333333333333,90.98665,0.5,0.25,0.5
"Martinez, Mason",809209,TRI_VAL,Cutter,3,0,0,1,0,0,0,0,0,0,0,0.0,,,0.3333333333333333,,,,,,
"Martinez, Mason",809209,TRI_VAL,Four-Seam,14,1,0,4,2,0,4,1,0,0,0,84.88653,0.23881229634633727,0.0,0.2857142857142857,0.0,0.0,84.88653,0.0,0.0,0.0
"Martinez, Mason",809209,TRI_VAL,Other,1,0,0,0,0,0,1,0,0,0,0,0.0,,,0.0,,0.0,,,,
"Martinez, Mason",809209,TRI_VAL,Sinker,261,100,10,65,57,6,72,78,10,1,19,6220.7930400000005,0.22853172088074522,0.1,0.24904214559386972,0.10526315789473684,0.08333333333333333,79.75375692307693,0.1282051282051282,0.01282051282051282,0.24358974358974358
"Martinez, Mason",809209,TRI_VAL,Slider,103,46,12,20,25,5,25,29,4,1,9,2212.2992,0.20862093743877688,0.2608695652173913,0.1941747572815534,0.2,0.2,76.28617931034482,0.13793103448275862,0.034482758620689655,0.3103448275862069
"Martinez, Mason",809209,TRI_VAL,Splitter,5,1,1,2,0,0,0,0,0,0,0,0.0,,1.0,0.4,,,,,,
"Martinez, Mason",809209,TRI_VAL,,4,0,0,1,0,0,0,0,0,0,0,0.0,,,0.25,,,,,,
"Martzolf, Max",10998500,JOL_SLA,Changeup,2,2,0,0,1,0,2,2,0,0,1,162.09911,0.28420840661899727,0.0,0.0,0.0,0.0,81.049555,0.0,0.0,0.5
"Martzolf, Max",10998500,JOL_SLA,Curveball,5,2,0,1,2,0,2,2,0,0,1,173.25775,0.3638956419463994,0.0,0.2,0.0,0.0,86.628875,0.0,0.0,0.5
"Martzolf, Max",10998500,JOL_SLA,Four-Seam,4,2,0,1,0,0,1,2,0,0,1,144.06545,0.025398956695151464,0.0,0.25,,0.0,72.032725,0.0,0.0,0.5
"Martzolf, Max",10998500,JOL_SLA,Sinker,43,17,4,16,7,2,11,11,1,0,4,821.84546,0.25963566987246706,0.23529411764705882,0.37209302325581395,0.2857142857142857,0.18181818181818182,74.71322363636364,0.09090909090909091,0.0,0.36363636363636365
"Martzolf, Max",10998500,JOL_SLA,Slider,3,1,0,0,1,0,1,1,0,0,0,81.25826,0.2470749510506155,0.0,0.0,0.0,0.0,81.25826,0.0,0.0,0.0
"Martzolf, Max",824782,OTT_TIT,Changeup,194,92,11,44,45,3,46,66,12,2,19,5447.32382,0.24616425766946493,0.11956521739130435,0.2268041237113402,0.06666666666666667,0.06521739130434782,82.53520939393938,0.18181818181818182,0.030303030303030304,0.2878787878787879
"Martzolf, Max",824782,OTT_TIT,Curveball,71,26,5,15,27,6,27,19,4,0,6,1568.11746,0.2916209288835365,0.19230769230769232,0.2112676056338028,0.2222222222222222,0.2222222222222222,82.53249789473684,0.21052631578947367,0.0,0.3157894736842105
"Martzolf, Max",824782,OTT_TIT,Four-Seam,71,36,6,20,12,3,21,25,7,3,9,2033.00454,0.245643026522423,0.16666666666666666,0.28169014084507044,0.25,0.14285714285714285,81.3201816,0.28,0.12,0.36
"Martzolf, Max",824782,OTT_TIT,Sinker,7,3,1,3,1,1,3,2,0,0,0,173.53474,0.2833965458138509,0.3333333333333333,0.42857142857142855,1.0,0.3333333333333333,86.76737,0.0,0.0,0.0
"Martzolf, Max",824782,OTT_TIT,Slider,13,7,2,3,3,0,2,4,0,0,2,288.82051,0.10309517065707278,0.2857142857142857,0.23076923076923078,0.0,0.0,72.2051275,0.0,0.0,0.5
"Martzolf, Max",824782,OTT_TIT,Splitter,28,11,1,2,9,0,6,9,2,0,3,717.3986,0.291742524764408,0.09090909090909091,0.07142857142857142,0.0,0.0,79.71095555555556,0.2222222222222222,0.0,0.3333333333333333
"Martzolf, Max",824782,OTT_TIT,,1,0,0,0,0,0,0,0,0,0,0,0.0,,,0.0,,,,,,
"Marynczak, Arlo",837346,TRI_VAL,Changeup,36,17,4,6,10,2,11,10,1,0,1,849.10798,0.267736225195821,0.23529411764705882,0.16666666666666666,0.2,0.18181818181818182,84.910798,0.1,0.0,0.1
"Marynczak, Arlo",837346,TRI_VAL,Curveball,8,2,1,3,3,1,1,1,0,0,0,48.48982,0.0,0.5,0.375,0.3333333333333333,1.0,48.48982,0.0,0.0,0.0
"Marynczak, Arlo",837346,TRI_VAL,Cutter,1,0,0,0,0,0,0,0,0,0,0,0.0,,,0.0,,,,,,
"Marynczak, Arlo",837346,TRI_VAL,Four-Seam,135,66,14,39,40,4,36,51,5,1,16,4028.0689899999998,0.2020670668423723,0.21212121212121213,0.28888888888888886,0.1,0.1111111111111111,78.98174490196078,0.09803921568627451,0.0196078431372549,0.3137254901960784
"Marynczak, Arlo",837346,TRI_VAL,Sinker,31,16,2,8,8,1,10,11,6,1,6,968.3371500000001,0.34890158773797714,0.125,0.25806451612903225,0.125,0.1,88.03065000000001,0.5454545454545454,0.09090909090909091,0.5454545454545454
"Marynczak, Arlo",837346,TRI_VAL,Slider,25,9,3,6,10,0,3,5,1,0,1,342.45339,0.13734639870426707,0.3333333333333333,0.24,0.0,0.0,68.490678,0.2,0.0,0.2
"Marynczak, Arlo",837346,TRI_VAL,,1,0,0,0,1,0,0,0,0,0,0,0.0,,,0.0,0.0,,,,,
"Maryniak, Connor",831880,NEW_JER6,Changeup,4,1,0,0,3,0,1,1,1,0,0,98.49482,0.6660938180008745,0.0,0.0,0.0,0.0,98.49482,1.0,0.0,0.0
"Maryniak, Connor",831880,NEW_JER6,Curveball,23,11,6,11,9,4,8,5,0,0,2,323.21756,0.10094322998591225,0.5454545454545454,0.4782608695652174,0.4444444444444444,0.5,64.643512,0.0,0.0,0.4
"Maryniak, Connor",831880,NEW_JER6,Four-Seam,32,17,2,6,7,0,7,13,2,0,3,945.7682599999999,0.1398558016060575,0.11764705882352941,0.1875,0.0,0.0,72.75140461538462,0.15384615384615385,0.0,0.23076923076923078
"Maryniak, Connor",831880,NEW_JER6,Slider,14,8,5,6,4,1,3,3,1,0,0,240.10097,0.2948776462536095,0.625,0.42857142857142855,0.25,0.3333333333333333,80.03365666666666,0.3333333333333333,0.0,0.0
"Matos, Dwayne",684228,OTT_TIT,Changeup,188,86,17,49,48,7,46,50,13,1,13,4166.63511,0.25643140281448124,0.19767441860465115,0.26063829787234044,0.14583333333333334,0.15217391304347827,83.3327022,0.26,0.02,0.26
"Matos, Dwayne",684228,OTT_TIT,Curveball,2,1,0,0,1,0,1,1,0,0,0,60.45635,0.013895858136275197,0.0,0.0,0.0,0.0,60.45635,0.0,0.0,0.0
"Matos, Dwayne",684228,OTT_TIT,Four-Seam,4,2,0,1,1,0,1,2,1,1,2,120.08246,0.33184044761952375,0.0,0.25,0.0,0.0,60.04123,0.5,0.5,1.0
"Matos, Dwayne",684228,OTT_TIT,Sinker,245,131,16,60,63,11,74,105,29,4,35,8770.52338,0.28309595287975614,0.12213740458015267,0.24489795918367346,0.1746031746031746,0.14864864864864866,83.5287940952381,0.2761904761904762,0.0380952380952381,0.3333333333333333
"Matos, Dwayne",684228,OTT_TIT,Slider,80,26,6,17,29,2,15,16,5,1,4,1305.3679,0.24453111155809432,0.23076923076923078,0.2125,0.06896551724137931,0.13333333333333333,81.58549375,0.3125,0.0625,0.25
"Matos, Dwayne",684228,OTT_TIT,Splitter,6,2,1,2,1,0,1,1,0,0,0,78.9079,0.17750906301518465,0.5,0.3333333333333333,0.0,0.0,78.9079,0.0,0.0,0.0
"Matos, Dwayne",684228,OTT_TIT,,5,2,0,0,0,0,2,0,0,0,0,0.0,,0.0,0.0,,0.0,,,,
"Mattioli, Christopher",1000072778,FDU_KNI,Changeup,14,3,1,6,1,1,2,1,0,0,0,78.50802,0.2297844554617008,0.3333333333333333,0.42857142857142855,1.0,0.5,78.50802,0.0,0.0,0.0
"Mattioli, Christopher",1000072778,FDU_KNI,Curveball,14,8,1,3,4,0,4,6,4,2,2,533.0432500000001,0.3532446398344254,0.125,0.21428571428571427,0.0,0.0,88.84054166666668,0.6666666666666666,0.3333333333333333,0.3333333333333333
"Mattioli, Christopher",1000072778,FDU_KNI,Four-Seam,24,5,1,7,3,1,4,4,0,0,3,270.11224,0.19963001966943011,0.2,0.2916666666666667,0.3333333333333333,0.25,67.52806,0.0,0.0,0.75
"Mattioli, Christopher",1000072778,FDU_KNI,Sinker,14,5,0,1,6,0,5,5,0,0,1,379.78188,0.19901355046137942,0.0,0.07142857142857142,0.0,0.0,75.956376,0.0,0.0,0.2
"Mattioli, Christopher",1000072778,FDU_KNI,Slider,16,5,2,5,4,3,5,3,2,0,2,246.00681,0.40808315978369736,0.4,0.3125,0.75,0.6,82.00227,0.6666666666666666,0.0,0.6666666666666666
"Mattioli, Christopher",1000072778,FDU_KNI,,2,2,1,1,0,0,0,0,0,0,0,0.0,,0.5,0.5,,,,,,
"McCartney, Seth",823530,MIS_MUD,Changeup,11,3,2,3,7,2,2,1,0,0,0,86.61403,0.24692331656881428,0.6666666666666666,0.2727272727272727,0.2857142857142857,1.0,86.61403,0.0,0.0,0.0
"McCartney, Seth",823530,MIS_MUD,Curveball,9,4,2,4,2,1,2,2,0,0,0,161.00687,0.20412218013366423,0.5,0.4444444444444444,0.5,0.5,80.503435,0.0,0.0,0.0
"McCartney, Seth",823530,MIS_MUD,Cutter,6,2,0,2,1,1,3,2,2,0,0,207.62717,0.403243322962001,0.0,0.3333333333333333,1.0,0.3333333333333333,103.813585,1.0,0.0,0.0
"McCartney, Seth",823530,MIS_MUD,Four-Seam,9,2,1,2,5,1,4,1,0,0,1,93.89116,0.28506878019330284,0.5,0.2222222222222222,0.2,0.25,93.89116,0.0,0.0,1.0
"McCartney, Seth",823530,MIS_MUD,Sinker,120,48,4,25,21,2,38,39,8,1,7,3052.78654,0.23656425621886049,0.08333333333333333,0.20833333333333334,0.09523809523809523,0.05263157894736842,78.27657794871796,0.20512820512820512,0.02564102564102564,0.1794871794871795
"McCartney, Seth",823530,MIS_MUD,Slider,57,16,4,10,19,0,5,10,2,0,3,781.8939300000001,0.19716741132990917,0.25,0.17543859649122806,0.0,0.0,78.18939300000001,0.2,0.0,0.3
"McCartney, Seth",823530,MIS_MUD,Sweeper,2,1,0,0,0,0,0,0,0,0,0,0.0,,0.0,0.0,,,,,,
"McEvoy, Aidan",1000079355,FLO_Y'A,Changeup,25,10,1,2,7,1,9,9,3,2,4,799.04592,0.27855767234336154,0.1,0.08,0.14285714285714285,0.1111111111111111,88.78288,0.3333333333333333,0.2222222222222222,0.4444444444444444
"McEvoy, Aidan",1000079355,FLO_Y'A,Curveball,1,0,0,0,1,0,0,0,0,0,0,0.0,,,0.0,0.0,,,,,
"McEvoy, Aidan",1000079355,FLO_Y'A,Cutter,51,26,6,14,14,1,6,15,0,0,3,1189.1544,0.2153777968589886,0.23076923076923078,0.27450980392156865,0.07142857142857142,0.16666666666666666,79.27695999999999,0.0,0.0,0.2
"McEvoy, Aidan",1000079355,FLO_Y'A,Four-Seam,57,23,3,22,16,0,17,20,4,0,5,1554.98104,0.20375354846693647,0.13043478260869565,0.38596491228070173,0.0,0.0,77.74905199999999,0.2,0.0,0.25
"McEvoy, Aidan",1000079355,FLO_Y'A,Sinker,100,55,15,25,23,4,21,34,5,1,9,2725.98993,0.20655494511083444,0.2727272727272727,0.25,0.17391304347826086,0.19047619047619047,80.1761744117647,0.14705882352941177,0.029411764705882353,0.2647058823529412
"McEvoy, Aidan",1000079355,FLO_Y'A,Slider,78,37,17,25,37,9,24,20,1,0,2,1452.84594,0.14175999559427338,0.4594594594594595,0.32051282051282054,0.24324324324324326,0.375,72.642297,0.05,0.0,0.1
"McKenna, Carson",1000504767,NEW_ENG23,Changeup,1,0,0,0,1,0,0,0,0,0,0,0.0,,,0.0,0.0,,,,,
"McKenna, Carson",1000504767,NEW_ENG23,Curveball,9,3,1,2,2,0,2,1,0,0,1,65.44023,0.2767619793816428,0.3333333333333333,0.2222222222222222,0.0,0.0,65.44023,0.0,0.0,1.0
"McKenna, Carson",1000504767,NEW_ENG23,Cutter,1,0,0,0,0,0,1,0,0,0,0,0.0,,,0.0,,0.0,,,,
"McKenna, Carson",1000504767,NEW_ENG23,Four-Seam,25,9,0,3,8,0,5,8,0,0,2,633.2264,0.17773762306204738,0.0,0.12,0.0,0.0,79.1533,0.0,0.0,0.25
"McKenna, Carson",1000504767,NEW_ENG23,Sinker,23,4,1,6,2,1,6,3,1,0,2,270.30824,0.39942192061692855,0.25,0.2608695652173913,0.5,0.16666666666666666,90.10274666666668,0.3333333333333333,0.0,0.6666666666666666
"McKenna, Carson",1000504767,NEW_ENG23,Slider,10,3,1,2,0,0,2,2,1,0,1,175.79090000000002,0.39703260778428334,0.3333333333333333,0.2,,0.0,87.89545000000001,0.5,0.0,0.5
"McKillican, Adam",1000570064,QUE_CAP,Changeup,19,11,5,6,6,2,3,4,0,0,1,294.70813,0.16313993728701545,0.45454545454545453,0.3157894736842105,0.3333333333333333,0.6666666666666666,73.6770325,0.0,0.0,0.25
"McKillican, Adam",1000570064,QUE_CAP,Curveball,12,1,0,2,1,0,1,1,0,0,1,89.22079,0.5168595713198871,0.0,0.16666666666666666,0.0,0.0,89.22079,0.0,0.0,1.0
"McKillican, Adam",1000570064,QUE_CAP,Four-Seam,18,8,3,5,3,1,4,4,2,0,3,368.36547,0.45933557118550916,0.375,0.2777777777777778,0.3333333333333333,0.25,92.0913675,0.5,0.0,0.75
"McKillican, Adam",1000570064,QUE_CAP,Sinker,23,10,1,4,6,0,8,7,1,0,3,533.70231,0.27991832856133253,0.1,0.17391304347826086,0.0,0.0,76.24318714285714,0.14285714285714285,0.0,0.42857142857142855
"McKillican, Adam",1000570064,QUE_CAP,Slider,5,2,0,1,0,0,2,2,1,0,1,196.96335,0.41831382101914055,0.0,0.2,,0.0,98.481675,0.5,0.0,0.5
"McKillican, Adam",1000570064,QUE_CAP,Splitter,1,0,0,0,0,0,0,0,0,0,0,0.0,,,0.0,,,,,,
"McKillican, Adam",1000570064,QUE_CAP,,13,7,0,2,3,0,4,0,0,0,0,0.0,,0.0,0.15384615384615385,0.0,0.0,,,,
"Mercado, Nelson",683319,OTT_TIT,Changeup,36,15,3,7,11,3,12,9,3,1,2,738.66709,0.2347501903693089,0.2,0.19444444444444445,0.2727272727272727,0.25,82.07412111111111,0.3333333333333333,0.1111111111111111,0.2222222222222222
"Mercado, Nelson",683319,OTT_TIT,Curveball,3,0,0,1,0,0,0,0,0,0,0,0.0,,,0.3333333333333333,,,,,,
"Mercado, Nelson",683319,OTT_TIT,Four-Seam,81,39,7,12,12,1,17,27,3,0,7,2057.97896,0.16960616048640093,0.1794871794871795,0.14814814814814814,0.08333333333333333,0.058823529411764705,76.22144296296295,0.1111111111111111,0.0,0.25925925925925924
"Mercado, Nelson",683319,OTT_TIT,Sinker,27,11,2,8,4,1,4,9,1,0,5,729.08018,0.2816301805662719,0.18181818181818182,0.2962962962962963,0.25,0.25,81.0089088888889,0.1111111111111111,0.0,0.5555555555555556
"Mercado, Nelson",683319,OTT_TIT,Slider,15,6,1,3,2,1,4,5,1,0,1,380.54846,0.23277811461576275,0.16666666666666666,0.2,0.5,0.25,76.109692,0.2,0.0,0.2
"Mercado, Nelson",683319,OTT_TIT,Splitter,19,10,5,7,10,5,9,2,0,0,0,129.18757,0.0997627843369226,0.5,0.3684210526315789,0.5,0.5555555555555556,64.593785,0.0,0.0,0.0
"Mercado, Nelson",683319,OTT_TIT,,1,0,0,0,0,0,0,0,0,0,0,0.0,,,0.0,,,,,,
"Messina, Chris",10179238,FDU_KNI,Changeup,68,24,4,16,19,1,17,16,1,0,3,1205.06358,0.25206149502251435,0.16666666666666666,0.23529411764705882,0.05263157894736842,0.058823529411764705,75.31647375,0.0625,0.0,0.1875
"Messina, Chris",10179238,FDU_KNI,Curveball,7,2,1,1,1,0,0,1,0,0,1,56.55168,0.17923748227216796,0.5,0.14285714285714285,0.0,,56.55168,0.0,0.0,1.0
"Messina, Chris",10179238,FDU_KNI,Slider,1,0,0,0,0,0,0,0,0,0,0,0.0,,,0.0,,,,,,
"Milburn, Isaac",830926,FLO_Y'A,Changeup,13,7,1,4,0,0,4,6,0,0,0,469.50225,0.19128955034596543,0.14285714285714285,0.3076923076923077,,0.0,78.250375,0.0,0.0,0.0
"Milburn, Isaac",830926,FLO_Y'A,Curveball,134,34,10,44,46,7,25,15,1,0,5,1178.13386,0.2494152021373476,0.29411764705882354,0.3283582089552239,0.15217391304347827,0.28,78.54225733333332,0.06666666666666667,0.0,0.3333333333333333
"Milburn, Isaac",830926,FLO_Y'A,Cutter,5,2,0,0,1,0,1,2,0,0,0,164.23327,0.12801896998897372,0.0,0.0,0.0,0.0,82.116635,0.0,0.0,0.0
"Milburn, Isaac",830926,FLO_Y'A,Four-Seam,150,68,10,26,22,2,51,56,16,1,18,4753.17,0.30790785976059226,0.14705882352941177,0.17333333333333334,0.09090909090909091,0.0392156862745098,84.87803571428572,0.2857142857142857,0.017857142857142856,0.32142857142857145
"Milburn, Isaac",830926,FLO_Y'A,Sinker,94,45,7,16,15,1,30,32,8,1,9,2508.8023,0.24343987801407882,0.15555555555555556,0.1702127659574468,0.06666666666666667,0.03333333333333333,78.400071875,0.25,0.03125,0.28125
"Milburn, Isaac",830926,FLO_Y'A,Slider,149,51,17,54,49,9,33,26,3,2,11,1993.11447,0.22387461760929447,0.3333333333333333,0.3624161073825503,0.1836734693877551,0.2727272727272727,76.65824884615384,0.11538461538461539,0.07692307692307693,0.4230769230769231
"Milburn, Isaac",830926,FLO_Y'A,Sweeper,23,10,4,9,7,3,8,5,2,0,1,429.28116,0.28771368287410126,0.4,0.391304347826087,0.42857142857142855,0.375,85.856232,0.4,0.0,0.2
"Miner, Jace",701731,DOW_EAS1,Changeup,17,9,3,7,6,2,5,5,0,0,1,360.60402999999997,0.17335993490944662,0.3333333333333333,0.4117647058823529,0.3333333333333333,0.4,72.12080599999999,0.0,0.0,0.2
"Miner, Jace",701731,DOW_EAS1,Curveball,25,12,6,8,10,3,8,5,0,0,3,398.94916,0.25245624642224834,0.5,0.32,0.3,0.375,79.789832,0.0,0.0,0.6
"Miner, Jace",701731,DOW_EAS1,Four-Seam,3,1,1,1,2,1,1,0,0,0,0,0.0,,1.0,0.3333333333333333,0.5,1.0,,,,
"Miner, Jace",701731,DOW_EAS1,Sinker,34,11,2,11,5,0,9,8,2,1,3,660.20593,0.3103953051185833,0.18181818181818182,0.3235294117647059,0.0,0.0,82.52574125,0.25,0.125,0.375
"Miner, Jace",701731,DOW_EAS1,Slider,7,4,1,2,2,0,1,2,0,0,0,149.27945,0.12774123304610557,0.25,0.2857142857142857,0.0,0.0,74.639725,0.0,0.0,0.0
"Miranda, Agnel",695064,NEW_JER6,Changeup,2,0,0,0,0,0,0,0,0,0,0,0.0,,,0.0,,,,,,
"Miranda, Agnel",695064,NEW_JER6,Curveball,3,2,1,1,1,0,1,1,1,1,1,101.60833,0.4833126461199132,0.5,0.3333333333333333,0.0,0.0,101.60833,1.0,1.0,1.0
"Miranda, Agnel",695064,NEW_JER6,Four-Seam,50,23,3,10,8,1,16,17,6,2,9,1445.39219,0.2762615906604765,0.13043478260869565,0.2,0.125,0.0625,85.02307,0.35294117647058826,0.11764705882352941,0.5294117647058824
"Miranda, Agnel",695064,NEW_JER6,Sinker,5,1,0,1,2,0,2,1,0,0,0,11.75768,0.0,0.0,0.2,0.0,0.0,11.75768,0.0,0.0,0.0
"Miranda, Agnel",695064,NEW_JER6,Slider,38,16,2,11,11,1,8,11,4,0,4,882.91142,0.30950356835430953,0.125,0.2894736842105263,0.09090909090909091,0.125,80.26467454545455,0.36363636363636365,0.0,0.36363636363636365
"Miranda, Agnel",695064,NEW_JER6,Splitter,1,0,0,0,0,0,0,0,0,0,0,0.0,,,0.0,,,,,,
"Miranda, Kevin",806656,OTT_TIT,Changeup,82,51,22,27,29,5,22,19,4,0,4,1546.10892,0.2509551575806997,0.43137254901960786,0.32926829268292684,0.1724137931034483,0.22727272727272727,81.37415368421053,0.21052631578947367,0.0,0.21052631578947367
"Miranda, Kevin",806656,OTT_TIT,Four-Seam,129,68,16,42,44,13,41,47,9,3,16,3786.71775,0.2347315017452869,0.23529411764705882,0.32558139534883723,0.29545454545454547,0.3170731707317073,80.56846276595745,0.19148936170212766,0.06382978723404255,0.3404255319148936
"Miranda, Kevin",806656,OTT_TIT,Sinker,28,13,2,6,14,1,4,10,2,0,6,715.09332,0.21191038042778992,0.15384615384615385,0.21428571428571427,0.07142857142857142,0.25,71.509332,0.2,0.0,0.6
"Miranda, Kevin",806656,OTT_TIT,Slider,43,16,4,11,6,1,8,9,2,1,5,751.66329,0.34687404357063145,0.25,0.2558139534883721,0.16666666666666666,0.125,83.51814333333333,0.2222222222222222,0.1111111111111111,0.5555555555555556
"Miranda, Kevin",806656,OTT_TIT,,4,0,0,0,0,0,1,0,0,0,0,0.0,,,0.0,,0.0,,,,
"Misla, Luis",695417,TRI_VAL,Changeup,14,6,1,1,3,1,6,5,1,0,3,434.79606,0.3530943101890799,0.16666666666666666,0.07142857142857142,0.3333333333333333,0.16666666666666666,86.95921200000001,0.2,0.0,0.6
"Misla, Luis",695417,TRI_VAL,Curveball,82,25,7,31,25,4,16,16,5,2,7,1268.56033,0.2593219037601072,0.28,0.3780487804878049,0.16,0.25,79.285020625,0.3125,0.125,0.4375
"Misla, Luis",695417,TRI_VAL,Four-Seam,148,68,12,31,26,6,46,52,17,1,19,4320.95584,0.2948479220560173,0.17647058823529413,0.20945945945945946,0.23076923076923078,0.13043478260869565,83.0953046153846,0.3269230769230769,0.019230769230769232,0.36538461538461536
"Misla, Luis",695417,TRI_VAL,Sinker,21,10,4,9,3,0,5,5,1,0,4,444.42256,0.4468614836004464,0.4,0.42857142857142855,0.0,0.0,88.884512,0.2,0.0,0.8
"Misla, Luis",695417,TRI_VAL,Slider,24,5,2,7,5,1,2,2,1,1,2,127.83524,0.24135181288791596,0.4,0.2916666666666667,0.2,0.5,63.91762,0.5,0.5,1.0
"Misla, Luis",695417,TRI_VAL,,2,2,0,0,0,0,1,0,0,0,0,0.0,,0.0,0.0,,0.0,,,,
"Montelbano, Cooper",1000197357,FDU_KNI,Changeup,40,12,0,9,5,0,10,10,1,0,3,834.71646,0.29794478794128954,0.0,0.225,0.0,0.0,83.47164599999999,0.1,0.0,0.3
"Montelbano, Cooper",1000197357,FDU_KNI,Curveball,29,9,2,8,7,1,8,6,3,1,3,562.24235,0.45816594313957304,0.2222222222222222,0.27586206896551724,0.14285714285714285,0.125,93.70705833333334,0.5,0.16666666666666666,0.5
"Montelbano, Cooper",1000197357,FDU_KNI,Four-Seam,1,0,0,0,0,0,0,0,0,0,0,0.0,,,0.0,,,,,,
"Montelbano, Cooper",1000197357,FDU_KNI,Sinker,12,5,0,4,6,0,4,5,1,0,2,403.48698,0.35317022837572365,0.0,0.3333333333333333,0.0,0.0,80.697396,0.2,0.0,0.4
"Montelbano, Cooper",1000197357,FDU_KNI,,1,1,0,0,0,0,0,0,0,0,0,0.0,,0.0,0.0,,,,,,
"Moore, Kyle",1000517760,SCH_BOO,Changeup,73,34,8,19,23,4,21,22,3,0,11,1760.92017,0.26836009738825223,0.23529411764705882,0.2602739726027397,0.17391304347826086,0.19047619047619047,80.04182590909092,0.13636363636363635,0.0,0.5
"Moore, Kyle",1000517760,SCH_BOO,Curveball,85,34,8,32,41,9,20,19,3,1,8,1527.77047,0.2653616448691262,0.23529411764705882,0.3764705882352941,0.21951219512195122,0.45,80.40897210526316,0.15789473684210525,0.05263157894736842,0.42105263157894735
"Moore, Kyle",1000517760,SCH_BOO,Cutter,97,54,13,31,17,5,28,34,4,1,7,2686.63135,0.22495666054077762,0.24074074074074073,0.31958762886597936,0.29411764705882354,0.17857142857142858,79.01856911764706,0.11764705882352941,0.029411764705882353,0.20588235294117646
"Moore, Kyle",1000517760,SCH_BOO,Four-Seam,123,58,8,37,29,8,36,48,4,0,19,3697.59608,0.22094020793564698,0.13793103448275862,0.3008130081300813,0.27586206896551724,0.2222222222222222,77.03325166666666,0.08333333333333333,0.0,0.3958333333333333
"Moore, Kyle",1000517760,SCH_BOO,Sinker,77,33,3,22,18,2,22,26,5,2,11,2087.05459,0.2980587433800817,0.09090909090909091,0.2857142857142857,0.1111111111111111,0.09090909090909091,80.2713303846154,0.19230769230769232,0.07692307692307693,0.4230769230769231
"Moore, Kyle",1000517760,SCH_BOO,Slider,18,9,2,5,4,1,3,6,0,0,1,454.85810000000004,0.17980276439836498,0.2222222222222222,0.2777777777777778,0.25,0.3333333333333333,75.80968333333334,0.0,0.0,0.16666666666666666
"Moore, Kyle",1000517760,SCH_BOO,Splitter,1,1,0,0,1,0,1,1,0,0,0,80.90327,0.17891208996006935,0.0,0.0,0.0,0.0,80.90327,0.0,0.0,0.0
"Moore, Kyle",1000517760,SCH_BOO,Sweeper,6,1,0,3,3,0,0,2,1,0,0,169.05871000000002,0.14433001912395232,0.0,0.5,0.0,,84.52935500000001,0.5,0.0,0.0
"Morel, Yohanse",678353,OTT_TIT,Changeup,57,21,13,19,24,7,11,7,1,0,1,549.91435,0.21942005409728024,0.6190476190476191,0.3333333333333333,0.2916666666666667,0.6363636363636364,78.55919285714286,0.14285714285714285,0.0,0.14285714285714285
"Morel, Yohanse",678353,OTT_TIT,Cutter,2,2,1,1,1,0,1,1,0,0,0,72.0208,0.13578550797902955,0.5,0.5,0.0,0.0,72.0208,0.0,0.0,0.0
"Morel, Yohanse",678353,OTT_TIT,Four-Seam,29,14,1,6,7,0,5,13,0,0,4,883.42765,0.12323813863787943,0.07142857142857142,0.20689655172413793,0.0,0.0,67.95597307692307,0.0,0.0,0.3076923076923077
"Morel, Yohanse",678353,OTT_TIT,Sinker,141,63,11,33,32,2,38,44,14,1,15,3786.40375,0.32799125950447244,0.1746031746031746,0.23404255319148937,0.0625,0.05263157894736842,86.05463068181818,0.3181818181818182,0.022727272727272728,0.3409090909090909
"Morel, Yohanse",678353,OTT_TIT,Slider,18,8,3,4,6,1,3,2,2,1,1,198.11767,0.48368430810617613,0.375,0.2222222222222222,0.16666666666666666,0.3333333333333333,99.058835,1.0,0.5,0.5
"Morel, Yohanse",678353,OTT_TIT,,2,0,0,1,0,0,1,0,0,0,0,0.0,,,0.5,,0.0,,,,
"Moreno, Jose",1000306184,DOW_EAS1,Changeup,52,22,9,15,13,4,10,12,0,0,3,910.0260499999999,0.1737566795073392,0.4090909090909091,0.28846153846153844,0.3076923076923077,0.4,75.83550416666667,0.0,0.0,0.25
"Moreno, Jose",1000306184,DOW_EAS1,Curveball,28,8,4,6,7,2,3,2,0,0,2,156.89182,0.2507957195715356,0.5,0.21428571428571427,0.2857142857142857,0.6666666666666666,78.44591,0.0,0.0,1.0
"Moreno, Jose",1000306184,DOW_EAS1,Cutter,5,2,1,2,2,1,3,1,0,0,0,71.48131,0.12813201392580198,0.5,0.4,0.5,0.3333333333333333,71.48131,0.0,0.0,0.0
"Moreno, Jose",1000306184,DOW_EAS1,Four-Seam,12,4,1,2,1,0,3,5,0,0,0,422.14844,0.23263280296034972,0.25,0.16666666666666666,0.0,0.0,84.429688,0.0,0.0,0.0
"Moreno, Jose",1000306184,DOW_EAS1,Sinker,16,2,0,3,2,0,2,3,2,0,1,257.66623,0.34783946922740006,0.0,0.1875,0.0,0.0,85.88874333333332,0.6666666666666666,0.0,0.3333333333333333
"Moreno, Jose",1000306184,DOW_EAS1,Slider,27,16,4,6,9,0,7,10,5,1,3,859.05904,0.2580880845179476,0.25,0.2222222222222222,0.0,0.0,85.90590399999999,0.5,0.1,0.3
"Moreno, Jose",1000306184,DOW_EAS1,,1,1,0,0,0,0,1,0,0,0,0,0.0,,0.0,0.0,,0.0,,,,
"Morgan, Cooper",692707,QUE_CAP,Changeup,38,19,5,9,9,2,10,11,1,0,4,833.90317,0.2296431745256592,0.2631578947368421,0.23684210526315788,0.2222222222222222,0.2,75.80937909090909,0.09090909090909091,0.0,0.36363636363636365
"Morgan, Cooper",692707,QUE_CAP,Curveball,24,13,5,7,10,3,6,7,1,1,3,473.54805,0.15232864966695533,0.38461538461538464,0.2916666666666667,0.3,0.5,67.64972142857143,0.14285714285714285,0.14285714285714285,0.42857142857142855
"Morgan, Cooper",692707,QUE_CAP,Cutter,52,30,8,21,12,4,15,20,5,3,11,1570.47386,0.2581035468869505,0.26666666666666666,0.40384615384615385,0.3333333333333333,0.26666666666666666,78.52369300000001,0.25,0.15,0.55
"Morgan, Cooper",692707,QUE_CAP,Four-Seam,29,15,5,10,4,1,8,9,0,0,2,676.6650099999999,0.16132829508352464,0.3333333333333333,0.3448275862068966,0.25,0.125,75.1850011111111,0.0,0.0,0.2222222222222222
"Morgan, Cooper",692707,QUE_CAP,Sinker,55,20,7,18,18,6,14,12,3,0,4,923.14487,0.21834981675780163,0.35,0.32727272727272727,0.3333333333333333,0.42857142857142855,76.92873916666666,0.25,0.0,0.3333333333333333
"Morgan, Cooper",692707,QUE_CAP,Slider,48,25,6,12,17,3,12,16,3,2,3,1198.82345,0.18971913124030124,0.24,0.25,0.17647058823529413,0.25,74.926465625,0.1875,0.125,0.1875
"Morgan, Cooper",692707,QUE_CAP,,5,3,1,2,2,2,4,0,0,0,0,0.0,,0.3333333333333333,0.4,1.0,0.5,,,,
"Morgan, Davie",1000109939,GAT_GRI,Changeup,20,7,0,5,3,0,5,6,0,0,3,501.77284,0.28602222816031003,0.0,0.25,0.0,0.0,83.62880666666666,0.0,0.0,0.5
"Morgan, Davie",1000109939,GAT_GRI,Curveball,1,0,0,0,0,0,0,0,0,0,0,0.0,,,0.0,,,,,,
"Morgan, Davie",1000109939,GAT_GRI,Four-Seam,1,0,0,0,0,0,0,0,0,0,0,0.0,,,0.0,,,,,,
"Morgan, Davie",1000109939,GAT_GRI,,1,1,0,0,0,0,1,0,0,0,0,0.0,,0.0,0.0,,0.0,,,,
"Morgan, Marcus",808861,JOL_SLA,Changeup,7,4,2,2,4,1,2,2,0,0,1,167.41991,0.1871063573564239,0.5,0.2857142857142857,0.25,0.5,83.709955,0.0,0.0,0.5
"Morgan, Marcus",808861,JOL_SLA,Curveball,1,0,0,0,0,0,0,0,0,0,0,0.0,,,0.0,,,,,,
"Morgan, Marcus",808861,JOL_SLA,Cutter,56,20,5,14,5,1,9,13,1,0,4,1008.17529,0.1955474376393444,0.25,0.25,0.2,0.1111111111111111,77.55194538461538,0.07692307692307693,0.0,0.3076923076923077
"Morgan, Marcus",808861,JOL_SLA,Four-Seam,44,16,6,12,17,5,12,9,1,0,2,709.66948,0.16763495166918677,0.375,0.2727272727272727,0.29411764705882354,0.4166666666666667,78.85216444444444,0.1111111111111111,0.0,0.2222222222222222
"Morgan, Marcus",808861,JOL_SLA,Sinker,83,30,10,23,21,7,19,18,2,0,6,1369.33418,0.2187536391580797,0.3333333333333333,0.27710843373493976,0.3333333333333333,0.3684210526315789,76.07412111111111,0.1111111111111111,0.0,0.3333333333333333
"Morgan, Marcus",808861,JOL_SLA,Slider,53,21,8,13,22,5,12,10,2,0,5,755.51599,0.23596271874281224,0.38095238095238093,0.24528301886792453,0.22727272727272727,0.4166666666666667,75.551599,0.2,0.0,0.5
"Morgan, Marcus",808861,JOL_SLA,,2,0,0,2,0,0,0,0,0,0,0,0.0,,,1.0,,,,,,
"Morin, Felix",806820,QUE_CAP,Changeup,4,2,1,1,0,0,0,0,0,0,0,0.0,,0.5,0.25,,,,,,
"Morin, Felix",806820,QUE_CAP,Curveball,1,1,0,0,1,0,1,1,0,0,0,91.54554,0.2923269853383367,0.0,0.0,0.0,0.0,91.54554,0.0,0.0,0.0
"Morin, Felix",806820,QUE_CAP,Four-Seam,1,0,0,0,1,0,0,0,0,0,0,0.0,,,0.0,0.0,,,,,
"Morin, Felix",806820,QUE_CAP,Sinker,3,2,0,1,0,0,2,2,0,0,2,155.3897,0.33503945417494274,0.0,0.3333333333333333,,0.0,77.69485,0.0,0.0,1.0
"Morin, Felix",806820,QUE_CAP,Slider,7,3,2,3,1,1,2,1,0,0,0,73.27537,0.18996667265689438,0.6666666666666666,0.42857142857142855,1.0,0.5,73.27537,0.0,0.0,0.0
"Morin, Felix",,QUE_CAP,Changeup,8,5,3,5,3,3,5,2,0,0,1,154.44517000000002,0.28316513989043535,0.6,0.625,1.0,0.6,77.22258500000001,0.0,0.0,0.5
"Morin, Felix",,QUE_CAP,Curveball,1,1,1,1,0,0,0,0,0,0,0,0.0,,1.0,1.0,,,,,,
"Morin, Felix",,QUE_CAP,Sinker,10,4,1,3,0,0,1,2,0,0,1,93.6062,0.13684376982344298,0.25,0.3,,0.0,46.8031,0.0,0.0,0.5
"Morin, Felix",,QUE_CAP,Slider,6,1,0,1,0,0,1,1,1,0,1,100.64959,0.4893193117546373,0.0,0.16666666666666666,,0.0,100.64959,1.0,0.0,1.0
"Morin, Jacob",822351,QUE_CAP,Changeup,34,17,4,9,6,0,10,13,1,1,2,920.74652,0.16464367549649458,0.23529411764705882,0.2647058823529412,0.0,0.0,70.82665538461539,0.07692307692307693,0.07692307692307693,0.15384615384615385
"Morin, Jacob",822351,QUE_CAP,Curveball,4,2,1,2,0,0,0,1,0,0,0,83.40995,0.014062086394068862,0.5,0.5,,,83.40995,0.0,0.0,0.0
"Morin, Jacob",822351,QUE_CAP,Cutter,1,0,0,1,0,0,0,0,0,0,0,0.0,,,1.0,,,,,,
"Morin, Jacob",822351,QUE_CAP,Four-Seam,8,4,2,3,2,0,1,1,1,1,1,100.33062,0.47248395611610816,0.5,0.375,0.0,0.0,100.33062,1.0,1.0,1.0
"Morin, Jacob",822351,QUE_CAP,Slider,85,36,11,26,23,7,23,20,2,0,6,1467.59374,0.20642098401547132,0.3055555555555556,0.3058823529411765,0.30434782608695654,0.30434782608695654,73.379687,0.1,0.0,0.3
"Morin, Jacob",822351,WIN_CIT29,Changeup,3,1,1,1,0,0,0,0,0,0,0,0.0,,1.0,0.3333333333333333,,,,,,
"Morin, Jacob",822351,WIN_CIT29,Sinker,3,1,0,1,0,0,1,1,1,0,0,99.4737,0.35168524259668954,0.0,0.3333333333333333,,0.0,99.4737,1.0,0.0,0.0
"Morin, Jacob",822351,WIN_CIT29,Slider,13,5,2,5,5,2,4,3,0,0,0,241.41101,0.14021196421222895,0.4,0.38461538461538464,0.4,0.5,80.47033666666667,0.0,0.0,0.0
"Morrissey, Joe",1000570088,EVA_OTT,Changeup,2,0,0,0,1,0,0,0,0,0,0,0.0,,,0.0,0.0,,,,,
"Morrissey, Joe",1000570088,EVA_OTT,Curveball,2,0,0,1,1,0,0,0,0,0,0,0.0,,,0.5,0.0,,,,,
"Morrissey, Joe",1000570088,EVA_OTT,Cutter,6,3,0,1,0,0,2,3,0,0,0,242.0401,0.06876316014290712,0.0,0.16666666666666666,,0.0,80.68003333333333,0.0,0.0,0.0
"Morrissey, Joe",1000570088,EVA_OTT,Four-Seam,49,19,5,13,8,2,15,13,2,0,3,1080.35151,0.22646838132620628,0.2631578947368421,0.2653061224489796,0.25,0.13333333333333333,83.1039623076923,0.15384615384615385,0.0,0.23076923076923078
"Morrissey, Joe",1000570088,EVA_OTT,Sinker,6,2,0,2,0,0,1,2,0,0,0,153.78179,0.10078461580885337,0.0,0.3333333333333333,,0.0,76.890895,0.0,0.0,0.0
"Morrissey, Joe",1000570088,EVA_OTT,Slider,3,2,0,1,2,0,1,1,0,0,0,63.83372,0.0,0.0,0.3333333333333333,0.0,0.0,63.83372,0.0,0.0,0.0
"Morrissey, Joe",1000570088,EVA_OTT,Splitter,1,1,0,0,0,0,1,1,0,0,0,81.55864,0.19705404555359618,0.0,0.0,,0.0,81.55864,0.0,0.0,0.0
"Morrissey, Joe",1000570088,EVA_OTT,Sweeper,1,0,0,0,0,0,0,0,0,0,0,0.0,,,0.0,,,,,,
"Nabholz, Nate",1000113106,TRI_VAL,Changeup,18,9,4,6,6,2,5,4,1,0,1,278.29122,0.17332191333289515,0.4444444444444444,0.3333333333333333,0.3333333333333333,0.4,69.572805,0.25,0.0,0.25
"Nabholz, Nate",1000113106,TRI_VAL,Cutter,3,1,0,2,1,1,1,0,0,0,0,0.0,,0.0,0.6666666666666666,1.0,1.0,,,,
"Nabholz, Nate",1000113106,TRI_VAL,Four-Seam,99,49,17,39,33,10,29,26,12,3,11,2314.38969,0.3578357851236272,0.3469387755102041,0.3939393939393939,0.30303030303030304,0.3448275862068966,89.01498807692307,0.46153846153846156,0.11538461538461539,0.4230769230769231
"Nabholz, Nate",1000113106,TRI_VAL,Sinker,14,6,2,4,0,0,4,4,0,0,3,355.23490000000004,0.42265552885992386,0.3333333333333333,0.2857142857142857,,0.0,88.80872500000001,0.0,0.0,0.75
"Nabholz, Nate",1000113106,TRI_VAL,Slider,98,46,16,39,31,7,26,31,5,1,12,2366.49034,0.21862526483693062,0.34782608695652173,0.3979591836734694,0.22580645161290322,0.2692307692307692,76.33839806451613,0.16129032258064516,0.03225806451612903,0.3870967741935484
"Nabholz, Nate",1000113106,TRI_VAL,Splitter,1,1,1,1,0,0,0,0,0,0,0,0.0,,1.0,1.0,,,,,,
"Nabholz, Nate",1000113106,TRI_VAL,,9,6,2,2,1,0,3,0,0,0,0,0.0,,0.3333333333333333,0.2222222222222222,0.0,0.0,,,,
"Nakata, Yuto",1000432352,QUE_CAP,Changeup,25,12,5,8,7,3,7,6,1,1,0,484.74218,0.22511450724790524,0.4166666666666667,0.32,0.42857142857142855,0.42857142857142855,80.79036333333333,0.16666666666666666,0.16666666666666666,0.0
"Nakata, Yuto",1000432352,QUE_CAP,Curveball,42,5,3,18,3,1,2,1,0,0,0,78.58569,0.19817032788258493,0.6,0.42857142857142855,0.3333333333333333,0.5,78.58569,0.0,0.0,0.0
"Nakata, Yuto",1000432352,QUE_CAP,Four-Seam,124,60,14,33,28,7,34,41,13,5,18,3543.86396,0.32029952464475725,0.23333333333333334,0.2661290322580645,0.25,0.20588235294117646,86.43570634146342,0.3170731707317073,0.12195121951219512,0.43902439024390244
"Nakata, Yuto",1000432352,QUE_CAP,Sinker,8,5,0,0,4,0,2,4,2,0,1,340.88671,0.3275234309484789,0.0,0.0,0.0,0.0,85.2216775,0.5,0.0,0.25
"Nakata, Yuto",1000432352,QUE_CAP,Slider,57,26,11,19,14,5,14,14,0,0,2,1076.19115,0.1460584100284625,0.4230769230769231,0.3333333333333333,0.35714285714285715,0.35714285714285715,76.87079642857144,0.0,0.0,0.14285714285714285
"Nakata, Yuto",1000432352,QUE_CAP,Splitter,66,38,20,26,31,9,20,13,1,0,5,1069.05803,0.25751867664484973,0.5263157894736842,0.3939393939393939,0.2903225806451613,0.45,82.23523307692307,0.07692307692307693,0.0,0.38461538461538464
"Nakata, Yuto",1000432352,QUE_CAP,,1,0,0,0,0,0,0,0,0,0,0,0.0,,,0.0,,,,,,
"Nettleton, Blake",10067637,WIN_CIT29,Changeup,27,14,1,7,5,0,7,9,1,0,2,717.84623,0.19611771563521627,0.07142857142857142,0.25925925925925924,0.0,0.0,79.76069222222222,0.1111111111111111,0.0,0.2222222222222222
"Nettleton, Blake",10067637,WIN_CIT29,Curveball,22,7,3,6,11,2,4,2,1,0,0,160.07081,0.18375028544716904,0.42857142857142855,0.2727272727272727,0.18181818181818182,0.5,80.035405,0.5,0.0,0.0
"Nettleton, Blake",10067637,WIN_CIT29,Cutter,2,0,0,1,0,0,0,0,0,0,0,0.0,,,0.5,,,,,,
"Nettleton, Blake",10067637,WIN_CIT29,Four-Seam,86,38,2,15,16,1,31,31,11,0,5,2635.88571,0.27010198069835073,0.05263157894736842,0.1744186046511628,0.0625,0.03225806451612903,85.02857129032257,0.3548387096774194,0.0,0.16129032258064516
"Nettleton, Blake",10067637,WIN_CIT29,Other,1,0,0,0,1,0,0,0,0,0,0,0.0,,,0.0,0.0,,,,,
"Nettleton, Blake",10067637,WIN_CIT29,Sinker,5,0,0,0,2,0,0,0,0,0,0,0.0,,,0.0,0.0,,,,,
"Nettleton, Blake",10067637,WIN_CIT29,Slider,7,3,2,4,2,1,1,0,0,0,0,0.0,,0.6666666666666666,0.5714285714285714,0.5,1.0,,,,
"Nettleton, Blake",10067637,WIN_CIT29,Sweeper,1,0,0,0,0,0,0,0,0,0,0,0.0,,,0.0,,,,,,
"Noble, Nick",1000397875,FDU_KNI,Changeup,71,28,2,17,20,0,20,23,6,2,9,1860.46819,0.30231735131234266,0.07142857142857142,0.23943661971830985,0.0,0.0,80.88992130434782,0.2608695652173913,0.08695652173913043,0.391304347826087
"Noble, Nick",1000397875,FDU_KNI,Curveball,47,16,6,16,11,4,10,9,1,0,1,669.8105800000001,0.15593529640882853,0.375,0.3404255319148936,0.36363636363636365,0.4,74.42339777777778,0.1111111111111111,0.0,0.1111111111111111
"Noble, Nick",1000397875,FDU_KNI,,3,1,1,2,0,0,0,0,0,0,0,0.0,,1.0,0.6666666666666666,,,,,,
"Noriega, Branden",804447,LAK_ERI24,Changeup,4,1,0,0,1,0,1,1,1,0,0,104.71538,0.40158235181300417,0.0,0.0,0.0,0.0,104.71538,1.0,0.0,0.0
"Noriega, Branden",804447,LAK_ERI24,Curveball,90,34,21,39,29,13,23,10,0,0,4,788.15459,0.24426410549234717,0.6176470588235294,0.43333333333333335,0.4482758620689655,0.5652173913043478,78.815459,0.0,0.0,0.4
"Noriega, Branden",804447,LAK_ERI24,Four-Seam,79,35,8,20,14,2,17,24,4,0,8,2000.31629,0.27195462508156587,0.22857142857142856,0.25316455696202533,0.14285714285714285,0.11764705882352941,83.34651208333334,0.16666666666666666,0.0,0.3333333333333333
"Noriega, Branden",804447,LAK_ERI24,Sinker,84,35,7,22,11,2,25,24,3,1,8,1972.28305,0.2801976520353732,0.2,0.2619047619047619,0.18181818181818182,0.08,82.17846041666667,0.125,0.041666666666666664,0.3333333333333333
"Noriega, Branden",804447,LAK_ERI24,Slider,2,1,0,0,1,0,1,1,0,0,1,86.51121,0.47650824891990873,0.0,0.0,0.0,0.0,86.51121,0.0,0.0,1.0
"Noriega, Branden",804447,LAK_ERI24,,2,0,0,0,0,0,0,0,0,0,0,0.0,,,0.0,,,,,,
"Nova, Fraynel",805843,LAK_ERI24,Changeup,21,10,1,2,4,0,9,7,2,0,1,588.88185,0.29911030991068605,0.1,0.09523809523809523,0.0,0.0,84.12597857142858,0.2857142857142857,0.0,0.14285714285714285
"Nova, Fraynel",805843,LAK_ERI24,Curveball,28,14,7,8,11,2,8,6,2,0,3,484.53736,0.33685115660427783,0.5,0.2857142857142857,0.18181818181818182,0.25,80.75622666666666,0.3333333333333333,0.0,0.5
"Nova, Fraynel",805843,LAK_ERI24,Cutter,1,0,0,1,0,0,0,0,0,0,0,0.0,,,1.0,,,,,,
"Nova, Fraynel",805843,LAK_ERI24,Four-Seam,237,106,9,52,41,5,78,88,24,5,27,7401.49021,0.27259951283416695,0.08490566037735849,0.21940928270042195,0.12195121951219512,0.0641025641025641,84.10784329545454,0.2727272727272727,0.056818181818181816,0.3068181818181818
"Nova, Fraynel",805843,LAK_ERI24,Sinker,75,36,6,21,7,1,27,27,10,0,10,2338.77744,0.3311722023507868,0.16666666666666666,0.28,0.14285714285714285,0.037037037037037035,86.62138666666667,0.37037037037037035,0.0,0.37037037037037035
"Nova, Fraynel",805843,LAK_ERI24,Slider,198,80,29,65,71,15,40,35,3,1,7,2779.94311,0.21425256768493836,0.3625,0.3282828282828283,0.2112676056338028,0.375,79.426946,0.08571428571428572,0.02857142857142857,0.2
"O'Hanlon, Michael",1000061333,WAS_WIL3,Changeup,4,3,3,4,2,2,2,0,0,0,0,0.0,,1.0,1.0,1.0,1.0,,,,
"O'Hanlon, Michael",1000061333,WAS_WIL3,Cutter,4,2,1,2,0,0,0,1,0,0,0,69.53871,0.0,0.5,0.5,,,69.53871,0.0,0.0,0.0
"O'Hanlon, Michael",1000061333,WAS_WIL3,Four-Seam,7,3,0,2,1,0,1,2,0,0,0,159.77434,0.17798429236678273,0.0,0.2857142857142857,0.0,0.0,79.88717,0.0,0.0,0.0
"O'Hanlon, Michael",1000061333,WAS_WIL3,Slider,7,2,1,4,5,3,3,1,0,0,0,63.70653,0.0,0.5,0.5714285714285714,0.6,1.0,63.70653,0.0,0.0,0.0
"O'Hanlon, Michael",1000061333,WAS_WIL3,,3,2,0,1,0,0,1,0,0,0,0,0.0,,0.0,0.3333333333333333,,0.0,,,,
"O'Hanlon, Michael",1000561762,OTT_TIT,Changeup,8,6,4,5,4,3,5,1,0,0,1,58.24187,0.08129855300419825,0.6666666666666666,0.625,0.75,0.6,58.24187,0.0,0.0,1.0
"O'Hanlon, Michael",1000561762,OTT_TIT,Cutter,1,0,0,1,0,0,0,0,0,0,0,0.0,,,1.0,,,,,,
"O'Hanlon, Michael",1000561762,OTT_TIT,Four-Seam,16,4,2,6,0,0,2,1,0,0,0,68.65251,0.029451013244132296,0.5,0.375,,0.0,68.65251,0.0,0.0,0.0
"O'Hanlon, Michael",1000561762,OTT_TIT,Sinker,4,2,0,0,0,0,2,2,2,1,1,206.39006,0.5140130250705657,0.0,0.0,,0.0,103.19503,1.0,0.5,0.5
"O'Hanlon, Michael",1000561762,OTT_TIT,Slider,12,4,2,4,4,2,3,2,0,0,0,129.58696,0.0,0.5,0.3333333333333333,0.5,0.6666666666666666,64.79348,0.0,0.0,0.0
"O'Hanlon, Michael",,WAS_WIL3,Changeup,2,0,0,0,1,0,0,0,0,0,0,0.0,,,0.0,0.0,,,,,
"O'Hanlon, Michael",,WAS_WIL3,Cutter,1,1,0,0,1,0,1,1,0,0,0,44.04761,0.0,0.0,0.0,0.0,0.0,44.04761,0.0,0.0,0.0
"O'Hanlon, Michael",,WAS_WIL3,Four-Seam,9,5,0,3,2,0,3,4,1,1,3,359.23915,0.37070217921047627,0.0,0.3333333333333333,0.0,0.0,89.8097875,0.25,0.25,0.75
"O'Hanlon, Michael",,WAS_WIL3,Slider,6,4,2,4,0,0,2,2,0,0,0,135.86437,0.07941748477074295,0.5,0.6666666666666666,,0.0,67.932185,0.0,0.0,0.0
"Odonnell, Brendan",1000423478,NEW_ENG23,Four-Seam,48,20,6,12,15,4,13,10,0,0,3,788.61179,0.2535384737381597,0.3,0.25,0.26666666666666666,0.3076923076923077,78.861179,0.0,0.0,0.3
"Odonnell, Brendan",1000423478,NEW_ENG23,Sinker,40,13,4,14,2,0,6,6,0,0,1,429.35499000000004,0.15264116422302612,0.3076923076923077,0.35,0.0,0.0,71.55916500000001,0.0,0.0,0.16666666666666666
"Odonnell, Brendan",1000423478,NEW_ENG23,Slider,98,54,32,45,33,12,27,19,3,0,4,1478.88139,0.20887017394210294,0.5925925925925926,0.45918367346938777,0.36363636363636365,0.4444444444444444,77.83586263157895,0.15789473684210525,0.0,0.21052631578947367
"Odonnell, Brendan",1000423478,NEW_ENG23,,6,0,0,2,0,0,1,0,0,0,0,0.0,,,0.3333333333333333,,0.0,,,,
"Oe, Ryoya",1000551188,OTT_TIT,Changeup,48,23,4,8,16,1,11,16,2,0,6,1272.48254,0.25583859809517945,0.17391304347826086,0.16666666666666666,0.0625,0.09090909090909091,79.53015875,0.125,0.0,0.375
"Oe, Ryoya",1000551188,OTT_TIT,Curveball,57,17,5,18,12,2,10,10,3,0,2,776.92561,0.2095509499031909,0.29411764705882354,0.3157894736842105,0.16666666666666666,0.2,77.692561,0.3,0.0,0.2
"Oe, Ryoya",1000551188,OTT_TIT,Cutter,4,1,1,3,0,0,1,0,0,0,0,0.0,,1.0,0.75,,0.0,,,,
"Oe, Ryoya",1000551188,OTT_TIT,Four-Seam,58,34,6,15,16,0,18,25,6,0,9,2069.36218,0.2823901787565708,0.17647058823529413,0.25862068965517243,0.0,0.0,82.77448720000001,0.24,0.0,0.36
"Oe, Ryoya",1000551188,OTT_TIT,Sinker,1,1,0,0,0,0,0,1,0,0,1,72.09719,0.35207535853480143,0.0,0.0,,,72.09719,0.0,0.0,1.0
"Oe, Ryoya",1000551188,OTT_TIT,Slider,20,7,5,8,7,3,9,1,0,0,0,40.15651,0.0,0.7142857142857143,0.4,0.42857142857142855,0.3333333333333333,40.15651,0.0,0.0,0.0
"Oe, Ryoya",1000551188,OTT_TIT,,1,0,0,0,1,0,1,0,0,0,0,0.0,,,0.0,0.0,0.0,,,,
"Ohanlan, Michael",1000561762,OTT_TIT,Changeup,15,7,4,5,3,1,3,2,0,0,1,140.9626,0.21275491523047457,0.5714285714285714,0.3333333333333333,0.3333333333333333,0.3333333333333333,70.4813,0.0,0.0,0.5
"Ohanlan, Michael",1000561762,OTT_TIT,Cutter,1,1,0,0,0,0,1,1,0,0,0,87.29501,0.3033173066100191,0.0,0.0,,0.0,87.29501,0.0,0.0,0.0
"Ohanlan, Michael",1000561762,OTT_TIT,Four-Seam,48,24,4,10,4,0,16,19,6,3,7,1642.15883,0.3202422208493001,0.16666666666666666,0.20833333333333334,0.0,0.0,86.42941210526317,0.3157894736842105,0.15789473684210525,0.3684210526315789
"Ohanlan, Michael",1000561762,OTT_TIT,Sinker,4,2,1,2,0,0,0,1,0,0,0,78.96494,0.17104438613542627,0.5,0.5,,,78.96494,0.0,0.0,0.0
"Ohanlan, Michael",1000561762,OTT_TIT,Slider,19,13,8,9,7,4,7,5,0,0,1,373.3475,0.21999827310788728,0.6153846153846154,0.47368421052631576,0.5714285714285714,0.5714285714285714,74.6695,0.0,0.0,0.2
"Ormaza, Arturo",839380,TOL_ROC,Changeup,4,2,0,0,1,0,1,2,1,0,1,175.82482,0.324101347843887,0.0,0.0,0.0,0.0,87.91241,0.5,0.0,0.5
"Ormaza, Arturo",839380,TOL_ROC,Four-Seam,20,11,3,6,5,3,6,8,1,0,2,598.6395,0.14790895972527912,0.2727272727272727,0.3,0.6,0.5,74.8299375,0.125,0.0,0.25
"Ormaza, Arturo",839380,TOL_ROC,Slider,13,5,1,4,5,0,2,3,0,0,1,239.20038,0.19814788148966156,0.2,0.3076923076923077,0.0,0.0,79.73346,0.0,0.0,0.3333333333333333
"Orth, Harry",1000145875,SCH_BOO,Changeup,12,4,0,2,2,0,2,3,1,0,2,256.68914,0.3436381139357545,0.0,0.16666666666666666,0.0,0.0,85.56304666666666,0.3333333333333333,0.0,0.6666666666666666
"Orth, Harry",1000145875,SCH_BOO,Four-Seam,8,1,0,2,0,0,2,1,0,0,0,85.25108,0.18307746955376147,0.0,0.25,,0.0,85.25108,0.0,0.0,0.0
"Orth, Harry",1000145875,SCH_BOO,Sinker,57,30,6,10,13,4,16,22,5,1,8,1769.65163,0.25215251628553176,0.2,0.17543859649122806,0.3076923076923077,0.25,80.43871045454546,0.22727272727272727,0.045454545454545456,0.36363636363636365
"Orth, Harry",1000145875,SCH_BOO,Slider,11,2,0,3,0,0,2,2,1,0,0,189.29549,0.3342148222868727,0.0,0.2727272727272727,,0.0,94.647745,0.5,0.0,0.0
"Orth, Harry",1000145875,SCH_BOO,Splitter,46,18,4,11,10,2,13,11,2,0,3,820.97999,0.22778805651914674,0.2222222222222222,0.2391304347826087,0.2,0.15384615384615385,74.63454454545455,0.18181818181818182,0.0,0.2727272727272727
"Ortiz, Julio",683650,GAT_GRI,Changeup,9,5,3,3,5,2,3,1,1,0,0,97.03446,0.34432679484785955,0.6,0.3333333333333333,0.4,0.6666666666666666,97.03446,1.0,0.0,0.0
"Ortiz, Julio",683650,GAT_GRI,Cutter,11,3,1,1,4,0,0,1,0,0,0,38.78511,0.0,0.3333333333333333,0.09090909090909091,0.0,,38.78511,0.0,0.0,0.0
"Ortiz, Julio",683650,GAT_GRI,Four-Seam,219,93,27,60,52,8,49,49,3,1,17,3837.15194,0.22076424154132798,0.2903225806451613,0.273972602739726,0.15384615384615385,0.16326530612244897,78.30922326530613,0.061224489795918366,0.02040816326530612,0.3469387755102041
"Ortiz, Julio",683650,GAT_GRI,Sinker,2,1,1,1,1,1,1,0,0,0,0,0.0,,1.0,0.5,1.0,1.0,,,,
"Ortiz, Julio",683650,GAT_GRI,Slider,27,9,4,5,12,2,6,3,0,0,0,257.8566,0.2743354687794369,0.4444444444444444,0.18518518518518517,0.16666666666666666,0.3333333333333333,85.9522,0.0,0.0,0.0
"Ortiz, Julio",683650,GAT_GRI,Splitter,1,0,0,0,0,0,0,0,0,0,0,0.0,,,0.0,,,,,,
"Ortiz, Julio",683650,GAT_GRI,,1,0,0,0,0,0,0,0,0,0,0,0.0,,,0.0,,,,,,
"Pardinho, Eric",672078,OTT_TIT,Changeup,61,34,20,27,32,12,20,9,3,1,3,751.96339,0.3048093117658945,0.5882352941176471,0.4426229508196721,0.375,0.6,83.55148777777778,0.3333333333333333,0.1111111111111111,0.3333333333333333
"Pardinho, Eric",672078,OTT_TIT,Curveball,8,3,0,0,7,0,1,1,0,0,0,70.9125,0.06384252224916936,0.0,0.0,0.0,0.0,70.9125,0.0,0.0,0.0
"Pardinho, Eric",672078,OTT_TIT,Cutter,7,4,2,2,2,0,1,2,1,1,1,169.47758,0.4580529718178831,0.5,0.2857142857142857,0.0,0.0,84.73879,0.5,0.5,0.5
"Pardinho, Eric",672078,OTT_TIT,Four-Seam,123,58,12,32,26,4,28,42,4,0,13,3335.80636,0.20916500532674187,0.20689655172413793,0.2601626016260163,0.15384615384615385,0.14285714285714285,79.42396095238095,0.09523809523809523,0.0,0.30952380952380953
"Pardinho, Eric",672078,OTT_TIT,Sinker,18,6,2,7,3,0,3,4,3,0,3,378.51176,0.47078755668131295,0.3333333333333333,0.3888888888888889,0.0,0.0,94.62794,0.75,0.0,0.75
"Pardinho, Eric",672078,OTT_TIT,Slider,50,25,10,18,10,6,14,11,2,0,1,919.2805500000001,0.24200679021709368,0.4,0.36,0.6,0.42857142857142855,83.5709590909091,0.18181818181818182,0.0,0.09090909090909091
"Pardinho, Eric",672078,OTT_TIT,,1,0,0,1,0,0,0,0,0,0,0,0.0,,,1.0,,,,,,
"Parenteau, Matt",1000091037,EVA_OTT,Changeup,2,2,0,0,1,0,0,1,0,0,0,57.88082,0.00038527450373188055,0.0,0.0,0.0,,57.88082,0.0,0.0,0.0
"Parenteau, Matt",1000091037,EVA_OTT,Curveball,47,17,7,18,14,3,9,8,1,0,2,642.07233,0.269493053240786,0.4117647058823529,0.3829787234042553,0.21428571428571427,0.3333333333333333,80.25904125,0.125,0.0,0.25
"Parenteau, Matt",1000091037,EVA_OTT,Cutter,11,5,2,3,2,1,2,2,1,1,1,178.01162,0.36225607143834526,0.4,0.2727272727272727,0.5,0.5,89.00581,0.5,0.5,0.5
"Parenteau, Matt",1000091037,EVA_OTT,Four-Seam,66,25,4,14,25,3,16,16,3,0,5,1306.75748,0.23207201645616485,0.16,0.21212121212121213,0.12,0.1875,81.6723425,0.1875,0.0,0.3125
"Parenteau, Matt",1000091037,EVA_OTT,,1,0,0,1,0,0,0,0,0,0,0,0.0,,,1.0,,,,,,
"Parks, Pavin",682030,LAK_ERI24,Cutter,113,55,15,33,36,4,28,32,9,0,16,2577.41392,0.3023199583899114,0.2727272727272727,0.2920353982300885,0.1111111111111111,0.14285714285714285,80.544185,0.28125,0.0,0.5
"Parks, Pavin",682030,LAK_ERI24,Slider,24,12,4,7,16,3,4,7,0,0,3,503.69287,0.19038326491245725,0.3333333333333333,0.2916666666666667,0.1875,0.75,71.9561242857143,0.0,0.0,0.42857142857142855
"Parra, Andres",800365,LAK_ERI24,Changeup,44,8,1,8,11,0,6,5,0,0,1,369.77915,0.13784796366848132,0.125,0.18181818181818182,0.0,0.0,73.95583,0.0,0.0,0.2
"Parra, Andres",800365,LAK_ERI24,Curveball,30,11,4,8,12,4,7,7,0,0,3,525.0201,0.2218273865019896,0.36363636363636365,0.26666666666666666,0.3333333333333333,0.5714285714285714,75.00287142857142,0.0,0.0,0.42857142857142855
"Parra, Andres",800365,LAK_ERI24,Four-Seam,241,101,14,68,69,5,56,76,11,1,23,6094.6313900000005,0.24080173876040048,0.13861386138613863,0.2821576763485477,0.07246376811594203,0.08928571428571429,80.1925182894737,0.14473684210526316,0.013157894736842105,0.3026315789473684
"Parra, Andres",800365,LAK_ERI24,Other,1,0,0,0,0,0,0,0,0,0,0,0.0,,,0.0,,,,,,
"Parra, Andres",800365,LAK_ERI24,Sinker,7,2,0,2,1,0,1,2,1,0,0,169.84635,0.24559726587178232,0.0,0.2857142857142857,0.0,0.0,84.923175,0.5,0.0,0.0
"Parra, Andres",800365,LAK_ERI24,Slider,161,82,15,43,61,10,50,56,12,1,21,4452.54478,0.2662679201237666,0.18292682926829268,0.2670807453416149,0.16393442622950818,0.2,79.50972821428572,0.21428571428571427,0.017857142857142856,0.375
"Parra, Andres",800365,LAK_ERI24,Splitter,1,0,0,0,0,0,0,0,0,0,0,0.0,,,0.0,,,,,,
"Parra, Andres",800365,LAK_ERI24,,1,0,0,1,0,0,0,0,0,0,0,0.0,,,1.0,,,,,,
"Parra, Franklin",681853,LAK_ERI24,Curveball,1,0,0,0,0,0,0,0,0,0,0,0.0,,,0.0,,,,,,
"Parra, Franklin",681853,LAK_ERI24,Sinker,14,4,0,2,0,0,3,3,1,0,0,216.6885,0.15030185690683187,0.0,0.14285714285714285,,0.0,72.2295,0.3333333333333333,0.0,0.0
"Parra, Franklin",681853,LAK_ERI24,Slider,2,0,0,0,0,0,1,0,0,0,0,0.0,,,0.0,,0.0,,,,
"Parsons, Billy",698892,SUS_COU1,Changeup,37,17,6,12,17,5,10,7,1,0,2,592.24538,0.34481155466205865,0.35294117647058826,0.32432432432432434,0.29411764705882354,0.5,84.60648285714285,0.14285714285714285,0.0,0.2857142857142857
"Parsons, Billy",698892,SUS_COU1,Curveball,10,5,1,3,8,1,2,2,2,1,1,196.31278,0.39825183184042645,0.2,0.3,0.125,0.5,98.15639,1.0,0.5,0.5
"Parsons, Billy",698892,SUS_COU1,Cutter,42,22,6,11,9,1,9,12,1,0,3,912.78777,0.20510386161901784,0.2727272727272727,0.2619047619047619,0.1111111111111111,0.1111111111111111,76.0656475,0.08333333333333333,0.0,0.25
"Parsons, Billy",698892,SUS_COU1,Four-Seam,255,119,28,73,66,14,69,80,20,3,25,6427.57804,0.2304017815082696,0.23529411764705882,0.28627450980392155,0.21212121212121213,0.2028985507246377,80.34472550000001,0.25,0.0375,0.3125
"Parsons, Billy",698892,SUS_COU1,Sinker,39,17,4,13,6,2,14,12,2,0,5,992.9716,0.26519210606734234,0.23529411764705882,0.3333333333333333,0.3333333333333333,0.14285714285714285,82.74763333333333,0.16666666666666666,0.0,0.4166666666666667
"Parsons, Billy",698892,SUS_COU1,Slider,187,82,24,65,48,13,47,49,16,0,16,3967.69753,0.24124714337090392,0.2926829268292683,0.34759358288770054,0.2708333333333333,0.2765957446808511,80.97341897959184,0.32653061224489793,0.0,0.32653061224489793
"Parsons, Billy",698892,SUS_COU1,Splitter,29,12,2,9,12,2,8,8,2,0,1,625.64354,0.21998711145782252,0.16666666666666666,0.3103448275862069,0.16666666666666666,0.25,78.2054425,0.25,0.0,0.125
"Parsons, Billy",698892,SUS_COU1,,2,1,1,1,0,0,0,0,0,0,0,0.0,,1.0,0.5,,,,,,
"Pena, Bryan",678370,OTT_TIT,Changeup,22,9,1,4,3,1,5,5,1,0,1,384.71744,0.12352562212558901,0.1111111111111111,0.18181818181818182,0.3333333333333333,0.2,76.943488,0.2,0.0,0.2
"Pena, Bryan",678370,OTT_TIT,Curveball,15,3,1,4,5,1,2,2,0,0,1,149.09944000000002,0.2577668558080627,0.3333333333333333,0.26666666666666666,0.2,0.5,74.54972000000001,0.0,0.0,0.5
"Pena, Bryan",678370,OTT_TIT,Cutter,8,6,0,0,4,0,3,5,0,0,2,408.49352,0.3243354462178588,0.0,0.0,0.0,0.0,81.69870399999999,0.0,0.0,0.4
"Pena, Bryan",678370,OTT_TIT,Four-Seam,29,11,4,7,12,0,5,6,3,2,3,520.26719,0.3191532363506537,0.36363636363636365,0.2413793103448276,0.0,0.0,86.71119833333334,0.5,0.3333333333333333,0.5
"Pena, Bryan",678370,OTT_TIT,Slider,11,6,1,2,2,0,3,4,1,0,1,326.46208,0.2731790678896546,0.16666666666666666,0.18181818181818182,0.0,0.0,81.61552,0.25,0.0,0.25
"Perdomo, Rafael",1000557553,QUE_CAP,Changeup,40,18,6,10,12,2,10,11,3,1,3,770.11329,0.1880182383276999,0.3333333333333333,0.25,0.16666666666666666,0.2,70.01029909090909,0.2727272727272727,0.09090909090909091,0.2727272727272727
"Perdomo, Rafael",1000557553,QUE_CAP,Curveball,68,27,13,25,44,11,16,8,3,2,2,658.98159,0.277497586888801,0.48148148148148145,0.36764705882352944,0.25,0.6875,82.37269875,0.375,0.25,0.25
"Perdomo, Rafael",1000557553,QUE_CAP,Cutter,1,0,0,0,1,0,0,0,0,0,0,0.0,,,0.0,0.0,,,,,
"Perdomo, Rafael",1000557553,QUE_CAP,Four-Seam,165,89,16,41,32,5,36,64,15,1,20,5179.65751,0.2262427900205034,0.1797752808988764,0.24848484848484848,0.15625,0.1388888888888889,80.93214859375,0.234375,0.015625,0.3125
"Perdomo, Rafael",1000557553,QUE_CAP,Sinker,9,7,0,1,1,0,6,7,2,0,1,592.9801,0.28600483903187374,0.0,0.1111111111111111,0.0,0.0,84.71144285714286,0.2857142857142857,0.0,0.14285714285714285
"Perdomo, Rafael",1000557553,QUE_CAP,Slider,84,46,22,34,29,6,21,19,1,1,7,1559.84471,0.26181369208474364,0.4782608695652174,0.40476190476190477,0.20689655172413793,0.2857142857142857,82.09709000000001,0.05263157894736842,0.05263157894736842,0.3684210526315789
"Perez, Kelvin",692487,WAS_WIL3,Changeup,21,11,1,6,7,1,9,7,2,0,4,645.68636,0.37471415696016824,0.09090909090909091,0.2857142857142857,0.14285714285714285,0.1111111111111111,92.24090857142858,0.2857142857142857,0.0,0.5714285714285714
"Perez, Kelvin",692487,WAS_WIL3,Curveball,1,0,0,1,0,0,0,0,0,0,0,0.0,,,1.0,,,,,,
"Perez, Kelvin",692487,WAS_WIL3,Cutter,10,5,1,3,1,0,3,4,0,0,0,258.46344,0.025729298739512407,0.2,0.3,0.0,0.0,64.61586,0.0,0.0,0.0
"Perez, Kelvin",692487,WAS_WIL3,Four-Seam,56,20,2,12,19,2,13,17,1,0,4,1248.24334,0.15032263409701785,0.1,0.21428571428571427,0.10526315789473684,0.15384615384615385,73.42607882352941,0.058823529411764705,0.0,0.23529411764705882
"Perez, Kelvin",692487,WAS_WIL3,Sinker,43,21,4,13,12,1,9,12,1,0,2,938.47311,0.2065679008426098,0.19047619047619047,0.3023255813953488,0.08333333333333333,0.1111111111111111,78.2060925,0.08333333333333333,0.0,0.16666666666666666
"Perez, Kelvin",692487,WAS_WIL3,Slider,56,26,9,19,30,5,13,13,2,1,2,932.8900699999999,0.1266150092422444,0.34615384615384615,0.3392857142857143,0.16666666666666666,0.38461538461538464,71.7607746153846,0.15384615384615385,0.07692307692307693,0.15384615384615385
"Perozzi, John",1000377762,SUS_COU1,Changeup,11,4,1,2,0,0,3,2,0,0,0,143.91065,0.12000873005988855,0.25,0.18181818181818182,,0.0,71.955325,0.0,0.0,0.0
"Perozzi, John",1000377762,SUS_COU1,Curveball,2,1,1,1,1,0,1,0,0,0,0,0.0,,1.0,0.5,0.0,0.0,,,,
"Perozzi, John",1000377762,SUS_COU1,Cutter,13,8,3,3,5,1,3,3,0,0,1,220.04343,0.20244814915382459,0.375,0.23076923076923078,0.2,0.3333333333333333,73.34781,0.0,0.0,0.3333333333333333
"Perozzi, John",1000377762,SUS_COU1,Four-Seam,130,57,12,29,22,3,32,36,7,1,12,2879.09026,0.20929577672674354,0.21052631578947367,0.2230769230769231,0.13636363636363635,0.09375,79.97472944444445,0.19444444444444445,0.027777777777777776,0.3333333333333333
"Perozzi, John",1000377762,SUS_COU1,Sinker,4,3,2,2,2,2,3,1,0,0,0,67.53968,0.09247390304443204,0.6666666666666666,0.5,1.0,0.6666666666666666,67.53968,0.0,0.0,0.0
"Perozzi, John",1000377762,SUS_COU1,Slider,83,46,22,31,27,10,23,19,4,0,5,1430.33792,0.19101954012967984,0.4782608695652174,0.37349397590361444,0.37037037037037035,0.43478260869565216,75.28094315789474,0.21052631578947367,0.0,0.2631578947368421
"Perozzi, John",1000377762,SUS_COU1,Splitter,16,6,1,3,10,2,4,2,1,1,1,187.07504999999998,0.3605030140794689,0.16666666666666666,0.1875,0.2,0.5,93.53752499999999,0.5,0.5,0.5
"Perozzi, John",1000377762,SUS_COU1,,2,1,0,0,0,0,1,0,0,0,0,0.0,,0.0,0.0,,0.0,,,,
"Peters, Andrew",687107,NEW_JER6,Curveball,28,9,2,5,16,2,7,5,1,0,3,429.07471,0.3896014797607606,0.2222222222222222,0.17857142857142858,0.125,0.2857142857142857,85.814942,0.2,0.0,0.6
"Peters, Andrew",687107,NEW_JER6,Cutter,2,1,0,1,2,1,1,0,0,0,0,0.0,,0.0,0.5,0.5,1.0,,,,
"Peters, Andrew",687107,NEW_JER6,Four-Seam,137,66,19,43,30,4,30,40,7,1,19,3174.72264,0.2562461129794456,0.2878787878787879,0.31386861313868614,0.13333333333333333,0.13333333333333333,79.368066,0.175,0.025,0.475
"Peters, Andrew",687107,NEW_JER6,Sinker,4,3,0,1,3,0,1,3,0,0,1,217.79631,0.2104372307732738,0.0,0.25,0.0,0.0,72.59877,0.0,0.0,0.3333333333333333
"Peters, Andrew",687107,NEW_JER6,Slider,14,7,5,6,6,2,4,2,1,0,0,177.28368999999998,0.29784521465144426,0.7142857142857143,0.42857142857142855,0.3333333333333333,0.5,88.64184499999999,0.5,0.0,0.0
"Peters, Andrew",687107,NEW_JER6,,1,0,0,0,0,0,0,0,0,0,0,0.0,,,0.0,,,,,,
"Peters, Garrett",833402,NEW_YOR13,Changeup,292,137,35,108,75,14,81,89,22,5,35,7231.7308299999995,0.2676250236978433,0.25547445255474455,0.3698630136986301,0.18666666666666668,0.1728395061728395,81.25540258426966,0.24719101123595505,0.056179775280898875,0.39325842696629215
"Peters, Garrett",833402,NEW_YOR13,Curveball,89,38,11,20,30,4,23,22,4,1,6,1755.30055,0.23552972362004151,0.2894736842105263,0.2247191011235955,0.13333333333333333,0.17391304347826086,79.78638863636364,0.18181818181818182,0.045454545454545456,0.2727272727272727
"Peters, Garrett",833402,NEW_YOR13,Four-Seam,6,0,0,2,2,0,1,0,0,0,0,0.0,,,0.3333333333333333,0.0,0.0,,,,
"Peters, Garrett",833402,NEW_YOR13,Sinker,12,4,1,2,8,1,2,2,1,0,1,166.75552,0.3099901706056329,0.25,0.16666666666666666,0.125,0.5,83.37776,0.5,0.0,0.5
"Peters, Garrett",833402,NEW_YOR13,Splitter,15,6,0,5,3,0,5,6,2,0,3,523.17183,0.3181774011970906,0.0,0.3333333333333333,0.0,0.0,87.195305,0.3333333333333333,0.0,0.5
"Peters, Garrett",833402,NEW_YOR13,,17,3,2,3,3,0,1,0,0,0,0,0.0,,0.6666666666666666,0.17647058823529413,0.0,0.0,,,,
"Petery, Dylan",10998503,WIN_CIT29,Changeup,4,3,0,0,1,0,1,3,0,0,2,219.58128000000002,0.2317303700459865,0.0,0.0,0.0,0.0,73.19376000000001,0.0,0.0,0.6666666666666666
"Petery, Dylan",10998503,WIN_CIT29,Curveball,8,4,0,2,4,0,2,3,0,0,1,236.30214,0.24644606710264985,0.0,0.25,0.0,0.0,78.76738,0.0,0.0,0.3333333333333333
"Petery, Dylan",10998503,WIN_CIT29,Four-Seam,8,1,0,1,0,0,2,1,0,0,0,53.35611,0.0,0.0,0.125,,0.0,53.35611,0.0,0.0,0.0
"Petery, Dylan",10998503,WIN_CIT29,Slider,10,3,1,3,4,1,2,1,0,0,0,80.81453,0.2155383900269905,0.3333333333333333,0.3,0.25,0.5,80.81453,0.0,0.0,0.0
"Petraitis, AJ",1000565940,LEM_COL,Changeup,15,4,0,5,1,0,3,4,0,0,1,293.77714000000003,0.13022737518139027,0.0,0.3333333333333333,0.0,0.0,73.44428500000001,0.0,0.0,0.25
"Petraitis, AJ",1000565940,LEM_COL,Curveball,22,7,1,6,8,1,4,5,2,1,1,377.40636,0.2268351860093171,0.14285714285714285,0.2727272727272727,0.125,0.25,75.481272,0.4,0.2,0.2
"Petraitis, AJ",1000565940,LEM_COL,Four-Seam,31,11,1,7,13,1,10,9,3,1,2,799.22092,0.3223934709942042,0.09090909090909091,0.22580645161290322,0.07692307692307693,0.1,88.80232444444444,0.3333333333333333,0.1111111111111111,0.2222222222222222
"Petraitis, AJ",1000565940,LEM_COL,Sinker,16,6,1,5,3,1,6,5,3,0,3,466.74775,0.4657900061220328,0.16666666666666666,0.3125,0.3333333333333333,0.16666666666666666,93.34955,0.6,0.0,0.6
"Petraitis, AJ",1000565940,LEM_COL,Slider,19,7,2,4,5,1,4,4,1,0,1,313.42696,0.26367171118309574,0.2857142857142857,0.21052631578947367,0.2,0.25,78.35674,0.25,0.0,0.25
"Petschke, Ben",814386,EVA_OTT,Changeup,8,2,0,1,4,0,2,2,0,0,1,162.70103,0.2055000706455059,0.0,0.125,0.0,0.0,81.350515,0.0,0.0,0.5
"Petschke, Ben",814386,EVA_OTT,Curveball,158,60,14,37,41,5,41,40,5,1,7,3192.97638,0.23183383276960043,0.23333333333333334,0.23417721518987342,0.12195121951219512,0.12195121951219512,79.8244095,0.125,0.025,0.175
"Petschke, Ben",814386,EVA_OTT,Cutter,210,98,14,50,51,5,60,71,13,1,26,5704.67482,0.23999840001061942,0.14285714285714285,0.23809523809523808,0.09803921568627451,0.08333333333333333,80.34753267605635,0.18309859154929578,0.014084507042253521,0.36619718309859156
"Petschke, Ben",814386,EVA_OTT,Four-Seam,164,64,8,41,31,6,40,45,7,0,16,3591.9588599999997,0.2435696860497881,0.125,0.25,0.1935483870967742,0.15,79.82130799999999,0.15555555555555556,0.0,0.35555555555555557
"Petschke, Ben",814386,EVA_OTT,Other,1,0,0,0,1,0,0,0,0,0,0,0.0,,,0.0,0.0,,,,,
"Petschke, Ben",814386,EVA_OTT,Sinker,22,10,0,3,4,0,6,7,2,1,2,503.62687,0.19174780841118338,0.0,0.13636363636363635,0.0,0.0,71.94669571428571,0.2857142857142857,0.14285714285714285,0.2857142857142857
"Petschke, Ben",814386,EVA_OTT,Slider,111,53,9,29,32,6,28,35,4,0,9,2727.17845,0.204480722326857,0.16981132075471697,0.26126126126126126,0.1875,0.21428571428571427,77.91938428571429,0.11428571428571428,0.0,0.2571428571428571
"Petschke, Ben",814386,EVA_OTT,Splitter,9,5,0,1,4,0,5,5,1,0,1,422.78988000000004,0.2709422327747701,0.0,0.1111111111111111,0.0,0.0,84.55797600000001,0.2,0.0,0.2
"Petschke, Ben",814386,EVA_OTT,,1,0,0,1,0,0,0,0,0,0,0,0.0,,,1.0,,,,,,
"Peyton, Blake",1000017005,GAT_GRI,Changeup,62,29,9,14,17,3,19,17,1,0,4,1210.4810400000001,0.14933410441989664,0.3103448275862069,0.22580645161290322,0.17647058823529413,0.15789473684210525,71.20476705882353,0.058823529411764705,0.0,0.23529411764705882
"Peyton, Blake",1000017005,GAT_GRI,Curveball,58,22,4,10,23,1,11,13,2,0,5,1002.85867,0.20915904334593655,0.18181818181818182,0.1724137931034483,0.043478260869565216,0.09090909090909091,77.14297461538462,0.15384615384615385,0.0,0.38461538461538464
"Peyton, Blake",1000017005,GAT_GRI,Four-Seam,179,81,22,53,43,7,39,50,6,0,21,3920.32259,0.19510792783291475,0.2716049382716049,0.29608938547486036,0.16279069767441862,0.1794871794871795,78.4064518,0.12,0.0,0.42
"Peyton, Blake",1000017005,GAT_GRI,Other,1,0,0,0,1,0,1,0,0,0,0,0.0,,,0.0,0.0,0.0,,,,
"Peyton, Blake",1000017005,GAT_GRI,Sinker,44,18,4,12,11,1,10,14,1,0,3,1091.58367,0.17496728857011387,0.2222222222222222,0.2727272727272727,0.09090909090909091,0.1,77.97026214285714,0.07142857142857142,0.0,0.21428571428571427
"Peyton, Blake",1000017005,GAT_GRI,Slider,10,6,3,5,7,3,5,2,0,0,0,127.04253,0.04762995131609932,0.5,0.5,0.42857142857142855,0.6,63.521265,0.0,0.0,0.0
"Pfeffer, Kaden",821954,MIA_RED,Changeup,4,2,1,1,0,0,0,0,0,0,0,0.0,,0.5,0.25,,,,,,
"Pfeffer, Kaden",821954,MIA_RED,Four-Seam,8,3,1,2,4,1,2,2,0,0,0,144.72057,0.11677435900403338,0.3333333333333333,0.25,0.25,0.5,72.360285,0.0,0.0,0.0
"Pfeffer, Kaden",821954,MIA_RED,Slider,6,4,0,1,1,0,2,3,0,0,0,240.82142,0.11304128304673959,0.0,0.16666666666666666,0.0,0.0,80.27380666666666,0.0,0.0,0.0
"Phelps, Travis",1000568112,FLO_Y'A,Changeup,2,1,1,1,1,0,0,0,0,0,0,0.0,,1.0,0.5,0.0,,,,,
"Phelps, Travis",1000568112,FLO_Y'A,Curveball,20,5,1,5,9,1,4,4,0,0,0,268.57195,0.10110816931767277,0.2,0.25,0.1111111111111111,0.25,67.1429875,0.0,0.0,0.0
"Phelps, Travis",1000568112,FLO_Y'A,Four-Seam,80,26,4,20,14,3,23,21,5,0,4,1746.80531,0.2679815710456813,0.15384615384615385,0.25,0.21428571428571427,0.13043478260869565,83.18120523809523,0.23809523809523808,0.0,0.19047619047619047
"Phelps, Travis",1000568112,FLO_Y'A,Slider,5,1,0,1,1,0,2,1,1,0,0,104.70771,0.4404503266551928,0.0,0.2,0.0,0.0,104.70771,1.0,0.0,0.0
"Phelps, Travis",1000568112,FLO_Y'A,,2,0,0,1,0,0,0,0,0,0,0,0.0,,,0.5,,,,,,
"Phelps, Travis",,FLO_Y'A,Changeup,10,1,0,0,7,0,1,2,0,0,0,119.19682,0.08504021482570831,0.0,0.0,0.0,0.0,59.59841,0.0,0.0,0.0
"Phelps, Travis",,FLO_Y'A,Curveball,25,3,0,3,13,0,3,5,2,0,1,383.49225,0.20856429937296128,0.0,0.12,0.0,0.0,76.69845000000001,0.4,0.0,0.2
"Phelps, Travis",,FLO_Y'A,Cutter,4,0,0,0,4,0,0,0,0,0,0,0.0,,,0.0,0.0,,,,,
"Phelps, Travis",,FLO_Y'A,Four-Seam,53,15,4,9,25,3,13,18,3,0,7,1498.75705,0.28041458747969206,0.26666666666666666,0.16981132075471697,0.12,0.23076923076923078,83.26428055555556,0.16666666666666666,0.0,0.3888888888888889
"Phelps, Travis",,FLO_Y'A,Sinker,22,0,0,0,22,0,0,9,2,0,4,704.96721,0.24497001732958137,,0.0,0.0,,78.32969,0.2222222222222222,0.0,0.4444444444444444
"Phelps, Travis",,FLO_Y'A,Slider,17,1,0,0,15,0,0,4,1,1,0,318.38514,0.20799045496128904,0.0,0.0,0.0,,79.596285,0.25,0.25,0.0
"Pierson, Kenny",1000055344,LAK_ERI24,Changeup,145,52,10,43,35,7,43,35,6,1,11,2750.96044,0.2424137366277222,0.19230769230769232,0.296551724137931,0.2,0.16279069767441862,78.59886971428571,0.17142857142857143,0.02857142857142857,0.3142857142857143
"Pierson, Kenny",1000055344,LAK_ERI24,Curveball,45,14,5,14,18,3,10,7,0,0,1,513.37735,0.16760592732246657,0.35714285714285715,0.3111111111111111,0.16666666666666666,0.3,73.33962142857142,0.0,0.0,0.14285714285714285
"Pierson, Kenny",1000055344,LAK_ERI24,Four-Seam,1,0,0,0,0,0,0,0,0,0,0,0.0,,,0.0,,,,,,
"Pierson, Kenny",1000055344,LAK_ERI24,Other,3,0,0,0,0,0,1,0,0,0,0,0.0,,,0.0,,0.0,,,,
"Pierson, Kenny",1000055344,LAK_ERI24,Sinker,88,33,0,20,9,0,22,27,3,0,2,2132.78449,0.18284384389126807,0.0,0.22727272727272727,0.0,0.0,78.99201814814815,0.1111111111111111,0.0,0.07407407407407407
"Pierson, Kenny",1000055344,LAK_ERI24,Slider,28,10,2,6,8,1,7,7,3,1,5,597.7845199999999,0.39642582552357314,0.2,0.21428571428571427,0.125,0.14285714285714285,85.39778857142856,0.42857142857142855,0.14285714285714285,0.7142857142857143
"Pierson, Kenny",1000055344,LAK_ERI24,,2,0,0,1,0,0,0,0,0,0,0,0.0,,,0.5,,,,,,
"Pike, Garret",814438,LAK_ERI24,Four-Seam,17,7,0,4,0,0,7,7,1,0,2,604.44434,0.3083574442515049,0.0,0.23529411764705882,,0.0,86.34919142857143,0.14285714285714285,0.0,0.2857142857142857
"Pindel, Buddie",1000054422,SCH_BOO,Changeup,88,39,14,27,17,5,23,21,2,0,6,1621.97282,0.21895827063491677,0.358974358974359,0.3068181818181818,0.29411764705882354,0.21739130434782608,77.23680095238095,0.09523809523809523,0.0,0.2857142857142857
"Pindel, Buddie",1000054422,SCH_BOO,Curveball,2,1,0,1,1,0,1,1,0,0,1,66.51405,0.018583971712052172,0.0,0.5,0.0,0.0,66.51405,0.0,0.0,1.0
"Pindel, Buddie",1000054422,SCH_BOO,Four-Seam,159,86,9,47,47,10,51,74,12,0,20,5931.74799,0.236489099473491,0.10465116279069768,0.29559748427672955,0.2127659574468085,0.19607843137254902,80.15875662162162,0.16216216216216217,0.0,0.2702702702702703
"Pindel, Buddie",1000054422,SCH_BOO,Sinker,141,67,8,37,38,4,42,52,14,1,19,4378.69189,0.29436898240406156,0.11940298507462686,0.2624113475177305,0.10526315789473684,0.09523809523809523,84.20561326923077,0.2692307692307692,0.019230769230769232,0.36538461538461536
"Pindel, Buddie",1000054422,SCH_BOO,Slider,66,24,10,24,11,3,10,9,2,0,6,760.61316,0.3637364747135346,0.4166666666666667,0.36363636363636365,0.2727272727272727,0.3,84.51257333333334,0.2222222222222222,0.0,0.6666666666666666
"Pindel, Buddie",1000054422,SCH_BOO,Splitter,80,42,9,16,32,3,24,28,4,1,7,2080.01332,0.22203675317973157,0.21428571428571427,0.2,0.09375,0.125,74.28619,0.14285714285714285,0.03571428571428571,0.25
"Pindel, Buddie",1000054422,SCH_BOO,,1,0,0,1,0,0,0,0,0,0,0,0.0,,,1.0,,,,,,
"Plumadore, Carson",1000207816,WIN_CIT29,Changeup,180,81,23,53,45,8,43,53,6,0,14,4156.06297,0.20949444956993646,0.2839506172839506,0.29444444444444445,0.17777777777777778,0.18604651162790697,78.41628245283019,0.11320754716981132,0.0,0.2641509433962264
"Plumadore, Carson",1000207816,WIN_CIT29,Curveball,47,15,8,18,13,5,10,5,2,0,3,414.50572,0.3254943922471476,0.5333333333333333,0.3829787234042553,0.38461538461538464,0.5,82.901144,0.4,0.0,0.6
"Plumadore, Carson",1000207816,WIN_CIT29,Four-Seam,17,8,3,4,7,1,5,4,2,0,1,335.49458,0.27851924969433894,0.375,0.23529411764705882,0.14285714285714285,0.2,83.873645,0.5,0.0,0.25
"Plumadore, Carson",1000207816,WIN_CIT29,Sinker,79,34,7,20,39,8,15,24,1,0,11,1766.00895,0.16587299757420776,0.20588235294117646,0.25316455696202533,0.20512820512820512,0.5333333333333333,73.58370624999999,0.041666666666666664,0.0,0.4583333333333333
"Plumadore, Carson",1000207816,WIN_CIT29,Slider,63,29,9,25,20,6,21,19,1,0,5,1479.14903,0.19409348070321983,0.3103448275862069,0.3968253968253968,0.3,0.2857142857142857,77.84994894736842,0.05263157894736842,0.0,0.2631578947368421
"Plumadore, Carson",1000207816,WIN_CIT29,Sweeper,5,2,0,0,0,0,1,1,1,0,1,98.18455,0.4574576975639325,0.0,0.0,,0.0,98.18455,1.0,0.0,1.0
"Plumadore, Carson",1000207816,WIN_CIT29,,2,2,0,0,2,0,1,0,0,0,0,0.0,,0.0,0.0,0.0,0.0,,,,
"Potteiger, Jack",1000565185,JOL_SLA,Changeup,2,2,0,0,1,0,2,2,0,0,0,182.92244,0.28951843730463833,0.0,0.0,0.0,0.0,91.46122,0.0,0.0,0.0
"Potteiger, Jack",1000565185,JOL_SLA,Sinker,79,33,1,12,20,0,19,23,4,0,7,1867.914,0.26159080880475555,0.030303030303030304,0.1518987341772152,0.0,0.0,81.21365217391305,0.17391304347826086,0.0,0.30434782608695654
"Potteiger, Jack",1000565185,JOL_SLA,Slider,39,11,5,11,12,2,7,5,1,1,1,392.69547,0.17834905264372142,0.45454545454545453,0.28205128205128205,0.16666666666666666,0.2857142857142857,78.539094,0.2,0.2,0.2
"Potts, Jake",10998501,FLO_Y'A,Curveball,2,0,0,0,1,0,0,0,0,0,0,0.0,,,0.0,0.0,,,,,
"Potts, Jake",10998501,FLO_Y'A,Four-Seam,23,9,2,5,5,0,4,7,1,0,2,514.86487,0.17131305657401322,0.2222222222222222,0.21739130434782608,0.0,0.0,73.55212428571429,0.14285714285714285,0.0,0.2857142857142857
"Potts, Jake",10998501,FLO_Y'A,Sinker,13,7,1,2,4,1,3,4,0,0,1,326.46081000000004,0.2367769039327114,0.14285714285714285,0.15384615384615385,0.25,0.3333333333333333,81.61520250000001,0.0,0.0,0.25
"Potts, Jake",10998501,FLO_Y'A,Slider,2,1,0,0,2,0,1,1,0,0,1,84.24583,0.48113594453102393,0.0,0.0,0.0,0.0,84.24583,0.0,0.0,1.0
"Potts, Jake",10998501,FLO_Y'A,Splitter,1,0,0,0,0,0,1,0,0,0,0,0.0,,,0.0,,0.0,,,,
"Primeaux, Parker",1000101108,SUS_COU1,Changeup,85,35,8,28,10,1,21,20,2,0,7,1621.71578,0.26798381133212856,0.22857142857142856,0.32941176470588235,0.1,0.047619047619047616,81.085789,0.1,0.0,0.35
"Primeaux, Parker",1000101108,SUS_COU1,Curveball,29,11,4,13,11,4,7,5,0,0,1,397.60605,0.24399300821354294,0.36363636363636365,0.4482758620689655,0.36363636363636365,0.5714285714285714,79.52121,0.0,0.0,0.2
"Primeaux, Parker",1000101108,SUS_COU1,Four-Seam,10,5,1,4,5,2,3,4,0,0,2,314.19555,0.2894423239105264,0.2,0.4,0.4,0.6666666666666666,78.5488875,0.0,0.0,0.5
"Primeaux, Parker",1000101108,SUS_COU1,Sinker,45,29,6,8,16,3,16,21,6,1,7,1774.91187,0.2647921464911114,0.20689655172413793,0.17777777777777778,0.1875,0.1875,84.51961285714285,0.2857142857142857,0.047619047619047616,0.3333333333333333
"Primeaux, Parker",1000101108,SUS_COU1,Slider,22,8,0,4,13,1,5,7,2,0,2,567.8546699999999,0.221030578458183,0.0,0.18181818181818182,0.07692307692307693,0.2,81.1220957142857,0.2857142857142857,0.0,0.2857142857142857
"Primeaux, Parker",1000101108,SUS_COU1,,1,1,1,1,0,0,0,0,0,0,0,0.0,,1.0,1.0,,,,,,
"Puccetti, Dominic",1000266076,OTT_TIT,Changeup,140,55,13,41,29,8,32,31,9,1,12,2587.55823,0.27757722318465916,0.23636363636363636,0.29285714285714287,0.27586206896551724,0.25,83.46962032258065,0.2903225806451613,0.03225806451612903,0.3870967741935484
"Puccetti, Dominic",1000266076,OTT_TIT,Curveball,148,48,12,42,50,12,38,30,8,2,10,2295.32278,0.23966272897050905,0.25,0.28378378378378377,0.24,0.3157894736842105,76.51075933333333,0.26666666666666666,0.06666666666666667,0.3333333333333333
"Puccetti, Dominic",1000266076,OTT_TIT,Four-Seam,295,131,31,75,64,12,76,85,13,2,26,6894.60227,0.22574381224507095,0.2366412213740458,0.2542372881355932,0.1875,0.15789473684210525,81.11296788235295,0.15294117647058825,0.023529411764705882,0.3058823529411765
"Puccetti, Dominic",1000266076,OTT_TIT,Slider,43,19,11,16,9,2,5,4,1,0,2,308.10031,0.17166565387962263,0.5789473684210527,0.37209302325581395,0.2222222222222222,0.4,77.0250775,0.25,0.0,0.5
"Puccetti, Dominic",1000266076,OTT_TIT,Splitter,9,5,1,1,4,0,2,3,1,0,2,251.21392,0.2783263395389296,0.2,0.1111111111111111,0.0,0.0,83.73797333333333,0.3333333333333333,0.0,0.6666666666666666
"Puccetti, Dominic",1000266076,OTT_TIT,,5,0,0,0,0,0,1,0,0,0,0,0.0,,,0.0,,0.0,,,,
"Purnell, Blake",822470,SUS_COU1,Changeup,13,5,1,3,3,0,3,3,0,0,0,165.42483,0.0,0.2,0.23076923076923078,0.0,0.0,55.14160999999999,0.0,0.0,0.0
"Purnell, Blake",822470,SUS_COU1,Cutter,1,0,0,0,0,0,0,0,0,0,0,0.0,,,0.0,,,,,,
"Purnell, Blake",822470,SUS_COU1,Four-Seam,33,16,7,13,8,1,7,9,2,0,3,737.53523,0.2720237022037335,0.4375,0.3939393939393939,0.125,0.14285714285714285,81.94835888888889,0.2222222222222222,0.0,0.3333333333333333
"Purnell, Blake",822470,SUS_COU1,Sinker,19,12,2,5,5,1,9,9,2,1,1,662.88051,0.24538049593514893,0.16666666666666666,0.2631578947368421,0.2,0.1111111111111111,73.65339,0.2222222222222222,0.1111111111111111,0.1111111111111111
"Purnell, Blake",822470,SUS_COU1,Slider,11,2,0,3,2,0,3,1,1,0,0,100.55951,0.36089906877454236,0.0,0.2727272727272727,0.0,0.0,100.55951,1.0,0.0,0.0
"Quigley, Michael",808828,NEW_ENG23,Changeup,3,0,0,1,1,0,0,0,0,0,0,0.0,,,0.3333333333333333,0.0,,,,,
"Quigley, Michael",808828,NEW_ENG23,Curveball,40,9,1,12,16,2,7,6,1,0,4,476.6379,0.2791393881604247,0.1111111111111111,0.3,0.125,0.2857142857142857,79.43965,0.16666666666666666,0.0,0.6666666666666666
"Quigley, Michael",808828,NEW_ENG23,Four-Seam,145,66,25,44,43,11,30,38,5,1,11,2893.91755,0.19129267446951018,0.3787878787878788,0.30344827586206896,0.2558139534883721,0.36666666666666664,76.155725,0.13157894736842105,0.02631578947368421,0.2894736842105263
"Quigley, Michael",808828,NEW_ENG23,Sinker,14,4,0,5,3,2,6,3,2,0,1,297.10839999999996,0.4886890786516184,0.0,0.35714285714285715,0.6666666666666666,0.3333333333333333,99.03613333333332,0.6666666666666666,0.0,0.3333333333333333
"Quigley, Michael",808828,NEW_ENG23,Slider,2,0,0,0,0,0,0,0,0,0,0,0.0,,,0.0,,,,,,
"Quigley, Michael",808828,NEW_ENG23,Splitter,2,2,0,0,1,0,2,1,0,0,0,70.31976,0.11881902521136667,0.0,0.0,0.0,0.0,70.31976,0.0,0.0,0.0
"Quigley, Michael",808828,NEW_ENG23,,1,0,0,1,0,0,0,0,0,0,0,0.0,,,1.0,,,,,,
"Reeves, Cobe",802696,NEW_YOR13,Changeup,42,12,4,11,10,2,10,8,4,0,4,700.0177,0.3643900789415583,0.3333333333333333,0.2619047619047619,0.2,0.2,87.5022125,0.5,0.0,0.5
"Reeves, Cobe",802696,NEW_YOR13,Curveball,28,13,3,5,15,3,6,8,0,0,4,562.75,0.23103391295744147,0.23076923076923078,0.17857142857142858,0.2,0.5,70.34375,0.0,0.0,0.5
"Reeves, Cobe",802696,NEW_YOR13,Cutter,5,2,0,0,2,0,1,1,0,0,0,66.10235,0.06963026753325602,0.0,0.0,0.0,0.0,66.10235,0.0,0.0,0.0
"Reeves, Cobe",802696,NEW_YOR13,Four-Seam,33,14,1,7,9,2,13,10,2,0,7,781.26708,0.2478373528448657,0.07142857142857142,0.21212121212121213,0.2222222222222222,0.15384615384615385,78.126708,0.2,0.0,0.7
"Reeves, Cobe",802696,NEW_YOR13,Sinker,123,47,6,29,17,4,28,39,10,1,13,3218.30457,0.29146174161130434,0.1276595744680851,0.23577235772357724,0.23529411764705882,0.14285714285714285,82.52063,0.2564102564102564,0.02564102564102564,0.3333333333333333
"Reeves, Cobe",802696,NEW_YOR13,Slider,30,11,6,14,9,4,8,5,2,0,3,437.591,0.3851296450332047,0.5454545454545454,0.4666666666666667,0.4444444444444444,0.5,87.51820000000001,0.4,0.0,0.6
"Reeves, Cobe",802696,NEW_YOR13,Splitter,3,2,0,1,1,0,0,2,0,0,1,161.66966000000002,0.1933672336875217,0.0,0.3333333333333333,0.0,,80.83483000000001,0.0,0.0,0.5
"Reeves, Cobe",802696,NEW_YOR13,,2,1,0,0,0,0,1,0,0,0,0,0.0,,0.0,0.0,,0.0,,,,
"Reyes, Caleb",1000123199,OTT_TIT,Changeup,5,0,0,0,2,0,0,0,0,0,0,0.0,,,0.0,0.0,,,,,
"Reyes, Caleb",1000123199,OTT_TIT,Curveball,5,3,1,2,2,0,2,2,0,0,0,150.75074,0.13422577417719506,0.3333333333333333,0.4,0.0,0.0,75.37537,0.0,0.0,0.0
"Reyes, Caleb",1000123199,OTT_TIT,Cutter,1,0,0,0,0,0,0,0,0,0,0,0.0,,,0.0,,,,,,
"Reyes, Caleb",1000123199,OTT_TIT,Four-Seam,1,1,0,0,1,0,0,1,0,0,1,72.34817,0.2025308947560145,0.0,0.0,0.0,,72.34817,0.0,0.0,1.0
"Reyes, Caleb",1000123199,OTT_TIT,Sinker,34,18,4,10,6,2,12,15,4,2,7,1201.31101,0.26764845489778916,0.2222222222222222,0.29411764705882354,0.3333333333333333,0.16666666666666666,80.08740066666665,0.26666666666666666,0.13333333333333333,0.4666666666666667
"Reyes, Caleb",1000123199,OTT_TIT,Slider,8,2,0,4,4,1,2,1,0,0,0,64.04854,0.060182896046073964,0.0,0.5,0.25,0.5,64.04854,0.0,0.0,0.0
"Riedel, Caleb",1000120428,SCH_BOO,Changeup,29,14,5,11,10,0,5,8,1,0,2,637.87514,0.23122594477027125,0.35714285714285715,0.3793103448275862,0.0,0.0,79.7343925,0.125,0.0,0.25
"Riedel, Caleb",1000120428,SCH_BOO,Curveball,3,2,2,2,1,1,1,0,0,0,0,0.0,,1.0,0.6666666666666666,1.0,1.0,,,,
"Riedel, Caleb",1000120428,SCH_BOO,Four-Seam,93,47,13,37,36,10,24,30,3,2,10,2212.02453,0.24252285042066385,0.2765957446808511,0.3978494623655914,0.2777777777777778,0.4166666666666667,73.73415100000001,0.1,0.06666666666666667,0.3333333333333333
"Riedel, Caleb",1000120428,SCH_BOO,Sinker,52,26,6,19,18,3,15,16,2,0,5,1208.44372,0.17794925050615903,0.23076923076923078,0.36538461538461536,0.16666666666666666,0.2,75.5277325,0.125,0.0,0.3125
"Riedel, Caleb",1000120428,SCH_BOO,Slider,12,5,2,2,2,1,4,3,0,0,2,231.13757999999999,0.32393290125810065,0.4,0.16666666666666666,0.5,0.25,77.04585999999999,0.0,0.0,0.6666666666666666
"Riedel, Caleb",1000120428,SCH_BOO,Splitter,7,3,0,0,3,0,2,1,0,0,1,88.37553,0.510806122051396,0.0,0.0,0.0,0.0,88.37553,0.0,0.0,1.0
"Riley, Michael",1000463948,TRI_VAL,Changeup,8,5,0,1,1,0,5,4,1,0,1,364.23721,0.33723512696351676,0.0,0.125,0.0,0.0,91.0593025,0.25,0.0,0.25
"Riley, Michael",1000463948,TRI_VAL,Curveball,9,2,2,4,1,0,1,0,0,0,0,0.0,,1.0,0.4444444444444444,0.0,0.0,,,,
"Riley, Michael",1000463948,TRI_VAL,Cutter,2,2,0,0,1,0,1,2,0,0,1,167.53828,0.3326452968542017,0.0,0.0,0.0,0.0,83.76914,0.0,0.0,0.5
"Riley, Michael",1000463948,TRI_VAL,Four-Seam,33,18,2,6,8,1,13,16,2,2,5,1320.65053,0.22383004512027158,0.1111111111111111,0.18181818181818182,0.125,0.07692307692307693,82.540658125,0.125,0.125,0.3125
"Riley, Michael",1000463948,TRI_VAL,Sinker,19,14,3,6,5,1,7,11,0,0,3,881.1776600000001,0.22520749583495248,0.21428571428571427,0.3157894736842105,0.2,0.14285714285714285,80.10706,0.0,0.0,0.2727272727272727
"Riley, Michael",1000463948,TRI_VAL,Slider,29,11,4,7,7,2,4,6,1,0,3,443.6169,0.2157528525957608,0.36363636363636365,0.2413793103448276,0.2857142857142857,0.5,73.93615,0.16666666666666666,0.0,0.5
"Rivas, Albert",691309,GAT_GRI,Changeup,1,0,0,0,1,0,0,0,0,0,0,0.0,,,0.0,0.0,,,,,
"Rivas, Albert",691309,GAT_GRI,Cutter,6,2,0,1,0,0,2,2,1,0,1,156.36422,0.332799807403891,0.0,0.16666666666666666,,0.0,78.18211,0.5,0.0,0.5
"Rivas, Albert",691309,GAT_GRI,Four-Seam,10,4,1,2,2,1,2,3,0,0,1,220.77348,0.17869831850155948,0.25,0.2,0.5,0.5,73.59116,0.0,0.0,0.3333333333333333
"Rivas, Albert",691309,GAT_GRI,Sinker,2,2,0,0,1,0,1,2,1,0,1,178.98309,0.3669771446963276,0.0,0.0,0.0,0.0,89.491545,0.5,0.0,0.5
"Rivas, Albert",691309,GAT_GRI,Slider,6,2,1,3,3,1,1,0,0,0,0,0.0,,0.5,0.5,0.3333333333333333,1.0,,,,
"Rivera, Matthew",681344,LAK_ERI24,Changeup,1,1,0,0,0,0,1,1,1,0,1,97.83274,0.6215248454865075,0.0,0.0,,0.0,97.83274,1.0,0.0,1.0
"Rivera, Matthew",681344,LAK_ERI24,Curveball,14,3,1,3,3,1,3,2,0,0,0,177.27386,0.28676870142599276,0.3333333333333333,0.21428571428571427,0.3333333333333333,0.3333333333333333,88.63693,0.0,0.0,0.0
"Rivera, Matthew",681344,LAK_ERI24,Four-Seam,37,20,4,6,2,1,11,16,4,1,3,1323.37666,0.21794302893839493,0.2,0.16216216216216217,0.5,0.09090909090909091,82.71104125,0.25,0.0625,0.1875
"Rivera, Matthew",681344,LAK_ERI24,Slider,4,2,1,2,0,0,2,1,0,0,0,91.93338,0.36370148101466615,0.5,0.5,,0.0,91.93338,0.0,0.0,0.0
"Rodriguez, Esteban",701454,TRO_AIG,Changeup,9,4,1,2,1,0,2,3,1,1,1,269.18668,0.3028475555331276,0.25,0.2222222222222222,0.0,0.0,89.72889333333335,0.3333333333333333,0.3333333333333333,0.3333333333333333
"Rodriguez, Esteban",701454,TRO_AIG,Curveball,28,13,4,6,12,4,12,8,1,0,4,584.9496300000001,0.2262108980498882,0.3076923076923077,0.21428571428571427,0.3333333333333333,0.3333333333333333,73.11870375000001,0.125,0.0,0.5
"Rodriguez, Esteban",701454,TRO_AIG,Cutter,6,1,0,0,0,0,1,1,0,0,0,70.20509,0.0,0.0,0.0,,0.0,70.20509,0.0,0.0,0.0
"Rodriguez, Esteban",701454,TRO_AIG,Four-Seam,142,75,10,34,43,3,36,61,6,2,21,4852.1567,0.23247436046629835,0.13333333333333333,0.23943661971830985,0.06976744186046512,0.08333333333333333,79.54355245901638,0.09836065573770492,0.03278688524590164,0.3442622950819672
"Rodriguez, Esteban",701454,TRO_AIG,Sinker,20,5,0,5,3,0,2,5,1,0,2,405.41841,0.23230200674332754,0.0,0.25,0.0,0.0,81.083682,0.2,0.0,0.4
"Rodriguez, Esteban",701454,TRO_AIG,Slider,30,8,0,6,6,0,5,8,2,0,1,663.44503,0.25652000356923943,0.0,0.2,0.0,0.0,82.93062875,0.25,0.0,0.125
"Rodriguez, Esteban",701454,TRO_AIG,Splitter,1,0,0,0,0,0,0,1,0,0,0,65.255,0.03775468982747743,,0.0,,,65.255,0.0,0.0,0.0
"Rodriguez, Esteban",701454,TRO_AIG,Sweeper,1,0,0,0,1,0,1,0,0,0,0,0.0,,,0.0,0.0,0.0,,,,
"Rodriguez, Esteban",701454,TRO_AIG,,20,3,0,4,0,0,5,0,0,0,0,0.0,,0.0,0.2,,0.0,,,,
"Rodriguez, Esteban",,TRO_AIG,Changeup,6,4,2,4,3,2,4,2,0,0,1,118.42876,0.2686729031877432,0.5,0.6666666666666666,0.6666666666666666,0.5,59.21438,0.0,0.0,0.5
"Rodriguez, Esteban",,TRO_AIG,Curveball,1,0,0,1,0,0,0,0,0,0,0,0.0,,,1.0,,,,,,
"Rodriguez, Esteban",,TRO_AIG,Sinker,5,2,0,1,0,0,1,2,0,0,0,168.63973,0.208476072009463,0.0,0.2,,0.0,84.319865,0.0,0.0,0.0
"Rodriguez, Esteban",,TRO_AIG,Slider,5,2,1,2,1,0,0,1,0,0,1,70.63464,0.06037027464283745,0.5,0.4,0.0,,70.63464,0.0,0.0,1.0
"Rodriguez, Joe Joe",689487,NEW_JER6,Changeup,59,30,12,17,23,5,16,11,0,0,0,867.75996,0.13237494314321652,0.4,0.288135593220339,0.21739130434782608,0.3125,78.88726909090909,0.0,0.0,0.0
"Rodriguez, Joe Joe",689487,NEW_JER6,Curveball,9,1,0,3,3,0,1,1,1,1,1,112.09217,0.5904118197034228,0.0,0.3333333333333333,0.0,0.0,112.09217,1.0,1.0,1.0
"Rodriguez, Joe Joe",689487,NEW_JER6,Cutter,4,2,1,1,3,1,1,0,0,0,0,0.0,,0.5,0.25,0.3333333333333333,1.0,,,,
"Rodriguez, Joe Joe",689487,NEW_JER6,Four-Seam,55,30,7,12,18,2,11,19,1,1,3,1463.39245,0.1644930830827204,0.23333333333333334,0.21818181818181817,0.1111111111111111,0.18181818181818182,77.02065526315789,0.05263157894736842,0.05263157894736842,0.15789473684210525
"Rodriguez, Joe Joe",689487,NEW_JER6,Sinker,87,46,2,15,24,1,28,37,14,2,10,3250.47876,0.32072969037357485,0.043478260869565216,0.1724137931034483,0.041666666666666664,0.03571428571428571,87.8507772972973,0.3783783783783784,0.05405405405405406,0.2702702702702703
"Rodriguez, Joe Joe",689487,NEW_JER6,Slider,11,3,2,4,2,0,1,1,1,0,1,99.92785,0.48357201420661966,0.6666666666666666,0.36363636363636365,0.0,0.0,99.92785,1.0,0.0,1.0
"Rodriguez, Joe Joe",689487,NEW_JER6,,1,0,0,0,0,0,0,0,0,0,0,0.0,,,0.0,,,,,,
"Rodriguez, Leonardo",673164,NEW_JER6,Changeup,1,0,0,0,0,0,0,0,0,0,0,0.0,,,0.0,,,,,,
"Rodriguez, Leonardo",673164,NEW_JER6,Cutter,9,7,1,1,4,0,3,5,1,0,2,400.39284,0.19435815298666673,0.14285714285714285,0.1111111111111111,0.0,0.0,80.07856799999999,0.2,0.0,0.4
"Rodriguez, Leonardo",673164,NEW_JER6,Four-Seam,57,29,4,13,16,0,15,25,5,0,8,2059.25154,0.25087463147828243,0.13793103448275862,0.22807017543859648,0.0,0.0,82.37006160000001,0.2,0.0,0.32
"Rodriguez, Leonardo",673164,NEW_JER6,Sinker,1,0,0,0,0,0,0,0,0,0,0,0.0,,,0.0,,,,,,
"Rodriguez, Leonardo",673164,NEW_JER6,Slider,9,2,0,1,2,1,1,2,1,0,2,178.0743,0.5176450102709178,0.0,0.1111111111111111,0.5,1.0,89.03715,0.5,0.0,1.0
"Rodriguez, Leonardo",673164,NEW_JER6,,1,0,0,0,0,0,0,0,0,0,0,0.0,,,0.0,,,,,,
"Rodriguez, Luis",693543,TRO_AIG,Changeup,4,3,2,2,4,2,3,1,0,0,1,83.06651,0.4472325973853335,0.6666666666666666,0.5,0.5,0.6666666666666666,83.06651,0.0,0.0,1.0
"Rodriguez, Luis",693543,TRO_AIG,Curveball,1,1,1,1,1,1,1,0,0,0,0,0.0,,1.0,1.0,1.0,1.0,,,,
"Rodriguez, Luis",693543,TRO_AIG,Cutter,24,11,1,9,11,2,8,10,2,1,2,731.66646,0.17973735478773406,0.09090909090909091,0.375,0.18181818181818182,0.25,73.166646,0.2,0.1,0.2
"Rodriguez, Luis",693543,TRO_AIG,Four-Seam,185,56,14,48,30,5,35,39,6,3,16,3073.15665,0.2467443042463691,0.25,0.2594594594594595,0.16666666666666666,0.14285714285714285,78.79888846153845,0.15384615384615385,0.07692307692307693,0.41025641025641024
"Rodriguez, Luis",693543,TRO_AIG,Slider,41,23,12,14,14,5,11,9,0,0,2,707.55312,0.17852377016290547,0.5217391304347826,0.34146341463414637,0.35714285714285715,0.45454545454545453,78.61701333333333,0.0,0.0,0.2222222222222222
"Rodriguez, Luis",693543,TRO_AIG,Splitter,6,2,1,2,6,2,2,1,0,0,0,67.94819,0.0961603541195275,0.5,0.3333333333333333,0.3333333333333333,1.0,67.94819,0.0,0.0,0.0
"Rodriguez, Luis",693543,TRO_AIG,,13,6,4,7,4,2,3,2,0,0,0,144.55954,0.04014288474541655,0.6666666666666666,0.5384615384615384,0.5,0.6666666666666666,72.27977,0.0,0.0,0.0
"Rohde, Isaac",1000135938,NEW_YOR13,Changeup,543,260,57,175,152,28,152,163,18,0,50,12463.41374,0.21322267118841093,0.21923076923076923,0.32228360957642727,0.18421052631578946,0.18421052631578946,76.46266098159509,0.11042944785276074,0.0,0.3067484662576687
"Rohde, Isaac",1000135938,NEW_YOR13,Curveball,33,12,4,8,6,1,5,8,2,1,4,669.24221,0.28553053869069317,0.3333333333333333,0.24242424242424243,0.16666666666666666,0.2,83.65527625,0.25,0.125,0.5
"Rohde, Isaac",1000135938,NEW_YOR13,Slider,3,1,0,0,1,0,0,1,0,0,0,69.97435,0.10534969049111165,0.0,0.0,0.0,,69.97435,0.0,0.0,0.0
"Rohde, Isaac",1000135938,NEW_YOR13,,1,1,0,0,1,0,1,0,0,0,0,0.0,,0.0,0.0,0.0,0.0,,,,
"Roitman, Justin",10319153,WAG_SEA,Changeup,7,3,0,2,0,0,3,3,1,0,1,267.39162,0.240303558867488,0.0,0.2857142857142857,,0.0,89.13054,0.3333333333333333,0.0,0.3333333333333333
"Roitman, Justin",10319153,WAG_SEA,Curveball,2,0,0,1,0,0,0,0,0,0,0,0.0,,,0.5,,,,,,
"Roitman, Justin",10319153,WAG_SEA,Four-Seam,50,15,7,13,7,3,16,8,4,0,4,719.5282500000001,0.41431618486779365,0.4666666666666667,0.26,0.42857142857142855,0.1875,89.94103125000001,0.5,0.0,0.5
"Roitman, Justin",10319153,WAG_SEA,Sinker,6,0,0,1,1,0,0,0,0,0,0,0.0,,,0.16666666666666666,0.0,,,,,
"Roitman, Justin",10319153,WAG_SEA,Slider,49,17,9,21,16,6,13,6,0,0,1,443.67764,0.14124868830128504,0.5294117647058824,0.42857142857142855,0.375,0.46153846153846156,73.94627333333334,0.0,0.0,0.16666666666666666
"Roitman, Justin",10319153,WAG_SEA,,1,0,0,0,0,0,0,0,0,0,0,0.0,,,0.0,,,,,,
"Roland, Cole",813401,QUE_CAP,Changeup,71,26,5,17,11,2,18,17,2,1,6,1328.95506,0.2441542691920055,0.19230769230769232,0.23943661971830985,0.18181818181818182,0.1111111111111111,78.17382705882353,0.11764705882352941,0.058823529411764705,0.35294117647058826
"Roland, Cole",813401,QUE_CAP,Curveball,34,18,4,11,16,3,13,12,1,0,6,886.32613,0.2321090798471571,0.2222222222222222,0.3235294117647059,0.1875,0.23076923076923078,73.86051083333334,0.08333333333333333,0.0,0.5
"Roland, Cole",813401,QUE_CAP,Four-Seam,18,5,0,3,5,0,2,5,0,0,2,387.16777,0.16910444050527942,0.0,0.16666666666666666,0.0,0.0,77.433554,0.0,0.0,0.4
"Roland, Cole",813401,QUE_CAP,Sinker,20,8,1,4,5,0,6,6,3,0,1,539.9835400000001,0.38316601820329327,0.125,0.2,0.0,0.0,89.99725666666667,0.5,0.0,0.16666666666666666
"Roland, Cole",813401,QUE_CAP,Slider,34,10,1,9,9,2,7,9,1,0,1,655.18667,0.14602332256433462,0.1,0.2647058823529412,0.2222222222222222,0.2857142857142857,72.79851888888889,0.1111111111111111,0.0,0.1111111111111111
"Ronne, Andrew",701809,GAT_GRI,Changeup,25,15,6,6,8,2,8,8,1,0,4,587.75175,0.2267187143769151,0.4,0.24,0.25,0.25,73.46896875,0.125,0.0,0.5
"Ronne, Andrew",701809,GAT_GRI,Curveball,17,2,1,2,5,0,3,2,0,0,0,119.65129999999999,0.09609080356507887,0.5,0.11764705882352941,0.0,0.0,59.825649999999996,0.0,0.0,0.0
"Ronne, Andrew",701809,GAT_GRI,Four-Seam,117,50,12,34,34,8,32,34,5,0,11,2748.60894,0.24275437682440096,0.24,0.2905982905982906,0.23529411764705882,0.25,80.84143941176471,0.14705882352941177,0.0,0.3235294117647059
"Ronne, Andrew",701809,GAT_GRI,Sinker,1,0,0,0,1,0,0,0,0,0,0,0.0,,,0.0,0.0,,,,,
"Ronne, Andrew",701809,GAT_GRI,Slider,70,22,12,30,18,4,9,9,0,0,2,687.75907,0.1714605713613953,0.5454545454545454,0.42857142857142855,0.2222222222222222,0.4444444444444444,76.41767444444444,0.0,0.0,0.2222222222222222
"Ryan, Dillon",1000132418,NEW_ENG23,Changeup,30,11,4,6,12,3,9,6,2,1,1,484.0614,0.3181319215576246,0.36363636363636365,0.2,0.25,0.3333333333333333,80.6769,0.3333333333333333,0.16666666666666666,0.16666666666666666
"Ryan, Dillon",1000132418,NEW_ENG23,Curveball,13,6,4,5,4,2,3,1,0,0,1,91.5176,0.5363671215369755,0.6666666666666666,0.38461538461538464,0.5,0.6666666666666666,91.5176,0.0,0.0,1.0
"Ryan, Dillon",1000132418,NEW_ENG23,Four-Seam,27,11,2,7,6,1,6,10,2,0,4,779.71213,0.23657651161474957,0.18181818181818182,0.25925925925925924,0.16666666666666666,0.16666666666666666,77.971213,0.2,0.0,0.4
"Ryan, Dillon",1000132418,NEW_ENG23,Sinker,173,70,17,42,51,3,30,45,4,1,24,3511.70333,0.25475500414993346,0.24285714285714285,0.24277456647398843,0.058823529411764705,0.1,78.03785177777777,0.08888888888888889,0.022222222222222223,0.5333333333333333
"Ryan, Dillon",1000132418,NEW_ENG23,Slider,93,38,13,30,35,9,23,18,0,0,2,1303.91183,0.15357048048281496,0.34210526315789475,0.3225806451612903,0.2571428571428571,0.391304347826087,72.43954611111111,0.0,0.0,0.1111111111111111
"Rybarczyk, Ty",1000084463,JOL_SLA,Changeup,8,3,2,2,3,1,2,1,0,0,0,73.81608,0.15389117762893478,0.6666666666666666,0.25,0.3333333333333333,0.5,73.81608,0.0,0.0,0.0
"Rybarczyk, Ty",1000084463,JOL_SLA,Curveball,11,1,0,2,1,0,0,1,0,0,1,91.63794,0.5370489127557995,0.0,0.18181818181818182,0.0,,91.63794,0.0,0.0,1.0
"Rybarczyk, Ty",1000084463,JOL_SLA,Four-Seam,55,24,5,8,17,1,12,14,5,1,6,1182.94197,0.3197712565285161,0.20833333333333334,0.14545454545454545,0.058823529411764705,0.08333333333333333,84.495855,0.35714285714285715,0.07142857142857142,0.42857142857142855
"Rybarczyk, Ty",1000084463,JOL_SLA,Sinker,3,2,0,0,2,0,1,1,1,0,1,100.2588,0.34742796946212584,0.0,0.0,0.0,0.0,100.2588,1.0,0.0,1.0
"Rybarczyk, Ty",1000084463,JOL_SLA,Slider,35,15,4,11,6,2,7,10,3,0,7,829.99551,0.31067355050702555,0.26666666666666666,0.3142857142857143,0.3333333333333333,0.2857142857142857,82.999551,0.3,0.0,0.7
"Rybarczyk, Ty",1000084463,JOL_SLA,,2,0,0,0,0,0,0,0,0,0,0,0.0,,,0.0,,,,,,
"Sabatine, Gino",1000229070,TRI_VAL,Changeup,269,115,15,55,62,4,77,83,26,1,21,7050.7267600000005,0.2997571174687332,0.13043478260869565,0.20446096654275092,0.06451612903225806,0.05194805194805195,84.9485151807229,0.3132530120481928,0.012048192771084338,0.25301204819277107
"Sabatine, Gino",1000229070,TRI_VAL,Curveball,28,12,2,7,9,0,7,9,3,0,3,781.08673,0.27948674101257587,0.16666666666666666,0.25,0.0,0.0,86.78741444444444,0.3333333333333333,0.0,0.3333333333333333
"Sabatine, Gino",1000229070,TRI_VAL,Cutter,1,0,0,0,0,0,0,0,0,0,0,0.0,,,0.0,,,,,,
"Sabatine, Gino",1000229070,TRI_VAL,Four-Seam,34,10,1,10,10,0,10,9,3,1,3,817.9010099999999,0.3627833845938123,0.1,0.29411764705882354,0.0,0.0,90.87789,0.3333333333333333,0.1111111111111111,0.3333333333333333
"Sabatine, Gino",1000229070,TRI_VAL,Sinker,40,16,3,10,11,1,11,12,1,0,4,924.0878299999999,0.21109126265090628,0.1875,0.25,0.09090909090909091,0.09090909090909091,77.00731916666666,0.08333333333333333,0.0,0.3333333333333333
"Sabatine, Gino",1000229070,TRI_VAL,Slider,109,63,15,29,28,6,37,41,9,1,17,3368.69893,0.28921055339329305,0.23809523809523808,0.26605504587155965,0.21428571428571427,0.16216216216216217,82.16338853658537,0.21951219512195122,0.024390243902439025,0.4146341463414634
"Sabatine, Gino",1000229070,TRI_VAL,,6,2,0,0,0,0,2,0,0,0,0,0.0,,0.0,0.0,,0.0,,,,
"Sakurai, Masatoshi",1000429128,QUE_CAP,Changeup,103,44,15,26,32,5,22,24,4,0,7,1872.1708800000001,0.25019676194752766,0.3409090909090909,0.2524271844660194,0.15625,0.22727272727272727,78.00712,0.16666666666666666,0.0,0.2916666666666667
"Sakurai, Masatoshi",1000429128,QUE_CAP,Curveball,89,51,12,20,32,6,29,30,8,0,9,2529.55671,0.30149523870930595,0.23529411764705882,0.2247191011235955,0.1875,0.20689655172413793,84.318557,0.26666666666666666,0.0,0.3
"Sakurai, Masatoshi",1000429128,QUE_CAP,Cutter,5,2,0,1,2,0,0,2,0,0,0,149.38389,0.1257186830628687,0.0,0.2,0.0,,74.691945,0.0,0.0,0.0
"Sakurai, Masatoshi",1000429128,QUE_CAP,Four-Seam,308,146,30,99,77,15,75,113,21,4,36,8979.83864,0.23229630874585291,0.2054794520547945,0.32142857142857145,0.19480519480519481,0.2,79.4675985840708,0.18584070796460178,0.035398230088495575,0.3185840707964602
"Sakurai, Masatoshi",1000429128,QUE_CAP,Sinker,10,4,0,2,5,1,5,4,2,0,1,364.97691,0.32119405256783673,0.0,0.2,0.2,0.2,91.2442275,0.5,0.0,0.25
"Sakurai, Masatoshi",1000429128,QUE_CAP,Slider,92,46,10,26,30,5,27,32,9,2,6,2617.21896,0.256241962667554,0.21739130434782608,0.2826086956521739,0.16666666666666666,0.18518518518518517,81.7880925,0.28125,0.0625,0.1875
"Sakurai, Masatoshi",1000429128,QUE_CAP,Splitter,2,1,0,1,0,0,1,1,0,0,0,81.86513,0.21844390967815686,0.0,0.5,,0.0,81.86513,0.0,0.0,0.0
"Sakurai, Masatoshi",1000429128,QUE_CAP,,2,1,0,0,1,0,0,0,0,0,0,0.0,,0.0,0.0,0.0,,,,,
"Salata, Derek",1000057774,SCH_BOO,Changeup,24,17,5,7,10,3,11,10,1,0,1,820.18028,0.2173717961898523,0.29411764705882354,0.2916666666666667,0.3,0.2727272727272727,82.018028,0.1,0.0,0.1
"Salata, Derek",1000057774,SCH_BOO,Curveball,52,24,9,17,30,6,14,12,1,0,5,898.7200399999999,0.2383186382977507,0.375,0.3269230769230769,0.2,0.42857142857142855,74.89333666666666,0.08333333333333333,0.0,0.4166666666666667
"Salata, Derek",1000057774,SCH_BOO,Cutter,65,25,5,16,14,1,16,18,1,0,10,1397.98489,0.23945544750286216,0.2,0.24615384615384617,0.07142857142857142,0.0625,77.66582722222222,0.05555555555555555,0.0,0.5555555555555556
"Salata, Derek",1000057774,SCH_BOO,Four-Seam,320,159,31,88,96,17,76,114,19,2,41,9131.57619,0.23928198880234328,0.1949685534591195,0.275,0.17708333333333334,0.2236842105263158,80.10154552631579,0.16666666666666666,0.017543859649122806,0.35964912280701755
"Salata, Derek",1000057774,SCH_BOO,Sinker,2,0,0,1,0,0,0,0,0,0,0,0.0,,,0.5,,,,,,
"Salata, Derek",1000057774,SCH_BOO,Slider,108,41,9,33,30,6,24,27,5,1,14,2217.83261,0.3073591757087311,0.21951219512195122,0.3055555555555556,0.2,0.25,82.14194851851852,0.18518518518518517,0.037037037037037035,0.5185185185185185
"Salata, Derek",1000057774,SCH_BOO,Splitter,65,34,14,22,27,7,18,18,4,1,2,1429.69326,0.1793584041870923,0.4117647058823529,0.3384615384615385,0.25925925925925924,0.3888888888888889,79.42740333333333,0.2222222222222222,0.05555555555555555,0.1111111111111111
"Salata, Derek",1000057774,SCH_BOO,,10,6,1,2,1,0,3,0,0,0,0,0.0,,0.16666666666666666,0.2,0.0,0.0,,,,
"Sampson, Mitchel",1000233013,WIN_CIT29,Changeup,1,0,0,0,1,0,0,0,0,0,0,0.0,,,0.0,0.0,,,,,
"Sampson, Mitchel",1000233013,WIN_CIT29,Curveball,7,2,2,2,1,1,1,0,0,0,0,0.0,,1.0,0.2857142857142857,1.0,1.0,,,,
"Sampson, Mitchel",1000233013,WIN_CIT29,Cutter,22,8,1,5,1,0,4,4,1,0,3,317.52566,0.2665485338599586,0.125,0.22727272727272727,0.0,0.0,79.381415,0.25,0.0,0.75
"Sampson, Mitchel",1000233013,WIN_CIT29,Four-Seam,38,15,1,5,6,1,15,12,2,0,5,990.49773,0.333233231559565,0.06666666666666667,0.13157894736842105,0.16666666666666666,0.06666666666666667,82.5414775,0.16666666666666666,0.0,0.4166666666666667
"Sampson, Mitchel",1000233013,WIN_CIT29,Slider,9,6,3,4,1,0,2,3,0,0,1,240.91741000000002,0.21023281470357183,0.5,0.4444444444444444,0.0,0.0,80.30580333333334,0.0,0.0,0.3333333333333333
"Sanchez, Dikember",699129,LAK_ERI24,Changeup,2,1,1,1,0,0,0,0,0,0,0,0.0,,1.0,0.5,,,,,,
"Sanchez, Dikember",699129,LAK_ERI24,Curveball,4,2,2,2,2,1,1,0,0,0,0,0.0,,1.0,0.5,0.5,1.0,,,,
"Sanchez, Dikember",699129,LAK_ERI24,Cutter,6,3,1,4,1,1,1,2,0,0,1,125.59868,0.06671874518186002,0.3333333333333333,0.6666666666666666,1.0,1.0,62.79934,0.0,0.0,0.5
"Sanchez, Dikember",699129,LAK_ERI24,Four-Seam,131,52,4,21,17,3,43,45,15,1,18,3653.13264,0.2780641791836232,0.07692307692307693,0.16030534351145037,0.17647058823529413,0.06976744186046512,81.18072533333333,0.3333333333333333,0.022222222222222223,0.4
"Sanchez, Dikember",699129,LAK_ERI24,Sinker,21,8,2,3,2,0,5,4,0,0,1,280.2852,0.1339094852721731,0.25,0.14285714285714285,0.0,0.0,70.0713,0.0,0.0,0.25
"Sanchez, Dikember",699129,LAK_ERI24,Slider,111,37,20,42,31,10,23,15,2,0,5,1273.49156,0.27546741736621005,0.5405405405405406,0.3783783783783784,0.3225806451612903,0.43478260869565216,84.89943733333332,0.13333333333333333,0.0,0.3333333333333333
"Sanchez, Edwin",10990724,LAK_ERI24,Changeup,4,1,1,1,1,0,0,0,0,0,0,0.0,,1.0,0.25,0.0,,,,,
"Sanchez, Edwin",10990724,LAK_ERI24,Curveball,5,2,1,2,4,1,1,1,0,0,0,75.27084,0.15083130407326462,0.5,0.4,0.25,1.0,75.27084,0.0,0.0,0.0
"Sanchez, Edwin",10990724,LAK_ERI24,Sinker,8,6,0,1,3,0,2,5,1,1,1,371.29008,0.09373710172805753,0.0,0.125,0.0,0.0,74.258016,0.2,0.2,0.2
"Sanchez, Edwin",10990724,LAK_ERI24,Slider,1,0,0,0,0,0,0,0,0,0,0,0.0,,,0.0,,,,,,
"Sanchez, Edwin",835958,LAK_ERI24,Changeup,55,18,8,14,26,6,14,7,1,0,1,498.1069,0.1589379652556466,0.4444444444444444,0.2545454545454545,0.23076923076923078,0.42857142857142855,71.15812857142858,0.14285714285714285,0.0,0.14285714285714285
"Sanchez, Edwin",835958,LAK_ERI24,Curveball,53,28,12,17,21,2,7,12,1,0,4,958.87673,0.24157342293984327,0.42857142857142855,0.32075471698113206,0.09523809523809523,0.2857142857142857,79.90639416666666,0.08333333333333333,0.0,0.3333333333333333
"Sanchez, Edwin",835958,LAK_ERI24,Four-Seam,28,16,3,7,7,1,5,12,1,0,4,958.84779,0.18596050162219965,0.1875,0.25,0.14285714285714285,0.2,79.9039825,0.08333333333333333,0.0,0.3333333333333333
"Sanchez, Edwin",835958,LAK_ERI24,Sinker,94,39,6,26,29,3,24,28,4,0,11,2228.04484,0.24367731875577214,0.15384615384615385,0.2765957446808511,0.10344827586206896,0.125,79.57303,0.14285714285714285,0.0,0.39285714285714285
"Sanchez, Edwin",835958,LAK_ERI24,Slider,13,8,3,4,6,2,4,3,0,0,0,186.26058999999998,0.12313787652539805,0.375,0.3076923076923077,0.3333333333333333,0.5,62.086863333333326,0.0,0.0,0.0
"Sanders, Brayden",695550,MIS_MUD,Curveball,4,3,2,2,3,1,1,0,0,0,0,0.0,,0.6666666666666666,0.5,0.3333333333333333,1.0,,,,
"Sanders, Brayden",695550,MIS_MUD,Cutter,7,0,0,1,2,0,0,0,0,0,0,0.0,,,0.14285714285714285,0.0,,,,,
"Sanders, Brayden",695550,MIS_MUD,Four-Seam,47,20,6,17,10,2,13,14,3,0,10,1095.08043,0.3213374646103238,0.3,0.3617021276595745,0.2,0.15384615384615385,78.22003071428571,0.21428571428571427,0.0,0.7142857142857143
"Sanders, Brayden",695550,MIS_MUD,Slider,8,1,1,2,2,1,1,0,0,0,0,0.0,,1.0,0.25,0.5,1.0,,,,
"Saturria, Michael",800014,NEW_ENG23,Changeup,2,1,0,0,1,0,1,1,0,0,1,73.79006,0.09126829426866101,0.0,0.0,0.0,0.0,73.79006,0.0,0.0,1.0
"Saturria, Michael",800014,NEW_ENG23,Curveball,25,12,3,4,12,1,4,6,0,0,1,430.4926,0.16826586462034768,0.25,0.16,0.08333333333333333,0.25,71.74876666666667,0.0,0.0,0.16666666666666666
"Saturria, Michael",800014,NEW_ENG23,Cutter,155,69,21,47,40,9,31,39,6,0,8,3051.15307,0.2304445475339343,0.30434782608695654,0.3032258064516129,0.225,0.2903225806451613,78.23469410256409,0.15384615384615385,0.0,0.20512820512820512
"Saturria, Michael",800014,NEW_ENG23,Four-Seam,3,1,0,1,0,0,0,2,0,0,2,170.87452000000002,0.34733257693027164,0.0,0.3333333333333333,,,85.43726000000001,0.0,0.0,1.0
"Saturria, Michael",800014,NEW_ENG23,Sinker,1,1,0,0,1,0,1,1,0,0,0,65.15619,0.036856062626670294,0.0,0.0,0.0,0.0,65.15619,0.0,0.0,0.0
"Saturria, Michael",800014,NEW_ENG23,Slider,144,74,27,47,48,15,41,39,8,1,12,3100.30269,0.22703641982831582,0.36486486486486486,0.3263888888888889,0.3125,0.36585365853658536,79.49494076923077,0.20512820512820512,0.02564102564102564,0.3076923076923077
"Saturria, Michael",800014,NEW_ENG23,,1,0,0,0,0,0,0,0,0,0,0,0.0,,,0.0,,,,,,
"Scafidi, Christian",690280,LAK_ERI24,Changeup,12,5,1,3,1,0,4,4,2,0,1,349.25113,0.32066753764161127,0.2,0.25,0.0,0.0,87.3127825,0.5,0.0,0.25
"Scafidi, Christian",690280,LAK_ERI24,Curveball,43,13,3,11,28,5,10,10,0,0,4,740.31636,0.18677478777377665,0.23076923076923078,0.2558139534883721,0.17857142857142858,0.5,74.031636,0.0,0.0,0.4
"Scafidi, Christian",690280,LAK_ERI24,Cutter,21,10,1,3,3,0,3,7,0,0,3,521.28405,0.18829691682799518,0.1,0.14285714285714285,0.0,0.0,74.46915,0.0,0.0,0.42857142857142855
"Scafidi, Christian",690280,LAK_ERI24,Four-Seam,128,56,7,26,36,4,38,42,4,0,14,3268.69662,0.19775657988047038,0.125,0.203125,0.1111111111111111,0.10526315789473684,77.82611,0.09523809523809523,0.0,0.3333333333333333
"Scafidi, Christian",690280,LAK_ERI24,Sinker,1,1,0,0,0,0,1,1,0,0,0,89.30206,0.28484963062701285,0.0,0.0,,0.0,89.30206,0.0,0.0,0.0
"Scafidi, Christian",690280,LAK_ERI24,Slider,117,48,15,43,28,6,20,21,4,0,7,1700.87979,0.24156240877387442,0.3125,0.36752136752136755,0.21428571428571427,0.3,80.9942757142857,0.19047619047619047,0.0,0.3333333333333333
"Scafidi, Christian",690280,LAK_ERI24,,8,0,0,1,2,0,1,0,0,0,0,0.0,,,0.125,0.0,0.0,,,,
"Scott, Brandon",1000138331,LAK_ERI24,Changeup,143,69,13,32,40,7,41,39,10,1,10,3334.09484,0.30292039193163006,0.18840579710144928,0.22377622377622378,0.175,0.17073170731707318,85.48961128205129,0.2564102564102564,0.02564102564102564,0.2564102564102564
"Scott, Brandon",1000138331,LAK_ERI24,Curveball,26,10,1,6,6,2,4,6,0,0,4,462.12316,0.28953364681809024,0.1,0.23076923076923078,0.3333333333333333,0.5,77.02052666666667,0.0,0.0,0.6666666666666666
"Scott, Brandon",1000138331,LAK_ERI24,Cutter,1,0,0,0,0,0,1,0,0,0,0,0.0,,,0.0,,0.0,,,,
"Scott, Brandon",1000138331,LAK_ERI24,Four-Seam,282,114,17,57,65,6,68,90,15,1,24,7284.94987,0.23111649283949598,0.14912280701754385,0.20212765957446807,0.09230769230769231,0.08823529411764706,80.94388744444444,0.16666666666666666,0.011111111111111112,0.26666666666666666
"Scott, Brandon",1000138331,LAK_ERI24,Sinker,39,12,0,13,9,1,11,9,3,2,4,800.91135,0.32861889531579175,0.0,0.3333333333333333,0.1111111111111111,0.09090909090909091,88.99015,0.3333333333333333,0.2222222222222222,0.4444444444444444
"Scott, Brandon",1000138331,LAK_ERI24,Slider,90,34,6,22,23,3,21,24,6,0,7,1984.94454,0.26610706172764,0.17647058823529413,0.24444444444444444,0.13043478260869565,0.14285714285714285,82.7060225,0.25,0.0,0.2916666666666667
"Scott, Brandon",1000138331,LAK_ERI24,,4,2,0,1,0,0,1,0,0,0,0,0.0,,0.0,0.25,,0.0,,,,
"Scott, Nate",10994268,FLO_Y'A,Four-Seam,18,8,3,7,2,1,2,4,1,0,2,268.43675,0.2028084324167253,0.375,0.3888888888888889,0.5,0.5,67.1091875,0.25,0.0,0.5
"Scott, Nate",10994268,FLO_Y'A,Slider,9,3,0,0,5,0,3,3,1,0,1,250.77473,0.2682380767523809,0.0,0.0,0.0,0.0,83.59157666666667,0.3333333333333333,0.0,0.3333333333333333
"Sechrist, Zander",801415,WAS_WIL3,Changeup,136,60,17,38,33,8,36,39,9,1,12,3179.66097,0.26986738913986524,0.2833333333333333,0.27941176470588236,0.24242424242424243,0.2222222222222222,81.52976846153845,0.23076923076923078,0.02564102564102564,0.3076923076923077
"Sechrist, Zander",801415,WAS_WIL3,Curveball,61,30,5,17,12,1,15,20,2,0,6,1413.69831,0.17227578887660294,0.16666666666666666,0.2786885245901639,0.08333333333333333,0.06666666666666667,70.6849155,0.1,0.0,0.3
"Sechrist, Zander",801415,WAS_WIL3,Cutter,27,12,3,6,10,0,7,9,0,0,1,615.9111399999999,0.15393728406303822,0.25,0.2222222222222222,0.0,0.0,68.4345711111111,0.0,0.0,0.1111111111111111
"Sechrist, Zander",801415,WAS_WIL3,Four-Seam,72,28,3,19,11,3,24,23,8,1,9,1991.11907,0.29477637175337285,0.10714285714285714,0.2638888888888889,0.2727272727272727,0.125,86.57039434782608,0.34782608695652173,0.043478260869565216,0.391304347826087
"Sechrist, Zander",801415,WAS_WIL3,Sinker,67,30,3,18,20,2,17,25,5,0,9,2039.85623,0.25474149613987934,0.1,0.26865671641791045,0.1,0.11764705882352941,81.59424920000001,0.2,0.0,0.36
"Sechrist, Zander",801415,WAS_WIL3,Slider,27,14,3,9,5,2,11,9,1,0,3,646.93083,0.23019341716412026,0.21428571428571427,0.3333333333333333,0.4,0.18181818181818182,71.88120333333333,0.1111111111111111,0.0,0.3333333333333333
"Sechrist, Zander",801415,WAS_WIL3,Splitter,3,1,0,2,1,0,1,1,0,0,0,81.67336,0.21367933402699124,0.0,0.6666666666666666,0.0,0.0,81.67336,0.0,0.0,0.0
"Serrano, Elio",665939,NEW_JER6,Changeup,37,22,7,10,12,1,6,8,0,0,1,549.26628,0.11094059136960924,0.3181818181818182,0.2702702702702703,0.08333333333333333,0.16666666666666666,68.658285,0.0,0.0,0.125
"Serrano, Elio",665939,NEW_JER6,Curveball,38,12,5,14,15,3,7,4,0,0,2,330.82355,0.30958346632257155,0.4166666666666667,0.3684210526315789,0.2,0.42857142857142855,82.7058875,0.0,0.0,0.5
"Serrano, Elio",665939,NEW_JER6,Four-Seam,176,94,18,42,53,10,48,66,11,2,23,5317.55505,0.23863920513535725,0.19148936170212766,0.23863636363636365,0.18867924528301888,0.20833333333333334,80.56901590909091,0.16666666666666666,0.030303030303030304,0.3484848484848485
"Serrano, Elio",665939,NEW_JER6,Other,1,0,0,0,0,0,0,0,0,0,0,0.0,,,0.0,,,,,,
"Serrano, Elio",665939,NEW_JER6,Sinker,2,1,0,0,0,0,1,1,0,0,0,76.90453,0.16872495756887484,0.0,0.0,,0.0,76.90453,0.0,0.0,0.0
"Serrano, Elio",665939,NEW_JER6,Slider,39,20,5,11,13,3,13,14,4,0,3,1127.90051,0.25749845508888136,0.25,0.28205128205128205,0.23076923076923078,0.23076923076923078,80.56432214285714,0.2857142857142857,0.0,0.21428571428571427
"Serrano, Elio",665939,NEW_JER6,,4,3,2,2,0,0,1,0,0,0,0,0.0,,0.6666666666666666,0.5,,0.0,,,,
"Serratos, Oscar",8898893,WIN_CIT29,Changeup,1,0,0,0,1,0,0,0,0,0,0,0.0,,,0.0,0.0,,,,,
"Serratos, Oscar",8898893,WIN_CIT29,Four-Seam,29,16,4,8,5,2,8,11,1,0,3,876.89399,0.25238496718638753,0.25,0.27586206896551724,0.4,0.25,79.71763545454546,0.09090909090909091,0.0,0.2727272727272727
"Serratos, Oscar",8898893,WIN_CIT29,Sinker,4,2,0,0,0,0,2,2,1,0,0,191.85662,0.3475539596366497,0.0,0.0,,0.0,95.92831,0.5,0.0,0.0
"Serratos, Oscar",8898893,WIN_CIT29,Slider,6,3,1,1,3,0,1,2,1,0,0,171.88717,0.39193497234963015,0.3333333333333333,0.16666666666666666,0.0,0.0,85.943585,0.5,0.0,0.0
"Serratos, Oscar",8898893,WIN_CIT29,,13,7,1,2,6,1,3,0,0,0,0,0.0,,0.14285714285714285,0.15384615384615385,0.16666666666666666,0.3333333333333333,,,,
"Sesar, Jorden",813853,SUS_COU1,Changeup,43,20,6,7,21,5,11,9,0,0,3,649.05727,0.12171949774583132,0.3,0.16279069767441862,0.23809523809523808,0.45454545454545453,72.11747444444444,0.0,0.0,0.3333333333333333
"Sesar, Jorden",813853,SUS_COU1,Curveball,76,23,3,24,28,4,16,17,0,0,5,1252.91027,0.1916094969880025,0.13043478260869565,0.3157894736842105,0.14285714285714285,0.25,73.70060411764706,0.0,0.0,0.29411764705882354
"Sesar, Jorden",813853,SUS_COU1,Cutter,1,0,0,1,0,0,0,0,0,0,0,0.0,,,1.0,,,,,,
"Sesar, Jorden",813853,SUS_COU1,Four-Seam,368,173,39,94,90,16,93,125,20,4,33,9973.27597,0.2122382430287524,0.2254335260115607,0.2554347826086957,0.17777777777777778,0.17204301075268819,79.78620776000001,0.16,0.032,0.264
"Sesar, Jorden",813853,SUS_COU1,Sinker,4,2,0,0,2,0,1,1,0,0,1,82.79826,0.4644573890474465,0.0,0.0,0.0,0.0,82.79826,0.0,0.0,1.0
"Sesar, Jorden",813853,SUS_COU1,Slider,26,14,3,4,10,2,5,6,1,0,0,456.76953000000003,0.10069683655960408,0.21428571428571427,0.15384615384615385,0.2,0.4,76.12825500000001,0.16666666666666666,0.0,0.0
"Sesar, Jorden",813853,SUS_COU1,Splitter,13,5,3,4,4,1,3,2,0,0,0,175.02136000000002,0.24891791665752833,0.6,0.3076923076923077,0.25,0.3333333333333333,87.51068000000001,0.0,0.0,0.0
"Sesar, Jorden",813853,SUS_COU1,,1,0,0,1,0,0,0,0,0,0,0,0.0,,,1.0,,,,,,
"Shaneyfelt, Tyler",10029185,FLO_Y'A,Four-Seam,23,10,1,6,5,1,7,5,2,0,4,462.82655,0.4920426062348672,0.1,0.2608695652173913,0.2,0.14285714285714285,92.56531,0.4,0.0,0.8
"Shears, Tanner",808632,SCH_BOO,Changeup,14,2,1,7,6,3,5,1,0,0,0,87.71968,0.3219175210889995,0.5,0.5,0.5,0.6,87.71968,0.0,0.0,0.0
"Shears, Tanner",808632,SCH_BOO,Curveball,2,0,0,0,2,0,0,0,0,0,0,0.0,,,0.0,0.0,,,,,
"Shears, Tanner",808632,SCH_BOO,Cutter,9,2,0,4,0,0,1,1,0,0,0,92.98749,0.31763077824605246,0.0,0.4444444444444444,,0.0,92.98749,0.0,0.0,0.0
"Shears, Tanner",808632,SCH_BOO,Four-Seam,128,39,16,44,25,8,24,19,0,0,8,1413.43486,0.19671979235031295,0.41025641025641024,0.34375,0.32,0.3333333333333333,74.39130842105264,0.0,0.0,0.42105263157894735
"Shears, Tanner",808632,SCH_BOO,Sinker,41,14,2,9,9,1,12,9,3,0,3,705.3814600000001,0.2817254274737074,0.14285714285714285,0.21951219512195122,0.1111111111111111,0.08333333333333333,78.37571777777778,0.3333333333333333,0.0,0.3333333333333333
"Shears, Tanner",808632,SCH_BOO,Slider,12,3,0,2,0,0,2,3,0,0,0,255.47051,0.1791607899172408,0.0,0.16666666666666666,,0.0,85.15683666666666,0.0,0.0,0.0
"Shears, Tanner",808632,SCH_BOO,Splitter,33,12,2,6,19,4,12,8,0,0,2,568.07181,0.15967939653801927,0.16666666666666666,0.18181818181818182,0.21052631578947367,0.3333333333333333,71.00897625,0.0,0.0,0.25
"Shinn, Nathan",1000490914,LAK_ERI24,Changeup,41,19,2,12,5,0,12,16,2,0,7,1291.34863,0.25276747517375614,0.10526315789473684,0.2926829268292683,0.0,0.0,80.709289375,0.125,0.0,0.4375
"Shinn, Nathan",1000490914,LAK_ERI24,Curveball,88,40,17,29,34,9,22,19,4,0,6,1594.58898,0.2786073730637167,0.425,0.32954545454545453,0.2647058823529412,0.4090909090909091,83.92573578947368,0.21052631578947367,0.0,0.3157894736842105
"Shinn, Nathan",1000490914,LAK_ERI24,Four-Seam,250,103,17,66,55,8,57,73,11,0,22,5651.82837,0.21358293312380905,0.1650485436893204,0.264,0.14545454545454545,0.14035087719298245,77.42230643835617,0.1506849315068493,0.0,0.3013698630136986
"Shinn, Nathan",1000490914,LAK_ERI24,Other,1,0,0,0,0,0,0,0,0,0,0,0.0,,,0.0,,,,,,
"Shinn, Nathan",1000490914,LAK_ERI24,Sinker,50,23,3,15,8,1,14,20,4,0,6,1633.05695,0.23914341005166548,0.13043478260869565,0.3,0.125,0.07142857142857142,81.6528475,0.2,0.0,0.3
"Shinn, Nathan",1000490914,LAK_ERI24,Slider,138,77,33,49,44,19,46,34,5,1,11,2590.30838,0.2165516702579343,0.42857142857142855,0.35507246376811596,0.4318181818181818,0.41304347826086957,76.1855405882353,0.14705882352941177,0.029411764705882353,0.3235294117647059
"Shinn, Nathan",1000490914,LAK_ERI24,Splitter,1,1,0,0,1,0,1,1,0,0,0,81.49345,0.25696349494182014,0.0,0.0,0.0,0.0,81.49345,0.0,0.0,0.0
"Shoemaker, Adam",692248,QUE_CAP,Changeup,11,5,3,3,1,0,0,2,0,0,0,127.63262,0.10231375812224763,0.6,0.2727272727272727,0.0,,63.81631,0.0,0.0,0.0
"Shoemaker, Adam",692248,QUE_CAP,Curveball,2,2,1,1,1,0,1,1,1,1,1,98.55163,0.44591270083089196,0.5,0.5,0.0,0.0,98.55163,1.0,1.0,1.0
"Shoemaker, Adam",692248,QUE_CAP,Cutter,2,0,0,1,0,0,0,0,0,0,0,0.0,,,0.5,,,,,,
"Shoemaker, Adam",692248,QUE_CAP,Four-Seam,16,6,2,6,4,1,5,3,1,0,0,267.6815,0.29217187391854027,0.3333333333333333,0.375,0.25,0.2,89.22716666666668,0.3333333333333333,0.0,0.0
"Shoemaker, Adam",692248,QUE_CAP,Sinker,62,22,7,23,12,5,18,13,2,0,3,1081.11098,0.26363456663148005,0.3181818181818182,0.3709677419354839,0.4166666666666667,0.2777777777777778,83.16238307692308,0.15384615384615385,0.0,0.23076923076923078
"Shoemaker, Adam",692248,QUE_CAP,Slider,66,28,16,29,29,8,15,6,2,0,4,524.81016,0.4001788211832158,0.5714285714285714,0.4393939393939394,0.27586206896551724,0.5333333333333333,87.46836,0.3333333333333333,0.0,0.6666666666666666
"Shoemaker, Adam",692248,QUE_CAP,,2,1,1,2,0,0,0,0,0,0,0,0.0,,1.0,1.0,,,,,,
"Silva, Justin",1000218853,SUS_COU1,Curveball,3,0,0,1,2,1,1,0,0,0,0,0.0,,,0.3333333333333333,0.5,1.0,,,,
"Silva, Justin",1000218853,SUS_COU1,Four-Seam,3,1,0,1,0,0,0,0,0,0,0,0.0,,0.0,0.3333333333333333,,,,,,
"Simone, Andrew",1000132681,TRO_AIG,Changeup,57,31,11,20,15,4,15,16,3,0,6,1321.62556,0.2753262575083605,0.3548387096774194,0.3508771929824561,0.26666666666666666,0.26666666666666666,82.6015975,0.1875,0.0,0.375
"Simone, Andrew",1000132681,TRO_AIG,Curveball,3,0,0,0,0,0,0,0,0,0,0,0.0,,,0.0,,,,,,
"Simone, Andrew",1000132681,TRO_AIG,Cutter,20,10,4,7,5,1,5,6,0,0,1,468.05889,0.24313761828787397,0.4,0.35,0.2,0.2,78.009815,0.0,0.0,0.16666666666666666
"Simone, Andrew",1000132681,TRO_AIG,Four-Seam,109,48,9,31,29,7,31,34,10,1,10,2842.02123,0.27767619758971007,0.1875,0.28440366972477066,0.2413793103448276,0.22580645161290322,83.58885970588234,0.29411764705882354,0.029411764705882353,0.29411764705882354
"Simone, Andrew",1000132681,TRO_AIG,Sinker,9,4,1,2,2,0,2,3,0,0,1,247.33606,0.25606111066860593,0.25,0.2222222222222222,0.0,0.0,82.44535333333333,0.0,0.0,0.3333333333333333
"Simone, Andrew",1000132681,TRO_AIG,Slider,45,24,4,8,8,1,13,19,4,1,5,1503.95298,0.20286884088239746,0.16666666666666666,0.17777777777777778,0.125,0.07692307692307693,79.15542,0.21052631578947367,0.05263157894736842,0.2631578947368421
"Simone, Andrew",1000132681,TRO_AIG,,5,0,0,3,0,0,0,0,0,0,0,0.0,,,0.6,,,,,,
"Simpson, Garret",1000073158,EVA_OTT,Changeup,61,30,7,14,22,1,17,16,5,2,7,1344.71897,0.3513616950984837,0.23333333333333334,0.22950819672131148,0.045454545454545456,0.058823529411764705,84.044935625,0.3125,0.125,0.4375
"Simpson, Garret",1000073158,EVA_OTT,Curveball,64,22,8,22,15,5,18,11,1,0,1,875.9283800000001,0.1903078505991858,0.36363636363636365,0.34375,0.3333333333333333,0.2777777777777778,79.62985272727273,0.09090909090909091,0.0,0.09090909090909091
"Simpson, Garret",1000073158,EVA_OTT,Cutter,64,38,14,26,7,2,20,22,4,1,2,1808.79473,0.2598547148479472,0.3684210526315789,0.40625,0.2857142857142857,0.1,82.21794227272727,0.18181818181818182,0.045454545454545456,0.09090909090909091
"Simpson, Garret",1000073158,EVA_OTT,Four-Seam,240,115,10,43,70,6,61,74,15,3,28,6073.27544,0.275302408267976,0.08695652173913043,0.17916666666666667,0.08571428571428572,0.09836065573770492,82.07128972972973,0.20270270270270271,0.04054054054054054,0.3783783783783784
"Simpson, Garret",1000073158,EVA_OTT,Slider,28,12,4,12,8,1,5,7,1,0,4,578.66126,0.3098629772081632,0.3333333333333333,0.42857142857142855,0.125,0.2,82.66589428571429,0.14285714285714285,0.0,0.5714285714285714
"Simpson, Garret",1000073158,EVA_OTT,Sweeper,36,19,7,13,16,4,11,8,2,1,2,663.92679,0.24891881580667094,0.3684210526315789,0.3611111111111111,0.25,0.36363636363636365,82.99084875,0.25,0.125,0.25
"Sittinger, Brandyn",670087,LAK_ERI24,Changeup,7,5,3,4,3,1,2,2,0,0,0,157.43106,0.13929402016935777,0.6,0.5714285714285714,0.3333333333333333,0.5,78.71553,0.0,0.0,0.0
"Sittinger, Brandyn",670087,LAK_ERI24,Curveball,2,2,0,0,1,0,2,2,2,0,2,201.60534,0.5758680343191036,0.0,0.0,0.0,0.0,100.80267,1.0,0.0,1.0
"Sittinger, Brandyn",670087,LAK_ERI24,Cutter,14,8,4,6,5,2,3,1,0,0,0,63.52409,0.0539904020050892,0.5,0.42857142857142855,0.4,0.6666666666666666,63.52409,0.0,0.0,0.0
"Sittinger, Brandyn",670087,LAK_ERI24,Four-Seam,152,78,20,41,35,8,40,54,7,0,18,4237.9705,0.23664149632267162,0.2564102564102564,0.26973684210526316,0.22857142857142856,0.2,78.48093518518519,0.12962962962962962,0.0,0.3333333333333333
"Sittinger, Brandyn",670087,LAK_ERI24,Sinker,4,3,0,0,1,0,2,3,0,0,0,232.69905,0.11284695770041477,0.0,0.0,0.0,0.0,77.56635,0.0,0.0,0.0
"Sittinger, Brandyn",670087,LAK_ERI24,Slider,73,45,20,29,22,8,23,21,4,0,4,1761.67022,0.2775773051406349,0.4444444444444444,0.3972602739726027,0.36363636363636365,0.34782608695652173,83.8890580952381,0.19047619047619047,0.0,0.19047619047619047
"Sittinger, Brandyn",670087,LAK_ERI24,Splitter,1,0,0,0,0,0,0,0,0,0,0,0.0,,,0.0,,,,,,
"Sittinger, Brandyn",670087,LAK_ERI24,Sweeper,32,11,3,10,11,1,6,6,0,0,1,446.7039,0.16373167758887497,0.2727272727272727,0.3125,0.09090909090909091,0.16666666666666666,74.45065,0.0,0.0,0.16666666666666666
"Sittinger, Brandyn",670087,LAK_ERI24,,2,0,0,0,0,0,0,0,0,0,0,0.0,,,0.0,,,,,,
"Smith, Ben",814168,NEW_ENG23,Changeup,9,5,0,1,3,0,5,5,1,0,0,377.45602,0.16275191173899037,0.0,0.1111111111111111,0.0,0.0,75.49120400000001,0.2,0.0,0.0
"Smith, Ben",814168,NEW_ENG23,Four-Seam,29,8,1,6,7,0,4,4,2,0,3,336.48573,0.427756270065736,0.125,0.20689655172413793,0.0,0.0,84.1214325,0.5,0.0,0.75
"Smith, Ben",814168,NEW_ENG23,Sinker,8,3,2,4,1,1,3,1,1,0,0,102.26988,0.38588050174871513,0.6666666666666666,0.5,1.0,0.3333333333333333,102.26988,1.0,0.0,0.0
"Smith, Ben",814168,NEW_ENG23,Slider,21,3,1,7,6,3,5,1,0,0,0,75.02105,0.04337547960768595,0.3333333333333333,0.3333333333333333,0.5,0.6,75.02105,0.0,0.0,0.0
"Smith, Ben",814168,NEW_ENG23,Sweeper,19,5,2,4,6,0,2,2,0,0,0,130.0031,0.08011723584110636,0.4,0.21052631578947367,0.0,0.0,65.00155,0.0,0.0,0.0
"Smith, Benjamin",1000261092,TRI_VAL,Changeup,29,11,3,6,6,1,8,7,2,0,2,591.11016,0.2779598396867324,0.2727272727272727,0.20689655172413793,0.16666666666666666,0.125,84.44430857142856,0.2857142857142857,0.0,0.2857142857142857
"Smith, Benjamin",1000261092,TRI_VAL,Curveball,2,1,0,0,0,0,1,1,0,0,0,63.52792,0.023713467128151366,0.0,0.0,,0.0,63.52792,0.0,0.0,0.0
"Smith, Benjamin",1000261092,TRI_VAL,Cutter,4,3,1,1,2,0,0,2,0,0,1,136.73022,0.007346152004772566,0.3333333333333333,0.25,0.0,,68.36511,0.0,0.0,0.5
"Smith, Benjamin",1000261092,TRI_VAL,Four-Seam,6,2,1,4,1,1,2,1,0,0,0,76.59441,0.1422804452573735,0.5,0.6666666666666666,1.0,0.5,76.59441,0.0,0.0,0.0
"Smith, Benjamin",1000261092,TRI_VAL,Sinker,39,17,4,10,13,2,9,13,4,0,3,1071.9003,0.2448912479417839,0.23529411764705882,0.2564102564102564,0.15384615384615385,0.2222222222222222,82.45386923076923,0.3076923076923077,0.0,0.23076923076923078
"Smith, Benjamin",1000261092,TRI_VAL,Slider,26,11,3,5,6,1,6,7,3,0,3,618.32264,0.31811650860151997,0.2727272727272727,0.19230769230769232,0.16666666666666666,0.16666666666666666,88.33180571428571,0.42857142857142855,0.0,0.42857142857142855
"Smith, Benjamin",1000261092,TRI_VAL,,4,2,0,1,1,0,1,0,0,0,0,0.0,,0.0,0.25,0.0,0.0,,,,
"Smith, Donny",1000381366,JOL_SLA,Changeup,7,1,0,0,1,0,1,1,1,0,0,95.48541,0.3250485158567741,0.0,0.0,0.0,0.0,95.48541,1.0,0.0,0.0
"Smith, Donny",1000381366,JOL_SLA,Curveball,57,17,7,19,17,1,9,8,1,0,3,624.59977,0.19985725488100223,0.4117647058823529,0.3333333333333333,0.058823529411764705,0.1111111111111111,78.07497125,0.125,0.0,0.375
"Smith, Donny",1000381366,JOL_SLA,Four-Seam,38,17,0,2,6,0,11,16,6,0,5,1303.43092,0.29459556121243824,0.0,0.05263157894736842,0.0,0.0,81.4644325,0.375,0.0,0.3125
"Smith, Donny",1000381366,JOL_SLA,Sinker,118,50,6,22,25,2,35,37,14,0,17,3227.82733,0.3434137924882373,0.12,0.1864406779661017,0.08,0.05714285714285714,87.2385764864865,0.3783783783783784,0.0,0.4594594594594595
"Smith, Donny",1000381366,JOL_SLA,Slider,55,23,11,21,21,5,12,8,1,0,3,638.23609,0.23420672416039023,0.4782608695652174,0.38181818181818183,0.23809523809523808,0.4166666666666667,79.77951125,0.125,0.0,0.375
"Smith, Ethan",680733,WIN_CIT29,Changeup,52,29,11,13,14,0,15,17,6,2,8,1456.17474,0.3188485365302419,0.3793103448275862,0.25,0.0,0.0,85.65733764705882,0.35294117647058826,0.11764705882352941,0.47058823529411764
"Smith, Ethan",680733,WIN_CIT29,Curveball,39,17,4,13,7,3,7,12,3,0,3,986.22956,0.23782746561483784,0.23529411764705882,0.3333333333333333,0.42857142857142855,0.42857142857142855,82.18579666666666,0.25,0.0,0.25
"Smith, Ethan",680733,WIN_CIT29,Four-Seam,169,89,23,47,41,9,51,67,14,2,22,5476.95272,0.24422567209108628,0.25842696629213485,0.2781065088757396,0.21951219512195122,0.17647058823529413,81.74556298507463,0.208955223880597,0.029850746268656716,0.3283582089552239
"Smith, Ethan",680733,WIN_CIT29,Sinker,14,7,1,4,3,0,6,6,1,0,5,518.48437,0.4319636499908053,0.14285714285714285,0.2857142857142857,0.0,0.0,86.41406166666667,0.16666666666666666,0.0,0.8333333333333334
"Smith, Ethan",680733,WIN_CIT29,Slider,58,19,4,19,11,3,14,12,3,0,4,945.96388,0.28169752794397346,0.21052631578947367,0.3275862068965517,0.2727272727272727,0.21428571428571427,78.83032333333334,0.25,0.0,0.3333333333333333
"Smith, Ethan",680733,WIN_CIT29,,7,2,0,0,1,0,2,0,0,0,0,0.0,,0.0,0.0,0.0,0.0,,,,
"Smith, Jackson",1000333915,MIS_MUD,Changeup,44,18,1,10,15,1,10,14,2,1,5,999.95855,0.2111457662844837,0.05555555555555555,0.22727272727272727,0.06666666666666667,0.1,71.42561071428571,0.14285714285714285,0.07142857142857142,0.35714285714285715
"Smith, Jackson",1000333915,MIS_MUD,Curveball,2,1,0,1,0,0,0,1,0,0,1,90.10729,0.553765116826013,0.0,0.5,,,90.10729,0.0,0.0,1.0
"Smith, Jackson",1000333915,MIS_MUD,Cutter,34,17,7,12,4,3,8,8,0,0,2,508.76065,0.07672927525731069,0.4117647058823529,0.35294117647058826,0.75,0.375,63.59508125,0.0,0.0,0.25
"Smith, Jackson",1000333915,MIS_MUD,Four-Seam,2,0,0,0,0,0,0,0,0,0,0,0.0,,,0.0,,,,,,
"Smith, Jackson",1000333915,MIS_MUD,Other,3,0,0,1,1,0,0,0,0,0,0,0.0,,,0.3333333333333333,0.0,,,,,
"Smith, Jackson",1000333915,MIS_MUD,Sinker,297,123,18,87,60,9,75,78,17,2,22,6298.3608,0.25818554059337295,0.14634146341463414,0.29292929292929293,0.15,0.12,80.74821538461539,0.21794871794871795,0.02564102564102564,0.28205128205128205
"Smith, Jackson",1000333915,MIS_MUD,Slider,69,31,8,17,40,11,24,21,1,0,6,1531.58744,0.17659474829151925,0.25806451612903225,0.2463768115942029,0.275,0.4583333333333333,72.93273523809523,0.047619047619047616,0.0,0.2857142857142857
"Smith, Jackson",1000333915,MIS_MUD,,4,1,0,0,0,0,1,0,0,0,0,0.0,,0.0,0.0,,0.0,,,,
"Snyder, Jack",801389,SCH_BOO,Cutter,14,6,2,5,6,1,2,2,0,0,1,148.09204,0.10500370991500252,0.3333333333333333,0.35714285714285715,0.16666666666666666,0.5,74.04602,0.0,0.0,0.5
"Snyder, Jack",801389,SCH_BOO,Four-Seam,32,16,4,7,14,2,9,11,3,1,7,893.92182,0.30191858707153885,0.25,0.21875,0.14285714285714285,0.2222222222222222,81.26562,0.2727272727272727,0.09090909090909091,0.6363636363636364
"Snyder, Jack",801389,SCH_BOO,Sinker,1,0,0,0,0,0,0,0,0,0,0,0.0,,,0.0,,,,,,
"Snyder, Jack",801389,SCH_BOO,Slider,7,5,4,6,2,1,1,1,0,0,1,67.46246,0.2797277689081674,0.8,0.8571428571428571,0.5,1.0,67.46246,0.0,0.0,1.0
"Sohosky, Zac",1000224033,MIA_RED,Changeup,22,7,1,6,5,0,3,4,1,0,1,355.47848,0.2887868802156305,0.14285714285714285,0.2727272727272727,0.0,0.0,88.86962,0.25,0.0,0.25
"Sohosky, Zac",1000224033,MIA_RED,Four-Seam,58,28,2,11,14,1,15,21,5,0,7,1745.80677,0.27015166086774867,0.07142857142857142,0.1896551724137931,0.07142857142857142,0.06666666666666667,83.13365571428571,0.23809523809523808,0.0,0.3333333333333333
"Sohosky, Zac",1000224033,MIA_RED,Slider,33,11,6,16,12,5,10,4,2,1,1,332.93053,0.2533928362716714,0.5454545454545454,0.48484848484848486,0.4166666666666667,0.5,83.2326325,0.5,0.25,0.25
"Soto, Carlos",666728,JOL_SLA,Four-Seam,41,15,2,10,7,0,10,12,4,0,3,1034.04921,0.30926838113943095,0.13333333333333333,0.24390243902439024,0.0,0.0,86.1707675,0.3333333333333333,0.0,0.25
"Soto, Carlos",666728,JOL_SLA,Slider,25,5,2,8,9,0,3,3,2,0,1,293.89745,0.42806869365480543,0.4,0.32,0.0,0.0,97.96581666666667,0.6666666666666666,0.0,0.3333333333333333
"Soto, Carlos",666728,JOL_SLA,Splitter,3,3,2,2,3,2,2,0,0,0,0,0.0,,0.6666666666666666,0.6666666666666666,0.6666666666666666,1.0,,,,
"Sparks, Alec",836152,GAT_GRI,Changeup,24,9,2,5,9,1,5,6,3,0,2,550.87819,0.39536761499844325,0.2222222222222222,0.20833333333333334,0.1111111111111111,0.2,91.81303166666667,0.5,0.0,0.3333333333333333
"Sparks, Alec",836152,GAT_GRI,Curveball,65,16,7,26,24,6,13,5,0,0,1,361.63626999999997,0.18557906328564142,0.4375,0.4,0.25,0.46153846153846156,72.327254,0.0,0.0,0.2
"Sparks, Alec",836152,GAT_GRI,Cutter,1,0,0,1,0,0,0,0,0,0,0,0.0,,,1.0,,,,,,
"Sparks, Alec",836152,GAT_GRI,Four-Seam,263,132,17,52,81,8,61,104,18,5,49,8393.97003,0.24692621063266515,0.12878787878787878,0.19771863117870722,0.09876543209876543,0.13114754098360656,80.71125028846154,0.17307692307692307,0.04807692307692308,0.47115384615384615
"Sparks, Alec",836152,GAT_GRI,Sinker,2,2,0,0,1,0,1,2,1,0,1,162.44557,0.21435259366661036,0.0,0.0,0.0,0.0,81.222785,0.5,0.0,0.5
"Sparks, Alec",836152,GAT_GRI,Slider,108,41,13,37,34,7,22,23,5,0,8,1812.82305,0.24541324278069077,0.3170731707317073,0.3425925925925926,0.20588235294117646,0.3181818181818182,78.81839347826087,0.21739130434782608,0.0,0.34782608695652173
"Sparks, Alec",836152,GAT_GRI,,2,2,1,1,0,0,1,0,0,0,0,0.0,,0.5,0.5,,0.0,,,,
"Spradling, Campbell",1000128699,FLO_Y'A,Changeup,5,3,1,1,2,0,2,2,0,0,0,169.58909,0.23912176298557652,0.3333333333333333,0.2,0.0,0.0,84.794545,0.0,0.0,0.0
"Spradling, Campbell",1000128699,FLO_Y'A,Four-Seam,10,5,0,3,2,0,2,5,0,0,2,360.53649,0.14537509815507557,0.0,0.3,0.0,0.0,72.107298,0.0,0.0,0.4
"Spradling, Campbell",1000128699,FLO_Y'A,Slider,3,2,1,2,1,1,1,0,0,0,0,0.0,,0.5,0.6666666666666666,1.0,1.0,,,,
"Spradling, Campbell",1000128699,FLO_Y'A,,19,7,2,5,4,1,4,0,0,0,0,0.0,,0.2857142857142857,0.2631578947368421,0.25,0.25,,,,
"Steinhauer, Ryan",1000424762,NEW_JER6,Changeup,93,43,13,24,19,1,20,24,7,1,9,1956.58534,0.2585141536831778,0.3023255813953488,0.25806451612903225,0.05263157894736842,0.05,81.52438916666667,0.2916666666666667,0.041666666666666664,0.375
"Steinhauer, Ryan",1000424762,NEW_JER6,Curveball,23,6,3,7,5,2,5,3,0,0,0,237.00539999999998,0.19245980443186325,0.5,0.30434782608695654,0.4,0.4,79.00179999999999,0.0,0.0,0.0
"Steinhauer, Ryan",1000424762,NEW_JER6,Cutter,1,0,0,0,1,0,1,0,0,0,0,0.0,,,0.0,0.0,0.0,,,,
"Steinhauer, Ryan",1000424762,NEW_JER6,Four-Seam,58,25,4,15,11,1,21,18,4,2,6,1449.61885,0.26879204557487735,0.16,0.25862068965517243,0.09090909090909091,0.047619047619047616,80.53438055555556,0.2222222222222222,0.1111111111111111,0.3333333333333333
"Steinhauer, Ryan",1000424762,NEW_JER6,Sinker,3,3,1,1,0,0,0,2,0,0,0,139.36102,0.0,0.3333333333333333,0.3333333333333333,,,69.68051,0.0,0.0,0.0
"Steinhauer, Ryan",1000424762,NEW_JER6,Slider,27,11,3,7,11,3,8,8,2,0,2,603.67341,0.226549688206711,0.2727272727272727,0.25925925925925924,0.2727272727272727,0.375,75.45917625,0.25,0.0,0.25
"Stevens, Felix",685474,NEW_JER6,Four-Seam,10,5,0,1,3,0,2,5,0,0,0,415.69887,0.16750146791513204,0.0,0.1,0.0,0.0,83.139774,0.0,0.0,0.0
"Stevens, Felix",685474,NEW_JER6,Sinker,2,1,0,0,1,0,1,1,0,0,1,87.32921,0.33928157282686844,0.0,0.0,0.0,0.0,87.32921,0.0,0.0,1.0
"Stevens, Felix",685474,NEW_JER6,Slider,2,1,0,0,1,0,0,1,1,0,0,98.74408,0.39586074191427645,0.0,0.0,0.0,,98.74408,1.0,0.0,0.0
"Steventon, Joseph",1000108722,WAG_SEA,Changeup,32,13,3,7,6,2,9,10,0,0,3,724.99811,0.18094219510778448,0.23076923076923078,0.21875,0.3333333333333333,0.2222222222222222,72.499811,0.0,0.0,0.3
"Steventon, Joseph",1000108722,WAG_SEA,Four-Seam,23,7,1,6,5,0,4,5,0,0,3,385.37177,0.15127359657228762,0.14285714285714285,0.2608695652173913,0.0,0.0,77.074354,0.0,0.0,0.6
"Steventon, Joseph",1000108722,WAG_SEA,Sinker,27,13,1,4,8,1,10,11,2,1,5,931.8206700000001,0.26984800117431956,0.07692307692307693,0.14814814814814814,0.125,0.1,84.71097,0.18181818181818182,0.09090909090909091,0.45454545454545453
"Steventon, Joseph",1000108722,WAG_SEA,Slider,22,9,2,6,10,0,4,7,1,0,1,547.34969,0.18154925003749817,0.2222222222222222,0.2727272727272727,0.0,0.0,78.19281285714285,0.14285714285714285,0.0,0.14285714285714285
"Still, Stephen",1000338771,TRI_VAL,Changeup,3,1,0,1,1,1,1,1,0,0,0,73.0353,0.10313898279161926,0.0,0.3333333333333333,1.0,1.0,73.0353,0.0,0.0,0.0
"Still, Stephen",1000338771,TRI_VAL,Curveball,21,11,4,8,6,1,8,6,2,0,1,510.08001,0.2603365165570423,0.36363636363636365,0.38095238095238093,0.16666666666666666,0.125,85.013335,0.3333333333333333,0.0,0.16666666666666666
"Still, Stephen",1000338771,TRI_VAL,Four-Seam,14,7,3,7,4,1,4,4,0,0,1,260.29737,0.15921136196237207,0.42857142857142855,0.5,0.25,0.25,65.0743425,0.0,0.0,0.25
"Still, Stephen",1000338771,TRI_VAL,Sinker,61,31,8,14,21,4,11,18,2,1,3,1344.3514400000001,0.21092500699658012,0.25806451612903225,0.22950819672131148,0.19047619047619047,0.36363636363636365,74.68619111111111,0.1111111111111111,0.05555555555555555,0.16666666666666666
"Still, Stephen",1000338771,TRI_VAL,Slider,4,3,0,0,1,0,1,2,1,0,1,175.80759,0.42399879117093664,0.0,0.0,0.0,0.0,87.903795,0.5,0.0,0.5
"Still, Stephen",1000338771,TRI_VAL,,1,0,0,1,0,0,0,0,0,0,0,0.0,,,1.0,,,,,,
"Stuka, Ted",682247,OTT_TIT,Changeup,3,2,0,0,2,0,1,1,1,1,1,98.33171,0.446330008736292,0.0,0.0,0.0,0.0,98.33171,1.0,1.0,1.0
"Stuka, Ted",682247,OTT_TIT,Four-Seam,13,8,4,8,7,3,3,3,0,0,3,233.56696,0.20756999810608145,0.5,0.6153846153846154,0.42857142857142855,1.0,77.85565333333334,0.0,0.0,1.0
"Stuka, Ted",682247,OTT_TIT,Sinker,74,36,9,20,21,4,15,21,3,0,6,1641.83535,0.21655121628890858,0.25,0.2702702702702703,0.19047619047619047,0.26666666666666666,78.18263571428572,0.14285714285714285,0.0,0.2857142857142857
"Stuka, Ted",682247,OTT_TIT,Slider,9,1,0,0,9,0,1,1,0,0,0,76.67255,0.08794352523294219,0.0,0.0,0.0,0.0,76.67255,0.0,0.0,0.0
"Stuka, Ted",682247,OTT_TIT,,1,0,0,0,0,0,1,0,0,0,0,0.0,,,0.0,,0.0,,,,
"Swanson, Deron",830354,TOL_ROC,Changeup,15,8,1,3,6,0,4,4,2,0,0,359.496,0.4348837917471632,0.125,0.2,0.0,0.0,89.874,0.5,0.0,0.0
"Swanson, Deron",830354,TOL_ROC,Four-Seam,14,5,0,0,6,0,4,5,1,1,2,389.93154,0.16705409632932228,0.0,0.0,0.0,0.0,77.986308,0.2,0.2,0.4
"Swanson, Deron",830354,TOL_ROC,Slider,21,9,3,4,4,0,3,6,2,1,4,492.64083,0.22402117653144435,0.3333333333333333,0.19047619047619047,0.0,0.0,82.106805,0.3333333333333333,0.16666666666666666,0.6666666666666666
"Swiencicki, Eric",1000565949,LEM_COL,Changeup,3,1,0,0,2,0,2,1,0,0,1,93.03335,0.5780451723406715,0.0,0.0,0.0,0.0,93.03335,0.0,0.0,1.0
"Swiencicki, Eric",1000565949,LEM_COL,Curveball,9,5,1,3,2,1,5,4,3,0,2,368.7163,0.4895770149020544,0.2,0.3333333333333333,0.5,0.2,92.179075,0.75,0.0,0.5
"Swiencicki, Eric",1000565949,LEM_COL,Four-Seam,11,5,0,2,4,0,0,4,0,0,1,312.49357,0.14436775017110276,0.0,0.18181818181818182,0.0,,78.1233925,0.0,0.0,0.25
"Swiencicki, Eric",1000565949,LEM_COL,Sinker,34,19,2,6,13,0,7,16,2,0,3,1264.98053,0.1877264017650431,0.10526315789473684,0.17647058823529413,0.0,0.0,79.061283125,0.125,0.0,0.1875
"Swiencicki, Eric",1000565949,LEM_COL,Slider,1,1,0,0,0,0,1,1,1,0,0,100.58918,0.6576482278892734,0.0,0.0,,0.0,100.58918,1.0,0.0,0.0
"Swiencicki, Eric",1000565949,LEM_COL,Splitter,1,0,0,0,1,0,0,0,0,0,0,0.0,,,0.0,0.0,,,,,
"Swiencicki, Eric",1000565949,LEM_COL,,1,1,0,0,0,0,0,0,0,0,0,0.0,,0.0,0.0,,,,,,
"Tarr, Matthew",830925,NIU_HUS,Four-Seam,4,1,0,1,1,0,0,1,0,0,0,71.21811,0.03391602665890875,0.0,0.25,0.0,,71.21811,0.0,0.0,0.0
"Tarr, Matthew",830925,NIU_HUS,Other,2,0,0,0,0,0,1,0,0,0,0,0.0,,,0.0,,0.0,,,,
"Tarr, Matthew",830925,NIU_HUS,Slider,21,8,2,5,3,1,5,3,1,0,0,274.64159,0.3086594746546985,0.25,0.23809523809523808,0.3333333333333333,0.2,91.54719666666666,0.3333333333333333,0.0,0.0
"Tedesco, Jake",803230,MIA_RED,Changeup,9,6,1,2,2,0,2,4,2,0,3,354.92568,0.4671974527291658,0.16666666666666666,0.2222222222222222,0.0,0.0,88.73142,0.5,0.0,0.75
"Tedesco, Jake",803230,MIA_RED,Curveball,1,1,0,0,1,0,1,1,0,0,0,78.52795,0.22510922807022293,0.0,0.0,0.0,0.0,78.52795,0.0,0.0,0.0
"Tedesco, Jake",803230,MIA_RED,Four-Seam,19,7,2,6,8,1,6,5,1,0,4,444.62264,0.37099692417819197,0.2857142857142857,0.3157894736842105,0.125,0.16666666666666666,88.924528,0.2,0.0,0.8
"Tedesco, Jake",803230,MIA_RED,Slider,10,5,2,3,6,0,0,3,0,0,0,223.10931,0.09480720434245664,0.4,0.3,0.0,,74.36977,0.0,0.0,0.0
"Thebiay, Nolan",1000338675,EVA_OTT,Changeup,49,22,12,18,15,5,12,7,3,0,4,614.19935,0.36565965285162666,0.5454545454545454,0.3673469387755102,0.3333333333333333,0.4166666666666667,87.74276428571429,0.42857142857142855,0.0,0.5714285714285714
"Thebiay, Nolan",1000338675,EVA_OTT,Curveball,2,1,0,1,0,0,1,1,0,0,0,94.31116,0.3290085238160043,0.0,0.5,,0.0,94.31116,0.0,0.0,0.0
"Thebiay, Nolan",1000338675,EVA_OTT,Four-Seam,301,129,33,93,97,22,70,77,11,0,19,5971.17145,0.17974561696904928,0.2558139534883721,0.3089700996677741,0.2268041237113402,0.3142857142857143,77.54768116883116,0.14285714285714285,0.0,0.24675324675324675
"Thebiay, Nolan",1000338675,EVA_OTT,Sinker,1,1,0,0,1,0,1,1,0,0,0,68.90472,0.008131969513392068,0.0,0.0,0.0,0.0,68.90472,0.0,0.0,0.0
"Thebiay, Nolan",1000338675,EVA_OTT,Slider,42,13,3,13,9,2,10,8,3,0,0,634.9925,0.18335950984526844,0.23076923076923078,0.30952380952380953,0.2222222222222222,0.2,79.3740625,0.375,0.0,0.0
"Thiels, Brenton",816364,MIS_MUD,Curveball,21,8,4,6,8,1,4,3,0,0,0,244.31805,0.1822833547831367,0.5,0.2857142857142857,0.125,0.25,81.43935,0.0,0.0,0.0
"Thiels, Brenton",816364,MIS_MUD,Cutter,51,22,4,9,12,2,15,13,6,1,3,1067.25506,0.3134133239054358,0.18181818181818182,0.17647058823529413,0.16666666666666666,0.13333333333333333,82.09654307692307,0.46153846153846156,0.07692307692307693,0.23076923076923078
"Thiels, Brenton",816364,MIS_MUD,Four-Seam,193,73,8,47,35,4,57,53,9,0,17,4530.86234,0.2823280411184067,0.1095890410958904,0.24352331606217617,0.11428571428571428,0.07017543859649122,85.48796867924527,0.16981132075471697,0.0,0.32075471698113206
"Thiels, Brenton",816364,MIS_MUD,Other,1,0,0,0,0,0,0,0,0,0,0,0.0,,,0.0,,,,,,
"Thiels, Brenton",816364,MIS_MUD,Sinker,44,14,1,8,2,0,11,12,2,1,3,960.01823,0.21620244987336726,0.07142857142857142,0.18181818181818182,0.0,0.0,80.00151916666667,0.16666666666666666,0.08333333333333333,0.25
"Thiels, Brenton",816364,MIS_MUD,Slider,86,35,15,27,26,5,20,15,4,0,4,1284.75719,0.32101737374010936,0.42857142857142855,0.313953488372093,0.19230769230769232,0.25,85.65047933333334,0.26666666666666666,0.0,0.26666666666666666
"Thompson, DJ",1000215895,WMI_BRO,Changeup,1,0,0,0,0,0,0,0,0,0,0,0.0,,,0.0,,,,,,
"Thompson, DJ",1000215895,WMI_BRO,Four-Seam,6,3,0,2,0,0,3,3,0,0,1,203.65142000000003,0.12336667547640905,0.0,0.3333333333333333,,0.0,67.88380666666667,0.0,0.0,0.3333333333333333
"Thompson, DJ",1000215895,WMI_BRO,Slider,1,0,0,0,0,0,0,0,0,0,0,0.0,,,0.0,,,,,,
"Thompson, Dalen",701692,NEW_JER6,Changeup,1,0,0,0,0,0,0,0,0,0,0,0.0,,,0.0,,,,,,
"Thompson, Dalen",701692,NEW_JER6,Curveball,1,0,0,0,0,0,0,0,0,0,0,0.0,,,0.0,,,,,,
"Thompson, Dalen",701692,NEW_JER6,Four-Seam,4,1,0,2,0,0,0,1,0,0,0,75.05365,0.08405260251728724,0.0,0.5,,,75.05365,0.0,0.0,0.0
"Thompson, Dalen",701692,NEW_JER6,Sinker,14,4,0,2,2,0,5,1,0,0,1,87.70825,0.48663936737988245,0.0,0.14285714285714285,0.0,0.0,87.70825,0.0,0.0,1.0
"Thompson, Dalen",701692,NEW_JER6,Slider,5,1,1,1,2,1,2,0,0,0,0,0.0,,1.0,0.2,0.5,0.5,,,,
"Thompson, Ross",1000103401,SCH_BOO,Changeup,82,38,19,27,29,10,21,12,2,0,3,959.56707,0.23367816536025385,0.5,0.32926829268292684,0.3448275862068966,0.47619047619047616,79.9639225,0.16666666666666666,0.0,0.25
"Thompson, Ross",1000103401,SCH_BOO,Curveball,4,1,0,1,2,0,0,1,0,0,0,67.71886,0.0,0.0,0.25,0.0,,67.71886,0.0,0.0,0.0
"Thompson, Ross",1000103401,SCH_BOO,Four-Seam,260,104,18,99,67,20,69,75,16,2,32,6219.45807,0.27984639055897065,0.17307692307692307,0.38076923076923075,0.29850746268656714,0.2898550724637681,82.9261076,0.21333333333333335,0.02666666666666667,0.4266666666666667
"Thompson, Ross",1000103401,SCH_BOO,Sinker,26,10,1,10,6,1,3,9,2,0,3,726.23172,0.16658940113648313,0.1,0.38461538461538464,0.16666666666666666,0.3333333333333333,80.69241333333333,0.2222222222222222,0.0,0.3333333333333333
"Thompson, Ross",1000103401,SCH_BOO,Slider,118,59,20,37,35,5,31,34,4,1,10,2637.57202,0.21424063543306085,0.3389830508474576,0.3135593220338983,0.14285714285714285,0.16129032258064516,77.57564764705883,0.11764705882352941,0.029411764705882353,0.29411764705882354
"Thompson, Ross",1000103401,SCH_BOO,Splitter,78,39,22,28,25,7,19,15,2,0,4,1140.8934,0.19881456135141853,0.5641025641025641,0.358974358974359,0.28,0.3684210526315789,76.05955999999999,0.13333333333333333,0.0,0.26666666666666666
"Thompson, Ross",1000103401,SCH_BOO,,8,2,1,4,3,1,2,0,0,0,0,0.0,,0.5,0.5,0.3333333333333333,0.5,,,,
"Thornton, Tyler",1000429124,NEW_ENG23,Changeup,65,32,5,16,14,1,19,26,8,1,11,2136.05873,0.2881324514259027,0.15625,0.24615384615384617,0.07142857142857142,0.05263157894736842,82.15610500000001,0.3076923076923077,0.038461538461538464,0.4230769230769231
"Thornton, Tyler",1000429124,NEW_ENG23,Curveball,15,6,3,5,1,0,2,2,0,0,0,172.95532,0.254755104430996,0.5,0.3333333333333333,0.0,0.0,86.47766,0.0,0.0,0.0
"Thornton, Tyler",1000429124,NEW_ENG23,Four-Seam,32,14,3,10,8,0,6,10,3,2,6,850.6126899999999,0.3276675557899179,0.21428571428571427,0.3125,0.0,0.0,85.061269,0.3,0.2,0.6
"Thornton, Tyler",1000429124,NEW_ENG23,Sinker,73,35,2,12,10,2,22,28,10,1,12,2400.87624,0.3414338478038946,0.05714285714285714,0.1643835616438356,0.2,0.09090909090909091,85.74558,0.35714285714285715,0.03571428571428571,0.42857142857142855
"Thornton, Tyler",1000429124,NEW_ENG23,Slider,34,15,2,9,4,1,9,12,2,0,5,975.90434,0.27564130882598664,0.13333333333333333,0.2647058823529412,0.25,0.1111111111111111,81.32536166666667,0.16666666666666666,0.0,0.4166666666666667
"Thornton, Tyler",1000429124,NEW_ENG23,Splitter,48,25,9,10,29,4,18,13,2,0,4,1054.35213,0.2611265566914272,0.36,0.20833333333333334,0.13793103448275862,0.2222222222222222,81.10401,0.15384615384615385,0.0,0.3076923076923077
"Tiburcio, David",696010,DOW_EAS1,Changeup,17,6,3,8,7,3,7,3,0,0,0,241.53575999999998,0.20691308411096787,0.5,0.47058823529411764,0.42857142857142855,0.42857142857142855,80.51191999999999,0.0,0.0,0.0
"Tiburcio, David",696010,DOW_EAS1,Cutter,1,0,0,0,1,0,0,0,0,0,0,0.0,,,0.0,0.0,,,,,
"Tiburcio, David",696010,DOW_EAS1,Four-Seam,37,17,3,9,12,1,10,12,2,2,3,1001.79675,0.2731517832948515,0.17647058823529413,0.24324324324324326,0.08333333333333333,0.1,83.4830625,0.16666666666666666,0.16666666666666666,0.25
"Tiburcio, David",696010,DOW_EAS1,Sinker,126,54,7,24,25,1,44,42,10,0,15,3531.57008,0.2728424408378369,0.12962962962962962,0.19047619047619047,0.04,0.022727272727272728,84.08500190476191,0.23809523809523808,0.0,0.35714285714285715
"Tiburcio, David",696010,DOW_EAS1,Slider,61,24,9,19,19,2,12,10,3,1,3,860.79967,0.3036890596548146,0.375,0.3114754098360656,0.10526315789473684,0.16666666666666666,86.079967,0.3,0.1,0.3
"Tiburcio, David",696010,DOW_EAS1,,1,0,0,1,0,0,0,0,0,0,0,0.0,,,1.0,,,,,,
"Tobias, Jacob",809847,LAK_ERI24,Curveball,3,1,0,1,0,0,1,1,1,0,1,98.83904,0.6290650690483123,0.0,0.3333333333333333,,0.0,98.83904,1.0,0.0,1.0
"Tobias, Jacob",809847,LAK_ERI24,Four-Seam,12,6,1,3,1,0,5,5,0,0,0,403.84135000000003,0.17014313530328376,0.16666666666666666,0.25,0.0,0.0,80.76827,0.0,0.0,0.0
"Tokar, Heitor",677573,OTT_TIT,Changeup,40,16,3,11,12,2,12,12,0,0,4,932.45471,0.23265948661502803,0.1875,0.275,0.16666666666666666,0.16666666666666666,77.70455916666667,0.0,0.0,0.3333333333333333
"Tokar, Heitor",677573,OTT_TIT,Curveball,34,10,5,9,15,1,6,5,1,0,2,408.42447,0.3088357406821897,0.5,0.2647058823529412,0.06666666666666667,0.16666666666666666,81.684894,0.2,0.0,0.4
"Tokar, Heitor",677573,OTT_TIT,Four-Seam,149,74,23,40,43,7,33,44,5,0,17,3452.1258000000003,0.23107433639348865,0.3108108108108108,0.2684563758389262,0.16279069767441862,0.21212121212121213,78.45740454545455,0.11363636363636363,0.0,0.38636363636363635
"Tokar, Heitor",677573,OTT_TIT,Sinker,1,1,0,0,0,0,1,1,1,1,1,99.10242,0.464394339471185,0.0,0.0,,0.0,99.10242,1.0,1.0,1.0
"Tokar, Heitor",677573,OTT_TIT,Slider,80,46,9,23,20,5,24,30,4,1,5,2317.42699,0.18823521417728634,0.1956521739130435,0.2875,0.25,0.20833333333333334,77.24756633333332,0.13333333333333333,0.03333333333333333,0.16666666666666666
"Tokar, Heitor",677573,OTT_TIT,Splitter,4,0,0,1,0,0,0,0,0,0,0,0.0,,,0.25,,,,,,
"Toribio, Noe",672848,TRO_AIG,Changeup,147,76,35,48,52,16,48,35,8,0,5,2850.94018,0.2561665584771618,0.4605263157894737,0.32653061224489793,0.3076923076923077,0.3333333333333333,81.45543371428572,0.22857142857142856,0.0,0.14285714285714285
"Toribio, Noe",672848,TRO_AIG,Curveball,2,1,1,1,2,1,1,0,0,0,0,0.0,,1.0,0.5,0.5,1.0,,,,
"Toribio, Noe",672848,TRO_AIG,Cutter,1,1,0,0,0,0,0,1,0,0,1,71.67635,0.33906663266145176,0.0,0.0,,,71.67635,0.0,0.0,1.0
"Toribio, Noe",672848,TRO_AIG,Four-Seam,29,12,0,6,7,0,7,11,2,1,2,853.9507600000001,0.2542893758717801,0.0,0.20689655172413793,0.0,0.0,77.63188727272728,0.18181818181818182,0.09090909090909091,0.18181818181818182
"Toribio, Noe",672848,TRO_AIG,Sinker,295,138,17,68,67,8,78,97,26,5,34,8122.83102,0.28154977659635994,0.12318840579710146,0.2305084745762712,0.11940298507462686,0.10256410256410256,83.74052597938145,0.26804123711340205,0.05154639175257732,0.35051546391752575
"Toribio, Noe",672848,TRO_AIG,Slider,82,36,7,18,27,2,11,22,2,0,7,1641.58245,0.17953272707874635,0.19444444444444445,0.21951219512195122,0.07407407407407407,0.18181818181818182,74.6173840909091,0.09090909090909091,0.0,0.3181818181818182
"Toribio, Noe",672848,TRO_AIG,,7,4,0,1,1,0,4,0,0,0,0,0.0,,0.0,0.14285714285714285,0.0,0.0,,,,
"Townes, Holland",830218,SCH_BOO,Changeup,3,0,0,0,2,0,0,0,0,0,0,0.0,,,0.0,0.0,,,,,
"Townes, Holland",830218,SCH_BOO,Curveball,51,16,10,19,24,8,11,5,1,0,2,365.90427,0.21821779639958505,0.625,0.37254901960784315,0.3333333333333333,0.7272727272727273,73.180854,0.2,0.0,0.4
"Townes, Holland",830218,SCH_BOO,Cutter,29,8,2,14,2,0,5,6,1,0,2,472.53274999999996,0.20383882593197356,0.25,0.4827586206896552,0.0,0.0,78.75545833333332,0.16666666666666666,0.0,0.3333333333333333
"Townes, Holland",830218,SCH_BOO,Four-Seam,102,57,10,22,39,4,29,40,7,0,17,3221.97605,0.26782135536297297,0.17543859649122806,0.21568627450980393,0.10256410256410256,0.13793103448275862,80.54940125,0.175,0.0,0.425
"Townes, Holland",830218,SCH_BOO,Sinker,48,24,7,22,14,5,15,16,5,1,5,1411.32538,0.29721221071470966,0.2916666666666667,0.4583333333333333,0.35714285714285715,0.3333333333333333,88.20783625,0.3125,0.0625,0.3125
"Townes, Holland",830218,SCH_BOO,Slider,32,11,2,12,3,0,6,8,1,0,2,537.44346,0.16560219276715693,0.18181818181818182,0.375,0.0,0.0,67.1804325,0.125,0.0,0.25
"Townes, Holland",830218,SCH_BOO,Splitter,2,0,0,1,0,0,0,0,0,0,0,0.0,,,0.5,,,,,,
"Traver, Eliott",1000124995,WAS_WIL3,Changeup,21,7,2,4,5,0,4,5,1,0,1,368.1616,0.1838340341559538,0.2857142857142857,0.19047619047619047,0.0,0.0,73.63232,0.2,0.0,0.2
"Traver, Eliott",1000124995,WAS_WIL3,Four-Seam,9,2,0,3,2,0,3,2,0,0,0,160.94424,0.16194167747165786,0.0,0.3333333333333333,0.0,0.0,80.47212,0.0,0.0,0.0
"Traver, Eliott",1000124995,WAS_WIL3,Sinker,17,3,1,5,5,1,5,2,2,0,1,200.42208,0.6632230932266377,0.3333333333333333,0.29411764705882354,0.2,0.2,100.21104,1.0,0.0,0.5
"Traver, Eliott",1000124995,WAS_WIL3,Slider,7,2,0,2,2,0,1,2,0,0,0,131.00689,0.07082904810401355,0.0,0.2857142857142857,0.0,0.0,65.503445,0.0,0.0,0.0
"Trizuto, Colin",1000218135,WAG_SEA,Changeup,69,28,2,12,12,1,20,24,4,2,8,2033.59891,0.2704496418479768,0.07142857142857142,0.17391304347826086,0.08333333333333333,0.05,84.73328791666667,0.16666666666666666,0.08333333333333333,0.3333333333333333
"Trizuto, Colin",1000218135,WAG_SEA,Curveball,5,1,0,0,0,0,0,1,0,0,0,63.94043,0.0,0.0,0.0,,,63.94043,0.0,0.0,0.0
"Trizuto, Colin",1000218135,WAG_SEA,Four-Seam,2,0,0,0,1,0,0,0,0,0,0,0.0,,,0.0,0.0,,,,,
"Trizuto, Colin",1000218135,WAG_SEA,Sinker,12,8,1,1,5,1,4,5,0,0,2,370.21599,0.13030804943124769,0.125,0.08333333333333333,0.2,0.25,74.04319799999999,0.0,0.0,0.4
"Trizuto, Colin",1000218135,WAG_SEA,Slider,21,10,0,4,5,0,4,9,1,0,4,621.54823,0.09241493962344509,0.0,0.19047619047619047,0.0,0.0,69.06091444444445,0.1111111111111111,0.0,0.4444444444444444
"Trizuto, Colin",1000218135,WAG_SEA,,1,1,0,0,0,0,1,0,0,0,0,0.0,,0.0,0.0,,0.0,,,,
"Turner, Eric",1000080978,JOL_SLA,Changeup,98,47,13,23,43,7,27,29,6,1,6,2355.53935,0.25564904683785805,0.2765957446808511,0.23469387755102042,0.16279069767441862,0.25925925925925924,81.2254948275862,0.20689655172413793,0.034482758620689655,0.20689655172413793
"Turner, Eric",1000080978,JOL_SLA,Curveball,2,1,0,0,0,0,1,1,0,0,1,86.96124,0.21806591150886512,0.0,0.0,,0.0,86.96124,0.0,0.0,1.0
"Turner, Eric",1000080978,JOL_SLA,Four-Seam,243,97,12,64,43,7,61,83,13,1,26,6645.7966,0.23063778769664914,0.12371134020618557,0.26337448559670784,0.16279069767441862,0.11475409836065574,80.06983855421686,0.1566265060240964,0.012048192771084338,0.3132530120481928
"Turner, Eric",1000080978,JOL_SLA,Other,1,0,0,0,0,0,0,0,0,0,0,0.0,,,0.0,,,,,,
"Turner, Eric",1000080978,JOL_SLA,Sinker,75,41,8,17,11,3,25,29,5,0,10,2219.02833,0.22864481436366613,0.1951219512195122,0.22666666666666666,0.2727272727272727,0.12,76.51821827586207,0.1724137931034483,0.0,0.3448275862068966
"Turner, Eric",1000080978,JOL_SLA,Slider,118,57,10,25,33,7,34,39,10,3,13,3144.20409,0.25937102590773087,0.17543859649122806,0.211864406779661,0.21212121212121213,0.20588235294117646,80.6206176923077,0.2564102564102564,0.07692307692307693,0.3333333333333333
"Vail, Tyler",592821,NEW_YOR13,Changeup,46,23,6,16,9,4,22,17,4,1,3,1428.00341,0.28824674105085546,0.2608695652173913,0.34782608695652173,0.4444444444444444,0.18181818181818182,84.0002005882353,0.23529411764705882,0.058823529411764705,0.17647058823529413
"Vail, Tyler",592821,NEW_YOR13,Curveball,33,19,6,10,4,2,12,11,1,0,2,893.5986,0.22084490818755434,0.3157894736842105,0.30303030303030304,0.5,0.16666666666666666,81.23623636363637,0.09090909090909091,0.0,0.18181818181818182
"Vail, Tyler",592821,NEW_YOR13,Sinker,23,7,0,10,3,0,5,6,1,0,2,493.68712,0.27455638825834744,0.0,0.43478260869565216,0.0,0.0,82.28118666666667,0.16666666666666666,0.0,0.3333333333333333
"Vail, Tyler",592821,NEW_YOR13,Slider,46,19,7,16,13,2,7,8,1,0,2,621.39338,0.266902708019513,0.3684210526315789,0.34782608695652173,0.15384615384615385,0.2857142857142857,77.6741725,0.125,0.0,0.25
"Vail, Tyler",592821,NEW_YOR13,Splitter,4,3,0,0,2,0,1,3,1,0,1,260.33500000000004,0.37277046156844795,0.0,0.0,0.0,0.0,86.77833333333335,0.3333333333333333,0.0,0.3333333333333333
"Vail, Tyler",592821,NEW_YOR13,,1,0,0,0,0,0,0,0,0,0,0,0.0,,,0.0,,,,,,
"Vailes, Gage",1000050773,GAT_GRI,Changeup,84,36,12,23,18,3,19,18,2,1,7,1424.29559,0.24790792749834875,0.3333333333333333,0.27380952380952384,0.16666666666666666,0.15789473684210525,79.12753277777777,0.1111111111111111,0.05555555555555555,0.3888888888888889
"Vailes, Gage",1000050773,GAT_GRI,Cutter,5,2,0,0,1,0,1,1,1,0,0,95.61563,0.342116101481831,0.0,0.0,0.0,0.0,95.61563,1.0,0.0,0.0
"Vailes, Gage",1000050773,GAT_GRI,Four-Seam,11,8,2,4,5,0,3,6,1,0,3,456.50313,0.17963361353822502,0.25,0.36363636363636365,0.0,0.0,76.083855,0.16666666666666666,0.0,0.5
"Vailes, Gage",1000050773,GAT_GRI,Sinker,227,99,12,56,42,8,68,73,12,1,25,5920.49775,0.27279879503783805,0.12121212121212122,0.24669603524229075,0.19047619047619047,0.11764705882352941,81.10270890410959,0.1643835616438356,0.0136986301369863,0.3424657534246575
"Vailes, Gage",1000050773,GAT_GRI,Slider,177,86,28,64,71,20,49,49,5,1,17,3669.9732,0.1959051137678188,0.32558139534883723,0.3615819209039548,0.28169014084507044,0.40816326530612246,74.89741224489796,0.10204081632653061,0.02040816326530612,0.3469387755102041
"Vailes, Gage",1000050773,GAT_GRI,,3,0,0,1,0,0,0,0,0,0,0,0.0,,,0.3333333333333333,,,,,,
"Vaisvila, Maxwell",1000233690,NIU_HUS,Changeup,24,12,5,6,7,4,9,6,1,0,0,433.6155,0.12282119606767407,0.4166666666666667,0.25,0.5714285714285714,0.4444444444444444,72.26925,0.16666666666666666,0.0,0.0
"Vaisvila, Maxwell",1000233690,NIU_HUS,Four-Seam,47,20,7,19,11,7,14,9,1,0,1,735.54874,0.20365490818156695,0.35,0.40425531914893614,0.6363636363636364,0.5,81.72763777777777,0.1111111111111111,0.0,0.1111111111111111
"Vaisvila, Maxwell",1000233690,NIU_HUS,Slider,29,12,5,13,9,1,3,4,1,0,1,293.46632,0.17399580767502082,0.4166666666666667,0.4482758620689655,0.1111111111111111,0.3333333333333333,73.36658,0.25,0.0,0.25
"Valdez, Abraham",1000054529,GAT_GRI,Changeup,8,3,1,1,0,0,2,2,2,0,1,198.28202,0.5186286965903795,0.3333333333333333,0.125,,0.0,99.14101,1.0,0.0,0.5
"Valdez, Abraham",1000054529,GAT_GRI,Curveball,4,1,0,1,0,0,1,1,0,0,0,83.37038,0.22411141669013757,0.0,0.25,,0.0,83.37038,0.0,0.0,0.0
"Valdez, Abraham",1000054529,GAT_GRI,Four-Seam,2,1,0,1,1,1,2,1,0,0,1,92.37197,0.4049541336340382,0.0,0.5,1.0,0.5,92.37197,0.0,0.0,1.0
"Valdez, Alex",677678,EVA_OTT,Changeup,1,1,0,0,0,0,0,0,0,0,0,0.0,,0.0,0.0,,,,,,
"Valdez, Alex",677678,EVA_OTT,Cutter,13,9,2,2,1,1,5,5,0,0,0,378.03869,0.1524860115954779,0.2222222222222222,0.15384615384615385,1.0,0.2,75.607738,0.0,0.0,0.0
"Valdez, Alex",677678,EVA_OTT,Four-Seam,109,57,8,29,32,3,32,39,11,3,13,3218.9735,0.2727246104451723,0.14035087719298245,0.26605504587155965,0.09375,0.09375,82.53778205128205,0.28205128205128205,0.07692307692307693,0.3333333333333333
"Valdez, Alex",677678,EVA_OTT,Other,1,0,0,0,0,0,0,0,0,0,0,0.0,,,0.0,,,,,,
"Valdez, Alex",677678,EVA_OTT,Sinker,13,9,1,2,6,1,6,8,0,0,2,568.94564,0.10806696056362086,0.1111111111111111,0.15384615384615385,0.16666666666666666,0.16666666666666666,71.118205,0.0,0.0,0.25
"Valdez, Alex",677678,EVA_OTT,Slider,95,44,23,37,33,7,21,14,2,0,7,1175.73369,0.2647449011675553,0.5227272727272727,0.3894736842105263,0.21212121212121213,0.3333333333333333,83.98097785714286,0.14285714285714285,0.0,0.5
"VanMarter, Luke",1000565948,LEM_COL,Changeup,53,21,2,15,15,0,14,17,2,2,6,1287.11454,0.2534708585472254,0.09523809523809523,0.2830188679245283,0.0,0.0,75.71262,0.11764705882352941,0.11764705882352941,0.35294117647058826
"VanMarter, Luke",1000565948,LEM_COL,Curveball,11,3,0,2,5,0,3,3,0,0,1,257.65909,0.2833764857967601,0.0,0.18181818181818182,0.0,0.0,85.88636333333334,0.0,0.0,0.3333333333333333
"VanMarter, Luke",1000565948,LEM_COL,Four-Seam,12,2,0,3,3,0,2,2,0,0,0,160.39415,0.18530073569791428,0.0,0.25,0.0,0.0,80.197075,0.0,0.0,0.0
"VanMarter, Luke",1000565948,LEM_COL,Slider,3,1,0,0,0,0,1,1,0,0,1,91.25852,0.5485612890028959,0.0,0.0,,0.0,91.25852,0.0,0.0,1.0
"VanMarter, Luke",1000565948,LEM_COL,,2,0,0,0,0,0,0,0,0,0,0,0.0,,,0.0,,,,,,
"Vecerka, Boris",807828,QUE_CAP,Changeup,2,0,0,0,1,0,0,0,0,0,0,0.0,,,0.0,0.0,,,,,
"Vecerka, Boris",807828,QUE_CAP,Curveball,2,1,1,1,1,1,1,0,0,0,0,0.0,,1.0,0.5,1.0,1.0,,,,
"Vecerka, Boris",807828,QUE_CAP,Four-Seam,3,3,3,3,1,1,1,0,0,0,0,0.0,,1.0,1.0,1.0,1.0,,,,
"Vecerka, Boris",807828,QUE_CAP,Sinker,75,28,10,20,13,2,19,18,2,1,7,1409.69573,0.2039514040056514,0.35714285714285715,0.26666666666666666,0.15384615384615385,0.10526315789473684,78.31642944444444,0.1111111111111111,0.05555555555555555,0.3888888888888889
"Vecerka, Boris",807828,QUE_CAP,Slider,19,5,1,4,4,1,3,3,0,0,0,178.43727,0.0,0.2,0.21052631578947367,0.25,0.3333333333333333,59.47909000000001,0.0,0.0,0.0
"Vega, Lucas",837223,TRO_AIG,Changeup,48,17,5,10,11,1,12,11,3,0,2,835.38334,0.29937941988707406,0.29411764705882354,0.20833333333333334,0.09090909090909091,0.08333333333333333,75.94394,0.2727272727272727,0.0,0.18181818181818182
"Vega, Lucas",837223,TRO_AIG,Curveball,19,9,3,6,6,1,5,6,1,0,1,502.4319,0.2667686831625342,0.3333333333333333,0.3157894736842105,0.16666666666666666,0.2,83.73864999999999,0.16666666666666666,0.0,0.16666666666666666
"Vega, Lucas",837223,TRO_AIG,Four-Seam,97,45,16,37,26,10,27,26,6,0,6,2082.87654,0.2394020440600055,0.35555555555555557,0.38144329896907214,0.38461538461538464,0.37037037037037035,80.11063615384616,0.23076923076923078,0.0,0.23076923076923078
"Vega, Lucas",837223,TRO_AIG,Sinker,168,69,5,44,36,1,43,53,14,2,14,4381.00037,0.25304647186799545,0.07246376811594203,0.2619047619047619,0.027777777777777776,0.023255813953488372,82.66038433962264,0.2641509433962264,0.03773584905660377,0.2641509433962264
"Vega, Lucas",837223,TRO_AIG,Slider,73,30,9,22,34,6,23,18,1,0,6,1378.02914,0.18499573868376784,0.3,0.3013698630136986,0.17647058823529413,0.2608695652173913,76.55717444444446,0.05555555555555555,0.0,0.3333333333333333
"Vega, Lucas",837223,TRO_AIG,Sweeper,6,2,0,1,0,0,1,2,2,0,0,192.28204,0.3192685432514819,0.0,0.16666666666666666,,0.0,96.14102,1.0,0.0,0.0
"Vega, Lucas",837223,TRO_AIG,,5,3,1,2,2,1,2,0,0,0,0,0.0,,0.3333333333333333,0.4,0.5,0.5,,,,
"Vilchez, Michael",699074,OTT_TIT,Curveball,17,6,1,6,7,0,4,4,1,0,2,349.85407,0.37217089961779654,0.16666666666666666,0.35294117647058826,0.0,0.0,87.4635175,0.25,0.0,0.5
"Vilchez, Michael",699074,OTT_TIT,Four-Seam,44,20,7,17,12,4,12,11,3,2,3,875.4541,0.21752456663936728,0.35,0.38636363636363635,0.3333333333333333,0.3333333333333333,79.58673636363636,0.2727272727272727,0.18181818181818182,0.2727272727272727
"Vilchez, Michael",699074,OTT_TIT,Slider,22,9,5,11,6,1,5,2,0,0,1,178.45746,0.4068281501883308,0.5555555555555556,0.5,0.16666666666666666,0.2,89.22873,0.0,0.0,0.5
"Vilchez, Michael",699074,OTT_TIT,Splitter,2,2,0,0,2,0,1,1,1,0,0,95.44432,0.16664708841323972,0.0,0.0,0.0,0.0,95.44432,1.0,0.0,0.0
"Villalobos, Jonaiker",665690,FLO_Y'A,Changeup,124,58,9,24,35,4,34,44,9,2,16,3538.69735,0.24996981409739433,0.15517241379310345,0.1935483870967742,0.11428571428571428,0.11764705882352941,80.42493977272727,0.20454545454545456,0.045454545454545456,0.36363636363636365
"Villalobos, Jonaiker",665690,FLO_Y'A,Curveball,90,27,3,26,25,4,17,21,5,0,9,1745.98274,0.28241205886381404,0.1111111111111111,0.28888888888888886,0.16,0.23529411764705882,83.14203523809523,0.23809523809523808,0.0,0.42857142857142855
"Villalobos, Jonaiker",665690,FLO_Y'A,Four-Seam,310,139,28,90,92,18,82,103,20,2,41,8409.63892,0.2586880133337249,0.2014388489208633,0.2903225806451613,0.1956521739130435,0.21951219512195122,81.64697980582524,0.1941747572815534,0.019417475728155338,0.39805825242718446
"Villalobos, Jonaiker",665690,FLO_Y'A,Sinker,1,0,0,0,0,0,0,0,0,0,0,0.0,,,0.0,,,,,,
"Villalobos, Jonaiker",665690,FLO_Y'A,Slider,16,6,3,4,7,2,5,3,0,0,1,249.11545,0.24503616556831923,0.5,0.25,0.2857142857142857,0.4,83.03848333333333,0.0,0.0,0.3333333333333333
"Villalobos, Jonaiker",665690,FLO_Y'A,,2,0,0,1,0,0,1,0,0,0,0,0.0,,,0.5,,0.0,,,,
"Villers, Ian",677351,QUE_CAP,Changeup,6,3,2,2,2,0,0,0,0,0,0,0.0,,0.6666666666666666,0.3333333333333333,0.0,,,,,
"Villers, Ian",677351,QUE_CAP,Curveball,22,4,1,7,4,1,3,2,1,1,2,155.92454,0.3914747046769525,0.25,0.3181818181818182,0.25,0.3333333333333333,77.96227,0.5,0.5,1.0
"Villers, Ian",677351,QUE_CAP,Four-Seam,162,79,13,39,40,3,36,55,11,0,18,4518.84839,0.2741747242490908,0.16455696202531644,0.24074074074074073,0.075,0.08333333333333333,82.16087981818183,0.2,0.0,0.32727272727272727
"Villers, Ian",677351,QUE_CAP,Sinker,30,17,2,8,9,1,9,13,5,0,4,1097.1644,0.28054214394781546,0.11764705882352941,0.26666666666666666,0.1111111111111111,0.1111111111111111,84.39726153846154,0.38461538461538464,0.0,0.3076923076923077
"Villers, Ian",677351,QUE_CAP,Slider,66,27,12,30,17,4,15,11,1,0,3,842.16899,0.23936144209798751,0.4444444444444444,0.45454545454545453,0.23529411764705882,0.26666666666666666,76.56081727272728,0.09090909090909091,0.0,0.2727272727272727
"Villers, Ian",677351,QUE_CAP,Splitter,64,42,17,23,39,16,26,20,2,0,3,1542.37631,0.21942217104986442,0.40476190476190477,0.359375,0.41025641025641024,0.6153846153846154,77.11881550000001,0.1,0.0,0.15
"Villers, Ian",677351,QUE_CAP,,2,0,0,2,0,0,0,0,0,0,0,0.0,,,1.0,,,,,,
"Vitas, Ben",1000076969,JOL_SLA,Changeup,20,11,3,5,7,2,8,6,1,1,2,505.94184,0.2803509381064699,0.2727272727272727,0.25,0.2857142857142857,0.25,84.32364,0.16666666666666666,0.16666666666666666,0.3333333333333333
"Vitas, Ben",1000076969,JOL_SLA,Curveball,9,5,0,0,2,0,2,2,1,0,1,179.9301,0.40311555476480276,0.0,0.0,0.0,0.0,89.96505,0.5,0.0,0.5
"Vitas, Ben",1000076969,JOL_SLA,Cutter,28,14,3,8,2,1,9,10,3,1,5,793.3649,0.2590344084131364,0.21428571428571427,0.2857142857142857,0.5,0.1111111111111111,79.33649,0.3,0.1,0.5
"Vitas, Ben",1000076969,JOL_SLA,Four-Seam,119,49,9,38,15,3,36,37,3,0,11,3006.56295,0.250066104640493,0.1836734693877551,0.31932773109243695,0.2,0.08333333333333333,81.2584581081081,0.08108108108108109,0.0,0.2972972972972973
"Vitas, Ben",1000076969,JOL_SLA,Other,1,0,0,0,1,0,0,0,0,0,0,0.0,,,0.0,0.0,,,,,
"Vitas, Ben",1000076969,JOL_SLA,Sinker,132,56,5,34,24,2,35,49,6,0,23,3958.50203,0.2667993490824957,0.08928571428571429,0.25757575757575757,0.08333333333333333,0.05714285714285714,80.78575571428571,0.12244897959183673,0.0,0.46938775510204084
"Vitas, Ben",1000076969,JOL_SLA,Slider,88,41,14,26,18,5,27,22,8,1,11,1872.71175,0.3182224244823978,0.34146341463414637,0.29545454545454547,0.2777777777777778,0.18518518518518517,85.12326136363636,0.36363636363636365,0.045454545454545456,0.5
"Vitas, Ben",1000076969,JOL_SLA,Splitter,59,23,9,15,27,8,19,10,1,0,0,738.7632,0.17067180360376819,0.391304347826087,0.2542372881355932,0.2962962962962963,0.42105263157894735,73.87631999999999,0.1,0.0,0.0
"Vitas, Ben",1000076969,JOL_SLA,,1,0,0,1,1,1,1,0,0,0,0,0.0,,,1.0,1.0,1.0,,,,
"Voytko, Fawster",,TRO_AIG,Changeup,3,0,0,1,0,0,0,0,0,0,0,0.0,,,0.3333333333333333,,,,,,
"Voytko, Fawster",,TRO_AIG,Curveball,8,1,0,0,1,0,2,0,0,0,0,0.0,,0.0,0.0,0.0,0.0,,,,
"Voytko, Fawster",,TRO_AIG,Cutter,10,2,0,3,2,0,1,3,1,0,1,212.84579,0.19207634859406805,0.0,0.3,0.0,0.0,70.94859666666666,0.3333333333333333,0.0,0.3333333333333333
"Voytko, Fawster",,TRO_AIG,Four-Seam,10,5,0,1,2,0,3,5,1,0,2,404.70177,0.2979558476258767,0.0,0.1,0.0,0.0,80.940354,0.2,0.0,0.4
"Voytko, Fawster",,TRO_AIG,Sweeper,2,2,0,0,1,0,1,2,0,0,0,118.5989,0.016318525490459423,0.0,0.0,0.0,0.0,59.29945,0.0,0.0,0.0
"Vriesenga, Zach",1000305029,WMI_BRO,Changeup,17,12,4,5,8,0,5,7,1,0,1,549.6255,0.21490449810631743,0.3333333333333333,0.29411764705882354,0.0,0.0,78.51792857142857,0.14285714285714285,0.0,0.14285714285714285
"Vriesenga, Zach",1000305029,WMI_BRO,Curveball,3,1,0,2,1,0,1,1,1,0,0,97.95531,0.6318949706213565,0.0,0.6666666666666666,0.0,0.0,97.95531,1.0,0.0,0.0
"Vriesenga, Zach",1000305029,WMI_BRO,Cutter,15,5,2,5,4,1,3,2,2,0,0,207.1154,0.5561981375816705,0.4,0.3333333333333333,0.25,0.3333333333333333,103.5577,1.0,0.0,0.0
"Vriesenga, Zach",1000305029,WMI_BRO,Four-Seam,44,17,1,7,16,0,9,14,2,1,2,1107.50145,0.20526107773931715,0.058823529411764705,0.1590909090909091,0.0,0.0,79.10724642857143,0.14285714285714285,0.07142857142857142,0.14285714285714285
"Waldichuk, Eric",815768,TRO_AIG,Changeup,7,5,1,1,3,0,2,3,0,0,1,251.94253,0.3016753318264969,0.2,0.14285714285714285,0.0,0.0,83.98084333333334,0.0,0.0,0.3333333333333333
"Waldichuk, Eric",815768,TRO_AIG,Sinker,8,4,1,2,1,0,2,2,0,0,2,147.65388000000002,0.2797224129709378,0.25,0.25,0.0,0.0,73.82694000000001,0.0,0.0,1.0
"Waldichuk, Eric",815768,TRO_AIG,Slider,2,1,0,1,1,0,1,1,1,0,0,97.80883,0.41130063881688717,0.0,0.5,0.0,0.0,97.80883,1.0,0.0,0.0
"Wargo, Tate",1000302416,GAT_GRI,Changeup,6,2,0,2,2,1,2,2,1,1,1,162.66341,0.24978647488518557,0.0,0.3333333333333333,0.5,0.5,81.331705,0.5,0.5,0.5
"Wargo, Tate",1000302416,GAT_GRI,Curveball,7,5,0,1,2,0,3,4,0,0,0,329.93147,0.20690556647662206,0.0,0.14285714285714285,0.0,0.0,82.4828675,0.0,0.0,0.0
"Wargo, Tate",1000302416,GAT_GRI,Four-Seam,17,10,1,2,5,0,5,9,1,0,4,762.79634,0.31616169898256286,0.1,0.11764705882352941,0.0,0.0,84.75514888888888,0.1111111111111111,0.0,0.4444444444444444
"Wargo, Tate",1000302416,GAT_GRI,,1,0,0,1,0,0,0,0,0,0,0,0.0,,,1.0,,,,,,
"Webster, Evan",804248,FLO_Y'A,Changeup,70,30,7,17,16,2,18,18,7,2,6,1559.17096,0.28446940973952983,0.23333333333333334,0.24285714285714285,0.125,0.1111111111111111,86.62060888888888,0.3888888888888889,0.1111111111111111,0.3333333333333333
"Webster, Evan",804248,FLO_Y'A,Curveball,15,3,0,8,2,0,2,2,1,0,2,187.96804,0.5716861360310771,0.0,0.5333333333333333,0.0,0.0,93.98402,0.5,0.0,1.0
"Webster, Evan",804248,FLO_Y'A,Cutter,99,43,12,31,22,6,23,24,2,1,3,1713.87365,0.13647014073778171,0.27906976744186046,0.31313131313131315,0.2727272727272727,0.2608695652173913,71.41140208333333,0.08333333333333333,0.041666666666666664,0.125
"Webster, Evan",804248,FLO_Y'A,Four-Seam,270,131,30,81,93,18,77,92,11,1,26,7440.96838,0.22564148484939,0.22900763358778625,0.3,0.1935483870967742,0.23376623376623376,80.88009108695653,0.11956521739130435,0.010869565217391304,0.2826086956521739
"Webster, Evan",804248,FLO_Y'A,Sinker,38,24,3,6,17,4,14,19,3,0,7,1509.63254,0.2301850530903405,0.125,0.15789473684210525,0.23529411764705882,0.2857142857142857,79.45434421052632,0.15789473684210525,0.0,0.3684210526315789
"Webster, Evan",804248,FLO_Y'A,Slider,52,22,3,12,14,2,6,11,0,0,2,809.1489300000001,0.1496018445957806,0.13636363636363635,0.23076923076923078,0.14285714285714285,0.3333333333333333,73.55899363636364,0.0,0.0,0.18181818181818182
"Wehrle, Tyler",806332,WIN_CIT29,Changeup,61,22,3,11,21,0,15,15,5,1,2,1277.92858,0.26450187361778543,0.13636363636363635,0.18032786885245902,0.0,0.0,85.19523866666667,0.3333333333333333,0.06666666666666667,0.13333333333333333
"Wehrle, Tyler",806332,WIN_CIT29,Curveball,9,1,0,2,2,0,0,1,0,0,0,68.35958,0.10195680213596015,0.0,0.2222222222222222,0.0,,68.35958,0.0,0.0,0.0
"Wehrle, Tyler",806332,WIN_CIT29,Cutter,9,3,2,2,2,1,2,1,1,0,0,101.50541,0.36933366254796296,0.6666666666666666,0.2222222222222222,0.5,0.5,101.50541,1.0,0.0,0.0
"Wehrle, Tyler",806332,WIN_CIT29,Four-Seam,227,87,30,68,58,15,47,46,4,0,15,3477.44388,0.188341603664606,0.3448275862068966,0.29955947136563876,0.25862068965517243,0.3191489361702128,75.59660608695651,0.08695652173913043,0.0,0.32608695652173914
"Wehrle, Tyler",806332,WIN_CIT29,Sinker,79,34,5,23,20,3,21,22,2,0,7,1832.86899,0.25101874433030785,0.14705882352941177,0.2911392405063291,0.15,0.14285714285714285,83.31222681818181,0.09090909090909091,0.0,0.3181818181818182
"Wehrle, Tyler",806332,WIN_CIT29,Slider,142,76,22,39,49,10,42,50,8,2,12,4077.61602,0.22922670787202737,0.2894736842105263,0.2746478873239437,0.20408163265306123,0.23809523809523808,81.5523204,0.16,0.04,0.24
"Wehrle, Tyler",806332,WIN_CIT29,Splitter,1,0,0,0,1,0,0,0,0,0,0,0.0,,,0.0,0.0,,,,,
"Wehrle, Tyler",806332,WIN_CIT29,Sweeper,15,4,0,4,3,1,4,4,1,0,2,318.11581,0.3288775007040444,0.0,0.26666666666666666,0.3333333333333333,0.25,79.5289525,0.25,0.0,0.5
"Wehrle, Tyler",806332,WIN_CIT29,,30,18,2,5,13,0,6,0,0,0,0,0.0,,0.1111111111111111,0.16666666666666666,0.0,0.0,,,,
"Westcott, Zac",686170,FLO_Y'A,Changeup,123,61,10,21,40,2,33,45,15,1,16,3779.90161,0.28792281348709875,0.16393442622950818,0.17073170731707318,0.05,0.06060606060606061,83.99781355555555,0.3333333333333333,0.022222222222222223,0.35555555555555557
"Westcott, Zac",686170,FLO_Y'A,Curveball,127,54,9,38,26,3,33,37,15,1,18,3319.18462,0.39754439473582887,0.16666666666666666,0.2992125984251969,0.11538461538461539,0.09090909090909091,89.70769243243244,0.40540540540540543,0.02702702702702703,0.4864864864864865
"Westcott, Zac",686170,FLO_Y'A,Four-Seam,231,112,14,53,67,9,62,88,12,2,28,6813.46784,0.20160356766572168,0.125,0.22943722943722944,0.13432835820895522,0.14516129032258066,77.42577090909091,0.13636363636363635,0.022727272727272728,0.3181818181818182
"Westcott, Zac",686170,FLO_Y'A,Sinker,1,1,1,1,1,1,1,0,0,0,0,0.0,,1.0,1.0,1.0,1.0,,,,
"Westcott, Zac",686170,FLO_Y'A,Slider,14,5,3,8,5,2,4,2,1,1,1,178.41411,0.4080456100329057,0.6,0.5714285714285714,0.4,0.5,89.207055,0.5,0.5,0.5
"Whitesell, Max",1000223610,FLO_Y'A,Changeup,47,20,4,9,13,2,10,11,2,0,2,893.76604,0.25118841057145774,0.2,0.19148936170212766,0.15384615384615385,0.2,81.25145818181818,0.18181818181818182,0.0,0.18181818181818182
"Whitesell, Max",1000223610,FLO_Y'A,Curveball,4,1,0,2,0,0,0,1,0,0,0,72.61509,0.1455187008019676,0.0,0.5,,,72.61509,0.0,0.0,0.0
"Whitesell, Max",1000223610,FLO_Y'A,Cutter,37,15,3,8,6,1,5,8,0,0,3,614.87522,0.19951887029848975,0.2,0.21621621621621623,0.16666666666666666,0.2,76.8594025,0.0,0.0,0.375
"Whitesell, Max",1000223610,FLO_Y'A,Four-Seam,144,63,11,40,35,7,31,48,9,0,15,3883.11037,0.24224209794648502,0.1746031746031746,0.2777777777777778,0.2,0.22580645161290322,80.89813270833334,0.1875,0.0,0.3125
"Whitesell, Max",1000223610,FLO_Y'A,Sinker,16,8,1,4,4,2,4,7,1,0,1,588.12592,0.25391115954044785,0.125,0.25,0.5,0.5,84.01798857142856,0.14285714285714285,0.0,0.14285714285714285
"Whitesell, Max",1000223610,FLO_Y'A,Slider,112,59,16,29,46,11,37,38,5,1,12,2891.52131,0.20551122445880782,0.2711864406779661,0.25892857142857145,0.2391304347826087,0.2972972972972973,76.09266605263159,0.13157894736842105,0.02631578947368421,0.3157894736842105
"Widener, Jacob",683179,SUS_COU1,Changeup,16,7,1,4,5,0,2,4,2,0,2,339.72089,0.3451992431062304,0.14285714285714285,0.25,0.0,0.0,84.9302225,0.5,0.0,0.5
"Widener, Jacob",683179,SUS_COU1,Curveball,21,8,3,5,11,3,7,4,0,0,1,284.2107,0.1252497078303262,0.375,0.23809523809523808,0.2727272727272727,0.42857142857142855,71.052675,0.0,0.0,0.25
"Widener, Jacob",683179,SUS_COU1,Cutter,22,8,2,7,4,1,5,6,1,0,3,503.0286,0.2870711842044671,0.25,0.3181818181818182,0.25,0.2,83.8381,0.16666666666666666,0.0,0.5
"Widener, Jacob",683179,SUS_COU1,Four-Seam,60,25,6,13,16,2,14,18,1,0,9,1286.86468,0.2149949594426664,0.24,0.21666666666666667,0.125,0.14285714285714285,71.49248222222222,0.05555555555555555,0.0,0.5
"Widener, Jacob",683179,SUS_COU1,Sinker,65,34,10,19,12,1,16,22,2,0,5,1611.72257,0.16271826459298014,0.29411764705882354,0.2923076923076923,0.08333333333333333,0.0625,73.26011681818181,0.09090909090909091,0.0,0.22727272727272727
"Widener, Jacob",683179,SUS_COU1,Slider,58,20,10,24,19,7,15,8,0,0,3,654.06248,0.263235905228755,0.5,0.41379310344827586,0.3684210526315789,0.4666666666666667,81.75781,0.0,0.0,0.375
"Widener, Jacob",683179,SUS_COU1,Sweeper,1,0,0,0,1,0,1,0,0,0,0,0.0,,,0.0,0.0,0.0,,,,
"Widener, Jacob",683179,SUS_COU1,,1,0,0,0,0,0,0,0,0,0,0,0.0,,,0.0,,,,,,
"Willeman, Landon",812254,EVA_OTT,Changeup,112,65,16,28,37,4,31,38,3,1,6,2815.70741,0.16005967075560812,0.24615384615384617,0.25,0.10810810810810811,0.12903225806451613,74.09756342105263,0.07894736842105263,0.02631578947368421,0.15789473684210525
"Willeman, Landon",812254,EVA_OTT,Curveball,66,24,9,30,19,7,15,12,3,0,5,945.16619,0.2885876372733714,0.375,0.45454545454545453,0.3684210526315789,0.4666666666666667,78.76384916666667,0.25,0.0,0.4166666666666667
"Willeman, Landon",812254,EVA_OTT,Cutter,1,0,0,1,0,0,0,0,0,0,0,0.0,,,1.0,,,,,,
"Willeman, Landon",812254,EVA_OTT,Four-Seam,312,131,21,79,91,12,81,89,20,2,32,7229.38549,0.2555634322021947,0.16030534351145037,0.2532051282051282,0.13186813186813187,0.14814814814814814,81.2290504494382,0.2247191011235955,0.02247191011235955,0.3595505617977528
"Willeman, Landon",812254,EVA_OTT,Sinker,27,10,0,8,6,0,7,10,2,0,4,830.20308,0.30005096393104375,0.0,0.2962962962962963,0.0,0.0,83.020308,0.2,0.0,0.4
"Willeman, Landon",812254,EVA_OTT,Slider,48,25,8,12,14,4,14,15,3,1,5,1191.83082,0.210916952492225,0.32,0.25,0.2857142857142857,0.2857142857142857,79.455388,0.2,0.06666666666666667,0.3333333333333333
"Williams, Brian",1000079778,MIS_MUD,Changeup,12,7,1,1,8,0,6,5,0,0,1,366.69236,0.15928120315937203,0.14285714285714285,0.08333333333333333,0.0,0.0,73.338472,0.0,0.0,0.2
"Williams, Brian",1000079778,MIS_MUD,Curveball,13,6,4,4,8,2,4,1,0,0,1,94.14274,0.5613144019840366,0.6666666666666666,0.3076923076923077,0.25,0.5,94.14274,0.0,0.0,1.0
"Williams, Brian",1000079778,MIS_MUD,Cutter,107,59,19,29,36,7,27,31,6,0,10,2529.03858,0.27457878353894377,0.3220338983050847,0.27102803738317754,0.19444444444444445,0.25925925925925924,81.58188967741935,0.1935483870967742,0.0,0.3225806451612903
"Williams, Brian",1000079778,MIS_MUD,Four-Seam,402,179,26,104,69,8,98,143,33,4,49,11736.49158,0.25172775500696254,0.1452513966480447,0.25870646766169153,0.11594202898550725,0.08163265306122448,82.0733676923077,0.23076923076923078,0.027972027972027972,0.34265734265734266
"Williams, Brian",1000079778,MIS_MUD,Knuckleball,1,1,1,1,0,0,0,0,0,0,0,0.0,,1.0,1.0,,,,,,
"Williams, Brian",1000079778,MIS_MUD,Other,3,0,0,2,1,0,0,0,0,0,0,0.0,,,0.6666666666666666,0.0,,,,,
"Williams, Brian",1000079778,MIS_MUD,Sinker,27,10,0,3,4,0,8,9,3,0,3,747.79276,0.28137385784804114,0.0,0.1111111111111111,0.0,0.0,83.08808444444445,0.3333333333333333,0.0,0.3333333333333333
"Williams, Brian",1000079778,MIS_MUD,Slider,160,72,26,60,52,7,38,40,5,0,14,3117.1618,0.24799396116633723,0.3611111111111111,0.375,0.1346153846153846,0.18421052631578946,77.929045,0.125,0.0,0.35
"Williams, Brian",1000079778,MIS_MUD,Splitter,69,27,15,22,42,10,20,8,1,0,1,642.58916,0.17927485734259083,0.5555555555555556,0.3188405797101449,0.23809523809523808,0.5,80.323645,0.125,0.0,0.125
"Williams, Brian",1000079778,MIS_MUD,,21,11,6,7,5,1,4,0,0,0,0,0.0,,0.5454545454545454,0.3333333333333333,0.2,0.25,,,,
"Williams, Pierce",1000337420,NEW_ENG23,Changeup,282,129,44,78,76,16,68,73,11,2,23,5844.651,0.2482868878152554,0.34108527131782945,0.2765957446808511,0.21052631578947367,0.23529411764705882,80.06371232876712,0.1506849315068493,0.0273972602739726,0.3150684931506849
"Williams, Pierce",1000337420,NEW_ENG23,Curveball,120,46,6,31,36,4,32,32,9,0,12,2605.87882,0.27257579045917035,0.13043478260869565,0.25833333333333336,0.1111111111111111,0.125,81.433713125,0.28125,0.0,0.375
"Williams, Pierce",1000337420,NEW_ENG23,Four-Seam,161,68,18,41,43,9,47,46,9,2,13,3600.73761,0.2375881945117879,0.2647058823529412,0.2546583850931677,0.20930232558139536,0.19148936170212766,78.2769045652174,0.1956521739130435,0.043478260869565216,0.2826086956521739
"Williams, Pierce",1000337420,NEW_ENG23,Sinker,60,27,2,13,13,2,20,23,5,0,6,1921.2645,0.2764984197585899,0.07407407407407407,0.21666666666666667,0.15384615384615385,0.1,83.53323913043478,0.21739130434782608,0.0,0.2608695652173913
"Williams, Pierce",1000337420,NEW_ENG23,Slider,16,6,1,4,3,1,5,5,0,0,2,386.42242,0.20034702165530444,0.16666666666666666,0.25,0.3333333333333333,0.2,77.28448399999999,0.0,0.0,0.4
"Williams, Pierce",1000337420,NEW_ENG23,,1,0,0,0,1,0,0,0,0,0,0,0.0,,,0.0,0.0,,,,,
"Wilson, Bradley",1000073000,FLO_Y'A,Changeup,14,11,7,7,7,4,7,3,1,0,1,261.92403,0.2345107464346595,0.6363636363636364,0.5,0.5714285714285714,0.5714285714285714,87.30801000000001,0.3333333333333333,0.0,0.3333333333333333
"Wilson, Bradley",1000073000,FLO_Y'A,Curveball,15,1,1,5,4,1,1,0,0,0,0,0.0,,1.0,0.3333333333333333,0.25,1.0,,,,
"Wilson, Bradley",1000073000,FLO_Y'A,Four-Seam,60,34,9,23,21,6,19,23,4,1,4,1879.28762,0.21317075705832098,0.2647058823529412,0.38333333333333336,0.2857142857142857,0.3157894736842105,81.70815739130435,0.17391304347826086,0.043478260869565216,0.17391304347826086
"Wilson, Bradley",1000073000,FLO_Y'A,Slider,29,13,3,11,8,1,3,10,2,0,1,768.90388,0.15648020628697187,0.23076923076923078,0.3793103448275862,0.125,0.3333333333333333,76.890388,0.2,0.0,0.1
"Wiltse, Ryan",813813,EVA_OTT,Changeup,107,64,24,33,33,10,32,32,2,1,8,2385.63366,0.18744333736761462,0.375,0.308411214953271,0.30303030303030304,0.3125,74.551051875,0.0625,0.03125,0.25
"Wiltse, Ryan",813813,EVA_OTT,Curveball,75,19,6,30,16,2,11,10,3,1,1,816.18665,0.24480468681766349,0.3157894736842105,0.4,0.125,0.18181818181818182,81.618665,0.3,0.1,0.1
"Wiltse, Ryan",813813,EVA_OTT,Cutter,32,14,6,9,10,2,8,8,2,0,3,641.77193,0.29623890684234855,0.42857142857142855,0.28125,0.2,0.25,80.22149125,0.25,0.0,0.375
"Wiltse, Ryan",813813,EVA_OTT,Four-Seam,272,129,17,62,87,11,77,92,27,5,38,7781.1675,0.2646922748495757,0.13178294573643412,0.22794117647058823,0.12643678160919541,0.14285714285714285,84.57790760869565,0.29347826086956524,0.05434782608695652,0.41304347826086957
"Wiltse, Ryan",813813,EVA_OTT,Sinker,3,0,0,1,2,0,0,0,0,0,0,0.0,,,0.3333333333333333,0.0,,,,,
"Wiltse, Ryan",813813,EVA_OTT,Slider,39,10,2,11,13,3,7,3,1,0,0,284.75138000000004,0.4032627319190425,0.2,0.28205128205128205,0.23076923076923078,0.42857142857142855,94.91712666666668,0.3333333333333333,0.0,0.0
"Woolfolk, Dallas",663762,MIS_MUD,Four-Seam,54,27,5,12,16,2,13,21,5,3,6,1698.98619,0.21652397993843,0.18518518518518517,0.2222222222222222,0.125,0.15384615384615385,80.90410428571428,0.23809523809523808,0.14285714285714285,0.2857142857142857
"Woolfolk, Dallas",663762,MIS_MUD,Other,1,0,0,0,0,0,0,0,0,0,0,0.0,,,0.0,,,,,,
"Woolfolk, Dallas",663762,MIS_MUD,Slider,11,2,0,2,6,1,2,1,0,0,1,80.83669,0.42796187596526136,0.0,0.18181818181818182,0.16666666666666666,0.5,80.83669,0.0,0.0,1.0
"Woolfolk, Dallas",663762,SCH_BOO,Changeup,33,19,11,12,9,5,8,4,1,0,2,294.60685,0.262824206283244,0.5789473684210527,0.36363636363636365,0.5555555555555556,0.625,73.6517125,0.25,0.0,0.5
"Woolfolk, Dallas",663762,SCH_BOO,Curveball,3,2,0,1,1,0,1,2,0,0,1,135.98265,0.21901984504820074,0.0,0.3333333333333333,0.0,0.0,67.991325,0.0,0.0,0.5
"Woolfolk, Dallas",663762,SCH_BOO,Four-Seam,101,41,5,23,17,2,28,31,7,2,12,2603.75751,0.2399026010602215,0.12195121951219512,0.22772277227722773,0.11764705882352941,0.07142857142857142,83.99217774193548,0.22580645161290322,0.06451612903225806,0.3870967741935484
"Woolfolk, Dallas",663762,SCH_BOO,Sinker,3,3,1,1,0,0,2,2,1,0,2,195.04832,0.610273826321422,0.3333333333333333,0.3333333333333333,,0.0,97.52416,0.5,0.0,1.0
"Woolfolk, Dallas",663762,SCH_BOO,Slider,20,4,1,6,2,0,3,3,1,0,1,241.53539999999998,0.2878805884286553,0.25,0.3,0.0,0.0,80.5118,0.3333333333333333,0.0,0.3333333333333333
"Woolfolk, Dallas",663762,SCH_BOO,,4,2,0,0,1,0,3,0,0,0,0,0.0,,0.0,0.0,0.0,0.0,,,,
"Wright, Taylor",1000429127,OTT_TIT,Changeup,21,10,3,6,4,1,7,7,2,0,3,565.33314,0.2968630868623935,0.3,0.2857142857142857,0.25,0.14285714285714285,80.76187714285713,0.2857142857142857,0.0,0.42857142857142855
"Wright, Taylor",1000429127,OTT_TIT,Curveball,3,3,0,0,1,0,2,2,0,0,1,179.69564000000003,0.3934656058068533,0.0,0.0,0.0,0.0,89.84782000000001,0.0,0.0,0.5
"Wright, Taylor",1000429127,OTT_TIT,Sinker,3,2,0,0,1,0,0,2,0,0,0,157.24252,0.2133355898360912,0.0,0.0,0.0,,78.62126,0.0,0.0,0.0
"Zaffiro, Cole",10994263,SCH_BOO,Changeup,24,10,5,9,10,1,5,4,1,0,2,332.68793,0.24871469584593342,0.5,0.375,0.1,0.2,83.1719825,0.25,0.0,0.5
"Zaffiro, Cole",10994263,SCH_BOO,Curveball,19,2,1,7,4,1,4,1,1,0,1,95.18832,0.5974219174447893,0.5,0.3684210526315789,0.25,0.25,95.18832,1.0,0.0,1.0
"Zaffiro, Cole",10994263,SCH_BOO,Cutter,6,1,0,1,2,0,1,1,0,0,0,82.49392,0.20998287115708203,0.0,0.16666666666666666,0.0,0.0,82.49392,0.0,0.0,0.0
"Zaffiro, Cole",10994263,SCH_BOO,Four-Seam,108,41,15,35,26,7,26,23,1,1,8,1734.0503899999999,0.16594917213271324,0.36585365853658536,0.32407407407407407,0.2692307692307692,0.2692307692307692,75.3934952173913,0.043478260869565216,0.043478260869565216,0.34782608695652173
"Zaffiro, Cole",10994263,SCH_BOO,Splitter,1,1,0,0,0,0,1,1,0,0,1,81.11266,0.41728466893384497,0.0,0.0,,0.0,81.11266,0.0,0.0,1.0
"Zeisler, Hank",809344,FLO_Y'A,Four-Seam,34,18,1,9,4,0,11,14,2,1,7,1130.60087,0.2701568008683857,0.05555555555555555,0.2647058823529412,0.0,0.0,80.757205,0.14285714285714285,0.07142857142857142,0.5
"Zeisler, Hank",809344,FLO_Y'A,Knuckleball,13,7,0,2,5,0,4,6,0,0,2,487.26233,0.28805530585895395,0.0,0.15384615384615385,0.0,0.0,81.21038833333334,0.0,0.0,0.3333333333333333
"Zentko, Dylan",1000303828,EVA_OTT,Changeup,16,8,3,4,7,1,5,3,0,0,0,235.74214999999998,0.1545250237094323,0.375,0.25,0.14285714285714285,0.2,78.58071666666666,0.0,0.0,0.0
"Zentko, Dylan",1000303828,EVA_OTT,Curveball,9,1,0,1,4,1,1,1,0,0,1,83.43525,0.4791058542055877,0.0,0.1111111111111111,0.25,1.0,83.43525,0.0,0.0,1.0
"Zentko, Dylan",1000303828,EVA_OTT,Four-Seam,69,28,5,19,25,3,15,19,1,0,6,1439.4483500000001,0.19704880848445658,0.17857142857142858,0.2753623188405797,0.12,0.2,75.76043947368422,0.05263157894736842,0.0,0.3157894736842105
"Zentko, Dylan",1000303828,EVA_OTT,Slider,20,8,2,9,3,1,4,2,0,0,0,163.56164,0.23234414715373275,0.25,0.45,0.3333333333333333,0.25,81.78082,0.0,0.0,0.0
"Zeplin, Blane",830954,JOL_SLA,Changeup,1,0,0,1,0,0,0,0,0,0,0,0.0,,,1.0,,,,,,
"Zeplin, Blane",830954,JOL_SLA,Curveball,4,0,0,1,3,1,1,0,0,0,0,0.0,,,0.25,0.3333333333333333,1.0,,,,
"Zeplin, Blane",830954,JOL_SLA,Four-Seam,57,19,0,15,6,2,16,17,1,0,4,1405.51218,0.2277845925120734,0.0,0.2631578947368421,0.3333333333333333,0.125,82.67718705882352,0.058823529411764705,0.0,0.23529411764705882
"Zeplin, Blane",830954,JOL_SLA,Slider,26,12,5,11,8,2,6,6,1,0,3,487.16799000000003,0.28385518461172626,0.4166666666666667,0.4230769230769231,0.25,0.3333333333333333,81.194665,0.16666666666666666,0.0,0.5
"Zeplin, Blane",830954,JOL_SLA,Splitter,7,1,1,1,3,1,2,0,0,0,0,0.0,,1.0,0.14285714285714285,0.3333333333333333,0.5,,,,
"Zeplin, Blane",,JOL_SLA,Changeup,1,0,0,0,0,0,0,0,0,0,0,0.0,,,0.0,,,,,,
"Zilli, Christian",1000410372,LAK_ERI24,Changeup,26,8,3,11,4,2,9,5,4,0,3,500.24661000000003,0.5576593897855693,0.375,0.4230769230769231,0.5,0.2222222222222222,100.049322,0.8,0.0,0.6
"Zilli, Christian",1000410372,LAK_ERI24,Curveball,23,5,2,5,8,1,3,3,2,1,2,265.62102,0.368225612592383,0.4,0.21739130434782608,0.125,0.3333333333333333,88.54034,0.6666666666666666,0.3333333333333333,0.6666666666666666
"Zilli, Christian",1000410372,LAK_ERI24,Slider,6,2,1,2,2,1,1,1,1,0,1,99.77187,0.6262287238953409,0.5,0.3333333333333333,0.5,1.0,99.77187,1.0,0.0,1.0
"Zilli, Christian",1000410372,LAK_ERI24,,1,1,0,0,0,0,1,0,0,0,0,0.0,,0.0,0.0,,0.0,,,,
"snyder, jack",,SCH_BOO,Changeup,1,1,0,0,1,0,1,1,0,0,1,76.2219,0.4171607290292273,0.0,0.0,0.0,0.0,76.2219,0.0,0.0,1.0
"snyder, jack",,SCH_BOO,Four-Seam,5,3,1,2,1,0,2,2,0,0,0,168.6499,0.2562842103320365,0.3333333333333333,0.4,0.0,0.0,84.32495,0.0,0.0,0.0
"snyder, jack",,SCH_BOO,Sinker,2,1,0,1,0,0,0,2,0,0,1,136.64715,0.20463131198996537,0.0,0.5,,,68.323575,0.0,0.0,0.5
"snyder, jack",,SCH_BOO,Slider,2,0,0,1,0,0,0,0,0,0,0,0.0,,,0.5,,,,,,
"yalls, flo",,XAV_MUS,Four-Seam,7,0,0,3,1,1,1,0,0,0,0,0.0,,,0.42857142857142855,1.0,1.0,,,,
,,QUE_CAP,Changeup,2,0,0,0,0,0,0,0,0,0,0,0.0,,,0.0,,,,,,
,,QUE_CAP,Curveball,1,0,0,0,0,0,0,0,0,0,0,0.0,,,0.0,,,,,,
,,QUE_CAP,Four-Seam,1,0,0,0,0,0,0,0,0,0,0,0.0,,,0.0,,,,,,
,,TES_BLA1,Changeup,1,0,0,0,0,0,0,0,0,0,0,0.0,,,0.0,,,,,,
,,WIN_CIT29,Curveball,2,0,0,0,0,0,0,0,0,0,0,0.0,,,0.0,,,,,,
,,WIN_CIT29,Four-Seam,1,0,0,0,0,0,0,1,0,0,0,82.63908,0.0,,0.0,,,82.63908,0.0,0.0,0.0
,,WIN_CIT29,Sinker,1,0,0,0,0,0,0,0,0,0,0,0.0,,,0.0,,,,,,
