pitcher_name,pitcher_id,pitcher_team,pitch_type,pitch_count,swing_count,whiff_count,csw_count,two_strike_pitch_count,strikeout_count,terminal_pa_count,batted_ball_count,hardhit_count,barrel_count,sweetspot_count,groundball_count,line_drive_count,flyball_count,exit_velocity_sum,xwoba_frontier,whiff_pct,csw_pct,putaway_pct,k_pct,avg_exit_velocity,hardhit_pct,barrel_pct,sweetspot_pct,groundball_pct,line_drive_pct,flyball_pct,whiff_pct_z,whiff_pct_score_component,csw_pct_z,csw_pct_score_component,putaway_pct_z,putaway_pct_score_component,k_pct_z,k_pct_score_component,avg_exit_velocity_z,avg_exit_velocity_score_component,hardhit_pct_z,hardhit_pct_score_component,barrel_pct_z,barrel_pct_score_component,sweetspot_pct_z,sweetspot_pct_score_component,pitch_value_raw,pitch_value_20_80,pitch_value_0_100,overall_rank,pitch_type_rank,groundball_score_raw,groundball_score_20_80,groundball_score_0_100,groundball_score_rank,groundball_score_pitch_type_rank,strikeout_score_raw,strikeout_score_20_80,strikeout_score_0_100,strikeout_score_rank,strikeout_score_pitch_type_rank,line_drive_score_raw,line_drive_score_20_80,line_drive_score_0_100,line_drive_score_rank,line_drive_score_pitch_type_rank,flyball_score_raw,flyball_score_20_80,flyball_score_0_100,flyball_score_rank,flyball_score_pitch_type_rank
"Grounds, Jackson",805984.0,DOW_EAS1,Curveball,82,19,8,23,29,7,17,10,0,0,0,5,0,5,646.25152,0.1068435879491366,0.4210526315789473,0.2804878048780488,0.2413793103448276,0.4117647058823529,64.625152,0.0,0.0,0.0,0.5,0.0,0.5,1.640979105728461,-0.005339746010040412,0.1475649806997651,-0.0043289662738083086,0.7720546225173772,0.011210233118952317,1.759005108277838,0.07682103009381801,-4.445069006997459,2.618145645121503,-2.1805000846005806,0.521176588720977,-0.7639787681093636,-0.03755032043134333,-3.4848408632142633,1.0587190481305357,4.238853512470594,80.0,100.0,1,1,0.896960567818878,58.96960567818878,81.55230596175478,164,38,1.759005108277838,67.59005108277839,93.53205849268842,59,20,2.6237867360220166,76.23786736022016,99.15635545556806,10,2,-0.6911388761858831,43.08861123814117,24.634420697412825,670,89
"Vecerka, Boris",807828.0,QUE_CAP,Slider,83,27,7,24,28,7,18,18,1,0,3,9,3,6,1243.48968,0.1229780003211059,0.2592592592592592,0.2891566265060241,0.25,0.3888888888888889,69.08276,0.0555555555555555,0.0,0.1666666666666666,0.5,0.1666666666666666,0.3333333333333333,0.17206136172158126,-0.0005598876710420255,0.2875000356301415,-0.00843410104524583,0.8726228806389486,0.012670484226877533,1.5719962178798466,0.06865379082346654,-3.1208345689868118,1.838171561133232,-1.48285640391406,0.3544278890943269,-0.7639787681093636,-0.03755032043134333,-1.6497598415378716,0.5012085881780961,2.728588004308368,80.0,99.8875140607424,2,1,0.896960567818878,58.96960567818878,81.55230596175478,177,32,1.5719962178798466,65.71996217879847,91.50731158605174,78,31,0.4295932730472875,54.29593273047288,67.82902137232846,298,78,0.6771243027438776,56.77124302743878,74.29696287964005,237,45
"Carroll, Jake",1000088275.0,JOL_SLA,Slider,74,29,7,16,18,4,17,15,0,0,3,8,2,5,1040.36439,0.1767513465018924,0.2413793103448276,0.2162162162162162,0.2222222222222222,0.2352941176470588,69.357626,0.0,0.0,0.2,0.5333333333333333,0.1333333333333333,0.3333333333333333,0.009729778877448192,-3.1660700467216414e-05,-0.8899287728724539,0.026106950480986307,0.5485696044694403,0.007965230656896272,0.31636509663618856,0.013816612865392262,-3.0391793352744174,1.7900766284766318,-2.1805000846005806,0.521176588720977,-0.7639787681093636,-0.03755032043134333,-1.2827436372025922,0.38970649618760794,2.711266526256681,80.0,99.77502812148481,3,2,1.1566987674631743,61.56698767463175,86.67041619797526,119,22,0.31636509663618856,53.163650966361885,67.2665916760405,291,111,0.868431965642233,58.68431965642233,84.08323959505061,139,39,0.6771243027438776,56.77124302743878,74.29696287964005,223,40
"Ryan, Dillon",1000132418.0,NEW_ENG23,Slider,125,51,18,41,48,10,29,25,0,0,5,13,3,9,1746.2644,0.1441021723355229,0.3529411764705882,0.328,0.2083333333333333,0.3448275862068966,69.850576,0.0,0.0,0.2,0.52,0.12,0.36,1.0225970079679465,-0.003327530663927698,0.9145229271866491,-0.02682844459194754,0.38654296638468577,0.005612603871905637,1.2117968279999713,0.052922802869242745,-2.892737260014018,1.7038222461482566,-2.1805000846005806,0.521176588720977,-0.7639787681093636,-0.03755032043134333,-1.2827436372025922,0.38970649618760794,2.6055344421107716,79.90619173116114,99.66254218222723,4,3,1.052803487605456,60.52803487605456,84.92688413948257,136,23,1.2117968279999713,62.117968279999715,87.06411698537683,117,46,1.043967442680211,60.439674426802114,87.5140607424072,113,30,0.45820219411511587,54.58202194115116,67.66029246344208,289,57
"Zentko, Dylan",1000303828.0,EVA_OTT,Changeup,67,29,13,20,22,5,14,13,1,0,2,8,2,3,912.91981,0.1549386693069083,0.4482758620689655,0.2985074626865671,0.2272727272727272,0.3571428571428571,70.22460076923076,0.0769230769230769,0.0,0.1538461538461538,0.6153846153846154,0.1538461538461538,0.2307692307692307,1.8881380946452822,-0.006144001359975748,0.43844440047282385,-0.012862204932270761,0.6074883819548048,0.008820731305983766,1.3124736761030416,0.05731966285644813,-2.781624645337188,1.6383769161036037,-1.2145319113423205,0.29029377385330746,-0.7639787681093636,-0.03755032043134333,-1.790919920128363,0.5440940081744375,2.4823485655701907,78.49227050914526,99.55005624296963,5,1,1.7960543358183658,67.96054335818366,95.10686164229472,45,12,1.3124736761030416,63.12473676103042,88.80764904386952,103,10,0.5983773855838049,55.98377385583805,75.0281214848144,232,49,1.5191324128544998,65.191324128545,93.36332958380203,64,17
"Morgan, Cooper",692707.0,QUE_CAP,Curveball,85,48,17,25,41,9,21,26,2,1,11,8,4,14,1712.04226,0.1491050794266901,0.3541666666666667,0.2941176470588235,0.2195121951219512,0.4285714285714285,65.84777923076923,0.0769230769230769,0.0384615384615384,0.4230769230769231,0.3076923076923077,0.1538461538461538,0.5384615384615384,1.0337232010147743,-0.0033637352961020757,0.3675825097378543,-0.010783400505669694,0.5169546506968051,0.00750618152811761,1.8963993951008515,0.08282145078223949,-4.081859616706923,2.404215314240378,-1.2145319113423205,0.29029377385330746,0.602391145236699,0.029608127179528994,1.1734417302719635,-0.3564998117487344,2.4437979000330654,78.04978793194962,99.43757030371204,6,2,-0.6015290455136011,43.98470954486399,29.527559055118108,628,84,1.8963993951008515,68.96399395100852,94.60067491563554,49,17,0.5983773855838049,55.98377385583805,75.0281214848144,224,28,-1.006891917477366,39.93108082522634,16.647919010123736,743,91
"Peyton, Blake",1000017005.0,GAT_GRI,Changeup,93,40,15,23,26,4,26,20,1,0,4,13,3,4,1402.11422,0.1402873587676506,0.375,0.2473118279569892,0.1538461538461538,0.1538461538461538,70.105711,0.05,0.0,0.2,0.65,0.15,0.2,1.222868482810841,-0.003979214043066477,-0.38797287577608597,0.011381572283767257,-0.24909999840934954,-0.0036169319769037553,-0.3494687548907266,-0.015262348932342702,-2.816943571259457,1.65917976347182,-1.5526207719827114,0.37110275905699175,-0.7639787681093636,-0.03755032043134333,-1.2827436372025922,0.38970649618760794,2.3709617756165304,77.21377860251971,99.32508436445444,7,2,2.065782466218212,70.65782466218212,97.07536557930258,27,6,-0.3494687548907266,46.505312451092735,41.676040494938135,521,76,0.6490126193447597,56.490126193447594,77.10911136107987,205,45,1.7717348458876858,67.71734845887686,96.28796400449944,36,10
"Alpern, Liam",1000137537.0,FLO_Y'A,Slider,78,21,3,22,23,5,14,16,2,0,3,7,1,8,1118.83708,0.112436786203456,0.1428571428571428,0.282051282051282,0.217391304347826,0.3571428571428571,69.9273175,0.125,0.0,0.1875,0.4375,0.0625,0.5,-0.8847503714881877,0.0028789777088225627,0.1728031587945514,-0.0050693534663969605,0.49221251296169877,0.0071469256882038664,1.3124736761030416,0.05731966285644813,-2.8699394417391515,1.69039433118436,-0.6108018030559076,0.14599201456101388,-0.7639787681093636,-0.03755032043134333,-1.4203747138283218,0.43151978068404095,2.2926320187851488,76.31471363980256,99.21259842519686,8,4,0.40995144348582224,54.09951443485822,68.16647919010124,283,58,1.3124736761030416,63.12473676103042,88.80764904386952,99,40,1.8009641874064928,68.00964187406493,96.45669291338582,31,8,-0.6911388761858831,43.08861123814117,24.634420697412825,653,141
"Serrano, Elio",665939.0,NEW_JER6,Changeup,63,37,13,16,21,3,14,15,1,1,4,6,2,7,1049.61974,0.1475587354396425,0.3513513513513513,0.2539682539682539,0.1428571428571428,0.2142857142857142,69.97464933333335,0.0666666666666666,0.0666666666666666,0.2666666666666666,0.4,0.1333333333333333,0.4666666666666667,1.0081630277990892,-0.003280562492458236,-0.28052259250801626,0.008229410773815166,-0.3772968988720123,-0.005478350971621618,0.14462223810742025,0.006316087004865364,-2.855878437784969,1.6821123998553467,-1.3433276677767558,0.32107814916899685,1.604395748357146,0.07885765542750209,-0.5487112285320361,0.16670231220663229,2.254537100973079,75.87746211180217,99.10011248593926,9,3,0.11774596888598897,51.17745968885989,58.21147356580427,378,80,0.14462223810742025,51.4462223810742,61.30483689538808,346,44,0.868431965642233,58.68431965642233,84.08323959505061,145,28,-0.4174862403999311,45.82513759600069,34.47694038245219,584,108
"Jones, Logan",814785.0,TRI_VAL,Slider,65,26,6,15,17,3,12,17,2,1,6,7,4,6,1158.87517,0.1910054798255086,0.2307692307692307,0.2307692307692307,0.1764705882352941,0.25,68.16912764705883,0.1176470588235294,0.0588235294117647,0.3529411764705882,0.4117647058823529,0.2352941176470588,0.3529411764705882,-0.08659885270039018,0.00028179266668706965,-0.655009082714485,0.019215346450512132,0.01483479666083848,0.00021540124751537473,0.43658509760632624,0.019066980967761084,-3.392249961602176,1.9980352273836817,-0.7031369960879473,0.1680616953939529,1.3257634523022646,0.0651625994441086,0.4012130650416261,-0.1218913376511013,2.148147705903117,74.6563300493348,98.98762654668167,10,5,0.20941827464279913,52.09418274642799,61.24859392575927,346,72,0.43658509760632624,54.365850976063264,70.3599550056243,263,97,-0.47389815288348414,45.26101847116516,28.45894263217098,638,138,0.5161521640462589,55.16152164046259,69.79752530933632,269,52
"Bauer, Patrick",10998513.0,QUE_CAP,Slider,51,16,2,15,15,2,8,11,1,0,1,2,1,8,802.79379,0.1700207636156946,0.125,0.2941176470588235,0.1333333333333333,0.25,72.98125363636363,0.0909090909090909,0.0,0.0909090909090909,0.1818181818181818,0.0909090909090909,0.7272727272727273,-1.0468748987419585,0.0034065309205063327,0.3675825097378543,-0.010783400505669694,-0.48840087927298614,-0.0070915807670437585,0.43658509760632624,0.019066980967761084,-1.962697844169804,1.1560290302160146,-1.0389013343862732,0.24831508024100388,-0.7639787681093636,-0.03755032043134333,-2.483887578663504,0.7546224336110231,2.1260147542522523,74.40228915662985,98.87514060742407,11,6,-1.5823586106039513,34.176413893960486,3.768278965129359,855,185,0.43658509760632624,54.365850976063264,70.3599550056243,256,94,1.4269539380358005,64.269539380358,93.53205849268842,56,15,-2.556952301999193,24.43047698000807,0.39370078740157477,886,190
"Grounds, Jackson",805984.0,DOW_EAS1,Four-Seam,107,47,12,29,27,5,23,27,3,1,7,6,5,16,1886.19372,0.1575373188855402,0.2553191489361702,0.2710280373831775,0.1851851851851851,0.217391304347826,69.85902666666667,0.1111111111111111,0.037037037037037,0.2592592592592592,0.2222222222222222,0.1851851851851851,0.5925925925925926,0.13628920440790482,-0.00044348507114332227,-0.005137790314867965,0.00015072221667696662,0.11649856957676172,0.0016915592302545802,0.17001031284645554,0.007424860392943252,-2.890226796145472,1.702343582929683,-0.785212723227538,0.18767918946767645,0.5517848521498085,0.02712077726801524,-0.630270385050987,0.1914805548711852,2.117447761305291,74.30395764755804,98.76265466816648,12,1,-1.2675244292169254,37.32475570783075,8.773903262092238,811,227,0.17001031284645554,51.700103128464555,61.86726659167604,340,66,0.18579399938342897,51.85793999383429,56.13048368953881,390,95,-1.4512850867024165,35.48714913297584,7.536557930258718,823,237
"Davis, Tyler",824623.0,WIN_CIT29,Four-Seam,76,26,6,20,12,4,21,19,1,0,0,6,0,13,1436.12186,0.1109429603960065,0.2307692307692307,0.2631578947368421,0.3333333333333333,0.1904761904761904,75.58536105263158,0.0526315789473684,0.0,0.0,0.3157894736842105,0.0,0.6842105263157895,-0.08659885270039018,0.00028179266668706965,-0.13218029860351388,0.0038776412398326835,1.8447827091474729,0.026786244936821305,-0.05001966822518298,-0.002184508970398416,-1.1890881591322342,0.7003729257288859,-1.5195744923712449,0.36320413644309785,-0.7639787681093636,-0.03755032043134333,-3.4848408632142633,1.0587190481305357,2.113506959744119,74.25872532778591,98.65016872890888,13,2,-0.5384347460048654,44.61565253995135,32.39595050618673,600,112,-0.05001966822518298,49.49980331774817,55.005624296962885,402,85,2.6237867360220166,76.23786736022016,99.15635545556806,7,1,-2.203429758160882,27.96570241839118,1.0123734533183353,881,268
"Debban, Caleb",1000551056.0,NEW_JER6,Four-Seam,57,20,4,13,15,1,16,13,1,0,3,5,1,7,918.09035,0.172986810186033,0.2,0.2280701754385964,0.0666666666666666,0.0625,70.62233461538462,0.0769230769230769,0.0,0.2307692307692307,0.3846153846153846,0.0769230769230769,0.5384615384615384,-0.3659518842761186,0.0011908074314344898,-0.6985781480570663,0.0204934885514021,-1.2661287420798062,-0.018384189334998784,-1.0962199147629261,-0.04787521233744127,-2.663468706941671,1.5687830683886441,-1.2145319113423205,0.29029377385330746,-0.7639787681093636,-0.03755032043134333,-0.943959448585413,0.28678148819638855,2.063732904317393,73.68742125259463,98.5376827896513,14,3,-0.002133200180609807,49.9786679981939,54.16197975253093,406,40,-1.0962199147629261,39.03780085237074,10.348706411698538,793,239,1.6110820608029108,66.11082060802912,94.76940382452193,46,7,-1.006891917477366,39.93108082522634,16.647919010123736,741,186
"Harper, Scott",1000241275.0,NEW_YOR13,Slider,217,79,39,91,77,24,53,34,2,0,6,8,3,23,2463.52855,0.1497837391391388,0.4936708860759494,0.4193548387096774,0.3116883116883117,0.4528301886792453,72.45672205882353,0.0588235294117647,0.0,0.1764705882352941,0.2352941176470588,0.088235294117647,0.6764705882352942,2.3002783158264104,-0.00748510563969914,2.3892036763832616,-0.07008967905037937,1.5922736627816225,0.02311981358358916,2.094713790232184,0.09148243536081017,-2.118521949565042,1.2478094282938097,-1.441818540344264,0.34461914205746497,-0.7639787681093636,-0.03755032043134333,-1.5418138990863186,0.4684138552397172,2.060319569413969,73.6482431682774,98.4251968503937,15,7,-1.1656663117093584,38.343336882906414,11.24859392575928,790,168,2.094713790232184,70.94713790232184,96.17547806524185,35,12,1.4621549026824545,64.62154902682454,94.15073115860517,53,14,-2.1398881244644534,28.601118755355465,1.2373453318335208,879,187
"Garcia, Hector",815312.0,WAS_WIL3,Splitter,62,35,16,23,23,6,15,13,1,0,3,6,2,5,924.68604,0.1842925295353301,0.4571428571428571,0.3709677419354839,0.2608695652173913,0.4,71.12969538461539,0.0769230769230769,0.0,0.2307692307692307,0.4615384615384615,0.1538461538461538,0.3846153846153846,1.9686413081781886,-0.006405958816811825,1.6081227710884458,-0.04717588961265065,0.9994263365313647,0.014511670406435416,1.6628291075017283,0.07262073561192298,-2.512745582990224,1.4800071483812418,-1.2145319113423205,0.29029377385330746,-0.7639787681093636,-0.03755032043134333,-0.943959448585413,0.28678148819638855,2.0530826475884902,73.56517814785079,98.31271091113611,16,1,0.5972626451523819,55.97262645152382,73.11586051743532,237,9,1.6628291075017283,66.62829107501729,92.68841394825647,65,8,0.5983773855838049,55.98377385583805,75.0281214848144,219,7,0.2561202476885668,52.56120247688567,60.798650168728905,349,10
"Bargo, Casey",1000492781.0,NEW_ENG23,Slider,56,25,7,17,22,4,10,16,0,0,2,10,2,4,1194.26801,0.1762268024313573,0.28,0.3035714285714285,0.1818181818181818,0.4,74.641750625,0.0,0.0,0.125,0.625,0.125,0.25,0.36036599782077733,-0.0011726309569088094,0.5201886529992359,-0.015260254324385585,0.07721938458651913,0.0011212254641962578,1.6628291075017283,0.07262073561192298,-1.469409224675839,0.8654820333340691,-2.1805000846005806,0.521176588720977,-0.7639787681093636,-0.03755032043134333,-2.108530096956969,0.640586203166206,2.0470035805847333,73.49540292614478,98.20022497187851,17,8,1.8709788164849894,68.7097881648499,95.78177727784028,37,7,1.6628291075017283,66.62829107501729,92.68841394825647,64,22,0.9781416387909692,59.781416387909694,86.22047244094489,120,32,1.3612558922087576,63.61255892208757,91.00112485939258,74,12
"McEvoy, Aidan",1000079355.0,FLO_Y'A,Slider,119,54,22,36,53,13,38,30,2,1,6,8,4,18,2184.24345,0.15307010086849,0.4074074074074074,0.3025210084033613,0.2452830188679245,0.3421052631578947,72.808115,0.0666666666666666,0.0333333333333333,0.2,0.2666666666666666,0.1333333333333333,0.6,1.5170944767158332,-0.004936625427233321,0.5032324148590833,-0.01476282612230607,0.817594965817711,0.011871478903673164,1.189541945787713,0.05195086539838679,-2.0141326371850097,1.1863241233019706,-1.3433276677767558,0.32107814916899685,0.4202084901238912,0.020653667498079377,-1.2827436372025922,0.38970649618760794,1.9618853289091753,72.518419965072,98.08773903262093,18,9,-0.9212068296911973,40.78793170308803,19.23509561304837,719,154,1.189541945787713,61.89541945787713,86.78290213723284,118,47,0.868431965642233,58.68431965642233,84.08323959505061,144,42,-1.5120967835437393,34.8790321645626,6.130483689538808,838,178
"Lawson, Nathan",1000569348.0,FLO_Y'A,Changeup,68,34,8,12,35,6,20,22,1,0,4,8,2,12,1616.42176,0.1939477989858195,0.2352941176470588,0.1764705882352941,0.1714285714285714,0.3,73.47371636363636,0.0454545454545454,0.0,0.1818181818181818,0.3636363636363636,0.0909090909090909,0.5454545454545454,-0.04551752452748848,0.0001481140248124475,-1.531516161959346,0.04492855812723938,-0.04398495766908917,-0.0006386615853551747,0.8453331009047934,0.03691823251581504,-1.8164005244209194,1.0698599088839214,-1.6097007094934277,0.38474583448099064,-0.7639787681093636,-0.03755032043134333,-1.4829342941127446,0.45052581909151057,1.948937485107591,72.36980527283188,97.97525309336334,19,4,-0.16560479436233488,48.34395205637665,47.63779527559055,465,98,0.8453331009047934,58.453331009047936,81.60854893138357,165,17,1.4269539380358005,64.269539380358,93.53205849268842,59,13,-1.0643015613485447,39.356984386514554,15.016872890888639,756,123
"Cameron, Zach",1000084075.0,WIN_CIT29,Four-Seam,120,58,11,30,36,8,33,43,5,0,6,16,4,23,3139.72458,0.1954640829499615,0.1896551724137931,0.25,0.2222222222222222,0.2424242424242424,73.01685069767441,0.1162790697674418,0.0,0.1395348837209302,0.3720930232558139,0.0930232558139534,0.5348837209302325,-0.45987230006451046,0.001496424464409917,-0.3445794921485953,0.010108583981671191,0.5485696044694403,0.007965230656896272,0.37465358195504317,0.016362245884722598,-1.9521229227142356,1.1498004014786847,-0.7203156366520482,0.1721676825256626,-0.7639787681093636,-0.03755032043134333,-1.948493961345656,0.5919661049145397,1.9123163534752436,71.94946978760152,97.86276715410574,20,4,-0.09970926802551563,49.00290731974484,50.89988751406074,437,50,0.37465358195504317,53.74653581955043,68.6726659167604,279,46,1.3991206171524009,63.99120617152401,92.91338582677166,64,10,-0.9775195415432745,40.22480458456725,17.2103487064117,737,183
"Bohnert, Matthew",810066.0,WIN_CIT29,Curveball,98,39,18,28,36,9,19,12,1,0,1,7,0,5,901.2788,0.1425549772222896,0.4615384615384615,0.2857142857142857,0.25,0.4736842105263157,75.10656666666667,0.0833333333333333,0.0,0.0833333333333333,0.5833333333333334,0.0,0.4166666666666667,2.008548884117579,-0.006535818068918601,0.2319326046166261,-0.006803974889033343,0.8726228806389486,0.012670484226877533,2.265194586046837,0.0989278431564235,-1.331324985389928,0.7841504163946675,-1.134034563570799,0.2710535392810017,-0.7639787681093636,-0.03755032043134333,-2.5673003523760674,0.7799638181543159,1.8958759878239908,71.760768107305,97.75028121484814,21,3,1.5463060669296191,65.4630606692962,92.35095613048368,67,14,2.265194586046837,72.65194586046837,97.80652418447694,21,10,2.6237867360220166,76.23786736022016,99.15635545556806,3,1,-0.007007286721002997,49.92992713278997,50.843644544431946,434,73
"Leduc, Zachary",824497.0,TRO_AIG,Slider,87,33,15,33,27,7,19,15,2,1,4,7,2,6,1064.96505,0.1280328857987059,0.4545454545454545,0.3793103448275862,0.2592592592592592,0.3684210526315789,70.99767,0.1333333333333333,0.0666666666666666,0.2666666666666666,0.4666666666666667,0.1333333333333333,0.4,1.9450595587594581,-0.006329223804203277,1.7427918926910002,-0.05112654296398318,0.9806406393621171,0.01423890208353794,1.404672473839538,0.06134626094999414,-2.5519667439804454,1.5031084122044822,-0.5061552509529298,0.12097970961701643,1.604395748357146,0.07885765542750209,-0.5487112285320361,0.16670231220663229,1.8877774857209786,71.66781391229858,97.63779527559055,22,10,0.6372223681745817,56.372223681745815,74.63442069741284,228,51,1.404672473839538,64.04672473839538,89.65129358830146,94,38,0.868431965642233,58.68431965642233,84.08323959505061,143,41,0.12981903117197302,51.29819031171973,55.34308211473565,401,83
"Kirby, Zach",813716.0,WAS_WIL3,Slider,127,57,12,29,45,4,29,42,1,1,9,11,6,25,3077.58645,0.1559334246649126,0.2105263157894736,0.2283464566929134,0.0888888888888888,0.1379310344827586,73.27586785714286,0.0238095238095238,0.0238095238095238,0.2142857142857142,0.2619047619047619,0.1428571428571428,0.5952380952380952,-0.27038374189494907,0.0008798286961261642,-0.6941183224708162,0.020362655108003863,-1.0068861211442,-0.014619986479013783,-0.47957422013161793,-0.020944444915808148,-1.8751759496731322,1.1044786343574748,-1.8815099357349285,0.44971286030955543,0.08186927348581903,0.004023956661101491,-1.1254509782017599,0.34191988533454204,1.885813389071982,71.64527011091408,97.52530933633295,23,11,-0.958312286783239,40.41687713216761,18.11023622047244,729,156,-0.47957422013161793,45.20425779868382,37.120359955005625,560,164,0.7430494820436775,57.43049482043678,79.6400449943757,184,50,-1.473003549860032,35.269964501399684,7.03037120359955,827,175
"Soto, Carlos",666728.0,JOL_SLA,Splitter,54,29,10,13,31,7,16,11,1,0,2,7,1,3,808.80989,0.173287046135766,0.3448275862068966,0.2407407407407407,0.2258064516129032,0.4375,73.52817181818182,0.0909090909090909,0.0,0.1818181818181818,0.6363636363636364,0.0909090909090909,0.2727272727272727,0.9489339367613653,-0.0030878310302214825,-0.49404559130994974,0.014493321466668686,0.5903829304267959,0.008572360149797077,1.9693901099755786,0.08600917427296344,-1.8002232858107445,1.0603315153425286,-1.0389013343862732,0.24831508024100388,-0.7639787681093636,-0.03755032043134333,-1.4829342941127446,0.45052581909151057,1.8276091191029074,70.9772044622185,97.41282339707537,24,2,1.9595259300000905,69.5952593000009,96.34420697412823,35,4,1.9693901099755786,69.69390109975578,95.3880764904387,44,7,1.4269539380358005,64.269539380358,93.53205849268842,62,3,1.174674549627427,61.74674549627427,87.79527559055119,111,4
"Hickey, Matt",806277.0,GAT_GRI,Slider,89,39,9,27,22,3,24,26,3,0,5,15,3,8,1879.45652,0.2056049635537043,0.2307692307692307,0.3033707865168539,0.1363636363636363,0.125,72.28678923076923,0.1153846153846153,0.0,0.1923076923076923,0.5769230769230769,0.1153846153846153,0.3076923076923077,-0.08659885270039018,0.00028179266668706965,0.5169498209949376,-0.01516523994870749,-0.4530496127817675,-0.0065782803775912635,-0.585284910639842,-0.025561147902373817,-2.169004383879151,1.2775435821048198,-0.7315478247131912,0.17485236641947283,-0.7639787681093636,-0.03755032043134333,-1.3674396843568877,0.41543774818541296,1.7832605007163767,70.46817327727463,97.30033745781778,25,12,1.4963564131518692,64.9635641315187,91.78852643419573,73,16,-0.585284910639842,44.14715089360158,32.8458942632171,600,170,1.1047297231933586,61.047297231933584,88.92013498312711,100,27,0.8876263302715328,58.87626330271533,80.93363329583802,166,27
"Webster, Evan",804248.0,FLO_Y'A,Cutter,138,54,18,45,29,7,27,29,3,1,5,16,3,10,2132.87406,0.1691596632904137,0.3333333333333333,0.3260869565217391,0.2413793103448276,0.2592592592592592,73.54738137931035,0.1034482758620689,0.0344827586206896,0.1724137931034483,0.5517241379310345,0.1034482758620689,0.3448275862068966,0.8445779192187074,-0.002748256549137674,0.8836419313947023,-0.025922519699394988,0.7720546225173772,0.011210233118952317,0.512279172291227,0.022372768291474755,-1.7945166461992141,1.056970304611337,-0.88143943780499,0.2106790101058353,0.4610425335112442,0.022660701564611162,-1.586481185617995,0.4819840895590462,1.7772063310027242,70.39868382539743,97.18785151856018,26,1,1.3000026017496826,63.00002601749682,89.70753655793025,93,4,0.512279172291227,55.12279172291227,72.72215973003374,243,8,1.261873552106668,62.61873552106668,90.607424071991,85,7,0.5827613248866524,55.82761324886653,72.27221597300337,249,12
"Riedel, Caleb",1000120428.0,SCH_BOO,Sinker,81,37,10,33,24,6,19,22,2,0,5,7,3,12,1594.20173,0.1404381866641194,0.2702702702702703,0.4074074074074074,0.25,0.3157894736842105,72.463715,0.0909090909090909,0.0,0.2272727272727272,0.3181818181818182,0.1363636363636363,0.5454545454545454,0.272030039187371,-0.0008851857475157053,2.1963441935944186,-0.06443195326328587,0.8726228806389486,0.012670484226877533,0.9744114177358884,0.04255546984677945,-2.116444536403352,1.2465858319415741,-1.0389013343862732,0.24831508024100388,-0.7639787681093636,-0.03755032043134333,-0.9824576518373652,0.2984775118317544,1.7457369186458445,70.03747951184039,97.07536557930258,27,1,-0.5197932484227388,44.80206751577261,33.07086614173229,597,117,0.9744114177358884,59.74411417735888,83.97075365579303,143,5,0.8285375390426929,58.28537539042693,82.7896512935883,156,19,-1.0643015613485447,39.356984386514554,15.016872890888639,758,134
"Donnan, Blake",1000557509.0,FLO_Y'A,Slider,65,29,15,26,23,9,17,10,1,0,3,3,2,5,715.08332,0.1857450760232175,0.5172413793103449,0.4,0.391304347826087,0.5294117647058824,71.508332,0.1,0.0,0.3,0.3,0.2,0.5,2.514274199901227,-0.008181448246478592,2.076771314265336,-0.06092416327528789,2.52106780724036,0.036605904561130026,2.7207651160389372,0.1188239749127685,-2.400262913903106,1.4137548562889295,-0.9247414593648421,0.22102892939300647,-0.7639787681093636,-0.03755032043134333,-0.1816950241967571,0.05520022021614418,1.7387579534188689,69.95737530412401,96.962879640045,28,13,-0.6614686300469005,43.385313699531,26.94038245219347,651,139,2.7207651160389372,77.20765116038937,98.65016872890888,13,3,-0.009245419547659513,49.9075458045234,48.59392575928009,448,106,-0.6911388761858831,43.08861123814117,24.634420697412825,662,144
"Harris, Everette",810834.0,TRI_VAL,Changeup,96,44,7,24,21,2,28,27,2,0,4,16,4,7,2005.79052,0.1680442964328313,0.1590909090909091,0.25,0.0952380952380952,0.0714285714285714,74.28853777777778,0.074074074074074,0.0,0.1481481481481481,0.5925925925925926,0.1481481481481481,0.2592592592592592,-0.7373644376211222,0.002399383880019132,-0.3445794921485953,0.010108583981671191,-0.9328168008768831,-0.013544499948732342,-1.0232291998882,-0.04468748884671735,-1.5743391817827588,0.9272857780700449,-1.2503085103518863,0.29884498921877684,-0.7639787681093636,-0.03755032043134333,-1.8536577328352482,0.5631541948394783,1.706010620763197,69.58150308641068,96.8503937007874,29,5,1.618455566830812,66.18455566830812,93.30708661417323,60,16,-1.0232291998882,39.767708001118,14.735658042744657,756,102,0.673392546711146,56.73392546711146,78.0089988751406,196,42,1.2852412711571048,62.85241271157105,89.87626546681665,91,23
"Still, Stephen",1000338771.0,TRI_VAL,Sinker,61,31,8,14,21,4,11,18,2,1,3,5,1,12,1344.35144,0.2105423938257217,0.2580645161290322,0.2295081967213114,0.1904761904761904,0.3636363636363636,74.68619111111111,0.1111111111111111,0.0555555555555555,0.1666666666666666,0.2777777777777778,0.0555555555555555,0.6666666666666666,0.16121432047162768,-0.0005245913988146764,-0.6753651214401172,0.019812511202567277,0.17822300313285883,0.00258779800548911,1.3655578323755697,0.05963800721333825,-1.456207161562557,0.857706018160346,-0.785212723227538,0.18767918946767645,1.2096666622793946,0.059456326117694525,-1.6497598415378716,0.5012085881780961,1.687563846946393,69.36977195529587,96.73790776152981,30,2,-0.8346274298097646,41.65372570190235,21.372328458942633,702,130,1.3655578323755697,63.6555783237557,89.31383577052868,96,3,1.8923889150304407,68.9238891503044,97.46906636670415,24,3,-2.0594020551156436,29.405979448843564,1.7435320584926886,878,146
"Escobar, Anthony",678673.0,TRO_AIG,Changeup,162,79,33,43,51,12,44,41,5,1,6,16,4,21,3049.38146,0.1649949287009112,0.4177215189873418,0.2654320987654321,0.2352941176470588,0.2727272727272727,74.37515756097561,0.1219512195121951,0.024390243902439,0.1463414634146341,0.3902439024390244,0.0975609756097561,0.5121951219512195,1.6107360226964458,-0.005241335017854234,-0.09546932687967215,0.002800688173342062,0.7010652638433262,0.010179467631005096,0.6223796445601748,0.027181186216876513,-1.5486067934876047,0.9121294013641991,-0.6490871269960218,0.15514285783320814,0.1024997135247254,0.005037963419453778,-1.8735502100349923,0.5691976686601009,1.6764278982803313,69.24195410321413,96.62542182227222,31,6,0.04172503240473142,50.417250324047316,55.793025871766034,394,84,0.6223796445601748,56.22379644560175,75.59055118110236,216,24,1.3393808064758332,63.39380806475833,92.01349831271091,72,16,-0.7912556941563536,42.08744305843646,21.541057367829023,699,119
"Nakata, Yuto",1000432352.0,QUE_CAP,Slider,107,41,14,31,27,8,27,24,0,0,5,12,3,9,1805.75675,0.1613769640289814,0.3414634146341463,0.2897196261682243,0.2962962962962963,0.2962962962962963,75.23986458333333,0.0,0.0,0.2083333333333333,0.5,0.125,0.375,0.9183907121147333,-0.002988443377221342,0.2965881668706695,-0.00870071046331796,1.4127116742547954,0.02051257351017963,0.8150554710308329,0.03559591758632956,-1.2917257896407575,0.7608264900984061,-2.1805000846005806,0.521176588720977,-0.7639787681093636,-0.03755032043134333,-1.1909895861187731,0.3618309731899861,1.6507030688339956,68.94668581996307,96.51293588301463,32,14,0.896960567818878,58.96960567818878,81.55230596175478,171,29,0.8150554710308329,58.15055471030833,80.70866141732283,172,62,0.9781416387909692,59.781416387909694,86.22047244094489,125,34,0.3350585080114373,53.35058508011437,63.77952755905512,324,65
"Duncan, Tanner",677365.0,DOW_EAS1,Slider,64,24,12,18,22,5,18,10,1,0,0,8,0,2,774.04826,0.1735361627301389,0.5,0.28125,0.2272727272727272,0.2777777777777778,77.404826,0.1,0.0,0.0,0.8,0.0,0.2,2.3577401735872403,-0.00767208652485288,0.15986859252097366,-0.004689905030195283,0.6074883819548048,0.008820731305983766,0.6636673216610304,0.028984342938902178,-0.6485744706117341,0.3820103631903114,-0.9247414593648421,0.22102892939300647,-0.7639787681093636,-0.03755032043134333,-3.4848408632142633,1.0587190481305357,1.649651102972348,68.93461140933752,96.40044994375702,33,15,3.234604364617546,80.0,99.71878515185601,3,1,0.6636673216610304,56.636673216610305,76.32170978627671,210,81,2.6237867360220166,76.23786736022016,99.15635545556806,8,3,1.7717348458876858,67.71734845887686,96.28796400449944,32,6
"Campbell, Tyler",809429.0,MIS_MUD,Four-Seam,60,27,2,15,7,0,11,20,2,0,5,11,3,6,1442.41084,0.1793629616582874,0.074074074074074,0.25,0.0,0.0,72.120542,0.1,0.0,0.25,0.55,0.15,0.3,-1.5092300320212328,0.004911034524197092,-0.3445794921485953,0.010108583981671191,-2.043856604886625,-0.029676797902953796,-1.6071549188860101,-0.07018927677250872,-2.218391927200259,1.3066328451209523,-0.9247414593648421,0.22102892939300647,-0.7639787681093636,-0.03755032043134333,-0.7322193306996747,0.22245335820187606,1.6277183561148973,68.68286845706298,96.28796400449944,34,5,1.286567867285323,62.86567867285323,89.0888638920135,96,3,-1.6071549188860101,33.928450811139896,1.968503937007874,862,262,0.6490126193447597,56.490126193447594,77.10911136107987,201,39,0.9507769385298297,59.507769385298296,83.57705286839146,145,7
"Parsons, Billy",698892.0,SUS_COU1,Changeup,61,32,9,16,30,7,17,17,1,0,4,14,1,2,1261.81983,0.2337835082461653,0.28125,0.2622950819672131,0.2333333333333333,0.4117647058823529,74.22469588235293,0.0588235294117647,0.0,0.2352941176470588,0.8235294117647058,0.0588235294117647,0.1176470588235294,0.37171471472854106,-0.0012095596817266725,-0.1461081145736836,0.004286227649133583,0.6781909149372434,0.009847332084888773,1.759005108277838,0.07682103009381801,-1.5933048774001062,0.9384565727886625,-1.441818540344264,0.34461914205746497,-0.7639787681093636,-0.03755032043134333,-0.8941382443770037,0.27164545760944436,1.606915882170342,68.44409871976319,96.17547806524185,35,7,3.417948976131166,80.0,100.0,1,1,1.759005108277838,67.59005108277839,93.53205849268842,60,6,1.8493655137956415,68.49365513795641,97.07536557930258,29,6,2.4478178284176857,74.47817828417686,98.93138357705287,11,2
"Jones, Breyln",690202.0,NEW_JER6,Curveball,60,24,7,19,33,7,18,12,0,0,2,6,0,6,916.40419,0.1858094297477317,0.2916666666666667,0.3166666666666666,0.2121212121212121,0.3888888888888889,76.36701583333333,0.0,0.0,0.1666666666666666,0.5,0.0,0.5,0.4662873556265746,-0.0015172990552088737,0.7315764218131506,-0.02146152591031059,0.43073204949870986,0.006254229358721267,1.5719962178798466,0.06865379082346654,-0.9568797237469537,0.5636021572869557,-2.1805000846005806,0.521176588720977,-0.7639787681093636,-0.03755032043134333,-1.6497598415378716,0.5012085881780961,1.600366208971354,68.36892190409742,96.06299212598425,36,4,0.896960567818878,58.96960567818878,81.55230596175478,168,41,1.5719962178798466,65.71996217879847,91.50731158605174,75,23,2.6237867360220166,76.23786736022016,99.15635545556806,11,3,-0.6911388761858831,43.08861123814117,24.634420697412825,674,90
"Rodriguez, Joe Joe",689487.0,NEW_JER6,Changeup,144,72,38,49,58,12,31,22,0,0,4,10,2,10,1672.7579,0.1667239040426506,0.5277777777777778,0.3402777777777778,0.2068965517241379,0.3870967741935484,76.03445,0.0,0.0,0.1818181818181818,0.4545454545454545,0.0909090909090909,0.4545454545454545,2.609933882648663,-0.00849272485413875,1.1127149746746041,-0.03264260649705419,0.3697815900310907,0.0053692286872514365,1.557345751811801,0.06801396101887679,-1.0556760130136842,0.62179317166506,-2.1805000846005806,0.521176588720977,-0.7639787681093636,-0.03755032043134333,-1.4829342941127446,0.45052581909151057,1.5881931174011394,68.2291997785419,95.95050618672666,37,8,0.5427721137584732,55.42772113758473,71.37232845894263,258,59,1.557345751811801,65.573457518118,91.16985376827897,79,8,1.4269539380358005,64.269539380358,93.53205849268842,61,14,-0.31797619102322056,46.82023808976779,38.02024746906636,553,102
"Wiltse, Ryan",813813.0,EVA_OTT,Changeup,165,88,31,42,58,15,51,48,3,1,14,25,10,13,3515.42996,0.1947636699914005,0.3522727272727273,0.2545454545454545,0.2586206896551724,0.2941176470588235,73.23812416666667,0.0625,0.0208333333333333,0.2916666666666667,0.5208333333333334,0.2083333333333333,0.2708333333333333,1.0165281753969502,-0.0033077826827416757,-0.2712052252875675,0.00795607648903608,0.9731911387605197,0.014130735334802745,0.7972451005167381,0.0348180852748675,-1.8863885764330866,1.111082871519088,-1.395650943828244,0.3335843016409954,-0.023861731713579692,-0.0011728279754541554,-0.2734490752805764,0.08307574321376607,1.5801672028143599,68.13707873935283,95.83802024746907,38,9,1.0592969425965635,60.592969425965634,85.26434195725534,132,38,0.7972451005167381,57.97245100516738,80.31496062992126,177,20,-0.11895509269639526,48.81044907303605,44.20697412823397,499,82,1.1902229948425378,61.90222994842538,88.30146231721034,105,26
"Hickey, Matt",806277.0,GAT_GRI,Curveball,65,25,6,23,22,4,14,15,1,0,2,9,2,4,1135.19742,0.1787620044039951,0.24,0.3538461538461538,0.1818181818181818,0.2857142857142857,75.679828,0.0666666666666666,0.0,0.1333333333333333,0.6,0.1333333333333333,0.2666666666666666,-0.0027929432276708774,9.088237262841035e-06,1.3317402969072025,-0.039067933350069695,0.07721938458651913,0.0011212254641962578,0.7285479571052313,0.03181787493065676,-1.1610245911919852,0.6838434842120793,-1.3433276677767558,0.32107814916899685,-0.7639787681093636,-0.03755032043134333,-2.0167760458731494,0.6127106801685839,1.5739622484003628,68.06585858835848,95.72553430821146,39,5,1.676175166751767,66.76175166751767,94.03824521934759,56,13,0.7285479571052313,57.28547957105231,78.45894263217097,190,47,0.868431965642233,58.68431965642233,84.08323959505061,141,17,1.2244295743157823,62.24429574315782,88.92013498312711,98,31
"Correa, Nelvin",673388.0,QUE_CAP,Cutter,118,61,17,37,17,4,26,34,3,0,9,18,4,12,2474.17692,0.1718501077120257,0.2786885245901639,0.3135593220338983,0.2352941176470588,0.1538461538461538,72.7699094117647,0.088235294117647,0.0,0.2647058823529412,0.5294117647058824,0.1176470588235294,0.3529411764705882,0.34845914729459826,-0.0011338860652966227,0.6814166122640873,-0.019990037737379267,0.7010652638433262,0.010179467631005096,-0.3494687548907266,-0.015262348932342702,-2.025482481241651,1.1930091814513324,-1.0724777682161064,0.2563404187257091,-0.7639787681093636,-0.03755032043134333,-0.5703004170223459,0.17326125879430784,1.5588537334359927,67.89244382246825,95.61304836895388,40,2,1.1261413322109042,61.26141332210904,86.27671541057367,123,8,-0.3494687548907266,46.505312451092735,41.676040494938135,515,21,1.0749442915692662,60.74944291569266,88.35770528683915,103,8,0.5161521640462589,55.16152164046259,69.79752530933632,267,14
"Coles, Chad",694311.0,WAS_WIL3,Splitter,63,29,16,24,32,11,19,11,1,0,2,7,0,4,827.61851,0.1638968349204428,0.5517241379310345,0.3809523809523809,0.34375,0.5789473684210527,75.23804636363637,0.0909090909090909,0.0,0.1818181818181818,0.6363636363636364,0.0,0.3636363636363636,2.8273422525291987,-0.009200171689730013,1.7692981959905496,-0.051904131877578766,1.9663026877110388,0.028550715025564284,3.1257166982541373,0.13650942536285293,-1.2922659333991544,0.7611446347721019,-1.0389013343862732,0.24831508024100388,-0.7639787681093636,-0.03755032043134333,-1.4829342941127446,0.45052581909151057,1.5263910504943814,67.51983879968711,95.50056242969629,41,3,1.9595259300000905,69.5952593000009,96.34420697412823,33,3,3.1257166982541373,80.0,99.38132733408324,6,3,2.6237867360220166,76.23786736022016,99.15635545556806,6,1,0.42834917930210314,54.28349179302103,66.53543307086615,293,9
"Smith, Ben",814168.0,NEW_ENG23,Changeup,56,24,5,10,10,1,14,15,1,0,1,8,0,7,1158.54456,0.1513385853714347,0.2083333333333333,0.1785714285714285,0.1,0.0714285714285714,77.236304,0.0666666666666666,0.0,0.0666666666666666,0.5333333333333333,0.0,0.4666666666666667,-0.2902937715576925,0.0009446159326487314,-1.49760368567904,0.043933701723080316,-0.8772648106763955,-0.012737885051021263,-1.0232291998882,-0.04468748884671735,-0.6986377861752437,0.41149765605721855,-1.3433276677767558,0.32107814916899685,-0.7639787681093636,-0.03755032043134333,-2.750808454543707,0.8357148641495599,1.5181932927024224,67.42574535293409,95.3880764904387,42,10,1.1566987674631743,61.56698767463175,86.67041619797526,120,31,-1.0232291998882,39.767708001118,14.735658042744657,759,103,2.6237867360220166,76.23786736022016,99.15635545556806,13,3,-0.4174862403999311,45.82513759600069,34.47694038245219,585,109
"Balzan, Jackson",827496.0,SUS_COU1,Slider,93,45,15,22,34,8,28,27,2,0,6,11,3,13,2013.35079,0.1795292790142001,0.3333333333333333,0.2365591397849462,0.2352941176470588,0.2857142857142857,74.56854777777778,0.074074074074074,0.0,0.2222222222222222,0.4074074074074074,0.1111111111111111,0.4814814814814814,0.8445779192187074,-0.002748256549137674,-0.561546410286045,0.016473525492151416,0.7010652638433262,0.010179467631005096,0.7285479571052313,0.03181787493065676,-1.4911558051854072,0.8782907692542048,-1.2503085103518863,0.29884498921877684,-0.7639787681093636,-0.03755032043134333,-1.0380661676457401,0.31537176819394935,1.5106798177402632,67.33950606967841,95.2755905511811,43,16,0.17546556880694336,51.754655688069434,59.89876265466817,356,78,0.7285479571052313,57.28547957105231,78.45894263217097,185,69,1.1609910940388635,61.60991094038863,89.82002249718786,89,24,-0.5391096340825757,44.608903659174246,29.471316085489313,628,135
"Correa, Nelvin",673388.0,QUE_CAP,Four-Seam,96,38,5,27,15,1,27,29,2,0,5,11,2,16,2171.79249,0.1907990222910658,0.131578947368421,0.28125,0.0666666666666666,0.037037037037037,74.88939620689655,0.0689655172413793,0.0,0.1724137931034483,0.3793103448275862,0.0689655172413793,0.5517241379310345,-0.9871448097537275,0.0032121692109386294,0.15986859252097366,-0.004689905030195283,-1.2661287420798062,-0.018384189334998784,-1.3043786201464052,-0.05696612747765395,-1.3958404389125785,0.8221500185195086,-1.3144596534035198,0.3141782029775491,-0.7639787681093636,-0.03755032043134333,-1.586481185617995,0.4819840895590462,1.5039339379928511,67.26207720523476,95.16310461192352,44,6,-0.043470844686333256,49.56529155313667,52.53093363329584,422,45,-1.3043786201464052,36.95621379853595,4.611923509561304,849,258,1.7158446134117835,67.15844613411784,95.72553430821146,39,5,-1.115772276543395,38.84227723456605,13.89201349831271,767,198
"Garcia, Brett",702286.0,OTT_TIT,Curveball,121,41,14,44,45,13,27,20,2,0,2,11,1,8,1532.69439,0.1744579458415759,0.3414634146341463,0.3636363636363636,0.2888888888888888,0.4814814814814814,76.63471949999999,0.1,0.0,0.1,0.55,0.05,0.4,0.9183907121147333,-0.002988443377221342,1.4897771793771093,-0.04370410333420688,1.326297467276259,0.019257839224851282,2.328936964728859,0.10171166406060346,-0.8773522250118211,0.5167604605319626,-0.9247414593648421,0.22102892939300647,-0.7639787681093636,-0.03755032043134333,-2.383792250208428,0.7242127721590719,1.4987287982267241,67.20233287588819,95.05061867266592,45,6,1.286567867285323,62.86567867285323,89.0888638920135,97,23,2.328936964728859,73.2893696472886,98.31271091113611,16,7,1.9655286971295973,69.65528697129596,97.63779527559055,22,5,0.12981903117197302,51.29819031171973,55.34308211473565,397,67
"Hohenstein, Liam",1000116556.0,WIN_CIT29,Curveball,106,32,9,30,16,2,19,20,0,0,7,5,4,11,1458.19869,0.1600446485655969,0.28125,0.2830188679245283,0.125,0.1052631578947368,72.90993449999999,0.0,0.0,0.35,0.25,0.2,0.55,0.37171471472854106,-0.0012095596817266725,0.18842225769094914,-0.005527555351621684,-0.5856168621238382,-0.008503156838038132,-0.746632806678711,-0.03260769456607934,-1.9838848252731023,1.1685081620858573,-2.1805000846005806,0.521176588720977,-0.7639787681093636,-0.03755032043134333,0.3688292823061605,-0.1120529177695877,1.4922335461684375,67.1277807033059,94.93813273340832,46,7,-1.051075929513345,39.489240704866546,14.848143982002249,754,91,-0.746632806678711,42.53367193321289,26.884139482564677,652,87,-0.009245419547659513,49.9075458045234,48.59392575928009,456,50,-1.1016178298648116,38.983821701351886,14.285714285714285,763,93
"Grounds, Jackson",805984.0,TRO_AIG,Four-Seam,79,32,11,22,19,3,18,19,1,0,7,5,3,11,1366.69738,0.1489717049304651,0.34375,0.2784810126582278,0.1578947368421052,0.1666666666666666,71.93144105263158,0.0526315789473684,0.0,0.3684210526315789,0.2631578947368421,0.1578947368421052,0.5789473684210527,0.9391505601167409,-0.0030559959226198747,0.11517066096797274,-0.0033786465101564482,-0.20186956139678983,-0.002931146031481388,-0.24466157455778645,-0.010685104945662207,-2.2745686898868156,1.3397209583433343,-1.5195744923712449,0.36320413644309785,-0.7639787681093636,-0.03755032043134333,0.5716540268072354,-0.17367249492222578,1.471651386022943,66.89153971657997,94.82564679415073,47,7,-0.9485476928116491,40.51452307188351,18.447694038245217,726,175,-0.24466157455778645,47.553384254422134,47.30033745781777,469,111,0.5450771395196417,55.45077139519642,72.44094488188976,245,49,-1.3392635398894541,36.60736460110546,9.786276715410573,802,223
"Vega, Lucas",837223.0,TRO_AIG,Slider,134,56,15,37,58,10,35,36,2,0,7,9,6,21,2721.93082,0.1555659830078656,0.2678571428571428,0.2761194029850746,0.1724137931034483,0.2857142857142857,75.60918944444444,0.0555555555555555,0.0,0.1944444444444444,0.25,0.1666666666666666,0.5833333333333334,0.25012131928821196,-0.0008138947729638417,0.07704875772447668,-0.002260302356605248,-0.03249144245519484,-0.0004717757444494291,0.7285479571052313,0.03181787493065676,-1.1820093901958462,0.6962035308253534,-1.48285640391406,0.3544278890943269,-0.7639787681093636,-0.03755032043134333,-1.343913004591806,0.4082901781860228,1.4496431797309979,66.63893064475644,94.71316085489315,48,17,-1.051075929513345,39.489240704866546,14.848143982002249,767,163,0.7285479571052313,57.28547957105231,78.45894263217097,198,75,0.4295932730472875,54.29593273047288,67.82902137232846,299,79,-1.3752704656507637,36.24729534349236,8.661417322834646,815,171
"Jones, Logan",1000577428.0,FLO_Y'A,Slider,56,29,13,17,11,4,14,11,0,0,2,5,2,4,846.23002,0.190165515253949,0.4482758620689655,0.3035714285714285,0.3636363636363636,0.2857142857142857,76.93000181818182,0.0,0.0,0.1818181818181818,0.4545454545454545,0.1818181818181818,0.3636363636363636,1.8881380946452822,-0.006144001359975748,0.5201886529992359,-0.015260254324385585,2.198295374059663,0.03191924883134631,0.7285479571052313,0.03181787493065676,-0.7896318568969035,0.46509316371227616,-2.1805000846005806,0.521176588720977,-0.7639787681093636,-0.03755032043134333,-1.4829342941127446,0.45052581909151057,1.4415781191710622,66.54636029007962,94.60067491563554,49,18,0.5427721137584732,55.42772113758473,71.37232845894263,256,54,0.7285479571052313,57.28547957105231,78.45894263217097,192,72,0.2301211400495842,52.301211400495845,58.38020247469067,373,91,0.42834917930210314,54.28349179302103,66.53543307086615,298,58
"Gregory, Ben",833406.0,GAT_GRI,Curveball,53,24,6,11,14,4,18,14,2,0,4,10,3,1,1016.42845,0.2260357204069399,0.25,0.2075471698113207,0.2857142857142857,0.2222222222222222,72.60203214285714,0.1428571428571428,0.0,0.2857142857142857,0.7142857142857143,0.2142857142857142,0.0714285714285714,0.08799679203444118,-0.0002863415612800716,-1.0298674562280106,0.03021219169590492,1.2892628071426018,0.018720095959710577,0.2095028735516221,0.009149618996619991,-2.075354264683929,1.222383661898834,-0.3865591914066694,0.0923942182524479,-0.7639787681093636,-0.03755032043134333,-0.33898768319759076,0.10298683106921046,1.4380099558801043,66.50540509340948,94.48818897637796,50,8,2.5667061369607835,75.66706136960784,98.87514060742407,10,4,0.2095028735516221,52.09502873551622,63.10461192350956,329,60,-0.1973191449454921,48.02680855054508,40.382452193475814,528,57,2.827252155347787,78.27252155347787,99.8875140607424,2,1
"Majick, Eli",828663.0,NEW_ENG23,Cutter,88,40,7,18,16,3,23,28,2,0,9,10,7,11,2041.66717,0.1825210075562061,0.175,0.2045454545454545,0.1875,0.1304347826086956,72.91668464285715,0.0714285714285714,0.0,0.3214285714285714,0.3571428571428571,0.25,0.3928571428571428,-0.5929262224313987,0.0019293819277917713,-1.0783221607588782,0.03163365890802245,0.14350300925755516,0.002083663694419701,-0.5408557798465308,-0.023620794473237536,-1.9818795409069265,1.1673270495941797,-1.283529638003625,0.30678540348671246,-0.7639787681093636,-0.03755032043134333,0.05424396430449314,-0.016479696063455146,1.43210834664309,66.43766672291933,94.37570303712036,51,3,-0.21620314494239265,47.83796855057607,45.556805399325086,484,24,-0.5408557798465308,44.59144220153469,35.20809898762655,576,27,-0.6675034584400784,43.324965415599216,21.034870641169853,701,31,0.1884588816975349,51.88458881697535,57.98650168728909,375,22
"Salata, Derek",1000057774.0,SCH_BOO,Curveball,122,51,19,39,59,14,32,25,2,0,7,11,5,9,1848.38458,0.1954909343840109,0.3725490196078431,0.319672131147541,0.2372881355932203,0.4375,73.93538319999999,0.08,0.0,0.28,0.44,0.2,0.36,1.2006160967171855,-0.003906804778717721,0.7800916474425752,-0.022884768569375387,0.7243273135783256,0.010517232593157287,1.9693901099755786,0.08600917427296344,-1.6792518286181142,0.9890793270560692,-1.1758931844119898,0.28105846125860057,-0.7639787681093636,-0.03755032043134333,-0.40190474679792376,0.12210147541043682,1.4244237768117909,66.34946362146266,94.26321709786278,52,9,0.42943180845914447,54.294318084591445,68.56017997750281,281,55,1.9693901099755786,69.69390109975578,95.3880764904387,43,16,-0.009245419547659513,49.9075458045234,48.59392575928009,466,51,0.45820219411511587,54.58202194115116,67.66029246344208,290,58
"Messina, Chris",10179238.0,FDU_KNI,Changeup,68,24,4,16,19,1,17,16,1,0,3,10,1,5,1205.06358,0.2525519597539226,0.1666666666666666,0.2352941176470588,0.0526315789473684,0.0588235294117647,75.31647375,0.0625,0.0,0.1875,0.625,0.0625,0.3125,-0.6685843351498258,0.0021755734265775334,-0.5819668261107459,0.017072578810784843,-1.4298609237233468,-0.020761580612462995,-1.1262749150054605,-0.04918780436303347,-1.2689672840100912,0.7474217302819437,-1.395650943828244,0.3335843016409954,-0.7639787681093636,-0.03755032043134333,-1.4203747138283218,0.43151978068404095,1.4242742594375026,66.34774746864952,94.15073115860517,53,11,1.8709788164849894,68.7097881648499,95.78177727784028,39,10,-1.1262749150054605,38.7372508499454,9.167604049493812,810,112,1.8009641874064928,68.00964187406493,96.45669291338582,33,8,0.8481572001100975,58.48157200110097,79.41507311586051,182,44
"Binns, Malik",702238.0,NEW_JER6,Curveball,55,22,6,11,30,2,15,13,1,1,4,7,2,4,959.83866,0.1845255122914821,0.2727272727272727,0.2,0.0666666666666666,0.1333333333333333,73.83374307692307,0.0769230769230769,0.0769230769230769,0.3076923076923077,0.5384615384615384,0.1538461538461538,0.3076923076923077,0.29433709944833186,-0.0009577729216048719,-1.1516964276199055,0.03378616640065755,-1.2661287420798062,-0.018384189334998784,-0.517160243423431,-0.022585939311031502,-1.7094463525112196,1.0068639016291083,-1.2145319113423205,0.29029377385330746,1.968761058582765,0.09676657479040149,-0.09699897704246174,0.029468968218339175,1.4152514833241787,66.24418450358894,94.03824521934759,54,10,1.1966584904853736,61.96658490485373,87.570303712036,108,28,-0.517160243423431,44.82839756576569,35.9392575928009,568,77,0.5983773855838049,55.98377385583805,75.0281214848144,215,25,0.8876263302715328,58.87626330271533,80.93363329583802,164,40
"Glickstein, Aaron",1000292360.0,SCH_BOO,Sinker,105,50,8,34,20,2,27,35,3,0,8,13,5,17,2591.3913,0.1840791981108676,0.16,0.3238095238095238,0.1,0.074074074074074,74.03975142857144,0.0857142857142857,0.0,0.2285714285714285,0.3714285714285714,0.1428571428571428,0.4857142857142857,-0.7291108253245665,0.002372526625606139,0.8468788411661964,-0.024844037684451536,-0.8772648106763955,-0.012737885051021263,-1.0016023214068,-0.04374297818279917,-1.6482468585739842,0.9708173997000766,-1.1041355486842335,0.26390716643985945,-0.7639787681093636,-0.03755032043134333,-0.9681583192009258,0.29413327448147564,1.4123551458974024,66.21094048999873,93.92575928008999,55,3,-0.10488677366626559,48.95113226333734,50.506186726659166,441,92,-1.0016023214068,39.983976785932,15.579302587176603,752,100,0.7430494820436775,57.43049482043678,79.6400449943757,179,22,-0.5738591751347608,44.261408248652394,28.346456692913385,637,124
"Heredia-Bustos, Rolando",837343.0,DOW_EAS1,Curveball,75,33,11,26,19,3,13,18,3,0,4,6,4,8,1315.53334,0.1767894574758538,0.3333333333333333,0.3466666666666667,0.1578947368421052,0.2307692307692307,73.08518555555555,0.1666666666666666,0.0,0.2222222222222222,0.3333333333333333,0.2222222222222222,0.4444444444444444,0.8445779192187074,-0.002748256549137674,1.2158465830959382,-0.035668075361702446,-0.20186956139678983,-0.002931146031481388,0.2793743271069152,0.012201114987740305,-1.931822489808792,1.1378434464973783,-0.08756904254101738,0.020930489841026353,-0.7639787681093636,-0.03755032043134333,-1.0380661676457401,0.31537176819394935,1.4074490211464294,66.15462823977926,93.8132733408324,56,11,-0.40173043040260414,45.98269569597396,38.02024746906636,551,78,0.2793743271069152,52.793743271069154,66.14173228346458,297,55,-0.30180454794428985,46.9819545205571,36.895388076490434,563,60,-0.23505114987596273,47.64948850124037,41.001124859392576,522,80
"Shears, Tanner",808632.0,SCH_BOO,Splitter,74,27,5,13,37,7,25,17,0,0,4,10,3,4,1298.34369,0.1986077414789802,0.1851851851851851,0.1756756756756756,0.1891891891891892,0.28,76.37315823529411,0.0,0.0,0.2352941176470588,0.5882352941176471,0.1764705882352941,0.2352941176470588,-0.5004551957755446,0.0016284812070536223,-1.5443479097410848,0.045304990280164464,0.16320895172732267,0.002369793979080725,0.6818338995854069,0.02977773189659347,-0.9550549827180033,0.5625273848209039,-2.1805000846005806,0.521176588720977,-0.7639787681093636,-0.03755032043134333,-0.8941382443770037,0.27164545760944436,1.396880108082874,66.0333187934867,93.7007874015748,57,4,1.5845028609949567,65.84502860994957,92.85714285714286,64,5,0.6818338995854069,56.81833899585407,76.82789651293588,207,14,0.30052306934289097,53.00523069342891,61.64229471316085,342,9,1.4819849962319722,64.81984996231972,92.63217097862767,66,3
"Leak, Anthony",1000264276.0,NEW_YOR13,Changeup,77,32,9,22,26,1,16,18,0,0,3,9,1,8,1382.74873,0.1921816722763889,0.28125,0.2857142857142857,0.0384615384615384,0.0625,76.81937388888889,0.0,0.0,0.1666666666666666,0.5,0.0555555555555555,0.4444444444444444,0.37171471472854106,-0.0012095596817266725,0.2319326046166261,-0.006803974889033343,-1.5951674532673066,-0.023161831421441292,-1.0962199147629261,-0.04787521233744127,-0.822496414250423,0.4844503879934991,-2.1805000846005806,0.521176588720977,-0.7639787681093636,-0.03755032043134333,-1.6497598415378716,0.5012085881780961,1.3902346661315863,65.95704274895569,93.58830146231722,58,12,0.896960567818878,58.96960567818878,81.55230596175478,169,44,-1.0962199147629261,39.03780085237074,10.348706411698538,798,110,1.8923889150304407,68.9238891503044,97.46906636670415,23,5,-0.23505114987596273,47.64948850124037,41.001124859392576,524,101
"Odonnell, Brendan",1000423478.0,NEW_ENG23,Sinker,109,42,10,34,8,1,18,21,1,0,3,14,2,5,1606.38595,0.2027639522597329,0.238095238095238,0.3119266055045872,0.125,0.0555555555555555,76.49456904761905,0.0476190476190476,0.0,0.1428571428571428,0.6666666666666666,0.0952380952380952,0.238095238095238,-0.02008622613474062,6.536057984244597e-05,0.6550607490314683,-0.019216862133587153,-0.5856168621238382,-0.008503156838038132,-1.1529904707766025,-0.05035455283022656,-0.9189871232679279,0.5412834156048095,-1.5825197868692769,0.378249131898134,-0.7639787681093636,-0.03755032043134333,-1.9119142732059276,0.5808529395998733,1.384825955449464,65.89496184299503,93.47581552305961,59,4,2.1956515660403597,71.9565156604036,97.69403824521935,21,4,-1.1529904707766025,38.47009529223398,8.267716535433072,818,125,1.3699619000364571,63.69961900036457,92.51968503937007,67,7,1.458988976418027,64.58988976418027,92.2384701912261,71,10
"Earwood, Micah",1000112366.0,SUS_COU1,Slider,108,18,6,12,83,2,8,18,2,0,7,7,5,6,1288.33755,0.1930670284656147,0.3333333333333333,0.1111111111111111,0.0240963855421686,0.25,71.57430833333333,0.1111111111111111,0.0,0.3888888888888889,0.3888888888888889,0.2777777777777778,0.3333333333333333,0.8445779192187074,-0.002748256549137674,-2.586570979568902,0.0758796462566333,-1.7627501484504262,-0.02559513215550019,0.43658509760632624,0.019066980967761084,-2.380663134673152,1.4022105863224865,-0.785212723227538,0.18767918946767645,-0.7639787681093636,-0.03755032043134333,0.7970148540306523,-0.24213869175849037,1.3768040021200856,65.80288627091683,93.36332958380203,60,19,0.03116656900455671,50.311665690045565,55.28683914510686,397,92,0.43658509760632624,54.365850976063264,70.3599550056243,261,96,-1.033202368935867,39.66797631064133,12.992125984251967,772,165,0.6771243027438776,56.77124302743878,74.29696287964005,226,41
"Foy, Corbin",813822.0,LAK_ERI24,Four-Seam,96,27,5,27,23,7,28,19,1,0,7,5,4,10,1384.28064,0.1761335857204103,0.1851851851851851,0.28125,0.3043478260869565,0.25,72.85687578947368,0.0526315789473684,0.0,0.3684210526315789,0.2631578947368421,0.2105263157894736,0.5263157894736842,-0.5004551957755446,0.0016284812070536223,0.15986859252097366,-0.004689905030195283,1.5066401601010293,0.021876415124666947,0.43658509760632624,0.019066980967761084,-1.9996471291175373,1.1777921590502294,-1.5195744923712449,0.36320413644309785,-0.7639787681093636,-0.03755032043134333,0.5716540268072354,-0.17367249492222578,1.3676554524090445,65.69787968290227,93.25084364454443,61,8,-0.9485476928116491,40.51452307188351,18.447694038245217,724,173,0.43658509760632624,54.365850976063264,70.3599550056243,262,45,-0.14782605931448317,48.52173940685517,42.68841394825647,508,139,-0.9071804307537398,40.9281956924626,19.122609673790777,719,174
"Morin, Jacob",822351.0,QUE_CAP,Slider,85,36,11,26,23,7,23,20,2,0,6,7,3,10,1467.59374,0.2069142630286022,0.3055555555555556,0.3058823529411765,0.3043478260869565,0.3043478260869565,73.379687,0.1,0.0,0.3,0.35,0.15,0.5,0.5923842101572857,-0.0019276182198518076,0.5574923769075755,-0.016354596368960635,1.5066401601010293,0.021876415124666947,0.8808764055394426,0.03847051525912407,-1.8443340981024732,1.0863127837823567,-0.9247414593648421,0.22102892939300647,-0.7639787681093636,-0.03755032043134333,-0.1816950241967571,0.05520022021614418,1.3670563287551425,65.69100297209212,93.13835770528684,62,20,-0.271861330580456,47.28138669419544,43.30708661417323,507,116,0.8808764055394426,58.80876405539443,82.11473565804275,160,57,0.6490126193447597,56.490126193447594,77.10911136107987,204,55,-0.6911388761858831,43.08861123814117,24.634420697412825,680,152
"Earwood, Micah",1000112366.0,SUS_COU1,Four-Seam,96,3,0,0,92,0,2,12,1,0,4,6,3,3,877.05053,0.2279658519673778,0.0,0.0,0.0,0.0,73.08754416666666,0.0833333333333333,0.0,0.3333333333333333,0.5,0.25,0.25,-2.181746589518358,0.007099403402292737,-4.380164169505147,0.12849649607660302,-2.043856604886625,-0.029676797902953796,-1.6071549188860101,-0.07018927677250872,-1.9311218104176922,1.1374307463360207,-1.134034563570799,0.2710535392810017,-0.7639787681093636,-0.03755032043134333,0.1853211801385213,-0.05630187177434374,1.3503619182147684,65.49938537748659,93.02587176602924,63,9,0.896960567818878,58.96960567818878,81.55230596175478,160,5,-1.6071549188860101,33.928450811139896,1.968503937007874,864,263,-0.6675034584400784,43.324965415599216,21.034870641169853,693,217,1.3612558922087576,63.61255892208757,91.00112485939258,76,4
"Villers, Ian",677351.0,QUE_CAP,Splitter,64,42,17,23,39,16,26,20,2,0,3,10,3,7,1542.37631,0.2184752666576864,0.4047619047619047,0.359375,0.4102564102564102,0.6153846153846154,77.11881550000001,0.1,0.0,0.15,0.5,0.15,0.35,1.4930760282337927,-0.0048584693958727615,1.4209888041948961,-0.04168612755986147,2.74216101238611,0.03981617789984632,3.4235897370951256,0.14951843458815542,-0.7335404330141325,0.432055315045324,-0.9247414593648421,0.22102892939300647,-0.7639787681093636,-0.03755032043134333,-1.8332679437055102,0.5569596341733399,1.3152835737125947,65.09675792442407,92.91338582677166,64,5,0.896960567818878,58.96960567818878,81.55230596175478,178,8,3.4235897370951256,80.0,99.77502812148481,3,1,0.6490126193447597,56.490126193447594,77.10911136107987,208,5,0.5402979848509015,55.40297984850901,70.52868391451068,263,8
"Pindel, Buddie",1000054422.0,SCH_BOO,Splitter,90,46,11,18,37,5,26,30,4,1,8,17,7,6,2219.65441,0.2166272408708106,0.2391304347826087,0.2,0.1351351351351351,0.1923076923076923,73.98848033333334,0.1333333333333333,0.0333333333333333,0.2666666666666666,0.5666666666666667,0.2333333333333333,0.2,-0.010687702815680468,3.4777784962224245e-05,-1.1516964276199055,0.03378616640065755,-0.46738120730523447,-0.006786375130072004,-0.035047213891905384,-0.0015306169723011836,-1.6634781103998078,0.9797886070254868,-0.5061552509529298,0.12097970961701643,0.4202084901238912,0.020653667498079377,-0.5487112285320361,0.16670231220663229,1.3136282484304613,65.07775818507508,92.80089988751406,65,6,1.4164369671074706,64.16436967107471,90.6636670416198,84,6,-0.035047213891905384,49.64952786108095,55.90551181102362,395,15,-0.448084112142605,45.51915887857395,29.640044994375703,628,12,1.7717348458876858,67.71734845887686,96.28796400449944,37,2
"Drakeford, Dosie",836144.0,NEW_JER6,Changeup,84,37,21,36,28,13,24,15,0,0,6,5,5,5,1109.1741,0.1584005652972847,0.5675675675675675,0.4285714285714285,0.4642857142857143,0.5416666666666666,73.94494,0.0,0.0,0.4,0.3333333333333333,0.3333333333333333,0.3333333333333333,2.9711843307636725,-0.00966823381230499,2.537980991677512,-0.07445421037185149,3.372462439660869,0.04896815462387582,2.820948450180718,0.12319928166474249,-1.676412762536665,0.9874071171340956,-2.1805000846005806,0.521176588720977,-0.7639787681093636,-0.03755032043134333,0.9193535888090787,-0.27930605575531975,1.2797723217728714,64.68916158182398,92.68841394825647,66,13,-0.40173043040260414,45.98269569597396,38.02024746906636,546,108,2.820948450180718,78.20948450180718,98.98762654668167,10,1,-1.764600189927443,32.35399810072557,4.611923509561304,845,124,0.6771243027438776,56.77124302743878,74.29696287964005,225,51
"Eisenbarger, Jack",1000570067.0,QUE_CAP,Curveball,93,21,6,24,21,4,12,13,2,1,5,5,3,5,938.47631,0.2116840966135762,0.2857142857142857,0.2580645161290322,0.1904761904761904,0.3333333333333333,72.19048538461539,0.1538461538461538,0.0769230769230769,0.3846153846153846,0.3846153846153846,0.2307692307692307,0.3846153846153846,0.41224584654198376,-0.0013414479846476151,-0.21439934126612692,0.0062896190753831,0.17822300313285883,0.00258779800548911,1.1178317697704383,0.04881906688118435,-2.197613644628369,1.2943944366861093,-0.24856373808406054,0.0594109589856379,1.968761058582765,0.09676657479040149,0.749961494500488,-0.22784355175970974,1.279083454679848,64.68125480038663,92.57592800899887,67,12,-0.002133200180609807,49.9786679981939,54.16197975253093,407,69,1.1178317697704383,61.17831769770439,85.71428571428571,124,33,-0.4143272896353009,45.85672710364699,31.777277840269967,603,65,0.2561202476885668,52.56120247688567,60.798650168728905,347,65
"Perozzi, John",1000377762.0,SUS_COU1,Slider,129,66,29,47,42,14,35,31,4,0,8,9,6,16,2301.44041,0.1735077183917615,0.4393939393939394,0.3643410852713178,0.3333333333333333,0.4,74.24001322580645,0.1290322580645161,0.0,0.2580645161290322,0.2903225806451613,0.1935483870967742,0.5161290322580645,1.8074993538168649,-0.005881602897320078,1.5011530347044009,-0.044037825426088306,1.8447827091474729,0.026786244936821305,1.6628291075017283,0.07262073561192298,-1.5887545100954923,0.9357764064462449,-0.560166374618983,0.13388928636230546,-0.7639787681093636,-0.03755032043134333,-0.6434250877153338,0.1954770456235324,1.2770799702260753,64.65825890778335,92.46344206974129,68,21,-0.7368764944597604,42.6312350554024,24.465691788526435,673,146,1.6628291075017283,66.62829107501729,92.68841394825647,66,23,0.07569110159974961,50.756911015997495,51.631046119235094,432,101,-0.8235514418887631,41.76448558111237,21.25984251968504,701,155
"Colon, Jeffrey",681738.0,TRO_AIG,Sinker,56,27,5,11,6,2,15,17,4,0,3,7,1,9,1256.83128,0.1685198164475414,0.1851851851851851,0.1964285714285714,0.3333333333333333,0.1333333333333333,73.93125176470589,0.2352941176470588,0.0,0.1764705882352941,0.4117647058823529,0.0588235294117647,0.5294117647058824,-0.5004551957755446,0.0016284812070536223,-1.2093476372964282,0.035477422287728023,1.8447827091474729,0.026786244936821305,-0.517160243423431,-0.022585939311031502,-1.6804791659916245,0.9898022287690668,0.7742260924246859,-0.18505319793307115,-0.7639787681093636,-0.03755032043134333,-1.5418138990863186,0.4684138552397172,1.2769187747649409,64.65640871448367,92.35095613048368,69,5,0.20941827464279913,52.09418274642799,61.24859392575927,344,74,-0.517160243423431,44.82839756576569,35.9392575928009,569,50,1.8493655137956415,68.49365513795641,97.07536557930258,25,4,-0.9325970842323116,40.674029157676884,18.222722159730033,726,130
"Petschke, Ben",814386.0,EVA_OTT,Slider,144,65,12,39,44,9,35,42,4,0,10,20,7,15,3156.48717,0.1853205345265058,0.1846153846153846,0.2708333333333333,0.2045454545454545,0.2571428571428571,75.15445642857142,0.0952380952380952,0.0,0.238095238095238,0.4761904761904761,0.1666666666666666,0.3571428571428571,-0.5056284000639835,0.0016453148138082022,-0.00828076903554963,0.00024292464042688394,0.34235388327066196,0.004970978385090012,0.49497766950610705,0.02161715976034021,-1.3170982359892611,0.7757708609976748,-0.984539489137973,0.2353216750752909,-0.7639787681093636,-0.03755032043134333,-0.8632965465337038,0.2622755339127649,1.2642941271540524,64.51150365167294,92.2384701912261,70,22,0.7114332823586657,57.11433282358666,76.82789651293588,207,43,0.49497766950610705,54.94977669506107,72.21597300337457,248,93,0.4295932730472875,54.29593273047288,67.82902137232846,292,75,0.4816581343253406,54.816581343253404,68.44769403824522,283,56
"Cerda, Junior",693702.0,EVA_OTT,Sweeper,53,16,5,17,19,1,6,10,1,0,2,5,1,4,754.52328,0.1781193777029185,0.3125,0.320754716981132,0.0526315789473684,0.1666666666666666,75.452328,0.1,0.0,0.2,0.5,0.1,0.4,0.655432637422641,-0.0021327778021732737,0.7975671146504276,-0.023397428875384946,-1.4298609237233468,-0.020761580612462995,-0.24466157455778645,-0.010685104945662207,-1.2286086709601995,0.7236505071955575,-0.9247414593648421,0.22102892939300647,-0.7639787681093636,-0.03755032043134333,-1.2827436372025922,0.38970649618760794,1.239858720109145,64.23103529312691,92.1259842519685,71,1,0.896960567818878,58.96960567818878,81.55230596175478,155,1,-0.24466157455778645,47.553384254422134,47.30033745781777,463,1,1.3072706582371785,63.07270658237179,91.39482564679415,75,1,0.12981903117197302,51.29819031171973,55.34308211473565,395,1
"Townes, Holland",830218.0,SCH_BOO,Curveball,90,29,14,31,43,13,23,13,2,0,3,6,3,4,974.42753,0.2113468699209756,0.4827586206896552,0.3444444444444444,0.3023255813953488,0.5652173913043478,74.95596384615385,0.1538461538461538,0.0,0.2307692307692307,0.4615384615384615,0.2307692307692307,0.3076923076923077,2.2012061472732545,-0.00716272480322717,1.179974719297212,-0.03461573836530302,1.4830488194698823,0.02153386885870269,3.013474683618402,0.13160747985766647,-1.3760649987299542,0.810502284251943,-0.24856373808406054,0.0594109589856379,-0.7639787681093636,-0.03755032043134333,-0.943959448585413,0.28678148819638855,1.230507296550465,64.12370012941338,92.01349831271091,72,13,0.5972626451523819,55.97262645152382,73.11586051743532,245,53,3.013474683618402,80.0,99.21259842519686,8,3,-0.4143272896353009,45.85672710364699,31.777277840269967,616,68,0.8876263302715328,58.87626330271533,80.93363329583802,177,46
"Harris, Ben",1000390130.0,GAT_GRI,Curveball,278,59,22,72,128,28,48,26,3,0,5,13,5,8,1991.05474,0.2152925873219101,0.3728813559322034,0.2589928057553957,0.21875,0.5833333333333334,76.57902846153846,0.1153846153846153,0.0,0.1923076923076923,0.5,0.1923076923076923,0.3076923076923077,1.2036333694078512,-0.003916622984053148,-0.19941457569692078,0.005850025992644868,0.5080629449482519,0.0073770739606486176,3.161571786262775,0.13807532462145417,-0.8938965220920795,0.5265050515122348,-0.7315478247131912,0.17485236641947283,-0.7639787681093636,-0.03755032043134333,-1.3674396843568877,0.41543774818541296,1.2266306472764716,64.07920414632878,91.90101237345331,73,14,0.896960567818878,58.96960567818878,81.55230596175478,165,39,3.161571786262775,80.0,99.55005624296963,5,2,0.09202504797425147,50.92025047974251,52.30596175478065,424,45,0.8876263302715328,58.87626330271533,80.93363329583802,165,41
"Parsons, Billy",698892.0,SUS_COU1,Cutter,59,31,7,16,10,1,15,19,1,0,6,8,4,7,1408.61056,0.1828526659046504,0.2258064516129032,0.2711864406779661,0.1,0.0666666666666666,74.13739789473685,0.0526315789473684,0.0,0.3157894736842105,0.4210526315789473,0.2105263157894736,0.3684210526315789,-0.13165579327712035,0.0004284079513237496,-0.002580790677701109,7.571007532103973e-05,-0.8772648106763955,-0.012737885051021263,-1.062157581154721,-0.046387608041770126,-1.6192387418337315,0.9537316189400679,-1.5195744923712449,0.36320413644309785,-0.7639787681093636,-0.03755032043134333,-0.007845243195835771,0.002383439799597278,1.223147499685273,64.03922475553404,91.78852643419573,74,4,0.28179114760870166,52.81791147608702,64.34195725534309,320,19,-1.062157581154721,39.37842418845279,12.429696287964004,785,34,-0.14782605931448317,48.52173940685517,42.68841394825647,515,23,0.3890688966534017,53.890688966534015,64.96062992125984,313,18
"Gregory, Ben",833406.0,GAT_GRI,Four-Seam,93,30,8,28,14,2,21,18,1,0,3,8,2,8,1385.55843,0.1856614616536637,0.2666666666666666,0.3010752688172043,0.1428571428571428,0.0952380952380952,76.97546833333334,0.0555555555555555,0.0,0.1666666666666666,0.4444444444444444,0.1111111111111111,0.4444444444444444,0.23931301747129394,-0.0007787245588515905,0.4798947967737111,-0.01407819375815359,-0.3772968988720123,-0.005478350971621618,-0.8285872935555966,-0.03618689287145357,-0.7761249883835726,0.4571376181579242,-1.48285640391406,0.3544278890943269,-0.7639787681093636,-0.03755032043134333,-1.6497598415378716,0.5012085881780961,1.2187016128389234,63.98819509256237,91.67604049493814,75,10,0.46406356841171714,54.64063568411717,69.46006749156356,276,19,-0.8285872935555966,41.714127064444035,22.55343082114736,687,199,1.1609910940388635,61.60991094038863,89.82002249718786,91,16,-0.23505114987596273,47.64948850124037,41.001124859392576,521,84
"MacMillan, Blake",832350.0,TRO_AIG,Slider,106,41,23,39,40,14,22,13,3,0,3,7,3,3,960.41694,0.2104613695731251,0.5609756097560976,0.3679245283018867,0.35,0.6363636363636364,73.87822615384616,0.2307692307692307,0.0,0.2307692307692307,0.5384615384615384,0.2307692307692307,0.2307692307692307,2.911336120307436,-0.009473487735480396,1.5589981858497768,-0.04573477078008905,2.0392146748491777,0.029609397078810062,3.595092395821755,0.1570084702027235,-1.696231636822844,0.9990804340886551,0.7174044351741995,-0.17147185588203165,-0.7639787681093636,-0.03755032043134333,-0.943959448585413,0.28678148819638855,1.2082493547376327,63.86822460599012,91.56355455568054,76,23,1.1966584904853736,61.96658490485373,87.570303712036,109,21,3.595092395821755,80.0,100.0,1,1,-0.4143272896353009,45.85672710364699,31.777277840269967,607,131,1.5191324128544998,65.191324128545,93.36332958380203,60,10
"Vitas, Ben",1000076969.0,JOL_SLA,Splitter,127,53,18,28,64,12,31,25,4,0,3,16,2,7,1926.3683,0.1862687028433452,0.3396226415094339,0.2204724409448819,0.1875,0.3870967741935484,77.054732,0.16,0.0,0.12,0.64,0.08,0.28,0.9016783816477082,-0.0029340614538816423,-0.8212233516788967,0.024091408244852116,0.14350300925755516,0.002083663694419701,1.557345751811801,0.06801396101887679,-0.752577902797987,0.4432683847480143,-0.1712862842233991,0.04094033379622418,-0.7639787681093636,-0.03755032043134333,-2.163582527607261,0.6573115169647791,1.1952248865819413,63.71873042331298,91.45106861642294,77,7,1.987861006324923,69.87861006324923,96.62542182227222,31,2,1.557345751811801,65.573457518118,91.16985376827897,80,9,1.5705738737941461,65.70573873794146,94.48818897637796,50,2,1.1149685200014006,61.149685200014005,86.83914510686164,118,5
"Earwood, Micah",1000112366.0,SUS_COU1,Changeup,211,10,2,7,185,0,7,29,2,0,11,15,4,10,2123.57747,0.1851454506651178,0.2,0.0331753554502369,0.0,0.0,73.22680931034483,0.0689655172413793,0.0,0.3793103448275862,0.5172413793103449,0.1379310344827586,0.3448275862068966,-0.3659518842761186,0.0011908074314344898,-3.844636345021814,0.11278625181755994,-2.043856604886625,-0.029676797902953796,-1.6071549188860101,-0.07018927677250872,-1.8897499133659241,1.1130626989725292,-1.3144596534035198,0.3141782029775491,-0.7639787681093636,-0.03755032043134333,0.691550427497526,-0.2100978607267409,1.1937037053655257,63.70127038272371,91.33858267716536,78,14,1.0313079124624798,60.3130791246248,84.64566929133859,137,40,-1.6071549188860101,33.928450811139896,1.968503937007874,863,121,0.8079024908015509,58.07902490801551,81.66479190101236,162,33,0.5827613248866524,55.82761324886653,72.27221597300337,246,55
"Cook, Cole",1000161363.0,SCH_BOO,Curveball,116,45,18,36,44,13,29,22,4,1,5,11,3,8,1652.39729,0.1961102506533,0.4,0.3103448275862069,0.2954545454545454,0.4482758620689655,75.10896772727273,0.1818181818181818,0.0454545454545454,0.2272727272727272,0.5,0.1363636363636363,0.3636363636363636,1.449842820966121,-0.004717788539423757,0.6295271541098828,-0.01846780859296752,1.4028918780072341,0.02036999006866504,2.0574823520657652,0.08985642676176815,-1.3306116954051879,0.7837302885936556,0.10269741582803442,-0.024546428238969305,0.8508220385723473,0.04181875401786944,-0.9824576518373652,0.2984775118317544,1.186520945902352,63.61882703513531,91.22609673790775,79,15,0.896960567818878,58.96960567818878,81.55230596175478,157,34,2.0574823520657652,70.57482352065765,95.95050618672666,37,15,0.8285375390426929,58.28537539042693,82.7896512935883,152,20,0.42834917930210314,54.28349179302103,66.53543307086615,294,59
"Widener, Jacob",683179.0,SUS_COU1,Sinker,139,68,21,47,25,3,32,42,5,0,12,18,9,15,3093.89702,0.1880304714638828,0.3088235294117647,0.3381294964028777,0.12,0.09375,73.66421476190476,0.119047619047619,0.0,0.2857142857142857,0.4285714285714285,0.2142857142857142,0.3571428571428571,0.6220540582821588,-0.0020241639056501446,1.078036689077815,-0.03162528431078678,-0.6439464518343497,-0.009350102480634758,-0.840752412701384,-0.03671818011990754,-1.7598086169734974,1.03652727539739,-0.6855493402723212,0.1638579466638694,-0.7639787681093636,-0.03755032043134333,-0.33898768319759076,0.10298683106921046,1.1861040018821472,63.614041372889645,91.11361079865017,80,6,0.3403787114382422,53.403787114382425,66.31046119235096,304,63,-0.840752412701384,41.59247587298616,21.766029246344207,698,77,-0.1973191449454921,48.02680855054508,40.382452193475814,536,84,0.4816581343253406,54.816581343253404,68.44769403824522,284,64
"Campbell, Tyler",809429.0,MIS_MUD,Changeup,115,51,15,29,36,6,28,33,2,0,7,7,4,22,2528.83929,0.2050557462726948,0.2941176470588235,0.2521739130434782,0.1666666666666666,0.2142857142857142,76.63149363636363,0.0606060606060606,0.0,0.2121212121212121,0.2121212121212121,0.1212121212121212,0.6666666666666666,0.48853974172022885,-0.0015897083195576247,-0.30948745147593076,0.009079123876497905,-0.09953694786957673,-0.0014452764830662542,0.14462223810742025,0.006316087004865364,-0.878310541606639,0.5173249090063103,-1.4194342511243754,0.3392689164009948,-0.7639787681093636,-0.03755032043134333,-1.1492831992624915,0.3491602809183397,1.180564011973041,63.55045365064245,91.00112485939258,81,15,-1.3462329745636819,36.53767025436318,7.64904386951631,822,128,0.14462223810742025,51.4462223810742,61.30483689538808,342,42,1.0280096720403948,60.28009672040395,87.23284589426322,114,24,-2.0594020551156436,29.405979448843564,1.7435320584926886,871,128
"Moore, Kyle",1000517760.0,SCH_BOO,Slider,58,31,6,18,18,2,16,22,3,1,5,4,5,13,1652.97432,0.2080847208340608,0.1935483870967742,0.3103448275862069,0.1111111111111111,0.125,75.13519636363637,0.1363636363636363,0.0454545454545454,0.2272727272727272,0.1818181818181818,0.2272727272727272,0.5909090909090909,-0.4245259070258684,0.0013814073014621758,0.6295271541098828,-0.01846780859296752,-0.7476435002085924,-0.010855783623028761,-0.585284910639842,-0.025561147902373817,-1.3228198789119496,0.7791409086791383,-0.46810195927911996,0.11188432600101741,0.8508220385723473,0.04181875401786944,-0.9824576518373652,0.2984775118317544,1.1778181677128716,63.51893698995997,90.88863892013498,82,24,-1.5823586106039513,34.176413893960486,3.768278965129359,858,187,-0.585284910639842,44.14715089360158,32.8458942632171,603,172,-0.36829525894352344,46.31704741056477,34.4206974128234,584,128,-1.4374642465112073,35.625357534887925,7.705286839145106,822,173
"Foster, Kobe",816330.0,WAS_WIL3,Slider,144,59,19,51,46,11,37,37,5,0,10,11,6,20,2747.47357,0.1836750142642322,0.3220338983050847,0.3541666666666667,0.2391304347826087,0.2972972972972973,74.25604243243244,0.1351351351351351,0.0,0.2702702702702703,0.2972972972972973,0.1621621621621621,0.5405405405405406,0.741990647736095,-0.002414437567733253,1.3369141234166348,-0.0392197127245504,0.7458194247465324,0.010829298047319651,0.8232386142400117,0.03595329999970403,-1.5839926675494183,0.9329716811866073,-0.4835289694171509,0.11557164368317915,-0.7639787681093636,-0.03755032043134333,-0.5090338010363294,0.15464803199144414,1.1707894841846271,63.43826211811178,90.77615298087738,83,25,-0.6825284840721134,43.17471515927887,26.09673790776153,658,141,0.8232386142400117,58.23238614240012,80.98987626546682,169,61,0.4888957990736317,54.888957990736316,70.07874015748031,266,69,-1.0239596494390684,39.76040350560932,15.973003374578179,748,165
"Tokar, Heitor",677573.0,OTT_TIT,Changeup,74,36,6,14,19,2,21,26,3,1,7,11,4,11,1950.39986,0.2057770641278886,0.1666666666666666,0.1891891891891892,0.1052631578947368,0.0952380952380952,75.01537923076923,0.1153846153846153,0.0384615384615384,0.2692307692307692,0.4230769230769231,0.1538461538461538,0.4230769230769231,-0.6685843351498258,0.0021755734265775334,-1.32620819745154,0.03890564368043838,-0.8158652425600683,-0.011846363321972192,-0.8285872935555966,-0.03618689287145357,-1.3584142994187247,0.8001060223576288,-0.7315478247131912,0.17485236641947283,0.602391145236699,0.029608127179528994,-0.5204792128139373,0.15812522820736383,1.1557397050775846,63.265521519402895,90.6636670416198,84,16,0.2975647224858863,52.97564722485886,64.96062992125984,314,71,-0.8285872935555966,41.714127064444035,22.55343082114736,692,96,0.5983773855838049,55.98377385583805,75.0281214848144,229,48,-0.05963279360291668,49.40367206397083,48.4251968503937,462,92
"Barraza, Chris",696511.0,MIS_MUD,Slider,59,33,8,17,33,7,16,21,1,0,7,9,4,8,1577.05753,0.1935551531291248,0.2424242424242424,0.288135593220339,0.2121212121212121,0.4375,75.09797761904763,0.0476190476190476,0.0,0.3333333333333333,0.4285714285714285,0.1904761904761904,0.3809523809523809,0.019216689563144037,-6.25311078384707e-05,0.27101817049901444,-0.007950589049759088,0.43073204949870986,0.006254229358721267,1.9693901099755786,0.08600917427296344,-1.3338765584862717,0.785653292948414,-1.5825197868692769,0.378249131898134,-0.7639787681093636,-0.03755032043134333,0.1853211801385213,-0.05630187177434374,1.154300516114948,63.249002581729926,90.5511811023622,85,26,0.3403787114382422,53.403787114382425,66.31046119235096,298,61,1.9693901099755786,69.69390109975578,95.3880764904387,40,13,0.1161370640508975,51.16137064050898,53.374578177727784,413,100,0.2861919659068036,52.861919659068036,62.09223847019123,337,68
"Sesar, Jorden",813853.0,SUS_COU1,Changeup,80,43,11,12,35,5,19,26,2,1,9,8,6,12,1941.95404,0.1673188210996958,0.2558139534883721,0.15,0.1428571428571428,0.2631578947368421,74.69054,0.0769230769230769,0.0384615384615384,0.3461538461538461,0.3076923076923077,0.2307692307692307,0.4615384615384615,0.14078152183799475,-0.0004581030720608349,-1.9588133630912161,0.05746374881964392,-0.3772968988720123,-0.005478350971621618,0.5441503616322385,0.023764678743564752,-1.4549152246237902,0.8569450673034124,-1.2145319113423205,0.29029377385330746,0.602391145236699,0.029608127179528994,0.3264812587290125,-0.0991872917706851,1.1529516500850898,63.23352036608287,90.43869516310461,86,17,-0.6015290455136011,43.98470954486399,29.527559055118108,631,120,0.5441503616322385,55.441503616322386,73.5095613048369,239,30,-0.4143272896353009,45.85672710364699,31.777277840269967,613,100,-0.3753858348943997,46.246141651056,36.33295838020247,571,106
"Garbrick, Alex",687885.0,LAK_ERI24,Four-Seam,82,43,7,19,18,3,26,32,5,0,4,16,3,13,2454.45386,0.2228282074995619,0.1627906976744186,0.2317073170731707,0.1666666666666666,0.1153846153846153,76.701683125,0.15625,0.0,0.125,0.5,0.09375,0.40625,-0.7037741550188611,0.002290081100431374,-0.639866175857612,0.018771114134958904,-0.09953694786957673,-0.0014452764830662542,-0.663890295889548,-0.028994080892384224,-0.8574591482049216,0.5050434382926988,-0.21837723266973932,0.052195871021023084,-0.7639787681093636,-0.03755032043134333,-2.108530096956969,0.640586203166206,1.1508970299085244,63.20993754025567,90.32620922384702,87,11,0.896960567818878,58.96960567818878,81.55230596175478,161,6,-0.663890295889548,43.36109704110452,29.471316085489313,628,179,1.389552913098731,63.89552913098731,92.80089988751406,65,11,0.0785091619621072,50.78509161962107,53.655793025871766,413,51
"Miner, Jace",701731.0,DOW_EAS1,Changeup,156,66,19,45,22,6,34,36,4,0,10,15,6,15,2686.88209,0.2173710998664427,0.2878787878787879,0.2884615384615384,0.2727272727272727,0.1764705882352941,74.63561361111111,0.1111111111111111,0.0,0.2777777777777778,0.4166666666666667,0.1666666666666666,0.4166666666666667,0.4318973043909261,-0.0014053938284880735,0.27627968898318056,-0.008104940956010585,1.1377573793230913,0.016520237147771285,-0.16451490724436107,-0.007184859544082981,-1.4712323650547634,0.8665558630172556,-0.785212723227538,0.18767918946767645,-0.7639787681093636,-0.03755032043134333,-0.42637249375360914,0.12953494820980274,1.146044723082581,63.154243009440904,90.21372328458943,88,18,0.24761506870813713,52.47615068708137,62.93588301462317,332,74,-0.16451490724436107,48.35485092755639,50.89988751406074,436,60,0.4295932730472875,54.29593273047288,67.82902137232846,289,55,-0.007007286721002997,49.92992713278997,50.843644544431946,438,86
"Mannering, Shawn",1000457814.0,DOW_EAS1,Sinker,59,18,4,15,10,1,15,15,2,1,4,3,3,9,1122.70383,0.255825465341176,0.2222222222222222,0.2542372881355932,0.1,0.0666666666666666,74.84692199999999,0.1333333333333333,0.0666666666666666,0.2666666666666666,0.2,0.2,0.6,-0.16419691702698108,0.0005342967680057964,-0.2761797518544166,0.008102009200401166,-0.8772648106763955,-0.012737885051021263,-1.062157581154721,-0.046387608041770126,-1.40845837380044,0.829581982168459,-0.5061552509529298,0.12097970961701643,1.604395748357146,0.07885765542750209,-0.5487112285320361,0.16670231220663229,1.1456324722952254,63.14951121588304,90.10123734533182,89,7,-1.4406832289797895,35.5931677102021,5.736782902137233,841,140,-1.062157581154721,39.37842418845279,12.429696287964004,783,114,-0.009245419547659513,49.9075458045234,48.59392575928009,458,75,-1.5120967835437393,34.8790321645626,6.130483689538808,836,143
"Majick, Eli",828663.0,NEW_ENG23,Curveball,52,21,3,14,17,3,13,14,0,0,4,6,3,5,1071.99166,0.18533305127308,0.1428571428571428,0.2692307692307692,0.1764705882352941,0.2307692307692307,76.57083285714285,0.0,0.0,0.2857142857142857,0.4285714285714285,0.2142857142857142,0.3571428571428571,-0.8847503714881877,0.0028789777088225627,-0.03414990158270692,0.0010018215128302903,0.01483479666083848,0.00021540124751537473,0.2793743271069152,0.012201114987740305,-0.8963312138776689,0.5279390849739469,-2.1805000846005806,0.521176588720977,-0.7639787681093636,-0.03755032043134333,-0.33898768319759076,0.10298683106921046,1.1308494997896994,62.9798330097686,89.98875140607424,90,16,0.3403787114382422,53.403787114382425,66.31046119235096,300,57,0.2793743271069152,52.793743271069154,66.14173228346458,301,57,-0.1973191449454921,48.02680855054508,40.382452193475814,529,58,0.4816581343253406,54.816581343253404,68.44769403824522,281,57
"Vail, Tyler",592821.0,NEW_YOR13,Slider,200,57,21,39,38,7,24,32,2,0,10,14,8,10,2411.32337,0.2352713000148642,0.3684210526315789,0.195,0.1842105263157894,0.2916666666666667,75.3538553125,0.0625,0.0,0.3125,0.4375,0.25,0.3125,1.163138393822609,-0.0037848523334987694,-1.2324081211670366,0.036153924642556186,0.10512827918484947,0.0015264626137640144,0.7772084336883824,0.03394302392447272,-1.2578622356502644,0.7408808567980057,-1.395650943828244,0.3335843016409954,-0.7639787681093636,-0.03755032043134333,-0.04406394757102753,0.013386935719711161,1.118140332574663,62.83395783524265,89.87626546681665,91,27,0.40995144348582224,54.09951443485822,68.16647919010124,285,59,0.7772084336883824,57.77208433688382,79.97750281214849,180,65,-0.6675034584400784,43.324965415599216,21.034870641169853,714,147,0.8481572001100975,58.48157200110097,79.41507311586051,184,30
"Shears, Tanner",808632.0,SCH_BOO,Four-Seam,240,76,27,87,43,15,48,43,3,0,15,11,10,22,3195.1694,0.1893078283510408,0.3552631578947368,0.3625,0.3488372093023256,0.3125,74.30626511627908,0.0697674418604651,0.0,0.3488372093023256,0.2558139534883721,0.2325581395348837,0.5116279069767442,1.0436782158461455,-0.0033961289143633576,1.4714336126618528,-0.04316597646104812,2.0256496539862683,0.029412432975880615,0.9475201017294104,0.04138104540282853,-1.569072870313088,0.9241839206144088,-1.3043894158314608,0.3117712450037883,-0.7639787681093636,-0.03755032043134333,0.3560263914572558,-0.10816330990945451,1.1144729082806968,62.79186332583136,89.76377952755905,92,12,-1.0057727551567814,39.942272448432185,16.70416197975253,742,183,0.9475201017294104,59.475201017294104,83.63329583802025,146,21,-0.43787856115202484,45.62121438847975,30.08998875140607,623,183,-0.7865990979716806,42.134009020283195,21.70978627671541,697,159
"Morrissey, Joe",1000570088.0,EVA_OTT,Slider,51,27,3,10,19,3,16,18,1,0,8,5,6,7,1310.0498,0.2225152320087214,0.1111111111111111,0.196078431372549,0.1578947368421052,0.1875,72.78054444444444,0.0555555555555555,0.0,0.4444444444444444,0.2777777777777778,0.3333333333333333,0.3888888888888889,-1.1729717532726696,0.0038168500851492666,-1.2149997166764794,0.0356432316884212,-0.20186956139678983,-0.002931146031481388,-0.07434990651675787,-0.003247083467306366,-2.0223231014747705,1.1911483067686397,-1.48285640391406,0.3544278890943269,-0.7639787681093636,-0.03755032043134333,1.408708527922783,-0.42797551174263687,1.1133322159637689,62.77877051746738,89.65129358830146,93,28,-0.8346274298097646,41.65372570190235,21.372328458942633,700,148,-0.07434990651675787,49.256500934832424,54.330708661417326,407,142,-1.764600189927443,32.35399810072557,4.611923509561304,850,180,0.2210365764339572,52.21036576433957,59.5050618672666,361,75
"Morgan, Cooper",692707.0,QUE_CAP,Changeup,86,39,12,29,20,5,20,24,1,0,8,8,4,12,1798.8017,0.1987540605926075,0.3076923076923077,0.3372093023255814,0.25,0.25,74.95007083333333,0.0416666666666666,0.0,0.3333333333333333,0.3333333333333333,0.1666666666666666,0.5,0.6117837262389335,-0.0019907442451814897,1.06318260460369,-0.03118952488865385,0.8726228806389486,0.012670484226877533,0.43658509760632624,0.019066980967761084,-1.377815653009239,0.8115334196224416,-1.6572673240856903,0.39611506400098945,-0.7639787681093636,-0.03755032043134333,0.1853211801385213,-0.05630187177434374,1.1123534874785472,62.7675367217214,89.53880764904387,94,19,-0.40173043040260414,45.98269569597396,38.02024746906636,557,109,0.43658509760632624,54.365850976063264,70.3599550056243,267,35,0.4295932730472875,54.29593273047288,67.82902137232846,290,56,-0.6911388761858831,43.08861123814117,24.634420697412825,679,116
"Garcia, Andrew",1000190083.0,EVA_OTT,Sinker,52,22,3,8,12,0,11,12,2,0,2,9,0,3,909.64317,0.237339346624596,0.1363636363636363,0.1538461538461538,0.0,0.0,75.80359750000001,0.1666666666666666,0.0,0.1666666666666666,0.75,0.0,0.25,-0.9437047450350137,0.0030708152403439346,-1.8967274449780391,0.05564239632587576,-2.043856604886625,-0.029676797902953796,-1.6071549188860101,-0.07018927677250872,-1.124256029605733,0.6621868014377766,-0.08756904254101738,0.020930489841026353,-0.7639787681093636,-0.03755032043134333,-1.6497598415378716,0.5012085881780961,1.105622695916313,62.69028103869938,89.42632170978627,95,8,2.8449970651511007,78.44997065151101,99.38132733408324,6,2,-1.6071549188860101,33.928450811139896,1.968503937007874,865,142,2.6237867360220166,76.23786736022016,99.15635545556806,9,1,1.3612558922087576,63.61255892208757,91.00112485939258,78,13
"Lockhart, Gauge",840803.0,LAK_ERI24,Cutter,139,66,18,44,30,10,30,37,4,1,12,12,8,17,2760.55904,0.2041334712561967,0.2727272727272727,0.316546762589928,0.3333333333333333,0.3333333333333333,74.60970378378379,0.1081081081081081,0.027027027027027,0.3243243243243243,0.3243243243243243,0.2162162162162162,0.4594594594594595,0.29433709944833186,-0.0009577729216048719,0.7296408895937948,-0.021404745137123565,1.8447827091474729,0.026786244936821305,1.1178317697704383,0.04881906688118435,-1.4789294720300186,0.8710894590256809,-0.8229231924538365,0.19669263269073864,0.19617306289057285,0.009642102214134547,0.08612761139925665,-0.026166171236373964,1.1045008164534575,62.677404163317064,89.31383577052868,96,5,-0.47192994381998166,45.28070056180018,35.15185601799775,577,28,1.1178317697704383,61.17831769770439,85.71428571428571,128,2,-0.22273451324249774,47.77265486757502,39.201349831271095,541,24,-0.35831810293269833,46.41681897067302,37.120359955005625,560,26
"Hill, Kaleb",1000371973.0,OTT_TIT,Curveball,247,100,28,78,79,11,61,58,7,1,16,32,12,14,4335.15603,0.2058973970695499,0.28,0.3157894736842105,0.1392405063291139,0.180327868852459,74.74406948275862,0.1206896551724138,0.0172413793103448,0.2758620689655172,0.5517241379310345,0.2068965517241379,0.2413793103448276,0.36036599782077733,-0.0011726309569088094,0.7174164755768128,-0.02104612972752138,-0.4194882838344072,-0.006090969881275593,-0.13298179223580048,-0.0058077138123141135,-1.4390130671173738,0.8475786965321331,-0.6649293300057239,0.1589294136699781,-0.1514681172990597,-0.007444809433366084,-0.44746537906023515,0.13594311441615287,1.100888970806878,62.635947582792085,89.20134983127109,97,17,1.3000026017496826,63.00002601749682,89.70753655793025,92,22,-0.13298179223580048,48.670182077641996,51.912260967379076,429,69,-0.10003963180868228,48.99960368191318,44.881889763779526,491,52,1.4320281256016762,64.32028125601676,92.01349831271091,72,23
"Good, Ty",688612.0,GAT_GRI,Slider,194,79,36,72,64,15,49,34,5,0,9,19,4,11,2538.73782,0.1910952994958369,0.4556962025316455,0.3711340206185567,0.234375,0.3061224489795918,74.6687594117647,0.1470588235294117,0.0,0.2647058823529412,0.5588235294117647,0.1176470588235294,0.3235294117647059,1.9555071692614274,-0.006363220328776685,1.610806897910765,-0.047254631157110205,0.6903429127936002,0.010023779093763074,0.8953838768188912,0.039104100052311436,-1.4613856466576065,0.8607561458813302,-0.3337962239597898,0.07978297206219709,-0.7639787681093636,-0.03755032043134333,-0.5703004170223459,0.17326125879430784,1.0717600839666794,62.30160770200641,89.0888638920135,98,29,1.3553220966029305,63.5532209660293,90.10123734533182,89,19,0.8953838768188912,58.953838768188916,82.39595050618672,157,56,1.0749442915692662,60.74944291569266,88.35770528683915,105,29,0.7576103720926868,57.57610372092687,76.26546681664792,212,37
"Hensey, Rob",802996.0,SUS_COU1,Four-Seam,220,100,33,75,52,14,45,60,5,1,19,21,9,30,4511.32029,0.1863381649425906,0.33,0.3409090909090909,0.2692307692307692,0.3111111111111111,75.1886715,0.0833333333333333,0.0166666666666666,0.3166666666666666,0.35,0.15,0.5,0.8143146741313371,-0.002649779949623371,1.1229058450719684,-0.03294156587103127,1.0969674564486078,0.015927967467633787,0.9361659905266752,0.04088517730427148,-1.3069338662455072,0.7697840472186037,-1.134034563570799,0.2710535392810017,-0.1718851389927379,-0.008448326466632062,0.0018130779708815017,-0.0005508257790995964,1.0530602332051244,62.08697176659881,88.9763779527559,99,13,-0.271861330580456,47.28138669419544,43.30708661417323,504,69,0.9361659905266752,59.36165990526675,83.35208098987627,149,23,0.6490126193447597,56.490126193447594,77.10911136107987,203,41,-0.6911388761858831,43.08861123814117,24.634420697412825,671,145
"Maietta, Dante",1000137704.0,WIN_CIT29,Changeup,283,123,50,84,99,22,66,54,3,0,12,21,8,25,4180.60826,0.1905772785485714,0.4065040650406504,0.2968197879858657,0.2222222222222222,0.3333333333333333,77.41867148148148,0.0555555555555555,0.0,0.2222222222222222,0.3888888888888889,0.1481481481481481,0.4629629629629629,1.5088930552829414,-0.004909938001890692,0.41120138382277305,-0.01206300379582487,0.5485696044694403,0.007965230656896272,1.1178317697704383,0.04881906688118435,-0.6444613535793219,0.3795877372582206,-1.48285640391406,0.3544278890943269,-0.7639787681093636,-0.03755032043134333,-1.0380661676457401,0.31537176819394935,1.0516484298555184,62.07076715959857,88.86389201349832,100,20,0.03116656900455671,50.311665690045565,55.28683914510686,399,86,1.1178317697704383,61.17831769770439,85.71428571428571,129,13,0.673392546711146,56.73392546711146,78.0089988751406,198,43,-0.38708039197926924,46.12919608020731,35.43307086614173,575,107
"Brown, Ethan",690384.0,WAS_WIL3,Four-Seam,67,30,3,15,21,2,16,25,4,0,7,7,7,11,1855.97672,0.2166123094527753,0.1,0.2238805970149253,0.0952380952380952,0.125,74.2390688,0.16,0.0,0.28,0.28,0.28,0.44,-1.2738492368972383,0.0041451054168636136,-0.7662077420216691,0.022477470319947686,-0.9328168008768831,-0.013544499948732342,-0.585284910639842,-0.025561147902373817,-1.5890350733879688,0.9359416582255136,-0.1712862842233991,0.04094033379622418,-0.7639787681093636,-0.03755032043134333,-0.40190474679792376,0.12210147541043682,1.0489500748865364,62.03979557858361,88.75140607424072,101,14,-0.817311549833478,41.82688450166522,22.103487064116987,693,158,-0.585284910639842,44.14715089360158,32.8458942632171,595,167,-1.0624582817755301,39.375417182244696,12.429696287964004,779,245,-0.19856413177116936,48.014358682288304,42.68841394825647,508,76
"Plumadore, Carson",1000207816.0,WIN_CIT29,Slider,123,54,15,41,38,8,34,36,2,1,9,8,4,24,2768.62524,0.1754557043814804,0.2777777777777778,0.3333333333333333,0.2105263157894736,0.2352941176470588,76.90625666666666,0.0555555555555555,0.0277777777777777,0.25,0.2222222222222222,0.1111111111111111,0.6666666666666666,0.3401905010958634,-0.0011069798905659395,1.0006154003035883,-0.02935405338330607,0.41212611976648844,0.0059840712590094125,0.31636509663618856,0.013816612865392262,-0.7966858973984803,0.46924799356770486,-1.48285640391406,0.3544278890943269,0.2228439470850137,0.010953002843175508,-0.7322193306996747,0.22245335820187606,1.046421894557613,62.010777253427065,88.63892013498312,102,30,-1.2675244292169254,37.32475570783075,8.773903262092238,814,175,0.31636509663618856,53.163650966361885,67.2665916760405,293,112,1.1609910940388635,61.60991094038863,89.82002249718786,94,25,-2.0594020551156436,29.405979448843564,1.7435320584926886,877,186
"Tokar, Heitor",677573.0,OTT_TIT,Slider,143,73,13,43,31,8,46,51,6,1,11,23,10,18,3899.44222,0.2176181028483079,0.1780821917808219,0.3006993006993007,0.2580645161290322,0.1739130434782608,76.45965137254902,0.1176470588235294,0.0196078431372549,0.2156862745098039,0.4509803921568627,0.196078431372549,0.3529411764705882,-0.5649430848506107,0.0018383247981038874,0.47382579207056513,-0.0139001534361821,0.9667028640429985,0.014036525585904338,-0.18542273350003752,-0.008097967040147138,-0.9293602174976143,0.5473931681060948,-0.7031369960879473,0.1680616953939529,-0.06739802797215415,-0.0033126804728593486,-1.1100301292801085,0.33723492348620193,1.0432538364210693,61.97441444335797,88.52643419572553,103,31,0.5149926271655005,55.149926271655005,70.47244094488188,263,55,-0.18542273350003752,48.145772664999626,49.60629921259843,449,151,0.04238266193409939,50.42382661934099,50.506186726659166,441,104,0.5161521640462589,55.16152164046259,69.79752530933632,271,53
"Wiltse, Ryan",813813.0,EVA_OTT,Curveball,146,31,11,54,35,8,22,17,3,1,2,12,2,3,1326.40657,0.2169503885707031,0.3548387096774194,0.3698630136986301,0.2285714285714285,0.3636363636363636,78.02391588235295,0.1764705882352941,0.0588235294117647,0.1176470588235294,0.7058823529411765,0.1176470588235294,0.1764705882352941,1.0398246617178732,-0.0033835894492299594,1.5902898737072853,-0.04665274373507692,0.6226389247367558,0.009040717187177694,1.3655578323755697,0.05963800721333825,-0.4646596574572935,0.27368453824234584,0.03554454816836934,-0.008495751269559135,1.3257634523022646,0.0651625994441086,-2.189489553795634,0.6651822528699901,1.0141760305030945,61.640660866798086,88.41394825646795,104,18,2.501225918563062,75.01225918563063,98.65016872890888,13,5,1.3655578323755697,63.6555783237557,89.31383577052868,97,27,1.0749442915692662,60.74944291569266,88.35770528683915,107,14,1.9649014123248287,69.64901412324829,97.80652418447694,21,9
"Kemlage, Joe",703240.0,NEW_ENG23,Slider,84,36,16,34,35,11,24,17,1,0,4,8,1,8,1315.58106,0.1941374511726017,0.4444444444444444,0.4047619047619047,0.3142857142857143,0.4583333333333333,77.38712117647059,0.0588235294117647,0.0,0.2352941176470588,0.4705882352941176,0.0588235294117647,0.4705882352941176,1.853352755464396,-0.006030809866281145,2.1536395938340314,-0.06317917112471515,1.6225747483455246,0.023559785345977018,2.1397017780166068,0.09344719575131925,-0.6538340934939058,0.38510828106791045,-1.441818540344264,0.34461914205746497,-0.7639787681093636,-0.03755032043134333,-0.8941382443770037,0.27164545760944436,1.0116195604097764,61.61131783316549,88.30146231721034,105,32,0.6677798034268513,56.67779803426851,75.42182227221598,219,47,2.1397017780166068,71.39701778016607,96.51293588301463,32,11,1.8493655137956415,68.49365513795641,97.07536557930258,28,7,-0.4496806681394543,45.503193318605454,33.12710911136108,596,130
"Morgan, Cooper",692707.0,QUE_CAP,Four-Seam,85,44,17,33,34,10,23,22,0,0,9,8,5,9,1651.55678,0.1982660447192339,0.3863636363636363,0.388235294117647,0.2941176470588235,0.4347826086956521,75.07076272727272,0.0,0.0,0.4090909090909091,0.3636363636363636,0.2272727272727272,0.4090909090909091,1.3260386365177856,-0.004314929723228875,1.8868614470956149,-0.05535296741199696,1.387295731025814,0.02014353401449482,1.9471755445789223,0.08503899755839527,-1.3419613647130777,0.7904152438160027,-2.1805000846005806,0.521176588720977,-0.7639787681093636,-0.03755032043134333,1.0194489172641548,-0.30971571720727104,1.0098404293360295,61.590897057240824,88.18897637795276,106,15,-0.16560479436233488,48.34395205637665,47.63779527559055,466,60,1.9471755445789223,69.47175544578923,94.99437570303712,45,4,-0.36829525894352344,46.31704741056477,34.4206974128234,586,173,0.05518649413944061,50.551864941394406,52.98087739032621,418,52
"Baird, Dustin",1000027580.0,MIS_MUD,Slider,57,23,8,19,22,6,16,10,2,0,2,6,1,3,757.05236,0.2127060195104802,0.3478260869565217,0.3333333333333333,0.2727272727272727,0.375,75.705236,0.2,0.0,0.2,0.6,0.1,0.3,0.976157245685536,-0.003176415677460734,1.0006154003035883,-0.02935405338330607,1.1377573793230913,0.016520237147771285,1.4584551058524944,0.06369510983789599,-1.1534765635051691,0.6793976959045446,0.33101716587089636,-0.07911872993496404,-0.7639787681093636,-0.03755032043134333,-1.2827436372025922,0.38970649618760794,1.0001200196507456,61.47932668954381,88.07649043869516,107,33,1.676175166751767,66.76175166751767,94.03824521934759,50,10,1.4584551058524944,64.58455105852494,90.26996625421823,87,34,1.3072706582371785,63.07270658237179,91.39482564679415,73,20,0.9507769385298297,59.507769385298296,83.57705286839146,143,23
"Cartwright, Eli",1000304859.0,GAT_GRI,Four-Seam,207,74,23,55,67,11,44,46,4,0,12,9,8,29,3513.13685,0.1929972348252673,0.3108108108108108,0.2657004830917874,0.1641791044776119,0.25,76.3725402173913,0.0869565217391304,0.0,0.2608695652173913,0.1956521739130435,0.1739130434782608,0.6304347826086957,0.6400965334932301,-0.002082874119986971,-0.09113697617934394,0.0026735943331972338,-0.1285566442429654,-0.0018666424744078576,0.43658509760632624,0.019066980967761084,-0.9552385790751093,0.5626355230752393,-1.0885360626564606,0.2601786240879593,-0.7639787681093636,-0.03755032043134333,-0.6125401336338231,0.18609398037889088,0.9891488658173098,61.35340034416455,87.96400449943758,108,16,-1.4745621245855673,35.25437875414433,4.949381327334083,846,245,0.43658509760632624,54.365850976063264,70.3599550056243,258,44,0.33419355726577743,53.341935572657775,64.1732283464567,316,67,-1.7619535379570004,32.38046462043,3.59955005624297,858,261
"Gollert, Harley",8890793.0,QUE_CAP,Slider,57,27,4,15,21,2,15,22,5,1,6,8,3,11,1626.29731,0.2160425897107003,0.1481481481481481,0.2631578947368421,0.0952380952380952,0.1333333333333333,73.92260499999999,0.2272727272727272,0.0454545454545454,0.2727272727272727,0.3636363636363636,0.1363636363636363,0.5,-0.836713474524107,0.0027226656461014445,-0.13218029860351388,0.0038776412398326835,-0.9328168008768831,-0.013544499948732342,-0.517160243423431,-0.022585939311031502,-1.6830478852690776,0.9913152044234866,0.6734967909351878,-0.1609771824789558,0.8508220385723473,0.04181875401786944,-0.48198100956198503,0.14642920457199798,0.9890558481605685,61.35233269223413,87.85151856017997,109,34,-0.16560479436233488,48.34395205637665,47.63779527559055,464,103,-0.517160243423431,44.82839756576569,35.9392575928009,570,166,0.8285375390426929,58.28537539042693,82.7896512935883,153,45,-0.6911388761858831,43.08861123814117,24.634420697412825,668,149
"Scafidi, Christian",690280.0,LAK_ERI24,Curveball,59,18,4,13,42,6,13,12,1,0,4,8,3,1,908.31075,0.193307673270205,0.2222222222222222,0.2203389830508474,0.1428571428571428,0.4615384615384615,75.6925625,0.0833333333333333,0.0,0.3333333333333333,0.6666666666666666,0.25,0.0833333333333333,-0.16419691702698108,0.0005342967680057964,-0.8233776742078481,0.024154607450561433,-0.3772968988720123,-0.005478350971621618,2.1659035730998415,0.09459150674798937,-1.1572415166257968,0.6816152532925943,-1.134034563570799,0.2710535392810017,-0.7639787681093636,-0.03755032043134333,0.1853211801385213,-0.05630187177434374,0.9726186603628437,61.163667487178685,87.73903262092239,110,19,2.1956515660403597,71.9565156604036,97.69403824521935,24,7,2.1659035730998415,71.65903573099841,96.962879640045,30,12,-0.6675034584400784,43.324965415599216,21.034870641169853,710,72,2.7295190711385184,77.29519071138519,99.49381327334083,6,4
"Hampton, Ky",673132.0,OTT_TIT,Curveball,52,20,3,15,14,4,14,15,2,0,6,7,4,4,1097.83401,0.1764639758383813,0.15,0.2884615384615384,0.2857142857142857,0.2857142857142857,73.188934,0.1333333333333333,0.0,0.4,0.4666666666666667,0.2666666666666666,0.2666666666666666,-0.8199005605866786,0.0026679564241490522,0.27627968898318056,-0.008104940956010585,1.2892628071426018,0.018720095959710577,0.7285479571052313,0.03181787493065676,-1.9010016408190704,1.1196899664424325,-0.5061552509529298,0.12097970961701643,-0.7639787681093636,-0.03755032043134333,0.9193535888090787,-0.27930605575531975,0.9689142862312916,61.121148869411954,87.62654668166479,111,20,0.6372223681745817,56.372223681745815,74.63442069741284,226,49,0.7285479571052313,57.28547957105231,78.45894263217097,189,46,-0.8869228047375506,41.13077195262449,16.366704161979754,744,76,1.2244295743157823,62.24429574315782,88.92013498312711,97,30
"Morgan, Marcus",808861.0,JOL_SLA,Cutter,63,22,5,14,7,1,11,15,1,0,4,2,3,10,1148.45772,0.1825894026902404,0.2272727272727272,0.2222222222222222,0.1428571428571428,0.0909090909090909,76.56384800000001,0.0666666666666666,0.0,0.2666666666666666,0.1333333333333333,0.2,0.6666666666666666,-0.11834351537945025,0.00038508979904473107,-0.7929777896326569,0.02326279643666362,-0.3772968988720123,-0.005478350971621618,-0.8639767310706152,-0.037732455776046975,-0.8984062254922237,0.5291612668149197,-1.3433276677767558,0.32107814916899685,-0.7639787681093636,-0.03755032043134333,-0.5487112285320361,0.16670231220663229,0.9598284872472453,61.016862531048474,87.5140607424072,112,6,-1.9601596282683826,30.398403717316175,0.6749156355455568,884,39,-0.8639767310706152,41.36023268929385,20.41619797525309,715,33,-0.009245419547659513,49.9075458045234,48.59392575928009,464,21,-2.0594020551156436,29.405979448843564,1.7435320584926886,876,39
"Willeman, Landon",812254.0,EVA_OTT,Changeup,179,96,24,44,57,9,54,57,8,2,13,30,8,19,4360.01272,0.2016570432009356,0.25,0.2458100558659217,0.1578947368421052,0.1666666666666666,76.49145122807018,0.1403508771929824,0.0350877192982456,0.2280701754385964,0.5263157894736842,0.1403508771929824,0.3333333333333333,0.08799679203444118,-0.0002863415612800716,-0.4122149895344608,0.012092738932982941,-0.20186956139678983,-0.002931146031481388,-0.24466157455778645,-0.010685104945662207,-0.9199133428947153,0.5418289589649873,-0.4180318386556854,0.09991671597996596,0.4825341352940633,0.023717035283838506,-0.973677359867622,0.29580999766930266,0.9594628542926538,61.01266581460269,87.4015748031496,113,21,1.1020170412222696,61.0201704122227,86.0517435320585,126,33,-0.24466157455778645,47.553384254422134,47.30033745781777,480,70,0.77604487246435,57.7604487246435,80.76490438695163,172,37,0.6771243027438776,56.77124302743878,74.29696287964005,238,54
"Dill, Austin",1000429156.0,TRI_VAL,Slider,72,28,8,15,15,5,19,20,3,0,8,5,5,10,1464.14766,0.2284089552190207,0.2857142857142857,0.2083333333333333,0.3333333333333333,0.2631578947368421,73.20738300000001,0.15,0.0,0.4,0.25,0.25,0.5,0.41224584654198376,-0.0013414479846476151,-1.017176938374688,0.02983990266415985,1.8447827091474729,0.026786244936821305,0.5441503616322385,0.023764678743564752,-1.895520943290965,1.1164618355983784,-0.29686214674697303,0.07095509972902125,-0.7639787681093636,-0.03755032043134333,0.9193535888090787,-0.27930605575531975,0.9496099375006346,60.89957453707785,87.28908886389202,114,35,-1.051075929513345,39.489240704866546,14.848143982002249,749,160,0.5441503616322385,55.441503616322386,73.5095613048369,233,89,-0.6675034584400784,43.324965415599216,21.034870641169853,692,143,-0.6911388761858831,43.08861123814117,24.634420697412825,661,143
"Lyons, Kendall",1000234937.0,QUE_CAP,Four-Seam,71,39,10,23,15,5,19,28,2,0,7,8,4,16,2159.35603,0.1808521392680825,0.2564102564102564,0.323943661971831,0.3333333333333333,0.2631578947368421,77.11985821428571,0.0714285714285714,0.0,0.25,0.2857142857142857,0.1428571428571428,0.5714285714285714,0.14619534027938455,-0.0004757196372691173,0.8490441448160188,-0.024907559032322727,1.8447827091474729,0.026786244936821305,0.5441503616322385,0.023764678743564752,-0.7332306708802407,0.4318728651484618,-1.283529638003625,0.30678540348671246,-0.7639787681093636,-0.03755032043134333,-0.7322193306996747,0.22245335820187606,0.9487289514165012,60.889462623637456,87.17660292463442,115,17,-0.7727850013230275,42.272149986769726,23.28458942632171,681,154,0.5441503616322385,55.441503616322386,73.5095613048369,237,36,0.7430494820436775,57.43049482043678,79.6400449943757,187,35,-1.2775373814414945,37.22462618558505,10.742407199100112,793,215
"Barreto, Brayhans",810980.0,TRI_VAL,Changeup,122,44,17,31,26,5,33,26,2,0,8,11,5,10,1970.47704,0.2239111759209384,0.3863636363636363,0.2540983606557377,0.1923076923076923,0.1515151515151515,75.78757846153846,0.0769230769230769,0.0,0.3076923076923077,0.4230769230769231,0.1923076923076923,0.3846153846153846,1.3260386365177856,-0.004314929723228875,-0.2784223662902911,0.00816779853749198,0.19958915320996984,0.002898034504608762,-0.36852460586035196,-0.01609457511173915,-1.129014851465933,0.6649897475134345,-1.2145319113423205,0.29029377385330746,-0.7639787681093636,-0.03755032043134333,-0.09699897704246174,0.029468968218339175,0.9378584973608706,60.764692105183244,87.06411698537683,116,22,0.2975647224858863,52.97564722485886,64.96062992125984,310,70,-0.36852460586035196,46.31475394139648,40.607424071991,529,78,0.09202504797425147,50.92025047974251,52.30596175478065,421,70,0.2561202476885668,52.56120247688567,60.798650168728905,344,73
"Cameron, Zach",1000084075.0,WIN_CIT29,Slider,145,76,20,41,37,10,44,54,8,1,16,20,10,24,4057.6971,0.1981038702915339,0.2631578947368421,0.2827586206896552,0.2702702702702703,0.2272727272727272,75.1425388888889,0.1481481481481481,0.0185185185185185,0.2962962962962963,0.3703703703703703,0.1851851851851851,0.4444444444444444,0.20745697001090416,-0.0006750649804154822,0.18422125867743577,-0.005404314844561256,1.1090941902761573,0.016104047642809805,0.25079055065247696,0.010952775718645625,-1.320638613802645,0.7778561435297578,-0.3201169361031908,0.07651338971657635,-0.10609695797977753,-0.005214771581664045,-0.22247460245623252,0.06758934154842063,0.9377215467495695,60.76312019303613,86.95163104611923,117,36,-0.11313243079783081,48.86867569202169,49.887514060742404,445,101,0.25079055065247696,52.50790550652477,64.79190101237346,314,120,0.18579399938342897,51.85793999383429,56.13048368953881,387,95,-0.23505114987596273,47.64948850124037,41.001124859392576,520,116
"Widener, Jacob",683179.0,SUS_COU1,Slider,94,30,14,37,34,10,21,12,0,0,5,6,3,3,905.22675,0.2263705562529837,0.4666666666666667,0.3936170212765957,0.2941176470588235,0.4761904761904761,75.4355625,0.0,0.0,0.4166666666666667,0.5,0.25,0.25,2.055107722713534,-0.006687320529709839,1.9737351097370828,-0.05790149317924706,1.387295731025814,0.02014353401449482,2.2856832077660587,0.09982264273276707,-1.2335892462980167,0.7265840660695317,-2.1805000846005806,0.521176588720977,-0.7639787681093636,-0.03755032043134333,1.102861690976718,-0.33505710175056375,0.9305305956469065,60.68058282222655,86.83914510686164,118,37,0.896960567818878,58.96960567818878,81.55230596175478,180,33,2.2856832077660587,72.85683207766058,98.08773903262093,18,5,-0.6675034584400784,43.324965415599216,21.034870641169853,715,148,1.3612558922087576,63.61255892208757,91.00112485939258,87,14
"Mercado, Nelson",683319.0,OTT_TIT,Four-Seam,81,39,7,12,12,1,17,27,3,0,7,5,5,17,2057.97896,0.168923874229703,0.1794871794871795,0.1481481481481481,0.0833333333333333,0.0588235294117647,76.22144296296295,0.1111111111111111,0.0,0.2592592592592592,0.1851851851851851,0.1851851851851851,0.6296296296296297,-0.5521872386599381,0.0017968172745994387,-1.9887065829234873,0.058340696316643424,-1.071696776378101,-0.015561037193010024,-1.1262749150054605,-0.04918780436303347,-1.0001254753214546,0.5890739049643368,-0.785212723227538,0.18767918946767645,-0.7639787681093636,-0.03755032043134333,-0.630270385050987,0.1914805548711852,0.9260720009070544,60.62940729869996,86.72665916760405,119,18,-1.5561224288216997,34.438775711783,4.049493813273341,854,252,-1.1262749150054605,38.7372508499454,9.167604049493812,809,245,0.18579399938342897,51.85793999383429,56.13048368953881,394,96,-1.7553435709090304,32.44656429090969,3.768278965129359,857,260
"Earwood, Micah",1000112366.0,SUS_COU1,Curveball,218,45,16,37,143,10,29,38,6,1,11,19,8,11,2873.84581,0.2348165202352191,0.3555555555555555,0.1697247706422018,0.0699300699300699,0.3448275862068966,75.62752131578947,0.1578947368421052,0.0263157894736842,0.2894736842105263,0.5,0.2105263157894736,0.2894736842105263,1.046332886467845,-0.0034047672125663672,-1.6404094344190485,0.04812305116811721,-1.2280581473969545,-0.01783140430020378,1.2117968279999713,0.052922802869242745,-1.176563488414383,0.6929958946760715,-0.1977233079125734,0.047259231887339555,0.17090590944320658,0.008400196355043046,-0.29759487819737107,0.09041140716050872,0.9188764126035527,60.546816702335136,86.61417322834646,120,21,0.896960567818878,58.96960567818878,81.55230596175478,159,36,1.2117968279999713,62.117968279999715,87.06411698537683,115,31,-0.14782605931448317,48.52173940685517,42.68841394825647,507,55,1.0371935603569722,60.371935603569725,85.60179977502813,129,36
"Sechrist, Zander",801415.0,WAS_WIL3,Slider,81,35,10,29,15,3,22,22,3,0,6,11,3,8,1655.93609,0.2125641494296631,0.2857142857142857,0.3580246913580246,0.2,0.1363636363636363,75.26982227272727,0.1363636363636363,0.0,0.2727272727272727,0.5,0.1363636363636363,0.3636363636363636,0.41224584654198376,-0.0013414479846476151,1.399191664733864,-0.04104668667663264,0.28932698353383396,0.004201027800911269,-0.4923876371629181,-0.02150404527781612,-1.2828261726312131,0.7555846156797845,-0.46810195927911996,0.11188432600101741,-0.7639787681093636,-0.03755032043134333,-0.48198100956198503,0.14642920457199798,0.9166566736832715,60.52133865197044,86.50168728908886,121,38,0.896960567818878,58.96960567818878,81.55230596175478,174,30,-0.4923876371629181,45.07612362837082,36.782902137232846,563,165,0.8285375390426929,58.28537539042693,82.7896512935883,157,46,0.42834917930210314,54.28349179302103,66.53543307086615,301,60
"O'Hanlon, Michael",1000061333.0,WAS_WIL3,Slider,66,31,11,26,25,9,23,16,0,0,5,6,5,5,1238.75649,0.2515087038536202,0.3548387096774194,0.3939393939393939,0.36,0.391304347826087,77.422280625,0.0,0.0,0.3125,0.375,0.3125,0.3125,1.0398246617178732,-0.0033835894492299594,1.9789389584506312,-0.05805415328510772,2.155873854270201,0.03130328836400332,1.5917424982324295,0.0695161701253049,-0.6433891749267927,0.3789562240318809,-2.1805000846005806,0.521176588720977,-0.7639787681093636,-0.03755032043134333,-0.04406394757102753,0.013386935719711161,0.9153511437961963,60.506353846364874,86.38920134983127,122,39,-0.0770576808472335,49.229423191527665,51.34983127109112,433,99,1.5917424982324295,65.91742498232429,91.90101237345331,74,29,-1.4903260070556021,35.09673992944398,6.805399325084364,830,177,0.8481572001100975,58.48157200110097,79.41507311586051,183,29
"Pardinho, Eric",672078.0,OTT_TIT,Changeup,141,71,34,50,66,22,41,25,4,1,10,14,6,5,1844.01687,0.2185673442228453,0.4788732394366197,0.3546099290780142,0.3333333333333333,0.5365853658536586,73.7606748,0.16,0.04,0.4,0.56,0.24,0.2,2.165930873737708,-0.007047939063142501,1.3440694153977635,-0.03942962037010879,1.8447827091474729,0.026786244936821305,2.7794090189512,0.12138513008465575,-1.7311529558347114,1.019649090986645,-0.1712862842233991,0.04094033379622418,0.6570459417705438,0.032294465083964,0.9193535888090787,-0.27930605575531975,0.9152716496997391,60.505441417171184,86.27671541057367,123,23,1.3644893271786118,63.64489327178612,90.21372328458943,88,26,2.7794090189512,77.79409018951199,98.76265466816648,12,2,-0.5358518506615945,44.641481493384056,26.26546681664792,658,103,1.7717348458876858,67.71734845887686,96.28796400449944,34,9
"Morgan, Cooper",692707.0,QUE_CAP,Slider,69,35,7,15,23,3,17,25,5,3,7,9,4,12,1891.67468,0.217820568290273,0.2,0.217391304347826,0.1304347826086956,0.1764705882352941,75.66698720000001,0.2,0.12,0.28,0.36,0.16,0.48,-0.3659518842761186,0.0011908074314344898,-0.8709601022385818,0.025550485559271037,-0.5222151341776308,-0.007582563748259199,-0.16451490724436107,-0.007184859544082981,-1.1648392446051155,0.6860903150724129,0.33101716587089636,-0.07911872993496404,3.4990953615303586,0.17198403611457866,-0.40190474679792376,0.12210147541043682,0.9130309663608277,60.479722967835315,86.16422947131609,124,40,-0.19393987068716698,48.06060129312833,46.45669291338583,477,108,-0.16451490724436107,48.35485092755639,50.89988751406074,437,150,0.5173610115662758,55.173610115662754,71.09111361079866,261,66,-0.5269472947143117,44.730527052856885,29.92125984251969,624,134
"Plumadore, Carson",1000207816.0,WIN_CIT29,Changeup,272,124,36,79,73,13,64,76,7,0,23,24,9,43,5759.28592,0.195598437802707,0.2903225806451613,0.2904411764705882,0.1780821917808219,0.203125,75.78007789473685,0.0921052631578947,0.0,0.3026315789473684,0.3157894736842105,0.1184210526315789,0.5657894736842105,0.45408443422037675,-0.001477590748953106,0.30823567624731696,-0.00904240179839129,0.03363563137816699,0.0004883893676109847,0.05338384451401316,0.0023314326414604963,-1.131243066433084,0.6663021661290864,-1.023880298199243,0.24472479723468846,-0.7639787681093636,-0.03755032043134333,-0.15272006069660343,0.046397423480053,0.9121738958742117,60.46988555640617,86.0517435320585,125,24,-0.5384347460048654,44.61565253995135,32.39595050618673,602,116,0.05338384451401316,50.533838445140134,59.055118110236215,365,48,1.0647545386452355,60.64754538645236,87.96400449943758,108,22,-1.2312427626055253,37.68757237394475,11.754780652418448,786,127
"Hensey, Rob",802996.0,SUS_COU1,Changeup,277,154,68,95,111,34,83,63,8,0,13,42,9,12,4878.63667,0.2116376952457177,0.4415584415584415,0.3429602888086642,0.3063063063063063,0.4096385542168674,77.4386773015873,0.1269841269841269,0.0,0.2063492063492063,0.6666666666666666,0.1428571428571428,0.1904761904761904,1.8271508116658062,-0.005945548741160533,1.1560169763269446,-0.033912914017527246,1.5294876296311946,0.022208160382244945,1.7416239033182996,0.0760619407296201,-0.6385181670216936,0.37608720037577753,-0.5858859573171044,0.14003670386006234,-0.7639787681093636,-0.03755032043134333,-1.2128357887577779,0.3684680024751342,0.905453224632808,60.39274603391162,85.9392575928009,126,25,2.1956515660403597,71.9565156604036,97.69403824521935,20,5,1.7416239033182996,67.41623903318299,93.25084364454443,61,7,0.7430494820436775,57.43049482043678,79.6400449943757,182,40,1.8499213132551013,68.499213132551,97.07536557930258,27,7
"Petschke, Ben",814386.0,EVA_OTT,Sinker,54,25,2,9,13,1,12,13,3,1,3,6,2,5,982.95921,0.2054550896427219,0.08,0.1666666666666666,0.0769230769230769,0.0833333333333333,75.61224692307692,0.2307692307692307,0.0769230769230769,0.2307692307692307,0.4615384615384615,0.1538461538461538,0.3846153846153846,-1.4554287074214622,0.004735965013949438,-1.6897743846007802,0.04957122134664849,-1.1464783016479874,-0.016646864939928778,-0.9259082467218983,-0.04043719085908546,-1.1811010962187585,0.6956685456728487,0.7174044351741995,-0.17147185588203165,1.968761058582765,0.09676657479040149,-0.943959448585413,0.28678148819638855,0.904967883339191,60.38717531124245,85.8267716535433,127,9,0.5972626451523819,55.97262645152382,73.11586051743532,242,47,-0.9259082467218983,40.74091753278102,17.435320584926885,735,94,0.5983773855838049,55.98377385583805,75.0281214848144,226,30,0.2561202476885668,52.56120247688567,60.798650168728905,351,76
"Ginn, Landon",701061.0,WAS_WIL3,Slider,108,51,26,45,36,14,34,22,4,0,4,9,2,11,1691.04563,0.1964400792251051,0.5098039215686274,0.4166666666666667,0.3888888888888889,0.4117647058823529,76.86571045454546,0.1818181818181818,0.0,0.1818181818181818,0.4090909090909091,0.0909090909090909,0.5,2.44674971796186,-0.007961723582247891,2.3458102927557727,-0.06881669074828335,2.4928892614864897,0.03619675207678383,1.759005108277838,0.07682103009381801,-0.8087310773294606,0.47634260454705224,0.10269741582803442,-0.024546428238969305,-0.7639787681093636,-0.03755032043134333,-1.4829342941127446,0.45052581909151057,0.9010110428083207,60.34175889699234,85.71428571428571,128,41,0.1885836596980698,51.885836596980695,60.404949381327334,352,76,1.759005108277838,67.59005108277839,93.53205849268842,58,21,1.4269539380358005,64.269539380358,93.53205849268842,58,17,-0.6911388761858831,43.08861123814117,24.634420697412825,666,147
"Anderson, Colt",1000568252.0,WAS_WIL3,Four-Seam,266,126,21,65,62,11,75,94,12,2,31,40,23,31,7050.07078,0.216198091054125,0.1666666666666666,0.244360902255639,0.1774193548387097,0.1466666666666666,75.0007529787234,0.1276595744680851,0.0212765957446808,0.3297872340425531,0.425531914893617,0.2446808510638297,0.3297872340425531,-0.6685843351498258,0.0021755734265775334,-0.4356077179536319,0.012778988013887747,0.025903030002491806,0.000376111995636181,-0.40816077587717325,-0.017825605564883787,-1.362759362209825,0.8026652643415869,-0.5774039672783615,0.13800936404697214,-0.008114560726436047,-0.00039883877426505815,0.14627690308157612,-0.0444399470945044,0.8933409103910073,60.253721507438684,85.60179977502813,129,19,0.3166943771241733,53.16694377124173,65.6355455568054,306,27,-0.40816077587717325,45.91839224122827,39.37007874015748,540,141,-0.5974760074940751,44.025239925059246,23.95950506186727,677,206,0.7062362852742985,57.062362852742986,75.36557930258716,220,17
"Harajli, Ahmad",800677.0,FLO_Y'A,Slider,76,32,12,24,22,6,18,20,2,0,5,7,4,9,1542.50794,0.190849836594046,0.375,0.3157894736842105,0.2727272727272727,0.3333333333333333,77.12539699999999,0.1,0.0,0.25,0.35,0.2,0.45,1.222868482810841,-0.003979214043066477,0.7174164755768128,-0.02104612972752138,1.1377573793230913,0.016520237147771285,1.1178317697704383,0.04881906688118435,-0.7315852478669095,0.43090371099360963,-0.9247414593648421,0.22102892939300647,-0.7639787681093636,-0.03755032043134333,-0.7322193306996747,0.22245335820187606,0.8771496384155166,60.06787891167621,85.48931383577053,130,42,-0.271861330580456,47.28138669419544,43.30708661417323,503,114,1.1178317697704383,61.17831769770439,85.71428571428571,126,50,-0.009245419547659513,49.9075458045234,48.59392575928009,454,108,-0.28065992250695504,47.19340077493045,39.42632170978628,540,120
"Harley, Tristan",10041912.0,SUS_COU1,Four-Seam,68,36,5,15,9,0,17,28,3,1,7,7,4,17,2148.22222,0.2235686264877404,0.1388888888888889,0.2205882352941176,0.0,0.0,76.72222214285715,0.1071428571428571,0.0357142857142857,0.25,0.25,0.1428571428571428,0.6071428571428571,-0.9207780442112473,0.0029962117558633987,-0.8193541600728961,0.02403657363989848,-2.043856604886625,-0.029676797902953796,-1.6071549188860101,-0.07018927677250872,-0.8513575630567102,0.5014496046404022,-0.8350444147051471,0.19958981086958016,0.5047932942834102,0.024811095207323896,-0.7322193306996747,0.22245335820187606,0.8754705796394818,60.048606760492014,85.37682789651294,131,20,-1.051075929513345,39.489240704866546,14.848143982002249,752,189,-1.6071549188860101,33.928450811139896,1.968503937007874,866,264,0.7430494820436775,57.43049482043678,79.6400449943757,181,34,-1.5707366340693003,34.292633659307,5.455568053993251,842,247
"Castro, Alexander",669418.0,TRO_AIG,Changeup,71,38,16,24,27,5,14,18,2,0,5,8,3,7,1376.09214,0.2092150546996739,0.4210526315789473,0.3380281690140845,0.1851851851851851,0.3571428571428571,76.44956333333333,0.1111111111111111,0.0,0.2777777777777778,0.4444444444444444,0.1666666666666666,0.3888888888888889,1.640979105728461,-0.005339746010040412,1.0764010280473735,-0.03157730055879775,0.11649856957676172,0.0016915592302545802,1.3124736761030416,0.05731966285644813,-0.932357100341825,0.5491583321013349,-0.785212723227538,0.18767918946767645,-0.7639787681093636,-0.03755032043134333,-0.42637249375360914,0.12953494820980274,0.8509163248653353,59.766774273757925,85.26434195725534,132,26,0.46406356841171714,54.64063568411717,69.46006749156356,271,62,1.3124736761030416,63.12473676103042,88.80764904386952,100,9,0.4295932730472875,54.29593273047288,67.82902137232846,278,54,0.2210365764339572,52.21036576433957,59.5050618672666,359,74
"Wehrle, Tyler",806332.0,WIN_CIT29,Four-Seam,236,91,30,70,59,15,49,50,5,0,15,9,10,31,3818.50519,0.188399553500203,0.3296703296703296,0.2966101694915254,0.2542372881355932,0.3061224489795918,76.3701038,0.1,0.0,0.3,0.18,0.2,0.62,0.8113216059358822,-0.002640040505715361,0.4078176510873717,-0.011963738612299137,0.9220547363258226,0.013388234771450944,0.8953838768188912,0.039104100052311436,-0.9559623726018032,0.5630618374624621,-0.9247414593648421,0.22102892939300647,-0.7639787681093636,-0.03755032043134333,-0.1816950241967571,0.05520022021614418,0.8396292223460173,59.637221485440705,85.15185601799774,133,21,-1.5965261487663673,34.034738512336325,3.374578177727784,861,254,0.8953838768188912,58.953838768188916,82.39595050618672,158,24,-0.009245419547659513,49.9075458045234,48.59392575928009,473,123,-1.6762883650153106,33.23711634984689,4.386951631046119,851,254
"Martinez, Mason",809209.0,TRI_VAL,Slider,132,56,15,30,32,7,30,35,5,1,11,17,7,11,2649.9663,0.2121675330614864,0.2678571428571428,0.2272727272727272,0.21875,0.2333333333333333,75.71332285714286,0.1428571428571428,0.0285714285714285,0.3142857142857143,0.4857142857142857,0.2,0.3142857142857143,0.25012131928821196,-0.0008138947729638417,-0.7114508264537374,0.02087112144484684,0.5080629449482519,0.0073770739606486176,0.30033576317350363,0.013116563785076423,-1.1510741775789406,0.677982690593996,-0.3865591914066694,0.0923942182524479,0.2510388818048534,0.01233881207959035,-0.024402365195923398,0.007413609363077899,0.83068019470672,59.53450500161197,85.03937007874016,134,43,0.7856441965427509,57.85644196542751,78.68391451068617,191,39,0.30033576317350363,53.003357631735035,67.04161979752531,294,113,-0.009245419547659513,49.9075458045234,48.59392575928009,460,110,0.8334972374787073,58.33497237478707,78.90888638920134,188,32
"Villers, Ian",677351.0,QUE_CAP,Slider,66,27,12,30,17,4,15,11,1,0,3,3,0,8,842.16899,0.2398913533416166,0.4444444444444444,0.4545454545454545,0.2352941176470588,0.2666666666666666,76.56081727272728,0.0909090909090909,0.0,0.2727272727272727,0.2727272727272727,0.0,0.7272727272727273,1.853352755464396,-0.006030809866281145,2.957262516597673,-0.08675425318690934,0.7010652638433262,0.010179467631005096,0.5728344320391482,0.025017398150445718,-0.899306572365876,0.529691571123501,-1.0389013343862732,0.24831508024100388,-0.7639787681093636,-0.03755032043134333,-0.48198100956198503,0.14642920457199798,0.8292973382334199,59.518632645384855,84.92688413948257,135,44,-0.873981702483143,41.26018297516857,20.41619797525309,711,152,0.5728344320391482,55.728344320391486,74.40944881889764,231,88,2.6237867360220166,76.23786736022016,99.15635545556806,14,5,-2.556952301999193,24.43047698000807,0.39370078740157477,887,191
"Sabatine, Gino",1000229070.0,TRI_VAL,Sinker,54,23,3,11,16,1,14,19,2,1,6,7,3,9,1448.09097,0.1933182094089484,0.1304347826086956,0.2037037037037037,0.0625,0.0714285714285714,76.21531421052632,0.1052631578947368,0.0526315789473684,0.3157894736842105,0.3684210526315789,0.1578947368421052,0.4736842105263157,-0.9975326513168982,0.0032459712473851864,-1.0919099879553644,0.03203227140665857,-1.3147367335052316,-0.01908997737049596,-1.0232291998882,-0.04468748884671735,-1.0019461614469813,0.590146289092272,-0.8586489001419092,0.20523168416521873,1.1057905869957767,0.05435071314142942,-0.007845243195835771,0.002383439799597278,0.8236129026353479,59.45338698287054,84.81439820022497,136,10,-0.12832179919808162,48.71678200801918,49.26884139482565,453,96,-1.0232291998882,39.767708001118,14.735658042744657,757,102,0.5450771395196417,55.45077139519642,72.44094488188976,250,37,-0.47509732161802554,45.249026783819744,31.664791901012375,609,122
"Harley, Tristan",10041912.0,SUS_COU1,Sinker,97,46,5,22,18,1,23,36,5,0,9,12,4,20,2745.23189,0.1869533757633711,0.108695652173913,0.2268041237113402,0.0555555555555555,0.0434782608695652,76.25644138888889,0.1388888888888889,0.0,0.25,0.3333333333333333,0.1111111111111111,0.5555555555555556,-1.1949016410171414,0.003888209939869778,-0.7190151838620898,0.02109302943377827,-1.3957500525476094,-0.020266290762991288,-1.251721872539517,-0.05466644933941832,-0.9897283922025965,0.5829500230073292,-0.4363908828842772,0.10430483965435128,-0.7639787681093636,-0.03755032043134333,-0.7322193306996747,0.22245335820187606,0.8222063997034517,59.43724321379503,84.70191226096738,137,11,-0.40173043040260414,45.98269569597396,38.02024746906636,550,111,-1.251721872539517,37.48278127460483,5.174353205849269,845,137,1.1609910940388635,61.60991094038863,89.82002249718786,92,10,-1.1472266024958035,38.52773397504197,13.273340832395949,773,136
"Calderon, Jean",703300.0,LAK_ERI24,Slider,73,29,14,28,22,6,14,11,2,0,4,7,2,2,812.65953,0.1973457863189525,0.4827586206896552,0.3835616438356164,0.2727272727272727,0.4285714285714285,73.87813909090909,0.1818181818181818,0.0,0.3636363636363636,0.6363636363636364,0.1818181818181818,0.1818181818181818,2.2012061472732545,-0.00716272480322717,1.8114178012336717,-0.05313975261699099,1.1377573793230913,0.016520237147771285,1.8963993951008515,0.08282145078223949,-1.6962575008601355,0.9990956680066198,0.10269741582803442,-0.024546428238969305,-0.7639787681093636,-0.03755032043134333,0.5189722749887742,-0.15766740994751452,0.8183707198985852,59.393217476192135,84.58942632170978,138,45,1.9595259300000905,69.5952593000009,96.34420697412823,32,6,1.8963993951008515,68.96399395100852,94.60067491563554,48,16,0.2301211400495842,52.301211400495845,58.38020247469067,366,90,1.920999919952751,69.20999919952752,97.58155230596175,22,4
"Kaminer, Brandon",690510.0,DOW_EAS1,Four-Seam,185,79,10,39,41,8,55,57,5,1,18,19,13,25,4358.65256,0.2262975804509798,0.1265822784810126,0.2108108108108108,0.1951219512195122,0.1454545454545454,76.46758877192983,0.087719298245614,0.0175438596491228,0.3157894736842105,0.3333333333333333,0.2280701754385964,0.4385964912280701,-1.0325094343017513,0.003359785699217899,-0.9771846577882712,0.028666689120876727,0.23242006674309101,0.0033747393691096815,-0.4180698183813786,-0.018258363178169944,-0.9270022314189126,0.5460043143057395,-1.078957430885021,0.2578891682578451,-0.14072231640765015,-0.0069166425737524125,-0.007845243195835771,0.002383439799597278,0.8165031308004638,59.37178138356532,84.4769403824522,139,22,-0.40173043040260414,45.98269569597396,38.02024746906636,552,91,-0.4180698183813786,45.81930181618621,38.75140607424072,545,143,-0.3787937922591916,46.212062077408085,33.85826771653544,588,175,-0.18704191552754965,48.1295808447245,43.475815523059616,504,74
"Hocom, Quinn",1000152021.0,TRI_VAL,Changeup,101,38,11,26,32,5,26,22,5,2,5,13,4,5,1681.9452,0.2201053915685589,0.2894736842105263,0.2574257425742574,0.15625,0.1923076923076923,76.45205454545454,0.2272727272727272,0.0909090909090909,0.2272727272727272,0.5909090909090909,0.1818181818181818,0.2272727272727272,0.4463773259638307,-0.001452511818686305,-0.22471064034592625,0.006592111345188093,-0.22105692643314154,-0.0032097465718092153,-0.035047213891905384,-0.0015306169723011836,-0.9316170287870134,0.5487224299555509,0.6734967909351878,-0.1609771824789558,2.4656228452540616,0.12118782846708238,-0.9824576518373652,0.2984775118317544,0.8078098237578234,59.27200004773142,84.3644544431946,140,27,1.6053374759396866,66.05337475939686,93.08211473565804,62,17,-0.035047213891905384,49.64952786108095,55.90551181102362,393,52,0.2301211400495842,52.301211400495845,58.38020247469067,372,63,1.5478372347900893,65.47837234790089,94.15073115860517,53,13
"Dima, Josh",1000098214.0,GAT_GRI,Four-Seam,238,94,30,81,73,16,51,57,5,0,17,18,12,27,4372.43569,0.2040734630582692,0.3191489361702128,0.3403361344537815,0.2191780821917808,0.3137254901960784,76.70939807017544,0.087719298245614,0.0,0.2982456140350877,0.3157894736842105,0.2105263157894736,0.4736842105263157,0.7157981528894709,-0.002329207189502338,1.1136569879046128,-0.03267024139716972,0.513056916670042,0.0074495864300490105,0.9575384351435884,0.04181857607802593,-0.8551672472372553,0.5036935086227434,-1.078957430885021,0.2578891682578451,-0.7639787681093636,-0.03755032043134333,-0.20101166653019284,0.061068751373538295,0.7993698217441862,59.17512613412974,84.25196850393701,141,23,-0.5384347460048654,44.61565253995135,32.39595050618673,601,113,0.9575384351435884,59.575384351435886,83.80202474690664,145,20,-0.14782605931448317,48.52173940685517,42.68841394825647,506,138,-0.47509732161802554,45.249026783819744,31.664791901012375,607,116
"Webster, Evan",804248.0,FLO_Y'A,Slider,111,38,7,28,26,3,13,21,1,0,6,10,3,8,1630.24735,0.2003874824504788,0.1842105263157894,0.2522522522522522,0.1153846153846153,0.2307692307692307,77.6308261904762,0.0476190476190476,0.0,0.2857142857142857,0.4761904761904761,0.1428571428571428,0.3809523809523809,-0.509304097847875,0.0016572755343969852,-0.30822287343367266,0.009042026215050222,-0.697789150028669,-0.010131898458416274,0.2793743271069152,0.012201114987740305,-0.581435943575362,0.3424657707658882,-1.5825197868692769,0.378249131898134,-0.7639787681093636,-0.03755032043134333,-0.33898768319759076,0.10298683106921046,0.7989199315806605,59.16996231772766,84.13948256467941,142,46,0.7114332823586657,57.11433282358666,76.82789651293588,208,44,0.2793743271069152,52.793743271069154,66.14173228346458,307,116,0.7430494820436775,57.43049482043678,79.6400449943757,189,52,0.2861919659068036,52.861919659068036,62.09223847019123,340,69
"Bell, Brendan",681141.0,NEW_ENG23,Cutter,93,47,11,22,23,3,24,31,1,0,13,11,9,11,2330.78753,0.2257608917783022,0.2340425531914893,0.2365591397849462,0.1304347826086956,0.125,75.18669451612904,0.032258064516129,0.0,0.4193548387096774,0.3548387096774194,0.2903225806451613,0.3548387096774194,-0.05688044508595073,0.00018508896830968366,-0.561546410286045,0.016473525492151416,-0.5222151341776308,-0.007582563748259199,-0.585284910639842,-0.025561147902373817,-1.3075211745340147,0.7701299718005347,-1.7754166571051815,0.42435476313130915,-0.7639787681093636,-0.03755032043134333,1.1324597719714977,-0.3440492059433448,0.7964001113669836,59.14103994954847,84.02699662542183,143,7,-0.23415739837402552,47.658426016259746,44.99437570303712,489,25,-0.585284910639842,44.14715089360158,32.8458942632171,592,28,-1.1983567156113843,38.01643284388616,10.62992125984252,795,34,0.5005742151400372,55.00574215140037,69.17885264341957,275,15
"VanMarter, Luke",1000565948.0,LEM_COL,Changeup,53,21,2,15,15,0,14,17,2,2,6,5,3,9,1287.11454,0.2545636135512774,0.0952380952380952,0.2830188679245283,0.0,0.0,75.71262,0.1176470588235294,0.1176470588235294,0.3529411764705882,0.2941176470588235,0.1764705882352941,0.5294117647058824,-1.3170824441649112,0.0042857862733126206,0.18842225769094914,-0.005527555351621684,-2.043856604886625,-0.029676797902953796,-1.6071549188860101,-0.07018927677250872,-1.1512829773732631,0.6781056736728519,-0.7031369960879473,0.1680616953939529,3.4155056727138926,0.16787551931956055,0.4012130650416261,-0.1218913376511013,0.7910437069814925,59.07955941259869,83.91451068616423,144,28,-0.707304782925306,42.926952170746944,25.30933633295838,666,122,-1.6071549188860101,33.928450811139896,1.968503937007874,887,126,0.30052306934289097,53.00523069342891,61.64229471316085,347,61,-0.9325970842323116,40.674029157676884,18.222722159730033,729,121
"Leak, Anthony",1000264276.0,NEW_YOR13,Slider,274,112,36,75,82,17,60,66,7,1,20,21,15,30,5057.09892,0.1815909632091912,0.3214285714285714,0.2737226277372263,0.2073170731707317,0.2833333333333333,76.62271090909091,0.106060606060606,0.0151515151515151,0.303030303030303,0.3181818181818182,0.2272727272727272,0.4545454545454545,0.7364949010495264,-0.002396554408015159,0.038359199863340236,-0.0011253054871909493,0.37468735871994807,0.005440460448613646,0.709083766471971,0.030967815333130387,-0.8809196516751302,0.5188616748366517,-0.8486348760172225,0.20283816216100847,-0.22571183254879448,-0.011093962281605798,-0.14832991471173215,0.04506366639882721,0.7885559570014196,59.05100514492876,83.80202474690664,145,47,-0.5197932484227388,44.80206751577261,33.07086614173229,595,133,0.709083766471971,57.09083766471971,77.27784026996626,203,78,-0.36829525894352344,46.31704741056477,34.4206974128234,581,127,-0.31797619102322056,46.82023808976779,38.02024746906636,550,122
"Zaffiro, Cole",10994263.0,SCH_BOO,Four-Seam,335,139,39,98,98,20,79,92,6,1,30,23,12,57,7059.89251,0.1975733823087933,0.2805755395683453,0.2925373134328358,0.2040816326530612,0.2531645569620253,76.73796206521739,0.0652173913043478,0.0108695652173913,0.3260869565217391,0.25,0.1304347826086956,0.6195652173913043,0.3655913063250711,-0.0011896341107817813,0.34207222907326523,-0.01003503091209331,0.3369429751342511,0.004892411998949326,0.46245522439736814,0.020196807015106257,-0.8466816590200512,0.49869549716281014,-1.3615270681424907,0.32542811524621373,-0.3778307491202585,-0.018570759150009827,0.1055350487612865,-0.032062286559020166,0.7873551206911743,59.0372220068702,83.68953880764904,146,24,-1.051075929513345,39.489240704866546,14.848143982002249,769,199,0.46245522439736814,54.62455224397368,71.59730033745781,254,42,0.9065918519548374,59.065918519548376,84.92688413948257,137,27,-1.672718982809407,33.27281017190593,4.499437570303712,850,253
"Smith, Jackson",1000333915.0,MIS_MUD,Slider,129,61,14,33,75,17,46,41,5,0,12,15,8,18,3143.325,0.2161490656619453,0.2295081967213114,0.2558139534883721,0.2266666666666666,0.3695652173913043,76.66646341463414,0.1219512195121951,0.0,0.2926829268292683,0.3658536585365853,0.1951219512195122,0.4390243902439024,-0.09804774743710046,0.0003190473701603249,-0.25072868569844275,0.007355376723649517,0.6004181286565609,0.008718071228093264,1.4140259750591826,0.06175475640875968,-0.8679219689292293,0.5112060396993161,-0.6490871269960218,0.15514285783320814,-0.7639787681093636,-0.03755032043134333,-0.2622595568557207,0.07967628918966595,0.7866221180215096,59.028808639530226,83.57705286839146,147,48,-0.14832730879841288,48.51672691201587,48.31271091113611,461,102,1.4140259750591826,64.14025975059182,89.87626546681665,91,36,0.05497487692964972,50.5497487692965,50.843644544431946,439,103,-0.19055478633353126,48.094452136664685,43.25084364454443,506,115
"Langhorne, Miles",695680.0,SUS_COU1,Four-Seam,70,30,3,9,10,1,15,21,2,0,7,9,7,5,1596.26028,0.2449781679852707,0.1,0.1285714285714285,0.1,0.0666666666666666,76.01239428571428,0.0952380952380952,0.0,0.3333333333333333,0.4285714285714285,0.3333333333333333,0.238095238095238,-1.2738492368972383,0.0041451054168636136,-2.30472062115035,0.06761128414206667,-0.8772648106763955,-0.012737885051021263,-1.062157581154721,-0.046387608041770126,-1.0622281675351413,0.6256523906781982,-0.984539489137973,0.2353216750752909,-0.7639787681093636,-0.03755032043134333,0.1853211801385213,-0.05630187177434374,0.7797527700139409,58.94996261267978,83.46456692913385,148,25,0.3403787114382422,53.403787114382425,66.31046119235096,299,24,-1.062157581154721,39.37842418845279,12.429696287964004,781,235,-1.764600189927443,32.35399810072557,4.611923509561304,848,263,1.458988976418027,64.58988976418027,92.2384701912261,70,3
"Scott, Brandon",1000138331.0,LAK_ERI24,Slider,148,65,14,37,48,8,36,41,6,0,10,17,7,17,3153.43628,0.1936090999447499,0.2153846153846154,0.25,0.1666666666666666,0.2222222222222222,76.91308,0.1463414634146341,0.0,0.2439024390243902,0.4146341463414634,0.1707317073170731,0.4146341463414634,-0.226275368488254,0.0007363000490607785,-0.3445794921485953,0.010108583981671191,-0.09953694786957673,-0.0014452764830662542,0.2095028735516221,0.009149618996619991,-0.7946588701268985,0.4680540745047432,-0.3428045354751102,0.08193611165565441,-0.7639787681093636,-0.03755032043134333,-0.7993564412488113,0.24285008234647762,0.7738391746198177,58.88208666568831,83.35208098987627,149,49,0.23177737360787484,52.31777373607875,62.20472440944882,337,71,0.2095028735516221,52.09502873551622,63.10461192350956,335,124,0.3760763593161966,53.76076359316197,65.41057367829022,309,80,0.009678849607409036,50.09678849607409,51.631046119235094,431,92
"Hensey, Rob",802996.0,SUS_COU1,Slider,108,50,18,30,39,6,31,30,2,0,9,14,6,10,2311.57176,0.210305430246596,0.36,0.2777777777777778,0.1538461538461538,0.1935483870967742,77.052392,0.0666666666666666,0.0,0.3,0.4666666666666667,0.2,0.3333333333333333,1.0866838799176728,-0.003536069345252107,0.1038188053354662,-0.0030456284733212362,-0.24909999840934954,-0.0036169319769037553,-0.024904583537104612,-0.0010876578768159696,-0.7532730533327469,0.44367782841298786,-1.3433276677767558,0.32107814916899685,-0.7639787681093636,-0.03755032043134333,-0.1816950241967571,0.05520022021614418,0.7711195896944925,58.85087140831483,83.23959505061868,150,50,0.6372223681745817,56.372223681745815,74.63442069741284,227,50,-0.024904583537104612,49.75095416462895,56.524184476940384,387,138,-0.009245419547659513,49.9075458045234,48.59392575928009,455,109,0.6771243027438776,56.77124302743878,74.29696287964005,231,42
"Ronne, Andrew",701809.0,GAT_GRI,Slider,142,44,21,60,42,10,25,21,1,0,7,7,2,12,1613.63932,0.2049691278700104,0.4772727272727273,0.4225352112676056,0.238095238095238,0.4,76.83996761904761,0.0476190476190476,0.0,0.3333333333333333,0.3333333333333333,0.0952380952380952,0.5714285714285714,2.15139986617335,-0.007000655164528081,2.440542327435504,-0.07159574971764794,0.7337429051377297,0.010653946982599834,1.6628291075017283,0.07262073561192298,-0.8163785755613145,0.48084698100561424,-1.5825197868692769,0.378249131898134,-0.7639787681093636,-0.03755032043134333,0.1853211801385213,-0.05630187177434374,0.769922198410408,58.83712781209123,83.12710911136108,151,51,-0.40173043040260414,45.98269569597396,38.02024746906636,559,125,1.6628291075017283,66.62829107501729,92.68841394825647,68,25,1.3699619000364571,63.69961900036457,92.51968503937007,69,19,-1.2775373814414945,37.22462618558505,10.742407199100112,797,167
"MacMillan, Blake",832350.0,TRO_AIG,Four-Seam,148,79,29,50,49,13,33,48,6,0,14,9,11,28,3676.13689,0.2001568053248319,0.3670886075949367,0.3378378378378378,0.2653061224489796,0.3939393939393939,76.58618520833333,0.125,0.0,0.2916666666666667,0.1875,0.2291666666666666,0.5833333333333334,1.151041160609803,-0.003745487936624299,1.0733286377334352,-0.031487168916548056,1.0511828491405144,0.015263174969520269,1.6132838949807016,0.07045694754549217,-0.8917704467238778,0.525252793120364,-0.6108018030559076,0.14599201456101388,-0.7639787681093636,-0.03755032043134333,-0.2734490752805764,0.08307574321376607,0.7672576961256407,58.80654479046292,83.01462317210348,152,26,-1.5380850538464006,34.619149461536,4.21822272215973,853,251,1.6132838949807016,66.13283894980702,92.2947131608549,70,6,-0.3932292755682363,46.06770724431764,33.29583802024747,593,176,-1.3752704656507637,36.24729534349236,8.661417322834646,813,230
"Langhorne, Miles",695680.0,SUS_COU1,Slider,61,30,13,21,21,5,19,14,2,0,2,10,2,2,1103.33,0.2229549231299246,0.4333333333333333,0.3442622950819672,0.238095238095238,0.2631578947368421,78.8092857142857,0.1428571428571428,0.0,0.1428571428571428,0.7142857142857143,0.1428571428571428,0.1428571428571428,1.7524752718398269,-0.0057025545345667965,1.1770344025923996,-0.03452948123445063,0.7337429051377297,0.010653946982599834,0.5441503616322385,0.023764678743564752,-0.23134758111051978,0.13626372527409614,-0.3865591914066694,0.0923942182524479,-0.7639787681093636,-0.03755032043134333,-1.9119142732059276,0.5808529395998733,0.7661471526522211,58.793798028990466,82.9021372328459,153,52,2.5667061369607835,75.66706136960784,98.87514060742407,12,3,0.5441503616322385,55.441503616322386,73.5095613048369,235,90,0.7430494820436775,57.43049482043678,79.6400449943757,185,51,2.2408536500921756,72.40853650092176,98.4814398200225,15,3
"Long, Maddox",1000248716.0,WAS_WIL3,Slider,226,78,28,66,58,8,43,45,9,1,6,27,3,15,3517.53638,0.1964716486837541,0.358974358974359,0.2920353982300885,0.1379310344827586,0.1860465116279069,78.16747511111112,0.2,0.0222222222222222,0.1333333333333333,0.6,0.0666666666666666,0.3333333333333333,1.0773721121984818,-0.0035057688530938597,0.3339701438671082,-0.009797348140485487,-0.43476447494148135,-0.006312780176150309,-0.08623211591496983,-0.003766015198354477,-0.4220121041919974,0.24856512936908645,0.33101716587089636,-0.07911872993496404,0.025479404046139627,0.001252338188271809,-2.0167760458731494,0.6127106801685839,0.760027505422894,58.72355702952048,82.7896512935883,154,53,1.676175166751767,66.76175166751767,94.03824521934759,57,11,-0.08623211591496983,49.1376788408503,53.712035995500564,412,143,1.7461093508321255,67.46109350832126,95.95050618672666,36,9,0.6771243027438776,56.77124302743878,74.29696287964005,232,43
"Brothers, Kellen",1000131959.0,SUS_COU1,Changeup,177,103,54,67,80,22,51,36,4,0,8,16,7,13,2813.85361,0.217806884313571,0.5242718446601942,0.3785310734463277,0.275,0.4313725490196078,78.16260027777778,0.1111111111111111,0.0,0.2222222222222222,0.4444444444444444,0.1944444444444444,0.3611111111111111,2.578103608689454,-0.008389149142675483,1.730212630108163,-0.05075751771685307,1.1642708291915063,0.01690521243986067,1.9192984429046878,0.08382152089697642,-0.4234602849605982,0.2494181078417923,-0.785212723227538,0.18767918946767645,-0.7639787681093636,-0.03755032043134333,-1.0380661676457401,0.31537176819394935,0.7564988115493834,58.683054860815204,82.67716535433071,155,29,0.46406356841171714,54.64063568411717,69.46006749156356,270,61,1.9192984429046878,69.19298442904687,94.82564679415073,47,5,0.063894362551499,50.63894362551499,51.293588301462314,434,75,0.4490804395889174,54.49080439588917,67.32283464566929,292,63
"Lefebvre, Charles",1000429097.0,TRO_AIG,Curveball,99,40,13,27,58,11,26,24,1,0,9,10,5,9,1840.13815,0.2460416681761815,0.325,0.2727272727272727,0.1896551724137931,0.4230769230769231,76.67242291666666,0.0416666666666666,0.0,0.375,0.4166666666666667,0.2083333333333333,0.375,0.768919806500281,-0.0025020650503519144,0.022291842156545432,-0.0006539534815044168,0.1686450737879479,0.0024487264714010038,1.8514820321010206,0.08085977478794787,-0.8661515625083722,0.5101632703174312,-1.6572673240856903,0.39611506400098945,-0.7639787681093636,-0.03755032043134333,0.6440914355576196,-0.19567948676245372,0.7532010098521162,58.64520286075877,82.56467941507312,156,22,0.24761506870813713,52.47615068708137,62.93588301462317,331,60,1.8514820321010206,68.5148203210102,94.31946006749156,52,18,-0.11895509269639526,48.81044907303605,44.20697412823397,497,54,0.3350585080114373,53.35058508011437,63.77952755905512,323,64
"Foster, Kobe",816330.0,WAS_WIL3,Four-Seam,442,228,54,119,145,25,110,159,18,3,46,14,35,110,12228.68508,0.1936036926995514,0.2368421052631578,0.2692307692307692,0.1724137931034483,0.2272727272727272,76.90996905660377,0.1132075471698113,0.0188679245283018,0.2893081761006289,0.0880503144654088,0.220125786163522,0.6918238993710691,-0.031463385942022824,0.00010238185785534227,-0.03414990158270692,0.0010018215128302903,-0.03249144245519484,-0.0004717757444494291,0.25079055065247696,0.010952775718645625,-0.795583047035227,0.4685984147037487,-0.7588865465978581,0.18138678570818026,-0.09368409363771231,-0.0046046668863871975,-0.29941720294580865,0.09096504217535728,0.7479307790457809,58.58471141976517,82.45219347581553,157,27,-2.313011522124785,26.869884778752148,0.22497187851518563,888,272,0.25079055065247696,52.50790550652477,64.79190101237346,315,59,-0.2742046301710227,47.257953698289775,37.79527559055118,554,157,-2.2659323462748526,27.340676537251476,0.7874015748031495,883,270
"Lovell, Justin",822485.0,WIN_CIT29,Sinker,136,59,16,34,22,3,31,37,6,1,12,14,9,14,2784.37527,0.1800931181067599,0.2711864406779661,0.25,0.1363636363636363,0.0967741935483871,75.25338567567567,0.1621621621621621,0.027027027027027,0.3243243243243243,0.3783783783783784,0.2432432432432432,0.3783783783783784,0.2803479260643394,-0.0009122521514133604,-0.3445794921485953,0.010108583981671191,-0.4530496127817675,-0.0065782803775912635,-0.8160297512115574,-0.035638467324662346,-1.2877090398235338,0.7584606244560613,-0.14413474638046517,0.03445065467561964,0.19617306289057285,0.009642102214134547,0.08612761139925665,-0.026166171236373964,0.7433667942374458,58.532326234395825,82.33970753655792,158,12,-0.05073286331571681,49.492671366842835,52.08098987626547,428,89,-0.8160297512115574,41.83970248788442,23.228346456692915,683,74,-0.5785496694005617,44.214503305994384,24.803149606299215,670,109,0.3073234435736717,53.073234435736715,62.879640044994375,331,71
"Brito, Richard",695870.0,NEW_ENG23,Slider,73,26,10,25,27,4,14,10,0,0,3,4,0,6,783.63764,0.1963601127499954,0.3846153846153846,0.3424657534246575,0.1481481481481481,0.2857142857142857,78.363764,0.0,0.0,0.3,0.4,0.0,0.6,1.310166305178256,-0.004263281157050045,1.1480340186545126,-0.03367872597124878,-0.3155724653159152,-0.004582112196387089,0.7285479571052313,0.03181787493065676,-0.36369999903032557,0.21421929942886175,-2.1805000846005806,0.521176588720977,-0.7639787681093636,-0.03755032043134333,-0.1816950241967571,0.05520022021614418,0.7423395435406106,58.52053550317424,82.22722159730034,159,54,0.11774596888598897,51.17745968885989,58.21147356580427,366,83,0.7285479571052313,57.28547957105231,78.45894263217097,186,70,2.6237867360220166,76.23786736022016,99.15635545556806,4,1,-1.5120967835437393,34.8790321645626,6.130483689538808,833,176
"Shinn, Nathan",1000490914.0,LAK_ERI24,Slider,138,77,33,49,44,19,46,34,5,1,11,14,6,14,2590.30838,0.2171349262352244,0.4285714285714285,0.3550724637681159,0.4318181818181818,0.4130434782608695,76.1855405882353,0.1470588235294117,0.0294117647058823,0.3235294117647059,0.4117647058823529,0.1764705882352941,0.4117647058823529,1.7092420645721542,-0.0055618736781177895,1.3515358070302448,-0.03964865443503926,2.9936988701120932,0.043468507594027594,1.7694590214056756,0.07727758384185006,-1.010791097112497,0.5953559561992606,-0.3337962239597898,0.07978297206219709,0.28089234209644875,0.013806139506382552,0.0773752376869692,-0.02350713883596505,0.7409734922545959,58.50485603603157,82.11473565804275,160,55,0.20941827464279913,52.09418274642799,61.24859392575927,347,73,1.7694590214056756,67.69459021405676,93.8132733408324,56,20,0.30052306934289097,53.00523069342891,61.64229471316085,343,85,0.03323574795340204,50.33235747953402,52.30596175478065,426,91
"Plumadore, Carson",1000207816.0,WIN_CIT29,Sinker,138,61,10,33,60,11,29,42,4,0,16,5,12,25,3182.25072,0.1873144838095145,0.1639344262295081,0.2391304347826087,0.1833333333333333,0.3793103448275862,75.76787428571429,0.0952380952380952,0.0,0.3809523809523809,0.119047619047619,0.2857142857142857,0.5952380952380952,-0.6933902737460316,0.002256291950769587,-0.5200396955119235,0.015255884507537789,0.09489501783212845,0.001377875658922505,1.4936920026885692,0.06523401083341787,-1.1348684276886487,0.668437503908614,-0.984539489137973,0.2353216750752909,-0.7639787681093636,-0.03755032043134333,0.7096300434746328,-0.21559057461789774,0.7347423468853116,58.43333526658529,82.00224971878515,161,13,-2.07147599954451,29.2852400045549,0.44994375703037126,886,146,1.4936920026885692,64.93692002688569,90.6636670416198,84,2,-1.1376877719346632,38.62312228065337,11.586051743532058,787,132,-1.473003549860032,35.269964501399684,7.03037120359955,828,141
"Culley, Wesley",1000189068.0,LAK_ERI24,Four-Seam,61,31,8,12,21,1,15,23,1,1,9,7,4,12,1753.39638,0.1888005252354775,0.2580645161290322,0.1967213114754098,0.0476190476190476,0.0666666666666666,76.2346252173913,0.0434782608695652,0.0434782608695652,0.391304347826087,0.3043478260869565,0.1739130434782608,0.5217391304347826,0.16121432047162768,-0.0005245913988146764,-1.2046221283065495,0.035338794756000935,-1.488336702881754,-0.02161064892584307,-1.062157581154721,-0.046387608041770126,-0.9962093850585533,0.5867673277994878,-1.6345180736285203,0.390677606404468,0.7806133078470568,0.03836792469399069,0.8236102311563973,-0.2502185534969316,0.7324102517905879,58.40656759776814,81.88976377952756,162,28,-0.6275897344411229,43.72410265558877,28.45894263217098,635,129,-1.062157581154721,39.37842418845279,12.429696287964004,774,234,0.33419355726577743,53.341935572657775,64.1732283464567,317,68,-0.8696079864810692,41.30392013518931,19.910011248593925,711,168
"Good, Ty",688612.0,GAT_GRI,Cutter,58,28,2,6,7,1,18,23,3,0,3,7,2,14,1832.21286,0.2062158558218871,0.0714285714285714,0.1034482758620689,0.1428571428571428,0.0555555555555555,79.66142869565218,0.1304347826086956,0.0,0.1304347826086956,0.3043478260869565,0.0869565217391304,0.6086956521739131,-1.533248480503273,0.0049891905555576495,-2.7102670616334716,0.07950839452007953,-0.3772968988720123,-0.005478350971621618,-1.1529904707766025,-0.05035455283022656,0.021800986918464656,-0.012840781294975682,-0.5425540516844007,0.12967964177145042,-0.7639787681093636,-0.03755032043134333,-2.048690498424044,0.6224065142547135,0.7303597355736339,58.3830318769805,81.77727784026997,163,8,-0.6275897344411229,43.72410265558877,28.45894263217098,636,30,-1.1529904707766025,38.47009529223398,8.267716535433072,815,36,1.478990146643897,64.78990146643898,94.26321709786278,52,6,-1.5834844276618143,34.16515572338186,5.230596175478065,844,37
"Cohn, Cooper",1000301881.0,NIU_HUS,Slider,63,17,3,25,23,2,8,12,2,1,1,4,0,8,964.24494,0.1876470442964818,0.1764705882352941,0.3968253968253968,0.0869565217391304,0.25,80.353745,0.1666666666666666,0.0833333333333333,0.0833333333333333,0.3333333333333333,0.0,0.6666666666666666,-0.5795747907752058,0.0018859363691825196,2.025525794552871,-0.05942082470900303,-1.0294289577472955,-0.014947308466490731,0.43658509760632624,0.019066980967761084,0.22746938400803682,-0.13397946718073367,-0.08756904254101738,0.020930489841026353,2.1964893774737755,0.10795964939221354,-2.5673003523760674,0.7799638181543159,0.721459274368272,58.280872836208935,81.66479190101236,164,56,-0.40173043040260414,45.98269569597396,38.02024746906636,544,122,0.43658509760632624,54.365850976063264,70.3599550056243,260,95,2.6237867360220166,76.23786736022016,99.15635545556806,5,2,-2.0594020551156436,29.405979448843564,1.7435320584926886,872,183
"Odonnell, Brendan",1000423478.0,NEW_ENG23,Slider,235,128,69,112,84,32,68,46,6,0,11,22,8,16,3571.21585,0.2143363573491744,0.5390625,0.4765957446808511,0.3809523809523809,0.4705882352941176,77.63512717391305,0.1304347826086956,0.0,0.2391304347826087,0.4782608695652174,0.1739130434782608,0.3478260869565217,2.7123875769548653,-0.008826109175411132,3.3132057686043646,-0.09719620442777764,2.4003026111523433,0.03485239391393202,2.2398851121583876,0.09782250250329326,-0.580158238047108,0.3417132022097466,-0.5425540516844007,0.12967964177145042,-0.7639787681093636,-0.03755032043134333,-0.8518985277655262,0.2588127360248612,0.7193078423887515,58.25617880943416,81.55230596175478,165,57,0.7275660897899892,57.27566089789989,77.50281214848144,201,41,2.2398851121583876,72.39885112158387,97.63779527559055,22,6,0.33419355726577743,53.341935572657775,64.1732283464567,321,81,0.5581448958804205,55.5814489588042,71.03487064116986,260,50
"Rohde, Isaac",1000135938.0,NEW_YOR13,Changeup,801,395,101,256,209,44,225,233,27,2,73,106,36,91,17779.28858,0.2165214952069491,0.2556962025316455,0.3196004993757803,0.2105263157894736,0.1955555555555555,76.30595957081545,0.1158798283261802,0.0085836909871244,0.3133047210300429,0.4549356223175965,0.1545064377682403,0.3905579399141631,0.13971246401918777,-0.000454624357918437,0.7789353431204572,-0.022850847225781734,0.41212611976648844,0.0059840712590094125,-0.008496061540894067,-0.00037104849567546656,-0.9750178833792937,0.574285533310404,-0.7253291454862063,0.17336599636667657,-0.45903784324243296,-0.02256216903320882,-0.03520357783117368,0.010695093370155381,0.7180920051936609,58.24222349198274,81.43982002249719,166,30,0.545812357999335,55.45812357999335,71.8785151856018,251,58,-0.008496061540894067,49.91503938459106,57.03037120359955,383,51,0.5896846415905078,55.89684641590508,73.90326209223848,233,50,0.20733437006413125,52.07334370064131,58.94263217097863,366,75
"Kelly, Colin",1000456530.0,SUS_COU1,Four-Seam,82,39,6,16,22,2,25,30,3,0,6,11,4,15,2359.85822,0.2133645350449804,0.1538461538461538,0.1951219512195122,0.0909090909090909,0.08,78.66194066666667,0.1,0.0,0.2,0.3666666666666666,0.1333333333333333,0.5,-0.7849814316397128,0.0025543295785556254,-1.2304395432756432,0.03609617444153427,-0.983318610150053,-0.01427778621937877,-0.9531581136084625,-0.04162727429562238,-0.2751197984807894,0.16204556130518494,-0.9247414593648421,0.22102892939300647,-0.7639787681093636,-0.03755032043134333,-1.2827436372025922,0.38970649618760794,0.7179761099595448,58.24089325238345,81.3273340832396,167,29,-0.14199223075830822,48.58007769241692,48.762654668166476,457,58,-0.9531581136084625,40.468418863915375,16.479190101237347,743,223,0.868431965642233,58.68431965642233,84.08323959505061,142,29,-0.6911388761858831,43.08861123814117,24.634420697412825,675,147
"Marklund, Brandon",647282.0,OTT_TIT,Slider,124,36,13,37,42,6,24,19,2,0,5,5,3,11,1471.52844,0.2435785105039196,0.3611111111111111,0.2983870967741935,0.1428571428571428,0.25,77.4488652631579,0.1052631578947368,0.0,0.2631578947368421,0.2631578947368421,0.1578947368421052,0.5789473684210527,1.0967716282801296,-0.0035688948784235418,0.4365014131462205,-0.012805205456057525,-0.3772968988720123,-0.005478350971621618,0.43658509760632624,0.019066980967761084,-0.6354915999559243,0.37430455237403937,-0.8586489001419092,0.20523168416521873,-0.7639787681093636,-0.03755032043134333,-0.587344513198907,0.17843937452142034,0.7176398202909935,58.23703333668157,81.214848143982,168,58,-0.9485476928116491,40.51452307188351,18.447694038245217,727,155,0.43658509760632624,54.365850976063264,70.3599550056243,264,98,0.5450771395196417,55.45077139519642,72.44094488188976,247,64,-1.3392635398894541,36.60736460110546,9.786276715410573,803,168
"Williams, Brian",1000079778.0,MIS_MUD,Splitter,101,44,23,32,58,16,31,15,2,1,4,4,2,9,1172.55448,0.1853371303576426,0.5227272727272727,0.3168316831683168,0.2758620689655172,0.5161290322580645,78.17029866666667,0.1333333333333333,0.0666666666666666,0.2666666666666666,0.2666666666666666,0.1333333333333333,0.6,2.564080481001131,-0.008343517885177681,0.7342401740754325,-0.021539669746676888,1.1743276550036623,0.017051237550653176,2.612179308711071,0.1140817069493386,-0.42117330241662887,0.24807107512339438,-0.5061552509529298,0.12097970961701643,1.604395748357146,0.07885765542750209,-0.5487112285320361,0.16670231220663229,0.7158605092426824,58.21661049501802,81.10236220472441,169,8,-0.9212068296911973,40.78793170308803,19.23509561304837,720,14,2.612179308711071,76.12179308711072,98.4251968503937,15,4,0.868431965642233,58.68431965642233,84.08323959505061,146,4,-1.5120967835437393,34.8790321645626,6.130483689538808,839,16
"Hungate, Chase",801835.0,NEW_JER6,Sinker,83,43,8,28,21,5,18,29,4,1,9,15,4,10,2217.18225,0.2101104560110147,0.1860465116279069,0.3373493975903614,0.238095238095238,0.2777777777777778,76.45456034482758,0.1379310344827586,0.0344827586206896,0.3103448275862069,0.5172413793103449,0.1379310344827586,0.3448275862068966,-0.4926352358046478,0.001603035057308324,1.0654440698193561,-0.03125586723222063,0.7337429051377297,0.010653946982599834,0.6636673216610304,0.028984342938902178,-0.9308726237553181,0.5482839753918823,-0.448419222206459,0.10717981723412122,0.4610425335112442,0.022660701564611162,-0.06779344354098078,0.02059612270185475,0.7087060746390591,58.134492258726084,80.98987626546682,170,14,1.0313079124624798,60.3130791246248,84.64566929133859,138,26,0.6636673216610304,56.636673216610305,76.32170978627671,212,8,0.8079024908015509,58.07902490801551,81.66479190101236,164,20,0.5827613248866524,55.82761324886653,72.27221597300337,247,53
"Vail, Tyler",592821.0,NEW_YOR13,Curveball,186,26,9,15,13,5,16,23,1,0,5,14,4,5,1849.30204,0.2201081319332101,0.3461538461538461,0.0806451612903225,0.3846153846153846,0.3125,80.40443652173913,0.0434782608695652,0.0,0.217391304347826,0.6086956521739131,0.1739130434782608,0.217391304347826,0.9609750157085942,-0.0031270127011157655,-3.078362660680454,0.09030684701372181,2.443034911306565,0.03547286691217132,0.9475201017294104,0.04138104540282853,0.24252846026645053,-0.14284926309693935,-1.6345180736285203,0.390677606404468,-0.7639787681093636,-0.03755032043134333,-1.0912569218972306,0.3315314916708319,0.7058432611746231,58.101633031469575,80.87739032620922,171,23,1.743932957963323,67.43932957963324,94.71316085489315,48,12,0.9475201017294104,59.475201017294104,83.63329583802025,147,41,0.33419355726577743,53.341935572657775,64.1732283464567,323,37,1.6289595576515377,66.28959557651538,95.3318335208099,44,14
"Allemann, Braeden",1000367619.0,QUE_CAP,Slider,79,30,12,23,22,5,14,16,2,0,3,9,2,5,1263.49113,0.2258713258194498,0.4,0.2911392405063291,0.2272727272727272,0.3571428571428571,78.96819562499999,0.125,0.0,0.1875,0.5625,0.125,0.3125,1.449842820966121,-0.004717788539423757,0.3195040623531157,-0.009372971173191002,0.6074883819548048,0.008820731305983766,1.3124736761030416,0.05731966285644813,-0.1841397565756898,0.10845831662308128,-0.6108018030559076,0.14599201456101388,-0.7639787681093636,-0.03755032043134333,-1.4203747138283218,0.43151978068404095,0.70046942588661,58.0399524235077,80.76490438695163,172,59,1.3839696921519338,63.839696921519334,90.38245219347581,87,18,1.3124736761030416,63.12473676103042,88.80764904386952,98,39,0.9781416387909692,59.781416387909694,86.22047244094489,119,31,0.8481572001100975,58.48157200110097,79.41507311586051,181,28
"Gollert, Harley",1000114236.0,TRO_AIG,Curveball,86,34,11,29,7,2,20,21,1,0,5,12,4,5,1654.32178,0.2239599001470183,0.3235294117647059,0.3372093023255814,0.2857142857142857,0.1,78.77722761904762,0.0476190476190476,0.0,0.238095238095238,0.5714285714285714,0.1904761904761904,0.238095238095238,0.7555683748440882,-0.002458619491742663,1.06318260460369,-0.03118952488865385,1.2892628071426018,0.018720095959710577,-0.7896589122890756,-0.034486773676400795,-0.24087117172936684,0.14187312014859707,-1.5825197868692769,0.378249131898134,-0.7639787681093636,-0.03755032043134333,-0.8632965465337038,0.2622755339127649,0.6954326434310659,57.98214049080432,80.65241844769405,173,24,1.4535424241995127,64.53542424199513,91.11361079865017,80,20,-0.7896589122890756,42.10341087710924,24.521934758155233,670,88,0.1161370640508975,51.16137064050898,53.374578177727784,416,43,1.458988976418027,64.58988976418027,92.2384701912261,69,22
"Boies, Emiles",1000429129.0,QUE_CAP,Curveball,91,36,12,28,23,2,17,22,5,1,5,12,3,7,1678.13276,0.1872340564526745,0.3333333333333333,0.3076923076923077,0.0869565217391304,0.1176470588235294,76.27876181818182,0.2272727272727272,0.0454545454545454,0.2272727272727272,0.5454545454545454,0.1363636363636363,0.3181818181818182,0.8445779192187074,-0.002748256549137674,0.5867092795490707,-0.017211703424851538,-1.0294289577472955,-0.014947308466490731,-0.6453949111249109,-0.02818633195355823,-0.9830975980320721,0.5790444852408905,0.6734967909351878,-0.1609771824789558,0.8508220385723473,0.04181875401786944,-0.9824576518373652,0.2984775118317544,0.6952699682175203,57.98027331298177,80.53993250843644,174,25,1.2511490218792818,62.511490218792815,88.63892013498312,102,25,-0.6453949111249109,43.54605088875089,30.25871766029246,619,83,0.8285375390426929,58.28537539042693,82.7896512935883,151,19,0.8015118644647649,58.01511864464765,77.39032620922384,201,49
"McMahon, Chris",675657.0,LAK_ERI24,Four-Seam,69,31,7,20,24,5,14,21,2,0,9,4,5,12,1573.83213,0.2324011224200605,0.2258064516129032,0.2898550724637681,0.2083333333333333,0.3571428571428571,74.94438714285714,0.0952380952380952,0.0,0.4285714285714285,0.1904761904761904,0.238095238095238,0.5714285714285714,-0.13165579327712035,0.0004284079513237496,0.2987745868502754,-0.00876485127983968,0.38654296638468577,0.005612603871905637,1.3124736761030416,0.05731966285644813,-1.3795041232972416,0.8125279286220752,-0.984539489137973,0.2353216750752909,-0.7639787681093636,-0.03755032043134333,1.233938906810745,-0.374879277461452,0.6900158292044085,57.919966572771884,80.42744656917885,175,30,-1.5148941431638747,34.85105856836125,4.611923509561304,849,247,1.3124736761030416,63.12473676103042,88.80764904386952,101,12,-0.5107753539418821,44.89224646058118,27.221597300337457,650,194,-1.2775373814414945,37.22462618558505,10.742407199100112,794,216
"Morgan, Marcus",808861.0,JOL_SLA,Sinker,96,36,10,24,26,8,23,23,3,0,6,10,4,9,1787.86817,0.2262969725906531,0.2777777777777778,0.25,0.3076923076923077,0.3478260869565217,77.73339869565217,0.1304347826086956,0.0,0.2608695652173913,0.4347826086956521,0.1739130434782608,0.391304347826087,0.3401905010958634,-0.0011069798905659395,-0.3445794921485953,0.010108583981671191,1.5456566080679273,0.022442933949146305,1.2363094518859357,0.053993342692214466,-0.5509644342486006,0.32451805177242576,-0.5425540516844007,0.12967964177145042,-0.7639787681093636,-0.03755032043134333,-0.6125401336338231,0.18609398037889088,0.6881792342238898,57.89888622904962,80.31496062992126,176,15,0.38877713373221057,53.88777133732211,67.37907761529809,292,60,1.2363094518859357,62.363094518859356,87.4578177727784,112,4,0.33419355726577743,53.341935572657775,64.1732283464567,320,52,0.20120667529004754,52.01206675290047,58.60517435320585,369,81
"Andueza, Axel",672847.0,DOW_EAS1,Changeup,104,39,16,26,37,9,32,21,2,0,7,8,5,8,1611.38754,0.2264572885143237,0.4102564102564102,0.25,0.2432432432432432,0.28125,76.73273999999999,0.0952380952380952,0.0,0.3333333333333333,0.3809523809523809,0.238095238095238,0.3809523809523809,1.5429604981580298,-0.005020793461006229,-0.3445794921485953,0.010108583981671191,0.7937991107598785,0.011525963088233436,0.6920525996678683,0.030224013185294808,-0.8482329929638195,0.49960923285568964,-0.984539489137973,0.2353216750752909,-0.7639787681093636,-0.03755032043134333,0.1853211801385213,-0.05630187177434374,0.6879164825194867,57.89587037835789,80.20247469066368,177,31,-0.03067585948218117,49.693241405178185,52.98087739032621,417,90,0.6920525996678683,56.920525996678684,77.10911136107987,204,22,-0.5107753539418821,44.89224646058118,27.221597300337457,645,102,0.2861919659068036,52.861919659068036,62.09223847019123,336,72
"Brouwer, Adam",840585.0,LAK_ERI24,Four-Seam,50,36,5,10,19,0,12,29,2,0,11,7,7,15,2196.27081,0.2051557556820702,0.1388888888888889,0.2,0.0,0.0,75.73347620689655,0.0689655172413793,0.0,0.3793103448275862,0.2413793103448276,0.2413793103448276,0.5172413793103449,-0.9207780442112473,0.0029962117558633987,-1.1516964276199055,0.03378616640065755,-2.043856604886625,-0.029676797902953796,-1.6071549188860101,-0.07018927677250872,-1.1450871639642126,0.6744563395749212,-1.3144596534035198,0.3141782029775491,-0.7639787681093636,-0.03755032043134333,0.691550427497526,-0.2100978607267409,0.6779026648754447,57.78093228904175,80.08998875140607,178,31,-1.1182496018351458,38.81750398164854,12.429696287964004,779,206,-1.6071549188860101,33.928450811139896,1.968503937007874,861,261,-0.5540106931137994,44.45989306886201,25.590551181102363,662,200,-0.8326833429717208,41.67316657028279,21.147356580427445,702,161
"Garcia, Andrew",1000190083.0,EVA_OTT,Slider,227,79,29,78,58,14,40,40,5,1,13,9,7,24,3063.8031,0.194889077243298,0.3670886075949367,0.3436123348017621,0.2413793103448276,0.35,76.5950775,0.125,0.025,0.325,0.225,0.175,0.6,1.151041160609803,-0.003745487936624299,1.1665425236016553,-0.03422169147237816,0.7720546225173772,0.011210233118952317,1.2540811042032607,0.054769484063869,-0.8891287880455379,0.5236968561588218,-0.6108018030559076,0.14599201456101388,0.12416167556557851,0.0061026705157237494,0.09356712905470202,-0.028426348776721858,0.6753777302326563,57.751951217705496,79.97750281214849,179,60,-1.2458795792465671,37.54120420753433,9.336332958380202,807,173,1.2540811042032607,62.54081104203261,88.02024746906638,107,42,0.31988359989855025,53.1988359989855,62.93588301462317,329,82,-1.5120967835437393,34.8790321645626,6.130483689538808,835,177
"Riedel, Caleb",1000120428.0,SCH_BOO,Four-Seam,239,121,39,91,86,23,66,75,11,4,29,19,22,34,5646.17331,0.2402550390183107,0.3223140495867768,0.3807531380753138,0.2674418604651162,0.3484848484848485,75.2823108,0.1466666666666666,0.0533333333333333,0.3866666666666666,0.2533333333333333,0.2933333333333333,0.4533333333333333,0.7445341338059114,-0.0024227140714044356,1.7660819499834923,-0.051809780084715734,1.0760981935825924,0.015624945770819241,1.2416948010730045,0.05422853704726132,-1.2791161698910456,0.7533994240658258,-0.33872076758816494,0.08096002170662042,1.130720845063845,0.05557606025573305,0.7725471070749663,-0.2347052189591243,0.6708512757310153,57.699996803286474,79.86501687289089,180,32,-1.0251021095489157,39.74897890451084,16.197975253093365,746,186,1.2416948010730045,62.416948010730046,87.73903262092239,110,13,-1.2379937588135075,37.62006241186492,10.011248593925758,801,250,-0.30802518608554996,46.9197481391445,38.47019122609674,548,96
"Boies, Emiles",1000429129.0,QUE_CAP,Changeup,223,110,25,46,74,11,61,73,13,1,14,23,10,40,5702.04061,0.2006582990350358,0.2272727272727272,0.2062780269058296,0.1486486486486486,0.180327868852459,78.11014534246576,0.1780821917808219,0.0136986301369863,0.1917808219178082,0.3150684931506849,0.136986301369863,0.547945205479452,-0.11834351537945025,0.00038508979904473107,-1.050354390879113,0.030813196410829663,-0.30973366754709536,-0.004497332852783824,-0.13298179223580048,-0.0058077138123141135,-0.43904322356439823,0.25859645867943054,0.05578239869593974,-0.013332941589107429,-0.2773264702052858,-0.013630873337060001,-1.3732407834770448,0.41720016270581056,0.6697260460038501,57.6870814737409,79.7525309336333,181,32,-0.5440527315775611,44.55947268422439,32.05849268841395,605,117,-0.13298179223580048,48.670182077641996,51.912260967379076,428,57,0.8203400541249783,58.203400541249785,82.22722159730034,159,31,-1.0847488317684169,39.15251168231583,14.735658042744657,759,124
"Flontek, Zac",1000563032.0,DOW_EAS1,Cutter,57,27,6,17,19,4,19,17,2,0,3,8,1,8,1346.02663,0.2195656673085877,0.2222222222222222,0.2982456140350877,0.2105263157894736,0.2105263157894736,79.17803705882353,0.1176470588235294,0.0,0.1764705882352941,0.4705882352941176,0.0588235294117647,0.4705882352941176,-0.16419691702698108,0.0005342967680057964,0.4342175508500372,-0.012738206071736691,0.41212611976648844,0.0059840712590094125,0.11388930552858813,0.004973887640350029,-0.12180155788467298,0.07174111759407238,-0.7031369960879473,0.1680616953939529,-0.7639787681093636,-0.03755032043134333,-1.5418138990863186,0.4684138552397172,0.6694203973920276,57.68357325452883,79.6400449943757,182,9,0.6677798034268513,56.67779803426851,75.42182227221598,218,13,0.11388930552858813,51.138893055285884,60.404949381327334,352,12,1.8493655137956415,68.49365513795641,97.07536557930258,26,3,-0.4496806681394543,45.503193318605454,33.12710911136108,593,30
"Foster, Kobe",816330.0,WAS_WIL3,Changeup,190,115,49,80,59,16,63,57,5,1,19,20,16,21,4371.24925,0.227095376109627,0.4260869565217391,0.4210526315789473,0.2711864406779661,0.2539682539682539,76.68858333333333,0.087719298245614,0.0175438596491228,0.3333333333333333,0.3508771929824561,0.2807017543859649,0.3684210526315789,1.6866856086064128,-0.0054884749704052676,2.4166100239374653,-0.07089367166222948,1.1197821590733192,0.016259236949744595,0.46902541532842623,0.020483746963638357,-0.861350741017878,0.5073355864595301,-1.078957430885021,0.2578891682578451,-0.14072231640765015,-0.0069166425737524125,0.1853211801385213,-0.05630187177434374,0.6623670776500272,57.602615609472885,79.52755905511812,183,33,-0.2650261148003429,47.34973885199657,43.7007874015748,501,104,0.46902541532842623,54.690254153284265,71.8785151856018,251,32,-1.0716969910933178,39.28303008906682,12.260967379077616,781,112,0.3890688966534017,53.890688966534015,64.96062992125984,312,66
"Petery, Dylan",10998503.0,WIN_CIT29,Four-Seam,77,27,5,18,12,2,22,21,2,0,3,8,2,11,1683.46037,0.2674501456904007,0.1851851851851851,0.2337662337662337,0.1666666666666666,0.0909090909090909,80.16477952380953,0.0952380952380952,0.0,0.1428571428571428,0.3809523809523809,0.0952380952380952,0.5238095238095238,-0.5004551957755446,0.0016284812070536223,-0.606630445223697,0.017796110741082376,-0.09953694786957673,-0.0014452764830662542,-0.8639767310706152,-0.037732455776046975,0.17133286613421111,-0.10091505815305034,-0.984539489137973,0.2353216750752909,-0.7639787681093636,-0.03755032043134333,-1.9119142732059276,0.5808529395998733,0.6579560957797933,57.55198658404076,79.41507311586051,184,33,-0.03067585948218117,49.693241405178185,52.98087739032621,421,44,-0.8639767310706152,41.36023268929385,20.41619797525309,716,210,1.3699619000364571,63.69961900036457,92.51968503937007,68,12,-0.8866050446044206,41.133949553955794,19.572553430821145,716,171
"Pierson, Kenny",1000055344.0,LAK_ERI24,Slider,108,33,4,18,39,2,18,22,4,2,9,9,6,7,1641.64545,0.2345965196893915,0.1212121212121212,0.1666666666666666,0.0512820512820512,0.1111111111111111,74.62024772727273,0.1818181818181818,0.0909090909090909,0.4090909090909091,0.4090909090909091,0.2727272727272727,0.3181818181818182,-1.081264949977607,0.003518436147227133,-1.6897743846007802,0.04957122134664849,-1.445604402727534,-0.020990175927603796,-0.6988260226671941,-0.030519828887944363,-1.475797152391214,0.8692445227584249,0.10269741582803442,-0.024546428238969305,2.4656228452540616,0.12118782846708238,1.0194489172641548,-0.30971571720727104,0.6577498584575945,57.54961940255196,79.30258717660293,185,61,0.1885836596980698,51.885836596980695,60.404949381327334,354,77,-0.6988260226671941,43.01173977332806,28.346456692913385,640,175,-0.9667116579366322,40.33288342063368,14.566929133858267,762,161,0.8015118644647649,58.01511864464765,77.39032620922384,203,36
"Ortiz, Julio",683650.0,GAT_GRI,Four-Seam,349,156,49,105,95,20,79,84,7,1,23,20,15,49,6565.87025,0.2052929250754004,0.3141025641025641,0.3008595988538682,0.2105263157894736,0.2531645569620253,78.16512202380952,0.0833333333333333,0.0119047619047619,0.2738095238095238,0.238095238095238,0.1785714285714285,0.5833333333333334,0.6699822744838768,-0.002180122321170535,0.47641337917609017,-0.013976062891509782,0.41212611976648844,0.0059840712590094125,0.46245522439736814,0.020196807015106257,-0.4227111426091091,0.24897686299676525,-1.134034563570799,0.2710535392810017,-0.34105474731177227,-0.01676318188512092,-0.4700648990316189,0.14280900678009906,0.6561009202341803,57.53069297353792,79.19010123734533,186,34,-1.1438395722434516,38.561604277565486,11.754780652418448,784,210,0.46245522439736814,54.62455224397368,71.59730033745781,253,41,0.27286516854909265,52.728651685490924,59.786276715410565,359,87,-1.3752704656507637,36.24729534349236,8.661417322834646,814,231
"Vailes, Gage",1000050773.0,GAT_GRI,Slider,316,150,46,106,124,33,84,88,12,1,30,26,21,41,6713.68566,0.2110717823863337,0.3066666666666666,0.3354430379746835,0.2661290322580645,0.3928571428571428,76.2918825,0.1363636363636363,0.0113636363636363,0.3409090909090909,0.2954545454545454,0.2386363636363636,0.4659090909090909,0.6024719585197417,-0.0019604437530232393,1.0346709672011116,-0.03035310749381181,1.06078284744705,0.015402566944931166,1.6044365356019465,0.07007055681934381,-0.9791997993216844,0.5767486818004721,-0.46810195927911996,0.11188432600101741,-0.36027856643893763,-0.017708051819040223,0.2687339538510845,-0.08164325631763643,0.6424412721822528,57.373908228336006,79.07761529808775,187,62,-0.696887475452941,43.03112524547059,25.871766029246345,661,142,1.6044365356019465,66.04436535601947,92.1259842519685,71,27,-0.5178993586918007,44.821006413081996,26.715410573678287,653,140,-0.4112668623138864,45.887331376861134,34.87064116985377,580,128
"Herbert, Andrew",1000083218.0,WAS_WIL3,Four-Seam,55,24,5,19,23,5,13,17,1,0,4,6,3,8,1350.80627,0.1746960879969466,0.2083333333333333,0.3454545454545454,0.217391304347826,0.3846153846153846,79.45919235294117,0.0588235294117647,0.0,0.2352941176470588,0.3529411764705882,0.1764705882352941,0.4705882352941176,-0.2902937715576925,0.0009446159326487314,1.1962801119329964,-0.035094073363666385,0.49221251296169877,0.0071469256882038664,1.5370604911021994,0.06712804282790635,-0.03827794546752236,0.02254570988037067,-1.441818540344264,0.34461914205746497,-0.7639787681093636,-0.03755032043134333,-0.8941382443770037,0.27164545760944436,0.6413855002010292,57.36179013126365,78.96512935883014,188,35,-0.24894325414125343,47.51056745858747,44.31946006749156,495,67,1.5370604911021994,65.370604911022,90.88863892013498,82,8,0.30052306934289097,53.00523069342891,61.64229471316085,339,80,-0.4496806681394543,45.503193318605454,33.12710911136108,594,111
"Valdez, Alex",677678.0,EVA_OTT,Cutter,92,50,17,31,26,8,30,24,2,0,7,13,4,7,1867.59805,0.2339185927440036,0.34,0.3369565217391304,0.3076923076923077,0.2666666666666666,77.81658541666667,0.0833333333333333,0.0,0.2916666666666667,0.5416666666666666,0.1666666666666666,0.2916666666666667,0.9051044093934492,-0.0029452097481662835,1.0591021347580305,-0.031069820225261585,1.5456566080679273,0.022442933949146305,0.5728344320391482,0.025017398150445718,-0.5262519156169524,0.30996237829838497,-1.134034563570799,0.2710535392810017,-0.7639787681093636,-0.03755032043134333,-0.2734490752805764,0.08307574321376607,0.6399866424879735,57.34573411362093,78.85264341957256,189,10,1.2216333173742482,62.216333173742484,88.18897637795276,107,5,0.5728344320391482,55.728344320391486,74.40944881889764,230,6,0.4295932730472875,54.29593273047288,67.82902137232846,297,15,1.0191900974763175,60.19190097476317,84.98312710911135,137,7
"Duby, Bill",1000270408.0,NEW_JER6,Slider,88,49,11,20,33,5,26,34,5,1,9,11,6,17,2637.18944,0.204504476136464,0.2244897959183673,0.2272727272727272,0.1515151515151515,0.1923076923076923,77.56439529411765,0.1470588235294117,0.0294117647058823,0.2647058823529412,0.3235294117647059,0.1764705882352941,0.5,-0.14360967547094702,0.0004673058839824616,-0.7114508264537374,0.02087112144484684,-0.27629328032567163,-0.004011778430328752,-0.035047213891905384,-0.0015306169723011836,-0.6011707611514955,0.35408957831823085,-0.3337962239597898,0.07978297206219709,0.28089234209644875,0.013806139506382552,-0.5703004170223459,0.17326125879430784,0.6367359806073177,57.30842318198062,78.74015748031496,190,63,-0.47812401853327924,45.21875981466721,34.92688413948257,580,131,-0.035047213891905384,49.64952786108095,55.90551181102362,392,141,0.30052306934289097,53.00523069342891,61.64229471316085,336,84,-0.6911388761858831,43.08861123814117,24.634420697412825,663,145
"Dima, Josh",1000098214.0,GAT_GRI,Slider,119,49,15,34,34,5,29,28,3,0,10,16,4,8,2128.83731,0.2034371211939155,0.3061224489795918,0.2857142857142857,0.1470588235294117,0.1724137931034483,76.02990392857143,0.1071428571428571,0.0,0.3571428571428571,0.5714285714285714,0.1428571428571428,0.2857142857142857,0.5975310205462936,-0.0019443659408576394,0.2319326046166261,-0.006803974889033343,-0.3282804369304062,-0.004766631944229498,-0.19767904544301945,-0.008633236951632988,-1.0570265275370292,0.6225886247193102,-0.8350444147051471,0.19958981086958016,-0.7639787681093636,-0.03755032043134333,0.447475611806577,-0.13594622319612074,0.6265336822356729,57.19132172046482,78.62767154105737,191,64,1.4535424241995127,64.53542424199513,91.11361079865017,79,17,-0.19767904544301945,48.023209545569806,49.100112485939256,453,152,0.7430494820436775,57.43049482043678,79.6400449943757,178,48,1.068056639580952,60.68056639580952,86.0517435320585,124,21
"Garcia, Hector",815312.0,WAS_WIL3,Slider,56,25,10,24,9,3,11,12,2,1,3,5,2,5,934.90133,0.2292429340879679,0.4,0.4285714285714285,0.3333333333333333,0.2727272727272727,77.90844416666667,0.1666666666666666,0.0833333333333333,0.25,0.4166666666666667,0.1666666666666666,0.4166666666666667,1.449842820966121,-0.004717788539423757,2.537980991677512,-0.07445421037185149,1.8447827091474729,0.026786244936821305,0.6223796445601748,0.027181186216876513,-0.49896317237559723,0.29388930852922673,-0.08756904254101738,0.020930489841026353,2.1964893774737755,0.10795964939221354,-0.7322193306996747,0.22245335820187606,0.6200282382067652,57.116652564962415,78.51518560179977,192,65,0.24761506870813713,52.47615068708137,62.93588301462317,330,68,0.6223796445601748,56.22379644560175,75.59055118110236,217,82,0.4295932730472875,54.29593273047288,67.82902137232846,282,73,-0.007007286721002997,49.92992713278997,50.843644544431946,436,95
"Vilchez, Michael",699074.0,OTT_TIT,Four-Seam,155,77,19,50,53,12,42,50,7,2,14,15,7,28,3879.87559,0.1996067392664415,0.2467532467532467,0.3225806451612903,0.2264150943396226,0.2857142857142857,77.5975118,0.14,0.04,0.28,0.3,0.14,0.56,0.05851960526102768,-0.00019042279551938408,0.8270418657936293,-0.02426210017492191,0.5974833065327618,0.008675457610855702,0.7285479571052313,0.03181787493065676,-0.5913327454363394,0.3482949870620039,-0.42243800927054664,0.10096986566181824,0.6570459417705438,0.032294465083964,-0.40190474679792376,0.12210147541043682,0.6197016027892942,57.11290346026313,78.40269966254219,193,36,-0.6614686300469005,43.385313699531,26.94038245219347,655,139,0.7285479571052313,57.28547957105231,78.45894263217097,199,30,0.7806642271232432,57.806642271232434,80.93363329583802,171,32,-1.1837136206005974,38.16286379399403,12.65466816647919,778,206
"Anibal, Trevor",822669.0,NEW_ENG23,Curveball,112,43,16,31,64,18,38,22,4,0,7,11,4,7,1678.85938,0.231590694139214,0.3720930232558139,0.2767857142857143,0.28125,0.4736842105263157,76.31179,0.1818181818181818,0.0,0.3181818181818182,0.5,0.1818181818181818,0.3181818181818182,1.1964761179090635,-0.0038933332876760927,0.0878045804253212,-0.002575835171357223,1.2371828163296452,0.01796389449310645,2.265194586046837,0.0989278431564235,-0.9732858210008676,0.573265348569511,0.10269741582803442,-0.024546428238969305,-0.7639787681093636,-0.03755032043134333,0.01849563271339488,-0.005619102687758358,0.6159720664019366,57.070096031404766,78.29021372328458,194,26,0.896960567818878,58.96960567818878,81.55230596175478,149,33,2.265194586046837,72.65194586046837,97.80652418447694,20,9,0.2301211400495842,52.301211400495845,58.38020247469067,364,38,0.8015118644647649,58.01511864464765,77.39032620922384,200,48
"Rodriguez, Joe Joe",689487.0,NEW_JER6,Four-Seam,108,53,15,27,32,4,25,33,3,2,6,10,4,19,2652.79108,0.2072120720808542,0.2830188679245283,0.25,0.125,0.16,80.38760848484849,0.0909090909090909,0.0606060606060606,0.1818181818181818,0.303030303030303,0.1212121212121212,0.5757575757575758,0.3877742197866976,-0.001261817311185914,-0.3445794921485953,0.010108583981671191,-0.5856168621238382,-0.008503156838038132,-0.29916130833091487,-0.013065271818736044,0.23752930691453983,-0.13990476177266395,-1.0389013343862732,0.24831508024100388,1.38908897413292,0.06827511216760715,-1.4829342941127446,0.45052581909151057,0.6144895877411687,57.05308021677966,78.177727784027,195,37,-0.6378560664428738,43.62143933557126,28.008998875140605,641,132,-0.29916130833091487,47.00838691669085,44.82564679415073,492,122,1.0280096720403948,60.28009672040395,87.23284589426322,115,21,-1.3130766847903201,36.8692331520968,10.236220472440944,799,220
"Thornton, Tyler",1000429124.0,NEW_ENG23,Splitter,119,62,24,28,72,14,43,33,4,1,9,13,5,15,2582.52228,0.2422640596896892,0.3870967741935484,0.2352941176470588,0.1944444444444444,0.3255813953488372,78.25825090909092,0.1212121212121212,0.0303030303030303,0.2727272727272727,0.3939393939393939,0.1515151515151515,0.4545454545454545,1.3326947754666214,-0.004336588799368386,-0.5819668261107459,0.017072578810784843,0.2245163282999316,0.0032599770869150067,1.0544599863133115,0.04605143098226125,-0.3950450766241289,0.2326815501316119,-0.6583684176481706,0.1573612440810128,0.3125551030117782,0.01536239586813191,-0.48198100956198503,0.14642920457199798,0.6138817927333473,57.04610397661052,78.0652418447694,196,9,0.07052084167793478,50.70520841677935,56.63667041619797,386,12,1.0544599863133115,60.544599863133115,84.87064116985377,136,11,0.6290654060449896,56.290654060449896,76.4904386951631,211,6,-0.31797619102322056,46.82023808976779,38.02024746906636,555,12
"Grounds, Jackson",805984.0,DOW_EAS1,Sinker,116,48,11,30,21,2,26,26,3,0,8,9,8,9,1995.54189,0.214303667816636,0.2291666666666666,0.2586206896551724,0.0952380952380952,0.0769230769230769,76.75161115384616,0.1153846153846153,0.0,0.3076923076923077,0.3461538461538461,0.3076923076923077,0.3461538461538461,-0.10114848976162602,0.00032913718568433105,-0.20542139982595622,0.006026242185294252,-0.9328168008768831,-0.013544499948732342,-0.9783118368883684,-0.04272581285242571,-0.8426268849776335,0.49630723525182613,-0.7315478247131912,0.17485236641947283,-0.7639787681093636,-0.03755032043134333,-0.09699897704246174,0.029468968218339175,0.6131633160281154,57.037857337551074,77.95275590551181,197,16,-0.3018311228471059,46.981688771528944,41.90101237345332,517,102,-0.9783118368883684,40.216881631116316,15.860517435320585,750,99,-1.427031964854408,35.72968035145592,7.64904386951631,821,138,0.5718732889800502,55.7187328898005,71.7660292463442,252,56
"Bice, Emmett",828456.0,NEW_YOR13,Slider,273,134,33,85,91,19,83,81,9,2,22,28,13,40,6323.61542,0.2301169556436576,0.2462686567164179,0.3113553113553113,0.2087912087912088,0.2289156626506024,78.06932617283951,0.1111111111111111,0.0246913580246913,0.2716049382716049,0.345679012345679,0.1604938271604938,0.4938271604938271,0.054120025145593324,-0.00017610656182376068,0.6458387253711436,-0.01894632484748787,0.391884503903964,0.005690162996685557,0.26422148175757487,0.011539344772798566,-0.45116949176700233,0.26573883065076437,-0.785212723227538,0.18767918946767645,0.11319697873008333,0.005563744701562325,-0.49433845751940175,0.1501834837635969,0.6072723249437725,56.970240841676926,77.84026996625421,198,66,-0.3055310972010129,46.944689027989874,41.50731158605174,521,119,0.26422148175757487,52.64221481757575,65.41057367829022,308,117,0.5108596976019067,55.108596976019065,70.64116985376828,262,67,-0.6404624621514469,43.59537537848553,26.996625421822273,650,140
"Balzan, Jackson",827496.0,SUS_COU1,Curveball,83,33,10,23,35,7,19,17,2,0,3,7,2,8,1358.52998,0.2348081215888829,0.303030303030303,0.2771084337349397,0.2,0.3684210526315789,79.91352823529412,0.1176470588235294,0.0,0.1764705882352941,0.4117647058823529,0.1176470588235294,0.4705882352941176,0.5694575093335194,-0.001853014735371272,0.09301402708283718,-0.0027286594985021116,0.28932698353383396,0.004201027800911269,1.404672473839538,0.06134626094999414,0.09669292272809535,-0.056952131486848155,-0.7031369960879473,0.1680616953939529,-0.7639787681093636,-0.03755032043134333,-1.5418138990863186,0.4684138552397172,0.6029387132325106,56.92049986699213,77.72778402699663,199,27,0.20941827464279913,52.09418274642799,61.24859392575927,343,62,1.404672473839538,64.04672473839538,89.65129358830146,92,26,1.0749442915692662,60.74944291569266,88.35770528683915,102,13,-0.4496806681394543,45.503193318605454,33.12710911136108,591,84
"Henderson, Drew",1000429021.0,DOW_EAS1,Sinker,129,50,6,31,31,5,30,35,6,0,10,14,4,17,2680.45754,0.2140373830961485,0.12,0.2403100775193798,0.1612903225806451,0.1666666666666666,76.58450114285714,0.1714285714285714,0.0,0.2857142857142857,0.4,0.1142857142857142,0.4857142857142857,-1.0922697663730145,0.003554245819777789,-0.5009975028988499,0.014697262745040662,-0.1622569368056105,-0.0023559707224174646,-0.24466157455778645,-0.010685104945662207,-0.8922707369018043,0.5255474640351627,-0.0277710127678865,0.006637744158741928,-0.7639787681093636,-0.03755032043134333,-0.33898768319759076,0.10298683106921046,0.6028321517285106,56.91927675947212,77.61529808773903,200,17,0.11774596888598897,51.17745968885989,58.21147356580427,370,79,-0.24466157455778645,47.553384254422134,47.30033745781777,470,34,1.1191969328393458,61.191969328393455,89.25759280089989,96,13,-0.5738591751347608,44.261408248652394,28.346456692913385,638,125
"Saturria, Michael",800014.0,NEW_ENG23,Cutter,255,108,33,82,61,13,52,64,10,0,12,25,9,30,5038.78499,0.2381558731729084,0.3055555555555556,0.3215686274509804,0.2131147540983606,0.25,78.73101546875,0.15625,0.0,0.1875,0.390625,0.140625,0.46875,0.5923842101572857,-0.0019276182198518076,0.810705533133869,-0.02378285752001518,0.4423226286761582,0.006422524568377817,0.43658509760632624,0.019066980967761084,-0.2545995482215646,0.14995913390250154,-0.21837723266973932,0.052195871021023084,-0.7639787681093636,-0.03755032043134333,-1.4203747138283218,0.43151978068404095,0.5959034949724942,56.83974998982521,77.50281214848144,201,11,0.04469460023603043,50.446946002360306,55.90551181102362,393,21,0.43658509760632624,54.365850976063264,70.3599550056243,269,10,0.7724360016370881,57.72436001637088,80.65241844769405,173,9,-0.43458953013655305,45.65410469863447,33.91451068616423,589,29
"Garcia, Brett",702286.0,OTT_TIT,Four-Seam,277,152,53,98,71,24,75,85,7,2,28,25,15,45,6604.58331,0.2100699515958314,0.3486842105263157,0.3537906137184115,0.3380281690140845,0.32,77.70098011764706,0.0823529411764705,0.0235294117647058,0.3294117647058823,0.2941176470588235,0.1764705882352941,0.5294117647058824,0.9839481268579139,-0.0032017672047956517,1.330843749353221,-0.039041632231026094,1.8995522769507702,0.027581499061325183,1.0088323022241805,0.04405873313503663,-0.5605951145205529,0.3301905224526056,-1.1463459226417383,0.27399616339206034,0.07191812005528479,0.003534847518837303,0.14214280315789984,-0.043183978598992076,0.5939343875250512,56.817148674751145,77.39032620922384,202,38,-0.707304782925306,42.926952170746944,25.30933633295838,663,144,1.0088323022241805,60.08832302224181,84.3644544431946,140,17,0.30052306934289097,53.00523069342891,61.64229471316085,338,79,-0.9325970842323116,40.674029157676884,18.222722159730033,727,179
"Petery, Dylan",10998503.0,WIN_CIT29,Curveball,70,23,5,23,18,2,13,13,0,0,4,7,2,4,1025.00223,0.2252526665713589,0.217391304347826,0.3285714285714285,0.1111111111111111,0.1538461538461538,78.84632538461538,0.0,0.0,0.3076923076923077,0.5384615384615384,0.1538461538461538,0.3076923076923077,-0.20805669251592476,0.0006770164774468192,0.9237471207348914,-0.027099045533878777,-0.7476435002085924,-0.010855783623028761,-0.3494687548907266,-0.015262348932342702,-0.22034409964173238,0.12978267468898036,-2.1805000846005806,0.521176588720977,-0.7639787681093636,-0.03755032043134333,-0.09699897704246174,0.029468968218339175,0.5903377495851498,56.775866647509496,77.27784026996626,203,28,1.1966584904853736,61.96658490485373,87.570303712036,111,29,-0.3494687548907266,46.505312451092735,41.676040494938135,520,73,0.5983773855838049,55.98377385583805,75.0281214848144,225,29,0.8876263302715328,58.87626330271533,80.93363329583802,172,44
"Maryniak, Connor",831880.0,NEW_JER6,Curveball,202,109,39,80,82,21,59,52,6,0,12,36,7,9,4092.12162,0.2291624899997484,0.3577981651376147,0.396039603960396,0.2560975609756097,0.3559322033898305,78.69464653846154,0.1153846153846153,0.0,0.2307692307692307,0.6923076923076923,0.1346153846153846,0.173076923076923,1.0666934794929879,-0.0034710205822701826,2.012841259970578,-0.05904871120249687,0.9437565266273766,0.013703344766629509,1.3025766300183332,0.056887429162790666,-0.2654037710158499,0.15632282112833557,-0.7315478247131912,0.17485236641947283,-0.7639787681093636,-0.03755032043134333,-0.943959448585413,0.28678148819638855,0.5884773974575068,56.754513620461545,77.16535433070865,204,29,2.395450181151357,73.95450181151357,98.31271091113611,16,6,1.3025766300183332,63.025766300183335,88.41394825646795,104,28,0.8515535543885809,58.51553554388581,83.57705286839146,147,18,1.992761974791725,69.92761974791725,98.08773903262093,18,7
"Eckaus, David",824671.0,EVA_OTT,Slider,187,80,35,67,57,17,41,28,4,0,7,11,2,15,2186.99701,0.2253720309849938,0.4375,0.3582887700534759,0.2982456140350877,0.4146341463414634,78.10703607142857,0.1428571428571428,0.0,0.25,0.3928571428571428,0.0714285714285714,0.5357142857142857,1.7903043281990407,-0.005825650283959679,1.4034545124817825,-0.041171741578165576,1.4354522550386204,0.020842766743160768,1.7824626694427428,0.0778454921625729,-0.4399669036602154,0.2591405062558669,-0.3865591914066694,0.0923942182524479,-0.7639787681093636,-0.03755032043134333,-0.7322193306996747,0.22245335820187606,0.5881286293224559,56.750510477556205,77.05286839145107,205,67,0.062087783247924785,50.620877832479245,56.2992125984252,389,90,1.7824626694427428,67.82462669442742,93.92575928008999,55,19,1.683418109032847,66.83418109032847,95.3880764904387,42,12,-0.9843381288136889,40.15661871186311,17.09786276715411,738,164
"Gartland, Chad",1000103698.0,TRI_VAL,Changeup,59,35,5,10,12,1,22,28,2,0,9,10,6,12,2172.70757,0.2246367317835443,0.1428571428571428,0.1694915254237288,0.0833333333333333,0.0454545454545454,77.59669892857143,0.0714285714285714,0.0,0.3214285714285714,0.3571428571428571,0.2142857142857142,0.4285714285714285,-0.8847503714881877,0.0028789777088225627,-1.6441745577379934,0.04823350482580178,-1.071696776378101,-0.015561037193010024,-1.2355658249783132,-0.05396086627427787,-0.5915742274911543,0.3484372199922899,-1.283529638003625,0.30678540348671246,-0.7639787681093636,-0.03755032043134333,0.05424396430449314,-0.016479696063455146,0.5827831860515403,56.68915575172171,76.94038245219348,206,34,-0.21620314494239265,47.83796855057607,45.556805399325086,483,100,-1.2355658249783132,37.64434175021687,5.62429696287964,839,116,-0.1973191449454921,48.02680855054508,40.382452193475814,526,85,-0.1047403709302708,48.952596290697294,46.737907761529804,474,96
"Long, Maddox",1000248716.0,WAS_WIL3,Four-Seam,155,69,10,35,53,10,43,61,7,1,16,24,10,27,4789.41981,0.2209968222013958,0.144927536231884,0.2258064516129032,0.1886792452830188,0.2325581395348837,78.51507885245903,0.1147540983606557,0.0163934426229508,0.2622950819672131,0.3934426229508196,0.1639344262295081,0.4426229508196721,-0.8659533248500692,0.002817812119062125,-0.7351199447960041,0.021565478700535577,0.15725998796286364,0.00228341502522078,0.2939985848277909,0.01283980019518411,-0.3187484603107389,0.1877428431230252,-0.7394655966251436,0.17674484850855193,-0.18159159192907443,-0.008925408334905937,-0.5968445012317445,0.18132553738571258,0.5763943267223863,56.615824749470086,76.82789651293588,207,39,0.06664992961170049,50.666499296117,56.46794150731158,388,36,0.2939985848277909,52.93998584827791,66.87289088863892,295,52,0.4655636576862179,54.65563657686218,69.74128233970754,270,54,-0.22009745393137534,47.799025460686245,41.84476940382452,518,82
"Williams, Pierce",1000337420.0,NEW_ENG23,Four-Seam,313,135,42,95,85,20,84,86,12,2,24,28,15,43,6678.56007,0.2154495315733375,0.3111111111111111,0.3035143769968051,0.2352941176470588,0.238095238095238,77.65767523255815,0.1395348837209302,0.0232558139534883,0.2790697674418604,0.3255813953488372,0.1744186046511628,0.5,0.64282295196957,-0.0020917458857089804,0.5192677071577593,-0.015233237457180027,0.7010652638433262,0.010179467631005096,0.33926414444002373,0.014816682980129154,-0.5734598213697948,0.3377678347868091,-0.4282787470623413,0.10236590128659964,0.06219838879755665,0.003057113007788707,-0.4121470594770487,0.12521316169854374,0.5760751780479865,56.61216157722677,76.71541057367828,208,40,-0.462134662878022,45.378653371219784,35.714285714285715,573,97,0.33926414444002373,53.39264144440024,67.94150731158605,287,50,0.3275377631414852,53.275377631414855,63.61079865016873,325,70,-0.6911388761858831,43.08861123814117,24.634420697412825,689,152
"Saturria, Michael",800014.0,NEW_ENG23,Slider,254,130,41,79,85,21,74,74,11,1,21,23,12,39,5727.80732,0.2084070509197091,0.3153846153846154,0.3110236220472441,0.2470588235294117,0.2837837837837837,77.40280162162162,0.1486486486486486,0.0135135135135135,0.2837837837837837,0.3108108108108108,0.1621621621621621,0.527027027027027,0.6816219841328656,-0.0022179979363683446,0.6404844842140276,-0.018789252828902713,0.8383113572798233,0.012172280907703035,0.7127661809161009,0.031128637419148873,-0.649175858522967,0.38236458067002754,-0.31383185789880785,0.07501114917939936,-0.2839028526093954,-0.013954109108604394,-0.36024344792743374,0.10944448118448986,0.5751597694868933,56.60165456434759,76.6029246344207,209,68,-0.5772292139460475,44.227707860539525,30.708661417322837,617,136,0.7127661809161009,57.12766180916101,77.44656917885264,202,77,0.4888957990736317,54.888957990736316,70.07874015748031,268,70,-0.913019391688006,40.86980608311994,18.89763779527559,722,159
"House, Tristan",1000248636.0,MIS_MUD,Slider,74,21,9,24,21,7,15,10,1,0,1,4,1,5,820.40673,0.2124992372837824,0.4285714285714285,0.3243243243243243,0.3333333333333333,0.4666666666666667,82.040673,0.1,0.0,0.1,0.4,0.1,0.5,1.7092420645721542,-0.0055618736781177895,0.8551889254438925,-0.02508782231682203,1.8447827091474729,0.026786244936821305,2.207826445233018,0.09642240434266158,0.728609940118942,-0.4291512547300568,-0.9247414593648421,0.22102892939300647,-0.7639787681093636,-0.03755032043134333,-2.383792250208428,0.7242127721590719,0.5710990796752213,56.55504617333732,76.4904386951631,210,69,0.11774596888598897,51.17745968885989,58.21147356580427,372,85,2.207826445233018,72.07826445233017,97.41282339707537,23,7,1.3072706582371785,63.07270658237179,91.39482564679415,78,21,-0.6911388761858831,43.08861123814117,24.634420697412825,673,150
"McCartney, Seth",823530.0,MIS_MUD,Sinker,120,48,4,25,21,2,38,39,8,1,7,21,6,12,3052.78654,0.2374994272388731,0.0833333333333333,0.2083333333333333,0.0952380952380952,0.0526315789473684,78.27657794871796,0.2051282051282051,0.0256410256410256,0.1794871794871795,0.5384615384615384,0.1538461538461538,0.3076923076923077,-1.425165462334092,0.004637488414435135,-1.017176938374688,0.02983990266415985,-0.9328168008768831,-0.013544499948732342,-1.1768938627823606,-0.05139848566929403,-0.3896006102150345,0.22947475941665532,0.3954150440881131,-0.09451091759280854,0.14693450745467804,0.00722197797590488,-1.508599762947379,0.4583231681817544,0.5700433934420747,56.54292906047703,76.37795275590551,211,18,1.1966584904853736,61.96658490485373,87.570303712036,110,18,-1.1768938627823606,38.23106137217639,7.424071991001124,824,128,0.5983773855838049,55.98377385583805,75.0281214848144,223,29,0.8876263302715328,58.87626330271533,80.93363329583802,170,33
"Morgan, Marcus",808861.0,JOL_SLA,Slider,66,27,10,17,25,5,14,13,3,0,6,3,4,6,945.69227,0.2131309104301082,0.3703703703703703,0.2575757575757575,0.2,0.3571428571428571,72.74555923076923,0.2307692307692307,0.0,0.4615384615384615,0.2307692307692307,0.3076923076923077,0.4615384615384615,1.1808361979672697,-0.0038424409881854956,-0.22228904738021596,0.006521071493946016,0.28932698353383396,0.004201027800911269,1.3124736761030416,0.05731966285644813,-2.0327162595922807,1.1972698768998533,0.7174044351741995,-0.17147185588203165,-0.7639787681093636,-0.03755032043134333,1.5969219660434384,-0.4851560717377589,0.5672909500118394,56.51133665485636,76.26546681664792,212,70,-1.2009248908465935,37.990751091534065,10.517435320584926,798,172,1.3124736761030416,63.12473676103042,88.80764904386952,102,41,-1.427031964854408,35.72968035145592,7.64904386951631,823,175,-0.3753858348943997,46.246141651056,36.33295838020247,568,127
"Hagan, Jack",699522.0,DOW_EAS1,Slider,222,99,34,71,75,13,58,55,7,0,15,21,11,23,4272.82444,0.2306007694208611,0.3434343434343434,0.3198198198198198,0.1733333333333333,0.2241379310344827,77.6877170909091,0.1272727272727272,0.0,0.2727272727272727,0.3818181818181818,0.2,0.4181818181818181,0.9362847225137702,-0.003046670487059808,0.7824756880140445,-0.02295470678358001,-0.02176416158889427,-0.0003160156262707448,0.22516371658987722,0.009833574994629706,-0.5645352000459428,0.3325112328270603,-0.5822618343005508,0.13917047684901476,-0.7639787681093636,-0.03755032043134333,-0.48198100956198503,0.14642920457199798,0.5640767759144489,56.47444452813551,76.15298087739033,213,71,-0.02392941273817318,49.76070587261827,53.318335208098986,416,97,0.22516371658987722,52.25163716589877,63.892013498312714,322,122,-0.009245419547659513,49.9075458045234,48.59392575928009,453,107,-0.019446042893090897,49.80553957106909,49.9437570303712,446,98
"Debban, Caleb",1000551056.0,NEW_JER6,Cutter,142,42,9,38,24,4,24,25,4,0,10,8,6,11,1868.54346,0.2375307998083491,0.2142857142857142,0.2676056338028169,0.1666666666666666,0.1666666666666666,74.7417384,0.16,0.0,0.4,0.32,0.24,0.44,-0.23625226247310244,0.0007687648620874753,-0.0603833881094019,0.0017714070735774141,-0.09953694786957673,-0.0014452764830662542,-0.24466157455778645,-0.010685104945662207,-1.4397055685815698,0.8479865798945446,-0.1712862842233991,0.04094033379622418,-0.7639787681093636,-0.03755032043134333,0.9193535888090787,-0.27930605575531975,0.5624803280110422,56.45612058034328,76.04049493813272,214,12,-0.5056257102603224,44.943742897396774,33.57705286839145,590,29,-0.24466157455778645,47.553384254422134,47.30033745781777,465,18,-0.5358518506615945,44.641481493384056,26.26546681664792,656,30,-0.19856413177116936,48.014358682288304,42.68841394825647,510,25
"Petschke, Ben",814386.0,EVA_OTT,Curveball,169,62,14,40,43,5,43,40,5,1,7,23,4,13,3192.97638,0.2322925725576893,0.2258064516129032,0.2366863905325443,0.1162790697674418,0.1162790697674418,79.8244095,0.125,0.025,0.175,0.575,0.1,0.325,-0.13165579327712035,0.0004284079513237496,-0.5594922856172885,0.016413265690868775,-0.6873545185956612,-0.009980387610009,-0.65657816702911,-0.028674738288662318,0.07021816354145738,-0.0413584983259184,-0.6108018030559076,0.14599201456101388,0.12416167556557851,0.0061026705157237494,-1.5580057904540514,0.47333306518047397,0.5622557996748144,56.45354345552628,75.92800899887514,215,30,1.4813715170185444,64.81371517018545,91.56355455568054,76,18,-0.65657816702911,43.4342183297089,29.865016872890887,625,84,1.3072706582371785,63.07270658237179,91.39482564679415,81,10,0.7455374616903654,57.455374616903654,75.92800899887514,215,52
"Simpson, Garret",1000073158.0,EVA_OTT,Curveball,120,42,13,37,28,9,32,24,3,0,3,13,1,10,1940.63485,0.2305722128744263,0.3095238095238095,0.3083333333333333,0.3214285714285714,0.28125,80.85978541666667,0.125,0.0,0.125,0.5416666666666666,0.0416666666666666,0.4166666666666667,0.6284118828803453,-0.0020448522668926436,0.5970569325679328,-0.017515262173812877,1.7059027336462549,0.02476970769254362,0.6920525996678683,0.030224013185294808,0.3778002670231549,-0.22252435727663822,-0.6108018030559076,0.14599201456101388,-0.7639787681093636,-0.03755032043134333,-2.108530096956969,0.640586203166206,0.5619371464563712,56.44988597010122,75.81552305961755,216,31,1.2216333173742482,62.216333173742484,88.18897637795276,106,27,0.6920525996678683,56.920525996678684,77.10911136107987,205,51,2.075238370278335,70.75238370278335,97.97525309336334,19,4,-0.007007286721002997,49.92992713278997,50.843644544431946,441,75
"Bauer, Patrick",10998513.0,QUE_CAP,Curveball,96,41,17,33,39,9,23,20,3,2,7,8,4,8,1543.11207,0.2384846432900448,0.4146341463414634,0.34375,0.2307692307692307,0.391304347826087,77.1556035,0.15,0.1,0.35,0.4,0.2,0.4,1.5827058481789673,-0.00515012482997436,1.1687647618601116,-0.034286883053928234,0.6482783048292883,0.009413000986121266,1.5917424982324295,0.0695161701253049,-0.7226117159745188,0.42561830070899154,-0.29686214674697303,0.07095509972902125,2.788583006590405,0.137061643356925,0.3688292823061605,-0.1120529177695877,0.5610742892528737,56.43998213903019,75.70303712035995,217,32,0.11774596888598897,51.17745968885989,58.21147356580427,365,63,1.5917424982324295,65.91742498232429,91.90101237345331,72,22,-0.009245419547659513,49.9075458045234,48.59392575928009,446,48,0.12981903117197302,51.29819031171973,55.34308211473565,393,66
"Allemann, Braeden",1000367619.0,QUE_CAP,Curveball,254,97,30,79,93,22,63,57,4,0,17,27,7,23,4477.46635,0.2289113860639968,0.3092783505154639,0.3110236220472441,0.2365591397849462,0.3492063492063492,78.55204122807017,0.0701754385964912,0.0,0.2982456140350877,0.4736842105263157,0.1228070175438596,0.4035087719298245,0.6261833670418055,-0.0020376006763540354,0.6404844842140276,-0.018789252828902713,0.7158229082988634,0.010393748628499497,1.2475930406588405,0.05448613086469353,-0.30776794100644933,0.18127531725279863,-1.299265961628133,0.31054665235047146,-0.7639787681093636,-0.03755032043134333,-0.20101166653019284,0.061068751373538295,0.5593934265334013,56.42068928227502,75.59055118110236,218,33,0.6919040944154854,56.91904094415485,76.32170978627671,209,48,1.2475930406588405,62.475930406588404,87.85151856017997,109,30,1.0070126054090582,60.07012605409058,86.89538807649045,117,16,0.10101349056292626,51.010134905629265,54.105736782902135,409,70
"Kirby, Zach",813716.0,WAS_WIL3,Curveball,105,29,10,48,24,5,15,12,1,0,4,9,2,1,926.3563,0.2318657633976553,0.3448275862068966,0.4571428571428571,0.2083333333333333,0.3333333333333333,77.19635833333334,0.0833333333333333,0.0,0.3333333333333333,0.75,0.1666666666666666,0.0833333333333333,0.9489339367613653,-0.0030878310302214825,2.9991906690896895,-0.08798425746841514,0.38654296638468577,0.005612603871905637,1.1178317697704383,0.04881906688118435,-0.7105045603396153,0.4184871860400334,-1.134034563570799,0.2710535392810017,-0.7639787681093636,-0.03755032043134333,0.1853211801385213,-0.05630187177434374,0.5590481153698014,56.416725818312074,75.47806524184477,219,34,2.8449970651511007,78.44997065151101,99.38132733408324,7,2,1.1178317697704383,61.17831769770439,85.71428571428571,127,34,0.4295932730472875,54.29593273047288,67.82902137232846,287,33,2.7295190711385184,77.29519071138519,99.49381327334083,5,3
"Moore, Kyle",1000517760.0,SCH_BOO,Four-Seam,183,89,9,47,58,10,54,76,7,2,27,19,16,41,5862.57838,0.2088194821264481,0.1011235955056179,0.2568306010928962,0.1724137931034483,0.1851851851851851,77.13918921052631,0.0921052631578947,0.0263157894736842,0.3552631578947368,0.25,0.2105263157894736,0.5394736842105263,-1.2636481430475637,0.004111911057476772,-0.23431761571808832,0.006873941574705839,-0.03249144245519484,-0.0004717757444494291,-0.09327342518798397,-0.004073530298234824,-0.7274879561904668,0.42849040619618495,-1.023880298199243,0.24472479723468846,0.17090590944320658,0.008400196355043046,0.4267792093064672,-0.12965851124176986,0.5583974351336449,56.409257343674525,75.36557930258716,220,41,-1.051075929513345,39.489240704866546,14.848143982002249,761,194,-0.09327342518798397,49.06726574812016,53.374578177727784,417,92,-0.14782605931448317,48.52173940685517,42.68841394825647,513,141,-1.0152012080376687,39.847987919623314,16.310461192350957,745,188
"McEvoy, Aidan",1000079355.0,FLO_Y'A,Cutter,85,44,15,29,25,4,13,23,2,0,6,4,4,15,1811.54618,0.2141376843814517,0.3409090909090909,0.3411764705882353,0.16,0.3076923076923077,78.76287739130434,0.0869565217391304,0.0,0.2608695652173913,0.1739130434782608,0.1739130434782608,0.6521739130434783,0.9133580216900044,-0.002972067002579274,1.1272219784167354,-0.033068183958833354,-0.1773097341502579,-0.002574537339861745,0.9082174091045578,0.03966457890782335,-0.2451342351864823,0.14438406452483807,-1.0885360626564606,0.2601786240879593,-0.7639787681093636,-0.03755032043134333,-0.6125401336338231,0.18609398037889088,0.5541561391668939,56.36057596440728,75.25309336332958,221,13,-1.6439566026144568,33.56043397385543,2.530933633295838,867,38,0.9082174091045578,59.08217409104558,82.95838020247469,154,3,0.33419355726577743,53.341935572657775,64.1732283464567,319,17,-1.9404226482521862,30.595773517478136,2.418447694038245,868,38
"Glickstein, Aaron",1000292360.0,SCH_BOO,Four-Seam,195,104,28,57,89,22,53,70,10,1,21,19,15,36,5437.15099,0.2071359341877289,0.2692307692307692,0.2923076923076923,0.247191011235955,0.4150943396226415,77.67358557142857,0.1428571428571428,0.0142857142857142,0.3,0.2714285714285714,0.2142857142857142,0.5142857142857142,0.2625924367692718,-0.0008544757892472104,0.3383656070963599,-0.009926293449778814,0.8398534482173122,0.012194672068115373,1.786224731139001,0.07800979268303358,-0.5687332912099784,0.33498390852267723,-0.3865591914066694,0.0923942182524479,-0.2564699431522569,-0.01260575417587658,-0.1816950241967571,0.05520022021614418,0.5493962883275156,56.305942638701225,75.14060742407199,222,42,-0.8841013725991546,41.158986274008456,20.022497187851517,712,166,1.786224731139001,67.86224731139,94.03824521934759,54,5,-0.1973191449454921,48.02680855054508,40.382452193475814,527,146,-0.808418577237005,41.91581422762995,21.372328458942633,700,160
"Harris, Everette",810834.0,TRI_VAL,Slider,53,20,4,14,16,2,14,13,3,1,3,5,2,6,1007.87796,0.2143457376860665,0.2,0.2641509433962264,0.125,0.1428571428571428,77.52907384615385,0.2307692307692307,0.0769230769230769,0.2307692307692307,0.3846153846153846,0.1538461538461538,0.4615384615384615,-0.3659518842761186,0.0011908074314344898,-0.11615017078879054,0.0034073814102599594,-0.5856168621238382,-0.008503156838038132,-0.4393034808903899,-0.019185700920925995,-0.6116638053568314,0.3602699813551737,0.7174044351741995,-0.17147185588203165,1.968761058582765,0.09676657479040149,-0.943959448585413,0.28678148819638855,0.5492555195426624,56.30432690175239,75.0281214848144,223,72,-0.002133200180609807,49.9786679981939,54.16197975253093,410,94,-0.4393034808903899,45.6069651910961,37.96400449943757,551,161,0.5983773855838049,55.98377385583805,75.0281214848144,221,58,-0.3753858348943997,46.246141651056,36.33295838020247,565,125
"Langrell, Connor",815223.0,MIS_MUD,Curveball,117,43,19,31,57,14,30,21,2,0,6,13,4,4,1654.42728,0.2284597058702921,0.4418604651162791,0.2649572649572649,0.2456140350877192,0.4666666666666667,78.78225142857143,0.0952380952380952,0.0,0.2857142857142857,0.6190476190476191,0.1904761904761904,0.1904761904761904,1.8298928755517059,-0.005954471417045251,-0.10313425504179392,0.0030255465059060667,0.8214565738753409,0.01192754945266995,2.207826445233018,0.09642240434266158,-0.23937873417509345,0.14099407442913003,-0.984539489137973,0.2353216750752909,-0.7639787681093636,-0.03755032043134333,-0.33898768319759076,0.10298683106921046,0.5471732890264804,56.28042716585216,74.9156355455568,224,35,1.8245969951199366,68.24596995119937,95.3880764904387,42,10,2.207826445233018,72.07826445233017,97.41282339707537,24,11,0.1161370640508975,51.16137064050898,53.374578177727784,417,44,1.8499213132551013,68.499213132551,97.07536557930258,28,11
"Jones, Breyln",690202.0,NEW_JER6,Slider,104,50,14,32,24,4,22,36,5,0,9,13,6,17,2807.32247,0.2136070223742243,0.28,0.3076923076923077,0.1666666666666666,0.1818181818181818,77.98117972222222,0.1388888888888889,0.0,0.25,0.3611111111111111,0.1666666666666666,0.4722222222222222,0.36036599782077733,-0.0011726309569088094,0.5867092795490707,-0.017211703424851538,-0.09953694786957673,-0.0014452764830662542,-0.12079854325522024,-0.005275634779585234,-0.4773554115463587,0.28116233740080526,-0.4363908828842772,0.10430483965435128,-0.7639787681093636,-0.03755032043134333,-0.7322193306996747,0.22245335820187606,0.5452649691812774,56.25852356778312,74.80314960629921,225,73,-0.1852819306990237,48.147180693009766,46.737907761529804,474,107,-0.12079854325522024,48.7920145674478,52.47469066366705,422,148,0.4295932730472875,54.29593273047288,67.82902137232846,285,74,-0.46309501303092293,45.36904986969077,32.170978627671545,604,132
"Dill, Austin",1000429156.0,TRI_VAL,Changeup,204,101,40,54,55,10,45,45,8,0,11,22,4,19,3493.29152,0.2084096997895106,0.396039603960396,0.2647058823529412,0.1818181818181818,0.2222222222222222,77.62870044444443,0.1777777777777777,0.0,0.2444444444444444,0.4888888888888889,0.0888888888888888,0.4222222222222222,1.4138864901692445,-0.004600786639010722,-0.10719215818644516,0.0031445891525575553,0.07721938458651913,0.0011212254641962578,0.2095028735516221,0.009149618996619991,-0.5820674450671325,0.34283772514454103,0.051959693596286737,-0.012419250084303668,-0.7639787681093636,-0.03755032043134333,-0.7933886980888881,0.24103704020029082,0.5427198418035479,56.22931072526282,74.69066366704162,226,35,0.8103811679374457,58.10381167937446,79.13385826771653,186,45,0.2095028735516221,52.09502873551622,63.10461192350956,327,40,1.4535502224354953,64.53550222435496,94.03824521934759,54,12,-0.05261605935199486,49.47383940648005,48.93138357705287,455,89
"Lawson, Nathan",1000569348.0,FLO_Y'A,Sinker,218,111,11,53,36,4,59,81,9,2,26,34,15,32,6263.03441,0.2129132815971761,0.0990990990990991,0.2431192660550458,0.1111111111111111,0.0677966101694915,77.32141246913581,0.1111111111111111,0.0246913580246913,0.3209876543209876,0.419753086419753,0.1851851851851851,0.3950617283950617,-1.2820284923262577,0.004171720714029642,-0.45565063005749235,0.013366966883366596,-0.7476435002085924,-0.010855783623028761,-1.052920338142326,-0.0459841899276898,-0.6733543682982125,0.3966057229276471,-0.785212723227538,0.18767918946767645,0.11319697873008333,0.005563744701562325,0.049389252606936086,-0.01500480066675543,0.5355425704768081,56.146930370225114,74.57817772778402,227,19,0.27166490200853416,52.71664902008534,64.0044994375703,321,67,-1.052920338142326,39.47079661857674,13.610798650168729,769,106,0.18579399938342897,51.85793999383429,56.13048368953881,393,64,0.17036016239952184,51.70360162399522,57.14285714285714,382,85
"Fauci, Sonny",688649.0,NEW_JER6,Slider,137,58,27,47,61,13,34,26,2,0,6,12,4,10,2076.8016,0.2627727460995054,0.4655172413793103,0.3430656934306569,0.2131147540983606,0.3823529411764705,79.8769846153846,0.0769230769230769,0.0,0.2307692307692307,0.4615384615384615,0.1538461538461538,0.3846153846153846,2.0446721209592678,-0.006653363081601457,1.1577184534366898,-0.03396282855001873,0.4423226286761582,0.006422524568377817,1.5185651063375625,0.06632029388908037,0.08583680438530664,-0.050557877782945605,-1.2145319113423205,0.29029377385330746,-0.7639787681093636,-0.03755032043134333,-0.943959448585413,0.28678148819638855,0.5210936906612451,55.98108686300413,74.46569178852643,228,74,0.5972626451523819,55.97262645152382,73.11586051743532,236,52,1.5185651063375625,65.18565106337563,90.77615298087738,83,32,0.5983773855838049,55.98377385583805,75.0281214848144,218,57,0.2561202476885668,52.56120247688567,60.798650168728905,348,72
"De Jesus, Larry",692356.0,DOW_EAS1,Four-Seam,89,39,7,20,26,5,32,28,6,0,3,9,2,17,2234.40815,0.198297351209423,0.1794871794871795,0.2247191011235955,0.1923076923076923,0.15625,79.80029107142857,0.2142857142857142,0.0,0.1071428571428571,0.3214285714285714,0.0714285714285714,0.6071428571428571,-0.5521872386599381,0.0017968172745994387,-0.7526723246902692,0.02208039531711374,0.19958915320996984,0.002898034504608762,-0.32981740857829994,-0.014404115684840093,0.06305323255044529,-0.037138353972212275,0.5104112551902862,-0.12199696698181664,-0.7639787681093636,-0.03755032043134333,-2.3051459207080116,0.7003194667325389,0.5160049567586484,55.92267863423528,74.35320584926885,229,43,-0.4944940731327101,45.0550592686729,34.13948256467941,586,105,-0.32981740857829994,46.701825914217004,42.857142857142854,509,130,1.683418109032847,66.83418109032847,95.3880764904387,41,6,-1.5707366340693003,34.292633659307,5.455568053993251,841,246
"Whitesell, Max",1000223610.0,FLO_Y'A,Slider,162,74,19,39,63,13,50,49,7,3,15,16,7,26,3824.97312,0.2145421474086565,0.2567567567567567,0.2407407407407407,0.2063492063492063,0.26,78.06067591836735,0.1428571428571428,0.0612244897959183,0.3061224489795918,0.3265306122448979,0.1428571428571428,0.5306122448979592,0.14934120775208376,-0.00048595629002528055,-0.49404559130994974,0.014493321466668686,0.3633963038011495,0.005276514331192691,0.5183346982660197,0.02263723127737188,-0.45373924775936136,0.2672524169302638,-0.3865591914066694,0.0923942182524479,1.41105905313539,0.06935496352065755,-0.11428388462497166,0.034720244136258765,0.505642953624836,55.80374408958668,74.24071991001125,230,75,-0.4547382262483794,45.452617737516206,35.8830146231721,571,130,0.5183346982660197,55.1833469826602,72.89088863892013,242,92,0.7430494820436775,57.43049482043678,79.6400449943757,190,53,-0.9424525212954312,40.575474787045685,17.885264341957257,731,161
"Long, Maddox",1000248716.0,WAS_WIL3,Sinker,285,123,19,63,51,13,73,84,13,1,20,48,12,24,6604.72844,0.2333042149285633,0.1544715447154471,0.2210526315789473,0.2549019607843137,0.1780821917808219,78.62771952380952,0.1547619047619047,0.0119047619047619,0.238095238095238,0.5714285714285714,0.1428571428571428,0.2857142857142857,-0.7793035244938646,0.0025358536687030355,-0.811857717947776,0.023816658013715956,0.9298087529041557,0.01350082309216834,-0.15134011261749666,-0.0066094767383439315,-0.28528597188130345,0.1680334374380877,-0.2370641169738432,0.05666235404673708,-0.34105474731177227,-0.01676318188512092,-0.8632965465337038,0.2622755339127649,0.5034520015487122,55.778596453154265,74.12823397075366,231,20,1.4535424241995127,64.53542424199513,91.11361079865017,81,12,-0.15134011261749666,48.48659887382503,51.5185601799775,432,28,0.7430494820436775,57.43049482043678,79.6400449943757,186,24,1.068056639580952,60.68056639580952,86.0517435320585,126,24
"Helt, Robert",836007.0,LAK_ERI24,Slider,233,83,28,77,71,9,38,45,8,0,15,22,13,10,3418.70783,0.2254914911544842,0.3373493975903614,0.3304721030042918,0.1267605633802817,0.2368421052631578,75.9712851111111,0.1777777777777777,0.0,0.3333333333333333,0.4888888888888889,0.2888888888888888,0.2222222222222222,0.8810396602878287,-0.002866903054576594,0.9544284512065173,-0.027999113044594393,-0.5650782741976018,-0.008204936541349179,0.329019833580413,0.014369283191957375,-1.0744405883509065,0.6328455065386839,0.051959693596286737,-0.012419250084303668,-0.7639787681093636,-0.03755032043134333,0.1853211801385213,-0.05630187177434374,0.5018723948001304,55.76046580728007,74.01574803149606,232,76,0.8103811679374457,58.10381167937446,79.13385826771653,187,36,0.329019833580413,53.29019833580413,67.66029246344208,289,109,-1.179481933134181,38.20518066865819,11.023622047244094,792,170,1.589299755363718,65.89299755363717,94.71316085489315,49,8
"Boies, Emiles",1000429129.0,QUE_CAP,Slider,82,32,4,14,23,2,21,23,5,1,5,6,3,14,1796.00155,0.2306595387339808,0.125,0.1707317073170731,0.0869565217391304,0.0952380952380952,78.08702391304348,0.217391304347826,0.0434782608695652,0.217391304347826,0.2608695652173913,0.1304347826086956,0.6086956521739131,-1.0468748987419585,0.0034065309205063327,-1.6241551215543324,0.047646214645917895,-1.0294289577472955,-0.014947308466490731,-0.8285872935555966,-0.03618689287145357,-0.44591197314870656,0.26264215218458814,0.5494099702597192,-0.1313183228615673,0.7806133078470568,0.03836792469399069,-1.0912569218972306,0.3315314916708319,0.5011417899163233,55.752079961604146,73.90326209223848,233,77,-0.9663786904989006,40.33621309501099,17.94150731158605,730,157,-0.8285872935555966,41.714127064444035,22.55343082114736,686,179,0.9065918519548374,59.065918519548376,84.92688413948257,133,37,-1.5834844276618143,34.16515572338186,5.230596175478065,843,179
"Lefebvre, Charles",1000429097.0,TRO_AIG,Slider,107,29,5,28,21,0,14,18,3,0,7,4,5,9,1345.04756,0.1935787789779142,0.1724137931034483,0.2616822429906542,0.0,0.0,74.72486444444445,0.1666666666666666,0.0,0.3888888888888889,0.2222222222222222,0.2777777777777778,0.5,-0.6164063263784965,0.0020057861860356273,-0.15600076890763537,0.004576438556674391,-2.043856604886625,-0.029676797902953796,-1.6071549188860101,-0.07018927677250872,-1.4447183631234237,0.8509391158796965,-0.08756904254101738,0.020930489841026353,-0.7639787681093636,-0.03755032043134333,0.7970148540306523,-0.24213869175849037,0.4988967435981366,55.726311434214175,73.79077615298087,234,78,-1.2675244292169254,37.32475570783075,8.773903262092238,813,174,-1.6071549188860101,33.928450811139896,1.968503937007874,874,189,-1.033202368935867,39.66797631064133,12.992125984251967,775,166,-0.6911388761858831,43.08861123814117,24.634420697412825,676,151
"Long, Jalon",809215.0,NEW_YOR13,Curveball,53,18,2,9,23,3,13,12,2,0,3,7,2,3,938.95513,0.2152226726245375,0.1111111111111111,0.1698113207547169,0.1304347826086956,0.2307692307692307,78.24626083333334,0.1666666666666666,0.0,0.25,0.5833333333333334,0.1666666666666666,0.25,-1.1729717532726696,0.0038168500851492666,-1.6390123131874907,0.04808206521966823,-0.5222151341776308,-0.007582563748259199,0.2793743271069152,0.012201114987740305,-0.3986070029380948,0.23477952473053784,-0.08756904254101738,0.020930489841026353,-0.7639787681093636,-0.03755032043134333,-0.7322193306996747,0.22245335820187606,0.49713051888639553,55.70603879685581,73.67829021372329,235,36,1.5463060669296191,65.4630606692962,92.35095613048368,70,16,0.2793743271069152,52.793743271069154,66.14173228346458,300,56,0.4295932730472875,54.29593273047288,67.82902137232846,288,34,1.3612558922087576,63.61255892208757,91.00112485939258,82,27
"Fuenmayor, Liu",673884.0,OTT_TIT,Sinker,81,38,6,23,18,2,16,27,4,1,11,12,6,9,2035.40347,0.2118150503856738,0.1578947368421052,0.2839506172839506,0.1111111111111111,0.125,75.3853137037037,0.1481481481481481,0.037037037037037,0.4074074074074074,0.4444444444444444,0.2222222222222222,0.3333333333333333,-0.7482244538008013,0.0024347223726678075,0.20346287144303493,-0.005968786796652873,-0.7476435002085924,-0.010855783623028761,-0.585284910639842,-0.025561147902373817,-1.2485168008349217,0.7353763956917688,-0.3201169361031908,0.07651338971657635,0.5517848521498085,0.02712077726801524,1.0009127453280289,-0.30408429841987245,0.4949752683071003,55.681300940387146,73.56580427446569,236,21,0.46406356841171714,54.64063568411717,69.46006749156356,273,57,-0.585284910639842,44.14715089360158,32.8458942632171,597,53,-0.30180454794428985,46.9819545205571,36.895388076490434,559,88,0.6771243027438776,56.77124302743878,74.29696287964005,227,49
"Fritz, AJ",1000059998.0,MIS_MUD,Sinker,55,32,9,13,6,3,18,21,2,1,7,8,5,8,1647.7859,0.2382174160664603,0.28125,0.2363636363636363,0.5,0.1666666666666666,78.46599523809525,0.0952380952380952,0.0476190476190476,0.3333333333333333,0.3809523809523809,0.238095238095238,0.3809523809523809,0.37171471472854106,-0.0012095596817266725,-0.5647022927316809,0.016566106459576593,3.789102366164522,0.05501776635670886,-0.24466157455778645,-0.010685104945662207,-0.33332987089743754,0.1963312939585907,-0.984539489137973,0.2353216750752909,0.9277173150810016,0.04559823375354631,0.1853211801385213,-0.05630187177434374,0.48063853920198074,55.516744693313285,73.4533183352081,237,22,-0.03067585948218117,49.693241405178185,52.98087739032621,419,85,-0.24466157455778645,47.553384254422134,47.30033745781777,466,32,-0.5107753539418821,44.89224646058118,27.221597300337457,649,104,0.2861919659068036,52.861919659068036,62.09223847019123,339,74
"Turner, Eric",1000080978.0,JOL_SLA,Sinker,113,52,8,27,21,3,34,39,7,0,11,13,8,18,3005.25523,0.209799912774788,0.1538461538461538,0.2389380530973451,0.1428571428571428,0.088235294117647,77.05782641025641,0.1794871794871795,0.0,0.282051282051282,0.3333333333333333,0.2051282051282051,0.4615384615384615,-0.7849814316397128,0.0025543295785556254,-0.523145185836939,0.015346987171712444,-0.3772968988720123,-0.005478350971621618,-0.8858349130651861,-0.038687068158295874,-0.751658637437087,0.4427269374504442,0.07342565300202682,-0.017549979303585445,-0.7639787681093636,-0.03755032043134333,-0.379319134223446,0.11523980821102245,0.47660234354688846,55.470417444985735,73.3408323959505,238,23,-0.40173043040260414,45.98269569597396,38.02024746906636,564,114,-0.8858349130651861,41.14165086934814,19.17885264341957,720,88,-0.07675906456226599,49.23240935437734,45.44431946006749,486,77,-0.3753858348943997,46.246141651056,36.33295838020247,572,115
"Heredia-Bustos, Rolando",837343.0,DOW_EAS1,Slider,449,233,55,124,139,29,127,152,22,1,48,37,31,84,11753.28773,0.2106647602103235,0.2360515021459227,0.2761692650334075,0.2086330935251798,0.2283464566929134,77.32426138157895,0.1447368421052631,0.006578947368421,0.3157894736842105,0.2434210526315789,0.2039473684210526,0.5526315789473685,-0.038641250713140445,0.000125738629820559,0.07785364779741222,-0.002283914611784885,0.3900399441850761,0.0056633799895673045,0.25956824578415544,0.01133612399813142,-0.6725080336792677,0.3961072318370887,-0.3629547059699072,0.08675234495680931,-0.5302575987212228,-0.02606269123474682,-0.007845243195835771,0.002383439799597278,0.4740216533644828,55.440796414403145,73.22834645669292,239,79,-1.1023400478641934,38.97659952135807,12.823397075365579,776,164,0.25956824578415544,52.595682457841555,65.24184476940383,310,118,-0.06121315946021834,49.38786840539782,46.11923509561305,480,114,-1.1232219853215974,38.76778014678403,13.667041619797526,769,166
"Whitesell, Max",1000223610.0,FLO_Y'A,Changeup,62,28,5,12,18,2,13,16,2,0,2,10,1,5,1300.37144,0.2537596555379256,0.1785714285714285,0.1935483870967742,0.1111111111111111,0.1538461538461538,81.273215,0.125,0.0,0.125,0.625,0.0625,0.3125,-0.5605013169806451,0.0018238712854550191,-1.2558405483258812,0.036841338325688054,-0.7476435002085924,-0.010855783623028761,-0.3494687548907266,-0.015262348932342702,0.5006189832365103,-0.2948645811263046,-0.6108018030559076,0.14599201456101388,-0.7639787681093636,-0.03755032043134333,-2.108530096956969,0.640586203166206,0.4667103932253436,55.3568781425954,73.11586051743532,240,36,1.8709788164849894,68.7097881648499,95.78177727784028,40,11,-0.3494687548907266,46.505312451092735,41.676040494938135,525,77,1.8009641874064928,68.00964187406493,96.45669291338582,35,10,0.8481572001100975,58.48157200110097,79.41507311586051,187,46
"Hocom, Quinn",1000152021.0,TRI_VAL,Curveball,106,31,4,29,31,1,18,23,6,0,5,15,4,4,1764.64562,0.2441267972529045,0.1290322580645161,0.2735849056603773,0.032258064516129,0.0555555555555555,76.72372260869565,0.2608695652173913,0.0,0.217391304347826,0.6521739130434783,0.1739130434782608,0.1739130434782608,-1.0102661345233652,0.0032874060017390305,0.0361360434510784,-0.001060086970680836,-1.6675366712704223,-0.02421263246684653,-1.1529904707766025,-0.05035455283022656,-0.850911815351572,0.5011870592420758,1.0953919812317803,-0.26181730517807644,-0.7639787681093636,-0.03755032043134333,-1.0912569218972306,0.3315314916708319,0.4610110590374731,55.29146147482557,73.00337457817773,241,37,2.082721914021101,70.82721914021101,97.18785151856018,26,9,-1.1529904707766025,38.47009529223398,8.267716535433072,816,95,0.33419355726577743,53.341935572657775,64.1732283464567,318,36,1.9858977782419098,69.8589777824191,97.97525309336334,19,8
"Salata, Derek",1000057774.0,SCH_BOO,Splitter,92,47,17,27,32,8,27,28,5,1,7,12,5,11,2197.63555,0.2010343819484557,0.3617021276595745,0.2934782608695652,0.25,0.2962962962962963,78.48698392857143,0.1785714285714285,0.0357142857142857,0.25,0.4285714285714285,0.1785714285714285,0.3928571428571428,1.1021374518771816,-0.0035863552684083488,0.35726132130471755,-0.010480618121795194,0.8726228806389486,0.012670484226877533,0.8150554710308329,0.03559591758632956,-0.32709470021008386,0.19265877842373938,0.06192603189180843,-0.014801374364684377,0.5047932942834102,0.024811095207323896,-0.7322193306996747,0.22245335820187606,0.45932128589125854,55.2720663446457,72.89088863892013,242,10,0.3403787114382422,53.403787114382425,66.31046119235096,302,11,0.8150554710308329,58.15055471030833,80.70866141732283,173,12,0.27286516854909265,52.728651685490924,59.786276715410565,360,10,0.1884588816975349,51.88458881697535,57.98650168728909,376,11
"Sanchez, Edwin",835958.0,LAK_ERI24,Four-Seam,178,71,11,48,44,7,44,55,5,0,12,9,8,38,4398.99744,0.2006891924225083,0.1549295774647887,0.2696629213483146,0.1590909090909091,0.1590909090909091,79.98177163636363,0.0909090909090909,0.0,0.2181818181818181,0.1636363636363636,0.1454545454545454,0.6909090909090909,-0.7751450572884547,0.0025223220164166315,-0.027173955727293607,0.0007971751652158853,-0.1879151140976237,-0.0027285274566974963,-0.30659309020906883,-0.013389840028700662,0.11696618629528575,-0.0688930837279233,-1.0389013343862732,0.24831508024100388,-0.7639787681093636,-0.03755032043134333,-1.0825529802924414,0.32888717328370576,0.4579599790616774,55.25644133413254,72.77840269966255,243,44,-1.7240339922281132,32.75966007771887,1.687289088863892,875,263,-0.30659309020906883,46.934069097909315,44.20697412823397,498,124,0.7088542592440713,57.08854259244071,78.51518560179977,192,37,-2.2584221538690636,27.415778461309365,0.8998875140607425,882,269
"Odonnell, Brendan",1000423478.0,NEW_ENG23,Four-Seam,70,28,6,14,22,4,20,17,1,1,5,5,3,9,1359.70521,0.2483609143133203,0.2142857142857142,0.2,0.1818181818181818,0.2,79.98265941176471,0.0588235294117647,0.0588235294117647,0.2941176470588235,0.2941176470588235,0.1764705882352941,0.5294117647058824,-0.23625226247310244,0.0007687648620874753,-1.1516964276199055,0.03378616640065755,0.07721938458651913,0.0011212254641962578,0.027837094307859044,0.0012157294197071278,0.11722992028879353,-0.06904842305009938,-1.441818540344264,0.34461914205746497,1.3257634523022646,0.0651625994441086,-0.24646258966768897,0.07487705997917159,0.45250226457729426,55.19379796502333,72.66591676040494,244,45,-0.707304782925306,42.926952170746944,25.30933633295838,665,146,0.027837094307859044,50.27837094307859,58.21147356580427,375,76,0.30052306934289097,53.00523069342891,61.64229471316085,341,81,-0.9325970842323116,40.674029157676884,18.222722159730033,728,180
"Walsh, John",1000208173.0,MIS_MUD,Slider,91,43,7,20,34,2,24,32,4,0,13,13,9,10,2423.16802,0.2225371810060497,0.1627906976744186,0.2197802197802197,0.0588235294117647,0.0833333333333333,75.724000625,0.125,0.0,0.40625,0.40625,0.28125,0.3125,-0.7037741550188611,0.002290081100431374,-0.8323974201807074,0.024419210718421232,-1.3576261377041374,-0.019712731519464077,-0.9259082467218983,-0.04043719085908546,-1.147902102349913,0.6761143382840987,-0.6108018030559076,0.14599201456101388,-0.7639787681093636,-0.03755032043134333,0.9881691271219432,-0.30021269800353617,0.45090270385053616,55.175438288403086,72.55343082114736,245,80,0.16644688131929436,51.66446881319294,59.617547806524186,360,81,-0.9259082467218983,40.74091753278102,17.435320584926885,739,184,-1.0789147327478403,39.2108526725216,12.092238470191226,783,167,0.8481572001100975,58.48157200110097,79.41507311586051,186,31
"Moore, Kyle",1000517760.0,SCH_BOO,Cutter,147,74,17,51,22,6,38,47,7,1,12,20,7,20,3686.52734,0.2371759149295254,0.2297297297297297,0.3469387755102041,0.2727272727272727,0.1578947368421052,78.43675191489362,0.1489361702127659,0.0212765957446808,0.2553191489361702,0.425531914893617,0.1489361702127659,0.425531914893617,-0.09603645511848889,0.00031250262495556287,1.2202390562141492,-0.035796932953098284,1.1377573793230913,0.016520237147771285,-0.3163717505750614,-0.013816903462864655,-0.3420172690862127,0.20144817149177927,-0.31022128105799224,0.07414815993463814,-0.008114560726436047,-0.00039883877426505815,-0.6736529151142581,0.2046604711821174,0.4470768671910337,55.13152552992176,72.44094488188976,246,14,0.3166943771241733,53.16694377124173,65.6355455568054,307,18,-0.3163717505750614,46.83628249424939,43.7007874015748,502,19,0.6630181095339609,56.63018109533961,77.72778402699663,199,11,-0.07978724304705397,49.20212756952946,47.750281214848144,466,24
"Burcham, Jacob",1000122547.0,GAT_GRI,Changeup,99,49,17,25,25,6,24,26,5,0,8,9,6,11,1998.76883,0.2032716947937212,0.3469387755102041,0.2525252525252525,0.24,0.25,76.87572423076924,0.1923076923076923,0.0,0.3076923076923077,0.3461538461538461,0.2307692307692307,0.4230769230769231,0.9681013685549144,-0.003150201853277691,-0.3038160105591358,0.00891274648576281,0.7559637012179256,0.01097659294168428,0.43658509760632624,0.019066980967761084,-0.8057562560059949,0.47459043478753093,0.23442034854507,-0.056030448448197,-0.7639787681093636,-0.03755032043134333,-0.09699897704246174,0.029468968218339175,0.4462847526682603,55.12243367974,72.32845894263217,247,37,-0.3018311228471059,46.981688771528944,41.90101237345332,515,105,0.43658509760632624,54.365850976063264,70.3599550056243,257,33,-0.4143272896353009,45.85672710364699,31.777277840269967,599,98,-0.05963279360291668,49.40367206397083,48.4251968503937,456,90
"Hargrove, Dawson",1000471986.0,LAK_ERI24,Four-Seam,127,62,11,30,14,4,39,48,8,2,11,12,6,30,3794.83425,0.2089638897835563,0.1774193548387097,0.2362204724409448,0.2857142857142857,0.1025641025641025,79.05904687499999,0.1666666666666666,0.0416666666666666,0.2291666666666666,0.25,0.125,0.625,-0.5709609639002424,0.0018579069765313888,-0.5670132932627373,0.016633901971155662,1.2892628071426018,0.018720095959710577,-0.7686974762224881,-0.033571324879064716,-0.15715031425902243,0.0925615350985642,-0.08756904254101738,0.020930489841026353,0.7162553046822042,0.03520466448043502,-0.9616044584092244,0.2921421656959312,0.44447943514428967,55.101712337072286,72.21597300337457,248,46,-1.051075929513345,39.489240704866546,14.848143982002249,751,188,-0.7686974762224881,42.31302523777512,25.47806524184477,662,192,0.9781416387909692,59.781416387909694,86.22047244094489,123,23,-1.7173362603832036,32.82663739616797,3.9932508436445446,854,257
"Shinn, Nathan",1000490914.0,LAK_ERI24,Four-Seam,250,103,17,66,55,8,57,73,11,0,22,22,16,35,5651.82837,0.2137684022587389,0.1650485436893204,0.264,0.1454545454545454,0.1403508771929824,77.42230643835617,0.1506849315068493,0.0,0.3013698630136986,0.3013698630136986,0.2191780821917808,0.4794520547945205,-0.6832752308233061,0.002223377601099038,-0.1185867502166282,0.0034788609043550052,-0.34699581330811025,-0.0050383792092337605,-0.4597921026096113,-0.020080500497269553,-0.6433815064787806,0.37895170731600175,-0.28826106027275566,0.06889929384321325,-0.7639787681093636,-0.03755032043134333,-0.16661216648434843,0.050617942463110445,0.4415019819899329,55.06753728128887,72.10348706411699,249,47,-0.6507944574587787,43.49205542541221,27.671541057367826,644,134,-0.4597921026096113,45.40207897390388,37.34533183352081,558,150,-0.2617279550132446,47.382720449867556,38.188976377952756,551,154,-0.5224488952219398,44.775511047780604,30.25871766029246,621,126
"Thompson, Ross",1000103401.0,SCH_BOO,Splitter,175,89,41,62,65,15,44,39,6,1,11,21,7,11,3049.44768,0.2287193810663051,0.4606741573033708,0.3542857142857142,0.2307692307692307,0.3409090909090909,78.19096615384616,0.1538461538461538,0.0256410256410256,0.282051282051282,0.5384615384615384,0.1794871794871795,0.282051282051282,2.000701888848598,-0.006510283946313338,1.3388358304058507,-0.03927608792078604,0.6482783048292883,0.009413000986121266,1.179763285421721,0.05152380196422282,-0.4150335525170796,0.24445476243255987,-0.24856373808406054,0.0594109589856379,0.14693450745467804,0.00722197797590488,-0.379319134223446,0.11523980821102245,0.4414779386883698,55.06726131349709,71.9910011248594,250,11,1.1966584904853736,61.96658490485373,87.570303712036,114,7,1.179763285421721,61.79763285421721,86.50168728908886,121,10,0.2608091605107689,52.60809160510769,59.5050618672666,361,11,1.098128357799189,60.98128357799189,86.50168728908886,121,6
"Campbell, AJ",1000132168.0,WIN_CIT29,Slider,401,181,45,113,98,24,97,112,18,5,33,34,25,53,8747.24334,0.2189069983185696,0.2486187845303867,0.2817955112219451,0.2448979591836734,0.2474226804123711,78.10038696428572,0.1607142857142857,0.0446428571428571,0.2946428571428571,0.3035714285714285,0.2232142857142857,0.4732142857142857,0.07545677335182856,-0.0002455363404868501,0.16867441943540487,-0.004948232768557038,0.8131028911384259,0.011806253979329944,0.4155156129002193,0.018146813362191278,-0.44194217305595024,0.26030393992995465,-0.16231657975742977,0.038796421943881595,0.8219863098816029,0.040401449116990666,-0.24067977132207008,0.07312019928604414,0.4373813085093484,55.020240400779386,71.8785151856018,251,81,-0.6336395372278693,43.663604627721305,28.1214848143982,640,138,0.4155156129002193,54.155156129002194,69.17885264341957,275,103,-0.3148652233191394,46.85134776680861,36.107986501687286,569,126,-0.4712394367150286,45.28760563284971,31.946006749156357,606,133
"Eisenbarger, Jack",1000570067.0,QUE_CAP,Changeup,166,75,38,53,58,17,48,29,6,1,7,11,4,14,2273.26346,0.1980471825687745,0.5066666666666667,0.3192771084337349,0.293103448275862,0.3541666666666667,78.3883951724138,0.2068965517241379,0.0344827586206896,0.2413793103448276,0.3793103448275862,0.1379310344827586,0.4827586206896552,2.4182666637619823,-0.00786903972388149,0.7737150569984005,-0.022697704912105078,1.3754641712468052,0.019971739766503613,1.2881434378114667,0.05625708835954018,-0.35638274575033324,0.20990943724694627,0.41762120899060196,-0.0998185685093067,0.4610425335112442,0.022660701564611162,-0.8271373145794879,0.2512901061304505,0.42970375992275844,54.93211788881218,71.7660292463442,252,38,-0.043470844686333256,49.56529155313667,52.53093363329584,423,91,1.2881434378114667,62.88143437811467,88.30146231721034,105,11,0.8079024908015509,58.07902490801551,81.66479190101236,163,34,-0.549594409400046,44.504055905999536,29.133858267716533,630,114
"Rodriguez, Leonardo",673164.0,NEW_JER6,Slider,68,25,11,19,18,6,15,11,1,0,4,4,2,5,857.44692,0.2179913084256832,0.44,0.2794117647058823,0.3333333333333333,0.4,77.94972,0.0909090909090909,0.0,0.3636363636363636,0.3636363636363636,0.1818181818181818,0.4545454545454545,1.8130017620145686,-0.005899507733595407,0.1301951757757041,-0.0038194056765560556,1.8447827091474729,0.026786244936821305,1.6628291075017283,0.07262073561192298,-0.48670124177120505,0.28666703140323974,-1.0389013343862732,0.24831508024100388,-0.7639787681093636,-0.03755032043134333,0.5189722749887742,-0.15766740994751452,0.42945244840397867,54.92923334798884,71.65354330708661,253,82,-0.16560479436233488,48.34395205637665,47.63779527559055,468,105,1.6628291075017283,66.62829107501729,92.68841394825647,67,24,0.2301211400495842,52.301211400495845,58.38020247469067,377,94,-0.31797619102322056,46.82023808976779,38.02024746906636,554,124
"Flontek, Zac",1000563032.0,DOW_EAS1,Four-Seam,369,133,35,103,87,19,83,74,5,0,24,16,15,43,5823.49713,0.1897225364878476,0.2631578947368421,0.2791327913279133,0.2183908045977011,0.2289156626506024,78.69590716216216,0.0675675675675675,0.0,0.3243243243243243,0.2162162162162162,0.2027027027027027,0.581081081081081,0.20745697001090416,-0.0006750649804154822,0.12569189301761566,-0.0036872973735647733,0.5038726008598525,0.007316230164485058,0.26422148175757487,0.011539344772798566,-0.26502927390490405,0.15610224232998848,-1.3320145270088664,0.31837411620207823,-0.7639787681093636,-0.03755032043134333,0.08612761139925665,-0.026166171236373964,0.4252530794476528,54.881033204813605,71.54105736782903,254,48,-1.3143241048285104,36.856758951714895,8.098987626546682,818,230,0.26422148175757487,52.64221481757575,65.41057367829022,309,57,-0.04482693516346558,49.55173064836534,46.56917885264342,476,125,-1.3567804226922526,36.432195773077474,9.111361079865016,809,228
"De Los Santos, Enmanuel",679735.0,NEW_ENG23,Curveball,105,25,10,36,23,9,20,13,2,1,5,4,3,6,1004.31188,0.2454507387808431,0.4,0.3428571428571428,0.391304347826087,0.45,77.25476,0.1538461538461538,0.0769230769230769,0.3846153846153846,0.3076923076923077,0.2307692307692307,0.4615384615384615,1.449842820966121,-0.004717788539423757,1.1543519594409801,-0.033864069082160594,2.52106780724036,0.036605904561130026,2.0715771108001957,0.09047198715997694,-0.6931550091369926,0.4082683003816886,-0.24856373808406054,0.0594109589856379,1.968761058582765,0.09676657479040149,0.749961494500488,-0.22784355175970974,0.42509831649754093,54.87925684354809,71.42857142857143,255,38,-0.6015290455136011,43.98470954486399,29.527559055118108,623,82,2.0715771108001957,70.71577110800196,96.06299212598425,36,14,-0.4143272896353009,45.85672710364699,31.777277840269967,602,64,-0.3753858348943997,46.246141651056,36.33295838020247,563,82
"Gordillo, Lucas",808851.0,TRI_VAL,Slider,58,26,2,10,16,1,15,23,4,1,8,5,6,12,1763.9977,0.2527615660333548,0.0769230769230769,0.1724137931034483,0.0625,0.0666666666666666,76.69555217391304,0.1739130434782608,0.0434782608695652,0.3478260869565217,0.217391304347826,0.2608695652173913,0.5217391304347826,-1.4833640105790356,0.004826866490424181,-1.5970023230523525,0.04684966014906381,-1.3147367335052316,-0.01908997737049596,-1.062157581154721,-0.046387608041770126,-0.8592804874898274,0.5061162071315083,0.0034279592876593668,-0.0008193405450584789,0.7806133078470568,0.03836792469399069,0.3448934428929897,-0.10478104220499052,0.4250826903026719,54.8790774868786,71.31608548931383,256,83,-1.305167646556679,36.94832353443321,8.211473565804274,817,177,-1.062157581154721,39.37842418845279,12.429696287964004,777,186,-0.8106030321123433,41.893969678876566,17.66029246344207,732,155,-0.8696079864810692,41.30392013518931,19.910011248593925,712,157
"Calderon, Jean",703300.0,LAK_ERI24,Four-Seam,87,30,4,17,18,2,20,25,5,2,8,10,4,11,1930.59119,0.2417741611884386,0.1333333333333333,0.1954022988505747,0.1111111111111111,0.1,77.2236476,0.2,0.08,0.32,0.4,0.16,0.44,-0.9712167860235321,0.0031603394217205732,-1.2259140768586472,0.03596341535872528,-0.7476435002085924,-0.010855783623028761,-0.7896589122890756,-0.034486773676400795,-0.7023976593496536,0.41371222135694596,0.33101716587089636,-0.07911872993496404,2.0780706516504512,0.10213925059927133,0.03851469840441019,-0.011701034978148648,0.41881290452412084,54.80711320478116,71.20359955005624,257,49,0.11774596888598897,51.17745968885989,58.21147356580427,367,34,-0.7896589122890756,42.10341087710924,24.521934758155233,667,194,0.5173610115662758,55.173610115662754,71.09111361079866,257,52,-0.19856413177116936,48.014358682288304,42.68841394825647,509,77
"Scafidi, Christian",690280.0,LAK_ERI24,Four-Seam,300,132,26,78,89,13,85,101,9,0,36,21,19,61,7836.38523,0.2053832822107516,0.1969696969696969,0.26,0.146067415730337,0.1529411764705882,77.58797257425742,0.0891089108910891,0.0,0.3564356435643564,0.2079207920792079,0.1881188118811881,0.6039603960396039,-0.393463925264638,0.0012803316128111321,-0.1831561050543331,0.005373067497873916,-0.33984611896157185,-0.004934565647322023,-0.35686690879658123,-0.01558544850787309,-0.5941665906825544,0.34996412191202453,-1.0615072502321008,0.253718278428726,-0.7639787681093636,-0.03755032043134333,0.4396888465095064,-0.13358054939151362,0.4186849154733835,54.805644152970146,71.09111361079866,258,50,-1.3789632607474815,36.210367392525185,6.749156355455568,830,237,-0.35686690879658123,46.431330912034184,40.83239595050618,527,134,0.14717233226836135,51.471723322683616,54.16197975253093,409,101,-1.5446099679935554,34.55390032006444,5.62429696287964,840,245
"Floyd, Conner",1000161370.0,QUE_CAP,Curveball,62,23,7,16,24,4,14,14,2,2,6,5,4,5,1077.8887,0.2328721971620837,0.3043478260869565,0.2580645161290322,0.1666666666666666,0.2857142857142857,76.99204999999999,0.1428571428571428,0.1428571428571428,0.4285714285714285,0.3571428571428571,0.2857142857142857,0.3571428571428571,0.5814192662850494,-0.0018919382924915506,-0.21439934126612692,0.0062896190753831,-0.09953694786957673,-0.0014452764830662542,0.7285479571052313,0.03181787493065676,-0.7711990249431815,0.4542362256915339,-0.3865591914066694,0.0923942182524479,4.311109481461732,0.2118953421233256,1.233938906810745,-0.374879277461452,0.4184167878363374,54.80256659759712,70.97862767154106,259,39,-0.21620314494239265,47.83796855057607,45.556805399325086,482,74,0.7285479571052313,57.28547957105231,78.45894263217097,188,45,-1.1376877719346632,38.62312228065337,11.586051743532058,786,81,0.4816581343253406,54.816581343253404,68.44769403824522,279,56
"McKillican, Adam",1000570064.0,QUE_CAP,Changeup,70,37,10,19,15,3,20,23,4,1,6,11,3,9,1803.79067,0.2109208924301344,0.2702702702702703,0.2714285714285714,0.2,0.15,78.42568130434782,0.1739130434782608,0.0434782608695652,0.2608695652173913,0.4782608695652174,0.1304347826086956,0.391304347826087,0.272030039187371,-0.0008851857475157053,0.0013277659105373643,-3.895134075152412e-05,0.28932698353383396,0.004201027800911269,-0.38091090899060837,-0.016635522128346836,-0.34530604722340047,0.20338526181458286,0.0034279592876593668,-0.0008193405450584789,0.7806133078470568,0.03836792469399069,-0.6125401336338231,0.18609398037889088,0.4136691949267032,54.74807396778486,70.86614173228347,260,39,0.7275660897899892,57.27566089789989,77.50281214848144,200,48,-0.38091090899060837,46.19089091009391,39.932508436445445,536,79,0.9065918519548374,59.065918519548376,84.92688413948257,134,27,0.20120667529004754,52.01206675290047,58.60517435320585,368,77
"Campbell, AJ",1000132168.0,WIN_CIT29,Cutter,91,44,12,32,18,4,24,27,2,0,11,13,8,6,2072.70702,0.2735121676455959,0.2727272727272727,0.3516483516483517,0.2222222222222222,0.1666666666666666,76.76692666666666,0.074074074074074,0.0,0.4074074074074074,0.4814814814814814,0.2962962962962963,0.2222222222222222,0.29433709944833186,-0.0009577729216048719,1.2962626294139592,-0.03802716049648791,0.5485696044694403,0.007965230656896272,-0.24466157455778645,-0.010685104945662207,-0.8380770615044368,0.49362738922611327,-1.2503085103518863,0.29884498921877684,-0.7639787681093636,-0.03755032043134333,1.0009127453280289,-0.30408429841987245,0.4091329518868157,54.696007201021985,70.75365579302587,261,15,0.7526615680164904,57.5266156801649,78.0652418447694,196,11,-0.24466157455778645,47.553384254422134,47.30033745781777,462,17,-1.2770016425997253,37.229983574002745,9.392575928008998,806,35,1.589299755363718,65.89299755363717,94.71316085489315,46,2
"Brouwer, Adam",10998502.0,LAK_ERI24,Four-Seam,190,120,26,45,56,9,52,85,7,0,27,23,19,43,6682.85571,0.2056419222737293,0.2166666666666666,0.2368421052631578,0.1607142857142857,0.173076923076923,78.62183188235294,0.0823529411764705,0.0,0.3176470588235294,0.2705882352941176,0.2235294117647059,0.5058823529411764,-0.21463565883926608,0.0006984244338629718,-0.5569786856936786,0.016339526723509756,-0.16897693562018506,-0.002453545105205087,-0.19225798439131644,-0.008396482952321963,-0.287035030474043,0.1690636329492113,-1.1463459226417383,0.27399616339206034,-0.7639787681093636,-0.03755032043134333,0.012607672216037324,-0.0038302990729376513,0.40786709993683634,54.681477816759205,70.64116985376828,262,51,-0.8906493944389272,41.09350605561073,19.910011248593925,713,167,-0.19225798439131644,48.07742015608684,49.26884139482565,452,106,-0.31901390843820965,46.809860915617904,35.9955005624297,570,164,-0.7394305177951687,42.605694822048314,22.272215973003377,692,154
"Simone, Andrew",1000132681.0,TRO_AIG,Slider,112,59,17,31,32,9,33,37,7,2,10,10,5,22,2902.58523,0.2093018052750516,0.288135593220339,0.2767857142857143,0.28125,0.2727272727272727,78.44824945945946,0.1891891891891892,0.054054054054054,0.2702702702702703,0.2702702702702703,0.1351351351351351,0.5945945945945946,0.4342288332882581,-0.0014129806235199918,0.0878045804253212,-0.002575835171357223,1.2371828163296452,0.01796389449310645,0.6223796445601748,0.027181186216876513,-0.33860166043093176,0.1994363779938188,0.19525947665622195,-0.046670334331940205,1.1563248938905093,0.05683452485961242,-0.5090338010363294,0.15464803199144414,0.4054048654280409,54.653216414370114,70.52868391451068,263,84,-0.8931270243242457,41.06872975675754,19.797525309336333,714,153,0.6223796445601748,56.22379644560175,75.59055118110236,219,83,0.8447109552316956,58.44710955231696,83.40832395950505,148,43,-1.4677206804433152,35.322793195566845,7.19910011248594,826,174
"Milburn, Isaac",830926.0,FLO_Y'A,Sinker,109,53,8,19,19,1,33,38,9,1,9,20,6,12,2948.55598,0.2307580001939574,0.1509433962264151,0.1743119266055046,0.0526315789473684,0.0303030303030303,77.59357842105264,0.2368421052631578,0.0263157894736842,0.2368421052631578,0.5263157894736842,0.1578947368421052,0.3157894736842105,-0.8113354912223284,0.0026400856884374567,-1.5663620091464503,0.045950795900320265,-1.4298609237233468,-0.020761580612462995,-1.3594288562808785,-0.059370336440354804,-0.5925012456408993,0.3489832336824897,0.7936650804314302,-0.18969944652947918,0.17090590944320658,0.008400196355043046,-0.8770941482004435,0.2664673418823321,0.40261028992632564,54.62114041897709,70.4161979752531,264,24,1.1020170412222696,61.0201704122227,86.0517435320585,124,23,-1.3594288562808785,36.405711437191215,4.386951631046119,851,138,0.5450771395196417,55.45077139519642,72.44094488188976,248,36,0.8211520057891155,58.21152005789116,78.34645669291339,194,38
"Cook, Cole",1000161363.0,SCH_BOO,Slider,213,120,56,79,105,37,77,47,5,1,14,22,6,19,3724.33587,0.2424889292881993,0.4666666666666667,0.3708920187793427,0.3523809523809524,0.4805194805194805,79.24118872340425,0.1063829787234042,0.0212765957446808,0.2978723404255319,0.4680851063829787,0.1276595744680851,0.4042553191489361,2.055107722713534,-0.006687320529709839,1.606900422253868,-0.047140030787239474,2.066990669949422,0.030012704527665603,2.3210726452810784,0.10136820563736053,-0.10304091113074564,0.06069109665600918,-0.8445866534987319,0.2018705681593064,-0.008114560726436047,-0.00039883877426505815,-0.20512159043092382,0.06231737502404767,0.402033759913175,54.61452303682571,70.3037120359955,265,85,0.648275057521147,56.48275057521147,75.0281214848144,223,48,2.3210726452810784,73.21072645281077,98.20022497187851,17,4,0.9431279133179682,59.431279133179686,85.60179977502813,129,35,0.09488465213546937,50.948846521354696,53.88076490438694,411,85
"Zentko, Dylan",1000303828.0,EVA_OTT,Slider,67,26,9,25,19,3,14,10,1,1,3,5,0,5,794.07671,0.224396172221063,0.3461538461538461,0.373134328358209,0.1578947368421052,0.2142857142857142,79.40767100000001,0.1,0.1,0.3,0.5,0.0,0.5,0.9609750157085942,-0.0031270127011157655,1.6430965429673186,-0.04820188018448926,-0.20186956139678983,-0.002931146031481388,0.14462223810742025,0.006316087004865364,-0.05358354206946501,0.031560706278914885,-0.9247414593648421,0.22102892939300647,2.788583006590405,0.137061643356925,-0.1816950241967571,0.05520022021614418,0.3969075473327695,54.55568462970025,70.1912260967379,266,86,0.896960567818878,58.96960567818878,81.55230596175478,182,34,0.14462223810742025,51.4462223810742,61.30483689538808,348,127,2.6237867360220166,76.23786736022016,99.15635545556806,16,6,-0.6911388761858831,43.08861123814117,24.634420697412825,690,154
"Tiburcio, David",696010.0,DOW_EAS1,Four-Seam,67,31,5,13,21,2,21,23,3,2,5,8,3,12,1853.74371,0.2263855007471596,0.1612903225806451,0.1940298507462686,0.0952380952380952,0.0952380952380952,80.59755260869565,0.1304347826086956,0.0869565217391304,0.217391304347826,0.3478260869565217,0.1304347826086956,0.5217391304347826,-0.7173960207746172,0.0023344066516006044,-1.248068599019466,0.036613340420835055,-0.9328168008768831,-0.013544499948732342,-0.8285872935555966,-0.03618689287145357,0.299898012026427,-0.17663992908356552,-0.5425540516844007,0.12967964177145042,2.3252053838034774,0.11428616981932471,-1.0912569218972306,0.3315314916708319,0.38807372843029125,54.454290505889766,70.07874015748031,267,52,-0.28880077838334517,47.11199221616655,42.63217097862767,511,72,-0.8285872935555966,41.714127064444035,22.55343082114736,691,201,0.9065918519548374,59.065918519548376,84.92688413948257,136,26,-0.8696079864810692,41.30392013518931,19.910011248593925,714,169
"Bell, Brendan",681141.0,NEW_ENG23,Four-Seam,140,50,8,33,14,5,40,36,5,0,9,17,6,13,2850.28026,0.2672406607087466,0.16,0.2357142857142857,0.3571428571428571,0.125,79.17445166666667,0.1388888888888889,0.0,0.25,0.4722222222222222,0.1666666666666666,0.3611111111111111,-0.7291108253245665,0.002372526625606139,-0.575184330854684,0.01687360752995301,2.1225426601499082,0.030819319425376666,-0.585284910639842,-0.025561147902373817,-0.12286668065183716,0.07236847490393208,-0.4363908828842772,0.10430483965435128,-0.7639787681093636,-0.03755032043134333,-0.7322193306996747,0.22245335820187606,0.3860806580073781,54.43141414500273,69.96625421822273,268,53,0.6805120681152975,56.80512068115298,75.70303712035995,217,11,-0.585284910639842,44.14715089360158,32.8458942632171,593,165,0.4295932730472875,54.29593273047288,67.82902137232846,277,59,0.4490804395889174,54.49080439588917,67.32283464566929,291,25
"Biddinger, Tyler",1000324948.0,WIN_CIT29,Slider,91,40,16,32,31,7,25,22,5,0,5,6,3,13,1714.46582,0.1993396656210126,0.4,0.3516483516483517,0.2258064516129032,0.28,77.93026454545453,0.2272727272727272,0.0,0.2272727272727272,0.2727272727272727,0.1363636363636363,0.5909090909090909,1.449842820966121,-0.004717788539423757,1.2962626294139592,-0.03802716049648791,0.5903829304267959,0.008572360149797077,0.6818338995854069,0.02977773189659347,-0.49248092964780965,0.29007126756255985,0.6734967909351878,-0.1609771824789558,-0.7639787681093636,-0.03755032043134333,-0.9824576518373652,0.2984775118317544,0.38562641949449405,54.42620041846799,69.85376827896513,269,87,-0.873981702483143,41.26018297516857,20.41619797525309,706,150,0.6818338995854069,56.81833899585407,76.82789651293588,206,79,0.8285375390426929,58.28537539042693,82.7896512935883,150,44,-1.4374642465112073,35.625357534887925,7.705286839145106,821,172
"Kelly, Colin",1000456530.0,SUS_COU1,Sinker,96,44,11,28,15,3,27,29,5,1,9,12,5,12,2247.50818,0.1884016402034841,0.25,0.2916666666666667,0.2,0.1111111111111111,77.5002820689655,0.1724137931034483,0.0344827586206896,0.3103448275862069,0.4137931034482758,0.1724137931034483,0.4137931034482758,0.08799679203444118,-0.0002863415612800716,0.32801795407749695,-0.009622734700817452,0.28932698353383396,0.004201027800911269,-0.6988260226671941,-0.030519828887944363,-0.6202170614718457,0.3653078492069171,-0.015399006607928013,0.00368062436240713,0.4610425335112442,0.022660701564611162,-0.06779344354098078,0.02059612270185475,0.3760174204866595,54.31590881685706,69.74128233970754,270,25,0.22522384460086958,52.2522384460087,61.92350956130483,338,70,-0.6988260226671941,43.01173977332806,28.346456692913385,636,61,0.35393142949643375,53.539314294964335,64.84814398200226,314,50,0.016583457743303876,50.16583457743304,51.74353205849269,430,95
"Vega, Lucas",837223.0,TRO_AIG,Changeup,74,29,7,13,17,2,16,19,5,0,4,7,4,8,1478.13854,0.2727768888571285,0.2413793103448276,0.1756756756756756,0.1176470588235294,0.125,77.7967652631579,0.2631578947368421,0.0,0.2105263157894736,0.3684210526315789,0.2105263157894736,0.4210526315789473,0.009729778877448192,-3.1660700467216414e-05,-1.5443479097410848,0.045304990280164464,-0.6713956705216494,-0.00974866513597435,-0.585284910639842,-0.025561147902373817,-0.5321399456642283,0.31343042799623044,1.1241278765460994,-0.26868567266841903,-0.7639787681093636,-0.03755032043134333,-1.1668437832019791,0.3544953092432437,0.37165326068106086,54.26581721270006,69.62879640044994,271,40,-0.12832179919808162,48.71678200801918,49.26884139482565,454,96,-0.585284910639842,44.14715089360158,32.8458942632171,607,86,-0.14782605931448317,48.52173940685517,42.68841394825647,518,83,-0.04301421248231169,49.569857875176886,49.26884139482565,454,88
"Ginn, Landon",701061.0,WAS_WIL3,Four-Seam,145,64,7,33,27,4,44,47,8,2,14,14,8,25,3665.45464,0.2432675942197453,0.109375,0.2275862068965517,0.1481481481481481,0.0909090909090909,77.98839659574467,0.1702127659574468,0.0425531914893617,0.2978723404255319,0.2978723404255319,0.1702127659574468,0.5319148936170213,-1.1887338600890085,0.0038681399807296334,-0.7063905321874588,0.020722672652251292,-0.3155724653159152,-0.004582112196387089,-0.8639767310706152,-0.037732455776046975,-0.47521147415814546,0.27989955827914764,-0.043038594837621645,0.010286955822303812,0.7477496466564952,0.0367526428828134,-0.20512159043092382,0.06231737502404767,0.37153277666885937,54.26443430333943,69.51631046119235,272,54,-0.6780476640667492,43.219523359332506,26.26546681664792,657,141,-0.8639767310706152,41.36023268929385,20.41619797525309,708,209,0.382908305749952,53.82908305749952,65.5793025871766,307,64,-0.953146718959667,40.46853281040333,17.66029246344207,733,182
"Wilcenski, Blaise",824656.0,WIN_CIT29,Four-Seam,76,42,3,18,30,2,21,32,1,0,13,8,10,14,2490.19141,0.2005102370980616,0.0714285714285714,0.2368421052631578,0.0666666666666666,0.0952380952380952,77.8184815625,0.03125,0.0,0.40625,0.25,0.3125,0.4375,-1.533248480503273,0.0049891905555576495,-0.5569786856936786,0.016339526723509756,-1.2661287420798062,-0.018384189334998784,-0.8285872935555966,-0.03618689287145357,-0.5256886221169446,0.30963059842688034,-1.7880755142144122,0.42738044518098617,-0.7639787681093636,-0.03755032043134333,0.9881691271219432,-0.30021269800353617,0.36600566024560205,54.20099434230768,69.40382452193475,273,55,-1.051075929513345,39.489240704866546,14.848143982002249,768,198,-0.8285872935555966,41.714127064444035,22.55343082114736,693,202,-1.4903260070556021,35.09673992944398,6.805399325084364,832,257,-0.1780401840872229,48.21959815912777,44.37570303712036,500,72
"Maher, Adam",1000133555.0,TRI_VAL,Slider,118,44,8,29,31,2,21,26,3,0,10,6,9,11,1995.71396,0.2379499473468949,0.1818181818181818,0.2457627118644068,0.064516129032258,0.0952380952380952,76.75822923076923,0.1153846153846153,0.0,0.3846153846153846,0.2307692307692307,0.3461538461538461,0.4230769230769231,-0.5310241302072316,0.0017279525196943317,-0.41297923244277396,0.012115158762941218,-1.2912167376542198,-0.018748467030739274,-0.8285872935555966,-0.03618689287145357,-0.8406608338185948,0.4951492311191523,-0.7315478247131912,0.17485236641947283,-0.7639787681093636,-0.03755032043134333,0.749961494500488,-0.22784355175970974,0.36351547672801476,54.172412142618,69.29133858267717,274,88,-1.2009248908465935,37.990751091534065,10.517435320584926,796,170,-0.8285872935555966,41.714127064444035,22.55343082114736,689,180,-1.93338430246396,30.666156975360398,3.655793025871766,857,184,-0.05963279360291668,49.40367206397083,48.4251968503937,460,102
"Hopewell, Chase",803045.0,FLO_Y'A,Four-Seam,253,116,20,62,77,9,62,80,13,2,22,28,14,38,6276.69755,0.213836006233198,0.1724137931034483,0.2450592885375494,0.1168831168831168,0.1451612903225806,78.458719375,0.1625,0.025,0.275,0.35,0.175,0.475,-0.6164063263784965,0.0020057861860356273,-0.4243341300410173,0.012448266038883283,-0.6803077545110332,-0.009878068595500201,-0.4204671673743314,-0.018363062600739173,-0.33549133248781837,0.19760439483532502,-0.13989231859250562,0.033436642313024914,0.12416167556557851,0.0061026705157237494,-0.45695717744821557,0.13882678920901004,0.3621834179017632,54.15712283919863,69.17885264341957,275,56,-0.271861330580456,47.28138669419544,43.30708661417323,505,70,-0.4204671673743314,45.79532832625669,38.582677165354326,547,144,0.31988359989855025,53.1988359989855,62.93588301462317,330,73,-0.48589939934641885,45.14100600653581,31.10236220472441,613,119
"Nova, Fraynel",805843.0,LAK_ERI24,Slider,327,132,46,103,109,26,69,67,7,1,18,24,14,29,5349.80114,0.2347047101832888,0.3484848484848485,0.3149847094801223,0.2385321100917431,0.3768115942028985,79.84777820895522,0.1044776119402985,0.0149253731343283,0.2686567164179104,0.3582089552238806,0.208955223880597,0.4328358208955223,0.9821381241613018,-0.0031958774560208758,0.7044256992131992,-0.02066503231211841,0.7388394180001606,0.010727948349362332,1.4732648161169313,0.06434189431427473,0.07716037316831266,-0.04544745979613615,-0.8685134612199584,0.2075894819604108,-0.2337456674079077,-0.011488833298766071,-0.5267998133478403,0.16004547089376733,0.3619075926547737,54.1539569310504,69.06636670416198,276,89,-0.2078959530561143,47.92104046943886,46.006749156355454,481,109,1.4732648161169313,64.73264816116931,90.43869516310461,86,33,-0.12714238173734624,48.72857618262654,43.869516310461194,500,117,-0.13974923691568042,48.6025076308432,45.78177727784027,483,107
"Aldeano, Austin",699054.0,TRO_AIG,Sinker,70,36,8,16,15,3,16,24,4,0,8,5,6,13,1853.6944,0.2171698972183546,0.2222222222222222,0.2285714285714285,0.2,0.1875,77.23726666666667,0.1666666666666666,0.0,0.3333333333333333,0.2083333333333333,0.25,0.5416666666666666,-0.16419691702698108,0.0005342967680057964,-0.6904867502077293,0.020256119304093947,0.28932698353383396,0.004201027800911269,-0.07434990651675787,-0.003247083467306366,-0.6983518040179244,0.41132921256655747,-0.08756904254101738,0.020930489841026353,-0.7639787681093636,-0.03755032043134333,0.1853211801385213,-0.05630187177434374,0.3601518706076014,54.133804842741476,68.95388076490438,277,26,-1.375748679068716,36.24251320931284,7.086614173228346,826,139,-0.07434990651675787,49.256500934832424,54.330708661417326,405,27,-0.6675034584400784,43.324965415599216,21.034870641169853,688,112,-1.033204670918323,39.66795329081677,15.579302587176603,750,132
"Nabholz, Nate",1000113106.0,TRI_VAL,Slider,98,46,16,39,31,7,26,31,5,1,12,11,5,15,2366.49034,0.2179680456940503,0.3478260869565217,0.3979591836734694,0.2258064516129032,0.2692307692307692,76.33839806451613,0.1612903225806451,0.032258064516129,0.3870967741935484,0.3548387096774194,0.1612903225806451,0.4838709677419355,0.976157245685536,-0.003176415677460734,2.043827765878752,-0.05995773133981906,0.5903829304267959,0.008572360149797077,0.5937958681057366,0.02593284694778183,-0.9653812866943376,0.5686095778629648,-0.1550829471235839,0.03706746077263765,0.3820089011486249,0.018776119500356063,0.7772828000341319,-0.23614395562996948,0.35968026258628827,54.12839174987293,68.8413948256468,278,90,-0.23415739837402552,47.658426016259746,44.99437570303712,490,111,0.5937958681057366,55.93795868105737,75.0281214848144,223,85,0.5003737073367949,55.00373707336795,70.4161979752531,264,68,-0.5587263104830031,44.41273689516997,28.74015748031496,634,137
"Gorgen, Grady",1000138303.0,NEW_YOR13,Cutter,78,34,9,23,18,3,20,22,5,0,1,15,1,6,1791.56162,0.2122076205713625,0.2647058823529412,0.2948717948717949,0.1666666666666666,0.15,81.4346190909091,0.2272727272727272,0.0,0.0454545454545454,0.6818181818181818,0.0454545454545454,0.2727272727272727,0.22151110859637058,-0.0007207971473725898,0.3797562191718115,-0.011140528445624263,-0.09953694786957673,-0.0014452764830662542,-0.38091090899060837,-0.016635522128346836,0.5485677610603193,-0.3231064112645281,0.6734967909351878,-0.1609771824789558,-0.7639787681093636,-0.03755032043134333,-2.984364220938884,0.9066707408707795,0.3550947024915423,54.075758924464125,68.7289088863892,279,16,2.313714384060494,73.13714384060495,98.08773903262093,18,1,-0.38091090899060837,46.19089091009391,39.932508436445445,534,23,2.0253703370289093,70.25370337028909,97.75028121484814,21,2,1.174674549627427,61.74674549627427,87.79527559055119,107,5
"O'Dell, Casey",1000220727.0,JOL_SLA,Four-Seam,127,62,17,33,28,3,32,42,6,0,11,13,5,24,3304.2133,0.2091926031665412,0.2741935483870967,0.2598425196850393,0.1071428571428571,0.09375,78.67174523809524,0.1428571428571428,0.0,0.2619047619047619,0.3095238095238095,0.119047619047619,0.5714285714285714,0.3076493773460017,-0.0010010910738838894,-0.185698205638496,0.005447642560610919,-0.7939368253756655,-0.011527962704454662,-0.840752412701384,-0.03671818011990754,-0.27220712622794574,0.16032999734826003,-0.3865591914066694,0.0923942182524479,-0.7639787681093636,-0.03755032043134333,-0.6011421148656465,0.18263118249098748,0.3540054863227169,54.06325695670845,68.61642294713161,280,57,-0.587257715862816,44.12742284137184,30.371203599550057,620,123,-0.840752412701384,41.59247587298616,21.766029246344207,697,205,1.0565056910400672,60.56505691040067,87.73903262092239,110,19,-1.2775373814414945,37.22462618558505,10.742407199100112,795,217
"Williams, Pierce",1000337420.0,NEW_ENG23,Changeup,505,233,81,144,149,33,129,129,20,4,38,41,21,67,10129.25596,0.2270305554103635,0.3476394849785407,0.2851485148514851,0.2214765100671141,0.2558139534883721,78.52136403100775,0.1550387596899224,0.0310077519379844,0.2945736434108527,0.3178294573643411,0.1627906976744186,0.5193798449612403,0.974463091267508,-0.003170902898984471,0.22279973971737493,-0.006536053164348911,0.5398701876595209,0.007838915124816243,0.48411393519917134,0.021142707891953407,-0.31688130422988475,0.1866430881914021,-0.23358748733587095,0.05583138046055787,0.33759077443319674,0.016592924154166053,-0.24144184815831427,0.07335172356343297,0.3516937833229953,54.03672334731998,68.50393700787401,281,41,-0.5225388953534394,44.77461104646561,32.8458942632171,598,115,0.48411393519917134,54.841139351991714,72.10348706411699,249,31,0.4806210280001875,54.80621028000188,69.85376827896513,269,53,-0.8502392458288789,41.49760754171121,20.58492688413948,707,120
"Smith, Jackson",1000333915.0,MIS_MUD,Cutter,99,58,16,29,29,8,26,34,5,0,10,12,5,17,2670.09034,0.2161024615605379,0.2758620689655172,0.2929292929292929,0.2758620689655172,0.3076923076923077,78.53206882352941,0.1470588235294117,0.0,0.2941176470588235,0.3529411764705882,0.1470588235294117,0.5,0.32279783150541985,-0.001050384143718636,0.3483996948722258,-0.010220653448771615,1.1743276550036623,0.017051237550653176,0.9082174091045578,0.03966457890782335,-0.31370120070598867,0.18477000721582731,-0.3337962239597898,0.07978297206219709,-0.7639787681093636,-0.03755032043134333,-0.24646258966768897,0.07487705997917159,0.34732449769183893,53.986572909198074,68.39145106861643,282,17,-0.24894325414125343,47.51056745858747,44.31946006749156,499,26,0.9082174091045578,59.08217409104558,82.95838020247469,155,4,0.6877336804560794,56.8773368045608,78.34645669291339,194,10,-0.6911388761858831,43.08861123814117,24.634420697412825,682,32
"Woolfolk, Dallas",663762.0,MIS_MUD,Slider,80,36,10,21,31,4,16,18,0,0,8,4,6,8,1404.11194,0.2596254572179386,0.2777777777777778,0.2625,0.1290322580645161,0.25,78.0062188888889,0.0,0.0,0.4444444444444444,0.2222222222222222,0.3333333333333333,0.4444444444444444,0.3401905010958634,-0.0011069798905659395,-0.14280025828076753,0.0041891883769245965,-0.5385768704218132,-0.007820136158524728,0.43658509760632624,0.019066980967761084,-0.46991695423941365,0.2767810860470146,-2.1805000846005806,0.521176588720977,-0.7639787681093636,-0.03755032043134333,1.408708527922783,-0.42797551174263687,0.3467608958896065,53.98010391639369,68.27896512935882,283,91,-1.2675244292169254,37.32475570783075,8.773903262092238,816,176,0.43658509760632624,54.365850976063264,70.3599550056243,274,102,-1.764600189927443,32.35399810072557,4.611923509561304,856,183,-0.23505114987596273,47.64948850124037,41.001124859392576,531,118
"Roland, Cole",813401.0,QUE_CAP,Changeup,71,26,5,17,11,2,18,17,2,1,6,6,5,6,1328.95506,0.2452416054930902,0.1923076923076923,0.2394366197183098,0.1818181818181818,0.1111111111111111,78.17382705882353,0.1176470588235294,0.0588235294117647,0.3529411764705882,0.3529411764705882,0.2941176470588235,0.3529411764705882,-0.43579014217005113,0.0014180611226213464,-0.5150971545721127,0.015110890126527499,0.07721938458651913,0.0011212254641962578,-0.6988260226671941,-0.030519828887944363,-0.42012511280351594,0.24745369144127088,-0.7031369960879473,0.1680616953939529,1.3257634523022646,0.0651625994441086,0.4012130650416261,-0.1218913376511013,0.34591699645363183,53.97041768161353,68.16647919010124,284,42,-0.24894325414125343,47.51056745858747,44.31946006749156,498,103,-0.6988260226671941,43.01173977332806,28.346456692913385,641,90,-1.2483193751098591,37.51680624890141,9.786276715410573,803,115,0.5161521640462589,55.16152164046259,69.79752530933632,270,58
"MacMillan, Blake",832350.0,TRO_AIG,Cutter,144,63,18,45,41,8,38,43,6,0,10,10,8,25,3419.41017,0.2130004956048785,0.2857142857142857,0.3125,0.1951219512195122,0.2105263157894736,79.52116674418605,0.1395348837209302,0.0,0.2325581395348837,0.2325581395348837,0.1860465116279069,0.5813953488372093,0.41224584654198376,-0.0013414479846476151,0.6643166771905427,-0.01948839404206176,0.23242006674309101,0.0033747393691096815,0.11388930552858813,0.004973887640350029,-0.019867034691786183,0.01170168343346206,-0.4282787470623413,0.10236590128659964,-0.7639787681093636,-0.03755032043134333,-0.924262693433251,0.2807974761038757,0.3448335253753444,53.95798165571468,68.05399325084365,285,18,-1.1869854525830352,38.13014547416965,10.967379077615298,793,36,0.11388930552858813,51.138893055285884,60.404949381327334,353,13,0.17445449828278428,51.74454498282784,55.118110236220474,399,19,-1.3593604286864642,36.40639571313535,8.998875140607424,810,36
"Allemann, Braeden",1000367619.0,QUE_CAP,Sinker,71,35,8,17,27,5,25,25,3,1,8,7,3,15,1969.03025,0.2229087107912327,0.2285714285714285,0.2394366197183098,0.1851851851851851,0.2,78.76121,0.12,0.04,0.32,0.28,0.12,0.6,-0.10655264067008505,0.00034672229274045676,-0.5150971545721127,0.015110890126527499,0.11649856957676172,0.0016915592302545802,0.027837094307859044,0.0012157294197071278,-0.2456295719201842,0.1446758178609885,-0.6735897343176945,0.1609993975274124,0.6570459417705438,0.032294465083964,0.03851469840441019,-0.011701034978148648,0.34463354656344586,53.95568630908861,67.94150731158605,286,27,-0.817311549833478,41.82688450166522,22.103487064116987,692,127,0.027837094307859044,50.27837094307859,58.21147356580427,366,23,1.043967442680211,60.439674426802114,87.5140607424072,111,14,-1.5120967835437393,34.8790321645626,6.130483689538808,832,142
"Almanzar, Elian",687038.0,DOW_EAS1,Four-Seam,147,39,12,39,20,5,30,23,4,0,7,10,5,8,1786.15009,0.1944626041649826,0.3076923076923077,0.2653061224489796,0.25,0.1666666666666666,77.65869956521739,0.1739130434782608,0.0,0.3043478260869565,0.4347826086956521,0.217391304347826,0.3478260869565217,0.6117837262389335,-0.0019907442451814897,-0.09750287924921432,0.002860344465654951,0.8726228806389486,0.012670484226877533,-0.24466157455778645,-0.010685104945662207,-0.5731555199185799,0.33758860123204354,0.0034279592876593668,-0.0008193405450584789,-0.7639787681093636,-0.03755032043134333,-0.13382334537041668,0.04065646908695018,0.3427303888442807,53.93384196163954,67.82902137232846,287,58,0.38877713373221057,53.88777133732211,67.37907761529809,289,21,-0.24466157455778645,47.553384254422134,47.30033745781777,459,109,-0.2382047374232822,47.61795262576718,38.863892013498315,543,152,0.5581448958804205,55.5814489588042,71.03487064116986,256,22
"Cameron, Zach",1000084075.0,WIN_CIT29,Changeup,212,90,34,71,53,11,49,50,7,1,12,20,7,23,3977.53226,0.2291247372209934,0.3777777777777777,0.3349056603773584,0.2075471698113207,0.2244897959183673,79.5506452,0.14,0.02,0.24,0.4,0.14,0.46,1.2480878537169824,-0.004061277875995061,1.0259964360102325,-0.03009863144679618,0.37737164724781286,0.005479436318038242,0.22804019796425062,0.009959199565692717,-0.011109784981129989,0.006543663353885563,-0.42243800927054664,0.10096986566181824,-0.05346641316940993,-0.0026279276736896674,-0.8423241920002583,0.25590398579902246,0.3420683137019763,53.92624269684911,67.71653543307087,288,43,0.11774596888598897,51.17745968885989,58.21147356580427,368,79,0.22804019796425062,52.280401979642505,64.0044994375703,321,38,0.7806642271232432,57.806642271232434,80.93363329583802,170,36,-0.36275571324274075,46.372442867572595,37.00787401574803,561,104
"Morgan, Cooper",692707.0,QUE_CAP,Cutter,115,64,14,38,24,5,28,44,7,4,18,10,10,24,3372.77536,0.2121330808156206,0.21875,0.3304347826086956,0.2083333333333333,0.1785714285714285,76.65398545454546,0.1590909090909091,0.0909090909090909,0.4090909090909091,0.2272727272727272,0.2272727272727272,0.5454545454545454,-0.19572113065965874,0.0006368765591665296,0.9538260127400332,-0.027981439909741616,0.38654296638468577,0.005612603871905637,-0.14734062139148482,-0.006434806958030316,-0.871628832445614,0.5133893823104666,-0.18270227172554224,0.04366894888102393,2.4656228452540616,0.12118782846708238,1.0194489172641548,-0.30971571720727104,0.3403636760146022,53.90667695222227,67.60404949381328,289,19,-1.2281701565435474,37.718298434564524,9.898762654668166,802,37,-0.14734062139148482,48.52659378608515,51.6872890888639,431,16,-0.36829525894352344,46.31704741056477,34.4206974128234,585,26,-1.0643015613485447,39.356984386514554,15.016872890888639,757,35
"Noriega, Branden",804447.0,LAK_ERI24,Curveball,128,43,28,52,43,18,29,12,0,0,5,6,4,2,949.94256,0.2558562925480026,0.6511627906976745,0.40625,0.4186046511627907,0.6206896551724138,79.16188,0.0,0.0,0.4166666666666667,0.5,0.3333333333333333,0.1666666666666666,3.7301431484796312,-0.01213788580515272,2.1776609311992496,-0.06388386107766118,2.8395509057608472,0.0412302791516475,3.466958225508756,0.1514124665826439,-0.1266013818510452,0.07456821391026561,-2.1805000846005806,0.521176588720977,-0.7639787681093636,-0.03755032043134333,1.102861690976718,-0.33505710175056375,0.33975837930081304,53.899729387344884,67.49156355455568,290,40,0.896960567818878,58.96960567818878,81.55230596175478,172,42,3.466958225508756,80.0,99.8875140607424,2,1,-1.764600189927443,32.35399810072557,4.611923509561304,851,88,2.0453874816736386,70.45387481673639,98.20022497187851,17,6
"Delaney, Carter",1000039247.0,WIN_CIT29,Four-Seam,155,71,15,38,39,6,37,44,7,0,11,13,9,22,3473.55073,0.2309181814897268,0.2112676056338028,0.2451612903225806,0.1538461538461538,0.1621621621621621,78.94433477272727,0.1590909090909091,0.0,0.25,0.2954545454545454,0.2045454545454545,0.5,-0.2636535910230348,0.0008579287851889553,-0.4226875826780776,0.012399962925444085,-0.24909999840934954,-0.0036169319769037553,-0.28148571899908986,-0.01229332580584725,-0.19122816863431388,0.11263339132561087,-0.18270227172554224,0.04366894888102393,-0.7639787681093636,-0.03755032043134333,-0.7322193306996747,0.22245335820187606,0.3385530119050496,53.88589424171734,67.37907761529809,291,59,-0.696887475452941,43.03112524547059,25.871766029246345,659,142,-0.28148571899908986,47.185142810009104,45.3318335208099,486,118,-0.06908705944696962,49.30912940553031,45.613048368953876,484,131,-0.6911388761858831,43.08861123814117,24.634420697412825,660,144
"Kines, Gunnar",665129.0,JOL_SLA,Four-Seam,564,273,65,157,182,23,113,174,23,3,68,33,40,101,13373.76638,0.2140830479504749,0.238095238095238,0.2783687943262411,0.1263736263736263,0.2035398230088495,76.86072632183908,0.132183908045977,0.0172413793103448,0.3908045977011494,0.1896551724137931,0.2298850574712643,0.5804597701149425,-0.02008622613474062,6.536057984244597e-05,0.11335919464363728,-0.0033255053340657433,-0.5695922495660062,-0.00827047946369841,0.05677500604580318,0.002479534839038362,-0.8102117279773883,0.4772147077786817,-0.5205892581395474,0.1244296827127402,-0.1514681172990597,-0.007444809433366084,0.8181077393372771,-0.24854685796484013,0.3366016337143324,53.86349642214972,67.2665916760405,292,60,-1.5212916357659505,34.78708364234049,4.499437570303712,850,248,0.05677500604580318,50.56775006045803,59.16760404949382,364,73,-0.40268700601209295,45.97312993987907,33.014623172103484,596,177,-1.3516797211864573,36.48320278813543,9.448818897637794,806,225
"Helt, Robert",836007.0,LAK_ERI24,Curveball,165,62,21,50,63,14,43,33,6,0,7,16,5,12,2624.25816,0.2529357967354422,0.3387096774193548,0.303030303030303,0.2222222222222222,0.3255813953488372,79.52297454545455,0.1818181818181818,0.0,0.2121212121212121,0.4848484848484848,0.1515151515151515,0.3636363636363636,0.8933896048434988,-0.0029070897741607453,0.5114536212300664,-0.01500400343240523,0.5485696044694403,0.007965230656896272,1.0544599863133115,0.04605143098226125,-0.01932998596591694,0.011385361733925077,0.10269741582803442,-0.024546428238969305,-0.7639787681093636,-0.03755032043134333,-1.1492831992624915,0.3491602809183397,0.33455446241454373,53.839999094151096,67.1541057367829,293,41,0.7788977497987429,57.78897749798743,78.51518560179977,192,46,1.0544599863133115,60.544599863133115,84.87064116985377,135,37,0.6290654060449896,56.290654060449896,76.4904386951631,210,24,0.42834917930210314,54.28349179302103,66.53543307086615,297,60
"Martinez, Gregory",1000051547.0,DOW_EAS1,Four-Seam,95,37,15,32,29,7,23,20,3,0,8,5,4,11,1527.18345,0.2197157729680739,0.4054054054054054,0.3368421052631579,0.2413793103448276,0.3043478260869565,76.3591725,0.15,0.0,0.4,0.25,0.2,0.55,1.498918353540235,-0.004877480322419925,1.0572551852489436,-0.03101563811446301,0.7720546225173772,0.011210233118952317,0.8808764055394426,0.03847051525912407,-0.9592097653541987,0.564974551793623,-0.29686214674697303,0.07095509972902125,-0.7639787681093636,-0.03755032043134333,0.9193535888090787,-0.27930605575531975,0.3328609052771746,53.82056053151332,67.04161979752531,294,61,-1.051075929513345,39.489240704866546,14.848143982002249,760,193,0.8808764055394426,58.80876405539443,82.11473565804275,159,25,-0.009245419547659513,49.9075458045234,48.59392575928009,459,117,-1.1016178298648116,38.983821701351886,14.285714285714285,764,196
"Sesar, Jorden",813853.0,SUS_COU1,Curveball,120,39,8,37,45,8,28,26,3,0,9,15,6,5,2028.19564,0.237642442780994,0.2051282051282051,0.3083333333333333,0.1777777777777777,0.2857142857142857,78.00752461538461,0.1153846153846153,0.0,0.3461538461538461,0.5769230769230769,0.2307692307692307,0.1923076923076923,-0.31939304568016413,0.0010393049706432541,0.5970569325679328,-0.017515262173812877,0.0300843625982264,0.0004368249449262473,0.7285479571052313,0.03181787493065676,-0.46952905831131736,0.2765526153453659,-0.7315478247131912,0.17485236641947283,-0.7639787681093636,-0.03755032043134333,0.3264812587290125,-0.0991872917706851,0.33044611223522374,53.792843659866385,66.92913385826772,295,42,1.4963564131518692,64.9635641315187,91.78852643419573,74,17,0.7285479571052313,57.28547957105231,78.45894263217097,196,50,-0.4143272896353009,45.85672710364699,31.777277840269967,614,67,1.8348854541459827,68.34885454145983,96.8503937007874,29,12
"Alpern, Liam",1000137537.0,FLO_Y'A,Four-Seam,264,91,18,66,57,10,67,68,8,0,21,17,12,39,5342.32082,0.2155546724048069,0.1978021978021978,0.25,0.175438596491228,0.1492537313432835,78.56354147058823,0.1176470588235294,0.0,0.3088235294117647,0.25,0.1764705882352941,0.5735294117647058,-0.3859056722458137,0.0012557370574878778,-0.3445794921485953,0.010108583981671191,0.002795665657636368,4.059306534888006e-05,-0.3870116254577502,-0.016901958718616324,-0.3043515308627356,0.17926305167815126,-0.7031369960879473,0.1680616953939529,-0.7639787681093636,-0.03755032043134333,-0.08454367599035957,0.02568496057160317,0.32996234259825563,53.78729097659225,66.81664791901012,296,62,-1.051075929513345,39.489240704866546,14.848143982002249,748,187,-0.3870116254577502,46.1298837454225,39.707536557930254,537,140,0.30052306934289097,53.00523069342891,61.64229471316085,335,77,-1.2947843963019536,37.05215603698046,10.348706411698538,798,219
"Kostura, Brit",1000146015.0,WAS_WIL3,Curveball,64,35,8,14,22,4,18,25,5,0,8,10,7,8,1929.78085,0.2356747387439791,0.2285714285714285,0.21875,0.1818181818181818,0.2222222222222222,77.191234,0.2,0.0,0.32,0.4,0.28,0.32,-0.10655264067008505,0.00034672229274045676,-0.8490275768181643,0.024907072993537668,0.07721938458651913,0.0011212254641962578,0.2095028735516221,0.009149618996619991,-0.7120268607913053,0.4193838210060788,0.33101716587089636,-0.07911872993496404,-0.7639787681093636,-0.03755032043134333,0.03851469840441019,-0.011701034978148648,0.3265383754087171,53.74799085543608,66.70416197975253,297,43,0.11774596888598897,51.17745968885989,58.21147356580427,375,64,0.2095028735516221,52.09502873551622,63.10461192350956,332,61,-1.0624582817755301,39.375417182244696,12.429696287964004,780,80,0.7865853570582583,57.86585357058258,76.94038245219348,206,50
"Hensey, Rob",802996.0,SUS_COU1,Sinker,469,224,39,130,121,19,117,164,25,2,53,71,29,64,12755.888,0.2314373252726923,0.1741071428571428,0.2771855010660981,0.1570247933884297,0.1623931623931624,77.77980487804878,0.1524390243902439,0.0121951219512195,0.3231707317073171,0.4329268292682927,0.1768292682926829,0.3902439024390244,-0.6010324487940878,0.0019557595883759617,0.09425807404582702,-0.0027651548602083817,-0.21201825034163727,-0.0030785049949605733,-0.27959730133543265,-0.01221085294122235,-0.537178416082312,0.31639808707248174,-0.2662338875948818,0.06363442511126587,-0.3307395272923191,-0.016256178505944775,0.0734259958899611,-0.022307331533341412,0.32537024893644606,53.73458315923319,66.59167604049495,298,28,0.37431662951023276,53.74316629510233,67.04161979752531,294,61,-0.27959730133543265,47.20402698664567,45.556805399325086,485,38,0.2958009887195597,52.958009887195594,60.742407199100114,350,56,0.20991248554834932,52.099124855483495,59.055118110236215,365,80
"Vailes, Gage",1000050773.0,GAT_GRI,Changeup,161,80,19,36,32,7,48,51,7,1,13,31,7,13,4059.10725,0.2350484724971873,0.2375,0.2236024844720497,0.21875,0.1458333333333333,79.59033823529411,0.1372549019607843,0.0196078431372549,0.2549019607843137,0.6078431372549019,0.1372549019607843,0.2549019607843137,-0.02549037704319889,8.294568689856919e-05,-0.7706971288881069,0.022609170973061504,0.5080629449482519,0.0073770739606486176,-0.4149732425988143,-0.018123126424018015,0.0006819392542959498,-0.0004016622207803144,-0.45690981466917513,0.10920921317278223,-0.06739802797215415,-0.0033126804728593486,-0.6782463594738986,0.20605599173268668,0.3234969264084199,53.7130812585897,66.47919010123734,299,44,1.7372900372563072,67.37290037256307,94.60067491563554,49,13,-0.4149732425988143,45.85026757401186,38.920134983127106,544,80,0.8168038841604744,58.16803884160474,82.11473565804275,160,32,1.3210128575343532,63.21012857534353,90.04499437570304,90,22
"Long, Jalon",809215.0,NEW_YOR13,Four-Seam,224,124,34,67,78,13,48,81,7,0,25,21,17,43,6419.65685,0.2021660470248583,0.2741935483870967,0.2991071428571428,0.1666666666666666,0.2708333333333333,79.25502283950618,0.0864197530864197,0.0,0.3086419753086419,0.2592592592592592,0.2098765432098765,0.5308641975308642,0.3076493773460017,-0.0010010910738838894,0.44812464090358345,-0.013146184465547524,-0.09953694786957673,-0.0014452764830662542,0.6068967656473542,0.026505002446116897,-0.09893117044434684,0.058270459391720285,-1.0952765813104368,0.26178972263507666,-0.7639787681093636,-0.03755032043134333,-0.08654267492464852,0.026292270440832693,0.3197145824599056,53.66966770723176,66.36670416197975,300,63,-0.978926429612152,40.210735703878484,17.491563554555682,736,179,0.6068967656473542,56.06896765647354,75.19685039370079,221,34,-0.13927169883505025,48.6072830116495,43.7570303712036,501,136,-0.9445209463580613,40.55479053641939,17.772778402699664,732,181
"Gollert, Harley",1000114236.0,TRO_AIG,Changeup,169,95,21,40,40,10,54,52,8,0,15,25,10,17,4085.6644,0.2555026160651941,0.2210526315789473,0.2366863905325443,0.25,0.1851851851851851,78.57046923076923,0.1538461538461538,0.0,0.2884615384615384,0.4807692307692308,0.1923076923076923,0.3269230769230769,-0.17481559951377826,0.0005688499608178344,-0.5594922856172885,0.016413265690868775,0.8726228806389486,0.012670484226877533,-0.09327342518798397,-0.004073530298234824,-0.3022934812069652,0.17805086043090249,-0.24856373808406054,0.0594109589856379,-0.7639787681093636,-0.03755032043134333,-0.3087390949282004,0.09379709821285177,0.31928766677837817,53.66476759076488,66.25421822272216,301,45,0.7471116064856301,57.471116064856304,77.89651293588301,197,47,-0.09327342518798397,49.06726574812016,53.374578177727784,416,56,0.09202504797425147,50.92025047974251,52.30596175478065,422,71,0.7297498096257913,57.29749809625791,75.81552305961755,216,50
"DeCastro, Justin",1000214319.0,LON_ISL22,Changeup,122,60,11,27,39,3,35,42,6,2,11,22,8,12,3335.90044,0.2345655762923109,0.1833333333333333,0.221311475409836,0.0769230769230769,0.0857142857142857,79.42620095238095,0.1428571428571428,0.0476190476190476,0.2619047619047619,0.5238095238095238,0.1904761904761904,0.2857142857142857,-0.5172681097129723,0.001683190429006012,-0.8076793731567251,0.02369408209092569,-1.1464783016479874,-0.016646864939928778,-0.9064440560886378,-0.03958713126155907,-0.048078795784564116,0.028318410717108264,-0.3865591914066694,0.0923942182524479,0.9277173150810016,0.04559823375354631,-0.6011421148656465,0.18263118249098748,0.31808532153253377,53.65096713322031,66.14173228346458,302,46,1.0824878532790898,60.8248785327909,85.77052868391452,127,34,-0.9064440560886378,40.93555943911362,18.11023622047244,729,98,0.1161370640508975,51.16137064050898,53.374578177727784,414,69,1.068056639580952,60.68056639580952,86.0517435320585,122,30
"Gregory, Ben",833406.0,GAT_GRI,Sinker,227,96,22,82,65,18,67,66,8,2,22,25,10,31,5177.98412,0.2112840650781124,0.2291666666666666,0.3612334801762114,0.2769230769230769,0.2686567164179104,78.45430484848485,0.1212121212121212,0.0303030303030303,0.3333333333333333,0.3787878787878788,0.1515151515151515,0.4696969696969697,-0.10114848976162602,0.00032913718568433105,1.450989020684054,-0.04256621391078741,1.1867052867724714,0.017230960763936286,0.5891030092848584,0.02572789572449762,-0.33680276858513125,0.1983768306966423,-0.6583684176481706,0.1573612440810128,0.3125551030117782,0.01536239586813191,0.1853211801385213,-0.05630187177434374,0.3155203786347741,53.62152684916951,66.02924634420697,303,29,-0.047541976342199845,49.524580236578004,52.30596175478065,425,88,0.5891030092848584,55.89103009284858,74.9156355455568,224,10,0.6290654060449896,56.290654060449896,76.4904386951631,209,27,-0.4423637527441087,45.57636247255891,33.74578177727784,590,119
"Daly, Ryan",831333.0,JOL_SLA,Changeup,266,120,33,62,101,19,62,71,12,1,19,38,13,20,5614.06569,0.2449172315473301,0.275,0.2330827067669172,0.1881188118811881,0.3064516129032258,79.07134774647888,0.1690140845070422,0.0140845070422535,0.2676056338028169,0.5352112676056338,0.1830985915492957,0.2816901408450704,0.3149711301897213,-0.001024916057637353,-0.6176641695637018,0.018119796078320757,0.15072201788509337,0.0021884836996915557,0.898074778749757,0.039221619812338133,-0.15349605896562676,0.09040917873075416,-0.05809114054017838,0.013884770138491816,-0.2636179547713688,-0.012957086094967547,-0.5383727439028729,0.1635614082069001,0.3134032545138916,53.59722660625026,65.91676040494939,304,47,1.1713319054713034,61.71331905471303,86.83914510686164,118,30,0.898074778749757,58.98074778749757,82.56467941507312,156,15,0.21326434007794806,52.13264340077948,57.03037120359955,383,65,1.1010931750883106,61.0109317508831,86.61417322834646,120,29
"Morgan, Cooper",692707.0,QUE_CAP,Sinker,126,45,14,44,41,13,32,29,5,0,9,11,5,13,2263.9933,0.2206251470999442,0.3111111111111111,0.3492063492063492,0.3170731707317073,0.40625,78.06873448275863,0.1724137931034483,0.0,0.3103448275862069,0.3793103448275862,0.1724137931034483,0.4482758620689655,0.64282295196957,-0.0020917458857089804,1.2568429988659091,-0.03687074621473031,1.6550929865116635,0.024031950164149354,1.7139226079140366,0.07485214205542971,-0.45134526684227416,0.2658423621700995,-0.015399006607928013,0.00368062436240713,-0.7639787681093636,-0.03755032043134333,-0.06779344354098078,0.02059612270185475,0.3124903889221578,53.58674878144397,65.80427446569179,305,30,-0.043470844686333256,49.56529155313667,52.53093363329584,424,87,1.7139226079140366,67.13922607914037,93.02587176602924,63,1,0.35393142949643375,53.539314294964335,64.84814398200226,315,51,-0.2665054758283713,47.334945241716284,39.76377952755906,536,110
"Webster, Evan",804248.0,FLO_Y'A,Four-Seam,567,283,60,159,199,36,172,208,26,1,61,60,40,108,16421.84501,0.2098973676363897,0.2120141342756183,0.2804232804232804,0.1809045226130653,0.2093023255813953,78.95117793269232,0.125,0.0048076923076923,0.2932692307692308,0.2884615384615384,0.1923076923076923,0.5192307692307693,-0.2568758772474336,0.000835874104563149,0.14652340509585254,-0.00429841061189193,0.06656071127258374,0.000966461527677916,0.10388323445641064,0.004536892498414821,-0.18919525140818572,0.11143600307942138,-0.6108018030559076,0.14599201456101388,-0.5931825289411058,-0.029155514479984292,-0.255804065456765,0.0777150657142234,0.3080283863934383,53.535534143490196,65.6917885264342,306,64,-0.7513780068468497,42.4862199315315,23.90326209223847,678,152,0.10388323445641064,51.038832344564106,60.01124859392576,357,70,0.09202504797425147,50.92025047974251,52.30596175478065,429,109,-0.8490153968316251,41.50984603168375,20.697412823397077,706,164
"Martinez, Mason",809209.0,TRI_VAL,Sinker,347,138,14,85,83,9,92,105,14,1,28,40,19,46,8314.51553,0.2309202514442986,0.1014492753623188,0.2449567723342939,0.108433734939759,0.0978260869565217,79.1858621904762,0.1333333333333333,0.0095238095238095,0.2666666666666666,0.3809523809523809,0.1809523809523809,0.4380952380952381,-1.2606913042505559,0.004102289504031308,-0.4259889813171723,0.012496812755920567,-0.7788775509237261,-0.011309302039412503,-0.8074305646064006,-0.03526291504805533,-0.11947692350308814,0.0703719079433189,-0.5061552509529298,0.12097970961701643,-0.4256395514712913,-0.02092060959436544,-0.5487112285320361,0.16670231220663229,0.30716020534508626,53.525569205598856,65.5793025871766,307,31,-0.03067585948218117,49.693241405178185,52.98087739032621,420,86,-0.8074305646064006,41.925694353935995,23.509561304836897,681,73,0.2415195476494534,52.41519547649453,59.280089988751406,363,58,-0.18292683829768633,48.17073161702314,43.64454443194601,502,103
"Long, Jalon",809215.0,NEW_YOR13,Slider,163,72,22,47,44,14,41,38,6,3,8,16,6,16,3083.14449,0.2393793147878089,0.3055555555555556,0.2883435582822086,0.3181818181818182,0.3414634146341463,81.13538131578947,0.1578947368421052,0.0789473684210526,0.2105263157894736,0.4210526315789473,0.1578947368421052,0.4210526315789473,0.5923842101572857,-0.0019276182198518076,0.2743752129674402,-0.008049071247612826,1.6680263766913777,0.024219742989558802,1.1842948597376686,0.0517217094093232,0.4596723339686844,-0.2707470047075551,-0.1977233079125734,0.047259231887339555,2.040675264548347,0.1003012299278158,-1.1668437832019791,0.3544953092432437,0.2972735292822613,53.4120904408817,65.46681664791902,308,92,0.28179114760870166,52.81791147608702,64.34195725534309,319,65,1.1842948597376686,61.84294859737669,86.61417322834646,120,49,0.5450771395196417,55.45077139519642,72.44094488188976,246,63,-0.04301421248231169,49.569857875176886,49.26884139482565,452,100
"Miner, Jace",701731.0,DOW_EAS1,Curveball,109,57,21,35,43,12,37,28,1,0,11,10,6,12,2206.21049,0.2512715501779583,0.3684210526315789,0.3211009174311927,0.2790697674418604,0.3243243243243243,78.79323178571428,0.0357142857142857,0.0,0.3928571428571428,0.3571428571428571,0.2142857142857142,0.4285714285714285,1.163138393822609,-0.0037848523334987694,0.8031555995766628,-0.023561372669180982,1.211748402211689,0.017594586800113724,1.0441834808878314,0.04560262516081426,-0.23611676787607708,0.13907277627900938,-1.7320148613021027,0.4139809961038447,-0.7639787681093636,-0.03755032043134333,0.840707259308661,-0.25541275032878635,0.29594168858097264,53.39680364108955,65.35433070866141,309,44,-0.21620314494239265,47.83796855057607,45.556805399325086,485,75,1.0441834808878314,60.44183480887831,84.70191226096738,137,38,-0.1973191449454921,48.02680855054508,40.382452193475814,530,59,-0.1047403709302708,48.952596290697294,46.737907761529804,475,77
"Daly, Ryan",831333.0,JOL_SLA,Four-Seam,604,249,49,202,178,34,150,186,19,4,66,53,36,97,14567.82248,0.2346918723285788,0.1967871485943775,0.3344370860927152,0.1910112359550561,0.2266666666666666,78.32162623655914,0.1021505376344086,0.021505376344086,0.3548387096774194,0.2849462365591398,0.1935483870967742,0.521505376344086,-0.3951212771314159,0.0012857246357856275,1.0184325511969947,-0.029876737321915037,0.1844647997845987,0.0026784288928723733,0.2458360294003743,0.010736396912002545,-0.3762179856924853,0.22159239357287383,-0.8977358975318156,0.21457414102036199,1.3011395962109473e-05,6.395231229336427e-07,0.4221058280967659,-0.12823870531659415,0.2927522819185101,53.36019579372639,65.24184476940383,310,65,-0.778769752466905,42.21230247533095,22.83464566929134,687,156,0.2458360294003743,52.45836029400374,64.45444319460067,317,60,0.07569110159974961,50.756911015997495,51.631046119235094,430,110,-0.867688963789723,41.32311036210277,20.247469066366705,710,167
"Johnston, Spencer",800918.0,DOW_EAS1,Slider,190,111,23,56,47,5,55,79,13,0,23,33,13,33,6162.54738,0.2129575986523429,0.2072072072072072,0.2947368421052631,0.1063829787234042,0.0909090909090909,78.00692886075949,0.1645569620253164,0.0,0.2911392405063291,0.4177215189873418,0.1645569620253164,0.4177215189873418,-0.300517840843966,0.0009778850541062652,0.377577765904681,-0.011076621340579722,-0.8028015046629774,-0.011656677847706432,-0.8639767310706152,-0.037732455776046975,-0.46970604085244555,0.2766568580620904,-0.11406184054177139,0.027262718940772573,-0.7639787681093636,-0.03755032043134333,-0.27925629370360316,0.08484001682121056,0.2917214034825033,53.34836342349921,65.12935883014623,311,93,0.2558346319880198,52.5583463198802,63.44206974128234,326,66,-0.8639767310706152,41.36023268929385,20.41619797525309,710,183,0.457367873844436,54.57367873844436,69.51631046119235,272,71,-0.01566718025853302,49.84332819741467,50.0562429696288,445,97
"Agosto, Justus",1000116159.0,TRI_VAL,Four-Seam,78,32,4,10,22,1,18,28,4,2,8,8,4,16,2227.38701,0.2201438182803316,0.125,0.1282051282051282,0.0454545454545454,0.0555555555555555,79.54953607142856,0.1428571428571428,0.0714285714285714,0.2857142857142857,0.2857142857142857,0.1428571428571428,0.5714285714285714,-1.0468748987419585,0.0034065309205063327,-2.3106335657325565,0.06778474628433027,-1.5135876075183394,-0.02197729206116629,-1.1529904707766025,-0.05035455283022656,-0.011439276998033713,0.006737734151841856,-0.3865591914066694,0.0923942182524479,1.773565356676184,0.08717251084599112,-0.33898768319759076,0.10298683106921046,0.2881507266329351,53.30737937633125,65.01687289088865,312,66,-0.7727850013230275,42.272149986769726,23.28458942632171,680,153,-1.1529904707766025,38.47009529223398,8.267716535433072,814,247,0.7430494820436775,57.43049482043678,79.6400449943757,174,33,-1.2775373814414945,37.22462618558505,10.742407199100112,792,214
"McEvoy, Aidan",1000079355.0,FLO_Y'A,Four-Seam,63,23,3,23,16,0,17,20,4,0,5,10,4,6,1554.98104,0.2038095697499807,0.1304347826086956,0.365079365079365,0.0,0.0,77.74905199999999,0.2,0.0,0.25,0.5,0.2,0.3,-0.9975326513168982,0.0032459712473851864,1.5130705974282288,-0.04438743904615452,-2.043856604886625,-0.029676797902953796,-1.6071549188860101,-0.07018927677250872,-0.5463142620741861,0.3217791003616956,0.33101716587089636,-0.07911872993496404,-0.7639787681093636,-0.03755032043134333,-0.7322193306996747,0.22245335820187606,0.28655586572303243,53.289073643969694,64.90438695163104,313,67,0.896960567818878,58.96960567818878,81.55230596175478,170,7,-1.6071549188860101,33.928450811139896,1.968503937007874,877,268,-0.009245419547659513,49.9075458045234,48.59392575928009,462,119,0.9507769385298297,59.507769385298296,83.57705286839146,148,8
"Westcott, Zac",686170.0,FLO_Y'A,Four-Seam,327,158,23,79,100,15,91,122,19,3,40,34,27,61,9527.73761,0.2160240357237799,0.1455696202531645,0.2415902140672783,0.15,0.1648351648351648,78.09620991803278,0.1557377049180328,0.0245901639344262,0.3278688524590163,0.2786885245901639,0.221311475409836,0.5,-0.8601238610192603,0.002798843043756673,-0.4803331051483569,0.014091051972632199,-0.29396891357128097,-0.004268428625054999,-0.25963402889106335,-0.01133899694375941,-0.44318306020827475,0.2610348224626738,-0.224810422348201,0.05373351271839996,0.10960199616107022,0.005387047713312762,0.1251545892638848,-0.03802284030049305,0.2834150120414679,53.253023085250426,64.79190101237346,314,68,-0.827530757688336,41.724692423116636,21.822272215973005,696,160,-0.25963402889106335,47.40365971108937,46.006749156355454,481,114,-0.28981441973131256,47.10185580268688,37.68278965129358,555,158,-0.6911388761858831,43.08861123814117,24.634420697412825,687,150
"Oe, Ryoya",1000551188.0,OTT_TIT,Curveball,57,17,5,18,12,2,10,10,3,0,2,5,1,4,776.92561,0.2099594355168721,0.2941176470588235,0.3157894736842105,0.1666666666666666,0.2,77.692561,0.3,0.0,0.2,0.5,0.1,0.4,0.48853974172022885,-0.0015897083195576247,0.7174164755768128,-0.02104612972752138,-0.09953694786957673,-0.0014452764830662542,0.027837094307859044,0.0012157294197071278,-0.5630962060310463,0.33166366535228625,1.5867757911066345,-0.3792663892629345,-0.7639787681093636,-0.03755032043134333,-1.2827436372025922,0.38970649618760794,0.28168806673517827,53.23320129490891,64.67941507311586,315,45,0.896960567818878,58.96960567818878,81.55230596175478,173,43,0.027837094307859044,50.27837094307859,58.21147356580427,376,66,1.3072706582371785,63.07270658237179,91.39482564679415,80,9,0.12981903117197302,51.29819031171973,55.34308211473565,403,69
"Jones, Breyln",690202.0,NEW_JER6,Four-Seam,60,26,6,14,19,4,17,16,1,1,8,5,4,7,1232.33722,0.2657707663920031,0.2307692307692307,0.2333333333333333,0.2105263157894736,0.2352941176470588,77.02107625,0.0625,0.0625,0.5,0.3125,0.25,0.4375,-0.08659885270039018,0.00028179266668706965,-0.6136184706390325,0.01800111145466666,0.41212611976648844,0.0059840712590094125,0.31636509663618856,0.013816612865392262,-0.7625761133151719,0.44915733074263625,-1.395650943828244,0.3335843016409954,1.4563723410779916,0.07158215693632437,2.020402201814914,-0.6138123317267835,0.278595045838928,53.19769975846527,64.56692913385827,316,69,-0.5640668051802892,44.35933194819711,31.2710911136108,611,118,0.31636509663618856,53.163650966361885,67.2665916760405,292,51,-0.6675034584400784,43.324965415599216,21.034870641169853,697,218,-0.1780401840872229,48.21959815912777,44.37570303712036,493,70
"Perez, Kelvin",692487.0,WAS_WIL3,Four-Seam,127,51,5,24,45,6,37,43,6,0,9,18,6,19,3464.0191,0.2240645365720239,0.0980392156862745,0.1889763779527559,0.1333333333333333,0.1621621621621621,80.55858372093023,0.1395348837209302,0.0,0.2093023255813953,0.4186046511627907,0.1395348837209302,0.4418604651162791,-1.2916511457721624,0.0042030328283426165,-1.3296434685112182,0.039006420792245096,-0.48840087927298614,-0.0070915807670437585,-0.28148571899908986,-0.01229332580584725,0.2883214123815183,-0.16982131189271427,-0.4282787470623413,0.10236590128659964,-0.7639787681093636,-0.03755032043134333,-1.1803205104113523,0.3585896333065417,0.27740844931678044,53.18408006396984,64.45444319460067,317,70,0.2627161268269916,52.627161268269916,63.554555680539934,325,31,-0.28148571899908986,47.185142810009104,45.3318335208099,488,120,0.7867875577175919,57.86787557717592,81.10236220472441,169,31,-0.21383776725689696,47.86162232743103,42.069741282339706,515,81
"Campbell, Tyler",809429.0,MIS_MUD,Cutter,148,70,5,37,33,1,43,61,10,0,14,27,11,23,4831.94013,0.232349076035376,0.0714285714285714,0.25,0.0303030303030303,0.0232558139534883,79.21213327868853,0.1639344262295081,0.0,0.2295081967213114,0.4426229508196721,0.180327868852459,0.3770491803278688,-1.533248480503273,0.0049891905555576495,-0.3445794921485953,0.010108583981671191,-1.6903439399744342,-0.024543794008428786,-1.4170395685146306,-0.06188636907573946,-0.11167249571698011,0.06577509997730129,-0.1218793874928139,0.029131245560369903,-0.7639787681093636,-0.03755032043134333,-0.9578440464795598,0.2909997262288156,0.27702336278820405,53.17966006039185,64.34195725534309,318,20,0.4498702241688595,54.4987022416886,68.8413948256468,278,15,-1.4170395685146306,35.8296043148537,4.105736782902137,853,38,0.2497413498526369,52.49741349852637,59.392575928008995,362,18,0.3182356000737765,53.18235600073776,63.10461192350956,329,19
"Barraza, Chris",696511.0,MIS_MUD,Four-Seam,568,266,95,180,182,45,119,149,18,1,50,31,29,89,11731.06083,0.1897126321252932,0.3571428571428571,0.3169014084507042,0.2472527472527472,0.3781512605042016,78.73195187919464,0.1208053691275167,0.0067114093959731,0.3355704697986577,0.2080536912751678,0.1946308724832214,0.5973154362416108,1.060743955557069,-0.0034516608313827023,0.7353657032003406,-0.02157268826908519,0.8405736555232823,0.01220512947819806,1.484216534631809,0.064820188716975,-0.2543213660756913,0.14979528461858216,-0.6634762420339178,0.15858210094222092,-0.5255518033644146,-0.025831396687164346,0.20995314016102298,-0.06378523365289991,0.27076172431544404,53.10778929265567,64.22947131608548,319,71,-1.3779276908106977,36.22072309189302,6.86164229471316,829,236,1.484216534631809,64.8421653463181,90.5511811023622,85,9,0.06144000744750086,50.61440007447501,51.181102362204726,435,112,-1.4900576450911798,35.0994235490882,6.636670416197974,831,242
"Bauer, Patrick",10998513.0,QUE_CAP,Four-Seam,186,90,18,48,64,11,46,69,13,3,24,11,17,41,5351.40991,0.1979640300947034,0.2,0.2580645161290322,0.171875,0.2391304347826087,77.55666536231884,0.1884057971014492,0.0434782608695652,0.3478260869565217,0.1594202898550724,0.2463768115942029,0.5942028985507246,-0.3659518842761186,0.0011908074314344898,-0.21439934126612692,0.0062896190753831,-0.038776958587793196,-0.0005630414386947572,0.347726836019703,0.015186274109488487,-0.6034671142384993,0.3554421302864761,0.1854219629450125,-0.04431900131722805,0.7806133078470568,0.03836792469399069,0.3448934428929897,-0.10478104220499052,0.26681367063585953,53.06247373343745,64.1169853768279,320,72,-1.756886254633716,32.43113745366284,1.40607424071991,877,265,0.347726836019703,53.47726836019703,68.16647919010124,284,49,-0.6198036005493235,43.801963994506764,23.28458942632171,683,210,-1.4645050207983563,35.35494979201644,7.311586051743532,825,239
"Whitesell, Max",1000223610.0,FLO_Y'A,Cutter,52,19,4,11,10,2,8,11,1,0,4,4,4,3,865.67422,0.2280655640267624,0.2105263157894736,0.2115384615384615,0.2,0.25,78.69765636363637,0.0909090909090909,0.0,0.3636363636363636,0.3636363636363636,0.3636363636363636,0.2727272727272727,-0.27038374189494907,0.0008798286961261642,-0.965438673280373,0.028322108919353023,0.28932698353383396,0.004201027800911269,0.43658509760632624,0.019066980967761084,-0.26450963358857965,0.15579617418367342,-1.0389013343862732,0.24831508024100388,-0.7639787681093636,-0.03755032043134333,0.5189722749887742,-0.15766740994751452,0.261363470429971,52.999916612834404,64.0044994375703,321,21,-0.16560479436233488,48.34395205637665,47.63779527559055,471,23,0.43658509760632624,54.365850976063264,70.3599550056243,272,11,-2.1635444559228483,28.364555440771518,2.249718785151856,871,39,1.174674549627427,61.74674549627427,87.79527559055119,112,6
"Cerda, Junior",693702.0,EVA_OTT,Four-Seam,129,61,18,47,55,17,37,33,2,0,16,11,9,13,2541.79736,0.2281784070051479,0.2950819672131147,0.3643410852713178,0.3090909090909091,0.4594594594594595,77.02416242424242,0.0606060606060606,0.0,0.4848484848484848,0.3333333333333333,0.2727272727272727,0.3939393939393939,0.49729477887183066,-0.001618197210448937,1.5011530347044009,-0.044037825426088306,1.5619725772177204,0.0226798418212013,2.148907814126933,0.09384925096636554,-0.76165929465065,0.4486173245492328,-1.4194342511243754,0.3392689164009948,-0.7639787681093636,-0.03755032043134333,1.853576654389787,-0.563129562640198,0.25807942802971595,52.96222254128887,63.892013498312714,322,73,-0.40173043040260414,45.98269569597396,38.02024746906636,543,88,2.148907814126933,71.48907814126933,96.62542182227222,31,2,-0.9667116579366322,40.33288342063368,14.566929133858267,759,238,0.1795740558603283,51.795740558603285,57.48031496062992,379,43
"Leak, Anthony",1000264276.0,NEW_YOR13,Sinker,126,49,7,38,25,3,27,33,6,0,13,15,9,9,2508.31319,0.2356985013119767,0.1428571428571428,0.3015873015873015,0.12,0.1111111111111111,76.0094906060606,0.1818181818181818,0.0,0.3939393939393939,0.4545454545454545,0.2727272727272727,0.2727272727272727,-0.8847503714881877,0.0028789777088225627,0.48816020317894593,-0.014320667720457559,-0.6439464518343497,-0.009350102480634758,-0.6988260226671941,-0.030519828887944363,-1.0630907720069476,0.6261604647120921,0.10269741582803442,-0.024546428238969305,-0.7639787681093636,-0.03755032043134333,0.8526233698390276,-0.25903294812068545,0.2537191465408798,52.91217545225429,63.77952755905512,323,32,0.5427721137584732,55.42772113758473,71.37232845894263,257,53,-0.6988260226671941,43.01173977332806,28.346456692913385,637,62,-0.9667116579366322,40.33288342063368,14.566929133858267,761,127,1.174674549627427,61.74674549627427,87.79527559055119,109,20
"Ronne, Andrew",701809.0,GAT_GRI,Four-Seam,251,108,18,58,66,9,69,84,9,1,33,30,19,35,6525.12195,0.2215482690936139,0.1666666666666666,0.2310756972111553,0.1363636363636363,0.1304347826086956,77.68002321428571,0.1071428571428571,0.0119047619047619,0.3928571428571428,0.3571428571428571,0.2261904761904762,0.4166666666666667,-0.6685843351498258,0.0021755734265775334,-0.6500619976058652,0.019070218761765664,-0.4530496127817675,-0.0065782803775912635,-0.5408557798465308,-0.023620794473237536,-0.5668208421182159,0.33385747600762916,-0.8350444147051471,0.19958981086958016,-0.34105474731177227,-0.01676318188512092,0.840707259308661,-0.25541275032878635,0.2523180720008164,52.89609398998399,63.66704161979753,324,74,-0.21620314494239265,47.83796855057607,45.556805399325086,487,65,-0.5408557798465308,44.59144220153469,35.20809898762655,578,157,-0.35404724944368837,46.459527505563116,35.20809898762655,577,170,-0.007007286721002997,49.92992713278997,50.843644544431946,440,54
"Zeplin, Blane",830954.0,JOL_SLA,Slider,108,36,16,32,26,7,20,16,3,0,5,5,4,7,1249.20446,0.2118551313926254,0.4444444444444444,0.2962962962962963,0.2692307692307692,0.35,78.07527875,0.1875,0.0,0.3125,0.3125,0.25,0.4375,1.853352755464396,-0.006030809866281145,0.4027510036581733,-0.011815103443316172,1.0969674564486078,0.015927967467633787,1.2540811042032607,0.054769484063869,-0.4494011425378125,0.2646972729547715,0.17404733771642894,-0.041600272518967696,-0.7639787681093636,-0.03755032043134333,-0.04406394757102753,0.013386935719711161,0.25178515394607714,52.88997718367184,63.554555680539934,325,94,-0.5640668051802892,44.35933194819711,31.2710911136108,614,135,1.2540811042032607,62.54081104203261,88.02024746906638,108,43,-0.6675034584400784,43.324965415599216,21.034870641169853,718,150,-0.1780401840872229,48.21959815912777,44.37570303712036,501,113
"Albert, Wes",670784.0,TRI_VAL,Four-Seam,125,49,11,32,31,8,31,36,5,1,8,10,4,22,2911.30975,0.1921018739542003,0.2244897959183673,0.256,0.2580645161290322,0.2580645161290322,80.86971527777777,0.1388888888888889,0.0277777777777777,0.2222222222222222,0.2777777777777778,0.1111111111111111,0.6111111111111112,-0.14360967547094702,0.0004673058839824616,-0.24772545989203798,0.007267274091392826,0.9667028640429985,0.014036525585904338,0.5025121949125301,0.021946215088414923,0.380750159442584,-0.22426184391168197,-0.4363908828842772,0.10430483965435128,0.2228439470850137,0.010953002843175508,-1.0380661676457401,0.31537176819394935,0.2500850874294887,52.87046390671065,63.44206974128234,326,75,-0.8346274298097646,41.65372570190235,21.372328458942633,698,162,0.5025121949125301,55.0251219491253,72.44094488188976,245,38,1.1609910940388635,61.60991094038863,89.82002249718786,88,15,-1.6033143288057239,33.96685671194276,4.893138357705286,847,250
"Whitesell, Max",1000223610.0,FLO_Y'A,Four-Seam,228,99,15,59,53,8,53,78,11,1,24,27,12,39,6142.85227,0.2227025089362015,0.1515151515151515,0.2587719298245614,0.1509433962264151,0.1509433962264151,78.75451628205128,0.141025641025641,0.0128205128205128,0.3076923076923077,0.3461538461538461,0.1538461538461538,0.5,-0.8061445400924194,0.0026231943334607327,-0.202980029785208,0.005954622153778862,-0.2829633306070335,-0.004108627560414127,-0.3731986825132788,-0.016298706061402424,-0.24761809397641404,0.14584705735210787,-0.4095584336271037,0.09789142813024945,-0.30852213032734277,-0.015164171227719224,-0.09699897704246174,0.029468968218339175,0.2462137653384003,52.82602906876033,63.32958380202475,327,76,-0.3018311228471059,46.981688771528944,41.90101237345332,520,77,-0.3731986825132788,46.268013174867214,40.382452193475814,532,137,0.5983773855838049,55.98377385583805,75.0281214848144,231,45,-0.6911388761858831,43.08861123814117,24.634420697412825,688,151
"Gamelin, Shaun",815222.0,JOL_SLA,Slider,78,28,9,23,29,4,15,15,1,0,4,3,2,10,1211.89426,0.2414069769185116,0.3214285714285714,0.2948717948717949,0.1379310344827586,0.2666666666666666,80.79295066666667,0.0666666666666666,0.0,0.2666666666666666,0.2,0.1333333333333333,0.6666666666666666,0.7364949010495264,-0.002396554408015159,0.3797562191718115,-0.011140528445624263,-0.43476447494148135,-0.006312780176150309,0.5728344320391482,0.025017398150445718,0.3579454754834256,-0.21082988505973765,-1.3433276677767558,0.32107814916899685,-0.7639787681093636,-0.03755032043134333,-0.5487112285320361,0.16670231220663229,0.24456779100520415,52.80713665912737,63.217097862767154,328,95,-1.4406832289797895,35.5931677102021,5.736782902137233,837,182,0.5728344320391482,55.728344320391486,74.40944881889764,228,87,0.868431965642233,58.68431965642233,84.08323959505061,140,40,-2.0594020551156436,29.405979448843564,1.7435320584926886,873,184
"Kines, Gunnar",665129.0,JOL_SLA,Changeup,328,183,48,84,124,20,94,119,28,8,34,36,26,57,9311.8548,0.2376912738654535,0.2622950819672131,0.2560975609756097,0.1612903225806451,0.2127659574468085,78.25088067226892,0.2352941176470588,0.0672268907563025,0.2857142857142857,0.3025210084033613,0.2184873949579832,0.4789915966386555,0.19962351571736536,-0.0006495749201443069,-0.24615059757892413,0.007221073930575319,-0.1622569368056105,-0.0023559707224174646,0.13219828663938252,0.005773495772401752,-0.39723457408913354,0.23397116413849964,0.7742260924246859,-0.18505319793307115,1.6242980552182111,0.0798358737120303,-0.33898768319759076,0.10298683106921046,0.24172969504708453,52.774561138150496,63.10461192350956,329,48,-0.641824564527584,43.58175435472416,27.896512935883017,642,121,0.13219828663938252,51.321982866393824,60.742407199100114,350,46,-0.2526349465330916,47.47365053466908,38.47019122609674,548,89,-0.5186687275812916,44.813312724187085,30.371203599550057,620,112
"Milburn, Isaac",830926.0,FLO_Y'A,Slider,187,65,20,62,67,10,40,34,3,2,16,12,8,14,2618.75994,0.2167641291124462,0.3076923076923077,0.3315508021390374,0.1492537313432835,0.25,77.02235117647058,0.088235294117647,0.0588235294117647,0.4705882352941176,0.3529411764705882,0.2352941176470588,0.4117647058823529,0.6117837262389335,-0.0019907442451814897,0.971841178005146,-0.028509932797958965,-0.30267482248329836,-0.0043948384224574925,0.43658509760632624,0.019066980967761084,-0.7621973672391865,0.4489342493038808,-1.0724777682161064,0.2563404187257091,1.3257634523022646,0.0651625994441086,1.6965643744602557,-0.5154281329116469,0.23918060006421482,52.745302755660305,62.99212598425197,330,96,-0.24894325414125343,47.51056745858747,44.31946006749156,497,113,0.43658509760632624,54.365850976063264,70.3599550056243,266,99,-0.47389815288348414,45.26101847116516,28.45894263217098,639,139,0.03323574795340204,50.33235747953402,52.30596175478065,424,90
"Daly, Ryan",831333.0,JOL_SLA,Sinker,182,84,17,52,49,9,41,58,8,1,18,18,9,31,4579.60638,0.2247187349013476,0.2023809523809523,0.2857142857142857,0.1836734693877551,0.2195121951219512,78.95873068965517,0.1379310344827586,0.0172413793103448,0.3103448275862069,0.3103448275862069,0.1551724137931034,0.5344827586206896,-0.34433528064228325,0.0011204670032099898,0.2319326046166261,-0.006803974889033343,0.09886301713216383,0.0014354910087590188,0.1873485102292118,0.008182071487240367,-0.18695153215962612,0.11011445244201978,-0.448419222206459,0.10717981723412122,-0.1514681172990597,-0.007444809433366084,-0.06779344354098078,0.02059612270185475,0.23437963755480568,52.6901975522978,62.879640044994375,331,33,-0.5808602232607394,44.19139776739261,30.539932508436447,619,119,0.1873485102292118,51.873485102292115,62.20472440944882,337,21,0.5809169601489929,55.80916960148993,73.79077615298087,234,32,-0.9742278097575574,40.25772190242442,17.322834645669293,736,131
"Hickey, Matt",806277.0,GAT_GRI,Sinker,68,38,5,20,18,3,18,25,5,0,7,10,4,11,1954.63242,0.2377749290004366,0.131578947368421,0.2941176470588235,0.1666666666666666,0.1666666666666666,78.1852968,0.2,0.0,0.28,0.4,0.16,0.44,-0.9871448097537275,0.0032121692109386294,0.3675825097378543,-0.010783400505669694,-0.09953694786957673,-0.0014452764830662542,-0.24466157455778645,-0.010685104945662207,-0.4167177637811368,0.24544676286708955,0.33101716587089636,-0.07911872993496404,-0.7639787681093636,-0.03755032043134333,-0.40190474679792376,0.12210147541043682,0.2311775751877595,52.65344444340148,62.76715410573678,332,34,0.11774596888598897,51.17745968885989,58.21147356580427,371,80,-0.24466157455778645,47.553384254422134,47.30033745781777,471,35,0.5173610115662758,55.173610115662754,71.09111361079866,259,40,-0.19856413177116936,48.014358682288304,42.68841394825647,512,104
"Vecerka, Boris",807828.0,QUE_CAP,Sinker,232,88,26,64,57,8,51,49,5,2,21,13,12,24,3793.43339,0.2085748420797985,0.2954545454545454,0.2758620689655172,0.1403508771929824,0.1568627450980392,77.41700795918368,0.1020408163265306,0.0408163265306122,0.4285714285714285,0.2653061224489796,0.2448979591836734,0.4897959183673469,0.5006774068622225,-0.001629204281929672,0.07289478481932288,-0.002138441407459656,-0.40653478845121604,-0.0059028851283116565,-0.3248082418712109,-0.014185350347241391,-0.6449555409361174,0.3798788136113731,-0.899113732319215,0.21490346695774182,0.6860464460538055,0.033719868869990594,1.233938906810745,-0.374879277461452,0.22976699081271112,52.637253827729175,62.65466816647919,333,35,-0.9318083888603516,40.68191611139648,19.01012373453318,721,134,-0.3248082418712109,46.75191758128789,43.138357705286836,507,42,-0.600334270797994,43.99665729202006,23.73453318335208,680,111,-0.6073676611493671,43.926323388506326,27.671541057367826,644,126
"Fowler, Dalton",687096.0,SUS_COU1,Four-Seam,89,28,4,19,17,2,22,20,4,0,5,14,3,3,1575.9165,0.2317731345493285,0.1428571428571428,0.2134831460674157,0.1176470588235294,0.0909090909090909,78.79582500000001,0.2,0.0,0.25,0.7,0.15,0.15,-0.8847503714881877,0.0028789777088225627,-0.9340469169310135,0.027401200355088213,-0.6713956705216494,-0.00974866513597435,-0.8639767310706152,-0.037732455776046975,-0.23534639424468162,0.13861902621011746,0.33101716587089636,-0.07911872993496404,-0.7639787681093636,-0.03755032043134333,-0.7322193306996747,0.22245335820187606,0.2272023911975756,52.60781748385887,62.5421822272216,334,77,2.455389765684656,74.55389765684656,98.4251968503937,15,1,-0.8639767310706152,41.36023268929385,20.41619797525309,706,208,0.6490126193447597,56.490126193447594,77.10911136107987,202,40,2.182213799566614,71.82213799566614,98.31271091113611,16,2
"Thompson, Ross",1000103401.0,SCH_BOO,Slider,223,118,36,74,69,12,61,65,12,1,18,27,13,25,5110.78105,0.2289220620022544,0.3050847457627119,0.3318385650224215,0.1739130434782608,0.1967213114754098,78.62740076923076,0.1846153846153846,0.0153846153846153,0.2769230769230769,0.4153846153846154,0.2,0.3846153846153846,0.5881097405121768,-0.0019137090956266234,0.9764863439367326,-0.02864620338572799,-0.015001310607965855,-0.0002178190300276642,0.0010339465505821515,4.51555477035743e-05,-0.2853806652214229,0.16808921181541808,0.13782353121924396,-0.032942166961430035,-0.2174308027709407,-0.010686941386994506,-0.4357831656596425,0.132393976209559,0.22612150371287382,52.595411112315716,62.429696287964006,335,97,0.2376251379525873,52.376251379525876,62.31721034870641,336,70,0.0010339465505821515,50.01033946550582,57.36782902137233,380,136,-0.009245419547659513,49.9075458045234,48.59392575928009,470,112,0.2561202476885668,52.56120247688567,60.798650168728905,354,73
"Sittinger, Brandyn",670087.0,LAK_ERI24,Slider,144,91,38,51,49,16,46,45,7,1,10,26,7,12,3628.36868,0.2333857032540153,0.4175824175824176,0.3541666666666667,0.3265306122448979,0.3478260869565217,80.6304151111111,0.1555555555555555,0.0222222222222222,0.2222222222222222,0.5777777777777777,0.1555555555555555,0.2666666666666666,1.6094731247236804,-0.005237225547850856,1.3369141234166348,-0.0392197127245504,1.7654227231467763,0.02563393794009119,1.2363094518859357,0.053993342692214466,0.30966057020062115,-0.18239007584816586,-0.2270977786783215,0.054280229766356373,0.025479404046139627,0.001252338188271809,-1.0380661676457401,0.31537176819394935,0.2236846026603161,52.567440486048106,62.31721034870641,336,98,1.5030163669889025,65.03016366988902,92.01349831271091,72,15,1.2363094518859357,62.363094518859356,87.4578177727784,114,45,0.5758728372456027,55.75872837245603,73.67829021372329,235,60,1.2244295743157823,62.24429574315782,88.92013498312711,103,18
"Brothers, Kellen",1000131959.0,SUS_COU1,Sinker,136,72,13,40,36,7,37,55,9,1,14,14,10,31,4377.57672,0.2426049700277649,0.1805555555555555,0.2941176470588235,0.1944444444444444,0.1891891891891892,79.592304,0.1636363636363636,0.0181818181818181,0.2545454545454545,0.2545454545454545,0.1818181818181818,0.5636363636363636,-0.5424874806191147,0.0017652542619345992,0.3675825097378543,-0.010783400505669694,0.2245163282999316,0.0032599770869150067,-0.06054085235126903,-0.002644000644736972,0.0012659146331450155,-0.0007456237189224141,-0.12562233421482719,0.03002587345702535,-0.11805844543668133,-0.005802690651658324,-0.682171666472137,0.20724852747590053,0.22232391676078808,52.55182260253849,62.20472440944882,337,36,-1.0156570841073047,39.84342915892695,16.42294713160855,744,137,-0.06054085235126903,49.39459147648731,54.668166479190106,404,26,0.2301211400495842,52.301211400495845,58.38020247469067,365,59,-1.2135666354136097,37.8643336458639,12.03599550056243,783,139
"Campbell, AJ",1000132168.0,WIN_CIT29,Curveball,62,16,1,15,24,1,11,11,1,0,3,2,2,7,881.37985,0.2080755072963173,0.0625,0.2419354838709677,0.0416666666666666,0.0909090909090909,80.12544090909091,0.0909090909090909,0.0,0.2727272727272727,0.1818181818181818,0.1818181818181818,0.6363636363636364,-1.6143107441301583,0.005252967161399535,-0.4747596430310655,0.013927548887959338,-1.5577766906323636,-0.02261891754798192,-0.8639767310706152,-0.037732455776046975,0.15964643063920475,-0.0940317476464916,-1.0389013343862732,0.24831508024100388,-0.7639787681093636,-0.03755032043134333,-0.48198100956198503,0.14642920457199798,0.22199135946049692,52.54800552676956,62.09223847019123,338,46,-1.5823586106039513,34.176413893960486,3.768278965129359,856,96,-0.8639767310706152,41.36023268929385,20.41619797525309,703,91,0.2301211400495842,52.301211400495845,58.38020247469067,367,39,-1.810626931673869,31.89373068326131,3.262092238470191,860,95
"Hughes, Grif",835627.0,EVA_OTT,Four-Seam,57,22,5,19,18,6,13,16,2,1,5,3,1,12,1282.86431,0.1869982541054916,0.2272727272727272,0.3333333333333333,0.3333333333333333,0.4615384615384615,80.179019375,0.125,0.0625,0.3125,0.1875,0.0625,0.75,-0.11834351537945025,0.00038508979904473107,1.0006154003035883,-0.02935405338330607,1.8447827091474729,0.026786244936821305,2.1659035730998415,0.09459150674798937,0.17556313971110793,-0.10340668928984256,-0.6108018030559076,0.14599201456101388,1.4563723410779916,0.07158215693632437,-0.04406394757102753,0.013386935719711161,0.2199632060277562,52.524726484881086,61.97975253093363,339,78,-1.5380850538464006,34.619149461536,4.21822272215973,852,250,2.1659035730998415,71.65903573099841,96.962879640045,27,1,1.8009641874064928,68.00964187406493,96.45669291338582,32,4,-2.743533644580524,22.564663554194762,0.11248593925759282,889,272
"Estrella, Noah",805762.0,TRI_VAL,Slider,162,66,21,53,44,12,45,34,6,0,7,21,4,9,2728.8059,0.2148904615784253,0.3181818181818182,0.3271604938271605,0.2727272727272727,0.2666666666666666,80.25899705882352,0.1764705882352941,0.0,0.2058823529411764,0.6176470588235294,0.1176470588235294,0.2647058823529412,0.7070177142761137,-0.002300635642254474,0.9009713341960196,-0.02643089505997443,1.1377573793230913,0.016520237147771285,0.5728344320391482,0.025017398150445718,0.19932234042849808,-0.11740085851238537,0.03554454816836934,-0.008495751269559135,-0.7639787681093636,-0.03755032043134333,-1.2179760717316617,0.3700296564245809,0.21938883080728117,52.51813383533037,61.86726659167604,340,99,1.813683625386983,68.13683625386983,95.2755905511811,43,9,0.5728344320391482,55.728344320391486,74.40944881889764,227,86,1.0749442915692662,60.74944291569266,88.35770528683915,104,28,1.2405267881855435,62.40526788185544,89.48256467941508,94,15
"Marynczak, Arlo",837346.0,TRI_VAL,Four-Seam,305,151,28,91,82,8,80,113,12,1,34,26,18,69,8967.18268,0.2169526311043985,0.1854304635761589,0.2983606557377049,0.0975609756097561,0.1,79.35559893805309,0.1061946902654867,0.0088495575221238,0.3008849557522124,0.2300884955752212,0.1592920353982301,0.6106194690265486,-0.4982283197573419,0.0016212349524903904,0.43607459297939355,-0.01279268425964349,-0.905718269071767,-0.013151029266922057,-0.7896589122890756,-0.034486773676400795,-0.06905273938074269,0.04067206349525744,-0.8469511020493543,0.20243571155853052,-0.4495927703483255,-0.02209793425539055,-0.17195123116130684,0.052239987685423143,0.2144405762333446,52.4613380211469,61.754780652418454,341,79,-1.2062292788583895,37.937707211416104,10.123734533183352,800,218,-0.7896589122890756,42.10341087710924,24.521934758155233,674,196,0.5266814793736021,55.26681479373602,71.54105736782903,254,51,-1.5992781542366088,34.00721845763391,5.061867266591676,845,248
"Balzan, Jackson",827496.0,SUS_COU1,Changeup,341,191,47,80,112,19,109,126,24,5,45,43,29,54,9773.89592,0.2403766786012272,0.2460732984293193,0.2346041055718475,0.1696428571428571,0.1743119266055046,77.57060253968254,0.1904761904761904,0.0396825396825396,0.3571428571428571,0.3412698412698413,0.2301587301587301,0.4285714285714285,0.052346372428899154,-0.00017033509588363784,-0.5931052347424007,0.017399335166403067,-0.06481695399427209,-0.0009411421719968308,-0.1821618798638306,-0.007955555779293072,-0.5993267568464462,0.3530034597825568,0.2114211063246346,-0.05053323857039519,0.6457679678826049,0.031740141389397916,0.447475611806577,-0.13594622319612074,0.2065964415246683,52.37130344214795,61.64229471316085,342,49,-0.33988800191586666,46.60111998084133,40.26996625421822,532,106,-0.1821618798638306,48.178381201361695,49.9437570303712,446,62,-0.4062899509430858,45.937100490569144,32.8458942632171,598,97,-0.1047403709302708,48.952596290697294,46.737907761529804,470,94
"Brodsky, Jack",1000302079.0,WAS_WIL3,Four-Seam,321,145,18,87,78,10,85,117,11,0,37,39,17,61,9289.31107,0.2267199059915578,0.1241379310344827,0.2710280373831775,0.1282051282051282,0.1176470588235294,79.3958211111111,0.094017094017094,0.0,0.3162393162393162,0.3333333333333333,0.1452991452991453,0.5213675213675214,-1.0547016000576583,0.00343199900658762,-0.005137790314867965,0.00015072221667696662,-0.5482260994888951,-0.007960242964578756,-0.6453949111249109,-0.02818633195355823,-0.0571038226668809,0.03363415155079285,-0.9998723172849293,0.23898648166049197,-0.7639787681093636,-0.03755032043134333,-0.002892257982134261,0.0008786882207782635,0.20338514730584736,52.33444437052676,61.52980877390326,343,80,-0.40173043040260414,45.98269569597396,38.02024746906636,541,87,-0.6453949111249109,43.54605088875089,30.25871766029246,620,175,0.710900127274816,57.10900127274816,78.62767154105737,191,36,-0.8665572324589297,41.3344276754107,20.359955005624297,709,166
"Peters, Garrett",833402.0,NEW_YOR13,Curveball,194,85,22,50,58,9,51,53,8,1,17,15,13,25,4172.16043,0.2324971319067978,0.2588235294117647,0.2577319587628865,0.1551724137931034,0.1764705882352941,78.72000811320754,0.1509433962264151,0.0188679245283018,0.320754716981132,0.2830188679245283,0.2452830188679245,0.4716981132075472,0.16810538197159852,-0.0005470149129355816,-0.21976759491076514,0.006447102164302206,-0.23362795869833858,-0.003392277960299876,-0.16451490724436107,-0.007184859544082981,-0.25786953501285576,0.15188515612257203,-0.28501536726361704,0.06812351803724795,-0.09368409363771231,-0.0046046668863871975,0.04682449925728357,-0.01422561064585755,0.196501346374559,52.25543245375337,61.417322834645674,344,47,-0.7937880902430514,42.062119097569486,22.609673790776153,689,89,-0.16451490724436107,48.35485092755639,50.89988751406074,439,70,-0.6054036434502271,43.94596356549773,23.397075365579305,682,70,-0.4587922986317729,45.41207701368227,32.39595050618673,602,85
"McEvoy, Aidan",1000079355.0,FLO_Y'A,Sinker,201,100,26,59,49,12,47,66,9,1,25,18,15,33,5146.52642,0.2214720227270822,0.26,0.2935323383084577,0.2448979591836734,0.2553191489361702,77.97767303030304,0.1363636363636363,0.0151515151515151,0.3787878787878788,0.2727272727272727,0.2272727272727272,0.5,0.17878652729655323,-0.0005817713598229841,0.3581342576398589,-0.0105062265821229,0.8131028911384259,0.011806253979329944,0.4800689277444609,0.02096605028138384,-0.47839715460740806,0.28177592406376334,-0.46810195927911996,0.11188432600101741,-0.22571183254879448,-0.011093962281605798,0.6857978224139012,-0.20835017903410008,0.19590041506784273,52.248534994796216,61.30483689538808,345,37,-0.873981702483143,41.26018297516857,20.41619797525309,707,131,0.4800689277444609,54.80068927744461,71.9910011248594,250,11,-0.36829525894352344,46.31704741056477,34.4206974128234,583,92,-0.6911388761858831,43.08861123814117,24.634420697412825,678,128
"Grills, Evan",592361.0,OTT_TIT,Curveball,68,33,13,22,36,10,22,18,3,0,6,9,5,4,1413.86401,0.2474889804507062,0.3939393939393939,0.3235294117647059,0.2777777777777778,0.4545454545454545,78.54800055555556,0.1666666666666666,0.0,0.3333333333333333,0.5,0.2777777777777778,0.2222222222222222,1.3948187389890832,-0.004538740176670476,0.8423571776621555,-0.024711390163896993,1.196676156808457,0.017375737796858796,2.1087360201909644,0.09209482820979999,-0.308968315219831,0.18198233766448044,-0.08756904254101738,0.020930489841026353,-0.7639787681093636,-0.03755032043134333,0.1853211801385213,-0.05630187177434374,0.18928107096591104,52.172558500052,61.19235095613048,346,48,0.896960567818878,58.96960567818878,81.55230596175478,163,37,2.1087360201909644,71.08736020190965,96.34420697412823,33,13,-1.033202368935867,39.66797631064133,12.992125984251967,773,78,1.589299755363718,65.89299755363717,94.71316085489315,48,15
"Sanchez, Sergio",1000583994.0,MIS_MUD,Four-Seam,208,103,26,57,49,9,53,70,9,0,15,24,9,37,5668.28036,0.2176261779266368,0.2524271844660194,0.2740384615384615,0.1836734693877551,0.1698113207547169,80.97543371428571,0.1285714285714285,0.0,0.2142857142857142,0.3428571428571428,0.1285714285714285,0.5285714285714286,0.11003313554466251,-0.00035804782306233184,0.04345749605876495,-0.0012748691043799286,0.09886301713216383,0.0014354910087590188,-0.2189541529666881,-0.009562384722514168,0.4121562396444454,-0.24276002515057835,-0.5659532807260607,0.13527245529930085,-0.7639787681093636,-0.03755032043134333,-1.1254509782017599,0.34191988533454204,0.18712218441072379,52.14777891003708,61.079865016872894,347,81,-0.3275195162185197,46.7248048378148,40.55118110236221,530,80,-0.2189541529666881,47.81045847033312,48.59392575928009,458,108,0.9311232074415116,59.311232074415116,85.37682789651294,131,25,-0.9256982782881279,40.74301721711872,18.560179977502813,725,178
"Turner, Eric",1000080978.0,JOL_SLA,Changeup,182,87,30,47,78,17,51,49,8,1,13,27,7,15,3920.4557,0.238946731300179,0.3448275862068966,0.2582417582417582,0.2179487179487179,0.3333333333333333,80.0093,0.1632653061224489,0.0204081632653061,0.2653061224489796,0.5510204081632653,0.1428571428571428,0.3061224489795918,0.9489339367613653,-0.0030878310302214825,-0.21153823904892924,0.006205685780739388,0.4987152542895154,0.007241345492283764,1.1178317697704383,0.04881906688118435,0.12514411651017973,-0.07370988462449586,-0.13028192095039628,0.03113959389980087,-0.038966161027779035,-0.0019152257806763673,-0.5636914817702099,0.17125341800216215,0.1859461686207768,52.13428066064739,60.967379077615306,348,50,1.2945190366621884,62.94519036662189,89.53880764904387,94,28,1.1178317697704383,61.17831769770439,85.71428571428571,133,14,0.7430494820436775,57.43049482043678,79.6400449943757,188,41,0.9005142095079204,59.00514209507921,81.83352080989876,163,41
"Correa, Nelvin",673388.0,QUE_CAP,Slider,136,59,15,43,58,11,45,38,9,0,10,16,8,14,2973.77911,0.2176160485927839,0.2542372881355932,0.3161764705882353,0.1896551724137931,0.2444444444444444,78.257345,0.2368421052631578,0.0,0.2631578947368421,0.4210526315789473,0.2105263157894736,0.3684210526315789,0.12646701884042072,-0.000411523679306729,0.7236635106810799,-0.021229392749340163,0.1686450737879479,0.0024487264714010038,0.39116865279538515,0.017083508573532854,-0.3953141976450666,0.23284006241294422,0.7936650804314302,-0.18969944652947918,-0.7639787681093636,-0.03755032043134333,-0.587344513198907,0.17843937452142034,0.18192098858982902,52.088079849093184,60.8548931383577,349,100,0.28179114760870166,52.81791147608702,64.34195725534309,317,63,0.39116865279538515,53.911686527953854,69.06636670416198,276,104,-0.14782605931448317,48.52173940685517,42.68841394825647,504,119,0.3890688966534017,53.890688966534015,64.96062992125984,310,62
"Henderson, Drew",1000429021.0,DOW_EAS1,Curveball,297,114,15,71,102,11,84,91,22,5,18,36,10,45,7273.90079,0.2267466058781302,0.131578947368421,0.239057239057239,0.1078431372549019,0.1309523809523809,79.93297571428572,0.2417582417582417,0.0549450549450549,0.1978021978021978,0.3956043956043956,0.1098901098901098,0.4945054945054945,-0.9871448097537275,0.0032121692109386294,-0.5212212457029235,0.015290546463940964,-0.7857674150520646,-0.011409342866555977,-0.5366244340566915,-0.023435998908557885,0.10247024128395711,-0.06035497211625074,0.8553998884968083,-0.20445511514884163,1.1879782509564416,0.05839031901276006,-1.3069425078181054,0.39705828247269515,0.17429588812012856,52.00055933394256,60.742407199100114,350,49,0.08349477772410342,50.834947777241034,56.80539932508436,385,66,-0.5366244340566915,44.633755659433085,35.48931383577053,575,79,1.1770657714232946,61.77065771423295,90.32620922384702,87,11,-0.6460312988585285,43.53968701141471,26.884139482564677,651,86
"Sanchez, Edwin",835958.0,LAK_ERI24,Curveball,111,57,21,33,47,6,21,28,3,0,6,7,2,19,2282.52329,0.2127124419404112,0.3684210526315789,0.2972972972972973,0.1276595744680851,0.2857142857142857,81.51868892857144,0.1071428571428571,0.0,0.2142857142857142,0.25,0.0714285714285714,0.6785714285714286,1.163138393822609,-0.0037848523334987694,0.41890950086480666,-0.012289129117369969,-0.5545904846182471,-0.008052653836656948,0.7285479571052313,0.03181787493065676,0.5735426296962417,-0.33781660889108633,-0.8350444147051471,0.19958981086958016,-0.7639787681093636,-0.03755032043134333,-1.1254509782017599,0.34191988533454204,0.17383400652482361,51.99525788049676,60.629921259842526,351,50,-1.051075929513345,39.489240704866546,14.848143982002249,765,94,0.7285479571052313,57.28547957105231,78.45894263217097,195,49,1.683418109032847,66.83418109032847,95.3880764904387,44,6,-2.1571351393249127,28.428648606750873,1.124859392575928,880,96
"Webster, Evan",804248.0,FLO_Y'A,Sinker,63,41,5,10,24,6,26,32,5,0,11,11,7,14,2516.48297,0.2381405652556037,0.1219512195121951,0.1587301587301587,0.25,0.2307692307692307,78.6400928125,0.15625,0.0,0.34375,0.34375,0.21875,0.4375,-1.0745546960779684,0.0034966009810377093,-1.8178881838819403,0.0533295677623606,0.8726228806389486,0.012670484226877533,0.2793743271069152,0.012201114987740305,-0.28161020339843423,0.16586840980167775,-0.21837723266973932,0.052195871021023084,-0.7639787681093636,-0.03755032043134333,0.30001374399329606,-0.09114627552137129,0.1710654528280024,51.96348056205606,60.51743532058492,352,38,-0.32056224301376135,46.794377569862384,40.77615298087739,528,107,0.2793743271069152,52.793743271069154,66.14173228346458,306,16,-0.2560921841323165,47.439078158676836,38.35770528683914,549,87,-0.1780401840872229,48.21959815912777,44.37570303712036,499,102
"Sparks, Alec",836152.0,GAT_GRI,Slider,181,66,22,63,56,13,38,37,6,0,12,18,7,12,2907.22067,0.2247988694046816,0.3333333333333333,0.3480662983425414,0.2321428571428571,0.3421052631578947,78.57353162162163,0.1621621621621621,0.0,0.3243243243243243,0.4864864864864865,0.1891891891891892,0.3243243243243243,0.8445779192187074,-0.002748256549137674,1.2384399116763496,-0.03633087324893739,0.6643029173871213,0.009645678360461001,1.189541945787713,0.05195086539838679,-0.30138372794257173,0.17751501575817474,-0.14413474638046517,0.03445065467561964,-0.7639787681093636,-0.03755032043134333,0.08612761139925665,-0.026166171236373964,0.17076659272684983,51.960050261023994,60.404949381327334,353,101,0.791661297692812,57.91661297692812,78.85264341957256,189,38,1.189541945787713,61.89541945787713,86.78290213723284,119,48,0.13308064291556623,51.330806429155665,53.82452193475815,412,99,0.7510844745779188,57.51084474577919,76.09673790776152,214,38
"Kelly, Aiden",1000062337.0,TRI_VAL,Sinker,78,27,7,18,10,1,17,18,5,0,4,11,3,4,1407.05265,0.2423742091200872,0.2592592592592592,0.2307692307692307,0.1,0.0588235294117647,78.16959166666668,0.2777777777777778,0.0,0.2222222222222222,0.6111111111111112,0.1666666666666666,0.2222222222222222,0.17206136172158126,-0.0005598876710420255,-0.655009082714485,0.019215346450512132,-0.8772648106763955,-0.012737885051021263,-1.1262749150054605,-0.04918780436303347,-0.4213833329414444,0.24819478310251075,1.3077183188320263,-0.31256690941227444,-0.7639787681093636,-0.03755032043134333,-1.0380661676457401,0.31537176819394935,0.17017909081825772,51.95330694401509,60.292463442069746,354,39,1.7627545666331996,67.627545666332,94.88188976377953,47,7,-1.1262749150054605,38.7372508499454,9.167604049493812,808,121,0.4295932730472875,54.29593273047288,67.82902137232846,286,44,1.589299755363718,65.89299755363717,94.71316085489315,51,8
"Masick, Jason",1000183506.0,NEW_YOR13,Slider,54,20,6,17,19,2,11,13,2,0,4,3,4,6,1023.16476,0.2232603550271433,0.3,0.3148148148148148,0.1052631578947368,0.1818181818181818,78.70498153846154,0.1538461538461538,0.0,0.3076923076923077,0.2307692307692307,0.3076923076923077,0.4615384615384615,0.5419454683450009,-0.0017634905539946329,0.7016832019808812,-0.02058457841331113,-0.8158652425600683,-0.011846363321972192,-0.12079854325522024,-0.005275634779585234,-0.2623335228206661,0.15451444494137231,-0.24856373808406054,0.0594109589856379,-0.7639787681093636,-0.03755032043134333,-0.09699897704246174,0.029468968218339175,0.16637398464514286,51.909632129001544,60.17997750281214,355,102,-1.2009248908465935,37.990751091534065,10.517435320584926,797,171,-0.12079854325522024,48.7920145674478,52.47469066366705,424,149,-1.427031964854408,35.72968035145592,7.64904386951631,822,174,-0.3753858348943997,46.246141651056,36.33295838020247,567,126
"Toribio, Noe",672848.0,TRO_AIG,Slider,188,80,24,56,50,9,37,46,12,1,12,16,7,23,3599.23634,0.2151961101899625,0.3,0.2978723404255319,0.18,0.2432432432432432,78.24426826086956,0.2608695652173913,0.0217391304347826,0.2608695652173913,0.3478260869565217,0.1521739130434782,0.5,0.5419454683450009,-0.0017634905539946329,0.42819204181329734,-0.01256144173863489,0.05600862469178787,0.0008132452305247599,0.38134888094437086,0.016654649677483507,-0.39919894217473595,0.23512817694091945,1.0953919812317803,-0.26181730517807644,0.008317269868846627,0.00040880213132368055,-0.6125401336338231,0.18609398037889088,0.16295661688843632,51.87040775579957,60.067491563554555,356,103,-0.28880077838334517,47.11199221616655,42.63217097862767,512,118,0.38134888094437086,53.81348880944371,68.89763779527559,278,105,0.6203927046103076,56.203927046103075,76.26546681664792,212,56,-0.6911388761858831,43.08861123814117,24.634420697412825,685,153
"Puccetti, Dominic",1000266076.0,OTT_TIT,Curveball,172,57,16,50,54,14,46,35,10,2,12,14,8,13,2689.11846,0.2457557248981645,0.2807017543859649,0.2906976744186046,0.2592592592592592,0.3043478260869565,76.831956,0.2857142857142857,0.0571428571428571,0.3428571428571428,0.4,0.2285714285714285,0.3714285714285714,0.366737207312855,-0.00119336287259603,0.3123761530024706,-0.009163866824480478,0.9806406393621171,0.01423890208353794,0.8808764055394426,0.03847051525912407,-0.8187586102900444,0.4822488214608361,1.4073817017872432,-0.33638815221608154,1.266056531719074,0.062227944590524206,0.29018295280574335,-0.08815961234305447,0.1622811891378098,51.86265523045033,59.955005624296966,357,51,0.11774596888598897,51.17745968885989,58.21147356580427,377,65,0.8808764055394426,58.80876405539443,82.11473565804275,161,43,-0.38539287034332653,46.14607129656673,33.57705286839145,592,62,0.36437843327421826,53.643784332742186,64.34195725534309,318,62
"Castro, Alexander",669418.0,TRO_AIG,Four-Seam,119,54,15,32,33,3,29,42,4,1,17,9,14,19,3279.22649,0.2408483211343055,0.2777777777777778,0.2689075630252101,0.0909090909090909,0.1034482758620689,78.0768211904762,0.0952380952380952,0.0238095238095238,0.4047619047619047,0.2142857142857142,0.3333333333333333,0.4523809523809524,0.3401905010958634,-0.0011069798905659395,-0.03936720562583108,0.0011548763442393805,-0.983318610150053,-0.01427778621937877,-0.7614693948202164,-0.033255652879983305,-0.4489429253062467,0.26442738300537927,-0.984539489137973,0.2353216750752909,0.08186927348581903,0.004023956661101491,0.9717844751426891,-0.29523492603967494,0.16105254605640812,51.84855292768752,59.84251968503938,358,82,-1.3293668577036633,36.706331422963366,7.874015748031496,820,232,-0.7614693948202164,42.38530605179783,26.209223847019125,654,187,-1.764600189927443,32.35399810072557,4.611923509561304,844,262,-0.3002065393488087,46.99793460651191,38.80764904386952,545,93
"Almonte, Lisandro",1000570068.0,NEW_JER6,Four-Seam,210,78,14,51,48,5,46,54,4,0,21,13,11,30,4245.6170600000005,0.2083731435038156,0.1794871794871795,0.2428571428571428,0.1041666666666666,0.108695652173913,78.62253814814815,0.074074074074074,0.0,0.3888888888888889,0.2407407407407407,0.2037037037037037,0.5555555555555556,-0.5521872386599381,0.0017968172745994387,-0.4598819115016406,0.01349109575581213,-0.8286568192509701,-0.012032097015524086,-0.7185723030197774,-0.03138220818978273,-0.2868252180615531,0.16894005343825477,-1.2503085103518863,0.29884498921877684,-0.7639787681093636,-0.03755032043134333,0.7970148540306523,-0.24213869175849037,0.15996963829230268,51.83612336748019,59.730033745781775,359,83,-1.1232254294145387,38.76774570585461,12.260967379077616,781,207,-0.7185723030197774,42.81427696980223,27.727784026996627,643,182,-0.05800527428043099,49.41994725719569,46.287964004499436,478,127,-1.1472266024958035,38.52773397504197,13.273340832395949,771,201
"Balzan, Jackson",827496.0,SUS_COU1,Sinker,142,69,7,39,28,2,30,50,7,2,15,9,8,33,3971.69101,0.2195689684362321,0.1014492753623188,0.2746478873239437,0.0714285714285714,0.0666666666666666,79.4338202,0.14,0.04,0.3,0.18,0.16,0.66,-1.2606913042505559,0.004102289504031308,0.053295053506276356,-0.0015634636896601232,-1.2105767518793187,-0.017577574437287708,-1.062157581154721,-0.046387608041770126,-0.04581532396540173,0.026985225815621617,-0.42243800927054664,0.10096986566181824,0.6570459417705438,0.032294465083964,-0.1816950241967571,0.05520022021614418,0.1540234201128614,51.76787297781901,59.617547806524186,360,40,-1.5965261487663673,34.034738512336325,3.374578177727784,859,143,-1.062157581154721,39.37842418845279,12.429696287964004,771,108,0.5173610115662758,55.173610115662754,71.09111361079866,255,39,-2.0046715279584535,29.953284720415464,2.249718785151856,870,145
"Pierson, Kenny",1000055344.0,LAK_ERI24,Changeup,279,102,18,63,83,11,71,79,11,1,26,43,14,22,6239.73802,0.2398835398551474,0.1764705882352941,0.2258064516129032,0.1325301204819277,0.1549295774647887,78.98402556962024,0.1392405063291139,0.0126582278481012,0.3291139240506329,0.5443037974683544,0.1772151898734177,0.2784810126582278,-0.5795747907752058,0.0018859363691825196,-0.7351199447960041,0.021565478700535577,-0.497771094487526,-0.007227636291958877,-0.3406118100738584,-0.014875539581355617,-0.17943710936715615,0.10568845741725497,-0.43197541655081867,0.10324946813772704,-0.31428740422331936,-0.01544754020498037,0.1388634327543088,-0.04218768291478829,0.15265094163161697,51.75211973965658,59.5050618672666,361,51,1.2421822255739556,62.421822255739556,88.52643419572553,103,29,-0.3406118100738584,46.59388189926142,42.51968503937008,512,74,0.2907202690615446,52.90720269061545,60.629921259842526,351,62,1.1274387666954448,61.274387666954446,87.06411698537683,116,28
"Wilson, Bradley",1000073000.0,FLO_Y'A,Four-Seam,60,34,9,23,21,6,19,23,4,1,4,10,1,12,1879.28762,0.2142651034742382,0.2647058823529412,0.3833333333333333,0.2857142857142857,0.3157894736842105,81.70815739130435,0.1739130434782608,0.0434782608695652,0.1739130434782608,0.4347826086956521,0.0434782608695652,0.5217391304347826,0.22151110859637058,-0.0007207971473725898,1.8077323357748984,-0.05303163580229242,1.2892628071426018,0.018720095959710577,0.9744114177358884,0.04255546984677945,0.6298285712298776,-0.3709690284543979,0.0034279592876593668,-0.0008193405450584789,0.7806133078470568,0.03836792469399069,-1.569973710160637,0.47696900296277267,0.15107169151413197,51.73399318717596,59.392575928008995,362,84,0.38877713373221057,53.88777133732211,67.37907761529809,293,22,0.9744114177358884,59.74411417735888,83.97075365579303,144,19,2.0513884413329566,70.51388441332956,97.86276715410574,20,2,-0.8696079864810692,41.30392013518931,19.910011248593925,715,170
"Foster, Kobe",816330.0,WAS_WIL3,Curveball,186,68,15,65,54,6,41,44,6,0,15,21,8,15,3447.37687,0.2484644661118822,0.2205882352941176,0.3494623655913978,0.1111111111111111,0.1463414634146341,78.34947431818182,0.1363636363636363,0.0,0.3409090909090909,0.4772727272727273,0.1818181818181818,0.3409090909090909,-0.1790318410894179,0.0005825696109049658,1.2609757020685268,-0.0369919831958823,-0.7476435002085924,-0.010855783623028761,-0.4108192994758623,-0.017941711266009335,-0.36794507593521575,0.21671964972584207,-0.46810195927911996,0.11188432600101741,-0.7639787681093636,-0.03755032043134333,0.2687339538510845,-0.08164325631763643,0.14420349050386433,51.65516032550217,59.280089988751406,363,52,0.7198663407886761,57.19866340788676,77.10911136107987,204,47,-0.4108192994758623,45.891807005241375,39.14510686164229,541,75,0.2301211400495842,52.301211400495845,58.38020247469067,370,41,0.614930521883434,56.14930521883434,72.94713160854893,241,54
"Gilleran, Jimmy",10103730.0,NEW_ENG23,Sinker,246,105,16,71,42,10,64,80,7,0,27,27,20,33,6365.7826000000005,0.2361362797433221,0.1523809523809524,0.2886178861788618,0.238095238095238,0.15625,79.5722825,0.0875,0.0,0.3375,0.3375,0.25,0.4125,-0.7982839569528423,0.0025976159959245487,0.2788035067926609,-0.008178979675269501,0.7337429051377297,0.010653946982599834,-0.32981740857829994,-0.014404115684840093,-0.004681929995774423,0.0027576567675111348,-1.0817112875193096,0.2585473868090028,-0.7639787681093636,-0.03755032043134333,0.23119820568043156,-0.07023963327315487,0.14418355749043055,51.65493153538837,59.16760404949382,364,41,-0.3692631554470668,46.307368445529335,39.82002249718785,536,108,-0.32981740857829994,46.701825914217004,42.857142857142854,510,43,-0.6675034584400784,43.324965415599216,21.034870641169853,694,113,0.027199292752241352,50.27199292752241,51.912260967379076,428,93
"Hill, Kaleb",1000371973.0,OTT_TIT,Slider,159,58,13,43,31,7,29,29,4,0,13,7,8,14,2226.90118,0.2429338086770414,0.2241379310344827,0.270440251572327,0.2258064516129032,0.2413793103448276,76.78969586206895,0.1379310344827586,0.0,0.4482758620689655,0.2413793103448276,0.2758620689655172,0.4827586206896552,-0.14680424743653853,0.00047770102115849637,-0.014626027962211545,0.0004290691562994379,0.5903829304267959,0.008572360149797077,0.3661113039341768,0.0159891789767173,-0.831312951094211,0.48964332819449025,-0.448419222206459,0.10717981723412122,-0.7639787681093636,-0.03755032043134333,1.4508942985360336,-0.44079184415533673,0.14394929014590369,51.65224262672973,59.055118110236215,365,104,-1.1182496018351458,38.81750398164854,12.429696287964004,780,165,0.3661113039341768,53.66111303934177,68.50393700787401,281,106,-1.007981754418915,39.92018245581085,13.72328458942632,769,164,-0.549594409400046,44.504055905999536,29.133858267716533,632,136
"Zentko, Dylan",1000303828.0,EVA_OTT,Four-Seam,208,96,17,51,63,10,51,63,8,2,19,15,14,34,5041.35996,0.2253761833302027,0.1770833333333333,0.2451923076923076,0.1587301587301587,0.196078431372549,80.02158666666666,0.1269841269841269,0.0317460317460317,0.3015873015873015,0.238095238095238,0.2222222222222222,0.5396825396825397,-0.5740116942517923,0.0018678340530953322,-0.42218688979006896,0.012385274598881463,-0.1921235982037216,-0.002789634645918038,-0.004221572617511281,-0.00018436874092457014,0.12879415193912716,-0.0758597554921459,-0.5858859573171044,0.14003670386006234,0.3638186206842121,0.01788204902524971,-0.164218062085554,0.049890596788025904,0.14322869944632624,51.64397172335077,58.94263217097863,366,85,-1.1438395722434516,38.561604277565486,11.754780652418448,787,211,-0.004221572617511281,49.957784273824885,57.14285714285714,382,78,-0.30180454794428985,46.9819545205571,36.895388076490434,567,163,-1.0169158235501117,39.830841764498885,16.197975253093365,746,189
"Thebiay, Nolan",1000338675.0,EVA_OTT,Slider,58,18,4,15,14,2,12,12,3,0,2,9,2,1,960.87405,0.2600881836867641,0.2222222222222222,0.2586206896551724,0.1428571428571428,0.1666666666666666,80.0728375,0.25,0.0,0.1666666666666666,0.75,0.1666666666666666,0.0833333333333333,-0.16419691702698108,0.0005342967680057964,-0.20542139982595622,0.006026242185294252,-0.3772968988720123,-0.005478350971621618,-0.24466157455778645,-0.010685104945662207,0.14401938450259053,-0.08482741747202581,0.9588964784887655,-0.22919255959894927,-0.7639787681093636,-0.03755032043134333,-1.6497598415378716,0.5012085881780961,0.14003537371179392,51.60731889307783,58.83014623172104,367,105,2.8449970651511007,78.44997065151101,99.38132733408324,8,2,-0.24466157455778645,47.553384254422134,47.30033745781777,478,154,0.4295932730472875,54.29593273047288,67.82902137232846,296,77,2.7295190711385184,77.29519071138519,99.49381327334083,7,1
"Darden, Nathan",1000439869.0,FLO_Y'A,Four-Seam,151,74,11,37,36,5,43,57,6,2,16,22,10,25,4598.29815,0.2440312347089061,0.1486486486486486,0.2450331125827814,0.1388888888888889,0.1162790697674418,80.67189736842104,0.1052631578947368,0.0350877192982456,0.2807017543859649,0.3859649122807017,0.175438596491228,0.4385964912280701,-0.8321694437302076,0.0027078793698980955,-0.424756671168925,0.012460661705411585,-0.4235902240390841,-0.006150530053047501,-0.65657816702911,-0.028674738288662318,0.3219838237698533,-0.1896484722004436,-0.8586489001419092,0.20523168416521873,0.4825341352940633,0.023717035283838506,-0.39417808986454994,0.11975406294747933,0.13939758292969284,51.59999836293799,58.71766029246345,368,86,0.008382516404179186,50.08382516404179,54.668166479190106,404,39,-0.65657816702911,43.4342183297089,29.865016872890887,624,177,0.3141094065749333,53.141094065749336,62.59842519685039,333,75,-0.18704191552754965,48.1295808447245,43.475815523059616,503,73
"Gordillo, Lucas",808851.0,TRI_VAL,Changeup,50,26,8,10,17,3,14,16,1,0,6,4,5,7,1273.84156,0.2419639747700301,0.3076923076923077,0.2,0.1764705882352941,0.2142857142857142,79.6150975,0.0625,0.0,0.375,0.25,0.3125,0.4375,0.6117837262389335,-0.0019907442451814897,-1.1516964276199055,0.03378616640065755,0.01483479666083848,0.00021540124751537473,0.14462223810742025,0.006316087004865364,0.008037245280165466,-0.004733937470017459,-1.395650943828244,0.3335843016409954,-0.7639787681093636,-0.03755032043134333,0.6440914355576196,-0.19567948676245372,0.1339474673850377,51.53744221407227,58.60517435320585,369,52,-1.051075929513345,39.489240704866546,14.848143982002249,750,127,0.14462223810742025,51.4462223810742,61.30483689538808,344,43,-1.4903260070556021,35.09673992944398,6.805399325084364,828,121,-0.1780401840872229,48.21959815912777,44.37570303712036,492,98
"Cerda, Junior",693702.0,EVA_OTT,Sinker,169,79,8,39,57,5,50,61,3,0,29,21,19,21,4731.28741,0.2424609311066012,0.1012658227848101,0.2307692307692307,0.087719298245614,0.1,77.56208868852458,0.0491803278688524,0.0,0.4754098360655737,0.3442622950819672,0.3114754098360656,0.3442622950819672,-1.2623568653450725,0.0041077092398328656,-0.655009082714485,0.019215346450512132,-1.0205304696144943,-0.014818102418802458,-0.7896589122890756,-0.034486773676400795,-0.6018559911136728,0.35449317876595327,-1.562913875468251,0.37356298577279495,-0.7639787681093636,-0.03755032043134333,1.7496525428790517,-0.531556690094456,0.13296733360809054,51.52619228845938,58.49268841394826,370,42,-0.31657036494545765,46.83429635054542,40.94488188976378,526,105,-0.7896589122890756,42.10341087710924,24.521934758155233,668,71,-1.4768371128160036,35.231628871839966,7.19910011248594,826,140,0.5874021270763522,55.87402127076352,72.55343082114736,245,52
"Sakurai, Masatoshi",1000429128.0,QUE_CAP,Slider,158,82,22,41,49,9,49,52,11,4,14,25,8,19,4141.85996,0.2446098422556801,0.2682926829268293,0.2594936708860759,0.1836734693877551,0.1836734693877551,79.65115307692307,0.2115384615384615,0.0769230769230769,0.2692307692307692,0.4807692307692308,0.1538461538461538,0.3653846153846153,0.2540755760504998,-0.0008267619244683263,-0.1913294411097399,0.00561284048439533,0.09886301713216383,0.0014354910087590188,-0.10563164146306907,-0.004613250677616615,0.018748379288328596,-0.011042795400825542,0.4759123918596349,-0.11375115216511436,1.968761058582765,0.09676657479040149,-0.5204792128139373,0.15812522820736383,0.13170617432289483,51.511716766364174,58.38020247469067,371,106,0.7471116064856301,57.471116064856304,77.89651293588301,198,40,-0.10563164146306907,48.94368358536931,52.924634420697416,420,146,0.5983773855838049,55.98377385583805,75.0281214848144,227,59,0.4139967683343087,54.13996768334309,65.6917885264342,306,61
"Leach, Landon",667743.0,TRO_AIG,Slider,65,20,6,20,17,4,13,10,2,1,2,2,1,7,815.76485,0.2391405699255257,0.3,0.3076923076923077,0.2352941176470588,0.3076923076923077,81.576485,0.2,0.1,0.2,0.2,0.1,0.7,0.5419454683450009,-0.0017634905539946329,0.5867092795490707,-0.017211703424851538,0.7010652638433262,0.010179467631005096,0.9082174091045578,0.03966457890782335,0.5907122749785175,-0.34792952996234683,0.33101716587089636,-0.07911872993496404,2.788583006590405,0.137061643356925,-1.2827436372025922,0.38970649618760794,0.13058873220720435,51.49889082262679,58.26771653543307,372,107,-1.4406832289797895,35.5931677102021,5.736782902137233,840,183,0.9082174091045578,59.08217409104558,82.95838020247469,153,55,1.3072706582371785,63.07270658237179,91.39482564679415,79,22,-2.3330546909015957,26.669453090984042,0.6186726659167604,884,188
"Kirby, Zach",813716.0,WAS_WIL3,Changeup,122,65,26,36,43,8,40,37,3,0,15,15,9,13,2902.36011,0.2261402465609242,0.4,0.2950819672131147,0.1860465116279069,0.2,78.44216513513514,0.081081081081081,0.0,0.4054054054054054,0.4054054054054054,0.2432432432432432,0.3513513513513513,1.449842820966121,-0.004717788539423757,0.3831488922927491,-0.011240055904300088,0.1265467331789171,0.0018374585657578762,0.027837094307859044,0.0012157294197071278,-0.34040914816926365,0.20050098827169627,-1.1623174154905234,0.27781362169829843,-0.7639787681093636,-0.03755032043134333,0.9788697300526368,-0.2973874760781014,0.13047215700229114,51.4975527783573,58.15523059617548,373,53,0.15986567693641499,51.59865676936415,59.5050618672666,361,78,0.027837094307859044,50.27837094307859,58.21147356580427,372,50,-0.5785496694005617,44.214503305994384,24.803149606299215,669,104,0.5292039590757955,55.29203959075795,70.3599550056243,264,56
"Johnston, Spencer",800918.0,DOW_EAS1,Four-Seam,57,15,2,9,12,0,12,12,0,0,3,3,1,8,991.70129,0.2341139419439937,0.1333333333333333,0.1578947368421052,0.0,0.0,82.64177416666666,0.0,0.0,0.25,0.25,0.0833333333333333,0.6666666666666666,-0.9712167860235321,0.0031603394217205732,-1.831373846964168,0.053725183174540836,-2.043856604886625,-0.029676797902953796,-1.6071549188860101,-0.07018927677250872,0.9071807937310985,-0.534329487507617,-2.1805000846005806,0.521176588720977,-0.7639787681093636,-0.03755032043134333,-0.7322193306996747,0.22245335820187606,0.12876958690469165,51.47801076542068,58.04274465691789,374,87,-1.051075929513345,39.489240704866546,14.848143982002249,755,191,-1.6071549188860101,33.928450811139896,1.968503937007874,870,266,1.526690004534652,65.26690004534652,94.37570303712036,51,8,-2.0594020551156436,29.405979448843564,1.7435320584926886,874,267
"McCartney, Seth",823530.0,MIS_MUD,Slider,57,16,4,10,19,0,5,10,2,0,3,3,0,7,781.8939300000001,0.195163743634913,0.25,0.175438596491228,0.0,0.0,78.18939300000001,0.2,0.0,0.3,0.3,0.0,0.7,0.08799679203444118,-0.0002863415612800716,-1.5481749222373924,0.045417259518756144,-2.043856604886625,-0.029676797902953796,-1.6071549188860101,-0.07018927677250872,-0.4155008938578533,0.2447300264822756,0.33101716587089636,-0.07911872993496404,-0.7639787681093636,-0.03755032043134333,-0.1816950241967571,0.05520022021614418,0.12852603961412595,51.475215342013655,57.93025871766029,375,108,-0.6614686300469005,43.385313699531,26.94038245219347,653,140,-1.6071549188860101,33.928450811139896,1.968503937007874,876,190,2.6237867360220166,76.23786736022016,99.15635545556806,12,4,-2.3330546909015957,26.669453090984042,0.6186726659167604,885,189
"Sechrist, Zander",801415.0,WAS_WIL3,Curveball,151,61,7,35,27,3,41,48,11,1,15,10,11,27,3734.31456,0.2279580476860098,0.1147540983606557,0.2317880794701986,0.1111111111111111,0.073170731707317,77.79822,0.2291666666666666,0.0208333333333333,0.3125,0.2083333333333333,0.2291666666666666,0.5625,-1.1398971684777293,0.003709225386226531,-0.6385624818898021,0.018732868968719237,-0.7476435002085924,-0.010855783623028761,-1.0089871091809368,-0.04406549401925905,-0.5317077828036627,0.3131758840713573,0.6972800982313191,-0.1666617972389552,-0.023861731713579692,-0.0011728279754541554,-0.04406394757102753,0.013386935719711161,0.1262490112893171,51.449079726779246,57.8177727784027,376,53,-1.375748679068716,36.24251320931284,7.086614173228346,828,95,-1.0089871091809368,39.91012890819063,15.29808773903262,754,92,-0.3932292755682363,46.06770724431764,33.29583802024747,595,63,-1.2042375682845434,37.95762431715457,12.204724409448819,781,94
"Rodriguez, Esteban",701454.0,TRO_AIG,Four-Seam,142,75,10,34,43,3,36,61,6,2,21,12,16,33,4852.1567,0.2320695493103879,0.1333333333333333,0.2394366197183098,0.0697674418604651,0.0833333333333333,79.54355245901638,0.0983606557377049,0.0327868852459016,0.3442622950819672,0.1967213114754098,0.2622950819672131,0.5409836065573771,-0.9712167860235321,0.0031603394217205732,-0.5150971545721127,0.015110890126527499,-1.2299553531120466,-0.017858951727186916,-0.9259082467218983,-0.04043719085908546,-0.013216845958767121,0.007784722269713834,-0.94532766633592,0.2259493828246126,0.40079558425121475,0.019699503761531456,0.30565436188779305,-0.09285993472204473,0.12054876109578885,51.383652545143086,57.70528683914511,377,88,-1.4662312486169338,35.33768751383066,5.061867266591676,845,244,-0.9259082467218983,40.74091753278102,17.435320584926885,736,219,-0.8293701893152629,41.70629810684737,17.435320584926885,735,230,-1.0275970349391033,39.72402965060897,15.860517435320585,749,191
"Joven, Art",1000048892.0,MIS_MUD,Sinker,305,101,9,81,46,5,74,83,18,2,21,40,14,29,6569.17011,0.2424204235013113,0.0891089108910891,0.2655737704918032,0.108695652173913,0.0675675675675675,79.1466278313253,0.216867469879518,0.0240963855421686,0.253012048192771,0.4819277108433735,0.1686746987951807,0.3493975903614458,-1.3727291465886475,0.004466860642999459,-0.09318241388704096,0.0027335992937902336,-0.7758220459624632,-0.011264936107374965,-1.0547927522664602,-0.04606596386973311,-0.1311323874965337,0.07723697623545835,0.5428318737419836,-0.1297460459661877,0.09206021374599958,0.004524851565829625,-0.6990552158501021,0.21237786796177197,0.11426320975655387,51.31150730674243,57.59280089988752,378,43,0.7561386523490787,57.56138652349079,78.177727784027,195,38,-1.0547927522664602,39.4520724773354,13.498312710911136,770,107,0.40315720722831416,54.03157207228314,66.14173228346458,302,45,0.545243514413298,55.45243514413298,70.64116985376828,262,60
"Scott, Brandon",1000138331.0,LAK_ERI24,Four-Seam,472,197,33,107,112,14,122,151,27,1,44,58,20,73,11943.81215,0.2300620867162435,0.1675126903553299,0.2266949152542373,0.125,0.1147540983606557,79.09809370860927,0.1788079470198675,0.0066225165562913,0.2913907284768212,0.3841059602649007,0.1324503311258278,0.4834437086092715,-0.6609033084779042,0.0021505793657871004,-0.7207780637665788,0.021144745278656358,-0.5856168621238382,-0.008503156838038132,-0.6690447473813315,-0.029219191252384886,-0.14555055901794342,0.08572927926156867,0.06489613270835491,-0.015511278951552866,-0.5287097764073955,-0.025986614220199895,-0.2764872888926237,0.08399877377660132,0.11380313642043768,51.30622660840357,57.48031496062992,379,89,-0.006102709090099406,49.93897290909901,53.655793025871766,413,42,-0.6690447473813315,43.309552526186685,29.133858267716533,631,180,0.880056831671238,58.80056831671238,84.58942632170978,138,28,-0.5552186928484895,44.44781307151511,28.90888638920135,633,132
"Brothers, Kellen",1000131959.0,SUS_COU1,Four-Seam,351,163,36,91,74,14,75,101,20,6,30,19,19,63,8009.22592,0.2313547611169113,0.2208588957055214,0.2592592592592592,0.1891891891891892,0.1866666666666666,79.29926653465347,0.198019801980198,0.0594059405940594,0.297029702970297,0.1881188118811881,0.1881188118811881,0.6237623762376238,-0.17657452237968954,0.0005745734958235097,-0.19511339298724267,0.005723846496673751,0.16320895172732267,0.002369793979080725,-0.0811623732383996,-0.0035446043264406256,-0.08578756858907328,0.05052887789896416,0.30615065844048533,-0.07317521192846949,1.346453969336043,0.06617955904683585,-0.2143994384444552,0.0651360501954946,0.11379288485796249,51.30610894149118,57.36782902137233,380,90,-1.5332631813282518,34.66736818671748,4.386951631046119,851,249,-0.0811623732383996,49.18837626761601,53.88076490438694,411,90,0.14717233226836135,51.471723322683616,54.16197975253093,408,100,-1.707175890242636,32.92824109757364,4.161979752530934,853,256
"Cerda, Junior",693702.0,EVA_OTT,Slider,122,40,12,47,18,3,21,20,3,1,7,8,4,8,1571.09335,0.217009863774937,0.3,0.3852459016393442,0.1666666666666666,0.1428571428571428,78.55466750000001,0.15,0.05,0.35,0.4,0.2,0.4,0.5419454683450009,-0.0017634905539946329,1.8386056611754398,-0.053937335676242704,-0.09953694786957673,-0.0014452764830662542,-0.4393034808903899,-0.019185700920925995,-0.30698774684557273,0.18081578289204234,-0.29686214674697303,0.07095509972902125,1.0123021192405206,0.049755661462790826,0.3688292823061605,-0.1120529177695877,0.11314182268003714,51.29863608294544,57.25534308211474,381,109,0.11774596888598897,51.17745968885989,58.21147356580427,369,84,-0.4393034808903899,45.6069651910961,37.96400449943757,549,160,-0.009245419547659513,49.9075458045234,48.59392575928009,447,105,0.12981903117197302,51.29819031171973,55.34308211473565,394,81
"Majick, Eli",828663.0,NEW_ENG23,Slider,230,83,20,78,53,13,48,54,7,2,21,17,13,24,4241.26088,0.2457856399359456,0.2409638554216867,0.3391304347826087,0.2452830188679245,0.2708333333333333,78.54186814814814,0.1296296296296296,0.037037037037037,0.3888888888888889,0.3148148148148148,0.2407407407407407,0.4444444444444444,0.005957874628917793,-1.9386924042498497e-05,1.0941941754306967,-0.03209928033043492,0.817594965817711,0.011871478903673164,0.6068967656473542,0.026505002446116897,-0.3107900871380477,0.18305536132431008,-0.5526648296653646,0.13209628959212644,0.5517848521498085,0.02712077726801524,0.7970148540306523,-0.24213869175849037,0.10639155052127405,51.22115680262783,57.14285714285714,382,110,-0.5460294302049908,44.53970569795009,31.946006749156357,606,134,0.6068967656473542,56.06896765647354,75.19685039370079,222,84,-0.5456038216081484,44.54396178391852,25.75928008998875,661,141,-0.23505114987596273,47.64948850124037,41.001124859392576,525,117
"Figueredo, Kevin",1000210447.0,WIN_CIT29,Changeup,111,44,11,25,25,4,25,27,5,0,7,11,5,11,2152.58118,0.2520503599270618,0.25,0.2252252252252252,0.16,0.16,79.72522888888889,0.1851851851851851,0.0,0.2592592592592592,0.4074074074074074,0.1851851851851851,0.4074074074074074,0.08799679203444118,-0.0002863415612800716,-0.7445022980127585,0.021840719414502285,-0.1773097341502579,-0.002574537339861745,-0.29916130833091487,-0.013065271818736044,0.04075429394676177,-0.024004279134642682,0.14497885102115604,-0.034652410034523656,-0.7639787681093636,-0.03755032043134333,-0.630270385050987,0.1914805548711852,0.10118811396529998,51.161432022640724,57.03037120359955,383,54,0.17546556880694336,51.754655688069434,59.89876265466817,358,77,-0.29916130833091487,47.00838691669085,44.82564679415073,491,72,0.18579399938342897,51.85793999383429,56.13048368953881,389,67,0.0690073343306507,50.69007334330651,53.430821147356575,414,83
"Moore, Kyle",1000517760.0,SCH_BOO,Curveball,125,50,9,41,57,10,30,31,4,1,13,13,9,9,2420.85973,0.2517578613757308,0.18,0.328,0.175438596491228,0.3333333333333333,78.09224935483871,0.1290322580645161,0.032258064516129,0.4193548387096774,0.4193548387096774,0.2903225806451613,0.2903225806451613,-0.5475313548003427,0.001781667028520315,0.9145229271866491,-0.02682844459194754,0.002795665657636368,4.059306534888006e-05,1.1178317697704383,0.04881906688118435,-0.44435963611524215,0.26172782567187763,-0.560166374618983,0.13388928636230546,0.3820089011486249,0.018776119500356063,1.1324597719714977,-0.3440492059433448,0.09415690797430037,51.080728198093404,56.91788526434196,384,54,0.26856169771170896,52.68561697711709,63.77952755905512,324,58,1.1178317697704383,61.17831769770439,85.71428571428571,131,35,-1.1983567156113843,38.01643284388616,10.62992125984252,796,82,1.0302244779515575,60.302244779515576,85.43307086614173,131,37
"Forsyth, Braden",687732.0,MIS_MUD,Four-Seam,280,132,24,71,82,11,64,100,14,1,34,24,22,54,7904.55611,0.2083978824371238,0.1818181818181818,0.2535714285714285,0.1341463414634146,0.171875,79.0455611,0.14,0.01,0.34,0.24,0.22,0.54,-0.5310241302072316,0.0017279525196943317,-0.28692828247207425,0.00841732809460077,-0.4789163931411959,-0.006953866028410164,-0.2020836575475289,-0.008825599576073229,-0.1611565722517066,0.09492122105625518,-0.42243800927054664,0.10096986566181824,-0.40872259063938676,-0.020089124052516498,0.25872442100557747,-0.07860229017244147,0.09156548750292715,51.0509840058001,56.80539932508436,385,91,-1.1289973894066339,38.710026105933665,12.148481439820022,782,208,-0.2020836575475289,47.979163424524714,48.87514060742407,455,107,-0.27254863510462696,47.27451364895373,37.96400449943757,553,156,-1.019522039129026,39.80477960870974,16.085489313835772,747,190
"Albert, Wes",670784.0,DOW_EAS1,Changeup,57,23,3,9,16,1,14,16,4,1,2,9,1,6,1308.6826,0.253131143550922,0.1304347826086956,0.1578947368421052,0.0625,0.0714285714285714,81.7926625,0.25,0.0625,0.125,0.5625,0.0625,0.375,-0.9975326513168982,0.0032459712473851864,-1.831373846964168,0.053725183174540836,-1.3147367335052316,-0.01908997737049596,-1.0232291998882,-0.04468748884671735,0.65493274708442,-0.38575538803272336,0.9588964784887655,-0.22919255959894927,1.4563723410779916,0.07158215693632437,-2.108530096956969,0.640586203166206,0.09041410067557043,51.03776844638966,56.69291338582677,386,55,1.3839696921519338,63.839696921519334,90.38245219347581,86,25,-1.0232291998882,39.767708001118,14.735658042744657,755,101,1.8009641874064928,68.00964187406493,96.45669291338582,30,7,0.3350585080114373,53.35058508011437,63.77952755905512,319,68
"Cooper, Garrett",1000327042.0,NEW_YOR13,Changeup,335,160,49,108,79,19,89,93,18,3,23,43,15,35,7450.53996,0.2410430248160004,0.30625,0.3223880597014925,0.240506329113924,0.2134831460674157,80.11333290322581,0.1935483870967742,0.032258064516129,0.2473118279569892,0.4623655913978494,0.1612903225806451,0.3763440860215054,0.5986890528838212,-0.0019481341780839543,0.8239330860710621,-0.024170901012980677,0.7618704951126604,0.011062359589035828,0.1380612749726139,0.006029550061878966,0.15604947048878268,-0.09191313811789299,0.25000048037181627,-0.05975436481703041,0.3820089011486249,0.018776119500356063,-0.7618174116944557,0.2314454623946575,0.08952695341994032,51.02758581533638,56.58042744656918,387,56,0.6037077617688653,56.03707761768865,73.90326209223848,233,53,0.1380612749726139,51.38061274972614,60.8548931383577,349,45,0.5003737073367949,55.00373707336795,70.4161979752531,263,52,0.3240241275361973,53.240241275361974,63.217097862767154,328,71
"Blair, Davis",836357.0,DOW_EAS1,Slider,99,38,10,32,32,2,22,19,2,1,6,9,4,6,1521.98894,0.2594432374769388,0.2631578947368421,0.3232323232323232,0.0625,0.0909090909090909,80.10468105263158,0.1052631578947368,0.0526315789473684,0.3157894736842105,0.4736842105263157,0.2105263157894736,0.3157894736842105,0.20745697001090416,-0.0006750649804154822,0.8375614739457476,-0.024570703399672454,-1.3147367335052316,-0.01908997737049596,-0.8639767310706152,-0.037732455776046975,0.1534792403318449,-0.09039927255545664,-0.8586489001419092,0.20523168416521873,1.1057905869957767,0.05435071314142942,-0.007845243195835771,0.002383439799597278,0.08949836302415791,51.02725765622855,56.46794150731158,388,111,0.6919040944154854,56.91904094415485,76.32170978627671,210,45,-0.8639767310706152,41.36023268929385,20.41619797525309,700,182,-0.14782605931448317,48.52173940685517,42.68841394825647,503,118,0.8211520057891155,58.21152005789116,78.34645669291339,190,33
"Tokar, Heitor",677573.0,OTT_TIT,Four-Seam,247,119,31,73,65,11,57,80,12,1,24,26,14,40,6370.84765,0.2302576816527871,0.2605042016806723,0.2955465587044534,0.1692307692307692,0.1929824561403508,79.635595625,0.15,0.0125,0.3,0.325,0.175,0.5,0.18336416100724803,-0.000596666979917585,0.39064848550745596,-0.011460063970846729,-0.0696243377616216,-0.0010109453842987455,-0.02953104650596156,-0.001289709394054859,0.01412668226960742,-0.008320615856798769,-0.29686214674697303,0.07095509972902125,-0.3199085462718925,-0.01572382495780979,-0.1816950241967571,0.05520022021614418,0.08775349340143895,51.00723013149522,56.35545556805399,389,92,-0.466664980313678,45.33335019686322,35.43307086614173,575,99,-0.02953104650596156,49.704689534940385,56.2992125984252,389,81,0.31988359989855025,53.1988359989855,62.93588301462317,332,74,-0.6911388761858831,43.08861123814117,24.634420697412825,684,149
"Kirby, Zach",813716.0,WAS_WIL3,Four-Seam,350,182,23,91,101,13,100,140,20,2,41,37,25,78,11180.92202,0.2303648135341069,0.1263736263736263,0.26,0.1287128712871287,0.13,79.86372871428571,0.1428571428571428,0.0142857142857142,0.2928571428571428,0.2642857142857143,0.1785714285714285,0.5571428571428572,-1.0344037812608997,0.003365949904222968,-0.1831561050543331,0.005373067497873916,-0.5423028103586073,-0.007874236806406977,-0.5444101103099952,-0.023776022747568418,0.08189883569402434,-0.048238414223780335,-0.3865591914066694,0.0923942182524479,-0.2564699431522569,-0.01260575417587658,-0.2603413536971742,0.0790935256426774,0.08773233334358987,51.006987257428065,56.2429696287964,390,93,-0.9397595582372179,40.602404417627824,18.89763779527559,722,171,-0.5444101103099952,44.55589889690005,34.87064116985377,580,159,0.27286516854909265,52.728651685490924,59.786276715410565,357,86,-1.1602576803903726,38.39742319609627,13.048368953880765,774,203
"Thebiay, Nolan",1000338675.0,EVA_OTT,Four-Seam,549,228,52,171,164,35,132,142,22,1,47,36,34,72,11227.82794,0.2213410348446849,0.2280701754385964,0.3114754098360656,0.2134146341463414,0.2651515151515151,79.06921084507042,0.1549295774647887,0.0070422535211267,0.3309859154929577,0.2535211267605634,0.2394366197183098,0.5070422535211268,-0.11110350459299823,0.00036153080394561623,0.6477773957259668,-0.019003197681016964,0.4458210047083761,0.0064733209883656205,0.5604481289088915,0.024476451133838017,-0.15413087441725906,0.09078308503176558,-0.23495855254521172,0.05615908835369887,-0.5137983614403681,-0.02525370326315553,0.159474968565614,-0.04844961177501349,0.08554696359242771,50.981903694637474,56.13048368953881,391,94,-1.0236387957481023,39.76361204251898,16.310461192350957,745,185,0.5604481289088915,55.604481289088916,74.01574803149606,232,35,-0.5284348586740735,44.715651413259266,26.546681664791898,654,196,-0.7489528133237603,42.510471866762394,22.15973003374578,693,155
"Sittinger, Brandyn",670087.0,LAK_ERI24,Four-Seam,254,130,31,69,57,12,69,93,13,0,30,33,17,43,7378.50384,0.2426135372660394,0.2384615384615384,0.2716535433070866,0.2105263157894736,0.1739130434782608,79.33875096774194,0.1397849462365591,0.0,0.3225806451612903,0.3548387096774194,0.1827956989247312,0.4623655913978494,-0.01676059480645789,5.453897550021397e-05,0.004959338173625087,-0.00014548714466146556,0.41212611976648844,0.0059840712590094125,-0.18542273350003752,-0.008097967040147138,-0.07405781441125282,0.04362005268822791,-0.42513856545385,0.10161534449908287,-0.7639787681093636,-0.03755032043134333,0.06692885615939932,-0.02033345500321863,0.08514677780244985,50.97731038250552,56.01799775028121,392,95,-0.23415739837402552,47.658426016259746,44.99437570303712,491,66,-0.18542273350003752,48.145772664999626,49.60629921259843,448,105,0.21725197017876433,52.17251970178764,57.19910011248594,382,91,-0.38217622287916236,46.17823777120837,35.54555680539933,574,104
"Williams, Brian",1000079778.0,MIS_MUD,Slider,243,113,43,84,76,13,59,62,11,0,19,25,11,26,4887.74065,0.2454261654625771,0.3805309734513274,0.345679012345679,0.1710526315789473,0.2203389830508474,78.83452661290322,0.1774193548387097,0.0,0.3064516129032258,0.4032258064516129,0.1774193548387097,0.4193548387096774,1.2730840443496194,-0.004142615480313662,1.1999035325187266,-0.03520037002996936,-0.04837064110597034,-0.0007023417088586894,0.1941074685309638,0.008477255473152782,-0.2238491947123341,0.13184717568556478,0.0474587666241167,-0.011343452022196502,-0.7639787681093636,-0.03755032043134333,-0.11065962980928365,0.03361917015346904,0.08500450163950507,50.97567734394766,55.90551181102362,393,112,0.14288192369027533,51.428819236902754,59.280089988751406,363,82,0.1941074685309638,51.94107468530964,62.31721034870641,336,125,0.28803240446827166,52.880324044682716,60.404949381327334,354,88,-0.02907604767148253,49.70923952328518,49.66254218222722,449,99
"Glickstein, Aaron",1000292360.0,SCH_BOO,Slider,55,22,4,15,13,4,13,16,5,2,6,6,3,7,1232.71198,0.2442249876895424,0.1818181818181818,0.2727272727272727,0.3076923076923077,0.3076923076923077,77.04449875,0.3125,0.125,0.375,0.375,0.1875,0.4375,-0.5310241302072316,0.0017279525196943317,0.022291842156545432,-0.0006539534815044168,1.5456566080679273,0.022442933949146305,0.9082174091045578,0.03966457890782335,-0.7556179238278243,0.4450589571345885,1.7437456192611018,-0.4167848466789308,3.676723450265347,0.1807146343039921,0.6440914355576196,-0.19567948676245372,0.07649076989235565,50.87795716421683,55.793025871766034,394,113,-0.0770576808472335,49.229423191527665,51.34983127109112,432,98,0.9082174091045578,59.08217409104558,82.95838020247469,152,54,0.15531909017544537,51.553190901754455,54.668166479190106,404,98,-0.1780401840872229,48.21959815912777,44.37570303712036,491,110
"Hagan, Jack",699522.0,DOW_EAS1,Sinker,272,123,17,60,63,9,72,88,14,0,25,39,21,28,7022.16409,0.2252169739200799,0.1382113821138211,0.2205882352941176,0.1428571428571428,0.125,79.79731920454546,0.1590909090909091,0.0,0.2840909090909091,0.4431818181818182,0.2386363636363636,0.3181818181818182,-0.9269291102859165,0.003016227324870372,-0.8193541600728961,0.02403657363989848,-0.3772968988720123,-0.005478350971621618,-0.585284910639842,-0.025561147902373817,0.06217037150214216,-0.03661834881476173,-0.18270227172554224,0.04366894888102393,-0.7639787681093636,-0.03755032043134333,-0.3568618489931396,0.10841712775705876,0.07393070948275104,50.848572921116606,55.68053993250843,395,44,0.4542250002433727,54.542250002433725,68.95388076490438,277,58,-0.585284910639842,44.14715089360158,32.8458942632171,599,54,-0.5178993586918007,44.821006413081996,26.715410573678287,652,105,0.8015118644647649,58.01511864464765,77.39032620922384,202,40
"Castro, Alexander",669418.0,TRO_AIG,Sinker,54,23,4,16,14,4,13,18,2,0,7,6,3,9,1420.8446,0.2118369457305532,0.1739130434782608,0.2962962962962963,0.2857142857142857,0.3076923076923077,78.93581111111111,0.1111111111111111,0.0,0.3888888888888889,0.3333333333333333,0.1666666666666666,0.5,-0.6027946719164113,0.0019614938624160027,0.4027510036581733,-0.011815103443316172,1.2892628071426018,0.018720095959710577,0.9082174091045578,0.03966457890782335,-0.19376031732259633,0.11412482690300924,-0.785212723227538,0.18767918946767645,-0.7639787681093636,-0.03755032043134333,0.7970148540306523,-0.24213869175849037,0.07064606946748572,50.810871990176395,55.56805399325084,396,45,-0.40173043040260414,45.98269569597396,38.02024746906636,542,109,0.9082174091045578,59.08217409104558,82.95838020247469,151,6,0.4295932730472875,54.29593273047288,67.82902137232846,279,43,-0.6911388761858831,43.08861123814117,24.634420697412825,658,127
"Petschke, Ben",814386.0,EVA_OTT,Four-Seam,223,100,18,61,45,8,62,67,10,0,20,32,11,24,5333.53001,0.2512509110059576,0.18,0.273542600896861,0.1777777777777777,0.1290322580645161,79.60492552238806,0.1492537313432835,0.0,0.2985074626865671,0.4776119402985074,0.1641791044776119,0.3582089552238806,-0.5475313548003427,0.001781667028520315,0.03545314562937613,-0.0010400534801833783,0.0300843625982264,0.0004368249449262473,-0.5523213619867401,-0.0241215308420469,0.0050154266149950244,-0.002954086276232069,-0.30623347977112114,0.07319500763445407,-0.7639787681093636,-0.03755032043134333,-0.19812858558490465,0.060192851200793124,0.06994035977888807,50.80277189028416,55.455568053993254,397,96,0.7225095382070366,57.225095382070364,77.27784026996626,203,9,-0.5523213619867401,44.4767863801326,34.701912260967376,581,160,0.46234242921108926,54.62342429211089,69.62879640044994,271,55,0.472905917828988,54.72905917828988,67.94150731158605,286,24
"Johnson, Caiden",1000147367.0,OTT_TIT,Sinker,84,35,10,21,16,1,16,22,1,0,9,9,3,10,1739.95826,0.2388157705981818,0.2857142857142857,0.25,0.0625,0.0625,79.08901181818182,0.0454545454545454,0.0,0.4090909090909091,0.4090909090909091,0.1363636363636363,0.4545454545454545,0.41224584654198376,-0.0013414479846476151,-0.3445794921485953,0.010108583981671191,-1.3147367335052316,-0.01908997737049596,-1.0962199147629261,-0.04787521233744127,-0.14824854234583412,0.0873183914416963,-1.6097007094934277,0.38474583448099064,-0.7639787681093636,-0.03755032043134333,1.0194489172641548,-0.30971571720727104,0.06660013457315894,50.76443295535653,55.34308211473565,398,46,0.1885836596980698,51.885836596980695,60.404949381327334,353,76,-1.0962199147629261,39.03780085237074,10.348706411698538,797,118,0.8285375390426929,58.28537539042693,82.7896512935883,154,18,-0.31797619102322056,46.82023808976779,38.02024746906636,549,113
"Pierson, Kenny",1000055344.0,LAK_ERI24,Sinker,239,82,4,58,43,3,60,70,13,1,16,36,11,23,5622.49934,0.241720555784258,0.048780487804878,0.2426778242677824,0.0697674418604651,0.05,80.32141914285715,0.1857142857142857,0.0142857142857142,0.2285714285714285,0.5142857142857142,0.1571428571428571,0.3285714285714285,-1.7388698321422025,0.005658282433790727,-0.46277653290799275,0.013576012369388876,-1.2299553531120466,-0.017858951727186916,-1.1984069155875428,-0.05233802522445475,0.21786624858949485,-0.12832322041921246,0.15162307655150475,-0.036240492888111014,-0.2564699431522569,-0.01260575417587658,-0.9681583192009258,0.29413327448147564,0.06600112484981352,50.75755755223552,55.23059617547806,399,47,1.0082769390950046,60.08276939095005,84.3082114735658,141,28,-1.1984069155875428,38.01593084412457,6.917885264341956,827,129,0.5549757566458431,55.54975756645843,73.17210348706412,240,33,0.7162175364275853,57.16217536427585,75.64679415073115,218,47
"Cooper, Garrett",1000327042.0,NEW_YOR13,Curveball,173,78,18,54,44,9,47,49,9,0,9,32,6,11,3983.03001,0.2268976041230941,0.2307692307692307,0.3121387283236994,0.2045454545454545,0.1914893617021276,81.28632673469387,0.1836734693877551,0.0,0.1836734693877551,0.6530612244897959,0.1224489795918367,0.2244897959183673,-0.08659885270039018,0.00028179266668706965,0.6584849074255757,-0.019317313244236693,0.34235388327066196,0.004970978385090012,-0.04173703391315722,-0.0018227814820893152,0.5045141239989314,-0.29715881903537056,0.12599534950587785,-0.030115030452846407,-0.7639787681093636,-0.03755032043134333,-1.4625066760606877,0.44431976573396936,0.06360827213986014,50.73009251060271,55.118110236220474,400,55,2.08963597434881,70.89635974348809,97.30033745781778,25,8,-0.04173703391315722,49.58262966086843,55.34308211473565,398,67,1.0117262326120113,60.11726232612011,87.06411698537683,116,15,1.5706839298000481,65.70683929800049,94.26321709786278,52,17
"Harris, Ben",1000390130.0,GAT_GRI,Changeup,351,183,59,110,91,15,94,93,17,1,29,47,18,28,7334.24128,0.241992999650553,0.3224043715846995,0.3133903133903133,0.1648351648351648,0.1595744680851064,78.86280946236559,0.1827956989247312,0.010752688172043,0.3118279569892473,0.5053763440860215,0.1935483870967742,0.3010752688172043,0.7453541648338861,-0.002425382452369465,0.6786884174945177,-0.01991000341561917,-0.12090309794668677,-0.001755512982185892,-0.3026400147419656,-0.013217197363825864,-0.21544712722162088,0.12689835793353468,0.11497267120668322,-0.027480422953807804,-0.38198287835670075,-0.0187748404541102,-0.05146346781972266,0.01563496176790648,0.05896996007952278,50.67685420081739,55.005624296962885,401,57,0.9388538258260225,59.388538258260226,83.57705286839146,147,42,-0.3026400147419656,46.97359985258034,44.54443194600675,494,73,0.07569110159974961,50.756911015997495,51.631046119235094,431,74,0.9419494341496375,59.419494341496375,82.9021372328459,153,38
"Eisenbarger, Jack",1000570067.0,QUE_CAP,Four-Seam,320,101,18,99,56,13,80,78,13,3,28,23,18,37,6133.18574,0.2430180646526953,0.1782178217821782,0.309375,0.2321428571428571,0.1625,78.63058641025641,0.1666666666666666,0.0384615384615384,0.358974358974359,0.2948717948717949,0.2307692307692307,0.4743589743589743,-0.563711703658937,0.001834317883706181,0.6138718687235859,-0.018008545140875118,0.6643029173871213,0.009645678360461001,-0.27872390816599146,-0.012172709241333344,-0.28443429767333245,0.1675318013295928,-0.08756904254101738,0.020930489841026353,0.602391145236699,0.029608127179528994,0.46764133731950497,-0.14207271176702685,0.05729644844508003,50.657645719442094,54.89313835770528,402,97,-0.7014283530690998,42.985716469309004,25.646794150731157,662,143,-0.27872390816599146,47.21276091834009,45.66929133858268,484,117,-0.4143272896353009,45.85672710364699,31.777277840269967,604,178,-0.48063684865822703,45.19363151341773,31.327334083239595,611,118
"Campbell, AJ",1000132168.0,WIN_CIT29,Changeup,73,23,7,11,18,2,12,14,2,0,4,7,2,5,1125.41577,0.2391890497947777,0.3043478260869565,0.1506849315068493,0.1111111111111111,0.1666666666666666,80.38684071428573,0.1428571428571428,0.0,0.2857142857142857,0.5,0.1428571428571428,0.3571428571428571,0.5814192662850494,-0.0018919382924915506,-1.9477569667148968,0.05713939837554822,-0.7476435002085924,-0.010855783623028761,-0.24466157455778645,-0.010685104945662207,0.2373012231037387,-0.1397704204081021,-0.3865591914066694,0.0923942182524479,-0.7639787681093636,-0.03755032043134333,-0.33898768319759076,0.10298683106921046,0.05176687999657865,50.59417761418938,54.780652418447694,403,58,0.896960567818878,58.96960567818878,81.55230596175478,154,43,-0.24466157455778645,47.553384254422134,47.30033745781777,461,66,0.7430494820436775,57.43049482043678,79.6400449943757,176,39,0.4816581343253406,54.816581343253404,68.44769403824522,278,61
"Ferguson, Francis",823799.0,QUE_CAP,Four-Seam,129,64,10,30,36,3,32,51,8,2,16,16,9,26,4061.31271,0.2300462557246192,0.15625,0.2325581395348837,0.0833333333333333,0.09375,79.63358254901961,0.1568627450980392,0.0392156862745098,0.3137254901960784,0.3137254901960784,0.1764705882352941,0.5098039215686274,-0.7631569760478586,0.0024833128000597317,-0.6261319114990529,0.018368205755736215,-1.071696776378101,-0.015561037193010024,-0.840752412701384,-0.03671818011990754,0.013528651994276004,-0.007968376024628566,-0.2106826332504027,0.05035673095161151,0.6291827121650553,0.030924959485624633,-0.03057070476458352,0.009287594102413825,0.05117320975789978,50.58736349740164,54.668166479190106,404,98,-0.5545176066639549,44.45482393336045,31.664791901012375,609,117,-0.840752412701384,41.59247587298616,21.766029246344207,696,204,0.30052306934289097,53.00523069342891,61.64229471316085,337,78,-0.7716249455346923,42.283750544653074,21.934758155230597,695,157
"Martzolf, Max",10998500.0,JOL_SLA,Sinker,259,97,13,76,58,6,68,76,15,3,22,20,13,43,6024.66212,0.2352361124428593,0.134020618556701,0.2934362934362934,0.1034482758620689,0.088235294117647,79.27186999999999,0.1973684210526315,0.0394736842105263,0.2894736842105263,0.2631578947368421,0.1710526315789473,0.5657894736842105,-0.9649769416756206,0.0031400349682124697,0.3565838687820792,-0.010460744374591076,-0.8370375074277678,-0.012153784607851189,-0.8858349130651861,-0.038687068158295874,-0.09392633598860367,0.05532261189728756,0.2979708862594284,-0.0712201073210698,0.6383482482194918,0.03137545474823624,-0.29759487819737107,0.09041140716050872,0.047727804312437054,50.54781730903496,54.5556805399325,405,48,-0.9485476928116491,40.51452307188351,18.447694038245217,728,135,-0.8858349130651861,41.14165086934814,19.17885264341957,719,87,0.37185133981111057,53.71851339811111,65.24184476940383,310,48,-1.2312427626055253,37.68757237394475,11.754780652418448,785,140
"Widener, Jacob",683179.0,SUS_COU1,Four-Seam,140,52,15,37,35,7,38,36,5,2,18,12,13,11,2763.24538,0.2601576168666628,0.2884615384615384,0.2642857142857143,0.2,0.1842105263157894,76.7568161111111,0.1388888888888889,0.0555555555555555,0.5,0.3333333333333333,0.3611111111111111,0.3055555555555556,0.4371880815041019,-0.0014226100172143475,-0.11397465344250655,0.0033435604333893723,0.28932698353383396,0.004201027800911269,-0.10124122252323652,-0.004421507911257308,-0.8410806333425365,0.49539649303875394,-0.4363908828842772,0.10430483965435128,1.2096666622793946,0.059456326117694525,2.020402201814914,-0.6138123317267835,0.047045797389845156,50.539989268284714,54.443194600674914,406,99,-0.40173043040260414,45.98269569597396,38.02024746906636,565,93,-0.10124122252323652,48.98758777476763,53.093363329583795,418,93,-2.1302991004232315,28.697008995767685,2.530933633295838,868,267,0.9051681658988373,59.05168165898837,82.00224971878515,161,11
"Agosto, Justus",1000116159.0,TRI_VAL,Slider,54,22,5,18,12,2,11,12,3,0,3,5,2,5,946.55406,0.2278834114958204,0.2272727272727272,0.3333333333333333,0.1666666666666666,0.1818181818181818,78.879505,0.25,0.0,0.25,0.4166666666666667,0.1666666666666666,0.4166666666666667,-0.11834351537945025,0.00038508979904473107,1.0006154003035883,-0.02935405338330607,-0.09953694786957673,-0.0014452764830662542,-0.12079854325522024,-0.005275634779585234,-0.2104873358051074,0.12397704078920825,0.9588964784887655,-0.22919255959894927,-0.7639787681093636,-0.03755032043134333,-0.7322193306996747,0.22245335820187606,0.04399764411387891,50.505002720103384,54.330708661417326,407,114,0.24761506870813713,52.47615068708137,62.93588301462317,327,67,-0.12079854325522024,48.7920145674478,52.47469066366705,421,147,0.4295932730472875,54.29593273047288,67.82902137232846,274,72,-0.007007286721002997,49.92992713278997,50.843644544431946,433,93
"Good, Ty",688612.0,GAT_GRI,Four-Seam,488,216,33,108,106,13,114,156,28,2,44,47,24,85,12441.60928,0.2129411035939691,0.1527777777777778,0.221311475409836,0.1226415094339622,0.1140350877192982,79.75390564102564,0.1794871794871795,0.0128205128205128,0.282051282051282,0.3012820512820512,0.1538461538461538,0.5448717948717948,-0.7946811896805362,0.0025858925912204647,-0.8076793731567251,0.02369408209092569,-0.6131308195344577,-0.008902659499640326,-0.6749226306614361,-0.029475896048876897,0.04927337923864371,-0.029022020371561142,0.07342565300202682,-0.017549979303585445,-0.30852213032734277,-0.015164171227719224,-0.379319134223446,0.11523980821102245,0.041405056441785576,50.47524513073962,54.21822272215972,408,100,-0.651478699291351,43.485213007086486,27.559055118110237,645,135,-0.6749226306614361,43.25077369338564,28.90888638920135,633,181,0.5983773855838049,55.98377385583805,75.0281214848144,220,43,-1.0595174243592798,39.404825756407206,15.29808773903262,754,193
"Primeaux, Parker",1000101108.0,SUS_COU1,Changeup,102,41,8,31,12,1,24,24,2,0,9,11,6,7,1897.97631,0.2485057326918465,0.1951219512195122,0.3039215686274509,0.0833333333333333,0.0416666666666666,79.08234625,0.0833333333333333,0.0,0.375,0.4583333333333333,0.25,0.2916666666666667,-0.41023956001373424,0.0013349195282846911,0.5258407323792871,-0.015426063725078766,-1.071696776378101,-0.015561037193010024,-1.2665315828039547,-0.055313233815797114,-0.1502287018697916,0.08848470540130725,-1.134034563570799,0.2710535392810017,-0.7639787681093636,-0.03755032043134333,0.6440914355576196,-0.19567948676245372,0.041343022282910646,50.474533105820974,54.105736782902135,409,59,0.5722878182635073,55.72287818263507,72.21597300337457,248,57,-1.2665315828039547,37.334684171960454,4.83689538807649,847,117,-0.6675034584400784,43.324965415599216,21.034870641169853,707,108,1.0191900974763175,60.19190097476317,84.98312710911135,135,33
"Vega, Lucas",837223.0,TRO_AIG,Four-Seam,124,59,16,45,39,11,37,40,7,0,11,13,8,19,3199.06938,0.2249714311255336,0.2711864406779661,0.3629032258064516,0.282051282051282,0.2972972972972973,79.97673449999999,0.175,0.0,0.275,0.325,0.2,0.475,0.2803479260643394,-0.0009122521514133604,1.4779426202059767,-0.043356924706362536,1.2465305069883803,0.01809962296147128,0.8232386142400117,0.03595329999970403,0.11546978969834679,-0.06801170613232625,0.01707750956196149,-0.004081815102971349,-0.7639787681093636,-0.03755032043134333,-0.45695717744821557,0.13882678920901004,0.03896669364576852,50.44725772665498,53.993250843644546,410,101,-0.466664980313678,45.33335019686322,35.43307086614173,576,100,0.8232386142400117,58.23238614240012,80.98987626546682,171,28,-0.009245419547659513,49.9075458045234,48.59392575928009,471,122,-0.48589939934641885,45.14100600653581,31.10236220472441,614,120
"Peyton, Blake",1000017005.0,GAT_GRI,Four-Seam,234,98,24,65,55,8,53,62,7,0,23,14,11,37,4899.4587,0.2083309086609145,0.2448979591836734,0.2777777777777778,0.1454545454545454,0.1509433962264151,79.02352741935483,0.1129032258064516,0.0,0.3709677419354839,0.2258064516129032,0.1774193548387097,0.5967741935483871,0.04167549853336308,-0.00013561207222756346,0.1038188053354662,-0.0030456284733212362,-0.34699581330811025,-0.0050383792092337605,-0.3731986825132788,-0.016298706061402424,-0.167702181176147,0.09877658471275057,-0.7627080883666826,0.18230019915713938,-0.7639787681093636,-0.03755032043134333,0.5996943140654488,-0.18219133047328182,0.03681680714907984,50.4225814388535,53.88076490438694,411,102,-1.2395955905454958,37.604044094545046,9.561304836895388,805,222,-0.3731986825132788,46.268013174867214,40.382452193475814,531,136,0.28803240446827166,52.880324044682716,60.404949381327334,353,84,-1.4856142704031636,35.14385729596836,6.749156355455568,830,241
"Simone, Andrew",1000132681.0,TRO_AIG,Changeup,92,48,18,31,26,6,25,25,3,0,7,8,5,12,2018.41788,0.2219906531940839,0.375,0.3369565217391304,0.2307692307692307,0.24,80.73671519999999,0.12,0.0,0.28,0.32,0.2,0.48,1.222868482810841,-0.003979214043066477,1.0591021347580305,-0.031069820225261585,0.6482783048292883,0.009413000986121266,0.3548354969466327,0.015496730658150288,0.34123944354934466,-0.200990032250564,-0.6735897343176945,0.1609993975274124,-0.7639787681093636,-0.03755032043134333,-0.40190474679792376,0.12210147541043682,0.034421217631885395,50.39508498428645,53.768278965129355,412,60,-0.5056257102603224,44.943742897396774,33.57705286839145,593,114,0.3548354969466327,53.548354969466324,68.27896512935882,283,36,-0.009245419547659513,49.9075458045234,48.59392575928009,467,77,-0.5269472947143117,44.730527052856885,29.92125984251969,626,113
"Garcia, Jorge",1000221236.0,SUS_COU1,Changeup,55,19,4,12,14,2,13,13,1,0,6,4,6,3,1015.27422,0.2309816003109804,0.2105263157894736,0.2181818181818181,0.1428571428571428,0.1538461538461538,78.09801692307693,0.0769230769230769,0.0,0.4615384615384615,0.3076923076923077,0.4615384615384615,0.2307692307692307,-0.27038374189494907,0.0008798286961261642,-0.8581993601757943,0.025176136430117103,-0.3772968988720123,-0.005478350971621618,-0.3494687548907266,-0.015262348932342702,-0.4426462480190665,0.26071864008323015,-1.2145319113423205,0.29029377385330746,-0.7639787681093636,-0.03755032043134333,1.5969219660434384,-0.4851560717377589,0.03362128698971434,50.385903421083995,53.655793025871766,413,61,-0.6015290455136011,43.98470954486399,29.527559055118108,624,119,-0.3494687548907266,46.505312451092735,41.676040494938135,517,75,-3.4524413152926203,20.0,0.5061867266591676,885,127,1.5191324128544998,65.191324128545,93.36332958380203,59,14
"Scafidi, Christian",690280.0,LAK_ERI24,Slider,185,80,21,54,46,7,36,44,7,0,15,17,9,18,3470.80814,0.2443947313143997,0.2625,0.2918918918918919,0.1521739130434782,0.1944444444444444,78.88200318181818,0.1590909090909091,0.0,0.3409090909090909,0.3863636363636363,0.2045454545454545,0.4090909090909091,0.20148396111208125,-0.0006556288094587124,0.3316536159489893,-0.00972939047747955,-0.2686082223927985,-0.0039001913891434344,-0.017579350503082288,-0.0007677429745211128,-0.20974519374235764,0.12353991911424865,-0.18270227172554224,0.04366894888102393,-0.7639787681093636,-0.03755032043134333,0.2687339538510845,-0.08164325631763643,0.03296233759569002,50.37834003347326,53.54330708661418,414,115,0.011489432667867032,50.11489432667867,54.780652418447694,403,93,-0.017579350503082288,49.824206494969175,56.80539932508436,385,137,-0.06908705944696962,49.30912940553031,45.613048368953876,485,115,0.05518649413944061,50.551864941394406,52.98087739032621,420,88
"Zeplin, Blane",830954.0,JOL_SLA,Four-Seam,236,105,14,58,44,7,67,87,12,2,27,17,16,54,6963.53672,0.2174315474681425,0.1333333333333333,0.2457627118644068,0.1590909090909091,0.1044776119402985,80.04065195402299,0.1379310344827586,0.0229885057471264,0.3103448275862069,0.1954022988505747,0.1839080459770115,0.6206896551724138,-0.9712167860235321,0.0031603394217205732,-0.41297923244277396,0.012115158762941218,-0.1879151140976237,-0.0027285274566974963,-0.7530546134862278,-0.03288815413478403,0.13445793172591342,-0.07919572178656299,-0.448419222206459,0.10717981723412122,0.0527020996377082,0.002590360899292996,-0.06779344354098078,0.02059612270185475,0.03082939564188624,50.3538582342727,53.430821147356575,415,103,-1.4765091875514167,35.234908124485834,4.83689538807649,847,246,-0.7530546134862278,42.46945386513772,26.659167604049493,653,186,0.2026077423947284,52.026077423947285,56.80539932508436,385,93,-1.6819501436867443,33.18049856313256,4.274465691788527,852,255
"Foltz Jr., Michael",803189.0,WAS_WIL3,Four-Seam,298,147,34,84,93,18,79,98,12,2,35,24,23,51,7797.73189,0.2445487900932149,0.2312925170068027,0.2818791946308724,0.1935483870967742,0.2278481012658227,79.56869275510203,0.1224489795918367,0.0204081632653061,0.3571428571428571,0.2448979591836734,0.2346938775510204,0.5204081632653061,-0.08184795080284331,0.00026633323191245213,0.17002526536666848,-0.004987861184796587,0.21406299681059315,0.0031081947136898124,0.2554942100690299,0.011158198636344742,-0.005748345844265087,0.003385775702272136,-0.6428364618629421,0.15364884260509484,-0.038966161027779035,-0.0019152257806763673,0.447475611806577,-0.13594622319612074,0.028718034727720276,50.329624141146844,53.318335208098986,416,104,-1.0908317763976765,39.09168223602323,13.104611923509562,773,203,0.2554942100690299,52.5549421006903,65.12935883014623,311,58,-0.4659958955138274,45.34004104486173,29.021372328458945,632,188,-0.8586813062589153,41.41318693741085,20.47244094488189,708,165
"Linderman, Greyson",1000124562.0,JOL_SLA,Slider,66,24,10,31,20,6,13,11,1,0,4,2,2,7,878.06582,0.2698077382084605,0.4166666666666667,0.4696969696969697,0.3,0.4615384615384615,79.82416545454545,0.0909090909090909,0.0,0.3636363636363636,0.1818181818181818,0.1818181818181818,0.6363636363636364,1.6011590464029741,-0.005210171536995278,3.2018434061344356,-0.09392927816235981,1.4559187777440632,0.021139940652843796,2.1659035730998415,0.09459150674798937,0.07014566425588628,-0.04131579624671702,-1.0389013343862732,0.24831508024100388,-0.7639787681093636,-0.03755032043134333,0.5189722749887742,-0.15766740994751452,0.02837355131690711,50.32567017808826,53.2058492688414,417,116,-1.5823586106039513,34.176413893960486,3.768278965129359,857,186,2.1659035730998415,71.65903573099841,96.962879640045,28,10,0.2301211400495842,52.301211400495845,58.38020247469067,374,92,-1.810626931673869,31.89373068326131,3.262092238470191,861,180
"Pardinho, Eric",672078.0,OTT_TIT,Slider,171,81,22,44,60,14,47,45,8,1,11,28,8,9,3647.0935,0.2494592087533289,0.2716049382716049,0.2573099415204678,0.2333333333333333,0.2978723404255319,81.04652222222222,0.1777777777777777,0.0222222222222222,0.2444444444444444,0.6222222222222222,0.1777777777777777,0.2,0.28414745463776936,-0.0009246158173913015,-0.2265799401791057,0.006646949125094245,0.6781909149372434,0.009847332084888773,0.8279395688495395,0.036158604790365936,0.43327470729712325,-0.2551988025980056,0.051959693596286737,-0.012419250084303668,0.025479404046139627,0.001252338188271809,-0.7933886980888881,0.24103704020029082,0.026399595889211036,50.303013218143555,53.093363329583795,418,117,1.8493339665146316,68.49333966514632,95.50056242969629,41,8,0.8279395688495395,58.2793956884954,81.3273340832396,167,60,0.2833137088489723,52.83313708848972,60.067491563554555,356,89,1.7717348458876858,67.71734845887686,96.28796400449944,35,7
"Carroll, Jake",1000088275.0,JOL_SLA,Curveball,53,19,4,16,19,4,15,13,3,1,4,8,2,3,1030.81403,0.259922646251982,0.2105263157894736,0.3018867924528302,0.2105263157894736,0.2666666666666666,79.29338692307692,0.2307692307692307,0.0769230769230769,0.3076923076923077,0.6153846153846154,0.1538461538461538,0.2307692307692307,-0.27038374189494907,0.0008798286961261642,0.4929946861706888,-0.014462492113503327,0.41212611976648844,0.0059840712590094125,0.5728344320391482,0.025017398150445718,-0.08753424172223985,0.05155766837439927,0.7174044351741995,-0.17147185588203165,1.968761058582765,0.09676657479040149,-0.09699897704246174,0.029468968218339175,0.023740161493186248,50.272488365484335,52.98087739032621,419,56,1.7960543358183658,67.96054335818366,95.10686164229472,44,11,0.5728344320391482,55.728344320391486,74.40944881889764,226,52,0.5983773855838049,55.98377385583805,75.0281214848144,216,26,1.5191324128544998,65.191324128545,93.36332958380203,57,20
"Garcia, Jorge",1000221236.0,SUS_COU1,Four-Seam,187,86,22,49,39,7,44,57,10,1,17,15,10,32,4542.04869,0.2159667943054255,0.2558139534883721,0.2620320855614973,0.1794871794871795,0.1590909090909091,79.6850647368421,0.175438596491228,0.0175438596491228,0.2982456140350877,0.2631578947368421,0.175438596491228,0.5614035087719298,0.14078152183799475,-0.0004581030720608349,-0.150353491634109,0.004410770030578222,0.05002610267019703,0.0007263790107712609,-0.30659309020906883,-0.013389840028700662,0.028822613701691514,-0.0169765194702963,0.02258522283053861,-0.005398252205286847,-0.14072231640765015,-0.0069166425737524125,-0.20101166653019284,0.061068751373538295,0.023066543064790723,50.26475660744359,52.86839145106862,420,105,-0.9485476928116491,40.51452307188351,18.447694038245217,725,174,-0.30659309020906883,46.934069097909315,44.20697412823397,496,123,0.3141094065749333,53.141094065749336,62.59842519685039,334,76,-1.1952358368442157,38.047641631557845,12.373453318335208,780,207
"Gilleran, Jimmy",10103730.0,NEW_ENG23,Slider,141,61,9,31,38,5,39,47,9,2,14,15,11,21,3745.4216,0.2468200174570719,0.1475409836065573,0.2198581560283688,0.131578947368421,0.1282051282051282,79.68982127659575,0.1914893617021276,0.0425531914893617,0.2978723404255319,0.3191489361702128,0.2340425531914893,0.4468085106382978,-0.8422259053232642,0.002740603095921902,-0.8311393468653425,0.02438230387964169,-0.5088674019784292,-0.007388754676726792,-0.559083115556607,-0.024416836905703693,0.030235652656117225,-0.017808799414453045,0.22414409138274757,-0.05357424829003018,0.7477496466564952,0.0367526428828134,-0.20512159043092382,0.06231737502404767,0.02300428559551096,50.26404201937947,52.75590551181102,421,118,-0.5122573238682618,44.87742676131738,33.29583802024747,594,132,-0.559083115556607,44.40916884443393,34.308211473565805,584,167,-0.4574211056020716,45.425788943979285,29.24634420697413,630,136,-0.25445913822957594,47.455408617704244,40.21372328458943,532,119
"Wehrle, Tyler",806332.0,WIN_CIT29,Slider,146,77,22,39,52,10,43,51,8,2,13,23,8,20,4141.987,0.2299462866360238,0.2857142857142857,0.2671232876712329,0.1923076923076923,0.2325581395348837,81.21543137254902,0.1568627450980392,0.0392156862745098,0.2549019607843137,0.4509803921568627,0.1568627450980392,0.392156862745098,0.41224584654198376,-0.0013414479846476151,-0.0681695827406121,0.0019998228792785966,0.19958915320996984,0.002898034504608762,0.2939985848277909,0.01283980019518411,0.483453034722474,-0.28475383745153715,-0.2106826332504027,0.05035673095161151,0.6291827121650553,0.030924959485624633,-0.6782463594738986,0.20605599173268668,0.018980054312809497,50.21785209750934,52.64341957255343,422,119,0.5149926271655005,55.149926271655005,70.47244094488188,264,56,0.2939985848277909,52.93998584827791,66.87289088863892,296,114,0.5586634767516825,55.58663476751683,73.3408323959505,238,61,0.19420788665102126,51.942078866510215,58.38020247469067,371,77
"Escobar, Anthony",678673.0,TRO_AIG,Curveball,64,34,10,14,32,7,22,23,3,0,9,9,7,7,1817.05917,0.2267069163893231,0.2941176470588235,0.21875,0.21875,0.3181818181818182,79.00257260869566,0.1304347826086956,0.0,0.391304347826087,0.391304347826087,0.3043478260869565,0.3043478260869565,0.48853974172022885,-0.0015897083195576247,-0.8490275768181643,0.024907072993537668,0.5080629449482519,0.0073770739606486176,0.9939687384678725,0.04340959671510739,-0.17392728708875183,0.10244317209527481,-0.5425540516844007,0.12967964177145042,-0.7639787681093636,-0.03755032043134333,0.8236102311563973,-0.2502185534969316,0.018457975288186323,50.21185970103327,52.53093363329584,423,57,0.049988177674433344,50.49988177674433,56.07424071991001,391,67,0.9939687384678725,59.93968738467873,84.19572553430821,141,40,-1.383001326801403,36.16998673198597,8.267716535433072,815,84,0.9150831164707927,59.150831164707924,82.17097862767154,159,39
"Peyton, Blake",1000017005.0,GAT_GRI,Sinker,77,36,9,22,22,3,18,26,4,0,8,9,5,12,2070.61131,0.1955737597037546,0.25,0.2857142857142857,0.1363636363636363,0.1666666666666666,79.63889653846152,0.1538461538461538,0.0,0.3076923076923077,0.3461538461538461,0.1923076923076923,0.4615384615384615,0.08799679203444118,-0.0002863415612800716,0.2319326046166261,-0.006803974889033343,-0.4530496127817675,-0.0065782803775912635,-0.24466157455778645,-0.010685104945662207,0.01510729413198983,-0.00889819624374201,-0.24856373808406054,0.0594109589856379,-0.7639787681093636,-0.03755032043134333,-0.09699897704246174,0.029468968218339175,0.018077708755324853,50.20749502112081,52.41844769403825,424,49,-0.3018311228471059,46.981688771528944,41.90101237345332,519,103,-0.24466157455778645,47.553384254422134,47.30033745781777,475,36,0.09202504797425147,50.92025047974251,52.30596175478065,427,71,-0.3753858348943997,46.246141651056,36.33295838020247,570,114
"Kines, Gunnar",665129.0,JOL_SLA,Sinker,113,69,17,33,46,9,37,49,8,1,18,12,10,27,3858.48022,0.240420984099265,0.2463768115942029,0.2920353982300885,0.1956521739130435,0.2432432432432432,78.74449428571428,0.1632653061224489,0.0204081632653061,0.3673469387755102,0.2448979591836734,0.2040816326530612,0.5510204081632653,0.05510196041773405,-0.0001793017791993066,0.3339701438671082,-0.009797348140485487,0.23860560117686744,0.0034645533290881153,0.38134888094437086,0.016654649677483507,-0.25059535727257537,0.14760066543354688,-0.13028192095039628,0.03113959389980087,-0.038966161027779035,-0.0019152257806763673,0.5598275110928875,-0.17007951666259688,0.016888069976961323,50.19384040776335,52.30596175478065,425,50,-1.0908317763976765,39.09168223602323,13.104611923509562,774,138,0.38134888094437086,53.81348880944371,68.89763779527559,277,14,-0.06298076966132592,49.37019230338674,45.950506186726656,481,76,-1.1099949513684624,38.90005048631538,14.0607424071991,765,135
"Cook, Avery",690004.0,WIN_CIT29,Sinker,113,37,4,21,26,2,26,24,5,0,4,14,3,7,1955.22547,0.2376313775782792,0.1081081081081081,0.1858407079646017,0.0769230769230769,0.0769230769230769,81.46772791666668,0.2083333333333333,0.0,0.1666666666666666,0.5833333333333334,0.125,0.2916666666666667,-1.2002359380360665,0.0039055677423693604,-1.380260515540986,0.040491322483910366,-1.1464783016479874,-0.016646864939928778,-0.9783118368883684,-0.04272581285242571,0.5584034952187024,-0.32889965868381565,0.4356637179738739,-0.10413103487896141,-0.7639787681093636,-0.03755032043134333,-1.6497598415378716,0.5012085881780961,0.015651786617900953,50.17965041028239,52.19347581552306,426,51,1.5463060669296191,65.4630606692962,92.35095613048368,68,11,-0.9783118368883684,40.216881631116316,15.860517435320585,749,98,0.9781416387909692,59.781416387909694,86.22047244094489,122,15,1.0191900974763175,60.19190097476317,84.98312710911135,132,27
"Serrano, Elio",665939.0,NEW_JER6,Curveball,79,26,8,21,36,7,18,14,1,0,6,4,6,4,1110.35654,0.2757754757675147,0.3076923076923077,0.2658227848101265,0.1944444444444444,0.3888888888888889,79.31118142857143,0.0714285714285714,0.0,0.4285714285714285,0.2857142857142857,0.4285714285714285,0.2857142857142857,0.6117837262389335,-0.0019907442451814897,-0.08916274041716932,0.0026156781528780793,0.2245163282999316,0.0032599770869150067,1.5719962178798466,0.06865379082346654,-0.08224797676058421,0.048444058311984096,-1.283529638003625,0.30678540348671246,-0.7639787681093636,-0.03755032043134333,1.233938906810745,-0.374879277461452,0.015338565723979403,50.17605527680174,52.08098987626547,427,58,-0.7727850013230275,42.272149986769726,23.28458942632171,683,88,1.5719962178798466,65.71996217879847,91.50731158605174,77,24,-3.018425025913002,20.0,0.6749156355455568,884,94,1.068056639580952,60.68056639580952,86.0517435320585,128,35
"Thebiay, Nolan",1000338675.0,EVA_OTT,Changeup,118,53,22,35,34,9,33,24,4,0,7,14,4,6,1921.0488,0.2665216101106217,0.4150943396226415,0.2966101694915254,0.2647058823529412,0.2727272727272727,80.0437,0.1666666666666666,0.0,0.2916666666666667,0.5833333333333334,0.1666666666666666,0.25,1.5868839307957234,-0.005163720310809284,0.4078176510873717,-0.011963738612299137,1.0441804974345705,0.015161500822749963,0.6223796445601748,0.027181186216876513,0.1353634235168912,-0.07972905645144891,-0.08756904254101738,0.020930489841026353,-0.7639787681093636,-0.03755032043134333,-0.2734490752805764,0.08307574321376607,0.011942084288518229,50.13707063573212,51.96850393700787,428,62,1.5463060669296191,65.4630606692962,92.35095613048368,71,20,0.6223796445601748,56.22379644560175,75.59055118110236,220,25,0.4295932730472875,54.29593273047288,67.82902137232846,295,57,1.3612558922087576,63.61255892208757,91.00112485939258,85,20
"Hoeymans, Jack",1000184889.0,GAT_GRI,Sinker,66,25,2,19,15,3,19,18,5,1,5,9,2,7,1417.35694,0.2211554088594705,0.08,0.2878787878787879,0.2,0.1578947368421052,78.74205222222221,0.2777777777777778,0.0555555555555555,0.2777777777777778,0.5,0.1111111111111111,0.3888888888888889,-1.4554287074214622,0.004735965013949438,0.26687273169330683,-0.00782897845695485,0.28932698353383396,0.004201027800911269,-0.3163717505750614,-0.013816903462864655,-0.25132082810267214,0.1480279677524739,1.3077183188320263,-0.31256690941227444,1.2096666622793946,0.059456326117694525,-0.42637249375360914,0.12953494820980274,0.011743443562737932,50.13479064759042,51.85601799775028,429,52,0.896960567818878,58.96960567818878,81.55230596175478,166,33,-0.3163717505750614,46.83628249424939,43.7007874015748,501,41,1.1609910940388635,61.60991094038863,89.82002249718786,93,11,0.2210365764339572,52.21036576433957,59.5050618672666,360,77
"Castro, Alexander",669418.0,TRO_AIG,Slider,131,55,20,41,54,13,33,26,2,0,9,11,6,9,2100.00223,0.2520804978064908,0.3636363636363636,0.3129770992366412,0.2407407407407407,0.3939393939393939,80.76931653846154,0.0769230769230769,0.0,0.3461538461538461,0.4230769230769231,0.2307692307692307,0.3461538461538461,1.1196983291038949,-0.0036434983629040738,0.6720181746664133,-0.0197143251720139,0.7646051219157787,0.011102066370217106,1.6132838949807016,0.07045694754549217,0.3509244169960948,-0.2066944816106998,-1.2145319113423205,0.29029377385330746,-0.7639787681093636,-0.03755032043134333,0.3264812587290125,-0.0991872917706851,0.005062870421370533,50.0581113690475,51.74353205849269,430,120,0.2975647224858863,52.97564722485886,64.96062992125984,311,62,1.6132838949807016,66.13283894980702,92.2947131608549,69,26,-0.4143272896353009,45.85672710364699,31.777277840269967,600,130,0.5718732889800502,55.7187328898005,71.7660292463442,250,48
"Johnston, Spencer",800918.0,DOW_EAS1,Changeup,299,158,45,84,80,23,86,96,19,3,30,38,20,38,7636.58513,0.2414155835556587,0.2848101265822785,0.2809364548494983,0.2875,0.2674418604651162,79.54776177083333,0.1979166666666666,0.03125,0.3125,0.3958333333333333,0.2083333333333333,0.3958333333333333,0.40403700971900836,-0.0013147364296256531,0.15480724050087732,-0.004541425207333737,1.3100948034677844,0.01902257654635223,0.5791716103848606,0.025294161740338016,-0.011966373582476769,0.007048194040078817,0.30485552784515085,-0.07286565369896443,0.346196786484314,0.01701591825249052,-0.04406394757102753,0.013386935719711161,0.003045970963046922,50.03496149970467,51.631046119235094,431,63,0.0852786939304516,50.852786939304515,56.91788526434196,384,82,0.5791716103848606,55.79171610384861,74.80314960629921,225,26,-0.11895509269639526,48.81044907303605,44.20697412823397,496,80,0.16402561064521737,51.64025610645217,56.861642294713164,385,78
"Bargo, Casey",1000057987.0,FLO_Y'A,Slider,101,34,6,30,25,5,27,25,5,0,5,5,4,16,2026.83441,0.2210206776441926,0.1764705882352941,0.297029702970297,0.2,0.1851851851851851,81.0733764,0.2,0.0,0.2,0.2,0.16,0.64,-0.5795747907752058,0.0018859363691825196,0.41458990260164685,-0.012162409382721912,0.28932698353383396,0.004201027800911269,-0.09327342518798397,-0.004073530298234824,0.44125235517863154,-0.25989763720021397,0.33101716587089636,-0.07911872993496404,-0.7639787681093636,-0.03755032043134333,-1.2827436372025922,0.38970649618760794,0.002990833110223634,50.034328630235926,51.5185601799775,432,121,-1.4406832289797895,35.5931677102021,5.736782902137233,835,180,-0.09327342518798397,49.06726574812016,53.374578177727784,414,145,0.5173610115662758,55.173610115662754,71.09111361079866,256,65,-1.8404799464868822,31.595200535131177,2.924634420697413,864,182
"Benitez, Jorge",1000561771.0,NEW_JER6,Sinker,153,74,20,48,40,8,36,46,8,0,16,21,9,16,3620.68824,0.218912245654362,0.2702702702702703,0.3137254901960784,0.2,0.2222222222222222,78.71061391304347,0.1739130434782608,0.0,0.3478260869565217,0.4565217391304347,0.1956521739130435,0.3478260869565217,0.272030039187371,-0.0008851857475157053,0.6840989550207217,-0.020068726944487893,0.28932698353383396,0.004201027800911269,0.2095028735516221,0.009149618996619991,-0.2606602970930617,0.15352891498781335,0.0034279592876593668,-0.0008193405450584789,-0.7639787681093636,-0.03755032043134333,0.3448934428929897,-0.10478104220499052,0.002774945911948712,50.031850687960606,51.40607424071991,433,53,0.5581716117610994,55.581716117610995,71.9910011248594,250,49,0.2095028735516221,52.09502873551622,63.10461192350956,324,18,0.047994409921246525,50.47994409921247,50.61867266591676,440,72,0.5581448958804205,55.5814489588042,71.03487064116986,257,58
"Toribio, Noe",672848.0,TRO_AIG,Changeup,299,145,61,94,91,26,88,67,13,2,13,37,10,20,5482.07175,0.2567256256943141,0.4206896551724138,0.31438127090301,0.2857142857142857,0.2954545454545454,81.82196641791045,0.1940298507462686,0.0298507462686567,0.1940298507462686,0.5522388059701493,0.1492537313432835,0.2985074626865671,1.6376836525429042,-0.00532902260537461,0.694684789311118,-0.020379272979230957,1.2892628071426018,0.018720095959710577,0.8081741915140235,0.03529539146599194,0.66363814631774,-0.3908828681811488,0.2560465016777172,-0.06119946669150293,0.29648743329355165,0.014572653833811356,-1.3484778827551802,0.40967702012620305,0.00047453092845961553,50.005446641848,51.293588301462314,434,64,1.3040129702465069,63.040129702465066,89.87626546681665,91,27,0.8081741915140235,58.081741915140235,80.53993250843644,174,19,0.6588373661939011,56.58837366193901,77.61529808773903,200,44,0.9630300416247236,59.63030041624724,84.25196850393701,141,36
"Bihm, Gage",815079.0,MIS_MUD,Four-Seam,180,80,14,37,34,3,44,58,9,2,16,29,6,23,4677.98955,0.2106672865157845,0.175,0.2055555555555555,0.088235294117647,0.0681818181818181,80.65499224137932,0.1551724137931034,0.0344827586206896,0.2758620689655172,0.5,0.1034482758620689,0.396551724137931,-0.5929262224313987,0.0019293819277917713,-1.0620167681230945,0.031155323909659104,-1.014510904112894,-0.01473069832771922,-1.0497712780244646,-0.04584666102516244,0.3169617690248878,-0.1866904819556589,-0.23190911440719403,0.0554302207982643,0.4610425335112442,0.022660701564611162,-0.44746537906023515,0.13594311441615287,-0.00014909869206136683,49.99828865280011,51.181102362204726,435,106,0.896960567818878,58.96960567818878,81.55230596175478,152,4,-1.0497712780244646,39.50228721975535,13.72328458942632,768,232,1.261873552106668,62.61873552106668,90.607424071991,84,14,0.158127924529141,51.58127924529141,56.524184476940384,387,45
"Baird, Dustin",1000027580.0,MIS_MUD,Four-Seam,81,24,3,20,15,1,19,20,2,1,8,4,6,10,1584.64163,0.2484254538894669,0.125,0.2469135802469135,0.0666666666666666,0.0526315789473684,79.2320815,0.1,0.05,0.4,0.2,0.3,0.5,-1.0468748987419585,0.0034065309205063327,-0.39440152520238103,0.01157016314333705,-1.2661287420798062,-0.018384189334998784,-1.1768938627823606,-0.05139848566929403,-0.10574642019896227,0.06228464149718877,-0.9247414593648421,0.22102892939300647,1.0123021192405206,0.049755661462790826,0.9193535888090787,-0.27930605575531975,-0.001042804342783088,49.98803074482172,51.06861642294713,436,107,-1.4406832289797895,35.5931677102021,5.736782902137233,834,241,-1.1768938627823606,38.23106137217639,7.424071991001124,823,249,-1.3257614973324972,36.74238502667503,8.830146231721034,809,252,-0.6911388761858831,43.08861123814117,24.634420697412825,656,143
"Pardinho, Eric",672078.0,OTT_TIT,Four-Seam,374,187,44,102,79,13,90,134,15,2,46,28,30,76,10714.18345,0.2336775675289609,0.2352941176470588,0.2727272727272727,0.1645569620253164,0.1444444444444444,79.95659291044777,0.1119402985074626,0.0149253731343283,0.3432835820895522,0.208955223880597,0.2238805970149253,0.5671641791044776,-0.04551752452748848,0.0001481140248124475,0.022291842156545432,-0.0006539534815044168,-0.12414858909764068,-0.0018026375136977427,-0.42632735380154946,-0.018618994522575066,0.10948626972051759,-0.06448741286538485,-0.7748001309784865,0.18519040290608493,-0.2337456674079077,-0.011488833298766071,0.29487825605949947,-0.08958607833866836,-0.001299393089699133,49.985085632242395,50.95613048368954,437,108,-1.3709028171350532,36.29097182864947,7.311586051743532,825,234,-0.42632735380154946,45.7367264619845,38.47019122609674,548,145,-0.323637318720157,46.76362681279843,35.8830146231721,571,165,-1.242528515456085,37.574714845439146,11.361079865016873,789,211
"Langrell, Connor",815223.0,MIS_MUD,Cutter,275,133,23,74,56,11,70,101,18,2,37,37,17,47,7933.37517,0.23131290536873,0.1729323308270676,0.2690909090909091,0.1964285714285714,0.1571428571428571,78.54826900990099,0.1782178217821782,0.0198019801980198,0.3663366336633663,0.3663366336633663,0.1683168316831683,0.4653465346534653,-0.6116985361134148,0.001990467036513052,-0.03640757133227662,0.001068052512603667,0.24766299088346813,0.003596066627627957,-0.32251833709082756,-0.01408534333576771,-0.30888856471479487,0.18193536461701418,0.05748558413637885,-0.013740031863524864,-0.06050118896089475,-0.002973693938616938,0.5487035606684995,-0.16669998265601482,-0.008909101000165481,49.89774179210333,50.843644544431946,438,22,-0.14456389610132092,48.55436103898679,48.4814398200225,459,22,-0.32251833709082756,46.774816629091724,43.36332958380203,504,20,0.4078685852950618,54.07868585295062,66.25421822272216,301,16,-0.40664851224999204,45.93351487750008,34.983127109111365,579,28
"Johnson, Preston",699980.0,MIS_MUD,Four-Seam,90,51,16,33,29,8,23,34,5,0,6,7,2,25,2813.25276,0.1969756647963761,0.3137254901960784,0.3666666666666666,0.2758620689655172,0.3478260869565217,82.74272823529411,0.1470588235294117,0.0,0.1764705882352941,0.2058823529411764,0.0588235294117647,0.7352941176470589,0.6665588304694684,-0.00216898243434765,1.5386933572844608,-0.04513910832929694,1.1743276550036623,0.017051237550653176,1.2363094518859357,0.053993342692214466,0.9371715094543638,-0.5519940190686202,-0.3337962239597898,0.07978297206219709,-0.7639787681093636,-0.03755032043134333,-1.5418138990863186,0.4684138552397172,-0.017611022718826252,49.797861577456466,50.73115860517435,439,109,-1.3948470761013847,36.05152923898615,6.580427446569178,831,238,1.2363094518859357,62.363094518859356,87.4578177727784,111,14,1.8493655137956415,68.49365513795641,97.07536557930258,27,3,-2.6228045405573104,23.771954594426894,0.22497187851518563,888,271
"Vail, Tyler",592821.0,NEW_YOR13,Changeup,219,43,10,25,20,6,36,32,8,1,5,22,2,8,2624.90071,0.251935199381363,0.2325581395348837,0.1141552511415525,0.3,0.1666666666666666,82.0281471875,0.25,0.03125,0.15625,0.6875,0.0625,0.25,-0.07035739737621952,0.0002289429710622183,-2.537431440118594,0.07443808872731907,1.4559187777440632,0.021139940652843796,-0.24466157455778645,-0.010685104945662207,0.7248888609490002,-0.42695953909896106,0.9588964784887655,-0.22919255959894927,0.346196786484314,0.01701591825249052,-1.7644524053926454,0.5360529919251233,-0.017961321114733586,49.79384087029489,50.61867266591676,440,65,2.3579879408180453,73.57987940818046,98.20022497187851,17,4,-0.24466157455778645,47.553384254422134,47.30033745781777,479,69,1.8009641874064928,68.00964187406493,96.45669291338582,34,9,1.3612558922087576,63.61255892208757,91.00112485939258,86,21
"Belton, Hunter",10294453.0,MIS_MUD,Slider,99,47,18,25,20,5,22,22,4,1,5,11,2,9,1796.94069,0.2440062469103347,0.3829787234042553,0.2525252525252525,0.25,0.2272727272727272,81.67912227272727,0.1818181818181818,0.0454545454545454,0.2272727272727272,0.5,0.0909090909090909,0.4090909090909091,1.2953071013710364,-0.004214929307861353,-0.3038160105591358,0.00891274648576281,0.8726228806389486,0.012670484226877533,0.25079055065247696,0.010952775718645625,0.6212030249881493,-0.3658885817180199,0.10269741582803442,-0.024546428238969305,0.8508220385723473,0.04181875401786944,-0.9824576518373652,0.2984775118317544,-0.02181766698394072,49.74957792865719,50.506186726659166,441,122,0.896960567818878,58.96960567818878,81.55230596175478,151,26,0.25079055065247696,52.50790550652477,64.79190101237346,312,119,1.4269539380358005,64.269539380358,93.53205849268842,57,16,0.05518649413944061,50.551864941394406,52.98087739032621,417,87
"Hagan, Jack",699522.0,DOW_EAS1,Four-Seam,82,43,14,22,36,7,22,25,5,1,8,8,3,14,1991.01424,0.1882155521205744,0.3255813953488372,0.2682926829268293,0.1944444444444444,0.3181818181818182,79.64056959999999,0.2,0.04,0.32,0.32,0.12,0.56,0.774198279480636,-0.0025192412014299896,-0.04929280843957907,0.0014460538283834917,0.2245163282999316,0.0032599770869150067,0.9939687384678725,0.04340959671510739,0.015604315338464573,-0.009190941734355633,0.33101716587089636,-0.07911872993496404,0.6570459417705438,0.032294465083964,0.03851469840441019,-0.011701034978148648,-0.02211985513452842,49.74610942844307,50.39370078740157,442,110,-0.5056257102603224,44.943742897396774,33.57705286839145,592,109,0.9939687384678725,59.93968738467873,84.19572553430821,142,18,1.043967442680211,60.439674426802114,87.5140607424072,112,20,-1.1837136206005974,38.16286379399403,12.65466816647919,777,205
"Phelps, Travis",1000568112.0,FLO_Y'A,Four-Seam,154,52,9,33,29,4,39,38,7,0,11,18,6,14,3033.18296,0.2462392782955611,0.173076923076923,0.2142857142857142,0.1379310344827586,0.1025641025641025,79.82060421052631,0.1842105263157894,0.0,0.2894736842105263,0.4736842105263157,0.1578947368421052,0.3684210526315789,-0.6103857869048824,0.0019861953505884876,-0.9210915889138185,0.02702114285237578,-0.43476447494148135,-0.006312780176150309,-0.7686974762224881,-0.033571324879064716,0.06908771524549713,-0.04069266427959781,0.1327394882020946,-0.03172699425160005,-0.7639787681093636,-0.03755032043134333,-0.29759487819737107,0.09041140716050872,-0.030435338654283217,49.65066473177745,50.28121484814398,443,111,0.6919040944154854,56.91904094415485,76.32170978627671,214,10,-0.7686974762224881,42.31302523777512,25.47806524184477,664,193,0.5450771395196417,55.45077139519642,72.44094488188976,249,50,0.3890688966534017,53.890688966534015,64.96062992125984,314,29
"Kalisky, Jack",1000571646.0,OTT_TIT,Four-Seam,76,38,4,16,16,3,25,30,4,2,12,9,7,14,2381.24087,0.214107886535865,0.1052631578947368,0.2105263157894736,0.1875,0.12,79.37469566666667,0.1333333333333333,0.0666666666666666,0.4,0.3,0.2333333333333333,0.4666666666666667,-1.2260651657066537,0.003989616049209451,-0.9817770727838419,0.028801412207186787,0.14350300925755516,0.002083663694419701,-0.6261597109696887,-0.027346273057179214,-0.06337961924917423,0.03733059573776362,-0.5061552509529298,0.12097970961701643,1.604395748357146,0.07885765542750209,0.9193535888090787,-0.27930605575531975,-0.03460967607940088,49.60275189924356,50.168728908886386,444,112,-0.6614686300469005,43.385313699531,26.94038245219347,652,138,-0.6261597109696887,43.738402890303114,30.877390326209227,617,174,-0.448084112142605,45.51915887857395,29.640044994375703,627,185,-0.4174862403999311,45.82513759600069,34.47694038245219,582,107
"Valdez, Alex",677678.0,EVA_OTT,Slider,139,76,39,57,49,11,33,28,4,1,11,11,6,11,2209.42441,0.2151205732888683,0.5131578947368421,0.4100719424460431,0.2244897959183673,0.3333333333333333,78.90801464285714,0.1428571428571428,0.0357142857142857,0.3928571428571428,0.3928571428571428,0.2142857142857142,0.3928571428571428,2.4772003515637038,-0.008060809943988292,2.2393560206912104,-0.06569374822299735,0.5750229331363383,0.008349332989139632,1.1178317697704383,0.04881906688118435,-0.20201789414787424,0.11898853965309793,-0.3865591914066694,0.0923942182524479,0.5047932942834102,0.024811095207323896,0.840707259308661,-0.25541275032878635,-0.035805055512578315,49.58903139494229,50.0562429696288,445,123,0.062087783247924785,50.620877832479245,56.2992125984252,390,91,1.1178317697704383,61.17831769770439,85.71428571428571,134,52,-0.1973191449454921,48.02680855054508,40.382452193475814,535,124,0.1884588816975349,51.88458881697535,57.98650168728909,377,78
"Campbell, Tyler",809429.0,MIS_MUD,Slider,232,129,31,60,68,17,72,82,13,1,34,24,22,36,6418.22006,0.2646035578028727,0.2403100775193798,0.2586206896551724,0.25,0.2361111111111111,78.27097634146341,0.1585365853658536,0.0121951219512195,0.4146341463414634,0.2926829268292683,0.2682926829268293,0.4390243902439024,2.22423618516469e-05,-7.237664546525901e-08,-0.20542139982595622,0.006026242185294252,0.8726228806389486,0.012670484226877533,0.3230439855789742,0.014108299982190538,-0.39126469580414014,0.23045490582863853,-0.1896632397146545,0.04533273856687758,-0.3307395272923191,-0.016256178505944775,1.0804826541270054,-0.32825819370236314,-0.03592177379507494,49.58769170843557,49.9437570303712,446,124,-0.7184843324078436,42.815156675921564,24.915635545556807,668,144,0.3230439855789742,53.23043985578974,67.49156355455568,290,110,-0.908329570229988,40.91670429770012,15.579302587176603,751,159,-0.19055478633353126,48.094452136664685,43.25084364454443,505,114
"Traver, Eliott",1000124995.0,LAK_ERI24,Sinker,65,20,1,12,10,1,14,15,3,0,7,3,6,6,1143.63801,0.2034432045149299,0.05,0.1846153846153846,0.1,0.0714285714285714,76.24253399999999,0.2,0.0,0.4666666666666667,0.2,0.4,0.4,-1.7277979132077983,0.005622254409578175,-1.4000401000726168,0.041071576375730286,-0.8772648106763955,-0.012737885051021263,-1.0232291998882,-0.04468748884671735,-0.993859900246705,0.5853834812453093,0.33101716587089636,-0.07911872993496404,-0.7639787681093636,-0.03755032043134333,1.6533859974796354,-0.5023102397362956,-0.04432735196972393,49.49121290990598,49.831271091113614,447,54,-1.4406832289797895,35.5931677102021,5.736782902137233,843,141,-1.0232291998882,39.767708001118,14.735658042744657,760,104,-2.6422775751173355,23.577224248826646,0.9561304836895388,882,146,0.12981903117197302,51.29819031171973,55.34308211473565,405,89
"Parra, Andres",800365.0,LAK_ERI24,Four-Seam,241,101,14,68,69,5,56,76,11,1,23,22,20,34,6094.6313900000005,0.2406669539302481,0.1386138613861386,0.2821576763485477,0.072463768115942,0.0892857142857142,80.1925182894737,0.1447368421052631,0.0131578947368421,0.3026315789473684,0.2894736842105263,0.2631578947368421,0.4473684210526316,-0.9232750116276973,0.003004336887836527,0.17452061157776608,-0.0051197366612453455,-1.1985002322705172,-0.01740222337256791,-0.8772477701387479,-0.038312041865269535,0.17957330108506334,-0.1057686743391023,-0.3629547059699072,0.08675234495680931,-0.2965364293330785,-0.01457506203815014,-0.15272006069660343,0.046397423480053,-0.045023632951636396,49.48322103222926,49.71878515185602,448,113,-0.743491219408257,42.56508780591743,24.24071991001125,675,149,-0.8772477701387479,41.22752229861252,19.34758155230596,718,212,-0.8407292581486094,41.5927074185139,17.2103487064117,738,231,-0.2590557670501693,47.409442329498305,39.932508436445445,535,89
"Smith, Ben",814168.0,NEW_ENG23,Slider,112,35,8,32,33,10,33,21,3,1,9,5,7,9,1655.2032,0.2801508186022563,0.2285714285714285,0.2857142857142857,0.303030303030303,0.303030303030303,78.8192,0.1428571428571428,0.0476190476190476,0.4285714285714285,0.238095238095238,0.3333333333333333,0.4285714285714285,-0.10655264067008505,0.00034672229274045676,0.2319326046166261,-0.006803974889033343,1.4912700442352818,0.02165324104229629,0.8701057071653063,0.03800012654903042,-0.2284023157190504,0.13452896395852068,-0.3865591914066694,0.0923942182524479,0.9277173150810016,0.04559823375354631,1.233938906810745,-0.374879277461452,-0.0491617465019033,49.43572397548748,49.60629921259843,449,125,-1.1438395722434516,38.561604277565486,11.754780652418448,785,166,0.8701057071653063,58.70105707165306,81.88976377952756,162,58,-1.764600189927443,32.35399810072557,4.611923509561304,853,181,-0.1047403709302708,48.952596290697294,46.737907761529804,479,105
"Ryan, Dillon",1000132418.0,NEW_ENG23,Sinker,220,89,25,58,66,6,41,55,6,1,27,17,17,21,4259.4405,0.2572426592306612,0.2808988764044944,0.2636363636363636,0.0909090909090909,0.1463414634146341,77.44437272727272,0.109090909090909,0.0181818181818181,0.4909090909090909,0.3090909090909091,0.3090909090909091,0.3818181818181818,0.36852687290051767,-0.0011991864444182844,-0.12445669156551105,0.003651061503765832,-0.983318610150053,-0.01427778621937877,-0.4108192994758623,-0.017941711266009335,-0.6368262105213106,0.37509063799705195,-0.8105815843434125,0.19374277854500943,-0.11805844543668133,-0.005802690651658324,1.9203068733598379,-0.5834026702748323,-0.050139566810469716,49.42450060374693,49.493813273340834,450,55,-0.5906309392348196,44.0936906076518,30.202474690663667,621,120,-0.4108192994758623,45.891807005241375,39.14510686164229,543,48,-1.445444777131119,35.54555222868881,7.311586051743532,825,139,0.2790841052370383,52.79084105237038,61.698537682789656,341,75
"Barker, Alex",1000106691.0,NEW_YOR13,Changeup,136,59,20,24,23,2,23,30,8,1,3,18,3,9,2474.25485,0.2430523716586171,0.3389830508474576,0.1764705882352941,0.0869565217391304,0.0869565217391304,82.47516166666666,0.2666666666666666,0.0333333333333333,0.1,0.6,0.1,0.3,0.8958715549600137,-0.0029151660398398847,-1.531516161959346,0.04492855812723938,-1.0294289577472955,-0.014947308466490731,-0.8962888261930239,-0.039143621906327926,0.8576847388283237,-0.5051763111698827,1.168189582694721,-0.27921716948694414,0.4202084901238912,0.020653667498079377,-2.383792250208428,0.7242127721590719,-0.051604579285094654,49.40768526511752,49.38132733408324,451,66,1.676175166751767,66.76175166751767,94.03824521934759,52,15,-0.8962888261930239,41.03711173806976,18.503937007874015,723,97,1.3072706582371785,63.07270658237179,91.39482564679415,74,17,0.9507769385298297,59.507769385298296,83.57705286839146,144,37
"Vitas, Ben",1000076969.0,JOL_SLA,Four-Seam,293,124,19,92,65,12,85,98,11,0,35,39,20,39,7819.391,0.246378261763998,0.1532258064516129,0.3139931740614334,0.1846153846153846,0.1411764705882353,79.78970408163265,0.1122448979591836,0.0,0.3571428571428571,0.3979591836734694,0.2040816326530612,0.3979591836734694,-0.7906135492118037,0.0025726564891352093,0.6884199986423302,-0.020195489080171398,0.10985132288610602,0.0015950412083062593,-0.45304290957269083,-0.019785742989768124,0.05990812502133293,-0.035285885637565094,-0.7709750970910791,0.18427615478141846,-0.7639787681093636,-0.03755032043134333,0.447475611806577,-0.13594622319612074,-0.06031980885610874,49.30765230361858,49.26884139482565,452,114,0.10184363013225634,51.018436301322566,57.25534308211474,381,35,-0.45304290957269083,45.46957090427309,37.4578177727784,557,149,-0.06298076966132592,49.37019230338674,45.950506186726656,482,129,0.14657327417927643,51.46573274179276,56.35545556805399,389,46
"Moreno, Jose",1000306184.0,DOW_EAS1,Changeup,93,38,11,25,28,5,19,23,5,1,9,9,7,7,1796.64422,0.2297147534990562,0.2894736842105263,0.2688172043010752,0.1785714285714285,0.2631578947368421,78.11496608695651,0.217391304347826,0.0434782608695652,0.391304347826087,0.391304347826087,0.3043478260869565,0.3043478260869565,0.4463773259638307,-0.001452511818686305,-0.04082580675616785,0.00119766586699894,0.03934302763164089,0.0005712607612114257,0.5441503616322385,0.023764678743564752,-0.43761111112393436,0.2577529444519973,0.5494099702597192,-0.1313183228615673,0.7806133078470568,0.03836792469399069,0.8236102311563973,-0.2502185534969316,-0.06133491365942212,49.29600098234473,49.156355455568054,453,67,0.049988177674433344,50.49988177674433,56.07424071991001,392,83,0.5441503616322385,55.441503616322386,73.5095613048369,238,29,-1.383001326801403,36.16998673198597,8.267716535433072,817,119,0.9150831164707927,59.150831164707924,82.17097862767154,160,40
"Agosto, Justus",1000116159.0,TRI_VAL,Changeup,53,24,4,12,16,2,16,20,4,1,9,5,4,11,1543.53057,0.2676536421770651,0.1666666666666666,0.2264150943396226,0.125,0.125,77.17652849999999,0.2,0.05,0.45,0.25,0.2,0.55,-0.6685843351498258,0.0021755734265775334,-0.7252950277482708,0.021277254934023274,-0.5856168621238382,-0.008503156838038132,-0.585284910639842,-0.025561147902373817,-0.7163954660002363,0.42195692947413915,0.33101716587089636,-0.07911872993496404,1.0123021192405206,0.049755661462790826,1.4698778953119962,-0.44655919374105163,-0.06457680911889685,49.25879067124062,49.043869516310465,454,68,-1.051075929513345,39.489240704866546,14.848143982002249,747,126,-0.585284910639842,44.14715089360158,32.8458942632171,589,83,-0.009245419547659513,49.9075458045234,48.59392575928009,443,76,-1.1016178298648116,38.983821701351886,14.285714285714285,762,125
"Milburn, Isaac",830926.0,FLO_Y'A,Curveball,167,42,12,55,57,7,31,21,2,1,8,7,7,7,1683.98854,0.3009007778442342,0.2857142857142857,0.3293413173652694,0.1228070175438596,0.2258064516129032,80.18993047619048,0.0952380952380952,0.0476190476190476,0.3809523809523809,0.3333333333333333,0.3333333333333333,0.3333333333333333,0.41224584654198376,-0.0013414479846476151,0.9361749264136625,-0.027463627641271204,-0.6112000155056421,-0.008874624225141924,0.23880380568771276,0.010429278605799478,0.1788045319450285,-0.10531586931562177,-0.984539489137973,0.2353216750752909,0.9277173150810016,0.04559823375354631,0.7096300434746328,-0.21559057461789774,-0.06723695634994356,49.228257636697286,48.93138357705287,455,59,-0.40173043040260414,45.98269569597396,38.02024746906636,555,80,0.23880380568771276,52.38803805687713,64.28571428571429,319,59,-1.764600189927443,32.35399810072557,4.611923509561304,849,87,0.6771243027438776,56.77124302743878,74.29696287964005,234,53
"Leach, Landon",667743.0,TRO_AIG,Four-Seam,196,77,16,53,44,7,51,52,7,0,18,20,14,18,4146.18218,0.2493780758185455,0.2077922077922078,0.2704081632653061,0.1590909090909091,0.1372549019607843,79.73427269230768,0.1346153846153846,0.0,0.3461538461538461,0.3846153846153846,0.2692307692307692,0.3461538461538461,-0.2952066360199274,0.0009606023936088438,-0.01514400828275488,0.0004442646269828972,-0.1879151140976237,-0.0027285274566974963,-0.4851015764980609,-0.02118584115039981,0.043440962657371074,-0.025586727005191563,-0.4900557813986251,0.11713166270255518,-0.7639787681093636,-0.03755032043134333,0.3264812587290125,-0.0991872917706851,-0.06770217809117038,49.222917845226576,48.818897637795274,456,115,-0.002133200180609807,49.9786679981939,54.16197975253093,411,41,-0.4851015764980609,45.14898423501939,37.00787401574803,561,152,-0.9206796272448547,40.79320372755145,15.410573678290213,753,235,0.5718732889800502,55.7187328898005,71.7660292463442,253,21
"De Jesus, Larry",692356.0,DOW_EAS1,Sinker,87,33,3,26,18,1,21,26,5,1,9,11,6,9,2048.83796,0.2437349748601807,0.0909090909090909,0.2988505747126437,0.0555555555555555,0.0476190476190476,78.80145999999999,0.1923076923076923,0.0384615384615384,0.3461538461538461,0.4230769230769231,0.2307692307692307,0.3461538461538461,-1.356385359862795,0.004413677960993535,0.4439830310130301,-0.013024686197798252,-1.3957500525476094,-0.020266290762991288,-1.2178711062208034,-0.053188084821981146,-0.23367238857658149,0.1376330368716065,0.23442034854507,-0.056030448448197,0.602391145236699,0.029608127179528994,0.3264812587290125,-0.0991872917706851,-0.07004195998952376,49.19606194766854,48.706411698537686,457,56,0.2975647224858863,52.97564722485886,64.96062992125984,312,65,-1.2178711062208034,37.82128893779196,6.130483689538808,835,132,-0.4143272896353009,45.85672710364699,31.777277840269967,601,94,0.5718732889800502,55.7187328898005,71.7660292463442,251,55
"Sanchez, Edwin",835958.0,LAK_ERI24,Slider,93,44,17,29,33,8,23,24,6,0,8,11,4,9,1881.56951,0.2480787253429577,0.3863636363636363,0.3118279569892473,0.2424242424242424,0.3478260869565217,78.39872958333333,0.25,0.0,0.3333333333333333,0.4583333333333333,0.1666666666666666,0.375,1.3260386365177856,-0.004314929723228875,0.6534683312836702,-0.01917014696653775,0.7842447144109006,0.011387233253246276,1.2363094518859357,0.053993342692214466,-0.3533126725549763,0.20810116413488103,0.9588964784887655,-0.22919255959894927,-0.7639787681093636,-0.03755032043134333,0.1853211801385213,-0.05630187177434374,-0.0730480884140612,49.16155775859327,48.59392575928009,458,126,0.5722878182635073,55.72287818263507,72.21597300337457,249,53,1.2363094518859357,62.363094518859356,87.4578177727784,113,44,0.4295932730472875,54.29593273047288,67.82902137232846,294,76,0.3350585080114373,53.35058508011437,63.77952755905512,326,66
"Marklund, Brandon",647282.0,OTT_TIT,Four-Seam,279,107,21,73,68,9,70,65,11,0,16,22,11,32,5271.08082,0.2391617789556535,0.1962616822429906,0.2616487455197133,0.1323529411764706,0.1285714285714285,81.09355107692308,0.1692307692307692,0.0,0.2461538461538461,0.3384615384615385,0.1692307692307692,0.4923076923076923,-0.39989197222457235,0.0013012484776187584,-0.1565414964294724,0.004592301339255003,-0.49983805372602724,-0.007257648540101916,-0.556088624689952,-0.02428605850608427,0.4472457045169486,-0.2634277199604827,-0.05537010343240813,0.013234396012103893,-0.7639787681093636,-0.03755032043134333,-0.7745673542768227,0.23531898420077865,-0.07807481740825586,49.10386121900764,48.4814398200225,459,116,-0.3617707073804044,46.38229292619596,40.044994375703034,534,82,-0.556088624689952,44.43911375310048,34.53318335208099,583,161,0.39583645053998334,53.958364505399835,65.91676040494939,304,61,-0.6279882679275862,43.720117320724135,27.221597300337457,648,139
"Quigley, Michael",808828.0,NEW_ENG23,Four-Seam,292,135,40,80,81,15,69,89,17,3,25,24,18,47,7171.30277,0.2217416358940424,0.2962962962962963,0.273972602739726,0.1851851851851851,0.217391304347826,80.57643561797754,0.1910112359550561,0.0337078651685393,0.2808988764044944,0.2696629213483146,0.2022471910112359,0.5280898876404494,0.5083196404701446,-0.0016540721100898504,0.04239438102258064,-0.0012436815616784257,0.11649856957676172,0.0016915592302545802,0.17001031284645554,0.007424860392943252,0.29362472681694324,-0.17294496409517957,0.21813998607442425,-0.05213916505155066,0.4335139649355011,0.021307644890544816,-0.3920076806136017,0.11909467742417648,-0.07846314088057937,49.099404061954054,48.368953880764906,460,117,-0.897859575790586,41.02140424209414,19.68503937007874,715,168,0.17001031284645554,51.700103128464555,61.86726659167604,341,67,-0.038830050509115595,49.61169949490884,46.79415073115861,474,124,-0.9217450299380896,40.7825497006191,18.785151856017997,723,176
"Binns, Malik",702238.0,NEW_JER6,Cutter,88,38,8,19,13,0,21,25,5,0,5,15,1,9,2029.7692,0.2118018400163009,0.2105263157894736,0.2159090909090909,0.0,0.0,81.19076799999999,0.2,0.0,0.2,0.6,0.04,0.36,-0.27038374189494907,0.0008798286961261642,-0.8948864936063069,0.02625239017643462,-2.043856604886625,-0.029676797902953796,-1.6071549188860101,-0.07018927677250872,0.4761262156556314,-0.2804383410211669,0.33101716587089636,-0.07911872993496404,-0.7639787681093636,-0.03755032043134333,-1.2827436372025922,0.38970649618760794,-0.08013475100276807,49.080217406039644,48.25646794150732,461,23,1.676175166751767,66.76175166751767,94.03824521934759,53,3,-1.6071549188860101,33.928450811139896,1.968503937007874,860,39,2.0971803049080813,70.97180304908082,98.08773903262093,18,1,0.45820219411511587,54.58202194115116,67.66029246344208,287,16
"Primeaux, Parker",1000101108.0,SUS_COU1,Sinker,87,52,9,21,29,5,30,37,6,1,10,22,6,9,3005.00167,0.2362661680195856,0.173076923076923,0.2413793103448276,0.1724137931034483,0.1666666666666666,81.21626135135135,0.1621621621621621,0.027027027027027,0.2702702702702703,0.5945945945945946,0.1621621621621621,0.2432432432432432,-0.6103857869048824,0.0019861953505884876,-0.4837375844712348,0.014190925778048145,-0.03249144245519484,-0.0004717757444494291,-0.24466157455778645,-0.010685104945662207,0.4836995989140456,-0.2848990637603729,-0.14413474638046517,0.03445065467561964,0.19617306289057285,0.009642102214134547,-0.5090338010363294,0.15464803199144414,-0.08113803444064954,49.06870176979663,48.14398200224972,462,57,1.634055458701341,66.3405545870134,93.47581552305961,59,10,-0.24466157455778645,47.553384254422134,47.30033745781777,476,37,0.4888957990736317,54.888957990736316,70.07874015748031,267,42,1.416726021084289,64.16726021084288,91.90101237345331,73,11
"Villalobos, Jonaiker",665690.0,FLO_Y'A,Changeup,200,95,15,43,59,6,61,74,15,2,23,35,16,23,5891.90363,0.2463984131670166,0.1578947368421052,0.215,0.1016949152542373,0.0983606557377049,79.62031932432433,0.2027027027027027,0.027027027027027,0.3108108108108108,0.4729729729729729,0.2162162162162162,0.3108108108108108,-0.7482244538008013,0.0024347223726678075,-0.9095613469785127,0.02668289167496165,-0.8574920684016459,-0.012450784833191899,-0.803060486167714,-0.03507206061240257,0.009588507661135354,-0.0056476310124087235,0.3649565881745646,-0.0872308288357199,0.19617306289057285,0.009642102214134547,-0.06266274170963973,0.019037379570580517,-0.08260420946137857,49.0518730875222,48.031496062992126,463,69,0.6863620275667454,56.86362027566745,75.92800899887514,215,49,-0.803060486167714,41.96939513832286,23.73453318335208,679,95,-0.22273451324249774,47.77265486757502,39.201349831271095,542,88,0.8620247323289804,58.6202473232898,79.86501687289089,180,43
"Aldeano, Austin",699054.0,TRO_AIG,Changeup,51,24,5,11,9,2,9,16,1,0,7,5,5,6,1275.21831,0.2469192351523887,0.2083333333333333,0.2156862745098039,0.2222222222222222,0.2222222222222222,79.701144375,0.0625,0.0,0.4375,0.3125,0.3125,0.375,-0.2902937715576925,0.0009446159326487314,-0.8984832713936125,0.026357905249603016,0.5485696044694403,0.007965230656896272,0.2095028735516221,0.009149618996619991,0.03359943808809954,-0.019790069033890627,-1.395650943828244,0.3335843016409954,-0.7639787681093636,-0.03755032043134333,1.3322468186862668,-0.4047459092446187,-0.08408462623308921,49.03488093915477,47.91901012373454,464,70,-0.5640668051802892,44.35933194819711,31.2710911136108,610,118,0.2095028735516221,52.09502873551622,63.10461192350956,323,39,-1.4903260070556021,35.09673992944398,6.805399325084364,827,120,0.3350585080114373,53.35058508011437,63.77952755905512,320,69
"Cohn, Cooper",1000301881.0,NIU_HUS,Four-Seam,72,46,12,19,34,5,23,26,7,0,4,9,3,14,2115.85145,0.2150258388753556,0.2608695652173913,0.2638888888888889,0.1470588235294117,0.217391304347826,81.37890192307692,0.2692307692307692,0.0,0.1538461538461538,0.3461538461538461,0.1153846153846153,0.5384615384615384,0.1866812868845628,-0.0006074609075223674,-0.12038034340656456,0.003531477754174978,-0.3282804369304062,-0.004766631944229498,0.17001031284645554,0.007424860392943252,0.5320157016527224,-0.31335724827345346,1.2003885218033303,-0.28691326331586664,-0.7639787681093636,-0.03755032043134333,-1.790919920128363,0.5440940081744375,-0.08814457855085944,48.98828101306197,47.80652418447694,465,118,-0.3018311228471059,46.981688771528944,41.90101237345332,516,75,0.17001031284645554,51.700103128464555,61.86726659167604,339,65,1.1047297231933586,61.047297231933584,88.92013498312711,99,17,-1.006891917477366,39.93108082522634,16.647919010123736,740,185
"Dill, Austin",1000429156.0,TRI_VAL,Four-Seam,113,52,6,26,15,3,30,42,8,3,13,7,8,27,3376.8636,0.2197938030965063,0.1153846153846153,0.2300884955752212,0.2,0.1,80.40151428571428,0.1904761904761904,0.0714285714285714,0.3095238095238095,0.1666666666666666,0.1904761904761904,0.6428571428571429,-1.1341727211093746,0.003690598034489905,-0.6659977407876132,0.01953770972374542,0.28932698353383396,0.004201027800911269,-0.7896589122890756,-0.034486773676400795,0.2416603432000567,-0.1423379421448334,0.2114211063246346,-0.05053323857039519,1.773565356676184,0.08717251084599112,-0.07683325152953503,0.02334247964743345,-0.08941362833905821,48.97371492417484,47.69403824521935,466,119,-1.7004214286240864,32.99578571375913,2.1372328458942635,872,261,-0.7896589122890756,42.10341087710924,24.521934758155233,669,195,0.1161370640508975,51.16137064050898,53.374578177727784,415,103,-1.863935886697107,31.36064113302893,2.81214848143982,865,264
"Barreto, Brayhans",810980.0,TRI_VAL,Slider,106,54,11,25,40,3,19,27,3,0,10,11,7,9,2156.13607,0.2590074484363387,0.2037037037037037,0.2358490566037736,0.075,0.1578947368421052,79.85689148148148,0.1111111111111111,0.0,0.3703703703703703,0.4074074074074074,0.2592592592592592,0.3333333333333333,-0.3323260564012625,0.0010813889875297081,-0.5730088135084,0.016809786553082424,-1.168912759228953,-0.016972613264004396,-0.3163717505750614,-0.013816903462864655,0.07986767926661807,-0.047042063088038044,-0.785212723227538,0.18767918946767645,-0.7639787681093636,-0.03755032043134333,0.5931169627332745,-0.18019308509710794,-0.09000462033506976,48.966931548120144,47.58155230596176,467,127,0.17546556880694336,51.754655688069434,59.89876265466817,357,79,-0.3163717505750614,46.83628249424939,43.7007874015748,500,156,-0.7894030952720069,42.10596904727993,17.94150731158605,730,154,0.6771243027438776,56.77124302743878,74.29696287964005,221,39
"Marynczak, Arlo",837346.0,TRI_VAL,Changeup,145,75,21,32,52,11,44,35,3,0,8,20,4,11,2918.03772,0.2645440758506972,0.28,0.2206896551724138,0.2115384615384615,0.25,83.37250628571428,0.0857142857142857,0.0,0.2285714285714285,0.5714285714285714,0.1142857142857142,0.3142857142857143,0.36036599782077733,-0.0011726309569088094,-0.8177170060455704,0.023988546089352854,0.42393372901962917,0.0061555177453650155,0.43658509760632624,0.019066980967761084,1.1242614874581713,-0.6621900161128629,-1.1041355486842335,0.26390716643985945,-0.7639787681093636,-0.03755032043134333,-0.9681583192009258,0.29413327448147564,-0.09366148177730094,48.924958278583524,47.46906636670416,468,71,1.4535424241995127,64.53542424199513,91.11361079865017,82,23,0.43658509760632624,54.365850976063264,70.3599550056243,265,34,1.1191969328393458,61.191969328393455,89.25759280089989,97,20,0.8334972374787073,58.33497237478707,78.90888638920134,189,47
"Harajli, Ahmad",800677.0,FLO_Y'A,Four-Seam,189,83,18,44,52,8,53,54,7,1,19,23,11,20,4329.51732,0.2668851454935034,0.216867469879518,0.2328042328042328,0.1538461538461538,0.1509433962264151,80.17624666666667,0.1296296296296296,0.0185185185185185,0.3518518518518518,0.4259259259259259,0.2037037037037037,0.3703703703703703,-0.21281257178581006,0.0006924921085910259,-0.6221593905911097,0.018251667882380796,-0.24909999840934954,-0.0036169319769037553,-0.3731986825132788,-0.016298706061402424,0.17473944326638968,-0.10292153208390352,-0.5526648296653646,0.13209628959212644,-0.10609695797977753,-0.005214771581664045,0.3892190714358979,-0.11824747843572583,-0.09525897055650132,48.90662238367191,47.35658042744657,469,120,0.31976456860933,53.1976456860933,65.80427446569179,305,26,-0.3731986825132788,46.268013174867214,40.382452193475814,530,135,-0.05800527428043099,49.41994725719569,46.287964004499436,479,128,0.3730658185372646,53.73065818537265,64.51068616422947,316,30
"Misla, Luis",695417.0,TRI_VAL,Slider,75,26,9,22,19,5,15,12,3,1,5,1,3,8,933.91942,0.2601950831029617,0.3461538461538461,0.2933333333333333,0.2631578947368421,0.3333333333333333,77.82661833333333,0.25,0.0833333333333333,0.4166666666666667,0.0833333333333333,0.25,0.6666666666666666,0.9609750157085942,-0.0031270127011157655,0.35492185192653947,-0.010411987448116963,1.0261218009297681,0.014899288549500234,1.1178317697704383,0.04881906688118435,-0.52327140818703,0.30820685942216064,0.9588964784887655,-0.22919255959894927,2.1964893774737755,0.10795964939221354,1.102861690976718,-0.33505710175056375,-0.09790379725368697,48.876265197436574,47.24409448818898,470,128,-2.349766927734827,26.50233072265173,0.11248593925759282,889,191,1.1178317697704383,61.17831769770439,85.71428571428571,130,51,-0.6675034584400784,43.324965415599216,21.034870641169853,705,145,-2.0594020551156436,29.405979448843564,1.7435320584926886,875,185
"Fauci, Sonny",688649.0,NEW_JER6,Four-Seam,312,147,30,96,77,15,77,106,13,2,39,24,31,51,8478.705539999999,0.2400280594027979,0.2040816326530612,0.3076923076923077,0.1948051948051948,0.1948051948051948,79.98778811320754,0.1226415094339622,0.0188679245283018,0.3679245283018867,0.2264150943396226,0.2924528301886792,0.4811320754716981,-0.3288948494752569,0.0010702238401924858,0.5867092795490707,-0.017211703424851538,0.2287248124060295,0.003321084276135548,-0.014630230710163774,-0.0006389460658049825,0.11875351838734059,-0.06994582233014361,-0.6404187517642985,0.15307096879044735,-0.09368409363771231,-0.0046046668863871975,0.5661870525619228,-0.1720115898776801,-0.10695045167809203,48.77242815833659,47.13160854893139,471,121,-1.234852957563555,37.65147042436445,9.786276715410573,803,220,-0.014630230710163774,49.853697692898365,56.91788526434196,384,79,-1.2264017933487352,37.73598206651265,10.236220472440944,799,249,-0.5362411578164763,44.63758842183524,29.58380202474691,627,129
"Earwood, Micah",1000112366.0,SUS_COU1,Sinker,129,25,6,24,69,2,13,15,4,0,4,9,3,3,1190.2317,0.2170719740530549,0.24,0.1860465116279069,0.0289855072463768,0.1538461538461538,79.34878,0.2666666666666666,0.0,0.2666666666666666,0.6,0.2,0.2,-0.0027929432276708774,9.088237262841035e-06,-1.3769383631002727,0.0403938638199096,-1.7057140558401818,-0.024766968090799438,-0.3494687548907266,-0.015262348932342702,-0.07107846093377265,0.04186521348999209,1.168189582694721,-0.27921716948694414,-0.7639787681093636,-0.03755032043134333,-0.5487112285320361,0.16670231220663229,-0.1078263291876328,48.7623748808554,47.01912260967379,472,58,1.676175166751767,66.76175166751767,94.03824521934759,54,8,-0.3494687548907266,46.505312451092735,41.676040494938135,516,44,-0.009245419547659513,49.9075458045234,48.59392575928009,450,73,1.7717348458876858,67.71734845887686,96.28796400449944,33,2
"Huter, Blayne",1000145980.0,SUS_COU1,Four-Seam,142,73,13,37,30,5,39,57,13,3,13,20,7,30,4627.20375,0.2411167815947544,0.1780821917808219,0.2605633802816901,0.1666666666666666,0.1282051282051282,81.17901315789473,0.2280701754385964,0.0526315789473684,0.2280701754385964,0.3508771929824561,0.1228070175438596,0.5263157894736842,-0.5649430848506107,0.0018383247981038874,-0.17406182972507928,0.005106277836814926,-0.09953694786957673,-0.0014452764830662542,-0.559083115556607,-0.024416836905703693,0.4726341708797863,-0.2783815266481941,0.6835108150598742,-0.16337070448316596,1.1057905869957767,0.05435071314142942,-0.973677359867622,0.29580999766930266,-0.11050903107447907,48.73158296512061,46.9066366704162,473,122,-0.2650261148003429,47.34973885199657,43.7007874015748,502,68,-0.559083115556607,44.40916884443393,34.308211473565805,585,162,1.0070126054090582,60.07012605409058,86.89538807649045,118,22,-0.9071804307537398,40.9281956924626,19.122609673790777,721,175
"Armstrong, Andrew",803262.0,NEW_YOR13,Slider,128,62,26,40,57,9,28,29,3,0,10,10,8,11,2342.18201,0.2823774635671283,0.4193548387096774,0.3125,0.1578947368421052,0.3214285714285714,80.76489689655172,0.1034482758620689,0.0,0.3448275862068966,0.3448275862068966,0.2758620689655172,0.3793103448275862,1.6255648892153693,-0.005289588149506812,0.6643166771905427,-0.01948839404206176,-0.20186956139678983,-0.002931146031481388,1.0205108166041363,0.04456876889355244,0.3496114612537642,-0.20592115067846709,-0.88143943780499,0.2106790101058353,-0.7639787681093636,-0.03755032043134333,0.31187849197827294,-0.09475086901244316,-0.1106836893459158,48.7295782463694,46.79415073115861,474,129,-0.3121655339735361,46.87834466026464,41.22609673790777,522,120,1.0205108166041363,60.20510816604136,84.4769403824522,139,53,-1.007981754418915,39.92018245581085,13.72328458942632,766,163,0.29967239131497814,52.99672391314978,62.59842519685039,332,67
"Rodriguez, Leonardo",673164.0,NEW_JER6,Four-Seam,181,84,17,47,45,8,51,62,8,0,23,16,10,36,4943.25709,0.2251228916970026,0.2023809523809523,0.2596685082872928,0.1777777777777777,0.1568627450980392,79.72995306451612,0.1290322580645161,0.0,0.3709677419354839,0.2580645161290322,0.1612903225806451,0.5806451612903226,-0.34433528064228325,0.0011204670032099898,-0.18850715656022032,0.005530045944850624,0.0300843625982264,0.0004368249449262473,-0.3248082418712109,-0.014185350347241391,0.04215771839700287,-0.02483089613583469,-0.560166374618983,0.13388928636230546,-0.7639787681093636,-0.03755032043134333,0.5996943140654488,-0.18219133047328182,-0.11778127313240891,48.64811254086336,46.681664791901014,475,123,-0.9882360425026285,40.117639574973715,17.04161979752531,740,182,-0.3248082418712109,46.75191758128789,43.138357705286836,506,128,0.5003737073367949,55.00373707336795,70.4161979752531,265,53,-1.3532017047002838,36.46798295299716,9.280089988751406,808,227
"Reeves, Cobe",802696.0,NEW_YOR13,Sinker,214,81,10,49,40,7,52,62,13,1,19,27,15,20,4947.68534,0.2598077532924858,0.1234567901234567,0.2289719626168224,0.175,0.1346153846153846,79.80137645161291,0.2096774193548387,0.0161290322580645,0.3064516129032258,0.4354838709677419,0.2419354838709677,0.3225806451612903,-1.0608856603564827,0.0034521219387999946,-0.6840211939823244,0.02006644574666547,-0.002320965018723656,-3.370041207186748e-05,-0.5066795253901368,-0.022128214912363445,0.06337566956564071,-0.03732826937416238,0.45254219411951585,-0.10816527761186433,-0.19098493348036935,-0.009387100465493634,-0.11065962980928365,0.03361917015346904,-0.11990482493702115,48.62373852131736,46.56917885264342,476,59,0.3942414717331426,53.942414717331424,67.71653543307087,288,59,-0.5066795253901368,44.93320474609863,36.33295838020247,567,49,-0.5613328070058166,44.38667192994183,25.421822272215973,664,107,0.7653993465457976,57.65399346545797,76.4904386951631,210,45
"Fauci, Sonny",688649.0,NEW_JER6,Sinker,83,35,4,15,14,3,27,28,4,0,10,9,8,11,2238.6391,0.2518903807754301,0.1142857142857142,0.180722891566265,0.2142857142857142,0.1111111111111111,79.95139642857143,0.1428571428571428,0.0,0.3571428571428571,0.3214285714285714,0.2857142857142857,0.3928571428571428,-1.1441496150942219,0.0037230628475165978,-1.4628740412955925,0.042914872875447506,0.45598295413529405,0.006620872494044469,-0.6988260226671941,-0.030519828887944363,0.10794253589350837,-0.06357815364127643,-0.3865591914066694,0.0923942182524479,-0.7639787681093636,-0.03755032043134333,0.447475611806577,-0.13594622319612074,-0.1219414996872284,48.600361672180654,46.45669291338583,477,60,-0.4944940731327101,45.0550592686729,34.13948256467941,587,116,-0.6988260226671941,43.01173977332806,28.346456692913385,635,60,-1.1376877719346632,38.62312228065337,11.586051743532058,785,131,0.1884588816975349,51.88458881697535,57.98650168728909,373,83
"Eldred, Zach",1000227712.0,NEW_ENG23,Sinker,103,42,7,37,11,3,28,32,5,0,8,17,1,14,2603.11393,0.2422160355813845,0.1666666666666666,0.3592233009708738,0.2727272727272727,0.1071428571428571,81.3473103125,0.15625,0.0,0.25,0.53125,0.03125,0.4375,-0.6685843351498258,0.0021755734265775334,1.4185400270848498,-0.04161429023456115,1.1377573793230913,0.016520237147771285,-0.7312663403892949,-0.031936594883821674,0.5226306909747567,-0.30782947698413166,-0.21837723266973932,0.052195871021023084,-0.7639787681093636,-0.03755032043134333,-0.7322193306996747,0.22245335820187606,-0.12558564273660988,48.558534383709926,46.344206974128234,478,61,1.1404651299854058,61.40465129985406,86.44544431946007,121,22,-0.7312663403892949,42.68733659610705,27.221597300337457,648,65,2.2123754617142546,72.12375461714254,98.20022497187851,17,2,-0.1780401840872229,48.21959815912777,44.37570303712036,490,101
"Woolfolk, Dallas",663762.0,MIS_MUD,Four-Seam,231,117,24,57,66,9,55,85,18,3,26,26,15,44,6796.88867,0.2266877288092968,0.2051282051282051,0.2467532467532467,0.1363636363636363,0.1636363636363636,79.96339611764706,0.2117647058823529,0.0352941176470588,0.3058823529411765,0.3058823529411765,0.1764705882352941,0.5176470588235295,-0.31939304568016413,0.0010393049706432541,-0.39698968276361635,0.011646089333553449,-0.4530496127817675,-0.0065782803775912635,-0.2694341808182993,-0.011766998978877584,0.11150731806353734,-0.06567781033942349,0.4787534747221592,-0.11443021926766632,0.4898665641376127,0.0240774314939278,-0.1169274587258252,0.035523380453116774,-0.1261671027123174,48.551860415699196,46.231721034870645,479,124,-0.6156324771684949,43.84367522831505,28.90888638920135,633,128,-0.2694341808182993,47.30565819181701,45.894263217097865,482,115,0.30052306934289097,53.00523069342891,61.64229471316085,349,82,-0.8360138010137406,41.639861989862595,21.034870641169853,703,162
"Gamelin, Shaun",815222.0,JOL_SLA,Cutter,138,63,29,47,40,8,29,25,6,1,10,13,9,3,1943.04369,0.244309148325638,0.4603174603174603,0.3405797101449275,0.2,0.2758620689655172,77.7217476,0.24,0.04,0.4,0.52,0.36,0.12,1.9974634463566372,-0.006499746054444497,1.1175888692124736,-0.032785587067217126,0.28932698353383396,0.004201027800911269,0.6480064786227744,0.028300386940892423,-0.5544256587670326,0.3265567130137822,0.8333206159651915,-0.19917779366615218,0.6570459417705438,0.032294465083964,0.9193535888090787,-0.27930605575531975,-0.12641658970358366,48.54899681670981,46.11923509561305,480,24,1.052803487605456,60.52803487605456,84.92688413948257,134,9,0.6480064786227744,56.48006478622774,76.04049493813272,214,5,-2.1156711440034,28.843288559966,2.699662542182227,866,37,2.428501171773971,74.2850117177397,98.76265466816648,12,1
"Kostura, Brit",1000146015.0,WAS_WIL3,Sinker,136,69,11,41,32,5,40,54,9,2,18,20,10,24,4322.1035,0.238007740404106,0.1594202898550724,0.3014705882352941,0.15625,0.125,80.03895370370371,0.1666666666666666,0.037037037037037,0.3333333333333333,0.3703703703703703,0.1851851851851851,0.4444444444444444,-0.7343739983832404,0.002389652990739064,0.4862761767189298,-0.014265397920226526,-0.22105692643314154,-0.0032097465718092153,-0.585284910639842,-0.025561147902373817,0.1339534276158274,-0.07889856886572233,-0.08756904254101738,0.020930489841026353,0.5517848521498085,0.02712077726801524,0.1853211801385213,-0.05630187177434374,-0.12779581293469497,48.533166162651646,46.006749156355454,481,62,-0.11313243079783081,48.86867569202169,49.887514060742404,447,93,-0.585284910639842,44.14715089360158,32.8458942632171,602,55,0.18579399938342897,51.85793999383429,56.13048368953881,392,63,-0.23505114987596273,47.64948850124037,41.001124859392576,523,106
"Lefebvre, Charles",1000429097.0,TRO_AIG,Sinker,412,194,26,101,107,12,117,142,26,5,40,59,24,59,11474.73055,0.2397442673587333,0.134020618556701,0.2451456310679611,0.1121495327102803,0.1025641025641025,80.80796161971831,0.1830985915492957,0.0352112676056338,0.2816901408450704,0.4154929577464789,0.1690140845070422,0.4154929577464789,-0.9649769416756206,0.0031400349682124697,-0.4229403596700826,0.012407378391281544,-0.7355293590433779,-0.010679886293309846,-0.7686974762224881,-0.033571324879064716,0.3624048225095317,-0.21345644045811416,0.11877627146485496,-0.02838954807671524,0.48692326523562507,0.02393276540959621,-0.3832954744654315,0.11644784821091934,-0.13016917272719436,48.505924859733376,45.894263217097865,482,63,0.23846935745305614,52.38469357453056,62.429696287964006,335,69,-0.7686974762224881,42.31302523777512,25.47806524184477,663,69,0.39868913976595316,53.986891397659534,66.02924634420697,303,46,0.0026283694686433435,50.026283694686434,51.5185601799775,432,96
"Encarnacion, J.D.",1000563022.0,EVA_OTT,Four-Seam,326,167,38,86,98,14,93,107,22,6,36,23,22,62,8522.21495,0.2298084995236057,0.2275449101796407,0.263803680981595,0.1428571428571428,0.1505376344086021,79.64686869158878,0.205607476635514,0.0560747663551401,0.3364485981308411,0.2149532710280373,0.205607476635514,0.5794392523364486,-0.11587237397329539,0.0003770487049091032,-0.1217557983068238,0.003571828099128983,-0.3772968988720123,-0.005478350971621618,-0.37651576917019514,-0.016443573186969932,0.01747560460617372,-0.01029313111303632,0.40143353737944226,-0.09594943980382216,1.2281119466755501,0.060362930291049964,0.21962175998293987,-0.06672262803513701,-0.130575316015499,48.501263167738806,45.78177727784027,483,125,-1.3241651581113207,36.7583484188868,7.986501687289089,819,231,-0.37651576917019514,46.23484230829805,40.15748031496063,533,138,-0.08306875101222966,49.169312489877704,45.3318335208099,487,132,-1.3433016997879181,36.56698300212082,9.561304836895388,805,224
"Catrambone, Ben",1000565186.0,JOL_SLA,Four-Seam,186,82,11,41,42,8,50,65,13,1,13,21,6,38,5339.42008,0.2257994391289282,0.1341463414634146,0.2204301075268817,0.1904761904761904,0.16,82.1449243076923,0.2,0.0153846153846153,0.2,0.3230769230769231,0.0923076923076923,0.5846153846153846,-0.9638355067339297,0.003136320738912207,-0.8219067120509836,0.024111455304727657,0.17822300313285883,0.00258779800548911,-0.29916130833091487,-0.013065271818736044,0.7595801761409968,-0.4473927237470471,0.33101716587089636,-0.07911872993496404,-0.2174308027709407,-0.010686941386994506,-1.2827436372025922,0.38970649618760794,-0.13072159665100475,48.49958416604868,45.66929133858268,484,126,-0.48164987644700274,45.183501235529974,34.758155230596174,581,102,-0.29916130833091487,47.00838691669085,44.82564679415073,490,121,1.4085411257590894,64.08541125759089,93.02587176602924,63,9,-1.3857955670271465,36.142044329728535,8.211473565804274,817,233
"Miranda, Kevin",806656.0,OTT_TIT,Changeup,140,84,38,51,48,12,43,31,7,1,6,15,3,13,2537.77127,0.2533892804461712,0.4523809523809524,0.3642857142857142,0.25,0.2790697674418604,81.86358935483871,0.2258064516129032,0.032258064516129,0.1935483870967742,0.4838709677419355,0.0967741935483871,0.4193548387096774,1.9254081009105168,-0.006265277960362822,1.5002592175001128,-0.044011604404583314,0.8726228806389486,0.012670484226877533,0.674229285570551,0.02944561558872267,0.6760031919860786,-0.3981658800798003,0.6550839078672154,-0.15657619040669823,0.3820089011486249,0.018776119500356063,-1.3537790315900657,0.4112875462502831,-0.13283918728520527,48.4752785685133,45.556805399325086,485,72,0.7712807937974443,57.712807937974446,78.40269966254219,193,46,0.674229285570551,56.74229285570551,76.6029246344207,209,23,1.349738918810883,63.497389188108826,92.1822272215973,71,15,-0.02907604767148253,49.70923952328518,49.66254218222722,448,87
"Duby, Bill",1000270408.0,NEW_JER6,Sinker,166,88,13,41,39,4,44,63,10,0,18,21,15,27,5088.70976,0.2456263619237319,0.1477272727272727,0.2469879518072289,0.1025641025641025,0.0909090909090909,80.77317079365079,0.1587301587301587,0.0,0.2857142857142857,0.3333333333333333,0.238095238095238,0.4285714285714285,-0.8405345913280678,0.0027350995601815326,-0.3932009942854214,0.011534944368357123,-0.8473522005684417,-0.012303553952253774,-0.8639767310706152,-0.037732455776046975,0.35206941167810596,-0.2073688834784044,-0.18723242549623437,0.04475173264483345,-0.7639787681093636,-0.03755032043134333,-0.33898768319759076,0.10298683106921046,-0.13294660599546593,48.47404562202345,45.44431946006749,486,64,-0.40173043040260414,45.98269569597396,38.02024746906636,547,110,-0.8639767310706152,41.36023268929385,20.41619797525309,704,80,-0.5107753539418821,44.89224646058118,27.221597300337457,647,102,-0.1047403709302708,48.952596290697294,46.737907761529804,472,99
"Delongchamp, Luke",802194.0,TRI_VAL,Changeup,312,137,21,75,77,7,86,105,20,4,35,39,24,42,8368.55035,0.2455589231102793,0.1532846715328467,0.2403846153846154,0.0909090909090909,0.0813953488372093,79.70047952380952,0.1904761904761904,0.0380952380952381,0.3333333333333333,0.3714285714285714,0.2285714285714285,0.4,-0.7900791146976639,0.002570917439226198,-0.49979428743153953,0.014661965216091644,-0.983318610150053,-0.01427778621937877,-0.9417511925861798,-0.04112909983381623,0.033401928831434516,-0.019673736081714927,0.2114211063246346,-0.05053323857039519,0.5893780984429292,0.028968522916568415,0.1853211801385213,-0.05630187177434374,-0.1357143269077626,48.442277862241156,45.3318335208099,487,73,-0.10488677366626559,48.95113226333734,50.506186726659166,439,94,-0.9417511925861798,40.582488074138205,16.87289088863892,740,100,-0.38539287034332653,46.14607129656673,33.57705286839145,591,96,0.12981903117197302,51.29819031171973,55.34308211473565,396,81
"Noriega, Branden",804447.0,LAK_ERI24,Sinker,104,40,8,27,13,2,31,28,3,1,9,15,5,8,2276.54398,0.2671521034547173,0.2,0.2596153846153846,0.1538461538461538,0.064516129032258,81.30514214285714,0.1071428571428571,0.0357142857142857,0.3214285714285714,0.5357142857142857,0.1785714285714285,0.2857142857142857,-0.3659518842761186,0.0011908074314344898,-0.18936469686565155,0.005555202747250754,-0.24909999840934954,-0.0036169319769037553,-1.0797381404363757,-0.04715540380727783,0.5101036714546564,-0.3004510624867926,-0.8350444147051471,0.19958981086958016,0.5047932942834102,0.024811095207323896,0.05424396430449314,-0.016479696063455146,-0.13655617807884002,48.43261513734125,45.219347581552306,488,65,1.1752514960091953,61.75251496009196,87.00787401574803,117,21,-1.0797381404363757,39.20261859563624,11.136107986501688,792,116,0.27286516854909265,52.728651685490924,59.786276715410565,358,57,1.068056639580952,60.68056639580952,86.0517435320585,127,25
"Stuka, Ted",682247.0,OTT_TIT,Sinker,164,67,15,45,31,9,40,44,7,0,14,23,7,14,3543.94267,0.2421220844214633,0.2238805970149253,0.274390243902439,0.2903225806451613,0.225,80.5441515909091,0.1590909090909091,0.0,0.3181818181818182,0.5227272727272727,0.1590909090909091,0.3181818181818182,-0.14914057618749377,0.0004853034349141047,0.04913608613009212,-0.0014414562227123824,1.3430227976592026,0.019500691022011622,0.23221109595709263,0.010141355193734106,0.28403401797899713,-0.1672960365896293,-0.18270227172554224,0.04366894888102393,-0.7639787681093636,-0.03755032043134333,0.01849563271339488,-0.005619102687758358,-0.1381106173997596,48.41477336192099,45.10686164229472,489,66,1.07405479484908,60.7405479484908,85.54555680539933,130,24,0.23221109595709263,52.32211095957093,64.1169853768279,320,17,0.529329339546138,55.29329339546138,71.70978627671542,252,38,0.8015118644647649,58.01511864464765,77.39032620922384,204,41
"Floyd, Conner",1000161370.0,QUE_CAP,Four-Seam,363,177,70,145,112,25,84,97,13,1,34,16,24,57,7777.32776,0.218840965356432,0.3954802259887006,0.3994490358126721,0.2232142857142857,0.2976190476190476,80.17863670103092,0.134020618556701,0.0103092783505154,0.3505154639175257,0.1649484536082474,0.2474226804123711,0.5876288659793815,1.408807912373076,-0.004584260946861989,2.067877463736725,-0.06066325327618057,0.5601429357612083,0.008133275427252744,0.8258689102715332,0.03606817291828867,0.17544945765374131,-0.10333973055805362,-0.4975246074805192,0.11891683910617126,-0.39773528618155474,-0.019549087051109595,0.3745047906206229,-0.11377717692407958,-0.1387952213045727,48.40691551314097,44.99437570303712,490,127,-1.7138099956160602,32.8619000438394,1.799775028121485,874,262,0.8258689102715332,58.25868910271533,81.214848143982,168,26,-0.6335726316930459,43.66427368306954,22.947131608548933,686,213,-1.4105349805716336,35.89465019428366,8.098987626546682,818,234
"Ferguson, Francis",823799.0,WIN_CIT29,Four-Seam,162,66,8,32,27,2,44,50,10,1,15,22,11,17,4002.634,0.2510754436298644,0.1212121212121212,0.1975308641975308,0.074074074074074,0.0454545454545454,80.05268,0.2,0.02,0.3,0.44,0.22,0.34,-1.081264949977607,0.003518436147227133,-1.1915540540629344,0.034955429729990245,-1.1797145351012708,-0.01712945504967045,-1.2355658249783132,-0.05396086627427787,0.13803113796224567,-0.0813003402597627,0.33101716587089636,-0.07911872993496404,-0.05346641316940993,-0.0026279276736896674,-0.1816950241967571,0.05520022021614418,-0.14046323309900313,48.38777015864945,44.881889763779526,491,128,0.42943180845914447,54.294318084591445,68.56017997750281,280,20,-1.2355658249783132,37.64434175021687,5.62429696287964,838,254,-0.27254863510462696,47.27451364895373,37.96400449943757,552,155,0.6223937755866868,56.22393775586687,73.11586051743532,240,20
"Sparks, Alec",836152.0,GAT_GRI,Four-Seam,407,194,31,94,128,15,95,151,23,5,60,47,41,63,11976.87151,0.2376546536659466,0.1597938144329896,0.2309582309582309,0.1171875,0.1578947368421052,79.31702986754968,0.152317880794702,0.0331125827814569,0.3973509933774834,0.3112582781456953,0.271523178807947,0.4172185430463576,-0.7309827786289409,0.0023786179616585735,-0.6519581776474983,0.01912584509946701,-0.6767568460465124,-0.00982650940459536,-0.3163717505750614,-0.013816903462864655,-0.08051056416091201,0.04742072229077717,-0.2677551587448201,0.06399803477771067,0.41236619040049155,0.02026821062437456,0.8901867381334269,-0.270444962352102,-0.14089694446557405,48.382792041655485,44.76940382452194,492,129,-0.5737424831471717,44.262575168528286,30.93363329583802,615,120,-0.3163717505750614,46.83628249424939,43.7007874015748,503,126,-0.9508595678970799,40.4914043210292,14.960629921259844,757,236,-0.011537959498915678,49.88462040501084,50.168728908886386,444,56
"Cooper, Garrett",1000327042.0,NEW_YOR13,Slider,106,42,9,32,29,3,28,30,6,0,8,14,7,9,2410.66059,0.2283856335828468,0.2142857142857142,0.3018867924528302,0.1034482758620689,0.1071428571428571,80.355353,0.2,0.0,0.2666666666666666,0.4666666666666667,0.2333333333333333,0.3,-0.23625226247310244,0.0007687648620874753,0.4929946861706888,-0.014462492113503327,-0.8370375074277678,-0.012153784607851189,-0.7312663403892949,-0.031936594883821674,0.227947077196022,-0.13426082846845694,0.33101716587089636,-0.07911872993496404,-0.7639787681093636,-0.03755032043134333,-0.5487112285320361,0.16670231220663229,-0.14201167337122073,48.36999724000491,44.65691788526434,493,130,0.6372223681745817,56.372223681745815,74.63442069741284,224,49,-0.7312663403892949,42.68733659610705,27.221597300337457,647,176,-0.448084112142605,45.51915887857395,29.640044994375703,625,135,0.9507769385298297,59.507769385298296,83.57705286839146,146,24
"Armstrong, Andrew",803262.0,NEW_YOR13,Sinker,91,37,6,27,24,4,21,28,7,0,5,15,2,11,2280.96077,0.2573945209342685,0.1621621621621621,0.2967032967032967,0.1666666666666666,0.1904761904761904,81.46288464285715,0.25,0.0,0.1785714285714285,0.5357142857142857,0.0714285714285714,0.3928571428571428,-0.7094806122949214,0.0023086499124076744,0.4093209420828484,-0.012007839156942441,-0.09953694786957673,-0.0014452764830662542,-0.05001966822518298,-0.002184508970398416,0.55696468992867,-0.3280522023679866,0.9588964784887655,-0.22919255959894927,-0.7639787681093636,-0.03755032043134333,-1.5186826257038437,0.46138641246720763,-0.14673764462907096,48.31575278241151,44.54443194600675,494,67,1.1752514960091953,61.75251496009196,87.00787401574803,116,20,-0.05001966822518298,49.49980331774817,55.005624296962885,400,25,1.683418109032847,66.83418109032847,95.3880764904387,40,5,0.1884588816975349,51.88458881697535,57.98650168728909,372,82
"Miranda, Kevin",806656.0,OTT_TIT,Four-Seam,189,103,23,57,58,15,55,72,11,4,29,15,18,39,5734.66192,0.2376574912132061,0.2233009708737864,0.3015873015873015,0.2586206896551724,0.2727272727272727,79.64808222222221,0.1527777777777778,0.0555555555555555,0.4027777777777778,0.2083333333333333,0.25,0.5416666666666666,-0.15440298657799384,0.0005024273183247919,0.48816020317894593,-0.014320667720457559,0.9731911387605197,0.014130735334802745,0.6223796445601748,0.027181186216876513,0.01783611164411347,-0.010505469758382832,-0.26197996271264673,0.06261766474768869,1.2096666622793946,0.059456326117694525,0.9499382725036851,-0.2885978967545271,-0.1495356944979802,48.283636908408646,44.43194600674916,495,130,-1.375748679068716,36.24251320931284,7.086614173228346,827,235,0.6223796445601748,56.22379644560175,75.59055118110236,218,33,-0.6675034584400784,43.324965415599216,21.034870641169853,704,219,-1.033204670918323,39.66795329081677,15.579302587176603,752,192
"Hocom, Quinn",1000152021.0,TRI_VAL,Four-Seam,296,131,27,89,69,20,90,93,20,3,33,21,19,53,7365.8413,0.2525159721367072,0.2061068702290076,0.3006756756756756,0.2898550724637681,0.2222222222222222,79.20259462365591,0.2150537634408602,0.032258064516129,0.3548387096774194,0.2258064516129032,0.2043010752688172,0.5698924731182796,-0.3105077711389515,0.0010103922872861481,0.473444428937191,-0.013888965767301436,1.3375688855778083,0.019421500218589776,0.2095028735516221,0.009149618996619991,-0.11450617142074118,0.06744413496681655,0.5200560987020824,-0.12430224854347563,0.3820089011486249,0.018776119500356063,0.4221058280967659,-0.12823870531659415,-0.15062815365770268,48.27109771776849,44.31946006749156,496,131,-1.2395955905454958,37.604044094545046,9.561304836895388,804,221,0.2095028735516221,52.09502873551622,63.10461192350956,331,63,-0.06586976697926511,49.34130233020735,45.78177727784027,483,130,-1.2649266608983638,37.35073339101636,11.136107986501688,791,213
"Vilchez, Michael",699074.0,OTT_TIT,Slider,108,44,14,40,30,7,25,21,3,0,8,5,7,9,1669.20684,0.2511288347669733,0.3181818181818182,0.3703703703703703,0.2333333333333333,0.28,79.48604,0.1428571428571428,0.0,0.3809523809523809,0.238095238095238,0.3333333333333333,0.4285714285714285,0.7070177142761137,-0.002300635642254474,1.5984797969490026,-0.04689300332329594,0.6781909149372434,0.009847332084888773,0.6818338995854069,0.02977773189659347,-0.03030223768548824,0.01784801799675257,-0.3865591914066694,0.0923942182524479,-0.7639787681093636,-0.03755032043134333,0.7096300434746328,-0.21559057461789774,-0.15246723378410876,48.249988849668206,44.20697412823397,497,131,-1.1438395722434516,38.561604277565486,11.754780652418448,786,167,0.6818338995854069,56.81833899585407,76.82789651293588,208,80,-1.764600189927443,32.35399810072557,4.611923509561304,855,182,-0.1047403709302708,48.952596290697294,46.737907761529804,480,106
"Eckaus, David",824671.0,EVA_OTT,Four-Seam,252,127,24,72,67,14,73,82,13,3,26,27,17,38,6630.66751,0.2430073225111905,0.1889763779527559,0.2857142857142857,0.208955223880597,0.1917808219178082,80.86179890243903,0.1585365853658536,0.0365853658536585,0.3170731707317073,0.3292682926829268,0.2073170731707317,0.4634146341463415,-0.46603505700600595,0.0015164780754975433,0.2319326046166261,-0.006803974889033343,0.3937978904780334,0.0057179453697410445,-0.03935435828914945,-0.0017187228895620239,0.37839841903656923,-0.22287666881253926,-0.1896632397146545,0.04533273856687758,0.5357389543417699,0.026332105344852332,0.006288885340824741,-0.001910607388739942,-0.15441070662290607,48.227681767327624,44.09448818897638,498,132,-0.43340582060312827,45.66594179396872,36.22047244094488,568,95,-0.03935435828914945,49.606456417108504,55.51181102362205,397,83,-0.10557586426362299,48.94424135736377,44.65691788526434,493,135,-0.39078842227447247,46.09211577725527,35.26434195725534,577,105
"Rodriguez, Luis",693543.0,TRO_AIG,Four-Seam,276,92,27,73,41,9,54,56,9,3,22,10,14,32,4454.7102,0.2534460505807061,0.2934782608695652,0.2644927536231884,0.2195121951219512,0.1666666666666666,79.54839642857142,0.1607142857142857,0.0535714285714285,0.3928571428571428,0.1785714285714285,0.25,0.5714285714285714,0.48273477143492777,-0.001570818946249255,-0.11063255433082406,0.0032455166138490544,0.5169546506968051,0.00750618152811761,-0.24466157455778645,-0.010685104945662207,-0.011777833981612773,0.006937144215169923,-0.16231657975742977,0.038796421943881595,1.1391793254797955,0.055991803026657426,0.840707259308661,-0.25541275032878635,-0.1551916068930222,48.21871863376717,43.98200224971879,499,133,-1.6076577858939807,33.92342214106019,3.0371203599550056,863,256,-0.24466157455778645,47.553384254422134,47.30033745781777,477,113,-0.6675034584400784,43.324965415599216,21.034870641169853,709,221,-1.2775373814414945,37.22462618558505,10.742407199100112,796,218
"Kostura, Brit",1000146015.0,WAS_WIL3,Changeup,86,43,9,15,21,0,24,30,4,1,12,11,8,11,2381.64928,0.241746717169393,0.2093023255813953,0.1744186046511628,0.0,0.0,79.38830933333334,0.1333333333333333,0.0333333333333333,0.4,0.3666666666666666,0.2666666666666666,0.3666666666666666,-0.28149631659043356,0.0009159890141852708,-1.564639976000576,0.0459002783359529,-2.043856604886625,-0.029676797902953796,-1.6071549188860101,-0.07018927677250872,-0.059335368110984416,0.034948531817369816,-0.5061552509529298,0.12097970961701643,0.4202084901238912,0.020653667498079377,0.9193535888090787,-0.27930605575531975,-0.15577395414817846,48.21203448160808,43.869516310461194,500,74,-0.14199223075830822,48.58007769241692,48.762654668166476,458,97,-1.6071549188860101,33.928450811139896,1.968503937007874,873,123,-0.8869228047375506,41.13077195262449,16.366704161979754,746,111,0.403471666957926,54.03471666957926,65.5793025871766,307,64
"Sakurai, Masatoshi",1000429128.0,QUE_CAP,Changeup,158,76,28,41,47,8,38,39,8,0,13,18,9,12,3098.11435,0.2579275609378728,0.3684210526315789,0.2594936708860759,0.1702127659574468,0.2105263157894736,79.43882948717949,0.2051282051282051,0.0,0.3333333333333333,0.4615384615384615,0.2307692307692307,0.3076923076923077,1.163138393822609,-0.0037848523334987694,-0.1913294411097399,0.00561284048439533,-0.05816844452878775,-0.0008446058145579981,0.11388930552858813,0.004973887640350029,-0.044327200605750953,0.02610872115678731,0.3954150440881131,-0.09451091759280854,-0.7639787681093636,-0.03755032043134333,0.1853211801385213,-0.05630187177434374,-0.1562971186650197,48.20602962590756,43.7570303712036,501,75,0.5972626451523819,55.97262645152382,73.11586051743532,243,54,0.11388930552858813,51.138893055285884,60.404949381327334,354,47,-0.4143272896353009,45.85672710364699,31.777277840269967,610,99,0.8876263302715328,58.87626330271533,80.93363329583802,174,42
"Rodriguez, Luis",693543.0,TRO_AIG,Slider,58,30,17,22,22,11,19,11,1,0,4,4,3,4,896.9618,0.2389205001904363,0.5666666666666667,0.3793103448275862,0.5,0.5789473684210527,81.54198181818182,0.0909090909090909,0.0,0.3636363636363636,0.3636363636363636,0.2727272727272727,0.3636363636363636,2.9630050753346535,-0.009641618515138962,1.7427918926910002,-0.05112654296398318,3.789102366164522,0.05501776635670886,3.1257166982541373,0.13650942536285293,0.5804623154521128,-0.34189230380129443,-1.0389013343862732,0.24831508024100388,-0.7639787681093636,-0.03755032043134333,0.5189722749887742,-0.15766740994751452,-0.15803592369870875,48.18607171021849,43.64454443194601,502,132,-0.16560479436233488,48.34395205637665,47.63779527559055,469,106,3.1257166982541373,80.0,99.38132733408324,7,2,-0.9667116579366322,40.33288342063368,14.566929133858267,763,162,0.42834917930210314,54.28349179302103,66.53543307086615,300,59
"Sesar, Jorden",813853.0,SUS_COU1,Four-Seam,611,287,73,162,133,22,157,197,33,6,60,47,35,115,15919.60277,0.232514784524732,0.2543554006968641,0.265139116202946,0.1654135338345864,0.1401273885350318,80.81016634517766,0.1675126903553299,0.0304568527918781,0.3045685279187817,0.2385786802030456,0.1776649746192893,0.583756345177665,0.12753935965731192,-0.00041501307632489296,-0.10019875063927858,0.0029394305487538764,-0.11415589265917861,-0.0016575435614112734,-0.4616191134635546,-0.020160291542293818,0.3630597866471657,-0.21384221433518058,-0.07694502709909051,0.01839116954214332,0.318019741951477,0.015630988336657044,-0.13139331091222675,0.03991820760831087,-0.15919526647934545,48.17276483278118,43.532058492688414,503,134,-1.140072520762026,38.599274792379745,12.03599550056243,783,209,-0.4616191134635546,45.38380886536446,37.232845894263214,559,151,0.28479878056672137,52.847987805667216,60.17997750281214,355,85,-1.378743214835864,36.21256785164136,8.323959505061868,816,232
"Joven, Art",1000048892.0,MIS_MUD,Slider,305,134,47,96,93,21,74,68,13,1,28,27,18,23,5331.12789,0.2529662544263663,0.3507462686567164,0.3147540983606557,0.2258064516129032,0.2837837837837837,78.39893955882353,0.1911764705882352,0.0147058823529411,0.4117647058823529,0.3970588235294117,0.2647058823529412,0.3382352941176471,1.0026694980333302,-0.003262686546600456,0.7007030964126094,-0.02055582603636031,0.5903829304267959,0.008572360149797077,0.7127661809161009,0.031128637419148873,-0.35325029453177365,0.20806442347921467,0.2202149342324475,-0.052635112935436906,-0.24154321300645923,-0.011872090462480478,1.0488887197509411,-0.31865973528137415,-0.15922003021409167,48.172480595893994,43.41957255343082,504,133,0.09482789244678556,50.94827892446786,57.14285714285714,382,88,0.7127661809161009,57.12766180916101,77.44656917885264,201,76,-0.8611087639966722,41.388912360033274,16.985376827896513,739,157,0.6368812680694725,56.368812680694724,73.22834645669292,239,46
"Burcham, Jacob",1000122547.0,GAT_GRI,Sinker,237,104,20,68,49,5,55,69,9,1,27,38,16,15,5479.96026,0.2593415541626664,0.1923076923076923,0.2869198312236287,0.1020408163265306,0.0909090909090909,79.41971391304348,0.1304347826086956,0.0144927536231884,0.391304347826087,0.5507246376811594,0.2318840579710145,0.217391304347826,-0.43579014217005113,0.0014180611226213464,0.25139292855806833,-0.007374862952179493,-0.853456814876187,-0.012392192952002236,-0.8639767310706152,-0.037732455776046975,-0.05000591923090798,0.0294534864270048,-0.5425540516844007,0.12967964177145042,-0.2491147427905568,-0.012244238722898657,0.8236102311563973,-0.2502185534969316,-0.15941111457898244,48.17028733927804,43.30708661417323,505,68,1.2922143498862855,62.92214349886285,89.42632170978627,95,14,-0.8639767310706152,41.36023268929385,20.41619797525309,702,79,-0.4290041689863034,45.70995831013697,30.708661417322837,617,97,1.6289595576515377,66.28959557651538,95.3318335208099,41,5
"Kaminer, Brandon",690510.0,DOW_EAS1,Slider,133,57,9,35,32,6,42,40,6,0,16,14,10,16,3162.32126,0.2361204351036158,0.1578947368421052,0.2631578947368421,0.1875,0.1428571428571428,79.0580315,0.15,0.0,0.4,0.35,0.25,0.4,-0.7482244538008013,0.0024347223726678075,-0.13218029860351388,0.0038776412398326835,0.14350300925755516,0.002083663694419701,-0.4393034808903899,-0.019185700920925995,-0.1574519546326236,0.09273920127861529,-0.29686214674697303,0.07095509972902125,-0.7639787681093636,-0.03755032043134333,0.9193535888090787,-0.27930605575531975,-0.16395174879303231,48.118170170841594,43.194600674915634,506,134,-0.271861330580456,47.28138669419544,43.30708661417323,506,115,-0.4393034808903899,45.6069651910961,37.96400449943757,553,162,-0.6675034584400784,43.324965415599216,21.034870641169853,698,144,0.12981903117197302,51.29819031171973,55.34308211473565,400,82
"Parks, Pavin",682030.0,LAK_ERI24,Cutter,135,67,15,36,40,4,36,43,10,0,17,11,12,20,3335.7607,0.2529828311317634,0.2238805970149253,0.2666666666666666,0.1,0.1111111111111111,77.57583023255813,0.2325581395348837,0.0,0.3953488372093023,0.2558139534883721,0.2790697674418604,0.4651162790697674,-0.14914057618749377,0.0004853034349141047,-0.07554051365815949,0.002216056508675767,-0.8772648106763955,-0.012737885051021263,-0.6988260226671941,-0.030519828887944363,-0.5977737510780603,0.3520887393849775,0.7398688112964851,-0.17684122366965196,-0.7639787681093636,-0.03755032043134333,0.868142025413458,-0.26374762431478643,-0.16660678302618,48.08769582302795,43.082114735658045,507,25,-1.0057727551567814,39.942272448432185,16.70416197975253,741,34,-0.6988260226671941,43.01173977332806,28.346456692913385,639,30,-1.0502116205868328,39.497883794131674,12.598425196850393,778,33,-0.4047582108284909,45.95241789171509,35.09561304836895,578,27
"Galva, Claudio",669996.0,GAT_GRI,Changeup,101,40,8,13,20,1,16,24,2,0,11,10,7,7,1900.32702,0.2510426770716327,0.2,0.1287128712871287,0.05,0.0625,79.1802925,0.0833333333333333,0.0,0.4583333333333333,0.4166666666666667,0.2916666666666667,0.2916666666666667,-0.3659518842761186,0.0011908074314344898,-2.3024374049255365,0.06754430371089554,-1.4605607077815104,-0.02120734147698753,-1.0962199147629261,-0.04787521233744127,-0.12113152748299251,0.07134646968748258,-1.134034563570799,0.2710535392810017,-0.7639787681093636,-0.03755032043134333,1.5616319463958155,-0.4744347167386735,-0.16993247087363134,48.04952374715882,42.96962879640045,508,76,0.24761506870813713,52.47615068708137,62.93588301462317,329,73,-1.0962199147629261,39.03780085237074,10.348706411698538,796,109,-1.216051824183761,37.83948175816239,10.404949381327334,797,114,1.0191900974763175,60.19190097476317,84.98312710911135,133,31
"Hicks, Jackson",703104.0,DOW_EAS1,Slider,116,52,16,28,42,4,32,27,4,0,7,11,5,11,2207.00865,0.2691851962368564,0.3076923076923077,0.2413793103448276,0.0952380952380952,0.125,81.74106111111111,0.1481481481481481,0.0,0.2592592592592592,0.4074074074074074,0.1851851851851851,0.4074074074074074,0.6117837262389335,-0.0019907442451814897,-0.4837375844712348,0.014190925778048145,-0.9328168008768831,-0.013544499948732342,-0.585284910639842,-0.025561147902373817,0.6396033739731328,-0.3767263872701752,-0.3201169361031908,0.07651338971657635,-0.7639787681093636,-0.03755032043134333,-0.630270385050987,0.1914805548711852,-0.17318822943199647,48.012154316111136,42.857142857142854,509,135,0.17546556880694336,51.754655688069434,59.89876265466817,359,80,-0.585284910639842,44.14715089360158,32.8458942632171,601,171,0.18579399938342897,51.85793999383429,56.13048368953881,391,96,0.0690073343306507,50.69007334330651,53.430821147356575,415,86
"Sakurai, Masatoshi",1000429128.0,QUE_CAP,Four-Seam,520,245,40,151,125,24,133,191,39,6,56,65,35,91,15385.23076,0.2391845031798402,0.1632653061224489,0.2903846153846154,0.192,0.1804511278195488,80.55094638743455,0.2041884816753926,0.031413612565445,0.2931937172774869,0.3403141361256545,0.1832460732984293,0.4764397905759162,-0.6994651974838776,0.002276059752612538,0.3073226480397711,-0.009015617202894725,0.19599963999701553,0.0028459147727566653,-0.13197415510206864,-0.005763707275772643,0.2860525677389317,-0.16848496239823074,0.3836143857760573,-0.09169035964503588,0.3520092239429186,0.017301605366018394,-0.2566355057102434,0.07796766308331192,-0.17456340354723449,47.99637013759891,42.744656917885266,510,135,-0.34733499592212286,46.52665004077877,40.15748031496063,533,81,-0.13197415510206864,48.680258448979316,52.08098987626547,427,97,0.21132271913880601,52.11322719138806,56.91788526434196,384,92,-0.4977194739287961,45.02280526071204,30.821147356580425,616,122
"Turner, Eric",1000080978.0,JOL_SLA,Slider,221,101,20,56,62,11,57,70,16,3,21,23,13,34,5615.64873,0.2478068108332084,0.198019801980198,0.253393665158371,0.1774193548387097,0.1929824561403508,80.22355328571429,0.2285714285714285,0.0428571428571428,0.3,0.3285714285714285,0.1857142857142857,0.4857142857142857,-0.38393004967455685,0.001249308381641008,-0.28979779969579256,0.00850150825187577,0.025903030002491806,0.000376111995636181,-0.02953104650596156,-0.001289709394054859,0.18879295674014185,-0.11119905151994354,0.6898053445096779,-0.16487520402866968,0.7585477067619637,0.03728337833505728,-0.1816950241967571,0.05520022021614418,-0.17475343776231367,47.99418893454905,42.63217097862767,511,136,-0.43883588749464675,45.61164112505353,36.107986501687286,569,129,-0.02953104650596156,49.704689534940385,56.2992125984252,390,140,0.17882830585017492,51.78828305850175,55.399325084364456,398,97,-0.5738591751347608,44.261408248652394,28.346456692913385,639,139
"Peters, Garrett",833402.0,NEW_YOR13,Changeup,523,266,61,167,144,29,152,172,34,5,62,56,40,76,13642.34005,0.2507394250819606,0.2293233082706766,0.3193116634799235,0.2013888888888889,0.1907894736842105,79.31593052325582,0.1976744186046511,0.0290697674418604,0.3604651162790697,0.3255813953488372,0.2325581395348837,0.4418604651162791,-0.09972634478571603,0.00032450952593271996,0.7742728562580967,-0.022714068511187527,0.3055296473423093,0.004436290479410331,-0.047458590510279904,-0.002072659023355454,-0.08083714953431485,0.047613081075711446,0.3018134769119247,-0.07213855181105751,0.26874267802428764,0.013208971367571761,0.4840552999463054,-0.1470593885107872,-0.17840181540776143,47.95231304160017,42.51968503937008,512,77,-0.462134662878022,45.378653371219784,35.714285714285715,572,111,-0.047458590510279904,49.5254140948972,55.23059617547806,399,55,-0.43787856115202484,45.62121438847975,30.08998875140607,622,101,-0.21383776725689696,47.86162232743103,42.069741282339706,516,100
"Kaftan, Eddie",1000557510.0,FLO_Y'A,Slider,62,32,13,20,24,7,18,16,2,0,9,4,5,7,1230.35013,0.2336294027732436,0.40625,0.3225806451612903,0.2916666666666667,0.3888888888888889,76.896883125,0.125,0.0,0.5625,0.25,0.3125,0.4375,1.5065864055049407,-0.004902432163513077,0.8270418657936293,-0.02426210017492191,1.358702794893211,0.019728364581849425,1.5719962178798466,0.06865379082346654,-0.7994705223994049,0.47088813769324944,-0.6108018030559076,0.14599201456101388,-0.7639787681093636,-0.03755032043134333,2.708557584943561,-0.8228787542089484,-0.1843312993191475,47.88425472701613,42.407199100112486,513,137,-1.051075929513345,39.489240704866546,14.848143982002249,756,161,1.5719962178798466,65.71996217879847,91.50731158605174,76,30,-1.4903260070556021,35.09673992944398,6.805399325084364,829,176,-0.1780401840872229,48.21959815912777,44.37570303712036,494,111
"Galva, Claudio",669996.0,GAT_GRI,Four-Seam,130,60,4,27,20,2,40,56,11,0,19,21,13,22,4448.56746,0.2521469706357681,0.0666666666666666,0.2076923076923077,0.1,0.05,79.43870464285715,0.1964285714285714,0.0,0.3392857142857143,0.375,0.2321428571428571,0.3928571428571428,-1.5764816877709456,0.0051298714120066565,-1.02752459139355,0.030143461413121183,-0.8772648106763955,-0.012737885051021263,-1.1984069155875428,-0.05233802522445475,-0.044364288467904134,0.026130565907595535,0.28616864354104804,-0.06839917067325069,-0.7639787681093636,-0.03755032043134333,0.2508597880555357,-0.07621295962978814,-0.1858344622771348,47.86700149908016,42.29471316085489,514,136,-0.0770576808472335,49.229423191527665,51.34983127109112,431,49,-1.1984069155875428,38.01593084412457,6.917885264341956,826,251,-0.43241130169278524,45.67588698307215,30.371203599550057,619,182,0.1884588816975349,51.88458881697535,57.98650168728909,374,41
"Gorgen, Grady",1000138303.0,NEW_YOR13,Changeup,73,29,5,17,6,1,10,18,2,0,6,8,4,6,1460.18285,0.2683558074530103,0.1724137931034483,0.2328767123287671,0.1666666666666666,0.1,81.12126944444444,0.1111111111111111,0.0,0.3333333333333333,0.4444444444444444,0.2222222222222222,0.3333333333333333,-0.6164063263784965,0.0020057861860356273,-0.6209894015565786,0.01821734508406379,-0.09953694786957673,-0.0014452764830662542,-0.7896589122890756,-0.034486773676400795,0.45548007973280874,-0.26827776696262434,-0.785212723227538,0.18767918946767645,-0.7639787681093636,-0.03755032043134333,0.1853211801385213,-0.05630187177434374,-0.1901596885900026,47.8173567715714,42.1822272215973,515,78,0.46406356841171714,54.64063568411717,69.46006749156356,275,64,-0.7896589122890756,42.10341087710924,24.521934758155233,671,93,-0.30180454794428985,46.9819545205571,36.895388076490434,562,92,0.6771243027438776,56.77124302743878,74.29696287964005,230,53
"Simpson, Garret",1000073158.0,EVA_OTT,Four-Seam,370,184,15,68,100,9,94,126,24,3,42,49,23,54,10089.08621,0.248492038853612,0.0815217391304347,0.1837837837837838,0.09,0.0957446808510638,80.07211277777778,0.1904761904761904,0.0238095238095238,0.3333333333333333,0.3888888888888889,0.1825396825396825,0.4285714285714285,-1.441612878142446,0.004691008305475519,-1.4134640823673574,0.0414653823203288,-0.9939239900974186,-0.014431776336214518,-0.8244459763995837,-0.03600602912729902,0.14380408918620805,-0.08470060853067653,0.2114211063246346,-0.05053323857039519,0.08186927348581903,0.004023956661101491,0.1853211801385213,-0.05630187177434374,-0.19179317705202317,47.798607674132384,42.069741282339706,516,137,0.03116656900455671,50.311665690045565,55.28683914510686,400,37,-0.8244459763995837,41.755540236004165,23.059617547806525,685,198,0.2206224670496938,52.20622467049694,57.36782902137233,380,89,-0.1047403709302708,48.952596290697294,46.737907761529804,477,66
"Smith, Ethan",680733.0,WIN_CIT29,Slider,58,19,4,19,11,3,14,12,3,0,4,6,3,3,945.96388,0.2810027339165112,0.2105263157894736,0.3275862068965517,0.2727272727272727,0.2142857142857142,78.83032333333334,0.25,0.0,0.3333333333333333,0.5,0.25,0.25,-0.27038374189494907,0.0008798286961261642,0.907843338755162,-0.026632492185721432,1.1377573793230913,0.016520237147771285,0.14462223810742025,0.006316087004865364,-0.22509787507162546,0.1325826484171874,0.9588964784887655,-0.22919255959894927,-0.7639787681093636,-0.03755032043134333,0.1853211801385213,-0.05630187177434374,-0.19337844272440755,47.780412075418774,41.95725534308212,517,138,0.896960567818878,58.96960567818878,81.55230596175478,176,31,0.14462223810742025,51.4462223810742,61.30483689538808,347,126,-0.6675034584400784,43.324965415599216,21.034870641169853,712,146,1.3612558922087576,63.61255892208757,91.00112485939258,84,13
"Perozzi, John",1000377762.0,SUS_COU1,Four-Seam,218,99,19,54,38,5,54,69,13,1,20,12,12,45,5569.40487,0.2079006612683728,0.1919191919191919,0.2477064220183486,0.131578947368421,0.0925925925925925,80.71601260869565,0.1884057971014492,0.0144927536231884,0.2898550724637681,0.1739130434782608,0.1739130434782608,0.6521739130434783,-0.4393173269121689,0.0014295385817721976,-0.3816032047848942,0.011194711615569656,-0.5088674019784292,-0.007388754676726792,-0.8502141720369975,-0.03713140353537179,0.33508926516639354,-0.1973675771830058,0.1854219629450125,-0.04431900131722805,-0.2491147427905568,-0.012244238722898657,-0.2933956081248851,0.08913563951759695,-0.19669108572029226,47.74238972769208,41.84476940382452,518,138,-1.6439566026144568,33.56043397385543,2.530933633295838,868,259,-0.8502141720369975,41.49785827963002,21.484814398200225,699,206,0.33419355726577743,53.341935572657775,64.1732283464567,322,69,-1.9404226482521862,30.595773517478136,2.418447694038245,869,266
"Lovell, Justin",822485.0,WIN_CIT29,Cutter,61,27,11,19,20,5,19,13,4,1,5,6,3,4,1011.23108,0.2353351965380195,0.4074074074074074,0.3114754098360656,0.25,0.2631578947368421,77.78700615384615,0.3076923076923077,0.0769230769230769,0.3846153846153846,0.4615384615384615,0.2307692307692307,0.3076923076923077,1.5170944767158332,-0.004936625427233321,0.6477773957259668,-0.019003197681016964,0.8726228806389486,0.012670484226877533,0.5441503616322385,0.023764678743564752,-0.5350391123551805,0.3151380371772013,1.683372608432461,-0.40235467074970155,1.968761058582765,0.09676657479040149,0.749961494500488,-0.22784355175970974,-0.20579827067961654,47.63785792219268,41.732283464566926,519,26,0.5972626451523819,55.97262645152382,73.11586051743532,239,14,0.5441503616322385,55.441503616322386,73.5095613048369,236,7,-0.4143272896353009,45.85672710364699,31.777277840269967,606,28,0.8876263302715328,58.87626330271533,80.93363329583802,167,9
"Eldred, Zach",1000227712.0,NEW_ENG23,Four-Seam,556,266,33,109,126,17,157,203,43,6,55,70,35,98,16457.76643,0.2463901697510764,0.1240601503759398,0.1960431654676259,0.1349206349206349,0.10828025477707,81.07274103448276,0.2118226600985221,0.0295566502463054,0.270935960591133,0.3448275862068966,0.1724137931034483,0.4827586206896552,-1.0554077685974206,0.0034342968790160066,-1.2155689908586425,0.035659931915829134,-0.4698835492061568,-0.006822709134473397,-0.7219681601504765,-0.03153051545825176,0.44106360531577815,-0.25978646353099333,0.4794812397903916,-0.11460416749098003,0.286039490422587,0.014059126993760572,-0.5017042269915564,0.15242125608962376,-0.20716924373646906,47.62212196321481,41.61979752530934,520,139,-0.3121655339735361,46.87834466026464,41.22609673790777,524,79,-0.7219681601504765,42.78031839849523,27.559055118110237,645,183,0.35393142949643375,53.539314294964335,64.84814398200226,312,66,-0.549594409400046,44.504055905999536,29.133858267716533,631,131
"Vailes, Gage",1000050773.0,GAT_GRI,Sinker,387,177,25,101,68,14,112,128,23,1,39,63,29,36,10328.48669,0.26465273199736,0.1412429378531073,0.2609819121447028,0.2058823529411764,0.125,80.691302265625,0.1796875,0.0078125,0.3046875,0.4921875,0.2265625,0.28125,-0.8994056959857036,0.0029266661347374795,-0.16730574663164172,0.0049080813831858415,0.3579500302520819,0.005197434439260229,-0.585284910639842,-0.025561147902373817,0.32774849243150644,-0.1930438620421573,0.07594119511988687,-0.01815123663397,-0.4864348794609442,-0.02390876076038487,-0.1300833704621084,0.039520238529981766,-0.20811258685172065,47.61129431894459,41.50731158605174,521,69,0.836084427277246,58.36084427277246,79.41507311586051,184,34,-0.585284910639842,44.14715089360158,32.8458942632171,606,56,-0.35894500270925694,46.41054997290743,34.983127109111365,579,91,1.1047065461594276,61.04706546159427,86.72665916760405,119,22
"Almonte, Lisandro",1000570068.0,NEW_JER6,Slider,57,18,3,14,27,6,13,12,3,0,3,2,3,7,974.40673,0.2410987663674567,0.1666666666666666,0.2456140350877192,0.2222222222222222,0.4615384615384615,81.20056083333334,0.25,0.0,0.25,0.1666666666666666,0.25,0.5833333333333334,-0.6685843351498258,0.0021755734265775334,-0.41537922333029076,0.01218556489561741,0.5485696044694403,0.007965230656896272,2.1659035730998415,0.09459150674798937,0.4790354008387432,-0.28215185109401975,0.9588964784887655,-0.22919255959894927,-0.7639787681093636,-0.03755032043134333,-0.7322193306996747,0.22245335820187606,-0.20952349719535568,47.59509996182143,41.39482564679415,522,139,-1.7004214286240864,32.99578571375913,2.1372328458942635,869,188,2.1659035730998415,71.65903573099841,96.962879640045,26,9,-0.6675034584400784,43.324965415599216,21.034870641169853,689,142,-1.3752704656507637,36.24729534349236,8.661417322834646,811,170
"Cook, Cole",1000161363.0,SCH_BOO,Sinker,131,53,8,42,18,2,30,41,8,1,14,15,7,19,3261.34986,0.2318773163490194,0.1509433962264151,0.3206106870229007,0.1111111111111111,0.0666666666666666,79.54511853658536,0.1951219512195122,0.024390243902439,0.3414634146341463,0.3658536585365853,0.1707317073170731,0.4634146341463415,-0.8113354912223284,0.0026400856884374567,0.7952421342803532,-0.023329223251248442,-0.7476435002085924,-0.010855783623028761,-1.062157581154721,-0.046387608041770126,-0.012751606788018907,0.007510696398143136,0.269760647566714,-0.06447738069945327,0.1024997135247254,0.005037963419453778,0.2748373275373696,-0.08349750396714564,-0.21335875407661187,47.551079078514206,41.28233970753656,523,70,-0.14832730879841288,48.51672691201587,48.31271091113611,460,97,-1.062157581154721,39.37842418845279,12.429696287964004,773,109,0.3760763593161966,53.76076359316197,65.41057367829022,308,47,-0.39078842227447247,46.09211577725527,35.26434195725534,576,116
"Conklin, MacCallan",1000187772.0,TRO_AIG,Slider,62,29,7,18,14,1,13,16,4,1,5,8,2,6,1273.73525,0.233537882461238,0.2413793103448276,0.2903225806451613,0.0714285714285714,0.0769230769230769,79.608453125,0.25,0.0625,0.3125,0.5,0.125,0.375,0.009729778877448192,-3.1660700467216414e-05,0.30632126226375206,-0.008986240549769431,-1.2105767518793187,-0.017577574437287708,-0.9783118368883684,-0.04272581285242571,0.0060633816757240154,-0.003571331807001445,0.9588964784887655,-0.22919255959894927,1.4563723410779916,0.07158215693632437,-0.04406394757102753,0.013386935719711161,-0.21711608728986526,47.507952599102794,41.16985376827896,524,140,0.896960567818878,58.96960567818878,81.55230596175478,156,28,-0.9783118368883684,40.216881631116316,15.860517435320585,748,185,0.9781416387909692,59.781416387909694,86.22047244094489,121,33,0.3350585080114373,53.35058508011437,63.77952755905512,322,64
"Majick, Eli",828663.0,NEW_ENG23,Changeup,150,62,8,33,30,3,43,44,10,1,9,26,6,12,3603.48436,0.2553987339337853,0.1290322580645161,0.22,0.1,0.0697674418604651,81.89737181818181,0.2272727272727272,0.0227272727272727,0.2045454545454545,0.5909090909090909,0.1363636363636363,0.2727272727272727,-1.0102661345233652,0.0032874060017390305,-0.8288496534313815,0.024315133433063008,-0.8772648106763955,-0.012737885051021263,-1.0368088677718699,-0.045280553682200866,0.6860390456007901,-0.40407699785886536,0.6734967909351878,-0.1609771824789558,0.04342163523149186,0.0021342167932630563,-1.2326959729750548,0.3745016654616325,-0.21883419738134563,47.488232218907235,41.05736782902137,525,79,1.6053374759396866,66.05337475939686,93.08211473565804,63,18,-1.0368088677718699,39.6319113222813,13.948256467941508,765,104,0.8285375390426929,58.28537539042693,82.7896512935883,155,30,1.174674549627427,61.74674549627427,87.79527559055119,110,27
"Parsons, Billy",698892.0,SUS_COU1,Four-Seam,347,172,41,98,91,18,95,117,26,3,36,36,22,59,9383.29293,0.2259828281132739,0.2383720930232558,0.2824207492795389,0.1978021978021978,0.1894736842105263,80.19908487179487,0.2222222222222222,0.0256410256410256,0.3076923076923077,0.3076923076923077,0.188034188034188,0.5042735042735043,-0.017572667572665956,5.718146028145502e-05,0.17876722393510758,-0.005244315281360316,0.2636876034413012,0.0038287440019676936,-0.05821511691287118,-0.0025424288009358227,0.18152405459450732,-0.10691766815616481,0.6100746381455046,-0.14581820978562407,0.14693450745467804,0.00722197797590488,-0.09699897704246174,0.029468968218339175,-0.2199457503675918,47.47547387029792,40.94488188976378,526,140,-0.6015290455136011,43.98470954486399,29.527559055118108,629,126,-0.05821511691287118,49.417848830871286,54.780652418447694,403,86,0.14828641881975754,51.482864188197574,54.386951631046124,407,99,-0.7262225474404923,42.73777452559508,22.38470191226097,691,153
"Cihocki, Danny",1000368111.0,NIU_HUS,Four-Seam,55,26,3,12,16,1,15,21,5,1,7,8,5,8,1668.94441,0.2173138870553918,0.1153846153846153,0.2181818181818181,0.0625,0.0666666666666666,79.47354333333334,0.238095238095238,0.0476190476190476,0.3333333333333333,0.3809523809523809,0.238095238095238,0.3809523809523809,-1.1341727211093746,0.003690598034489905,-0.8581993601757943,0.025176136430117103,-1.3147367335052316,-0.01908997737049596,-1.062157581154721,-0.046387608041770126,-0.03401465841883577,0.020034633808694267,0.8094014040559382,-0.19346069539323818,0.9277173150810016,0.04559823375354631,0.1853211801385213,-0.05630187177434374,-0.22074055055300043,47.466351194217104,40.83239595050618,527,141,-0.03067585948218117,49.693241405178185,52.98087739032621,418,43,-1.062157581154721,39.37842418845279,12.429696287964004,772,233,-0.5107753539418821,44.89224646058118,27.221597300337457,646,193,0.2861919659068036,52.861919659068036,62.09223847019123,338,33
"Hampton, Ky",673132.0,OTT_TIT,Changeup,228,120,32,59,82,14,64,67,16,2,11,47,7,13,5549.72048,0.2611984517005169,0.2666666666666666,0.2587719298245614,0.1707317073170731,0.21875,82.83164895522388,0.2388059701492537,0.0298507462686567,0.1641791044776119,0.7014925373134329,0.1044776119402985,0.1940298507462686,0.23931301747129394,-0.0007787245588515905,-0.202980029785208,0.005954622153778862,-0.052114517210624385,-0.0007567027898982661,0.18111759554478418,0.00790994875022736,0.9635874436468067,-0.5675530043079691,0.8183264831265555,-0.19559394101745994,0.29648743329355165,0.014572653833811356,-1.677149110518116,0.5095296398191772,-0.2267155081171841,47.39777093536039,40.719910011248594,528,80,2.4670198343254457,74.67019834325446,98.5376827896513,14,3,0.18111759554478418,51.811175955447844,62.09223847019123,338,41,1.2483221771423352,62.48322177142335,90.43869516310461,86,19,1.82074725826726,68.20747258267261,96.73790776152981,30,8
"Perdomo, Rafael",1000557553.0,QUE_CAP,Slider,87,47,23,35,29,6,21,19,1,1,7,4,4,11,1559.84471,0.2596384492649167,0.4893617021276595,0.4022988505747126,0.2068965517241379,0.2857142857142857,82.09709000000001,0.0526315789473684,0.0526315789473684,0.3684210526315789,0.2105263157894736,0.2105263157894736,0.5789473684210527,2.261155348840312,-0.0073577995051263756,2.1138801388847055,-0.06201278775432172,0.3697815900310907,0.0053692286872514365,0.7285479571052313,0.03181787493065676,0.7453699006828275,-0.4390228715021854,-1.5195744923712449,0.36320413644309785,1.1057905869957767,0.05435071314142942,0.5716540268072354,-0.17367249492222578,-0.2273240004814238,47.39078669096977,40.607424071991,529,141,-1.3586606396184335,36.41339360381566,7.480314960629922,824,179,0.7285479571052313,57.28547957105231,78.45894263217097,194,74,-0.14782605931448317,48.52173940685517,42.68841394825647,516,122,-1.3392635398894541,36.60736460110546,9.786276715410573,804,169
"Baker, Luke",694914.0,EVA_OTT,Curveball,59,22,6,23,19,4,13,11,2,0,2,4,1,6,913.59812,0.2438223772216356,0.2727272727272727,0.3898305084745763,0.2105263157894736,0.3076923076923077,83.05437454545455,0.1818181818181818,0.0,0.1818181818181818,0.3636363636363636,0.0909090909090909,0.5454545454545454,0.29433709944833186,-0.0009577729216048719,1.9126119375593067,-0.056108383800239824,0.41212611976648844,0.0059840712590094125,0.9082174091045578,0.03966457890782335,1.029753175763605,-0.6065246205247633,0.10269741582803442,-0.024546428238969305,-0.7639787681093636,-0.03755032043134333,-1.4829342941127446,0.45052581909151057,-0.22951305665857735,47.36566081556925,40.49493813273341,530,60,-0.16560479436233488,48.34395205637665,47.63779527559055,462,73,0.9082174091045578,59.08217409104558,82.95838020247469,150,42,1.4269539380358005,64.269539380358,93.53205849268842,55,7,-1.0643015613485447,39.356984386514554,15.016872890888639,755,92
"Boies, Emiles",1000429129.0,QUE_CAP,Four-Seam,101,51,14,36,25,5,26,34,5,0,14,5,8,21,2689.94365,0.2385439747782478,0.2745098039215686,0.3564356435643564,0.2,0.1923076923076923,79.11598970588236,0.1470588235294117,0.0,0.4117647058823529,0.1470588235294117,0.2352941176470588,0.6176470588235294,0.31052065297098985,-0.001010434204767601,1.3735407170230056,-0.04029419047458689,0.28932698353383396,0.004201027800911269,-0.035047213891905384,-0.0015306169723011836,-0.14023414360152145,0.08259791058129613,-0.3337962239597898,0.07978297206219709,-0.7639787681093636,-0.03755032043134333,1.0488887197509411,-0.31865973528137415,-0.23246338691996865,47.33179707497101,40.382452193475814,531,142,-1.8532086048854373,31.467913951145626,0.8998875140607425,882,270,-0.035047213891905384,49.64952786108095,55.90551181102362,391,82,-0.47389815288348414,45.26101847116516,28.45894263217098,633,189,-1.6569717083715967,33.43028291628403,4.611923509561304,849,252
"Matos, Dwayne",684228.0,OTT_TIT,Slider,143,53,16,32,56,5,25,27,7,3,9,16,2,9,2161.74485,0.260028821710014,0.3018867924528302,0.2237762237762237,0.0892857142857142,0.2,80.06462407407408,0.2592592592592592,0.1111111111111111,0.3333333333333333,0.5925925925925926,0.074074074074074,0.3333333333333333,0.5590756070737013,-0.001819232025417824,-0.7678925701929902,0.02252689643918156,-1.0022567886274927,-0.014552768570871193,0.027837094307859044,0.0012157294197071278,0.1415793984236965,-0.08339026567155723,1.0751704252698515,-0.2569840095367241,3.1833120926681566,0.15646297266673256,0.1853211801385213,-0.05630187177434374,-0.23284254905329282,47.32744507130023,40.26996625421822,532,142,1.618455566830812,66.18455566830812,93.30708661417323,61,13,0.027837094307859044,50.27837094307859,58.21147356580427,373,134,1.6485896413665821,66.48589641366581,95.05061867266592,45,13,0.6771243027438776,56.77124302743878,74.29696287964005,233,44
"Webster, Evan",804248.0,FLO_Y'A,Changeup,182,87,21,42,49,6,51,55,13,2,16,22,11,22,4421.17925,0.2477965945079037,0.2413793103448276,0.2307692307692307,0.1224489795918367,0.1176470588235294,80.38507727272727,0.2363636363636363,0.0363636363636363,0.2909090909090909,0.4,0.2,0.4,0.009729778877448192,-3.1660700467216414e-05,-0.655009082714485,0.019215346450512132,-0.6153768568740996,-0.008935271961811927,-0.6453949111249109,-0.02818633195355823,0.2367773524446045,-0.13946186058987203,0.7876566659566185,-0.1882633333269531,0.5278618772360044,0.025944939128026853,-0.28179035265183305,0.08560988166809544,-0.2341082912860281,47.31291694636639,40.15748031496063,533,81,0.11774596888598897,51.17745968885989,58.21147356580427,380,81,-0.6453949111249109,43.54605088875089,30.25871766029246,623,89,-0.009245419547659513,49.9075458045234,48.59392575928009,472,78,0.12981903117197302,51.29819031171973,55.34308211473565,406,82
"Brothers, Kellen",1000131959.0,SUS_COU1,Slider,74,40,10,25,21,1,21,26,8,0,7,13,3,10,2047.13124,0.2200254020570599,0.25,0.3378378378378378,0.0476190476190476,0.0476190476190476,78.73581692307692,0.3076923076923077,0.0,0.2692307692307692,0.5,0.1153846153846153,0.3846153846153846,0.08799679203444118,-0.0002863415612800716,1.0733286377334352,-0.031487168916548056,-1.488336702881754,-0.02161064892584307,-1.2178711062208034,-0.053188084821981146,-0.25317316636559006,0.14911899498933254,1.683372608432461,-0.40235467074970155,-0.7639787681093636,-0.03755032043134333,-0.5204792128139373,0.15812522820736383,-0.23923301221000084,47.25409566039757,40.044994375703034,534,143,0.896960567818878,58.96960567818878,81.55230596175478,153,27,-1.2178711062208034,37.82128893779196,6.130483689538808,834,187,1.1047297231933586,61.047297231933584,88.92013498312711,98,26,0.2561202476885668,52.56120247688567,60.798650168728905,346,71
"Thompson, Ross",1000103401.0,SCH_BOO,Changeup,85,40,19,27,29,10,22,14,3,0,4,4,3,7,1136.20926,0.2544459798888284,0.475,0.3176470588235294,0.3448275862068966,0.4545454545454545,81.15780428571429,0.2142857142857142,0.0,0.2857142857142857,0.2857142857142857,0.2142857142857142,0.5,2.1307658354319603,-0.006933512028495598,0.7474022440772948,-0.021925792232251523,1.9788737199762354,0.028733246414054937,2.1087360201909644,0.09209482820979999,0.46633359017984555,-0.274670484615929,0.5104112551902862,-0.12199696698181664,-0.7639787681093636,-0.03755032043134333,-0.33898768319759076,0.10298683106921046,-0.23926217059677068,47.25376098191809,39.932508436445445,535,82,-0.7727850013230275,42.272149986769726,23.28458942632171,685,124,2.1087360201909644,71.08736020190965,96.34420697412823,34,4,-0.1973191449454921,48.02680855054508,40.382452193475814,534,87,-0.6911388761858831,43.08861123814117,24.634420697412825,683,117
"Scott, Brandon",1000138331.0,LAK_ERI24,Changeup,242,109,23,59,70,12,70,65,13,1,18,38,12,15,5279.55691,0.2780722511308385,0.2110091743119266,0.2438016528925619,0.1714285714285714,0.1714285714285714,81.22395246153846,0.2,0.0153846153846153,0.2769230769230769,0.5846153846153846,0.1846153846153846,0.2307692307692307,-0.2659998821526928,0.0008655636165248625,-0.4446353105954534,0.013043821471628221,-0.04398495766908917,-0.0006386615853551747,-0.20573319329126544,-0.008984985750609435,0.4859844191531304,-0.2862448228811938,0.33101716587089636,-0.07911872993496404,-0.2174308027709407,-0.010686941386994506,-0.4357831656596425,0.132393976209559,-0.23937078024140485,47.252514365944116,39.82002249718785,536,83,1.5562959976851691,65.56295997685169,92.68841394825647,66,19,-0.20573319329126544,47.94266806708735,48.706411698537686,457,65,0.19329551549616208,51.93295515496162,56.69291338582677,386,66,1.5191324128544998,65.191324128545,93.36332958380203,62,15
"Wiltse, Ryan",813813.0,EVA_OTT,Cutter,52,21,7,11,14,2,13,13,3,0,3,7,1,5,1058.94804,0.2463094216398191,0.3333333333333333,0.2115384615384615,0.1428571428571428,0.1538461538461538,81.45754153846154,0.2307692307692307,0.0,0.2307692307692307,0.5384615384615384,0.0769230769230769,0.3846153846153846,0.8445779192187074,-0.002748256549137674,-0.965438673280373,0.028322108919353023,-0.3772968988720123,-0.005478350971621618,-0.3494687548907266,-0.015262348932342702,0.5553773985278675,-0.32711728773291393,0.7174044351741995,-0.17147185588203165,-0.7639787681093636,-0.03755032043134333,-0.943959448585413,0.28678148819638855,-0.24452482338364928,47.19335652104617,39.707536557930254,537,27,1.1966584904853736,61.96658490485373,87.570303712036,115,7,-0.3494687548907266,46.505312451092735,41.676040494938135,526,22,1.6110820608029108,66.11082060802912,94.76940382452193,49,5,0.2561202476885668,52.56120247688567,60.798650168728905,355,21
"Bargo, Casey",1000057987.0,FLO_Y'A,Four-Seam,189,81,17,51,48,5,40,57,5,0,26,14,17,26,4524.62623,0.2549608698161772,0.2098765432098765,0.2698412698412698,0.1041666666666666,0.125,79.37940754385964,0.087719298245614,0.0,0.4561403508771929,0.2456140350877192,0.2982456140350877,0.4561403508771929,-0.27628300994316896,0.0008990249143550718,-0.02429499394569462,0.0007127179423908974,-0.8286568192509701,-0.012032097015524086,-0.585284910639842,-0.025561147902373817,-0.061979848330193946,0.036506130666484234,-1.078957430885021,0.2578891682578451,-0.7639787681093636,-0.03755032043134333,1.5374861434790201,-0.46709905279193065,-0.24623557636009658,47.17372058544256,39.595050618672666,538,143,-1.085252008413911,39.14747991586089,13.385826771653544,771,201,-0.585284910639842,44.14715089360158,32.8458942632171,590,164,-1.3026647240380262,36.973352759619736,9.223847019122609,808,251,-0.3310696185727876,46.68930381427212,37.570303712035994,556,98
"Puccetti, Dominic",1000266076.0,OTT_TIT,Four-Seam,327,143,34,87,70,12,82,93,15,3,29,22,20,51,7563.17972,0.2273267671998937,0.2377622377622377,0.2660550458715596,0.1714285714285714,0.1463414634146341,81.32451311827957,0.1612903225806451,0.032258064516129,0.3118279569892473,0.2365591397849462,0.2150537634408602,0.5483870967741935,-0.0231095273422698,7.519840197174594e-05,-0.08541350369450548,0.002505690544382013,-0.04398495766908917,-0.0006386615853551747,-0.4108192994758623,-0.017941711266009335,0.5158582628750423,-0.3038405168333999,-0.1550829471235839,0.03706746077263765,0.3820089011486249,0.018776119500356063,-0.05146346781972266,0.01563496176790648,-0.24836145869751045,47.14931981615966,39.48256467941507,539,144,-1.1558090745312068,38.44190925468793,11.473565804274466,788,212,-0.4108192994758623,45.891807005241375,39.14510686164229,542,142,-0.2074306355582798,47.9256936444172,39.707536557930254,537,148,-1.088376573294523,39.11623426705477,14.566929133858267,760,194
"Garcia, Andrew",1000190083.0,EVA_OTT,Four-Seam,246,90,22,54,87,10,56,53,8,1,22,14,12,27,4216.1389,0.2508397487124234,0.2444444444444444,0.2195121951219512,0.1149425287356321,0.1785714285714285,79.54979056603773,0.1509433962264151,0.0188679245283018,0.4150943396226415,0.2641509433962264,0.2264150943396226,0.5094339622641509,0.03755805022215642,-0.000122213895422897,-0.8367239649969557,0.024546134237150692,-0.702946496599006,-0.010206783130617568,-0.14734062139148482,-0.006434806958030316,-0.011363673552027305,0.006693203722144082,-0.28501536726361704,0.06812351803724795,-0.09368409363771231,-0.0046046668863871975,1.0855496058665626,-0.32979756910950275,-0.251803183983418,47.10981586847707,39.37007874015748,540,145,-0.9408097126832191,40.59190287316781,18.785151856017997,723,172,-0.14734062139148482,48.52659378608515,51.6872890888639,430,98,-0.3570043834908235,46.42995616509177,35.09561304836895,578,171,-0.7685877353705866,42.31412264629414,22.04724409448819,694,156
"Esposito, Michael",1000059095.0,NEW_ENG23,Four-Seam,139,60,14,44,47,8,33,39,7,0,12,7,10,22,3153.3632,0.2492327971439022,0.2333333333333333,0.316546762589928,0.1702127659574468,0.2424242424242424,80.85546666666666,0.1794871794871795,0.0,0.3076923076923077,0.1794871794871795,0.2564102564102564,0.5641025641025641,-0.06331943340241233,0.00020604143629144973,0.7296408895937948,-0.021404745137123565,-0.05816844452878775,-0.0008446058145579981,0.37465358195504317,0.016362245884722598,0.37651728353084873,-0.2217686799996699,0.07342565300202682,-0.017549979303585445,-0.7639787681093636,-0.03755032043134333,-0.09699897704246174,0.029468968218339175,-0.253081075146927,47.09514829873407,39.257592800899886,541,146,-1.6005221210685874,33.994778789314125,3.149606299212598,862,255,0.37465358195504317,53.74653581955043,68.6726659167604,280,47,-0.7518955147083369,42.48104485291663,18.616422947131607,725,226,-1.2173939450050217,37.82606054994979,11.923509561304838,784,208
"Gollert, Harley",8890793.0,QUE_CAP,Four-Seam,81,37,9,22,22,2,17,26,5,2,8,6,5,15,2111.27531,0.2467072790006537,0.2432432432432432,0.2716049382716049,0.0909090909090909,0.1176470588235294,81.20289653846154,0.1923076923076923,0.0769230769230769,0.3076923076923077,0.2307692307692307,0.1923076923076923,0.5769230769230769,0.02665237631679757,-8.672683253485929e-05,0.004174739227896573,-0.0001224701499895739,-0.983318610150053,-0.01427778621937877,-0.6453949111249109,-0.02818633195355823,0.47972927548357625,-0.2825605432598264,0.23442034854507,-0.056030448448197,1.968761058582765,0.09676657479040149,-0.09699897704246174,0.029468968218339175,-0.2550287638547441,47.07279282686342,39.14510686164229,542,147,-1.2009248908465935,37.990751091534065,10.517435320584926,795,216,-0.6453949111249109,43.54605088875089,30.25871766029246,622,176,0.09202504797425147,50.92025047974251,52.30596175478065,423,107,-1.3226449587688491,36.77355041231151,10.123734533183352,800,221
"Snyder, Jack",801389.0,SCH_BOO,Slider,68,32,8,19,16,2,21,23,4,0,9,11,3,9,1820.26552,0.233358400319412,0.25,0.2794117647058823,0.125,0.0952380952380952,79.14197913043478,0.1739130434782608,0.0,0.391304347826087,0.4782608695652174,0.1304347826086956,0.391304347826087,0.08799679203444118,-0.0002863415612800716,0.1301951757757041,-0.0038194056765560556,-0.5856168621238382,-0.008503156838038132,-0.8285872935555966,-0.03618689287145357,-0.13251339044951815,0.07805038697476618,0.0034279592876593668,-0.0008193405450584789,-0.7639787681093636,-0.03755032043134333,0.8236102311563973,-0.2502185534969316,-0.2593336244458951,47.02338185607211,39.0326209223847,543,144,0.7275660897899892,57.27566089789989,77.50281214848144,202,42,-0.8285872935555966,41.714127064444035,22.55343082114736,690,181,0.9065918519548374,59.065918519548376,84.92688413948257,135,38,0.20120667529004754,52.01206675290047,58.60517435320585,370,76
"Long, Jalon",809215.0,NEW_YOR13,Changeup,128,76,33,44,54,8,30,34,4,0,15,15,11,8,2697.4021,0.2644105778177559,0.4342105263157895,0.34375,0.1481481481481481,0.2666666666666666,79.33535588235293,0.1176470588235294,0.0,0.4411764705882353,0.4411764705882353,0.3235294117647059,0.2352941176470588,1.760439283704925,-0.005728469429175826,1.1687647618601116,-0.034286883053928234,-0.3155724653159152,-0.004582112196387089,0.5728344320391482,0.025017398150445718,-0.07506640219917,0.04421411089531113,-0.7031369960879473,0.1680616953939529,-0.7639787681093636,-0.03755032043134333,1.3727265471055987,-0.41704393409651064,-0.26189851476763537,46.99394217548619,38.920134983127106,544,84,0.4385990390348254,54.385990390348255,68.7289088863892,279,65,0.5728344320391482,55.728344320391486,74.40944881889764,229,27,-1.6355299862230477,33.64470013776952,5.680539932508436,840,123,1.4819849962319722,64.81984996231972,92.63217097862767,65,18
"Henderson, Drew",1000429021.0,DOW_EAS1,Changeup,151,80,21,32,41,9,45,48,12,0,19,22,12,14,3756.6023,0.2397793294607368,0.2625,0.2119205298013245,0.2195121951219512,0.2,78.26254791666666,0.25,0.0,0.3958333333333333,0.4583333333333333,0.25,0.2916666666666667,0.20148396111208125,-0.0006556288094587124,-0.9592711979711165,0.028141179863680674,0.5169546506968051,0.00750618152811761,0.027837094307859044,0.0012157294197071278,-0.39376855221637647,0.23192967725544572,0.9588964784887655,-0.22919255959894927,-0.7639787681093636,-0.03755032043134333,0.8734765632671684,-0.2653682942565086,-0.2639740350293088,46.97011945954572,38.80764904386952,545,85,0.5722878182635073,55.72287818263507,72.21597300337457,247,56,0.027837094307859044,50.27837094307859,58.21147356580427,371,49,-0.6675034584400784,43.324965415599216,21.034870641169853,696,107,1.0191900974763175,60.19190097476317,84.98312710911135,134,32
"Heredia-Bustos, Rolando",837343.0,DOW_EAS1,Changeup,329,165,33,85,84,10,97,116,23,5,36,51,24,41,9373.62335,0.2668741896705725,0.2,0.2583586626139817,0.119047619047619,0.1030927835051546,80.80709784482758,0.1982758620689655,0.043103448275862,0.3103448275862069,0.4396551724137931,0.2068965517241379,0.3534482758620689,-0.3659518842761186,0.0011908074314344898,-0.20965112907588462,0.006150325522570151,-0.6550568498744477,-0.00951142546017698,-0.764375530641748,-0.033382572549717056,0.36214821841670974,-0.21330530064744202,0.30936615509096943,-0.07394377029137825,0.7672978589163962,0.03771345706359979,-0.06779344354098078,0.02059612270185475,-0.2644923562292551,46.96417019519005,38.69516310461192,546,86,0.42674486156627234,54.26744861566272,68.39145106861643,282,66,-0.764375530641748,42.35624469358252,25.75928008998875,661,92,-0.10003963180868228,48.99960368191318,44.881889763779526,490,79,0.5119890914937345,55.11989091493734,69.29133858267717,274,60
"Drakeford, Dosie",836144.0,NEW_JER6,Slider,82,32,13,36,34,9,23,15,3,0,5,3,4,8,1202.14977,0.2943481621245282,0.40625,0.4390243902439024,0.2647058823529412,0.391304347826087,80.143318,0.2,0.0,0.3333333333333333,0.2,0.2666666666666666,0.5333333333333333,1.5065864055049407,-0.004902432163513077,2.7067162395112354,-0.0794042276023016,1.0441804974345705,0.015161500822749963,1.5917424982324295,0.0695161701253049,0.16495722948765731,-0.09715980816823015,0.33101716587089636,-0.07911872993496404,-0.7639787681093636,-0.03755032043134333,0.1853211801385213,-0.05630187177434374,-0.2697597191266411,46.90371167190943,38.582677165354326,547,145,-1.4406832289797895,35.5931677102021,5.736782902137233,836,181,1.5917424982324295,65.91742498232429,91.90101237345331,73,28,-0.8869228047375506,41.13077195262449,16.366704161979754,741,158,-0.9647915119718352,40.35208488028165,17.491563554555682,734,162
"Steinhauer, Ryan",1000424762.0,NEW_JER6,Four-Seam,58,25,4,15,11,1,21,18,4,2,6,6,4,8,1449.61885,0.2682038787979922,0.16,0.2586206896551724,0.0909090909090909,0.0476190476190476,80.53438055555556,0.2222222222222222,0.1111111111111111,0.3333333333333333,0.3333333333333333,0.2222222222222222,0.4444444444444444,-0.7291108253245665,0.002372526625606139,-0.20542139982595622,0.006026242185294252,-0.983318610150053,-0.01427778621937877,-1.2178711062208034,-0.053188084821981146,0.28113130838448497,-0.16558634063846164,0.6100746381455046,-0.14581820978562407,3.1833120926681566,0.15646297266673256,0.1853211801385213,-0.05630187177434374,-0.2703105517621564,46.897389242950794,38.47019122609674,548,148,-0.40173043040260414,45.98269569597396,38.02024746906636,563,92,-1.2178711062208034,37.82128893779196,6.130483689538808,837,253,-0.30180454794428985,46.9819545205571,36.895388076490434,566,162,-0.23505114987596273,47.64948850124037,41.001124859392576,529,87
"Perez, Kelvin",692487.0,WAS_WIL3,Slider,125,56,15,40,43,7,33,33,7,2,10,12,6,15,2673.76392,0.2443175149107303,0.2678571428571428,0.32,0.1627906976744186,0.2121212121212121,81.02314909090909,0.2121212121212121,0.0606060606060606,0.303030303030303,0.3636363636363636,0.1818181818181818,0.4545454545454545,0.25012131928821196,-0.0008138947729638417,0.7853842175112393,-0.023040031404909716,-0.144753684079275,-0.002101823492831073,0.12692751934991145,0.005543305552568682,0.4263311839076732,-0.25110906732161953,0.48323033256613696,-0.11550026439896036,1.38908897413292,0.06827511216760715,-0.14832991471173215,0.04506366639882721,-0.2736829972722814,46.858680485008996,38.35770528683914,549,146,-0.16560479436233488,48.34395205637665,47.63779527559055,467,104,0.12692751934991145,51.26927519349911,60.629921259842526,351,128,0.2301211400495842,52.301211400495845,58.38020247469067,376,93,-0.31797619102322056,46.82023808976779,38.02024746906636,552,123
"Villalobos, Jonaiker",665690.0,FLO_Y'A,Four-Seam,506,231,41,145,156,26,134,173,31,2,63,49,43,81,13842.41628,0.244595718169,0.1774891774891775,0.2865612648221344,0.1666666666666666,0.1940298507462686,80.01396693641618,0.1791907514450867,0.0115606936416184,0.3641618497109826,0.2832369942196532,0.2485549132947976,0.4682080924855491,-0.5703270459051152,0.0018558442073752447,0.24560482825532745,-0.007205063241698287,-0.09953694786957673,-0.0014452764830662542,-0.020968637429271884,-0.0009157633024485909,0.12653053674325523,-0.07452648614177733,0.0697032322958292,-0.01666025747365221,-0.35327798490708173,-0.017363966236167976,0.5247581321249054,-0.15942519384647114,-0.27568616251790656,46.83568825626059,38.24521934758155,550,149,-0.7920884183073267,42.07911581692673,22.722159730033745,688,157,-0.020968637429271884,49.790313625707284,56.69291338582677,386,80,-0.6484786596281574,43.51521340371843,22.83464566929134,687,214,-0.4301406975461021,45.69859302453898,34.08323959505062,587,109
"House, Tristan",1000248636.0,MIS_MUD,Four-Seam,320,144,14,75,63,5,91,117,17,4,34,42,22,53,9596.38846,0.2454950663217591,0.0972222222222222,0.234375,0.0793650793650793,0.0549450549450549,82.0204141880342,0.1452991452991453,0.0341880341880341,0.2905982905982906,0.358974358974359,0.188034188034188,0.452991452991453,-1.2990686078033806,0.0042271692497922,-0.5968035344833797,0.01750782848760443,-1.1179901015451739,-0.016233216274435924,-1.157981288887695,-0.0505725168295923,0.722591596541333,-0.4256064503628451,-0.3558935351127554,0.08506460508204546,0.4505722659760242,0.022146077444987564,-0.2852124151631173,0.08664952821346117,-0.2768169749889825,46.82270884826451,38.13273340832396,551,150,-0.20193181529160675,47.98068184708393,46.17547806524184,479,64,-1.157981288887695,38.42018711112305,7.874015748031496,820,248,0.14828641881975754,51.482864188197574,54.386951631046124,406,98,-0.30521849238518145,46.94781507614819,38.582677165354326,547,95
"Foy, Corbin",813822.0,LAK_ERI24,Slider,78,32,9,18,16,6,20,19,4,0,5,9,4,6,1555.19383,0.2694353248628822,0.28125,0.2307692307692307,0.375,0.3,81.85230684210526,0.2105263157894736,0.0,0.2631578947368421,0.4736842105263157,0.2105263157894736,0.3157894736842105,0.37171471472854106,-0.0012095596817266725,-0.655009082714485,0.019215346450512132,2.3308626234017353,0.033844125291793196,0.8453331009047934,0.03691823251581504,0.6726514634561314,-0.39619171197566133,0.46320228431676225,-0.11071322039053956,-0.7639787681093636,-0.03755032043134333,-0.587344513198907,0.17843937452142034,-0.27724773369973016,46.817764621703816,38.02024746906636,552,147,0.6919040944154854,56.91904094415485,76.32170978627671,211,46,0.8453331009047934,58.453331009047936,81.60854893138357,164,59,-0.14782605931448317,48.52173940685517,42.68841394825647,509,121,0.8211520057891155,58.21152005789116,78.34645669291339,192,34
"Thompson, Ross",1000103401.0,SCH_BOO,Sinker,51,20,2,16,11,2,8,17,3,0,6,3,3,11,1364.14676,0.2215305390085252,0.1,0.3137254901960784,0.1818181818181818,0.25,80.24392705882353,0.1764705882352941,0.0,0.3529411764705882,0.1764705882352941,0.1764705882352941,0.6470588235294118,-1.2738492368972383,0.0041451054168636136,0.6840989550207217,-0.020068726944487893,0.07721938458651913,0.0011212254641962578,0.43658509760632624,0.019066980967761084,0.1948454521555021,-0.11476397131959074,0.03554454816836934,-0.008495751269559135,-0.7639787681093636,-0.03755032043134333,0.4012130650416261,-0.1218913376511013,-0.27843679576726144,46.80411662780394,37.907761529808774,553,71,-1.6240278404934105,33.7597215950659,2.924634420697413,864,144,0.43658509760632624,54.365850976063264,70.3599550056243,271,13,0.30052306934289097,53.00523069342891,61.64229471316085,344,54,-1.8984299164180252,31.01570083581975,2.5871766029246346,867,144
"Estrella, Noah",805762.0,TRI_VAL,Sinker,59,23,0,6,10,1,17,21,5,0,7,10,5,6,1673.55809,0.2804329437586512,0.0,0.1016949152542373,0.1,0.0588235294117647,79.69324238095238,0.238095238095238,0.0,0.3333333333333333,0.4761904761904761,0.238095238095238,0.2857142857142857,-2.181746589518358,0.007099403402292737,-2.7385704024448545,0.08033870132612225,-0.8772648106763955,-0.012737885051021263,-1.1262749150054605,-0.04918780436303347,0.0312519699736296,-0.018407410314467833,0.8094014040559382,-0.19346069539323818,-0.7639787681093636,-0.03755032043134333,0.1853211801385213,-0.05630187177434374,-0.28020788259903284,46.783788183279306,37.79527559055118,554,72,0.7114332823586657,57.11433282358666,76.82789651293588,206,39,-1.1262749150054605,38.7372508499454,9.167604049493812,807,120,-0.5107753539418821,44.89224646058118,27.221597300337457,648,103,1.068056639580952,60.68056639580952,86.0517435320585,125,23
"Wehrle, Tyler",806332.0,WIN_CIT29,Sinker,94,40,6,27,24,4,25,27,2,0,9,10,5,12,2221.88168,0.2463404789860264,0.15,0.2872340425531915,0.1666666666666666,0.16,82.29191407407407,0.074074074074074,0.0,0.3333333333333333,0.3703703703703703,0.1851851851851851,0.4444444444444444,-0.8199005605866786,0.0026679564241490522,0.2564650342662107,-0.007523658245233557,-0.09953694786957673,-0.0014452764830662542,-0.29916130833091487,-0.013065271818736044,0.8032468490915732,-0.47311239411493655,-1.2503085103518863,0.29884498921877684,-0.7639787681093636,-0.03755032043134333,0.1853211801385213,-0.05630187177434374,-0.2874858472247336,46.700252075680396,37.68278965129358,555,73,-0.11313243079783081,48.86867569202169,49.887514060742404,448,94,-0.29916130833091487,47.00838691669085,44.82564679415073,493,39,0.18579399938342897,51.85793999383429,56.13048368953881,395,65,-0.23505114987596273,47.64948850124037,41.001124859392576,530,108
"Bihm, Gage",815079.0,MIS_MUD,Slider,72,24,10,21,29,7,16,13,0,0,9,3,5,5,1004.73199,0.2667056467138391,0.4166666666666667,0.2916666666666667,0.2413793103448276,0.4375,77.28707615384616,0.0,0.0,0.6923076923076923,0.2307692307692307,0.3846153846153846,0.3846153846153846,1.6011590464029741,-0.005210171536995278,0.32801795407749695,-0.009622734700817452,0.7720546225173772,0.011210233118952317,1.9693901099755786,0.08600917427296344,-0.6835547563047276,0.40261375146348455,-2.1805000846005806,0.521176588720977,-0.7639787681093636,-0.03755032043134333,4.137803380672289,-1.2570936316719061,-0.2884671107646849,46.68898918270524,37.570303712035994,556,148,-1.2009248908465935,37.990751091534065,10.517435320584926,794,169,1.9693901099755786,69.69390109975578,95.3880764904387,41,14,-2.4397366400735137,25.602633599264863,1.574803149606299,874,188,0.2561202476885668,52.56120247688567,60.798650168728905,345,70
"McKillican, Adam",1000570064.0,QUE_CAP,Slider,50,17,4,14,6,0,8,11,2,0,3,3,1,7,892.43042,0.241400803331718,0.2352941176470588,0.28,0.0,0.0,81.13003818181818,0.1818181818181818,0.0,0.2727272727272727,0.2727272727272727,0.0909090909090909,0.6363636363636364,-0.04551752452748848,0.0001481140248124475,0.13969066913419134,-0.004097965469720638,-2.043856604886625,-0.029676797902953796,-1.6071549188860101,-0.07018927677250872,0.45808503378174725,-0.2698120848974491,0.10269741582803442,-0.024546428238969305,-0.7639787681093636,-0.03755032043134333,-0.48198100956198503,0.14642920457199798,-0.2892955551161345,46.67948034059875,37.4578177727784,557,149,-0.873981702483143,41.26018297516857,20.41619797525309,708,151,-1.6071549188860101,33.928450811139896,1.968503937007874,878,191,1.4269539380358005,64.269539380358,93.53205849268842,60,18,-1.810626931673869,31.89373068326131,3.262092238470191,862,181
"Pindel, Buddie",1000054422.0,SCH_BOO,Four-Seam,504,244,29,133,132,22,140,199,31,0,66,69,43,87,16122.61379,0.2503320663991432,0.1188524590163934,0.2638888888888889,0.1666666666666666,0.1571428571428571,81.01815974874371,0.1557788944723618,0.0,0.3316582914572864,0.3467336683417085,0.2160804020100502,0.4371859296482412,-1.1026882605834212,0.0035881475999384525,-0.12038034340656456,0.003531477754174978,-0.09953694786957673,-0.0014452764830662542,-0.32251833709082756,-0.01408534333576771,0.4248489856707699,-0.25023605256008347,-0.22429318096701847,0.053609883235193855,-0.7639787681093636,-0.03755032043134333,0.1668781547950401,-0.050698751573816744,-0.2932862357947702,46.63367551085471,37.34533183352081,558,151,-0.29731306371142996,47.0268693628857,42.407199100112486,513,73,-0.32251833709082756,46.774816629091724,43.36332958380203,505,127,-0.22094649738240635,47.79053502617594,39.37007874015748,540,151,-0.1754617986997925,48.24538201300207,45.10686164229472,489,69
"Shoemaker, Adam",692248.0,QUE_CAP,Sinker,62,22,7,23,12,5,18,13,2,0,3,7,2,4,1081.11098,0.2639258665764127,0.3181818181818182,0.3709677419354839,0.4166666666666667,0.2777777777777778,83.16238307692308,0.1538461538461538,0.0,0.2307692307692307,0.5384615384615384,0.1538461538461538,0.3076923076923077,0.7070177142761137,-0.002300635642254474,1.6081227710884458,-0.04717588961265065,2.816942537655998,0.04090200564676509,0.6636673216610304,0.028984342938902178,1.0618395810665344,-0.6254235132481888,-0.24856373808406054,0.0594109589856379,-0.7639787681093636,-0.03755032043134333,-0.943959448585413,0.28678148819638855,-0.29637156316674357,46.5982622802912,37.232845894263214,559,74,1.1966584904853736,61.96658490485373,87.570303712036,112,19,0.6636673216610304,56.636673216610305,76.32170978627671,213,9,0.5983773855838049,55.98377385583805,75.0281214848144,228,31,0.8876263302715328,58.87626330271533,80.93363329583802,176,35
"Soto, Carlos",666728.0,JOL_SLA,Four-Seam,182,78,9,43,38,2,49,63,11,1,20,22,11,30,5096.51482,0.2761060302157762,0.1153846153846153,0.2362637362637362,0.0526315789473684,0.0408163265306122,80.89706063492063,0.1746031746031746,0.0158730158730158,0.3174603174603174,0.3492063492063492,0.1746031746031746,0.4761904761904761,-1.1341727211093746,0.003690598034489905,-0.5663149139813739,0.016613414316557586,-1.4298609237233468,-0.020761580612462995,-1.2734830794586902,-0.05561682652919937,0.38887372339174237,-0.22904662307773624,0.012094340414200641,-0.0028907529627809946,-0.2000800737125776,-0.009834135703046903,0.010551559026483338,-0.0032056374931588236,-0.30105154402733786,46.54454569813706,37.120359955005625,560,152,-0.27804557342912967,47.219544265708706,42.96962879640045,508,71,-1.2734830794586902,37.2651692054131,4.724409448818897,848,257,0.32510787004849007,53.2510787004849,63.32958380202475,328,72,-0.49567270776734523,45.04327292232655,30.93363329583802,615,121
"Catrambone, Ben",1000565186.0,JOL_SLA,Cutter,66,36,12,24,14,4,16,23,4,0,10,10,5,8,1812.21347,0.2853832059264132,0.3333333333333333,0.3636363636363636,0.2857142857142857,0.25,78.79189000000001,0.1739130434782608,0.0,0.4347826086956521,0.4347826086956521,0.217391304347826,0.3478260869565217,0.8445779192187074,-0.002748256549137674,1.4897771793771093,-0.04370410333420688,1.2892628071426018,0.018720095959710577,0.43658509760632624,0.019066980967761084,-0.23651537602001269,0.13930755647578746,0.0034279592876593668,-0.0008193405450584789,-0.7639787681093636,-0.03755032043134333,1.3023270194198031,-0.3956560647888721,-0.30338345224535934,46.51778017428118,37.00787401574803,561,28,0.38877713373221057,53.88777133732211,67.37907761529809,290,17,0.43658509760632624,54.365850976063264,70.3599550056243,259,9,-0.2382047374232822,47.61795262576718,38.863892013498315,544,25,0.5581448958804205,55.5814489588042,71.03487064116986,258,13
"Smith, Jackson",1000333915.0,MIS_MUD,Sinker,493,195,26,138,80,11,126,129,26,2,38,61,24,44,10441.6425,0.2678514973921247,0.1333333333333333,0.2799188640973631,0.1375,0.0873015873015873,80.94296511627907,0.2015503875968992,0.0155038759689922,0.2945736434108527,0.4728682170542636,0.1860465116279069,0.3410852713178294,-0.9712167860235321,0.0031603394217205732,0.13838094591233116,-0.004059543429284147,-0.43979288784755943,-0.006385792731546563,-0.8934679289997975,-0.039020424863208156,0.40251069978667353,-0.2370788021743507,0.35048629184354296,-0.08377218201756811,-0.21319399683808343,-0.010478698138588639,-0.24144184815831427,0.07335172356343297,-0.30428338036939284,46.50745084507078,36.895388076490434,562,75,0.6855457541549158,56.85545754154916,75.81552305961755,216,42,-0.8934679289997975,41.06532071000203,18.89763779527559,722,90,0.17445449828278428,51.74454498282784,55.118110236220474,400,67,0.6134841548866797,56.134841548866795,72.77840269966255,243,51
"Maietta, Dante",1000137704.0,WIN_CIT29,Slider,92,43,15,25,33,7,24,26,3,0,11,8,9,9,2087.74777,0.2729661845379929,0.3488372093023256,0.2717391304347826,0.2121212121212121,0.2916666666666667,80.29799115384616,0.1153846153846153,0.0,0.4230769230769231,0.3076923076923077,0.3461538461538461,0.3461538461538461,0.9853371986948503,-0.0032062872445530427,0.00634091457806113,-0.0001860170700620013,0.43073204949870986,0.006254229358721267,0.7772084336883824,0.03394302392447272,0.21090642846585506,-0.12422388636638862,-0.7315478247131912,0.17485236641947283,-0.7639787681093636,-0.03755032043134333,1.1734417302719635,-0.3564998117487344,-0.3066167031584146,46.48066908484095,36.782902137232846,563,150,-0.6015290455136011,43.98470954486399,29.527559055118108,627,137,0.7772084336883824,57.77208433688382,79.97750281214849,179,64,-1.93338430246396,30.666156975360398,3.655793025871766,858,185,0.5718732889800502,55.7187328898005,71.7660292463442,254,49
"Parra, Andres",800365.0,LAK_ERI24,Slider,161,82,15,43,61,10,50,56,12,1,21,23,13,20,4452.54478,0.265681106356765,0.1829268292682926,0.2670807453416149,0.1639344262295081,0.2,79.50972821428572,0.2142857142857142,0.0178571428571428,0.375,0.4107142857142857,0.2321428571428571,0.3571428571428571,-0.5209587493577741,0.0016951997704101969,-0.06885631543479356,0.002019968869595104,-0.1314110406075615,-0.001908088309621793,0.027837094307859044,0.0012157294197071278,-0.023265111690533875,0.013703150785724452,0.5104112551902862,-0.12199696698181664,-0.12959273691297843,-0.006369612612009802,0.6440914355576196,-0.19567948676245372,-0.3073201058204651,46.47259546488202,36.67041619797525,564,151,0.20123324734308393,52.01233247343084,60.686164229471316,351,75,0.027837094307859044,50.27837094307859,58.21147356580427,377,135,-0.43241130169278524,45.67588698307215,30.371203599550057,621,134,0.4816581343253406,54.816581343253404,68.44769403824522,282,55
"Perdomo, Rafael",1000557553.0,QUE_CAP,Four-Seam,173,94,16,42,34,6,37,69,15,1,21,11,14,44,5575.59306,0.2210662873206939,0.1702127659574468,0.2427745664739884,0.1764705882352941,0.1621621621621621,80.80569652173914,0.217391304347826,0.0144927536231884,0.3043478260869565,0.1594202898550724,0.2028985507246377,0.6376811594202898,-0.6363893935675161,0.0020708110866686975,-0.4612148874479182,0.01353019993817213,0.01483479666083848,0.00021540124751537473,-0.28148571899908986,-0.01229332580584725,0.3617319233336747,-0.21306010284353438,0.5494099702597192,-0.1313183228615673,-0.2491147427905568,-0.012244238722898657,-0.13382334537041668,0.04065646908695018,-0.3124431088745412,46.41379389653645,36.55793025871766,565,153,-1.756886254633716,32.43113745366284,1.40607424071991,878,266,-0.28148571899908986,47.185142810009104,45.3318335208099,487,119,-0.047405305860263536,49.525946941397365,46.45669291338583,477,126,-1.8214432413887285,31.785567586112716,3.0371203599550056,863,263
"Reeves, Cobe",802696.0,NEW_YOR13,Curveball,52,21,6,14,24,4,12,12,3,0,5,3,4,5,938.52498,0.2756278801450304,0.2857142857142857,0.2692307692307692,0.1666666666666666,0.3333333333333333,78.210415,0.25,0.0,0.4166666666666667,0.25,0.3333333333333333,0.4166666666666667,0.41224584654198376,-0.0013414479846476151,-0.03414990158270692,0.0010018215128302903,-0.09953694786957673,-0.0014452764830662542,1.1178317697704383,0.04881906688118435,-0.40925582781439596,0.2410516825826792,0.9588964784887655,-0.22919255959894927,-0.7639787681093636,-0.03755032043134333,1.102861690976718,-0.33505710175056375,-0.3137141352718764,46.39920512023024,36.445444319460066,566,61,-1.051075929513345,39.489240704866546,14.848143982002249,764,93,1.1178317697704383,61.17831769770439,85.71428571428571,132,36,-1.764600189927443,32.35399810072557,4.611923509561304,852,89,-0.007007286721002997,49.92992713278997,50.843644544431946,439,74
"Hopewell, Chase",803045.0,FLO_Y'A,Slider,147,64,20,43,46,6,31,34,9,1,9,13,5,16,2746.77461,0.2731478780670648,0.3125,0.2925170068027211,0.1304347826086956,0.1935483870967742,80.78748852941176,0.2647058823529412,0.0294117647058823,0.2647058823529412,0.3823529411764705,0.1470588235294117,0.4705882352941176,0.655432637422641,-0.0021327778021732737,0.34174443257190656,-0.010025414673929452,-0.5222151341776308,-0.007582563748259199,-0.024904583537104612,-0.0010876578768159696,0.35632282264852133,-0.20987414253997905,1.1435668645528447,-0.2733319212648273,0.28089234209644875,0.013806139506382552,-0.5703004170223459,0.17326125879430784,-0.3169670796052938,46.361867990713286,36.33295838020247,567,152,-0.01976248974922758,49.802375102507725,53.48706411698537,415,96,-0.024904583537104612,49.75095416462895,56.524184476940384,388,139,0.6877336804560794,56.8773368045608,78.34645669291339,193,54,-0.4496806681394543,45.503193318605454,33.12710911136108,595,129
"Cameron, Wyatt",1000179557.0,SCH_BOO,Four-Seam,185,77,11,50,39,6,50,58,10,1,14,18,8,32,4794.5536,0.2608414608168112,0.1428571428571428,0.2702702702702703,0.1538461538461538,0.12,82.66471724137931,0.1724137931034483,0.0172413793103448,0.2413793103448276,0.3103448275862069,0.1379310344827586,0.5517241379310345,-0.8847503714881877,0.0028789777088225627,-0.01736992371428006,0.0005095640820821199,-0.24909999840934954,-0.0036169319769037553,-0.6261597109696887,-0.027346273057179214,0.9139965589684933,-0.5383439732324425,-0.015399006607928013,0.00368062436240713,-0.1514681172990597,-0.007444809433366084,-0.8271373145794879,0.2512901061304505,-0.3183927154161293,46.34550461542698,36.22047244094488,568,154,-0.5808602232607394,44.19139776739261,30.539932508436447,618,122,-0.6261597109696887,43.738402890303114,30.877390326209227,615,172,0.8079024908015509,58.07902490801551,81.66479190101236,161,30,-1.115772276543395,38.84227723456605,13.89201349831271,766,197
"Potteiger, Jack",1000565185.0,JOL_SLA,Sinker,79,33,1,12,20,0,19,23,4,0,7,13,5,5,1867.914,0.2621218631283683,0.0303030303030303,0.1518987341772152,0.0,0.0,81.21365217391305,0.1739130434782608,0.0,0.3043478260869565,0.5652173913043478,0.217391304347826,0.217391304347826,-1.9066261796331703,0.006204161588526336,-1.9281633528834448,0.05656460012018874,-2.043856604886625,-0.029676797902953796,-1.6071549188860101,-0.07018927677250872,0.48292448306297037,-0.2844425205240895,0.0034279592876593668,-0.0008193405450584789,-0.7639787681093636,-0.03755032043134333,-0.13382334537041668,0.04065646908695018,-0.3192530253802886,46.33563002143945,36.107986501687286,569,76,1.4051440019055446,64.05144001905545,90.5511811023622,85,13,-1.6071549188860101,33.928450811139896,1.968503937007874,884,146,-0.2382047374232822,47.61795262576718,38.863892013498315,546,86,1.6289595576515377,66.28959557651538,95.3318335208099,43,6
"Tomczak, Anthony",687088.0,EVA_OTT,Sinker,122,64,16,36,48,10,35,34,7,0,10,16,6,12,2761.85347,0.2372921538581485,0.25,0.2950819672131147,0.2083333333333333,0.2857142857142857,81.23098441176471,0.2058823529411764,0.0,0.2941176470588235,0.4705882352941176,0.1764705882352941,0.3529411764705882,0.08799679203444118,-0.0002863415612800716,0.3831488922927491,-0.011240055904300088,0.38654296638468577,0.005612603871905637,0.7285479571052313,0.03181787493065676,0.4880734208455125,-0.28747524487800685,0.4048853202965271,-0.09677447460131501,-0.7639787681093636,-0.03755032043134333,-0.24646258966768897,0.07487705997917159,-0.3210188985945113,46.31536141855171,35.9955005624297,570,77,0.6677798034268513,56.67779803426851,75.42182227221598,221,43,0.7285479571052313,57.28547957105231,78.45894263217097,197,7,0.30052306934289097,53.00523069342891,61.64229471316085,346,55,0.5161521640462589,55.16152164046259,69.79752530933632,272,61
"Misla, Luis",695417.0,TRI_VAL,Sinker,51,24,4,13,12,0,10,18,1,0,9,5,5,8,1426.54806,0.2473050939332388,0.1666666666666666,0.2549019607843137,0.0,0.0,79.25267000000001,0.0555555555555555,0.0,0.5,0.2777777777777778,0.2777777777777778,0.4444444444444444,-0.6685843351498258,0.0021755734265775334,-0.26545038082787886,0.007787252371966654,-2.043856604886625,-0.029676797902953796,-1.6071549188860101,-0.07018927677250872,-0.09963013524815785,0.05868214966116497,-1.48285640391406,0.3544278890943269,-0.7639787681093636,-0.03755032043134333,2.020402201814914,-0.6138123317267835,-0.3281558622795533,46.233443712574164,35.8830146231721,571,78,-0.8346274298097646,41.65372570190235,21.372328458942633,699,129,-1.6071549188860101,33.928450811139896,1.968503937007874,879,145,-1.033202368935867,39.66797631064133,12.992125984251967,776,130,-0.23505114987596273,47.64948850124037,41.001124859392576,527,107
"Misla, Luis",695417.0,TRI_VAL,Four-Seam,305,147,29,69,64,14,90,115,27,2,41,37,23,55,9165.356,0.2573218471004283,0.1972789115646258,0.2262295081967213,0.21875,0.1555555555555555,79.69874782608696,0.2347826086956521,0.017391304347826,0.3565217391304348,0.3217391304347826,0.2,0.4782608695652174,-0.3906565741433606,0.0012711964922624954,-0.7282908221267594,0.021365139557910615,0.5080629449482519,0.0073770739606486176,-0.33549446417966794,-0.014652049734118636,0.03288748840499032,-0.019370730670539297,0.7678027746485434,-0.1835179157881709,-0.1461419377267983,-0.007183022381209863,0.4406368005456717,-0.1338685444633789,-0.32857885302659584,46.22858864630557,35.77052868391451,572,155,-0.49207415201801163,45.079258479819885,34.308211473565805,585,104,-0.33549446417966794,46.64505535820332,42.63217097862767,511,131,-0.009245419547659513,49.9075458045234,48.59392575928009,463,120,-0.5126697658906971,44.87330234109303,30.483689538807653,619,125
"Davis, Tyler",824623.0,WAS_WIL3,Four-Seam,119,60,11,34,46,8,31,40,8,0,13,7,9,24,3229.42715,0.2524451304999967,0.1833333333333333,0.2857142857142857,0.1739130434782608,0.2580645161290322,80.73567875,0.2,0.0,0.325,0.175,0.225,0.6,-0.5172681097129723,0.001683190429006012,0.2319326046166261,-0.006803974889033343,-0.015001310607965855,-0.0002178190300276642,0.5025121949125301,0.021946215088414923,0.3409315423648398,-0.20080867845289063,0.33101716587089636,-0.07911872993496404,-0.7639787681093636,-0.03755032043134333,0.09356712905470202,-0.028426348776721858,-0.3292964659975599,46.22035192114409,35.65804274465692,573,156,-1.635486878713012,33.645131212869885,2.81214848143982,865,257,0.5025121949125301,55.0251219491253,72.44094488188976,246,39,-0.33837443899386893,46.61625561006131,35.60179977502812,573,166,-1.5120967835437393,34.8790321645626,6.130483689538808,834,243
"Joven, Art",1000048892.0,MIS_MUD,Changeup,454,202,39,106,105,16,132,148,30,3,46,68,33,47,11988.78721,0.2575496945634492,0.193069306930693,0.2334801762114537,0.1523809523809524,0.1212121212121212,81.00531898648649,0.2027027027027027,0.0202702702702702,0.3108108108108108,0.4594594594594595,0.2229729729729729,0.3175675675675675,-0.42887546317065245,0.0013955607571573031,-0.6112480831633461,0.017931573767679922,-0.26619291847103715,-0.0038651211761994595,-0.6162506684654835,-0.026913515443893057,0.4210343434699916,-0.24798922830382503,0.3649565881745646,-0.0872308288357199,-0.04386489485941312,-0.0021560034472350143,-0.06266274170963973,0.019037379570580517,-0.32979018311145475,46.21468506123602,35.54555680539933,574,87,0.5810627574406798,55.810627574406794,72.44094488188976,246,55,-0.6162506684654835,43.837493315345164,31.2710911136108,612,88,-0.31168830228201294,46.88311697717987,36.22047244094488,568,94,0.8065546034534501,58.0655460345345,77.72778402699663,199,49
"Misla, Luis",695417.0,TRI_VAL,Curveball,160,51,13,56,45,6,33,35,11,3,12,12,9,14,2763.24208,0.2576983158568844,0.2549019607843137,0.35,0.1333333333333333,0.1818181818181818,78.94977371428571,0.3142857142857143,0.0857142857142857,0.3428571428571428,0.3428571428571428,0.2571428571428571,0.4,0.1325015642217508,-0.0004311600899775771,1.269654378794025,-0.037246580856301524,-0.48840087927298614,-0.0070915807670437585,-0.12079854325522024,-0.005275634779585234,-0.1896124066117199,0.11168170749430302,1.7661698804260257,-0.4221446263097874,2.281074181633294,0.11211707710145803,0.29018295280574335,-0.08815961234305447,-0.3365504105499889,46.13709151472382,35.43307086614173,575,62,-0.3275195162185197,46.7248048378148,40.55118110236221,529,77,-0.12079854325522024,48.7920145674478,52.47469066366705,425,68,-0.7615403211389951,42.38459678861005,18.391451068616423,727,75,0.12981903117197302,51.29819031171973,55.34308211473565,402,68
"Orth, Harry",1000145875.0,SCH_BOO,Sinker,57,30,6,10,13,4,16,22,5,1,8,6,7,9,1769.65163,0.2556018604791685,0.2,0.175438596491228,0.3076923076923077,0.25,80.43871045454546,0.2272727272727272,0.0454545454545454,0.3636363636363636,0.2727272727272727,0.3181818181818182,0.4090909090909091,-0.3659518842761186,0.0011908074314344898,-1.5481749222373924,0.045417259518756144,1.5456566080679273,0.022442933949146305,0.43658509760632624,0.019066980967761084,0.25271031612910233,-0.14884637620004126,0.6734967909351878,-0.1609771824789558,0.8508220385723473,0.04181875401786944,0.5189722749887742,-0.15766740994751452,-0.3375542327415441,46.12556969469356,35.32058492688414,576,79,-0.873981702483143,41.26018297516857,20.41619797525309,709,132,0.43658509760632624,54.365850976063264,70.3599550056243,268,12,-1.5651280569297406,34.348719430702594,6.355455568053993,833,141,0.05518649413944061,50.551864941394406,52.98087739032621,419,91
"Serrano, Elio",665939.0,NEW_JER6,Four-Seam,427,223,47,109,123,23,110,158,24,4,57,36,37,85,12829.7718,0.2338214745964949,0.210762331838565,0.2552693208430913,0.1869918699186991,0.209090909090909,81.20108734177215,0.1518987341772152,0.0253164556962025,0.360759493670886,0.2278481012658227,0.2341772151898734,0.5379746835443038,-0.2682409584334872,0.0008728560787425674,-0.25952033033077654,0.007613288410583661,0.137575205425185,0.001997591982773686,0.10215491308939767,0.004461411519353264,0.4791918122160055,-0.2822439773952272,-0.27301862854629433,0.06525609353924963,0.1354039596627285,0.006655240021382769,0.4872965381359017,-0.14804409936145388,-0.34343159520459554,46.05810962744104,35.20809898762655,577,157,-1.2236867583908844,37.76313241609115,10.011248593925758,801,219,0.10215491308939767,51.02154913089397,59.84251968503938,358,71,-0.4591939524614644,45.408060475385355,29.133858267716533,631,187,-1.0028950435369677,39.97104956463032,16.985376827896513,739,184
"Binns, Malik",702238.0,NEW_JER6,Four-Seam,100,38,9,26,11,2,27,27,7,1,10,12,7,8,2133.31819,0.2661000256503903,0.2368421052631578,0.26,0.1818181818181818,0.074074074074074,79.01178481481482,0.2592592592592592,0.037037037037037,0.3703703703703703,0.4444444444444444,0.2592592592592592,0.2962962962962963,-0.031463385942022824,0.00010238185785534227,-0.1831561050543331,0.005373067497873916,0.07721938458651913,0.0011212254641962578,-1.0016023214068,-0.04374297818279917,-0.17119059050326413,0.10083125780642256,1.0751704252698515,-0.2569840095367241,0.5517848521498085,0.02712077726801524,0.5931169627332745,-0.18019308509710794,-0.3463713629222679,46.02436712318208,35.09561304836895,578,158,0.46406356841171714,54.64063568411717,69.46006749156356,269,18,-1.0016023214068,39.983976785932,15.579302587176603,751,226,-0.7894030952720069,42.10596904727993,17.94150731158605,731,228,0.981182786950491,59.81182786950491,84.3644544431946,140,6
"Majick, Eli",828663.0,NEW_ENG23,Sinker,300,131,19,80,83,14,88,95,21,0,29,37,19,39,7666.6348,0.2574014570982029,0.1450381679389313,0.2666666666666666,0.1686746987951807,0.1590909090909091,80.70141894736842,0.2210526315789473,0.0,0.3052631578947368,0.3894736842105263,0.2,0.4105263157894737,-0.8649489025106273,0.0028145437287695812,-0.07554051365815949,0.002216056508675767,-0.07611140983322613,-0.0011051376707784434,-0.30659309020906883,-0.013389840028700662,0.3307538841938683,-0.1948140377901884,0.5953874027626298,-0.1423077108461155,-0.7639787681093636,-0.03755032043134333,-0.12374509719645038,0.037594626743962,-0.34654181978571896,46.022410627977926,34.983127109111365,579,80,0.035723379524631955,50.35723379524632,55.56805399325084,396,83,-0.30659309020906883,46.934069097909315,44.20697412823397,497,40,-0.009245419547659513,49.9075458045234,48.59392575928009,457,74,0.043402409344830445,50.43402409344831,52.64341957255343,422,92
"Andueza, Axel",672847.0,DOW_EAS1,Four-Seam,452,217,34,103,127,16,101,148,28,1,43,56,27,65,12085.97265,0.2429911090166862,0.1566820276497695,0.2278761061946902,0.1259842519685039,0.1584158415841584,81.66197736486487,0.1891891891891892,0.0067567567567567,0.2905405405405405,0.3783783783783784,0.1824324324324324,0.4391891891891892,-0.7592346084530102,0.002470549415906095,-0.7017108795252823,0.020585390361753685,-0.574134659424919,-0.008336435254849825,-0.3121117401185893,-0.013630856026199149,0.6161097378646713,-0.36288863560229134,0.19525947665622195,-0.046670334331940205,-0.5239408103593812,-0.025752214769973948,-0.2858482713729849,0.08684270578101243,-0.34737983042658227,46.01279198448837,34.87064116985377,580,159,-0.05073286331571681,49.492671366842835,52.08098987626547,426,46,-0.3121117401185893,46.87888259881411,43.98200224971879,499,125,0.22203443195508285,52.220344319550826,57.48031496062992,379,88,-0.1919077163061057,48.080922836938946,43.082114735658045,507,75
"Hohenstein, Liam",1000116556.0,WIN_CIT29,Changeup,84,39,7,15,27,0,28,27,4,1,8,10,6,11,2221.29663,0.2849687680694922,0.1794871794871795,0.1785714285714285,0.0,0.0,82.27024555555555,0.1481481481481481,0.037037037037037,0.2962962962962963,0.3703703703703703,0.2222222222222222,0.4074074074074074,-0.5521872386599381,0.0017968172745994387,-1.49760368567904,0.043933701723080316,-2.043856604886625,-0.029676797902953796,-1.6071549188860101,-0.07018927677250872,0.796809719931068,-0.469320925039399,-0.3201169361031908,0.07651338971657635,0.5517848521498085,0.02712077726801524,-0.22247460245623252,0.06758934154842063,-0.35223297218416955,45.957087870370685,34.758155230596174,581,88,-0.11313243079783081,48.86867569202169,49.887514060742404,446,95,-1.6071549188860101,33.928450811139896,1.968503937007874,868,122,-0.30180454794428985,46.9819545205571,36.895388076490434,564,93,0.0690073343306507,50.69007334330651,53.430821147356575,416,84
"Hines, Carter",809552.0,FLO_Y'A,Four-Seam,53,21,7,14,10,4,11,13,4,0,3,4,3,6,1056.81427,0.2694796092446702,0.3333333333333333,0.2641509433962264,0.4,0.3636363636363636,81.2934053846154,0.3076923076923077,0.0,0.2307692307692307,0.3076923076923077,0.2307692307692307,0.4615384615384615,0.8445779192187074,-0.002748256549137674,-0.11615017078879054,0.0034073814102599594,2.622510571954293,0.038078853504776335,1.3655578323755697,0.05963800721333825,0.5066169989041954,-0.29839741235457107,1.683372608432461,-0.40235467074970155,-0.7639787681093636,-0.03755032043134333,-0.943959448585413,0.28678148819638855,-0.3531449297599905,45.94662046772484,34.645669291338585,582,160,-0.6015290455136011,43.98470954486399,29.527559055118108,625,125,1.3655578323755697,63.6555783237557,89.31383577052868,95,11,-0.4143272896353009,45.85672710364699,31.777277840269967,605,179,-0.3753858348943997,46.246141651056,36.33295838020247,566,101
"Debban, Caleb",1000551056.0,NEW_JER6,Curveball,206,88,36,74,65,19,59,42,7,0,10,21,4,17,3493.26395,0.2757807919851974,0.4090909090909091,0.3592233009708738,0.2923076923076923,0.3220338983050847,83.1729511904762,0.1666666666666666,0.0,0.238095238095238,0.5,0.0952380952380952,0.4047619047619047,1.5323789439316773,-0.004986361083553678,1.4185400270848498,-0.04161429023456115,1.3661809474201996,0.019836947356541297,1.0254593396464908,0.04478488574038119,1.064979080975869,-0.6272726786947869,-0.08756904254101738,0.020930489841026353,-0.7639787681093636,-0.03755032043134333,-0.8632965465337038,0.2622755339127649,-0.36359579359353134,45.82666598448687,34.53318335208099,583,63,0.896960567818878,58.96960567818878,81.55230596175478,158,35,1.0254593396464908,60.25459339646491,84.58942632170978,138,39,1.3699619000364571,63.69961900036457,92.51968503937007,66,8,0.09072579748826617,50.90725797488266,53.768278965129355,412,71
"Delaney, Carter",1000039247.0,WIN_CIT29,Slider,78,28,7,20,17,5,21,19,5,0,5,8,4,7,1542.81221,0.282052843346634,0.25,0.2564102564102564,0.2941176470588235,0.238095238095238,81.20064263157894,0.2631578947368421,0.0,0.2631578947368421,0.4210526315789473,0.2105263157894736,0.3684210526315789,0.08799679203444118,-0.0002863415612800716,-0.24110296195996614,0.007072996492057567,1.387295731025814,0.02014353401449482,0.33926414444002373,0.014816682980129154,0.4790597008789881,-0.28216616381772397,1.1241278765460994,-0.26868567266841903,-0.7639787681093636,-0.03755032043134333,-0.587344513198907,0.17843937452142034,-0.3682159104706645,45.77363651808842,34.4206974128234,584,153,0.28179114760870166,52.81791147608702,64.34195725534309,318,64,0.33926414444002373,53.39264144440024,67.94150731158605,285,107,-0.14782605931448317,48.52173940685517,42.68841394825647,505,120,0.3890688966534017,53.890688966534015,64.96062992125984,311,63
"Petery, Dylan",10998503.0,WIN_CIT29,Slider,59,24,5,19,16,3,18,15,1,1,5,6,1,8,1252.55968,0.2216499756428386,0.2083333333333333,0.3220338983050847,0.1875,0.1666666666666666,83.50397866666667,0.0666666666666666,0.0666666666666666,0.3333333333333333,0.4,0.0666666666666666,0.5333333333333333,-0.2902937715576925,0.0009446159326487314,0.8182160928524446,-0.024003187299919314,0.14350300925755516,0.002083663694419701,-0.24466157455778645,-0.010685104945662207,1.1633183660586244,-0.6851945176085297,-1.3433276677767558,0.32107814916899685,1.604395748357146,0.07885765542750209,0.1853211801385213,-0.05630187177434374,-0.37322059740488767,45.71619297614542,34.308211473565805,585,154,0.11774596888598897,51.17745968885989,58.21147356580427,376,86,-0.24466157455778645,47.553384254422134,47.30033745781777,474,153,1.7461093508321255,67.46109350832126,95.95050618672666,37,10,-0.9647915119718352,40.35208488028165,17.491563554555682,735,163
"Ginn, Landon",701061.0,WAS_WIL3,Cutter,112,57,28,44,32,11,26,18,4,0,4,11,3,4,1489.17092,0.2475551548104218,0.4912280701754385,0.3928571428571428,0.34375,0.4230769230769231,82.73171777777777,0.2222222222222222,0.0,0.2222222222222222,0.6111111111111112,0.1666666666666666,0.2222222222222222,2.278100054936264,-0.0074129375787626035,1.9614688949122905,-0.057541651501146956,1.9663026877110388,0.028550715025564284,1.8514820321010206,0.08085977478794787,0.933900601150766,-0.5500674540778011,0.6100746381455046,-0.14581820978562407,-0.7639787681093636,-0.03755032043134333,-1.0380661676457401,0.31537176819394935,-0.37360831536721656,45.71174276910474,34.19572553430822,586,29,1.7627545666331996,67.627545666332,94.88188976377953,46,2,1.8514820321010206,68.5148203210102,94.31946006749156,51,1,0.4295932730472875,54.29593273047288,67.82902137232846,283,13,1.589299755363718,65.89299755363717,94.71316085489315,47,3
"Martinez, Gregory",1000051547.0,DOW_EAS1,Sinker,98,45,11,26,23,3,29,33,4,0,9,11,6,16,2740.57529,0.2449351822469363,0.2444444444444444,0.2653061224489796,0.1304347826086956,0.1034482758620689,83.04773606060606,0.1212121212121212,0.0,0.2727272727272727,0.3333333333333333,0.1818181818181818,0.4848484848484848,0.03755805022215642,-0.000122213895422897,-0.09750287924921432,0.002860344465654951,-0.5222151341776308,-0.007582563748259199,-0.7614693948202164,-0.033255652879983305,1.027781061963426,-0.6053630454964579,-0.6583684176481706,0.1573612440810128,-0.7639787681093636,-0.03755032043134333,-0.48198100956198503,0.14642920457199798,-0.37722300333280084,45.67025356458687,34.08323959505062,587,81,-0.40173043040260414,45.98269569597396,38.02024746906636,554,112,-0.7614693948202164,42.38530605179783,26.209223847019125,657,67,0.2301211400495842,52.301211400495845,58.38020247469067,375,62,-0.5667513144649955,44.33248685535005,28.57142857142857,636,123
"Maietta, Dante",1000137704.0,WIN_CIT29,Four-Seam,472,222,38,114,126,10,117,157,31,4,56,42,26,89,12621.4822,0.2401101760163078,0.1711711711711711,0.2415254237288135,0.0793650793650793,0.0854700854700854,80.39160636942675,0.197452229299363,0.0254777070063694,0.3566878980891719,0.267515923566879,0.1656050955414012,0.5668789808917197,-0.6276880580047305,0.002042496940747393,-0.48137897273695396,0.014121733544211281,-1.1179901015451739,-0.016233216274435924,-0.9084403833330752,-0.03967431686130539,0.23871696999252576,-0.14060429532559765,0.29902331554641826,-0.07147165581195826,0.14113251206892038,0.0069368041006995056,0.4424662914562317,-0.13442435660844337,-0.3793068062960824,45.64633578021885,33.970753655793025,588,161,-0.9145892959422975,40.85410704057703,19.460067491563553,717,170,-0.9084403833330752,40.915596166669246,17.99775028121485,730,216,0.4435690275885278,54.43569027588528,69.40382452193475,273,56,-1.240187158176806,37.59812841823194,11.473565804274466,788,210
"Barreto, Brayhans",810980.0,TRI_VAL,Sinker,150,57,8,40,37,4,46,44,7,1,16,20,13,11,3558.00693,0.2779965478951176,0.1403508771929824,0.2666666666666666,0.1081081081081081,0.0869565217391304,80.86379386363636,0.1590909090909091,0.0227272727272727,0.3636363636363636,0.4545454545454545,0.2954545454545454,0.25,-0.9075046911027521,0.0029530202648483553,-0.07554051365815949,0.002216056508675767,-0.7826762868215122,-0.011364459684648357,-0.8962888261930239,-0.039143621906327926,0.3789910679011607,-0.22322573899378365,-0.18270227172554224,0.04366894888102393,0.04342163523149186,0.0021342167932630563,0.5189722749887742,-0.15766740994751452,-0.38042898808446335,45.63345543475953,33.85826771653544,589,82,0.5427721137584732,55.42772113758473,71.37232845894263,252,50,-0.8962888261930239,41.03711173806976,18.503937007874015,724,91,-1.265919857433186,37.34080142566814,9.561304836895388,805,136,1.3612558922087576,63.61255892208757,91.00112485939258,75,12
"Gartland, Chad",1000103698.0,SUS_COU1,Four-Seam,104,44,6,30,15,3,29,35,8,2,9,13,6,16,2874.60587,0.2508553635418368,0.1363636363636363,0.2884615384615384,0.2,0.1034482758620689,82.13159628571428,0.2285714285714285,0.0571428571428571,0.2571428571428571,0.3714285714285714,0.1714285714285714,0.4571428571428571,-0.9437047450350137,0.0030708152403439346,0.27627968898318056,-0.008104940956010585,0.28932698353383396,0.004201027800911269,-0.7614693948202164,-0.033255652879983305,0.7556207822925775,-0.4450606407703281,0.6898053445096779,-0.16487520402866968,1.266056531719074,0.062227944590524206,-0.6535730011992581,0.198560052775343,-0.3832365982278693,45.601229828412514,33.74578177727784,590,162,-0.10488677366626559,48.95113226333734,50.506186726659166,440,51,-0.7614693948202164,42.38530605179783,26.209223847019125,655,188,0.36690203124800896,53.669020312480086,65.12935883014623,311,65,-0.3392997730325156,46.607002269674844,37.34533183352081,558,100
"Andueza, Axel",672847.0,DOW_EAS1,Curveball,168,63,19,53,34,5,41,37,6,1,15,16,9,12,2961.29693,0.2423682400062015,0.3015873015873015,0.3154761904761904,0.1470588235294117,0.1219512195121951,80.03505216216216,0.1621621621621621,0.027027027027027,0.4054054054054054,0.4324324324324324,0.2432432432432432,0.3243243243243243,0.5563565374342245,-0.0018103841728109667,0.7123593519209767,-0.020897773947953772,-0.3282804369304062,-0.004766631944229498,-0.6102085693775535,-0.026649638850425893,0.1327943854410439,-0.07821589302477486,-0.14413474638046517,0.03445065467561964,0.19617306289057285,0.009642102214134547,0.9788697300526368,-0.2973874760781014,-0.3856350411285422,45.573700622855114,33.63329583802025,591,64,0.3704642171885472,53.704642171885475,66.92913385826772,295,56,-0.6102085693775535,43.897914306224465,31.439820022497187,610,81,-0.5785496694005617,44.214503305994384,24.803149606299215,668,69,0.7510844745779188,57.51084474577919,76.09673790776152,213,51
"Gordillo, Lucas",808851.0,TRI_VAL,Sinker,73,32,8,18,16,3,18,19,4,0,6,7,3,9,1539.44987,0.2599513343762605,0.25,0.2465753424657534,0.1875,0.1666666666666666,81.02367736842105,0.2105263157894736,0.0,0.3157894736842105,0.3684210526315789,0.1578947368421052,0.4736842105263157,0.08799679203444118,-0.0002863415612800716,-0.3998614740301921,0.011730336202149716,0.14350300925755516,0.002083663694419701,-0.24466157455778645,-0.010685104945662207,0.4264881208285881,-0.2512015031680384,0.46320228431676225,-0.11071322039053956,-0.7639787681093636,-0.03755032043134333,-0.007845243195835771,0.002383439799597278,-0.3942390508006969,45.47494423769531,33.52080989876266,592,83,-0.12832179919808162,48.71678200801918,49.26884139482565,450,95,-0.24466157455778645,47.553384254422134,47.30033745781777,468,33,0.5450771395196417,55.45077139519642,72.44094488188976,244,35,-0.47509732161802554,45.249026783819744,31.664791901012375,608,121
"Morel, Yohanse",678353.0,OTT_TIT,Changeup,103,45,22,32,39,12,26,17,6,0,4,8,2,7,1370.82274,0.2582797612475569,0.4888888888888889,0.3106796116504854,0.3076923076923077,0.4615384615384615,80.63663176470588,0.3529411764705882,0.0,0.2352941176470588,0.4705882352941176,0.1176470588235294,0.4117647058823529,2.2568626899626714,-0.007343831193138532,0.6349313518699847,-0.018626346138457872,1.5456566080679273,0.022442933949146305,2.1659035730998415,0.09459150674798937,0.31150736937618484,-0.18347784056257285,2.2515891809373194,-0.5381680912600952,-0.7639787681093636,-0.03755032043134333,-0.8941382443770037,0.27164545760944436,-0.3964865312790278,45.44914777113908,33.40832395950506,593,89,0.6677798034268513,56.67779803426851,75.42182227221598,220,50,2.1659035730998415,71.65903573099841,96.962879640045,29,3,1.0749442915692662,60.74944291569266,88.35770528683915,106,21,0.03323574795340204,50.33235747953402,52.30596175478065,425,85
"Cook, Cole",1000161363.0,SCH_BOO,Four-Seam,302,135,20,86,63,11,84,103,20,4,35,33,25,45,8353.79051,0.2606826830355531,0.1481481481481481,0.2847682119205298,0.1746031746031746,0.1309523809523809,81.10476223300972,0.1941747572815534,0.0388349514563106,0.3398058252427184,0.3203883495145631,0.2427184466019417,0.4368932038834951,-0.836713474524107,0.0027226656461014445,0.21666076099370676,-0.006355960084511382,-0.0069502975354308995,-0.00010091832021445666,-0.5366244340566915,-0.023435998908557885,0.4505762349224594,-0.26538940236932856,0.2578661779930862,-0.061634400265373486,0.6156568725507378,0.03026015094274131,0.25658646253372075,-0.0779527634229821,-0.40188662678212506,45.38716574976485,33.29583802024747,594,163,-0.502599634147962,44.97400365852038,33.970753655793025,588,106,-0.5366244340566915,44.633755659433085,35.48931383577053,574,156,-0.5716406372421525,44.283593627578476,25.084364454443193,667,202,-0.1730586433872357,48.269413566127646,45.219347581552306,488,68
"Willeman, Landon",812254.0,EVA_OTT,Slider,101,44,14,28,28,6,24,24,5,1,8,8,6,10,1950.90586,0.2343203022764153,0.3181818181818182,0.2772277227722772,0.2142857142857142,0.25,81.28774416666667,0.2083333333333333,0.0416666666666666,0.3333333333333333,0.3333333333333333,0.25,0.4166666666666667,0.7070177142761137,-0.002300635642254474,0.09493963112786032,-0.00278514901876691,0.45598295413529405,0.006620872494044469,0.43658509760632624,0.019066980967761084,0.5049352045946041,-0.29740683550622177,0.4356637179738739,-0.10413103487896141,0.7162553046822042,0.03520466448043502,0.1853211801385213,-0.05630187177434374,-0.40203300887830773,45.38548558351424,33.18335208098988,595,155,-0.40173043040260414,45.98269569597396,38.02024746906636,566,128,0.43658509760632624,54.365850976063264,70.3599550056243,273,101,-0.6675034584400784,43.324965415599216,21.034870641169853,717,149,-0.007007286721002997,49.92992713278997,50.843644544431946,443,96
"Potteiger, Jack",1000095892.0,JOL_SLA,Sinker,101,43,7,26,18,3,30,27,5,1,6,22,3,2,2254.24928,0.2624617334964335,0.1627906976744186,0.2574257425742574,0.1666666666666666,0.1,83.49071407407408,0.1851851851851851,0.037037037037037,0.2222222222222222,0.8148148148148148,0.1111111111111111,0.074074074074074,-0.7037741550188611,0.002290081100431374,-0.22471064034592625,0.006592111345188093,-0.09953694786957673,-0.0014452764830662542,-0.7896589122890756,-0.034486773676400795,1.1593778153602923,-0.6828735332472121,0.14497885102115604,-0.034652410034523656,0.5517848521498085,0.02712077726801524,-1.0380661676457401,0.31537176819394935,-0.40208325553361884,45.38490885496162,33.07086614173229,596,84,3.3500435644594546,80.0,99.8875140607424,2,1,-0.7896589122890756,42.10341087710924,24.521934758155233,676,72,1.1609910940388635,61.60991094038863,89.82002249718786,95,12,2.8055336921901723,78.05533692190173,99.77502812148481,3,1
"Godwin, Connor",802684.0,NEW_YOR13,Sinker,149,62,11,36,34,5,46,48,7,0,14,24,12,12,3960.49668,0.2683361857755253,0.1774193548387097,0.2416107382550335,0.1470588235294117,0.108695652173913,82.51034750000001,0.1458333333333333,0.0,0.2916666666666667,0.5,0.25,0.25,-0.5709609639002424,0.0018579069765313888,-0.48000179675787624,0.014081332709689058,-0.3282804369304062,-0.004766631944229498,-0.7185723030197774,-0.03138220818978273,0.8681374956050786,-0.5113329849113912,-0.34918542279846265,0.08346125220102014,-0.7639787681093636,-0.03755032043134333,-0.2734490752805764,0.08307574321376607,-0.4025559103757401,45.37948374673711,32.95838020247469,597,85,0.896960567818878,58.96960567818878,81.55230596175478,162,32,-0.7185723030197774,42.81427696980223,27.727784026996627,644,64,-0.6675034584400784,43.324965415599216,21.034870641169853,695,114,1.3612558922087576,63.61255892208757,91.00112485939258,79,14
"Salata, Derek",1000057774.0,SCH_BOO,Slider,179,73,19,54,44,8,43,46,8,2,19,16,14,16,3688.06372,0.2610361675952135,0.2602739726027397,0.3016759776536313,0.1818181818181818,0.1860465116279069,80.17529826086957,0.1739130434782608,0.0434782608695652,0.4130434782608695,0.3478260869565217,0.3043478260869565,0.3478260869565217,0.18127391730373416,-0.0005898653269063509,0.48959164227706087,-0.014362660417839858,0.07721938458651913,0.0011212254641962578,-0.08623211591496983,-0.003766015198354477,0.17445769762663543,-0.10275558390208826,0.0034279592876593668,-0.0008193405450584789,0.7806133078470568,0.03836792469399069,1.0629686252880999,-0.32293730914290175,-0.4057416243749622,45.342918283574704,32.8458942632171,598,156,-0.28880077838334517,47.11199221616655,42.63217097862767,510,117,-0.08623211591496983,49.1376788408503,53.712035995500564,413,144,-1.383001326801403,36.16998673198597,8.267716535433072,818,173,0.5581448958804205,55.5814489588042,71.03487064116986,261,51
"Hill, Kaleb",1000371973.0,OTT_TIT,Four-Seam,57,22,4,13,30,5,18,17,4,0,6,7,4,6,1363.91787,0.2496759544817481,0.1818181818181818,0.2280701754385964,0.1666666666666666,0.2777777777777778,80.23046294117647,0.2352941176470588,0.0,0.3529411764705882,0.4117647058823529,0.2352941176470588,0.3529411764705882,-0.5310241302072316,0.0017279525196943317,-0.6985781480570663,0.0204934885514021,-0.09953694786957673,-0.0014452764830662542,0.6636673216610304,0.028984342938902178,0.19084562797498536,-0.11240807487726637,0.7742260924246859,-0.18505319793307115,-0.7639787681093636,-0.03755032043134333,0.4012130650416261,-0.1218913376511013,-0.4071424233658498,45.326839984043815,32.73340832395951,599,164,0.20941827464279913,52.09418274642799,61.24859392575927,345,32,0.6636673216610304,56.636673216610305,76.32170978627671,211,31,-0.47389815288348414,45.26101847116516,28.45894263217098,637,190,0.5161521640462589,55.16152164046259,69.79752530933632,268,23
"Petschke, Ben",814386.0,EVA_OTT,Cutter,254,121,18,60,66,7,70,87,16,1,32,38,20,29,7004.2852,0.2401468080891681,0.1487603305785124,0.2362204724409448,0.106060606060606,0.1,80.50902528735632,0.1839080459770115,0.0114942528735632,0.367816091954023,0.4367816091954023,0.2298850574712643,0.3333333333333333,-0.831155486445618,0.002704579952894041,-0.5670132932627373,0.016633901971155662,-0.8065622776939583,-0.011711284272116275,-0.7896589122890756,-0.034486773676400795,0.2735989458854894,-0.16114977912655323,0.12894106525824864,-0.030819106594830815,-0.3556383342358277,-0.017479979766025167,0.564993115657775,-0.17164886348864164,-0.4079573050005182,45.31748681411034,32.62092238470191,600,30,0.40435363745900565,54.043536374590055,67.94150731158605,286,16,-0.7896589122890756,42.10341087710924,24.521934758155233,675,31,-0.40268700601209295,45.97312993987907,33.014623172103484,597,27,0.6771243027438776,56.77124302743878,74.29696287964005,235,10
"Kelly, Aiden",1000062337.0,TRI_VAL,Four-Seam,148,68,11,45,35,9,49,53,13,0,13,20,9,24,4336.47674,0.2513863832032333,0.1617647058823529,0.304054054054054,0.2571428571428571,0.1836734693877551,81.8203158490566,0.2452830188679245,0.0,0.2452830188679245,0.3773584905660377,0.1698113207547169,0.4528301886792453,-0.7130891073371355,0.002320391955275039,0.5279793570095772,-0.015488802417232958,0.9559508659396789,0.013880406573444137,-0.10563164146306907,-0.004613250677616615,0.6631478070778221,-0.39059405836883715,0.8996625810719849,-0.21503465114008263,-0.7639787681093636,-0.03755032043134333,-0.7841555860301389,0.2382319561250584,-0.4088483283813351,45.307259693089414,32.508436445444325,601,165,-0.05867997804221275,49.413200219577874,51.74353205849269,430,48,-0.10563164146306907,48.94368358536931,52.924634420697416,419,94,0.3881933963873873,53.88193396387388,65.74803149606299,305,62,-0.3038945802623661,46.96105419737634,38.69516310461192,546,94
"Dill, Austin",1000429156.0,TRI_VAL,Sinker,197,101,2,38,36,1,61,85,13,3,31,24,23,38,6905.89575,0.2639141444640261,0.0198019801980198,0.1928934010152284,0.0277777777777777,0.0163934426229508,81.24583235294118,0.1529411764705882,0.0352941176470588,0.3647058823529411,0.2823529411764706,0.2705882352941176,0.4470588235294118,-2.001964935533978,0.006514393900227564,-1.2664135555041534,0.037151508064269846,-1.7198033287171177,-0.02497154433297255,-1.4731391800996276,-0.06433640741249103,0.49248434146469605,-0.290073277122706,-0.2599280695341577,0.06212722739584577,0.4898665641376127,0.0240774314939278,0.5307481959834887,-0.16124501717715573,-0.4107556851910543,45.28536714869265,32.39595050618673,602,86,-0.7989770886821161,42.01022911317884,22.38470191226097,691,126,-1.4731391800996276,35.26860819900372,3.937007874015748,855,141,-0.9385508862193087,40.614491137806915,15.185601799775029,755,126,-0.2565141017023123,47.43485898297688,40.044994375703034,534,109
"Parenteau, Matt",1000091037.0,EVA_OTT,Four-Seam,66,25,4,14,25,3,16,16,3,0,5,4,2,10,1306.75748,0.2322575852743642,0.16,0.2121212121212121,0.12,0.1875,81.6723425,0.1875,0.0,0.3125,0.25,0.125,0.625,-0.7291108253245665,0.002372526625606139,-0.9560317159904974,0.028046146420297232,-0.6439464518343497,-0.009350102480634758,-0.07434990651675787,-0.003247083467306366,0.6191889383911814,-0.36470228471240584,0.17404733771642894,-0.041600272518967696,-0.7639787681093636,-0.03755032043134333,-0.04406394757102753,0.013386935719711161,-0.4126444548450434,45.263687946723465,32.28346456692913,603,166,-1.051075929513345,39.489240704866546,14.848143982002249,763,196,-0.07434990651675787,49.256500934832424,54.330708661417326,408,87,0.9781416387909692,59.781416387909694,86.22047244094489,126,24,-1.7173362603832036,32.82663739616797,3.9932508436445446,855,258
"McKillican, Adam",1000570064.0,QUE_CAP,Sinker,59,34,5,13,13,2,22,20,7,0,8,9,5,6,1540.71182,0.2697469941048864,0.1470588235294117,0.2203389830508474,0.1538461538461538,0.0909090909090909,77.035591,0.35,0.0,0.4,0.45,0.25,0.3,-0.8466034238990652,0.002754847541367558,-0.8233776742078481,0.024154607450561433,-0.24909999840934954,-0.0036169319769037553,-0.8639767310706152,-0.037732455776046975,-0.7582641747577394,0.4466175989323085,2.2146551037245037,-0.5293402189269197,-0.7639787681093636,-0.03755032043134333,0.9193535888090787,-0.27930605575531975,-0.414018928942296,45.247911802982046,32.170978627671545,604,87,0.5073532683524334,55.073532683524334,70.3037120359955,265,55,-0.8639767310706152,41.36023268929385,20.41619797525309,713,85,-0.6675034584400784,43.324965415599216,21.034870641169853,702,116,0.9507769385298297,59.507769385298296,83.57705286839146,149,29
"Bell, Brendan",681141.0,NEW_ENG23,Slider,61,28,11,21,24,7,19,14,1,0,5,7,5,2,1161.40163,0.3027628590431685,0.3928571428571428,0.3442622950819672,0.2916666666666667,0.3684210526315789,82.95725928571429,0.0714285714285714,0.0,0.3571428571428571,0.5,0.3571428571428571,0.1428571428571428,1.3849930100646117,-0.004506767254750246,1.1770344025923996,-0.03452948123445063,1.358702794893211,0.019728364581849425,1.404672473839538,0.06134626094999414,1.0009028660449382,-0.5895317881004686,-1.283529638003625,0.30678540348671246,-0.7639787681093636,-0.03755032043134333,0.447475611806577,-0.13594622319612074,-0.41420455119857746,45.24578124017074,32.05849268841395,605,157,0.896960567818878,58.96960567818878,81.55230596175478,150,25,1.404672473839538,64.04672473839538,89.65129358830146,93,37,-2.0780563989238328,29.219436010761672,2.8683914510686166,864,187,2.2408536500921756,72.40853650092176,98.4814398200225,14,2
"Cook, Cole",1000161363.0,SCH_BOO,Changeup,260,118,33,75,37,14,73,73,15,1,22,38,16,19,5970.29149,0.2610437198326383,0.2796610169491525,0.2884615384615384,0.3783783783783784,0.1917808219178082,81.78481493150684,0.2054794520547945,0.0136986301369863,0.3013698630136986,0.5205479452054794,0.2191780821917808,0.2602739726027397,0.3572883796762985,-0.0011626163874666753,0.27627968898318056,-0.008104940956010585,2.37027450834127,0.03441638586111524,-0.03935435828914945,-0.0017187228895620239,0.6526014473260535,-0.3843822524750455,0.3998258576646352,-0.09556517702142811,-0.2773264702052858,-0.013630873337060001,-0.16661216648434843,0.050617942463110445,-0.4195302547423471,45.18465308591988,31.946006749156357,606,90,1.0570731566407043,60.57073156640705,85.15185601799774,133,39,-0.03935435828914945,49.606456417108504,55.51181102362205,396,54,-0.2617279550132446,47.382720449867556,38.188976377952756,550,90,1.2769109017267863,62.769109017267866,89.76377952755905,92,24
"Brouwer, Adam",10998502.0,LAK_ERI24,Curveball,78,33,3,24,33,5,22,24,6,0,7,10,5,9,1941.98778,0.2640932609782203,0.0909090909090909,0.3076923076923077,0.1515151515151515,0.2272727272727272,80.9161575,0.25,0.0,0.2916666666666667,0.4166666666666667,0.2083333333333333,0.375,-1.356385359862795,0.004413677960993535,0.5867092795490707,-0.017211703424851538,-0.27629328032567163,-0.004011778430328752,0.25079055065247696,0.010952775718645625,0.39454688406359467,-0.23238811471345724,0.9588964784887655,-0.22919255959894927,-0.7639787681093636,-0.03755032043134333,-0.2734490752805764,0.08307574321376607,-0.4219122797055249,45.157312324613535,31.833520809898765,607,65,0.24761506870813713,52.47615068708137,62.93588301462317,328,59,0.25079055065247696,52.50790550652477,64.79190101237346,313,58,-0.11895509269639526,48.81044907303605,44.20697412823397,495,53,0.3350585080114373,53.35058508011437,63.77952755905512,321,63
"Armstrong, Andrew",803262.0,NEW_YOR13,Four-Seam,135,68,24,50,41,9,36,39,4,0,18,5,11,23,3126.6829,0.2701870116918397,0.3529411764705882,0.3703703703703703,0.2195121951219512,0.25,80.17135641025641,0.1025641025641025,0.0,0.4615384615384615,0.1282051282051282,0.282051282051282,0.5897435897435898,1.0225970079679465,-0.003327530663927698,1.5984797969490026,-0.04689300332329594,0.5169546506968051,0.00750618152811761,0.43658509760632624,0.019066980967761084,0.17328668071993583,-0.1020658549440422,-0.8925425202562343,0.21333283556408436,-0.7639787681093636,-0.03755032043134333,1.5969219660434384,-0.4851560717377589,-0.435086783040405,45.00609604578493,31.72103487064117,608,167,-2.0001193512905817,29.998806487094182,0.562429696287964,885,271,0.43658509760632624,54.365850976063264,70.3599550056243,255,43,-1.0894637397813718,39.10536260218628,11.923509561304838,784,246,-1.4278959725326774,35.72104027467323,7.874015748031496,820,236
"Maher, Adam",1000133555.0,TRI_VAL,Four-Seam,240,96,28,70,72,17,62,62,10,5,25,16,17,29,5046.08169,0.258290871152024,0.2916666666666667,0.2916666666666667,0.2361111111111111,0.2741935483870967,81.38841435483872,0.1612903225806451,0.0806451612903225,0.4032258064516129,0.2580645161290322,0.2741935483870967,0.4677419354838709,0.4662873556265746,-0.0015172990552088737,0.32801795407749695,-0.009622734700817452,0.7105962425541944,0.010317857441886902,0.6343663895249388,0.027704683329722653,0.534841587133947,-0.3150216948218948,-0.1550829471235839,0.03706746077263765,2.1009904050356076,0.10326577939790516,0.9548712860028148,-0.2900965807866571,-0.43790252842242583,44.9737770635831,31.608548931383577,609,168,-0.9882360425026285,40.117639574973715,17.04161979752531,738,181,0.6343663895249388,56.34366389524939,75.92800899887514,215,32,-0.9860154127428608,40.13984587257139,14.173228346456693,764,240,-0.42631374478012235,45.73686255219878,34.19572553430822,586,108
"Garcia, Hector",815312.0,WAS_WIL3,Four-Seam,199,103,33,75,64,19,61,63,14,0,18,21,11,31,5146.36832,0.2526522702367739,0.3203883495145631,0.3768844221105528,0.296875,0.3114754098360656,81.68838603174602,0.2222222222222222,0.0,0.2857142857142857,0.3333333333333333,0.1746031746031746,0.492063492063492,0.7270507538308602,-0.002365823152965619,1.7036318265097554,-0.04997774326249019,1.4194627841749936,0.02061059962622091,0.9391441180552615,0.04101524106782743,0.6239550365418932,-0.3675095165231751,0.6100746381455046,-0.14581820978562407,-0.7639787681093636,-0.03755032043134333,-0.33898768319759076,0.10298683106921046,-0.4386089413923395,44.965668891463714,31.496062992125985,610,169,-0.40173043040260414,45.98269569597396,38.02024746906636,549,90,0.9391441180552615,59.39144118055262,83.46456692913385,148,22,0.32510787004849007,53.2510787004849,63.32958380202475,326,71,-0.6259834867130367,43.740165132869635,27.334083239595053,647,138
"Henderson, Drew",1000429021.0,DOW_EAS1,Four-Seam,472,216,35,134,113,17,119,160,36,3,50,40,36,84,12980.19904,0.244678690360548,0.162037037037037,0.2838983050847458,0.1504424778761062,0.1428571428571428,81.126244,0.225,0.01875,0.3125,0.25,0.225,0.525,-0.7106166199933959,0.00231234648145851,0.20261843020483578,-0.005944014268489063,-0.28880700297743017,-0.004193477683232286,-0.4393034808903899,-0.019185700920925995,0.4569578852689783,-0.2691481944234282,0.6449568221798309,-0.15415564476695665,-0.09787343535315707,-0.004810577221043023,-0.04406394757102753,0.013386935719711161,-0.4417383270829055,44.92974996176152,31.38357705286839,611,170,-1.051075929513345,39.489240704866546,14.848143982002249,753,190,-0.4393034808903899,45.6069651910961,37.96400449943757,552,146,-0.33837443899386893,46.61625561006131,35.60179977502812,574,167,-0.8963783530253474,41.03621646974653,19.40382452193476,717,172
"Escobar, Anthony",678673.0,TRO_AIG,Four-Seam,430,198,42,123,155,29,111,135,21,5,59,33,33,69,10858.46358,0.2455481042616757,0.2121212121212121,0.2860465116279069,0.1870967741935484,0.2612612612612612,80.43306355555555,0.1555555555555555,0.037037037037037,0.437037037037037,0.2444444444444444,0.2444444444444444,0.5111111111111111,-0.2559037203220438,0.0008327107059279304,0.23729550784234807,-0.0069613010180631235,0.13879901008735268,0.002015361626468361,0.5286454587095841,0.023087533118223667,0.2510327755938187,-0.1478583048247592,-0.2270977786783215,0.054280229766356373,0.5517848521498085,0.02712077726801524,1.3271493714038318,-0.40319726907808395,-0.4506802624359147,44.827114882833875,31.2710911136108,612,171,-1.0943656294540614,39.05634370545938,12.935883014623172,775,204,0.5286454587095841,55.28645458709584,73.00337457817773,241,37,-0.5943636763409202,44.0563632365908,24.24071991001125,673,203,-0.7823564214478669,42.176435785521335,21.822272215973005,696,158
"Sanders, Brayden",695550.0,MIS_MUD,Four-Seam,230,99,14,61,50,4,60,75,15,1,29,26,17,32,5999.09219,0.2676160720848525,0.1414141414141414,0.2652173913043478,0.08,0.0666666666666666,79.98789586666668,0.2,0.0133333333333333,0.3866666666666666,0.3466666666666667,0.2266666666666666,0.4266666666666667,-0.8978513433874818,0.002921608271382866,-0.09893520743993615,0.002902363245457967,-1.1105831695184414,-0.01612566762140777,-1.062157581154721,-0.046387608041770126,0.11878552901757072,-0.06996467659134915,0.33101716587089636,-0.07911872993496404,-0.29030386481606235,-0.01426872525957428,0.7725471070749663,-0.2347052189591243,-0.4547466548913488,44.78044103716871,31.158605174353205,613,172,-0.29783515054488535,47.021648494551144,42.29471316085489,514,74,-1.062157581154721,39.37842418845279,12.429696287964004,787,236,-0.3603163736236153,46.396836263763845,34.87064116985377,580,172,-0.0891030774567887,49.10896922543211,47.52530933633296,468,64
"Williams, Brian",1000079778.0,MIS_MUD,Cutter,144,77,22,39,44,8,40,44,10,0,14,21,7,16,3565.32356,0.2678907310313057,0.2857142857142857,0.2708333333333333,0.1818181818181818,0.2,81.0300809090909,0.2272727272727272,0.0,0.3181818181818182,0.4772727272727273,0.1590909090909091,0.3636363636363636,0.41224584654198376,-0.0013414479846476151,-0.00828076903554963,0.00024292464042688394,0.07721938458651913,0.0011212254641962578,0.027837094307859044,0.0012157294197071278,0.4283904390854241,-0.2523219686213148,0.6734967909351878,-0.1609771824789558,-0.7639787681093636,-0.03755032043134333,0.01849563271339488,-0.005619102687758358,-0.45523014267968953,44.77489158893877,31.046119235095617,614,31,0.7198663407886761,57.19866340788676,77.10911136107987,205,12,0.027837094307859044,50.27837094307859,58.21147356580427,379,14,0.529329339546138,55.29329339546138,71.70978627671542,253,12,0.42834917930210314,54.28349179302103,66.53543307086615,303,17
"Foltz Jr., Michael",803189.0,WAS_WIL3,Curveball,78,30,16,36,21,10,18,11,2,0,3,8,2,1,914.50342,0.2812722790840025,0.5333333333333333,0.4615384615384615,0.4761904761904761,0.5555555555555556,83.13667454545454,0.1818181818181818,0.0,0.2727272727272727,0.7272727272727273,0.1818181818181818,0.0909090909090909,2.660372624460947,-0.008656852519995923,3.0701460040761788,-0.09006580317557879,3.5113424151620856,0.050984691868153485,2.934489562208071,0.12815796265031307,1.0542022736313992,-0.6209251391688941,0.10269741582803442,-0.024546428238969305,-0.7639787681093636,-0.03755032043134333,-0.48198100956198503,0.14642920457199798,-0.45617268444431697,44.764073142530236,30.93363329583802,615,66,2.667902838120899,76.679028381209,99.10011248593926,9,3,2.934489562208071,79.34489562208071,99.10011248593926,9,4,0.2301211400495842,52.301211400495845,58.38020247469067,369,40,2.667325290278075,76.67325290278075,99.21259842519686,8,5
"Hernandez, Nyan",683466.0,NEW_JER6,Changeup,177,82,14,42,44,6,49,59,16,4,17,19,7,33,4805.3659800000005,0.2412954819457126,0.1707317073170731,0.2372881355932203,0.1363636363636363,0.1224489795918367,81.44688101694916,0.2711864406779661,0.0677966101694915,0.288135593220339,0.3220338983050847,0.1186440677966101,0.559322033898305,-0.6316779387018129,0.002055480012535699,-0.5497787130311327,0.01612830832548131,-0.4530496127817675,-0.0065782803775912635,-0.6061394006040497,-0.02647192604258066,0.5522104467201168,-0.32525195311814875,1.2249470346827778,-0.2927831653887735,1.6445376893142072,0.0808306719674826,-0.3123279104855848,0.09488740550089406,-0.45718345912070046,44.75247152223293,30.821147356580425,616,91,-0.4897772777396538,45.10222722260346,34.47694038245219,584,113,-0.6061394006040497,43.938605993959506,31.608548931383577,609,87,1.0618185081417013,60.61818508141701,87.85151856017997,109,23,-1.1781478042795264,38.218521957204736,12.823397075365579,776,126
"Gollert, Harley",1000114236.0,TRO_AIG,Four-Seam,160,71,12,45,58,11,37,53,9,2,21,13,10,30,4299.61684,0.2325494478922634,0.1690140845070422,0.28125,0.1896551724137931,0.2972972972972973,81.12484603773585,0.1698113207547169,0.0377358490566037,0.3962264150943396,0.2452830188679245,0.1886792452830188,0.5660377358490566,-0.6472721907221,0.0021062237086097134,0.15986859252097366,-0.004689905030195283,0.1686450737879479,0.0024487264714010038,0.8232386142400117,0.03595329999970403,0.45654258859568925,-0.26890358468286096,-0.04807977759649767,0.011491884201782083,0.5766105808339427,0.028340986658569118,0.8778045845447069,-0.2666831774167738,-0.45993554608976406,44.72088320805545,30.708661417322837,617,173,-1.087831335123387,39.12168664876613,13.273340832395949,772,202,0.8232386142400117,58.23238614240012,80.98987626546682,170,27,0.13979413642798358,51.39794136427984,53.993250843644546,410,102,-1.233280890478807,37.66719109521193,11.586051743532058,787,209
"Boies, Emiles",1000429129.0,QUE_CAP,Sinker,223,118,20,63,63,6,66,89,18,2,32,28,19,42,7174.15616,0.2604050258642013,0.1694915254237288,0.2825112107623318,0.0952380952380952,0.0909090909090909,80.60849617977527,0.2022471910112359,0.0224719101123595,0.3595505617977528,0.3146067415730337,0.2134831460674157,0.4719101123595505,-0.6429375172791723,0.0020921186812264264,0.18022748383050755,-0.00528715346565177,-0.9328168008768831,-0.013544499948732342,-0.8639767310706152,-0.037732455776046975,0.3031490501837645,-0.17855479055823728,0.3592364608200132,-0.0858636211558171,0.03434972058721179,0.0016883231165820468,0.4739856105145831,-0.14400014637360395,-0.4612022254802809,44.70634432647228,30.59617547806524,618,88,-0.5476507672814223,44.52349232718578,31.833520809898765,607,118,-0.8639767310706152,41.36023268929385,20.41619797525309,701,78,-0.18675320531640113,48.13246794683599,41.11361079865017,524,83,-0.4605327224336757,45.394672775663246,32.28346456692913,603,120
"Shears, Tanner",808632.0,SCH_BOO,Sinker,60,18,2,10,10,1,16,13,4,0,3,6,3,4,1057.11349,0.2670854795599011,0.1111111111111111,0.1666666666666666,0.1,0.0625,81.3164223076923,0.3076923076923077,0.0,0.2307692307692307,0.4615384615384615,0.2307692307692307,0.3076923076923077,-1.1729717532726696,0.0038168500851492666,-1.6897743846007802,0.04957122134664849,-0.8772648106763955,-0.012737885051021263,-1.0962199147629261,-0.04787521233744127,0.513454702487706,-0.3024248197652588,1.683372608432461,-0.40235467074970155,-0.7639787681093636,-0.03755032043134333,-0.943959448585413,0.28678148819638855,-0.4627733487065799,44.688311054035125,30.483689538807653,619,89,0.5972626451523819,55.97262645152382,73.11586051743532,244,48,-1.0962199147629261,39.03780085237074,10.348706411698538,801,119,-0.4143272896353009,45.85672710364699,31.777277840269967,615,96,0.8876263302715328,58.87626330271533,80.93363329583802,175,34
"Bohnert, Matthew",810066.0,WIN_CIT29,Four-Seam,331,145,30,94,96,15,86,98,18,0,35,33,24,41,7936.21005,0.2469071735494825,0.2068965517241379,0.283987915407855,0.15625,0.1744186046511628,80.98173520408163,0.1836734693877551,0.0,0.3571428571428571,0.336734693877551,0.2448979591836734,0.4183673469387755,-0.3033382737505245,0.0009870627427842067,0.20406495039232597,-0.005986449384709275,-0.22105692643314154,-0.0032097465718092153,-0.18128979110065915,-0.007917469046739086,0.41402824135444893,-0.2438626341577704,0.12599534950587785,-0.030115030452846407,-0.7639787681093636,-0.03755032043134333,0.447475611806577,-0.13594622319612074,-0.4636008104985543,44.67881348969629,30.371203599550057,620,174,-0.3752265324797167,46.247734675202835,39.707536557930254,537,83,-0.18128979110065915,48.187102088993406,50.0562429696288,445,104,-0.600334270797994,43.99665729202006,23.73453318335208,679,208,-0.020969155893755215,49.79030844106245,49.831271091113614,447,57
"Primeaux, Parker",1000101108.0,SUS_COU1,Four-Seam,56,23,3,15,12,2,11,18,2,0,10,4,7,7,1413.43194,0.2523692412830407,0.1304347826086956,0.2678571428571428,0.1666666666666666,0.1818181818181818,78.52399666666666,0.1111111111111111,0.0,0.5555555555555556,0.2222222222222222,0.3888888888888889,0.3888888888888889,-0.9975326513168982,0.0032459712473851864,-0.05632344376598549,0.0016523045463189504,-0.09953694786957673,-0.0014452764830662542,-0.12079854325522024,-0.005275634779585234,-0.3160992195776976,0.18618244033126388,-0.785212723227538,0.18767918946767645,-0.7639787681093636,-0.03755032043134333,2.6320958757070447,-0.7996491517109301,-0.4651604778122804,44.66091170764066,30.25871766029246,621,175,-1.2675244292169254,37.32475570783075,8.773903262092238,815,229,-0.12079854325522024,48.7920145674478,52.47469066366705,426,96,-2.49599801091902,25.0400198908098,1.1811023622047243,880,271,0.2210365764339572,52.21036576433957,59.5050618672666,362,40
"Cooper, Garrett",1000327042.0,NEW_YOR13,Four-Seam,192,94,11,53,66,10,57,77,18,2,23,31,15,31,6280.04736,0.2626054622301441,0.1170212765957446,0.2760416666666667,0.1515151515151515,0.175438596491228,81.55905662337662,0.2337662337662337,0.0259740259740259,0.2987012987012987,0.4025974025974026,0.1948051948051948,0.4025974025974026,-1.119313517302155,0.003642246185301212,0.07579391174271247,-0.0022234901948842128,-0.27629328032567163,-0.004011778430328752,-0.17295139854051148,-0.007553306428459757,0.5855347769743622,-0.3448799836378993,0.7550395588076383,-0.18046729022752528,0.15876454999446968,0.007803436396778179,-0.1959943568331965,0.059544457566422924,-0.468145708770595,44.626647378619225,30.146231721034873,622,176,0.13798530911801207,51.379853091180124,59.16760404949382,364,33,-0.17295139854051148,48.27048601459489,50.22497187851519,444,103,0.05914502605155324,50.59145026051553,51.06861642294713,436,113,0.10849544916267806,51.08495449162678,54.274465691788535,407,49
"Martzolf, Max",824782.0,OTT_TIT,Changeup,194,92,11,44,45,3,46,66,12,2,19,19,14,33,5447.32382,0.2460518393448783,0.1195652173913043,0.2268041237113402,0.0666666666666666,0.0652173913043478,82.53520939393938,0.1818181818181818,0.0303030303030303,0.2878787878787879,0.2878787878787879,0.2121212121212121,0.5,-1.0962171461670198,0.0035670905936274824,-0.7190151838620898,0.02109302943377827,-1.2661287420798062,-0.018384189334998784,-1.0740053493662705,-0.046905035622873126,0.8755232899927159,-0.5156832178057096,0.10269741582803442,-0.024546428238969305,0.3125551030117782,0.01536239586813191,-0.31515546213685797,0.09574643548541241,-0.46974991962160073,44.60823432810951,30.033745781777277,623,92,-0.755918884463008,42.44081115536992,23.73453318335208,679,123,-1.0740053493662705,39.25994650633729,11.361079865016873,789,107,-0.16882312594582125,48.31176874054179,41.676040494938135,520,84,-0.6911388761858831,43.08861123814117,24.634420697412825,677,115
"Barker, Alex",1000106691.0,NEW_YOR13,Slider,183,86,25,50,54,10,48,53,11,1,17,21,11,21,4328.52373,0.250392395324285,0.2906976744186046,0.273224043715847,0.1851851851851851,0.2083333333333333,81.67025905660377,0.2075471698113207,0.0188679245283018,0.320754716981132,0.3962264150943396,0.2075471698113207,0.3962264150943396,0.4574899006593151,-0.0014886721367454113,0.030310887715128493,-0.0008892002020110095,0.11649856957676172,0.0016915592302545802,0.09596176152426979,0.004190938011049434,0.6185700038651004,-0.36433773227654415,0.4257914017377438,-0.10177138346915032,-0.09368409363771231,-0.0046046668863871975,0.04682449925728357,-0.01422561064585755,-0.4814347683753916,44.474116228754276,29.92125984251969,624,158,0.08834164439795499,50.88341644397955,57.03037120359955,383,89,0.09596176152426979,50.9596176152427,59.730033745781775,359,129,-0.10860512353142011,48.9139487646858,44.54443194600675,494,116,0.16079857484585486,51.607985748458546,56.69291338582677,386,80
"Anibal, Trevor",822669.0,NEW_ENG23,Four-Seam,240,128,29,82,44,8,59,91,16,4,32,25,23,43,7421.58208,0.2725945369928703,0.2265625,0.3416666666666667,0.1818181818181818,0.135593220338983,81.55584703296704,0.1758241758241758,0.0439560439560439,0.3516483516483517,0.2747252747252747,0.2527472527472527,0.4725274725274725,-0.12479164998613376,0.00040607202905487927,1.1351348895488071,-0.03330031711980381,0.07721938458651913,0.0011212254641962578,-0.49868575739864174,-0.021779103082870878,0.5845812947138588,-0.3443183825864628,0.027427168561157098,-0.006555559547982087,0.7975868471432797,0.039202191123939335,0.3869784352677957,-0.1175667574834032,-0.4827906312033323,44.4585537042149,29.808773903262093,625,177,-0.8584129792277407,41.41587020772259,20.92238470191226,704,165,-0.49868575739864174,45.01314242601358,36.445444319460066,566,154,-0.7036714825550455,42.963285174449545,19.23509561304837,719,223,-0.4656009895491093,45.343990104508904,32.05849268841395,605,115
"Townes, Holland",830218.0,SCH_BOO,Four-Seam,154,89,15,34,61,7,43,65,12,2,25,20,14,31,5263.46258,0.2514308182552093,0.1685393258426966,0.2207792207792207,0.1147540983606557,0.1627906976744186,80.9763473846154,0.1846153846153846,0.0307692307692307,0.3846153846153846,0.3076923076923077,0.2153846153846154,0.4769230769230769,-0.6515825120670331,0.0021202494942661257,-0.8162712076837781,0.023946132148611316,-0.7051447098912802,-0.010238701187621388,-0.2763474662863494,-0.012068922895123735,0.41242766631892,-0.2429198954618439,0.13782353121924396,-0.032942166961430035,0.3291171625674858,0.016176437657354496,0.749961494500488,-0.22784355175970974,-0.4837704189654969,44.44730775014207,29.696287964004497,626,178,-0.6015290455136011,43.98470954486399,29.527559055118108,632,127,-0.2763474662863494,47.236525337136506,45.78177727784027,483,116,-0.21178635459148076,47.88213645408519,39.595050618672666,538,149,-0.501687051410993,44.98312948589007,30.708661417322837,617,123
"Turner, Eric",1000080978.0,JOL_SLA,Four-Seam,465,193,27,125,100,12,116,157,34,3,50,37,33,87,12770.34587,0.2395480553520231,0.1398963730569948,0.2688172043010752,0.12,0.1034482758620689,81.33978261146497,0.2165605095541401,0.019108280254777,0.3184713375796178,0.2356687898089172,0.2101910828025477,0.554140127388535,-0.911631122120937,0.002966447671381529,-0.04082580675616785,0.00119766586699894,-0.6439464518343497,-0.009350102480634758,-0.7614693948202164,-0.033255652879983305,0.5203944151627885,-0.3065123105308824,0.5389771929799991,-0.12882471173450047,-0.08514530797565241,-0.004184977032311292,0.02168338202725069,-0.00658756324355295,-0.48455120436348476,44.43834593507806,29.58380202474691,627,179,-1.1627468115260202,38.3725318847398,11.361079865016873,789,213,-0.7614693948202164,42.38530605179783,26.209223847019125,660,191,-0.14341266314356543,48.56587336856435,43.64454443194601,502,137,-1.135606533035678,38.64393466964322,13.498312710911136,770,200
"Chapple, Bronson",1000218472.0,TRO_AIG,Changeup,51,20,2,10,12,2,12,16,3,0,3,10,3,3,1352.51638,0.2822304051063474,0.1,0.196078431372549,0.1666666666666666,0.1666666666666666,84.53227375,0.1875,0.0,0.1875,0.625,0.1875,0.1875,-1.2738492368972383,0.0041451054168636136,-1.2149997166764794,0.0356432316884212,-0.09953694786957673,-0.0014452764830662542,-0.24466157455778645,-0.010685104945662207,1.4687969460026278,-0.8651214011955477,0.17404733771642894,-0.041600272518967696,-0.7639787681093636,-0.03755032043134333,-1.4203747138283218,0.43151978068404095,-0.4850942577852614,44.43211279553884,29.471316085489313,628,93,1.8709788164849894,68.7097881648499,95.78177727784028,38,9,-0.24466157455778645,47.553384254422134,47.30033745781777,464,67,0.15531909017544537,51.553190901754455,54.668166479190106,403,68,1.8743545843074179,68.74354584307417,97.35658042744657,24,5
"Shinn, Nathan",1000490914.0,LAK_ERI24,Sinker,50,23,3,15,8,1,14,20,4,0,6,11,3,6,1633.05695,0.2402944785807509,0.1304347826086956,0.3,0.125,0.0714285714285714,81.6528475,0.2,0.0,0.3,0.55,0.15,0.3,-0.9975326513168982,0.0032459712473851864,0.46253744332271485,-0.013568998437315164,-0.5856168621238382,-0.008503156838038132,-1.0232291998882,-0.04468748884671735,0.6133975026325803,-0.3612911290505898,0.33101716587089636,-0.07911872993496404,-0.7639787681093636,-0.03755032043134333,-0.1816950241967571,0.05520022021614418,-0.48627363207543844,44.418575997454425,29.358830146231725,629,90,1.286567867285323,62.86567867285323,89.0888638920135,99,15,-1.0232291998882,39.767708001118,14.735658042744657,758,103,0.6490126193447597,56.490126193447594,77.10911136107987,207,26,0.9507769385298297,59.507769385298296,83.57705286839146,150,30
"Peyton, Blake",1000017005.0,GAT_GRI,Curveball,90,30,5,19,38,1,16,18,5,0,5,10,3,5,1455.62217,0.2249002072076737,0.1666666666666666,0.2111111111111111,0.0263157894736842,0.0625,80.86789833333334,0.2777777777777778,0.0,0.2777777777777778,0.5555555555555556,0.1666666666666666,0.2777777777777778,-0.6685843351498258,0.0021755734265775334,-0.9723371086262812,0.028524481418660586,-1.7368587643049858,-0.025219189257708392,-1.0962199147629261,-0.04787521233744127,0.3802103945271262,-0.2239439223764773,1.3077183188320263,-0.31256690941227444,-0.7639787681093636,-0.03755032043134333,-0.42637249375360914,0.12953494820980274,-0.4869205507602039,44.411150697712316,29.24634420697413,630,67,1.3298575672260389,63.29857567226039,89.98875140607424,90,21,-1.0962199147629261,39.03780085237074,10.348706411698538,800,94,0.4295932730472875,54.29593273047288,67.82902137232846,293,35,1.1332120290537975,61.33212029053797,87.23284589426322,115,33
"Vitas, Ben",1000076969.0,JOL_SLA,Sinker,236,100,9,59,54,6,62,80,11,2,32,16,19,45,6500.14517,0.2510523791368926,0.09,0.25,0.1111111111111111,0.0967741935483871,81.251814625,0.1375,0.025,0.4,0.2,0.2375,0.5625,-1.3646389721593504,0.004440535215406526,-0.3445794921485953,0.010108583981671191,-0.7476435002085924,-0.010855783623028761,-0.8160297512115574,-0.035638467324662346,0.49426151224279785,-0.2911200307110079,-0.4538319749014401,0.10847355714501751,0.12416167556557851,0.0061026705157237494,0.9193535888090787,-0.27930605575531975,-0.4877949905561998,44.40111392223403,29.133858267716533,631,91,-1.4406832289797895,35.5931677102021,5.736782902137233,844,142,-0.8160297512115574,41.83970248788442,23.228346456692915,684,75,-0.5029389487169734,44.97061051283026,27.78402699662542,643,101,-1.2042375682845434,37.95762431715457,12.204724409448819,782,138
"De Los Santos, Enmanuel",679735.0,NEW_ENG23,Four-Seam,200,91,31,58,46,12,54,51,12,0,19,17,11,23,4085.30621,0.2469665715842678,0.3406593406593406,0.29,0.2608695652173913,0.2222222222222222,80.10404333333334,0.2352941176470588,0.0,0.3725490196078431,0.3333333333333333,0.2156862745098039,0.4509803921568627,0.911090545784357,-0.0029646886359822977,0.30111405622845266,-0.008833481953517887,0.9994263365313647,0.014511670406435416,0.2095028735516221,0.009149618996619991,0.15328979122449557,-0.09028768703122789,0.7742260924246859,-0.18505319793307115,-0.7639787681093636,-0.03755032043134333,0.617104949944731,-0.18748080352785887,-0.488508890109946,44.39291981948641,29.021372328458945,632,180,-0.40173043040260414,45.98269569597396,38.02024746906636,545,89,0.2095028735516221,52.09502873551622,63.10461192350956,325,62,-0.21575774547469256,47.84242254525307,39.48256467941507,539,150,-0.2887085294418355,47.112914705581645,39.0326209223847,543,92
"Bargo, Casey",1000492781.0,NEW_ENG23,Four-Seam,147,66,10,32,31,4,37,45,13,1,14,13,10,22,3620.61414,0.2516643920242015,0.1515151515151515,0.2176870748299319,0.1290322580645161,0.1081081081081081,80.45809200000001,0.2888888888888888,0.0222222222222222,0.3111111111111111,0.2888888888888888,0.2222222222222222,0.4888888888888889,-0.8061445400924194,0.0026231943334607327,-0.8661856749361778,0.025410422959927712,-0.5385768704218132,-0.007820136158524728,-0.7233754522947297,-0.031591976128067724,0.25846804761935094,-0.1522376800477977,1.4472470549693293,-0.3459166493376042,0.025479404046139627,0.001252338188271809,-0.059356289418330745,0.01803285621931481,-0.4902476299710192,44.372962651845306,28.90888638920135,633,181,-0.7480480299283332,42.51951970071667,24.07199100112486,676,150,-0.7233754522947297,42.766245477052706,27.44656917885264,646,184,-0.30180454794428985,46.9819545205571,36.895388076490434,557,160,-0.599921330923899,44.00078669076101,28.008998875140605,641,133
"Huter, Blayne",1000145980.0,SUS_COU1,Curveball,103,52,8,28,36,4,30,37,6,0,12,14,7,16,3036.3136,0.270823788474601,0.1538461538461538,0.2718446601941747,0.1111111111111111,0.1333333333333333,82.06252972972973,0.1621621621621621,0.0,0.3243243243243243,0.3783783783783784,0.1891891891891892,0.4324324324324324,-0.7849814316397128,0.0025543295785556254,0.008044411698092625,-0.00023599086157524525,-0.7476435002085924,-0.010855783623028761,-0.517160243423431,-0.022585939311031502,0.7351029817256524,-0.4329756562364092,-0.14413474638046517,0.03445065467561964,-0.7639787681093636,-0.03755032043134333,0.08612761139925665,-0.026166171236373964,-0.49336487744558677,44.33718304396863,28.79640044994376,634,68,-0.05073286331571681,49.492671366842835,52.08098987626547,427,71,-0.517160243423431,44.82839756576569,35.9392575928009,571,78,0.13308064291556623,51.330806429155665,53.82452193475815,411,42,-0.13643758743057452,48.63562412569426,45.950506186726656,481,78
"Hill, Kaleb",1000371973.0,OTT_TIT,Changeup,248,98,21,63,63,10,62,63,14,0,20,33,11,19,5123.62953,0.261206694898972,0.2142857142857142,0.2540322580645161,0.1587301587301587,0.1612903225806451,81.32745285714286,0.2222222222222222,0.0,0.3174603174603174,0.5238095238095238,0.1746031746031746,0.3015873015873015,-0.23625226247310244,0.0007687648620874753,-0.27948941670736066,0.008199101528527132,-0.1921235982037216,-0.002789634645918038,-0.28861297276192266,-0.012604594359431447,0.5167315795600284,-0.30435490036085666,0.6100746381455046,-0.14581820978562407,-0.7639787681093636,-0.03755032043134333,0.010551559026483338,-0.0032056374931588236,-0.49735543068571775,44.29137967695726,28.683914510686165,635,94,1.0824878532790898,60.8248785327909,85.77052868391452,128,35,-0.28861297276192266,47.11387027238077,45.10686164229472,489,71,0.32510787004849007,53.2510787004849,63.32958380202475,327,59,0.937745860635261,59.37745860635261,82.7896512935883,154,39
"Linderman, Greyson",1000124562.0,JOL_SLA,Four-Seam,68,34,7,18,14,2,21,26,7,1,4,12,3,11,2180.66879,0.2633832591570585,0.2058823529411764,0.2647058823529412,0.1428571428571428,0.0952380952380952,83.87187653846155,0.2692307692307692,0.0384615384615384,0.1538461538461538,0.4615384615384615,0.1153846153846153,0.4230769230769231,-0.3125461576513475,0.001017025196997485,-0.10719215818644516,0.0031445891525575553,-0.3772968988720123,-0.005478350971621618,-0.8285872935555966,-0.03618689287145357,1.2726108456803424,-0.7495677881057217,1.2003885218033303,-0.28691326331586664,0.602391145236699,0.029608127179528994,-1.790919920128363,0.5440940081744375,-0.500282545561142,44.257782401377725,28.57142857142857,636,182,0.5972626451523819,55.97262645152382,73.11586051743532,238,14,-0.8285872935555966,41.714127064444035,22.55343082114736,688,200,1.1047297231933586,61.047297231933584,88.92013498312711,101,18,-0.05963279360291668,49.40367206397083,48.4251968503937,459,60
"Smith, Ethan",680733.0,WIN_CIT29,Four-Seam,169,89,23,47,41,9,51,67,14,2,22,22,13,32,5476.95272,0.2443531586685069,0.2584269662921348,0.2781065088757396,0.2195121951219512,0.1764705882352941,81.74556298507463,0.208955223880597,0.0298507462686567,0.3283582089552239,0.3283582089552239,0.1940298507462686,0.4776119402985074,0.16450499590700712,-0.0005352992566814012,0.10912529406308766,-0.0032012996266347397,0.5169546506968051,0.00750618152811761,-0.16451490724436107,-0.007184859544082981,0.6409407586283282,-0.3775141068320853,0.44347316216066374,-0.10599762480015537,0.29648743329355165,0.014572653833811356,0.13054264217803224,-0.03965976849218144,-0.5120141231898923,44.123127950373735,28.45894263217098,637,183,-0.44049732587190193,45.59502674128098,35.9955005624297,570,96,-0.16451490724436107,48.35485092755639,50.89988751406074,441,100,0.06935255524546595,50.69352555245466,51.40607424071991,433,111,-0.507342329762482,44.92657670237518,30.59617547806524,618,124
"Cook, Cole",1000161363.0,SCH_BOO,Cutter,117,65,14,27,18,4,34,41,6,0,18,12,8,21,3297.47195,0.2195394066851435,0.2153846153846154,0.2307692307692307,0.2222222222222222,0.1176470588235294,80.42614512195122,0.1463414634146341,0.0,0.4390243902439024,0.2926829268292683,0.1951219512195122,0.5121951219512195,-0.226275368488254,0.0007363000490607785,-0.655009082714485,0.019215346450512132,0.5485696044694403,0.007965230656896272,-0.6453949111249109,-0.02818633195355823,0.2489774966110236,-0.1466477455038929,-0.3428045354751102,0.08193611165565441,-0.7639787681093636,-0.03755032043134333,1.3490310963235501,-0.40984509028076876,-0.5123764993574396,44.118968615163915,28.346456692913385,638,32,-0.7184843324078436,42.815156675921564,24.915635545556807,669,32,-0.6453949111249109,43.54605088875089,30.25871766029246,621,29,0.05497487692964972,50.5497487692965,50.843644544431946,437,20,-0.7912556941563536,42.08744305843646,21.541057367829023,698,33
"Nova, Fraynel",805843.0,LAK_ERI24,Four-Seam,462,195,22,107,76,11,139,162,39,5,49,76,27,59,13222.09327,0.2532171770380005,0.1128205128205128,0.2316017316017316,0.1447368421052631,0.079136690647482,81.61785969135802,0.2407407407407407,0.0308641975308641,0.3024691358024691,0.4691358024691358,0.1666666666666666,0.3641975308641975,-1.1574521404073514,0.0037663492648855215,-0.6415705723003764,0.018821114309003843,-0.3553684816876093,-0.005159950354104087,-0.9602156330898751,-0.04193549734393411,0.6030035736208265,-0.3551691048626668,0.842622531707678,-0.20140110966117408,0.3324909154399441,0.016342260984788692,-0.15450863869044051,0.04694080599462666,-0.5177951316685744,44.05677382925037,28.23397075365579,639,184,0.6564622348148996,56.564622348148994,75.14060742407199,222,12,-0.9602156330898751,40.39784366910125,16.310461192350957,745,224,0.4295932730472875,54.29593273047288,67.82902137232846,291,60,0.42374223257169996,54.237422325717,65.80427446569179,305,28
"Willeman, Landon",812254.0,EVA_OTT,Curveball,121,47,12,39,37,7,27,28,5,0,9,14,7,7,2300.46993,0.2862107277075913,0.2553191489361702,0.3223140495867768,0.1891891891891892,0.2592592592592592,82.15964035714286,0.1785714285714285,0.0,0.3214285714285714,0.5,0.25,0.25,0.13628920440790482,-0.00044348507114332227,0.8227383897313978,-0.024135853401160288,0.16320895172732267,0.002369793979080725,0.512279172291227,0.022372768291474755,0.7639519153055652,-0.44996767811497784,0.06192603189180843,-0.014801374364684377,-0.7639787681093636,-0.03755032043134333,0.05424396430449314,-0.016479696063455146,-0.5186358451762089,44.047124162393565,28.1214848143982,640,69,0.896960567818878,58.96960567818878,81.55230596175478,181,45,0.512279172291227,55.12279172291227,72.72215973003374,244,53,-0.6675034584400784,43.324965415599216,21.034870641169853,716,73,1.3612558922087576,63.61255892208757,91.00112485939258,88,29
"Smith, Jackson",1000333915.0,MIS_MUD,Changeup,119,49,5,27,36,4,31,37,10,1,10,19,5,13,3026.35678,0.2813478187984534,0.1020408163265306,0.226890756302521,0.1111111111111111,0.1290322580645161,81.79342648648648,0.2702702702702703,0.027027027027027,0.2702702702702703,0.5135135135135135,0.1351351351351351,0.3513513513513513,-1.2553207194968075,0.004084813621242612,-0.7176167312319741,0.021052004427421195,-0.7476435002085924,-0.010855783623028761,-0.5523213619867401,-0.0241215308420469,0.6551597067487883,-0.3858890672750363,1.21344214576628,-0.29003330135461897,0.19617306289057285,0.009642102214134547,-0.5090338010363294,0.15464803199144414,-0.5214727308404885,44.01456253310779,28.008998875140605,641,95,1.0022598379449439,60.02259837944944,84.13948256467941,142,41,-0.5523213619867401,44.4767863801326,34.701912260967376,582,82,0.8447109552316956,58.44710955231696,83.40832395950505,149,29,0.5292039590757955,55.29203959075795,70.3599550056243,265,57
"Bradford, Ethan",688428.0,NEW_YOR13,Slider,160,74,26,50,68,16,43,35,6,2,14,18,9,8,2858.0084,0.2840972467774885,0.3513513513513513,0.3125,0.2352941176470588,0.3720930232558139,81.65738285714286,0.1714285714285714,0.0571428571428571,0.4,0.5142857142857142,0.2571428571428571,0.2285714285714285,1.0081630277990892,-0.003280562492458236,0.6643166771905427,-0.01948839404206176,0.7010652638433262,0.010179467631005096,1.4346906870560714,0.06265724637579981,0.6147448342322336,-0.3620847073627856,-0.0277710127678865,0.006637744158741928,1.266056531719074,0.062227944590524206,0.9193535888090787,-0.27930605575531975,-0.5224573168965543,44.003261504461754,27.896512935883017,642,159,1.0082769390950046,60.08276939095005,84.3082114735658,140,24,1.4346906870560714,64.34690687056072,90.10123734533182,89,35,-0.7615403211389951,42.38459678861005,18.391451068616423,726,152,1.5371754437854417,65.37175443785442,93.92575928008999,55,9
"Figueredo, Kevin",1000210447.0,WIN_CIT29,Curveball,78,26,8,25,21,5,17,12,3,0,4,7,2,3,970.1345,0.2780639158054561,0.3076923076923077,0.3205128205128205,0.238095238095238,0.2941176470588235,80.84454166666667,0.25,0.0,0.3333333333333333,0.5833333333333334,0.1666666666666666,0.25,0.6117837262389335,-0.0019907442451814897,0.7936623399263291,-0.02328287840407879,0.7337429051377297,0.010653946982599834,0.7972451005167381,0.0348180852748675,0.3732717623375882,-0.21985706801683944,0.9588964784887655,-0.22919255959894927,-0.7639787681093636,-0.03755032043134333,0.1853211801385213,-0.05630187177434374,-0.5227034102132687,44.00043685789617,27.78402699662542,643,70,1.5463060669296191,65.4630606692962,92.35095613048368,69,15,0.7972451005167381,57.97245100516738,80.31496062992126,175,44,0.4295932730472875,54.29593273047288,67.82902137232846,281,32,1.3612558922087576,63.61255892208757,91.00112485939258,77,24
"Simpson, Garret",1000073158.0,EVA_OTT,Slider,52,20,5,17,10,1,10,14,1,0,6,4,4,6,1141.89713,0.289123848800182,0.25,0.3269230769230769,0.1,0.1,81.56408071428572,0.0714285714285714,0.0,0.4285714285714285,0.2857142857142857,0.2857142857142857,0.4285714285714285,0.08799679203444118,-0.0002863415612800716,0.8971388701149592,-0.026318465893692442,-0.8772648106763955,-0.012737885051021263,-0.7896589122890756,-0.034486773676400795,0.5870272981205756,-0.345759078593019,-1.283529638003625,0.30678540348671246,-0.7639787681093636,-0.03755032043134333,1.233938906810745,-0.374879277461452,-0.5252327391814964,43.97140534871615,27.671541057367826,644,160,-0.7727850013230275,42.272149986769726,23.28458942632171,684,147,-0.7896589122890756,42.10341087710924,24.521934758155233,677,178,-1.1376877719346632,38.62312228065337,11.586051743532058,788,168,-0.1047403709302708,48.952596290697294,46.737907761529804,478,104
"Andueza, Axel",672847.0,DOW_EAS1,Sinker,88,37,8,25,18,3,26,27,6,0,4,17,4,6,2283.50481,0.2713942361658261,0.2162162162162162,0.2840909090909091,0.1666666666666666,0.1153846153846153,84.57425222222221,0.2222222222222222,0.0,0.1481481481481481,0.6296296296296297,0.1481481481481481,0.2222222222222222,-0.2187252865537751,0.0007117320824459841,0.2057275093091167,-0.006035222213092248,-0.09953694786957673,-0.0014452764830662542,-0.663890295889548,-0.028994080892384224,1.4812676115640064,-0.8724666232111997,0.6100746381455046,-0.14581820978562407,-0.7639787681093636,-0.03755032043134333,-1.8536577328352482,0.5631541948394783,-0.5284438060947856,43.93454888609629,27.559055118110237,645,92,1.9070535664355863,69.07053566435586,96.06299212598425,36,6,-0.663890295889548,43.36109704110452,29.471316085489313,626,57,0.673392546711146,56.73392546711146,78.0089988751406,195,25,1.589299755363718,65.89299755363717,94.71316085489315,45,7
"Bargo, Casey",1000057987.0,FLO_Y'A,Sinker,111,57,12,28,22,3,36,40,9,2,15,12,12,16,3227.4242400000003,0.2559473111135003,0.2105263157894736,0.2522522522522522,0.1363636363636363,0.0833333333333333,80.685606,0.225,0.05,0.375,0.3,0.3,0.4,-0.27038374189494907,0.0008798286961261642,-0.30822287343367266,0.009042026215050222,-0.4530496127817675,-0.0065782803775912635,-0.9259082467218983,-0.04043719085908546,0.3260562864078567,-0.1920471526942276,0.6449568221798309,-0.15415564476695665,1.0123021192405206,0.049755661462790826,0.6440914355576196,-0.19567948676245372,-0.5292202390863474,43.92563702773174,27.44656917885264,646,93,-0.6614686300469005,43.385313699531,26.94038245219347,647,123,-0.9259082467218983,40.74091753278102,17.435320584926885,731,93,-1.3257614973324972,36.74238502667503,8.830146231721034,811,137,0.12981903117197302,51.29819031171973,55.34308211473565,392,87
"Sechrist, Zander",801415.0,WAS_WIL3,Four-Seam,135,52,9,39,22,6,39,40,9,1,12,13,6,21,3282.13471,0.2509384511507831,0.173076923076923,0.2888888888888888,0.2727272727272727,0.1538461538461538,82.05336774999999,0.225,0.025,0.3,0.325,0.15,0.525,-0.6103857869048824,0.0019861953505884876,0.2831781243290892,-0.00830731345531816,1.1377573793230913,0.016520237147771285,-0.3494687548907266,-0.015262348932342702,0.7323812060382261,-0.4313725303565151,0.6449568221798309,-0.15415564476695665,0.12416167556557851,0.0061026705157237494,-0.1816950241967571,0.05520022021614418,-0.529288514280905,43.924853368523124,27.334083239595053,647,185,-0.466664980313678,45.33335019686322,35.43307086614173,574,98,-0.3494687548907266,46.505312451092735,41.676040494938135,523,133,0.6490126193447597,56.490126193447594,77.10911136107987,206,42,-0.8963783530253474,41.03621646974653,19.40382452193476,718,173
"Sakurai, Masatoshi",1000429128.0,QUE_CAP,Curveball,186,104,31,53,62,12,56,57,12,0,18,31,13,13,4663.09398,0.2742398573500945,0.2980769230769231,0.2849462365591398,0.1935483870967742,0.2142857142857142,81.80866631578947,0.2105263157894736,0.0,0.3157894736842105,0.543859649122807,0.2280701754385964,0.2280701754385964,0.5244859038715179,-0.0017066771311979193,0.21953449500877253,-0.0064402639455773516,0.21406299681059315,0.0031081947136898124,0.14462223810742025,0.006316087004865364,0.6596870467016097,-0.3885556705072481,0.46320228431676225,-0.11071322039053956,-0.7639787681093636,-0.03755032043134333,-0.007845243195835771,0.002383439799597278,-0.5331584308877537,43.88043466264938,27.221597300337457,648,71,1.2387213568245312,62.387213568245315,88.41394825646795,104,26,0.14462223810742025,51.4462223810742,61.30483689538808,345,64,-0.3787937922591916,46.212062077408085,33.85826771653544,589,61,1.541290521015306,65.41290521015306,94.03824521934759,54,18
"Moore, Kyle",1000517760.0,SCH_BOO,Changeup,97,46,12,23,30,4,23,26,4,0,12,10,5,11,2080.16388,0.2505909525131446,0.2608695652173913,0.2371134020618556,0.1333333333333333,0.1739130434782608,80.00630307692307,0.1538461538461538,0.0,0.4615384615384615,0.3846153846153846,0.1923076923076923,0.4230769230769231,0.1866812868845628,-0.0006074609075223674,-0.5525993208783155,0.016211053677286265,-0.48840087927298614,-0.0070915807670437585,-0.18542273350003752,-0.008097967040147138,0.12425381194626839,-0.07318549523635208,-0.24856373808406054,0.0594109589856379,-0.7639787681093636,-0.03755032043134333,1.5969219660434384,-0.4851560717377589,-0.5360668834572434,43.847051592067636,27.10911136107986,649,96,-0.002133200180609807,49.9786679981939,54.16197975253093,412,89,-0.18542273350003752,48.145772664999626,49.60629921259843,447,63,0.09202504797425147,50.92025047974251,52.30596175478065,425,72,-0.05963279360291668,49.40367206397083,48.4251968503937,461,91
"Helt, Robert",836007.0,LAK_ERI24,Four-Seam,499,214,30,108,107,12,144,160,34,2,56,59,33,68,12984.68621,0.2637197978138,0.1401869158878504,0.2164328657314629,0.1121495327102803,0.0833333333333333,81.1542888125,0.2125,0.0125,0.35,0.36875,0.20625,0.425,-0.9089932914513685,0.002957864170382753,-0.8864315430161088,0.026004355745920568,-0.7355293590433779,-0.010679886293309846,-0.9259082467218983,-0.04043719085908546,0.46528923843418496,-0.2740553614377349,0.48798699402536344,-0.11663718735096029,-0.3199085462718925,-0.01572382495780979,0.3688292823061605,-0.1120529177695877,-0.5406241487521847,43.79474353293108,26.996625421822273,650,186,-0.1257585932805389,48.74241406719461,49.60629921259843,449,54,-0.9259082467218983,40.74091753278102,17.435320584926885,734,218,-0.0915276744092116,49.08472325590788,45.10686164229472,489,134,-0.07542044566749079,49.245795543325094,47.91901012373454,464,62
"Forsyth, Braden",687732.0,MIS_MUD,Slider,162,70,25,46,52,8,40,38,8,1,10,13,6,19,3156.28551,0.2754573695930106,0.3571428571428571,0.2839506172839506,0.1538461538461538,0.2,83.060145,0.2105263157894736,0.0263157894736842,0.2631578947368421,0.3421052631578947,0.1578947368421052,0.5,1.060743955557069,-0.0034516608313827023,0.20346287144303493,-0.005968786796652873,-0.24909999840934954,-0.0036169319769037553,0.027837094307859044,0.0012157294197071278,1.0314674213033803,-0.607534311147691,0.46320228431676225,-0.11071322039053956,0.17090590944320658,0.008400196355043046,-0.587344513198907,0.17843937452142034,-0.5432296108469993,43.7648381715985,26.884139482564677,651,161,-0.33337827260147374,46.66621727398526,40.382452193475814,531,121,0.027837094307859044,50.27837094307859,58.21147356580427,367,132,0.5450771395196417,55.45077139519642,72.44094488188976,243,62,-0.6911388761858831,43.08861123814117,24.634420697412825,664,146
"Balzan, Jackson",827496.0,SUS_COU1,Four-Seam,327,157,28,88,69,11,86,122,28,4,44,25,29,68,9865.87536,0.252764727791373,0.1783439490445859,0.2691131498470948,0.1594202898550724,0.127906976744186,80.86783081967214,0.2295081967213114,0.0327868852459016,0.360655737704918,0.2049180327868852,0.2377049180327868,0.5573770491803278,-0.5625665975826041,0.0018305917085337936,-0.03604855351277367,0.0010575203658507283,-0.18407258513118763,-0.0026727339361048443,-0.5615204918434199,-0.024523284440277675,0.3801903380494801,-0.22393210911114378,0.7015688913502934,-0.1676868917038731,0.40079558425121475,0.019699503761531456,0.4861541345117001,-0.14769702914359606,-0.5439244324990795,43.75686304403533,26.77165354330709,652,187,-1.4023611995240741,35.97638800475926,6.411698537682789,833,240,-0.5615204918434199,44.3847950815658,34.08323959505062,587,163,-0.5056367275648921,44.943632724351076,27.671541057367826,644,192,-1.1621802984403904,38.3781970155961,12.935883014623172,775,204
"Lovin, Xander",815234.0,GAT_GRI,Slider,157,71,22,51,36,5,39,41,9,0,12,20,8,13,3354.76164,0.285974722872715,0.3098591549295774,0.3248407643312102,0.1388888888888889,0.1282051282051282,81.82345463414634,0.2195121951219512,0.0,0.2926829268292683,0.4878048780487805,0.1951219512195122,0.3170731707317073,0.6314564749414487,-0.002054759369459474,0.8635254749581428,-0.025332383333372076,-0.4235902240390841,-0.006150530053047501,-0.559083115556607,-0.024416836905703693,0.6640802549981766,-0.391143270193926,0.5760432390876253,-0.13768412687700696,-0.7639787681093636,-0.03755032043134333,-0.2622595568557207,0.07967628918966595,-0.544655937974193,43.748466861418216,26.659167604049493,653,162,0.801934397217306,58.01934397217306,78.96512935883014,188,37,-0.559083115556607,44.40916884443393,34.308211473565805,586,168,0.05497487692964972,50.5497487692965,50.843644544431946,438,102,0.8106133933711711,58.10613393371171,77.84026996625421,198,35
"Gamelin, Shaun",815222.0,JOL_SLA,Four-Seam,395,199,51,108,109,26,108,141,29,9,44,30,27,84,11675.52058,0.2402399658259655,0.2562814070351759,0.2734177215189873,0.2385321100917431,0.2407407407407407,82.8051104964539,0.2056737588652482,0.0638297872340425,0.3120567375886525,0.2127659574468085,0.1914893617021276,0.5957446808510638,0.14502552021415974,-0.00047191304277687576,0.03343730041391646,-0.0009809166449426534,0.7388394180001606,0.010727948349362332,0.36089102292142455,0.015761193644047374,0.9557035873196175,-0.5629094129312546,0.40226588219632775,-0.09614838436491967,1.503613854039423,0.07390412453989169,-0.048944482203145526,0.014869676304691033,-0.5452476841459014,43.741674828973245,26.546681664791898,654,188,-1.3412090248606974,36.58790975139303,7.761529808773904,821,233,0.36089102292142455,53.608910229214246,68.39145106861643,282,48,0.10279850196594462,51.02798501965945,52.98087739032621,419,105,-1.4771624045072347,35.22837595492766,6.86164229471316,829,240
"Wehrle, Tyler",806332.0,WIN_CIT29,Changeup,65,24,3,12,24,0,16,17,5,1,2,11,0,6,1436.6874,0.2671170478828039,0.125,0.1846153846153846,0.0,0.0,84.51102352941177,0.2941176470588235,0.0588235294117647,0.1176470588235294,0.6470588235294118,0.0,0.3529411764705882,-1.0468748987419585,0.0034065309205063327,-1.4000401000726168,0.041071576375730286,-2.043856604886625,-0.029676797902953796,-1.6071549188860101,-0.07018927677250872,1.4624840818121796,-0.8614031241873737,1.5129076366810024,-0.36161064459658315,1.3257634523022646,0.0651625994441086,-2.189489553795634,0.6651822528699901,-0.5480568838490841,43.709430977740006,26.43419572553431,655,97,2.0428643897790093,70.4286438977901,96.8503937007874,30,7,-1.6071549188860101,33.928450811139896,1.968503937007874,889,128,2.6237867360220166,76.23786736022016,99.15635545556806,15,4,0.5161521640462589,55.16152164046259,69.79752530933632,273,59
"Delaney, Carter",1000039247.0,WIN_CIT29,Curveball,76,24,5,26,13,3,14,14,3,0,4,8,2,4,1152.4184,0.2871254883383624,0.2083333333333333,0.3421052631578947,0.2307692307692307,0.2142857142857142,82.3156,0.2142857142857142,0.0,0.2857142857142857,0.5714285714285714,0.1428571428571428,0.2857142857142857,-0.2902937715576925,0.0009446159326487314,1.1422148626669757,-0.0335080152111984,0.6482783048292883,0.009413000986121266,0.14462223810742025,0.006316087004865364,0.8102832952769013,-0.4772568609180949,0.5104112551902862,-0.12199696698181664,-0.7639787681093636,-0.03755032043134333,-0.33898768319759076,0.10298683106921046,-0.5506516285496074,43.6796486301137,26.321709786276713,656,72,1.4535424241995127,64.53542424199513,91.11361079865017,78,19,0.14462223810742025,51.4462223810742,61.30483689538808,343,63,0.7430494820436775,57.43049482043678,79.6400449943757,177,23,1.068056639580952,60.68056639580952,86.0517435320585,123,34
"Blair, Davis",836357.0,DOW_EAS1,Four-Seam,204,93,17,45,55,10,57,62,15,3,23,15,11,36,5016.93666,0.2378283449654185,0.1827956989247312,0.2205882352941176,0.1818181818181818,0.175438596491228,80.91833322580645,0.2419354838709677,0.0483870967741935,0.3709677419354839,0.2419354838709677,0.1774193548387097,0.5806451612903226,-0.5221492782754511,0.0016990737515083178,-0.8193541600728961,0.02403657363989848,0.07721938458651913,0.0011212254641962578,-0.17295139854051148,-0.007553306428459757,0.3951932331908784,-0.23276881434942737,0.857625621614915,-0.20498710320153213,0.9550027357776193,0.046939339466205765,0.5996943140654488,-0.18219133047328182,-0.5537043421308923,43.64460973898,26.209223847019125,657,189,-1.1139158165240621,38.86084183475938,12.598425196850393,778,205,-0.17295139854051148,48.27048601459489,50.22497187851519,443,102,0.28803240446827166,52.880324044682716,60.404949381327334,352,83,-1.3532017047002838,36.46798295299716,9.280089988751406,807,226
"Hernandez, Nyan",683466.0,NEW_JER6,Sinker,101,45,9,31,26,6,27,32,7,2,13,11,6,15,2582.25529,0.2577247512963225,0.2,0.3069306930693069,0.2307692307692307,0.2222222222222222,80.6954778125,0.21875,0.0625,0.40625,0.34375,0.1875,0.46875,-0.3659518842761186,0.0011908074314344898,0.5744150383385401,-0.016851039564699414,0.6482783048292883,0.009413000986121266,0.2095028735516221,0.009149618996619991,0.3289889341593138,-0.19377448221983581,0.5664719081025972,-0.13539641605895847,1.4563723410779916,0.07158215693632437,0.9881691271219432,-0.30021269800353617,-0.5548990514965297,43.63089692567985,26.09673790776153,658,94,-0.32056224301376135,46.794377569862384,40.77615298087739,527,106,0.2095028735516221,52.09502873551622,63.10461192350956,330,20,0.15531909017544537,51.553190901754455,54.668166479190106,405,70,-0.43458953013655305,45.65410469863447,33.91451068616423,588,118
"Simpson, Garret",1000073158.0,EVA_OTT,Cutter,143,75,16,41,25,4,41,50,12,1,14,25,10,15,4102.79792,0.2804082270336137,0.2133333333333333,0.2867132867132867,0.16,0.0975609756097561,82.0559584,0.24,0.02,0.28,0.5,0.2,0.3,-0.24489890392663644,0.0007969010333772749,0.24805881711355574,-0.007277053458843271,-0.1773097341502579,-0.002574537339861745,-0.8095978392792448,-0.035357566434842454,0.7331508178898817,-0.4318258317371403,0.8333206159651915,-0.19917779366615218,-0.05346641316940993,-0.0026279276736896674,-0.40190474679792376,0.12210147541043682,-0.5559423338667155,43.61892218372739,25.984251968503933,659,33,0.896960567818878,58.96960567818878,81.55230596175478,175,10,-0.8095978392792448,41.904021607207554,23.397075365579305,682,32,-0.009245419547659513,49.9075458045234,48.59392575928009,468,22,0.9507769385298297,59.507769385298296,83.57705286839146,151,8
"Lockhart, Gauge",840803.0,LAK_ERI24,Sinker,56,19,3,13,10,1,15,15,2,1,5,4,4,7,1250.78828,0.3016273818042487,0.1578947368421052,0.2321428571428571,0.1,0.0666666666666666,83.38588533333333,0.1333333333333333,0.0666666666666666,0.3333333333333333,0.2666666666666666,0.2666666666666666,0.4666666666666667,-0.7482244538008013,0.0024347223726678075,-0.6328355405312069,0.018564863417023486,-0.8772648106763955,-0.012737885051021263,-1.062157581154721,-0.046387608041770126,1.128236039640628,-0.6645310273483298,-0.5061552509529298,0.12097970961701643,1.604395748357146,0.07885765542750209,0.1853211801385213,-0.05630187177434374,-0.5591214413812551,43.58243254945997,25.871766029246345,660,95,-0.9212068296911973,40.78793170308803,19.23509561304837,718,133,-1.062157581154721,39.37842418845279,12.429696287964004,782,113,-0.8869228047375506,41.13077195262449,16.366704161979754,747,123,-0.4174862403999311,45.82513759600069,34.47694038245219,583,117
"Gollert, Harley",8890793.0,QUE_CAP,Changeup,52,25,8,11,15,3,17,13,3,1,4,5,1,7,1074.54397,0.2527832780743556,0.32,0.2115384615384615,0.2,0.1764705882352941,82.65722846153845,0.2307692307692307,0.0769230769230769,0.3076923076923077,0.3846153846153846,0.0769230769230769,0.5384615384615384,0.7235249388692251,-0.0023543501510804583,-0.965438673280373,0.028322108919353023,0.28932698353383396,0.004201027800911269,-0.16451490724436107,-0.007184859544082981,0.911771845587698,-0.537033617051154,0.7174044351741995,-0.17147185588203165,1.968761058582765,0.09676657479040149,-0.09699897704246174,0.029468968218339175,-0.559286002899344,43.580543720729864,25.75928008998875,661,98,-0.002133200180609807,49.9786679981939,54.16197975253093,409,88,-0.16451490724436107,48.35485092755639,50.89988751406074,435,59,1.6110820608029108,66.11082060802912,94.76940382452193,47,11,-1.006891917477366,39.93108082522634,16.647919010123736,742,122
"Maher, Adam",1000133555.0,TRI_VAL,Changeup,78,22,3,14,18,3,18,17,2,0,9,6,3,8,1354.28355,0.278040776730432,0.1363636363636363,0.1794871794871795,0.1666666666666666,0.1666666666666666,79.66373823529412,0.1176470588235294,0.0,0.5294117647058824,0.3529411764705882,0.1764705882352941,0.4705882352941176,-0.9437047450350137,0.0030708152403439346,-1.4828213242235202,0.04350004636742119,-0.09953694786957673,-0.0014452764830662542,-0.24466157455778645,-0.010685104945662207,0.022487088506987146,-0.013244895130615428,-0.7031369960879473,0.1680616953939529,-0.7639787681093636,-0.03755032043134333,2.3442400291695713,-0.7121965305419199,-0.5604895705308891,43.566729232704425,25.646794150731157,662,99,-0.24894325414125343,47.51056745858747,44.31946006749156,496,102,-0.24466157455778645,47.553384254422134,47.30033745781777,472,68,0.30052306934289097,53.00523069342891,61.64229471316085,340,60,-0.4496806681394543,45.503193318605454,33.12710911136108,598,110
"Snyder, Jack",801389.0,SCH_BOO,Four-Seam,113,48,10,28,39,3,29,36,6,1,15,9,12,15,2910.46407,0.2810614330332646,0.2083333333333333,0.247787610619469,0.0769230769230769,0.1034482758620689,80.84622416666667,0.1666666666666666,0.0277777777777777,0.4166666666666667,0.25,0.3333333333333333,0.4166666666666667,-0.2902937715576925,0.0009446159326487314,-0.3802926308862644,0.011156264619679453,-1.1464783016479874,-0.016646864939928778,-0.7614693948202164,-0.033255652879983305,0.37377158745499517,-0.22015146501099214,-0.08756904254101738,0.020930489841026353,0.2228439470850137,0.010953002843175508,1.102861690976718,-0.33505710175056375,-0.5611267113449379,43.55941616286481,25.534308211473565,663,190,-1.051075929513345,39.489240704866546,14.848143982002249,766,197,-0.7614693948202164,42.38530605179783,26.209223847019125,659,190,-1.764600189927443,32.35399810072557,4.611923509561304,854,264,-0.007007286721002997,49.92992713278997,50.843644544431946,442,55
"Gregory, Ben",833406.0,GAT_GRI,Slider,96,29,7,17,26,3,24,21,6,0,5,14,3,4,1726.41812,0.3037148709712009,0.2413793103448276,0.1770833333333333,0.1153846153846153,0.125,82.21038666666666,0.2857142857142857,0.0,0.238095238095238,0.6666666666666666,0.1428571428571428,0.1904761904761904,0.009729778877448192,-3.1660700467216414e-05,-1.521625023044257,0.044638391676026325,-0.697789150028669,-0.010131898458416274,-0.585284910639842,-0.025561147902373817,0.7790272675288578,-0.4588470605744972,1.4073817017872432,-0.33638815221608154,-0.7639787681093636,-0.03755032043134333,-0.8632965465337038,0.2622755339127649,-0.5615963146943881,43.55402607951788,25.421822272215973,664,163,2.1956515660403597,71.9565156604036,97.69403824521935,19,4,-0.585284910639842,44.14715089360158,32.8458942632171,598,169,0.7430494820436775,57.43049482043678,79.6400449943757,180,49,1.8499213132551013,68.499213132551,97.07536557930258,26,5
"Zaffiro, Cole",10994263.0,SCH_BOO,Changeup,65,24,9,23,23,4,14,14,3,1,6,4,5,5,1125.56626,0.2563468204916697,0.375,0.3538461538461538,0.1739130434782608,0.2857142857142857,80.39759000000001,0.2142857142857142,0.0714285714285714,0.4285714285714285,0.2857142857142857,0.3571428571428571,0.3571428571428571,1.222868482810841,-0.003979214043066477,1.3317402969072025,-0.039067933350069695,-0.015001310607965855,-0.0002178190300276642,0.7285479571052313,0.03181787493065676,0.24049454434842182,-0.14165128662122045,0.5104112551902862,-0.12199696698181664,1.773565356676184,0.08717251084599112,1.233938906810745,-0.374879277461452,-0.562802111711005,43.54018600272404,25.30933633295838,665,100,-0.7727850013230275,42.272149986769726,23.28458942632171,686,125,0.7285479571052313,57.28547957105231,78.45894263217097,200,21,-2.0780563989238328,29.219436010761672,2.8683914510686166,865,126,0.4816581343253406,54.816581343253404,68.44769403824522,285,62
"Barker, Alex",1000106691.0,NEW_YOR13,Four-Seam,256,130,14,59,74,4,68,102,18,2,37,32,25,45,8322.24413,0.2695154396151545,0.1076923076923077,0.23046875,0.054054054054054,0.0588235294117647,81.59062872549019,0.1764705882352941,0.0196078431372549,0.3627450980392157,0.3137254901960784,0.2450980392156862,0.4411764705882353,-1.204010979003306,0.003917851725676757,-0.6598595450670759,0.01935763961408774,-1.4132664458540691,-0.020520628793801083,-1.1262749150054605,-0.04918780436303347,0.5949139922169722,-0.35040434141579657,0.03554454816836934,-0.008495751269559135,-0.06739802797215415,-0.0033126804728593486,0.5091590074931789,-0.1546860705894802,-0.5633317855647653,43.534106433185634,25.196850393700785,666,191,-0.5545176066639549,44.45482393336045,31.664791901012375,608,116,-1.1262749150054605,38.7372508499454,9.167604049493812,806,244,-0.6029683565878795,43.9703164341212,23.509561304836897,681,209,-0.20822246009302636,47.91777539906974,42.29471316085489,514,80
"Kemlage, Joe",703240.0,NEW_ENG23,Sinker,187,81,16,55,40,7,47,49,12,1,13,25,7,17,4039.48624,0.2730997723509962,0.1975308641975308,0.2941176470588235,0.175,0.1489361702127659,82.43849469387756,0.2448979591836734,0.0204081632653061,0.2653061224489796,0.5102040816326531,0.1428571428571428,0.3469387755102041,-0.38836910285935683,0.0012637530607043472,0.3675825097378543,-0.010783400505669694,-0.002320965018723656,-3.370041207186748e-05,-0.3896076750182358,-0.017015335991071412,0.8467919756905748,-0.4987604736817486,0.8948271608746964,-0.2138789035107873,-0.038966161027779035,-0.0019152257806763673,-0.5636914817702099,0.17125341800216215,-0.5698698688191588,43.45906264631411,25.084364454443193,667,96,0.9764722615875402,59.7647226158754,83.80202474690664,145,30,-0.3896076750182358,46.10392324981764,39.595050618672666,538,47,0.7430494820436775,57.43049482043678,79.6400449943757,183,23,0.5654293493618562,55.65429349361856,71.42857142857143,255,57
"Encarnacion, J.D.",1000563022.0,EVA_OTT,Slider,143,68,15,48,34,4,35,48,10,1,16,16,13,19,3914.35876,0.2519780045339737,0.2205882352941176,0.3356643356643357,0.1176470588235294,0.1142857142857142,81.54914083333334,0.2083333333333333,0.0208333333333333,0.3333333333333333,0.3333333333333333,0.2708333333333333,0.3958333333333333,-0.1790318410894179,0.0005825696109049658,1.0382432294630906,-0.030457903379529225,-0.6713956705216494,-0.00974866513597435,-0.6728737684895143,-0.029386416091242557,0.5825890646875495,-0.3431449591009666,0.4356637179738739,-0.10413103487896141,-0.023861731713579692,-0.0011728279754541554,0.1853211801385213,-0.05630187177434374,-0.5737611087255671,43.41439919269316,24.9718785151856,668,164,-0.40173043040260414,45.98269569597396,38.02024746906636,548,123,-0.6728737684895143,43.271262315104856,29.021372328458945,632,174,-0.9417776413119193,40.58222358688081,15.073115860517436,756,160,0.16402561064521737,51.64025610645217,56.861642294713164,384,79
"Pindel, Buddie",1000054422.0,SCH_BOO,Slider,199,94,31,62,46,13,45,51,10,0,19,14,13,24,4150.14312,0.2550235571582982,0.3297872340425531,0.3115577889447236,0.2826086956521739,0.2888888888888888,81.37535529411764,0.196078431372549,0.0,0.3725490196078431,0.2745098039215686,0.2549019607843137,0.4705882352941176,0.8123829776363977,-0.002643494209228838,0.6491071872005048,-0.019042208443714008,1.253033248316197,0.018194042765551182,0.7545002112829112,0.03295128772735858,0.5309620943802277,-0.3127366735899541,0.2817717295871414,-0.06734823349072978,-0.7639787681093636,-0.03755032043134333,0.617104949944731,-0.18748080352785887,-0.5756564031999192,43.39264509916789,24.85939257592801,669,165,-0.8600919591866567,41.39908040813343,20.80989876265467,705,149,0.7545002112829112,57.54500211282911,79.6400449943757,182,67,-0.7320385602922761,42.67961439707724,19.01012373453318,721,151,-0.4496806681394543,45.503193318605454,33.12710911136108,600,131
"Okumura, Shuto",1000232749.0,WAS_WIL3,Four-Seam,60,29,2,15,21,0,19,22,4,0,7,7,5,10,1804.19265,0.2741935501931082,0.0689655172413793,0.25,0.0,0.0,82.00875681818182,0.1818181818181818,0.0,0.3181818181818182,0.3181818181818182,0.2272727272727272,0.4545454545454545,-1.5556104842624137,0.005061956515789894,-0.3445794921485953,0.010108583981671191,-2.043856604886625,-0.029676797902953796,-1.6071549188860101,-0.07018927677250872,0.7191285081281888,-0.4235666912875032,0.10269741582803442,-0.024546428238969305,-0.7639787681093636,-0.03755032043134333,0.01849563271339488,-0.005619102687758358,-0.5759780768235756,43.3889529456855,24.746906636670417,670,192,-0.5197932484227388,44.80206751577261,33.07086614173229,596,110,-1.6071549188860101,33.928450811139896,1.968503937007874,883,271,-0.36829525894352344,46.31704741056477,34.4206974128234,587,174,-0.31797619102322056,46.82023808976779,38.02024746906636,551,97
"Smith, Donny",1000381366.0,JOL_SLA,Slider,66,27,12,22,26,6,14,10,2,0,4,6,1,3,809.63013,0.2442776414591842,0.4444444444444444,0.3333333333333333,0.2307692307692307,0.4285714285714285,80.963013,0.2,0.0,0.4,0.6,0.1,0.3,1.853352755464396,-0.006030809866281145,1.0006154003035883,-0.02935405338330607,0.6482783048292883,0.009413000986121266,1.8963993951008515,0.08282145078223949,0.40846638230350646,-0.24058669917676528,0.33101716587089636,-0.07911872993496404,-0.7639787681093636,-0.03755032043134333,0.9193535888090787,-0.27930605575531975,-0.5797122167796189,43.34609267730004,24.634420697412825,671,166,1.676175166751767,66.76175166751767,94.03824521934759,58,12,1.8963993951008515,68.96399395100852,94.60067491563554,50,17,1.3072706582371785,63.07270658237179,91.39482564679415,82,23,0.9507769385298297,59.507769385298296,83.57705286839146,152,25
"Jones, Logan",1000577428.0,FLO_Y'A,Sinker,96,38,6,18,18,0,29,29,7,1,7,14,5,10,2406.47499,0.2369962415293153,0.1578947368421052,0.1875,0.0,0.0,82.98189620689655,0.2413793103448276,0.0344827586206896,0.2413793103448276,0.4827586206896552,0.1724137931034483,0.3448275862068966,-0.7482244538008013,0.0024347223726678075,-1.3534756614877332,0.03970556200540414,-2.043856604886625,-0.029676797902953796,-1.6071549188860101,-0.07018927677250872,1.0082218271281265,-0.5938426561784664,0.8506414245891329,-0.20331776138102078,0.4610425335112442,0.022660701564611162,-0.8271373145794879,0.2512901061304505,-0.5809354001618161,43.332053040686866,24.521934758155233,672,97,0.7626132231752766,57.62613223175276,78.29021372328458,194,37,-1.6071549188860101,33.928450811139896,1.968503937007874,871,144,0.35393142949643375,53.539314294964335,64.84814398200226,313,49,0.5827613248866524,55.82761324886653,72.27221597300337,248,54
"Fowler, Dalton",687096.0,SUS_COU1,Sinker,51,27,13,16,8,1,16,10,3,1,2,6,1,3,832.87874,0.2842643961179418,0.4814814814814814,0.3137254901960784,0.125,0.0625,83.287874,0.3,0.1,0.2,0.6,0.1,0.3,2.1896110342129584,-0.007124994305328967,0.6840989550207217,-0.020068726944487893,-0.5856168621238382,-0.008503156838038132,-1.0962199147629261,-0.04787521233744127,1.0991195307606771,-0.6473814036180388,1.5867757911066345,-0.3792663892629345,2.788583006590405,0.137061643356925,-1.2827436372025922,0.38970649618760794,-0.5834517437617366,43.303170576903455,24.409448818897637,673,98,1.676175166751767,66.76175166751767,94.03824521934759,55,9,-1.0962199147629261,39.03780085237074,10.348706411698538,794,117,1.3072706582371785,63.07270658237179,91.39482564679415,76,8,0.9507769385298297,59.507769385298296,83.57705286839146,147,28
"Vega, Lucas",837223.0,TRO_AIG,Sinker,257,115,13,64,62,3,66,87,22,3,21,37,12,38,7204.45682,0.2520795290778593,0.1130434782608695,0.2490272373540856,0.0483870967741935,0.0454545454545454,82.80984850574713,0.2528735632183908,0.0344827586206896,0.2413793103448276,0.425287356321839,0.1379310344827586,0.4367816091954023,-1.155427843077093,0.0037597622013728605,-0.36028215626282306,0.010569237336126178,-1.479376704462321,-0.0214805497487929,-1.2355658249783132,-0.05396086627427787,0.9571111213768285,-0.563738450490952,0.9949814964553092,-0.23781749233825863,0.4610425335112442,0.022660701564611162,-0.8271373145794879,0.2512901061304505,-0.5887175516197207,43.242729902285944,24.296962879640045,674,99,0.3147887410299372,53.147887410299376,65.46681664791902,308,64,-1.2355658249783132,37.64434175021687,5.62429696287964,842,135,0.8079024908015509,58.07902490801551,81.66479190101236,166,21,-0.17214249797114653,48.278575020288535,45.3318335208099,487,100
"Godwin, Connor",802684.0,NEW_YOR13,Slider,93,38,14,33,32,5,17,19,3,0,6,4,5,10,1576.42727,0.2614073766425022,0.3684210526315789,0.3548387096774194,0.15625,0.2941176470588235,82.96985631578947,0.1578947368421052,0.0,0.3157894736842105,0.2105263157894736,0.2631578947368421,0.5263157894736842,1.163138393822609,-0.0037848523334987694,1.3477624693235073,-0.039537959800074414,-0.22105692643314154,-0.0032097465718092153,0.7972451005167381,0.0348180852748675,1.0046451020249112,-0.5917359650926727,-0.1977233079125734,0.047259231887339555,-0.7639787681093636,-0.03755032043134333,-0.007845243195835771,0.002383439799597278,-0.591358087267594,43.212421968496244,24.184476940382453,675,167,-1.3586606396184335,36.41339360381566,7.480314960629922,823,178,0.7972451005167381,57.97245100516738,80.31496062992126,176,63,-0.8407292581486094,41.5927074185139,17.2103487064117,737,156,-0.9071804307537398,40.9281956924626,19.122609673790777,720,158
"Simpson, Garret",1000073158.0,EVA_OTT,Changeup,88,45,10,19,34,3,28,26,7,2,9,15,5,6,2112.22233,0.2922198401682975,0.2222222222222222,0.2159090909090909,0.088235294117647,0.1071428571428571,81.23932038461538,0.2692307692307692,0.0769230769230769,0.3461538461538461,0.5769230769230769,0.1923076923076923,0.2307692307692307,-0.16419691702698108,0.0005342967680057964,-0.8948864936063069,0.02625239017643462,-1.014510904112894,-0.01473069832771922,-0.7312663403892949,-0.031936594883821674,0.49054981229204253,-0.28893383944001305,1.2003885218033303,-0.28691326331586664,1.968761058582765,0.09676657479040149,0.3264812587290125,-0.0991872917706851,-0.5981484260032638,43.134482806047885,24.07199100112486,676,101,1.4963564131518692,64.9635641315187,91.78852643419573,75,21,-0.7312663403892949,42.68733659610705,27.221597300337457,649,91,0.09202504797425147,50.92025047974251,52.30596175478065,428,73,1.5191324128544998,65.191324128545,93.36332958380203,63,16
"Bradford, Ethan",688428.0,NEW_YOR13,Sinker,252,104,11,77,69,11,56,75,18,0,24,34,14,27,6112.65356,0.2547050413872014,0.1057692307692307,0.3055555555555556,0.1594202898550724,0.1964285714285714,81.50204746666667,0.24,0.0,0.32,0.4533333333333333,0.1866666666666666,0.36,-1.2214705434767898,0.0039746651484734745,0.5522171028195277,-0.016199840928313666,-0.18407258513118763,-0.0026727339361048443,-0.0013591916420318281,-5.935997658245603e-05,0.5685989027123667,-0.33490475369758393,0.8333206159651915,-0.19917779366615218,-0.7639787681093636,-0.03755032043134333,0.03851469840441019,-0.011701034978148648,-0.5982911724657556,43.13284436941576,23.95950506186727,677,100,0.5333270883168628,55.33327088316863,70.86614173228347,260,54,-0.0013591916420318281,49.98640808357968,57.25534308211474,381,24,0.16629005749032003,51.6629005749032,54.89313835770528,402,69,0.45820219411511587,54.58202194115116,67.66029246344208,288,65
"Reeves, Cobe",802696.0,NEW_YOR13,Slider,62,24,8,23,19,7,15,14,4,1,5,5,3,6,1137.76633,0.2614822710761793,0.3333333333333333,0.3709677419354839,0.3684210526315789,0.4666666666666667,81.26902357142856,0.2857142857142857,0.0714285714285714,0.3571428571428571,0.3571428571428571,0.2142857142857142,0.4285714285714285,0.8445779192187074,-0.002748256549137674,1.6081227710884458,-0.04717588961265065,2.254113163256325,0.03272972313048184,2.207826445233018,0.09642240434266158,0.49937382348743614,-0.2941311820340999,1.4073817017872432,-0.33638815221608154,1.773565356676184,0.08717251084599112,0.447475611806577,-0.13594622319612074,-0.600065065288956,43.11248371786429,23.847019122609677,678,168,-0.21620314494239265,47.83796855057607,45.556805399325086,486,110,2.207826445233018,72.07826445233017,97.41282339707537,25,8,-0.1973191449454921,48.02680855054508,40.382452193475814,532,123,-0.1047403709302708,48.952596290697294,46.737907761529804,476,103
"Leak, Anthony",1000264276.0,NEW_YOR13,Four-Seam,171,88,21,47,60,12,52,64,12,3,24,16,10,38,5248.04764,0.2234378739444104,0.2386363636363636,0.2748538011695906,0.2,0.2307692307692307,82.000744375,0.1875,0.046875,0.375,0.25,0.15625,0.59375,-0.01517336167250466,4.937411888233016e-05,0.05661898454766893,-0.0016609745306904158,0.28932698353383396,0.004201027800911269,0.2793743271069152,0.012201114987740305,0.7167482285715348,-0.4221647066286339,0.17404733771642894,-0.041600272518967696,0.9012845637811527,0.04429903759440744,0.6440914355576196,-0.19567948676245372,-0.6003548859388044,43.109157171194276,23.73453318335208,679,193,-1.051075929513345,39.489240704866546,14.848143982002249,758,192,0.2793743271069152,52.793743271069154,66.14173228346458,299,53,0.5667303644832072,55.667303644832074,73.5095613048369,236,46,-1.4607869143338734,35.39213085666127,7.424071991001124,824,238
"Burcham, Jacob",1000122547.0,GAT_GRI,Slider,117,53,10,32,49,9,38,39,8,0,14,17,5,17,3180.30332,0.2524125929499136,0.1886792452830188,0.2735042735042735,0.1836734693877551,0.2368421052631578,81.54623897435897,0.2051282051282051,0.0,0.358974358974359,0.4358974358974359,0.1282051282051282,0.4358974358974359,-0.46873271664832156,0.0015252562599736383,0.03483445187637919,-0.00102190348024546,0.09886301713216383,0.0014354910087590188,0.329019833580413,0.014369283191957375,0.5817270010901876,-0.34263720364212047,0.3954150440881131,-0.09451091759280854,-0.7639787681093636,-0.03755032043134333,0.46764133731950497,-0.14207271176702685,-0.6004630264528545,43.107915939877266,23.62204724409449,680,169,0.3974640300413849,53.97464030041385,67.82902137232846,287,60,0.329019833580413,53.29019833580413,67.66029246344208,288,108,0.9359456106568399,59.3594561065684,85.48931383577053,130,36,-0.1648838073667445,48.35116192633256,45.50056242969629,485,108
"Lovell, Justin",822485.0,WIN_CIT29,Four-Seam,186,84,31,64,58,17,44,47,9,0,19,11,15,21,3811.90329,0.2529801070309318,0.369047619047619,0.3440860215053763,0.293103448275862,0.3863636363636363,81.10432531914894,0.1914893617021276,0.0,0.4042553191489361,0.2340425531914893,0.3191489361702128,0.4468085106382978,1.16882697372625,-0.0038033629725052172,1.1741889348135475,-0.03444600659169023,1.3754641712468052,0.019971739766503613,1.5513523793294184,0.06775221246245368,0.45044643966435444,-0.2653129529623047,0.22414409138274757,-0.05357424829003018,-0.7639787681093636,-0.03755032043134333,0.9662067212774109,-0.2935403653711264,-0.6005033043900427,43.10745363176396,23.509561304836897,681,194,-1.1754186846622106,38.245813153377895,11.136107986501688,791,214,1.5513523793294184,65.51352379329418,91.00112485939258,81,7,-1.5778603207381048,34.221396792618954,6.186726659167604,835,258,-0.25445913822957594,47.455408617704244,40.21372328458943,533,88
"Morrissey, Joe",1000570088.0,EVA_OTT,Four-Seam,169,85,16,47,32,6,48,56,9,0,24,14,15,27,4521.69304,0.2499145443705438,0.188235294117647,0.2781065088757396,0.1875,0.125,80.74451857142857,0.1607142857142857,0.0,0.4285714285714285,0.25,0.2678571428571428,0.4821428571428571,-0.4727633375256627,0.0015383719003085063,0.10912529406308766,-0.0032012996266347397,0.14350300925755516,0.002083663694419701,-0.585284910639842,-0.025561147902373817,0.3435576135585319,-0.20235543438597528,-0.16231657975742977,0.038796421943881595,-0.7639787681093636,-0.03755032043134333,1.233938906810745,-0.374879277461452,-0.6011290222691694,43.10027167379007,23.397075365579305,682,195,-1.051075929513345,39.489240704866546,14.848143982002249,762,195,-0.585284910639842,44.14715089360158,32.8458942632171,604,168,-0.90259561518737,40.9740438481263,15.748031496062993,750,234,-0.5445392498719798,44.5546075012802,29.358830146231725,629,130
"Lefebvre, Charles",1000429097.0,TRO_AIG,Four-Seam,63,25,4,19,12,3,20,19,3,0,7,7,4,8,1558.2917,0.2511591156826121,0.16,0.3015873015873015,0.25,0.15,82.01535263157895,0.1578947368421052,0.0,0.3684210526315789,0.3684210526315789,0.2105263157894736,0.4210526315789473,-0.7291108253245665,0.002372526625606139,0.48816020317894593,-0.014320667720457559,0.8726228806389486,0.012670484226877533,-0.38091090899060837,-0.016635522128346836,0.7210879453974972,-0.4247207998391258,-0.1977233079125734,0.047259231887339555,-0.7639787681093636,-0.03755032043134333,0.5716540268072354,-0.17367249492222578,-0.604597562301676,43.06045994781061,23.28458942632171,683,196,-0.12832179919808162,48.71678200801918,49.26884139482565,451,55,-0.38091090899060837,46.19089091009391,39.932508436445445,535,139,-0.14782605931448317,48.52173940685517,42.68841394825647,511,140,-0.04301421248231169,49.569857875176886,49.26884139482565,451,59
"Martzolf, Max",824782.0,OTT_TIT,Four-Seam,71,36,6,20,12,3,21,25,7,3,9,5,5,15,2033.00454,0.2462883665903044,0.1666666666666666,0.2816901408450704,0.25,0.1428571428571428,81.3201816,0.28,0.12,0.36,0.2,0.2,0.6,-0.6685843351498258,0.0021755734265775334,0.1669734951219528,-0.004898334452897608,0.8726228806389486,0.012670484226877533,-0.4393034808903899,-0.019185700920925995,0.5145714862731786,-0.3030826054149022,1.3356240660594874,-0.3192368573973405,3.4990953615303586,0.17198403611457866,0.47893414360674413,-0.1455035453667341,-0.6050769497847666,43.054957562675675,23.172103487064117,684,197,-1.4406832289797895,35.5931677102021,5.736782902137233,842,243,-0.4393034808903899,45.6069651910961,37.96400449943757,554,147,-0.009245419547659513,49.9075458045234,48.59392575928009,461,118,-1.5120967835437393,34.8790321645626,6.130483689538808,837,244
"Simone, Andrew",1000132681.0,TRO_AIG,Four-Seam,206,89,18,57,55,15,52,63,15,2,21,11,12,40,5165.76078,0.2531095055347649,0.2022471910112359,0.2766990291262136,0.2727272727272727,0.2884615384615384,81.99620285714285,0.238095238095238,0.0317460317460317,0.3333333333333333,0.1746031746031746,0.1904761904761904,0.6349206349206349,-0.34554969657676826,0.001124418712660804,0.08640527921957993,-0.002534785271185597,1.1377573793230913,0.016520237147771285,0.7510066386051466,0.032798712927802565,0.7153990667907597,-0.42137005033975744,0.8094014040559382,-0.19346069539323818,0.3638186206842121,0.01788204902524971,0.1853211801385213,-0.05630187177434374,-0.6053419849650407,43.0519155023641,23.059617547806525,685,198,-1.6385790001373488,33.614209998626514,2.699662542182227,866,258,0.7510066386051466,57.51006638605146,79.52755905511812,183,29,0.1161370640508975,51.16137064050898,53.374578177727784,418,104,-1.7987804972242605,32.0121950277574,3.487064116985377,859,262
"Moore, Kyle",1000517760.0,SCH_BOO,Sinker,90,37,4,27,21,2,25,29,5,2,13,12,8,9,2339.53208,0.2998470327449691,0.1081081081081081,0.3,0.0952380952380952,0.08,80.67352,0.1724137931034483,0.0689655172413793,0.4482758620689655,0.4137931034482758,0.2758620689655172,0.3103448275862069,-1.2002359380360665,0.0039055677423693604,0.46253744332271485,-0.013568998437315164,-0.9328168008768831,-0.013544499948732342,-0.9531581136084625,-0.04162727429562238,0.32246586360311236,-0.18993239366223316,-0.015399006607928013,0.00368062436240713,1.6860638351318553,0.08287172356056582,1.4508942985360336,-0.44079184415533673,-0.6090070948338975,43.00984755780644,22.947131608548933,686,101,0.22522384460086958,52.2522384460087,61.92350956130483,339,71,-0.9531581136084625,40.468418863915375,16.479190101237347,744,96,-1.007981754418915,39.92018245581085,13.72328458942632,770,129,0.8658502584583271,58.658502584583275,80.03374578177727,178,36
"Martzolf, Max",824782.0,OTT_TIT,Curveball,71,26,5,15,27,6,27,19,4,0,6,7,4,8,1568.11746,0.2895065834031506,0.1923076923076923,0.2112676056338028,0.2222222222222222,0.2222222222222222,82.53249789473684,0.2105263157894736,0.0,0.3157894736842105,0.3684210526315789,0.2105263157894736,0.4210526315789473,-0.43579014217005113,0.0014180611226213464,-0.9698109210348217,0.02845037317947753,0.5485696044694403,0.007965230656896272,0.2095028735516221,0.009149618996619991,0.8747177771206437,-0.5152087707240591,0.46320228431676225,-0.11071322039053956,-0.7639787681093636,-0.03755032043134333,-0.007845243195835771,0.002383439799597278,-0.6141055877907295,42.951327315109715,22.83464566929134,687,73,-0.12832179919808162,48.71678200801918,49.26884139482565,452,72,0.2095028735516221,52.09502873551622,63.10461192350956,334,62,-0.14782605931448317,48.52173940685517,42.68841394825647,512,56,-0.04301421248231169,49.569857875176886,49.26884139482565,453,76
"Valdez, Alex",677678.0,EVA_OTT,Four-Seam,201,108,16,44,55,4,56,73,16,3,25,35,14,24,5973.22616,0.2510287764479545,0.1481481481481481,0.2189054726368159,0.0727272727272727,0.0714285714285714,81.82501589041097,0.2191780821917808,0.0410958904109589,0.3424657534246575,0.4794520547945205,0.1917808219178082,0.3287671232876712,-0.836713474524107,0.0027226656461014445,-0.8465178848546345,0.02483344867009556,-1.1954262090973677,-0.01735758855609378,-1.0232291998882,-0.04468748884671735,0.6645440618901629,-0.3914164524533059,0.5718475871489829,-0.13668129473758844,0.6959781256028699,0.034208020851506656,0.28587356488791266,-0.08685039012790208,-0.6152290795539039,42.93843193382638,22.722159730033745,688,199,0.7368479789970512,57.368479789970515,77.72778402699663,199,8,-1.0232291998882,39.767708001118,14.735658042744657,761,227,0.09896138136616307,50.98961381366163,52.86839145106862,420,106,0.7146109651803094,57.146109651803094,75.47806524184477,219,16
"Noriega, Branden",804447.0,LAK_ERI24,Four-Seam,186,76,15,45,40,6,45,52,12,1,17,15,16,21,4257.29395,0.2391439702112844,0.1973684210526315,0.2419354838709677,0.15,0.1333333333333333,81.8710375,0.2307692307692307,0.0192307692307692,0.3269230769230769,0.2884615384615384,0.3076923076923077,0.4038461538461538,-0.38984391987141204,0.0012685521152615749,-0.4747596430310655,0.013927548887959338,-0.29396891357128097,-0.004268428625054999,-0.517160243423431,-0.022585939311031502,0.6782158339056651,-0.39946912617043673,0.7174044351741995,-0.17147185588203165,-0.08079381143633231,-0.003971096625907169,0.11474114084327569,-0.034859161776173056,-0.6214295073874143,42.8672637386925,22.609673790776153,689,200,-0.7513780068468497,42.4862199315315,23.90326209223847,677,151,-0.517160243423431,44.82839756576569,35.9392575928009,572,155,-1.427031964854408,35.72968035145592,7.64904386951631,824,256,0.09824372704282527,50.98243727042825,53.993250843644546,410,50
"Sanchez, Edwin",835958.0,LAK_ERI24,Sinker,255,115,26,67,70,7,63,80,14,1,33,24,23,33,6480.20375,0.2541754622978803,0.2260869565217391,0.2627450980392157,0.1,0.1111111111111111,81.002546875,0.175,0.0125,0.4125,0.3,0.2875,0.4125,-0.12910909663582684,0.00042012100045298056,-0.13884380271473173,0.00407312179643937,-0.8772648106763955,-0.012737885051021263,-0.6988260226671941,-0.030519828887944363,0.42021082433227935,-0.24750417553171253,0.01707750956196149,-0.004081815102971349,-0.3199085462718925,-0.01572382495780979,1.0569846654348076,-0.3211193402517526,-0.6271936269863195,42.80110346727174,22.49718785151856,690,102,-0.6614686300469005,43.385313699531,26.94038245219347,654,124,-0.6988260226671941,43.01173977332806,28.346456692913385,642,63,-1.1611969876093924,38.38803012390608,11.24859392575928,790,133,0.027199292752241352,50.27199292752241,51.912260967379076,429,94
"Bargo, Casey",1000057987.0,FLO_Y'A,Changeup,53,28,7,7,25,5,15,15,5,0,2,9,0,6,1266.74927,0.2668549363302712,0.25,0.1320754716981132,0.2,0.3333333333333333,84.44995133333333,0.3333333333333333,0.0,0.1333333333333333,0.6,0.0,0.4,0.08799679203444118,-0.0002863415612800716,-2.248157170146969,0.06595193874343148,0.28932698353383396,0.004201027800911269,1.1178317697704383,0.04881906688118435,1.4443411887511453,-0.8507169601744246,2.005361999518547,-0.4793156090389246,-0.7639787681093636,-0.03755032043134333,-2.0167760458731494,0.6127106801685839,-0.6361865176118616,42.69788352631907,22.38470191226097,691,102,1.676175166751767,66.76175166751767,94.03824521934759,51,14,1.1178317697704383,61.17831769770439,85.71428571428571,122,12,2.6237867360220166,76.23786736022016,99.15635545556806,1,1,0.12981903117197302,51.29819031171973,55.34308211473565,391,80
"Milburn, Isaac",830926.0,FLO_Y'A,Four-Seam,250,117,16,48,45,5,83,97,21,1,31,36,18,43,7974.52018,0.2580708507875848,0.1367521367521367,0.192,0.1111111111111111,0.0602409638554216,82.21154824742268,0.2164948453608247,0.0103092783505154,0.3195876288659793,0.3711340206185567,0.1855670103092783,0.4432989690721649,-0.9401775602928957,0.0030593377811930825,-1.2808351372953153,0.03757457958769537,-0.7476435002085924,-0.010855783623028761,-1.1146874450324358,-0.048681744786901564,0.7793723416671963,-0.4590503092419786,0.5381526092087494,-0.12862762219524765,-0.39773528618155474,-0.019549087051109595,0.03397429175283878,-0.010321627654554692,-0.6364522571839324,42.6948333810343,22.272215973003377,692,201,-0.10718195657917498,48.92818043420825,50.168728908886386,444,53,-1.1146874450324358,38.85312554967564,9.561304836895388,805,243,0.18076721023571996,51.8076721023572,55.56805399325084,396,97,-0.22564727923039696,47.74352720769603,41.732283464566926,519,83
"Leach, Landon",667743.0,TRO_AIG,Sinker,79,33,5,17,20,1,21,26,5,0,9,11,4,11,2128.75969,0.2805801610525233,0.1515151515151515,0.2151898734177215,0.05,0.0476190476190476,81.87537269230769,0.1923076923076923,0.0,0.3461538461538461,0.4230769230769231,0.1538461538461538,0.4230769230769231,-0.8061445400924194,0.0026231943334607327,-0.9064963459577358,0.026592976805016138,-1.4605607077815104,-0.02120734147698753,-1.2178711062208034,-0.053188084821981146,0.6795037019616371,-0.40022768045540424,0.23442034854507,-0.056030448448197,-0.7639787681093636,-0.03755032043134333,0.3264812587290125,-0.0991872917706851,-0.6381749962661215,42.67505986951895,22.15973003374578,693,103,0.2975647224858863,52.97564722485886,64.96062992125984,313,66,-1.2178711062208034,37.82128893779196,6.130483689538808,836,133,0.5983773855838049,55.98377385583805,75.0281214848144,222,28,-0.05963279360291668,49.40367206397083,48.4251968503937,458,97
"Soto, Noel",1000195638.0,TRI_VAL,Four-Seam,51,27,7,15,21,3,16,16,4,0,8,5,4,7,1249.60331,0.2827183914050656,0.2592592592592592,0.2941176470588235,0.1428571428571428,0.1875,78.100206875,0.25,0.0,0.5,0.3125,0.25,0.4375,0.17206136172158126,-0.0005598876710420255,0.3675825097378543,-0.010783400505669694,-0.3772968988720123,-0.005478350971621618,-0.07434990651675787,-0.003247083467306366,-0.44199567269837453,0.2603354512193426,0.9588964784887655,-0.22919255959894927,-0.7639787681093636,-0.03755032043134333,2.020402201814914,-0.6138123317267835,-0.6402884831533732,42.65080137458221,22.04724409448819,694,202,-0.5640668051802892,44.35933194819711,31.2710911136108,613,119,-0.07434990651675787,49.256500934832424,54.330708661417326,409,88,-0.6675034584400784,43.324965415599216,21.034870641169853,713,222,-0.1780401840872229,48.21959815912777,44.37570303712036,498,71
"Austin, Zack",813186.0,SUS_COU1,Four-Seam,179,60,13,47,45,3,38,38,7,1,12,11,11,16,3147.08013,0.2455567827960469,0.2166666666666666,0.2625698324022346,0.0666666666666666,0.0789473684210526,82.81789815789473,0.1842105263157894,0.0263157894736842,0.3157894736842105,0.2894736842105263,0.2894736842105263,0.4210526315789473,-0.21463565883926608,0.0006984244338629718,-0.14167299999100422,0.0041561191277361,-1.2661287420798062,-0.018384189334998784,-0.9617633347305358,-0.04200309011768669,0.9595024547080377,-0.5651469458230342,0.1327394882020946,-0.03172699425160005,0.17090590944320658,0.008400196355043046,-0.007845243195835771,0.002383439799597278,-0.6416230398110803,42.6354834011805,21.934758155230597,695,203,-0.743491219408257,42.56508780591743,24.24071991001125,674,148,-0.9617633347305358,40.38236665269464,16.141732283464567,746,225,-1.1871808575656724,38.12819142434328,10.854893138357705,793,247,-0.04301421248231169,49.569857875176886,49.26884139482565,450,58
"Duncan, Tanner",677365.0,DOW_EAS1,Four-Seam,197,97,16,47,55,9,51,63,10,1,26,14,22,27,5144.92911,0.2724119457123032,0.1649484536082474,0.2385786802030456,0.1636363636363636,0.1764705882352941,81.66554142857143,0.1587301587301587,0.0158730158730158,0.4126984126984127,0.2222222222222222,0.3492063492063492,0.4285714285714285,-0.6841839460196042,0.002226334560347792,-0.5289463048197083,0.015517168798190963,-0.1348882143607954,-0.001958576872518749,-0.16451490724436107,-0.007184859544082981,0.6171685245277189,-0.36351226094682637,-0.18723242549623437,0.04475173264483345,-0.2000800737125776,-0.009834135703046903,1.059169285698708,-0.3217830431802674,-0.6417776402433701,42.63370890528628,21.822272215973005,696,204,-1.2675244292169254,37.32475570783075,8.773903262092238,810,226,-0.16451490724436107,48.35485092755639,50.89988751406074,434,99,-1.9735709959250365,30.264290040749636,3.374578177727784,860,265,-0.1047403709302708,48.952596290697294,46.737907761529804,473,65
"Villers, Ian",677351.0,QUE_CAP,Four-Seam,162,79,13,39,40,3,36,55,11,0,18,20,14,21,4518.84839,0.2741340954680328,0.1645569620253164,0.2407407407407407,0.075,0.0833333333333333,82.16087981818183,0.2,0.0,0.3272727272727272,0.3636363636363636,0.2545454545454545,0.3818181818181818,-0.6877382877367694,0.0022379003882954476,-0.49404559130994974,0.014493321466668686,-1.168912759228953,-0.016972613264004396,-0.9259082467218983,-0.04043719085908546,0.7643201255637054,-0.45018455395702245,0.33101716587089636,-0.07911872993496404,-0.7639787681093636,-0.03755032043134333,0.11859096116847025,-0.036028764139709436,-0.6435609507311649,42.61324015825986,21.70978627671541,697,205,-0.16560479436233488,48.34395205637665,47.63779527559055,470,61,-0.9259082467218983,40.74091753278102,17.435320584926885,738,221,-0.7273450983393889,42.726549016606114,19.122609673790777,720,224,0.2790841052370383,52.79084105237038,61.698537682789656,342,34
"Whitesell, Max",1000223610.0,FLO_Y'A,Sinker,79,36,5,21,21,4,23,29,8,1,7,12,6,11,2409.5736,0.2753631340727638,0.1388888888888889,0.2658227848101265,0.1904761904761904,0.1739130434782608,83.08874482758621,0.2758620689655172,0.0344827586206896,0.2413793103448276,0.4137931034482758,0.2068965517241379,0.3793103448275862,-0.9207780442112473,0.0029962117558633987,-0.08916274041716932,0.0026156781528780793,0.17822300313285883,0.00258779800548911,-0.18542273350003752,-0.008097967040147138,1.0399636543976363,-0.6125385924402077,1.2836616401876626,-0.3068169542527346,0.4610425335112442,0.022660701564611162,-0.8271373145794879,0.2512901061304505,-0.6453030181237971,42.59324479738086,21.597300337457817,698,104,0.22522384460086958,52.2522384460087,61.92350956130483,341,72,-0.18542273350003752,48.145772664999626,49.60629921259843,451,30,-0.10003963180868228,48.99960368191318,44.881889763779526,492,78,0.29967239131497814,52.99672391314978,62.59842519685039,335,73
"Anderson, Colt",1000568252.0,WAS_WIL3,Curveball,67,18,2,15,19,2,13,10,1,0,4,5,2,3,827.3810100000001,0.2704430793493102,0.1111111111111111,0.2238805970149253,0.1052631578947368,0.1538461538461538,82.738101,0.1,0.0,0.4,0.5,0.2,0.3,-1.1729717532726696,0.0038168500851492666,-0.7662077420216691,0.022477470319947686,-0.8158652425600683,-0.011846363321972192,-0.3494687548907266,-0.015262348932342702,0.9357968833478876,-0.5511843642919058,-0.9247414593648421,0.22102892939300647,-0.7639787681093636,-0.03755032043134333,0.9193535888090787,-0.27930605575531975,-0.6478262029347803,42.56428381052502,21.484814398200225,699,74,0.896960567818878,58.96960567818878,81.55230596175478,148,32,-0.3494687548907266,46.505312451092735,41.676040494938135,513,72,-0.009245419547659513,49.9075458045234,48.59392575928009,444,46,0.9507769385298297,59.507769385298296,83.57705286839146,142,38
"Nakata, Yuto",1000432352.0,QUE_CAP,Splitter,114,71,32,40,59,17,38,29,5,0,9,13,7,9,2424.03957,0.2965318359141752,0.4507042253521127,0.3508771929824561,0.288135593220339,0.4473684210526316,83.58757137931035,0.1724137931034483,0.0,0.3103448275862069,0.4482758620689655,0.2413793103448276,0.3103448275862069,1.9101851406049986,-0.006215742447528665,1.2838143250303637,-0.03766197703909075,1.3175095818208158,0.019130239128038243,2.050064057995013,0.0895324476048162,1.188151493792038,-0.6998212298435104,-0.015399006607928013,0.00368062436240713,-0.7639787681093636,-0.03755032043134333,-0.06779344354098078,0.02059612270185475,-0.6483098359643568,42.55873269522358,21.372328458942633,700,12,0.4939185338880733,54.93918533888073,70.1912260967379,266,10,2.050064057995013,70.50064057995013,95.83802024746907,38,5,-0.5540106931137994,44.45989306886201,25.590551181102363,663,14,0.8658502584583271,58.658502584583275,80.03374578177727,179,7
"Long, Maddox",1000248716.0,WAS_WIL3,Changeup,61,19,1,7,8,1,10,22,7,0,5,14,5,3,1815.51495,0.2809333321537176,0.0526315789473684,0.1147540983606557,0.125,0.1,82.52340681818181,0.3181818181818182,0.0,0.2272727272727272,0.6363636363636364,0.2272727272727272,0.1363636363636363,-1.703905877612506,0.005544509725751094,-2.527764645472632,0.07415450363958515,-0.5856168621238382,-0.008503156838038132,-0.7896589122890756,-0.034486773676400795,0.872017064843397,-0.5136180511927608,1.815095541149496,-0.4338386909589291,-0.7639787681093636,-0.03755032043134333,-0.9824576518373652,0.2984775118317544,-0.6498204679003815,42.541393738737796,21.25984251968504,701,103,1.9595259300000905,69.5952593000009,96.34420697412823,34,8,-0.7896589122890756,42.10341087710924,24.521934758155233,672,94,-0.36829525894352344,46.31704741056477,34.4206974128234,582,95,2.2941626051154134,72.94162605115413,98.65016872890888,13,3
"Matos, Dwayne",684228.0,OTT_TIT,Changeup,235,107,21,61,58,8,55,64,16,1,17,29,10,25,5303.77622,0.251050088957081,0.1962616822429906,0.2595744680851063,0.1379310344827586,0.1454545454545454,82.8715034375,0.25,0.015625,0.265625,0.453125,0.15625,0.390625,-0.39989197222457235,0.0013012484776187584,-0.19002518535621785,0.005574578837610007,-0.43476447494148135,-0.006312780176150309,-0.4180698183813786,-0.018258363178169944,0.9754271294018378,-0.5745265792176825,0.9588964784887655,-0.22919255959894927,-0.2088909908125248,-0.010267201089426406,-0.5601804849175129,0.17018675258133484,-0.6614949033638147,42.40739516259936,21.147356580427445,702,104,0.5317037245690862,55.31703724569086,70.75365579302587,261,60,-0.4180698183813786,45.81930181618621,38.75140607424072,546,81,0.5667303644832072,55.667303644832074,73.5095613048369,237,51,0.20678383498677225,52.06783834986772,58.83014623172104,367,76
"Coles, Chad",694311.0,WAS_WIL3,Four-Seam,239,121,30,66,51,8,65,77,15,1,27,20,19,38,6320.81748,0.2593169892779505,0.2479338842975206,0.2761506276150627,0.1568627450980392,0.123076923076923,82.0885387012987,0.1948051948051948,0.0129870129870129,0.3506493506493506,0.2597402597402597,0.2467532467532467,0.4935064935064935,0.06923858226954156,-0.00022530234670508823,0.07755279627782133,-0.0022750888316061665,-0.21390869239999066,-0.0031059542136478643,-0.6010059876897836,-0.02624773450037592,0.7428295417661204,-0.43752660010024486,0.2657829515729356,-0.06352664373610835,-0.30260710905744875,-0.014873442017282664,0.3759789486243799,-0.114225036444727,-0.6620058021906979,42.40153109186398,21.034870641169853,703,206,-0.9751784036432586,40.24821596356742,17.772778402699664,732,176,-0.6010059876897836,43.989940123102166,31.72103487064117,608,169,-0.6247594299405699,43.7524057005943,23.059617547806525,685,212,-0.6378299211626457,43.621700788373545,27.10911136107986,649,140
"Salata, Derek",1000057774.0,SCH_BOO,Four-Seam,539,261,50,142,142,26,139,194,41,6,77,54,45,95,15773.03937,0.2549670346047358,0.1915708812260536,0.2634508348794063,0.1830985915492957,0.1870503597122302,81.30432664948454,0.211340206185567,0.0309278350515463,0.3969072164948453,0.2783505154639175,0.2319587628865979,0.4896907216494845,-0.4424796304740679,0.001439828717562617,-0.12745155960065493,0.0037389189524448135,0.09215653944196317,0.0013381129526973052,-0.07802569791332703,-0.0034076163049687313,0.5098614104913853,-0.30030837077942596,0.47342278316567066,-0.11315609336390911,0.3347516776740666,0.01645337970935805,0.8853005389222992,-0.268960500828367,-0.6628623409446079,42.39169978363577,20.92238470191226,704,207,-0.8301645741457736,41.69835425854227,21.70978627671541,697,161,-0.07802569791332703,49.21974302086673,53.993250843644546,410,89,-0.4299876712108544,45.70012328789146,30.59617547806524,618,181,-0.6065040403757948,43.93495959624205,27.78402699662542,643,135
"Harris, Ben",1000390130.0,GAT_GRI,Four-Seam,532,244,45,146,141,25,142,178,32,7,70,57,38,83,14592.04825,0.2654629664216353,0.1844262295081967,0.2744360902255639,0.1773049645390071,0.176056338028169,81.97779915730337,0.1797752808988764,0.0393258426966292,0.3932584269662921,0.3202247191011236,0.2134831460674157,0.4662921348314606,-0.5073457342744899,0.0016509030193291902,0.04987615300655657,-0.0014631668246003434,0.024568562152788926,0.0003567355224584952,-0.1679013861449283,-0.007332757237107453,0.709931826711719,-0.4181498459332024,0.07704351132883672,-0.018414708947284565,0.6330960871096458,0.0311173057775262,0.8451255924266622,-0.25675507085836696,-0.6689906054812479,42.32135987515099,20.80989876265467,705,208,-0.5038746662177767,44.961253337822235,33.85826771653544,589,107,-0.1679013861449283,48.320986138550715,50.39370078740157,442,101,-0.18675320531640113,48.13246794683599,41.11361079865017,525,145,-0.41441149168323427,45.85588508316766,34.758155230596174,581,106
"Allemann, Braeden",1000367619.0,QUE_CAP,Four-Seam,651,282,71,212,162,34,162,196,38,5,70,50,48,98,16123.65969,0.2580387534598148,0.25177304964539,0.325652841781874,0.2098765432098765,0.2098765432098765,82.26356984693878,0.1938775510204081,0.0255102040816326,0.3571428571428571,0.2551020408163265,0.2448979591836734,0.5,0.10409426282559504,-0.0003387227312344863,0.8766343042250454,-0.02571694394874593,0.40454592617188073,0.005874006848015708,0.10857744063842006,0.004741902565001719,0.794826547958914,-0.46815283674780034,0.2541339847340135,-0.06074234262916971,0.14228699074261628,0.0069935478819903325,0.447475611806577,-0.13594622319612074,-0.6732876119580634,42.27203905348433,20.697412823397077,706,209,-1.0113200826290143,39.88679917370986,16.535433070866144,743,184,0.10857744063842006,51.0857744063842,60.17997750281214,355,68,-0.600334270797994,43.99665729202006,23.73453318335208,678,207,-0.6911388761858831,43.08861123814117,24.634420697412825,652,141
"Reeves, Cobe",802696.0,NEW_YOR13,Four-Seam,51,25,3,12,15,3,21,19,2,0,11,6,7,6,1508.80164,0.2506932202255655,0.12,0.2352941176470588,0.2,0.1428571428571428,79.41061263157894,0.1052631578947368,0.0,0.5789473684210527,0.3157894736842105,0.3684210526315789,0.3157894736842105,-1.0922697663730145,0.003554245819777789,-0.5819668261107459,0.017072578810784843,0.28932698353383396,0.004201027800911269,-0.4393034808903899,-0.019185700920925995,-0.05270966310999502,0.031045991571787064,-0.8586489001419092,0.20523168416521873,-0.7639787681093636,-0.03755032043134333,2.889651106819521,-0.8778962338095182,-0.6735267269933078,42.26929450327833,20.58492688413948,707,210,-0.5384347460048654,44.61565253995135,32.39595050618673,603,114,-0.4393034808903899,45.6069651910961,37.96400449943757,556,148,-2.22653565581686,27.7346434418314,2.0247469066366706,872,268,0.8211520057891155,58.21152005789116,78.34645669291339,196,13
"Jensik, CJ",10009752.0,WIN_CIT29,Sinker,62,18,2,14,6,0,17,14,4,0,3,10,1,3,1159.89919,0.2564282326037609,0.1111111111111111,0.2258064516129032,0.0,0.0,82.84994214285715,0.2857142857142857,0.0,0.2142857142857142,0.7142857142857143,0.0714285714285714,0.2142857142857142,-1.1729717532726696,0.0038168500851492666,-0.7351199447960041,0.021565478700535577,-2.043856604886625,-0.029676797902953796,-1.6071549188860101,-0.07018927677250872,0.9690218535466802,-0.5707538717389946,1.4073817017872432,-0.33638815221608154,-0.7639787681093636,-0.03755032043134333,-1.1254509782017599,0.34191988533454204,-0.6772562049416553,42.22648774517996,20.47244094488189,708,105,2.5667061369607835,75.66706136960784,98.87514060742407,11,3,-1.6071549188860101,33.928450811139896,1.968503937007874,869,143,1.683418109032847,66.83418109032847,95.3880764904387,43,6,1.6544551448365643,66.54455144836564,95.66929133858267,39,4
"Westcott, Zac",686170.0,FLO_Y'A,Changeup,196,104,14,34,53,2,55,78,21,3,26,28,13,37,6357.97583,0.2624947806445995,0.1346153846153846,0.173469387755102,0.0377358490566037,0.0363636363636363,81.51251064102564,0.2692307692307692,0.0384615384615384,0.3333333333333333,0.358974358974359,0.1666666666666666,0.4743589743589743,-0.9595770763745431,0.0031224638065227633,-1.5799625566454993,0.04634978156175237,-1.603633286316728,-0.02328475531731889,-1.3098836437598527,-0.05720654837392404,0.5717072280332708,-0.3367355573115965,1.2003885218033303,-0.28691326331586664,0.602391145236699,0.029608127179528994,0.1853211801385213,-0.05630187177434374,-0.6813616235452458,42.17936595937229,20.359955005624297,709,105,-0.20193181529160675,47.98068184708393,46.17547806524184,480,99,-1.3098836437598527,36.90116356240147,4.499437570303712,850,118,0.4295932730472875,54.29593273047288,67.82902137232846,300,58,-0.48063684865822703,45.19363151341773,31.327334083239595,612,111
"Gilleran, Jimmy",10103730.0,NEW_ENG23,Splitter,51,25,4,5,32,3,18,20,4,0,7,4,6,10,1651.08571,0.3026800257533029,0.16,0.0980392156862745,0.09375,0.1666666666666666,82.5542855,0.2,0.0,0.35,0.2,0.3,0.5,-0.7291108253245665,0.002372526625606139,-2.797581943090813,0.0820698638825121,-0.9501767978145349,-0.013796567104267047,-0.24466157455778645,-0.010685104945662207,0.8811902837231249,-0.5190210771129206,0.33101716587089636,-0.07911872993496404,-0.7639787681093636,-0.03755032043134333,0.3688292823061605,-0.1120529177695877,-0.6877823267906267,42.10566945427075,20.247469066366705,710,13,-1.4406832289797895,35.5931677102021,5.736782902137233,838,15,-0.24466157455778645,47.553384254422134,47.30033745781777,467,16,-1.3257614973324972,36.74238502667503,8.830146231721034,812,15,-0.6911388761858831,43.08861123814117,24.634420697412825,665,15
"Sanchez, Edwin",835958.0,LAK_ERI24,Changeup,123,48,17,28,52,9,30,27,6,1,11,9,8,10,2198.2888900000003,0.2695437649378037,0.3541666666666667,0.2276422764227642,0.173076923076923,0.3,81.41810703703705,0.2222222222222222,0.037037037037037,0.4074074074074074,0.3333333333333333,0.2962962962962963,0.3703703703703703,1.0337232010147743,-0.0033637352961020757,-0.7054854389040599,0.020696120835689502,-0.024755422599690498,-0.000359448736147506,0.8453331009047934,0.03691823251581504,0.5436624776931741,-0.3202171993612795,0.6100746381455046,-0.14581820978562407,0.5517848521498085,0.02712077726801524,1.0009127453280289,-0.30408429841987245,-0.6891077609795058,42.09045618810201,20.13498312710911,711,106,-0.40173043040260414,45.98269569597396,38.02024746906636,561,110,0.8453331009047934,58.453331009047936,81.60854893138357,166,18,-1.2770016425997253,37.229983574002745,9.392575928008998,807,117,0.3730658185372646,53.73065818537265,64.51068616422947,317,67
"Maher, Adam",1000133555.0,TRI_VAL,Curveball,54,18,5,15,12,1,10,13,3,0,6,4,5,4,1030.81878,0.2606105015134451,0.2777777777777778,0.2777777777777778,0.0833333333333333,0.1,79.29375230769232,0.2307692307692307,0.0,0.4615384615384615,0.3076923076923077,0.3846153846153846,0.3076923076923077,0.3401905010958634,-0.0011069798905659395,0.1038188053354662,-0.0030456284733212362,-1.071696776378101,-0.015561037193010024,-0.7896589122890756,-0.034486773676400795,-0.08742569586293104,0.05149373486326638,0.7174044351741995,-0.17147185588203165,-0.7639787681093636,-0.03755032043134333,1.5969219660434384,-0.4851560717377589,-0.6968849324211654,42.001190210074114,20.022497187851517,712,75,-0.6015290455136011,43.98470954486399,29.527559055118108,626,83,-0.7896589122890756,42.10341087710924,24.521934758155233,673,89,-2.4397366400735137,25.602633599264863,1.574803149606299,876,91,0.8876263302715328,58.87626330271533,80.93363329583802,168,42
"Escobar, Anthony",678673.0,TRO_AIG,Slider,280,142,44,87,63,11,69,79,20,1,27,39,16,24,6434.17065,0.274867930970282,0.3098591549295774,0.3107142857142857,0.1746031746031746,0.1594202898550724,81.44519810126582,0.2531645569620253,0.0126582278481012,0.3417721518987341,0.4936708860759494,0.2025316455696202,0.3037974683544304,0.6314564749414487,-0.002054759369459474,0.6354910723522816,-0.018642766098526536,-0.0069502975354308995,-0.00010091832021445666,-0.3039004156155354,-0.013272242851177276,0.5517104981144619,-0.32495748338941804,0.998635675489896,-0.23869090324856848,-0.31428740422331936,-0.01544754020498037,0.2782366749069457,-0.08453024949345445,-0.6976968629757991,41.991870912487094,19.910011248593925,713,170,0.8476431881395814,58.47643188139581,79.52755905511812,183,35,-0.3039004156155354,46.96099584384464,44.43194600674916,495,155,-0.04257494050423677,49.57425059495763,46.681664791901014,475,113,0.919601321794721,59.19601321794721,82.33970753655792,158,26
"Noble, Nick",1000397875.0,FDU_KNI,Changeup,71,28,2,17,20,0,20,23,6,2,9,12,6,5,1860.46819,0.3022449156810253,0.0714285714285714,0.2394366197183098,0.0,0.0,80.88992130434782,0.2608695652173913,0.0869565217391304,0.391304347826087,0.5217391304347826,0.2608695652173913,0.217391304347826,-1.533248480503273,0.0049891905555576495,-0.5150971545721127,0.015110890126527499,-2.043856604886625,-0.029676797902953796,-1.6071549188860101,-0.07018927677250872,0.38675282191075516,-0.22779741210543478,1.0953919812317803,-0.26181730517807644,2.3252053838034774,0.11428616981932471,0.8236102311563973,-0.2502185534969316,-0.7053130949544955,41.904452189424894,19.797525309336333,714,107,1.0663550458477669,60.66355045847767,85.37682789651294,131,37,-1.6071549188860101,33.928450811139896,1.968503937007874,881,124,-0.8106030321123433,41.893969678876566,17.66029246344207,733,109,1.6289595576515377,66.28959557651538,95.3318335208099,42,12
"Gartland, Chad",1000103698.0,TRI_VAL,Slider,108,40,6,31,26,4,27,27,8,3,11,7,6,14,2175.12069,0.2419490469148452,0.15,0.287037037037037,0.1538461538461538,0.1481481481481481,80.56002555555557,0.2962962962962963,0.1111111111111111,0.4074074074074074,0.2592592592592592,0.2222222222222222,0.5185185185185185,-0.8199005605866786,0.0026679564241490522,0.25328490449681884,-0.007430365958318677,-0.24909999840934954,-0.0036169319769037553,-0.3960497239275889,-0.01729667959308959,0.28874974234341505,-0.17007359824027146,1.5402662123941997,-0.3681498092878244,3.1833120926681566,0.15646297266673256,1.0009127453280289,-0.30408429841987245,-0.7115207543853987,41.83320099038416,19.68503937007874,715,171,-0.978926429612152,40.210735703878484,17.491563554555682,735,158,-0.3960497239275889,46.03950276072411,39.48256467941507,539,159,-0.30180454794428985,46.9819545205571,36.895388076490434,560,125,-0.8431681182891896,41.56831881710811,20.866141732283463,705,156
"Serrano, Elio",665939.0,NEW_JER6,Slider,128,75,24,35,45,11,38,39,11,2,13,13,9,17,3198.77131,0.2584900667722403,0.32,0.2734375,0.2444444444444444,0.2894736842105263,82.01977717948718,0.282051282051282,0.0512820512820512,0.3333333333333333,0.3333333333333333,0.2307692307692307,0.4358974358974359,0.7235249388692251,-0.0023543501510804583,0.03375657135358141,-0.0009902827772286643,0.8078122254050465,0.011729433512881275,0.7592808896840637,0.033160074295172114,0.7224023585788951,-0.4254949892029692,1.3613832173463731,-0.3253937324604781,1.0578477830187196,0.05199427638315309,0.1853211801385213,-0.05630187177434374,-0.7136514421748936,41.80874506436682,19.572553430821145,716,172,-0.40173043040260414,45.98269569597396,38.02024746906636,562,127,0.7592808896840637,57.59280889684064,79.7525309336333,181,66,-0.4143272896353009,45.85672710364699,31.777277840269967,612,132,-0.1648838073667445,48.35116192633256,45.50056242969629,486,109
"Grounds, Jackson",805984.0,TRO_AIG,Sinker,67,32,3,12,17,1,15,25,4,1,10,7,8,10,2059.69464,0.2763590971657434,0.09375,0.1791044776119403,0.0588235294117647,0.0666666666666666,82.3877856,0.16,0.04,0.4,0.28,0.32,0.4,-1.3305928214360583,0.004329749040952934,-1.4889990275183638,0.04368127547127872,-1.3576261377041374,-0.019712731519464077,-1.062157581154721,-0.046387608041770126,0.8317276792264227,-0.4898876030643629,-0.1712862842233991,0.04094033379622418,0.6570459417705438,0.032294465083964,0.9193535888090787,-0.27930605575531975,-0.714048174988497,41.80419138532197,19.460067491563553,717,106,-0.817311549833478,41.82688450166522,22.103487064116987,694,128,-1.062157581154721,39.37842418845279,12.429696287964004,778,111,-1.589064712889465,34.10935287110535,6.074240719910011,836,142,0.12981903117197302,51.29819031171973,55.34308211473565,399,88
"Willeman, Landon",812254.0,EVA_OTT,Four-Seam,554,241,39,143,151,19,146,169,40,5,58,42,36,91,13866.6727,0.2619840367349286,0.1618257261410788,0.2581227436823105,0.1258278145695364,0.1301369863013698,82.05131775147929,0.2366863905325443,0.029585798816568,0.3431952662721893,0.2485207100591716,0.2130177514792899,0.5384615384615384,-0.7125351060236005,0.002318589235000796,-0.21345941237888777,0.006262045321547052,-0.5759596452843498,-0.00836293404952876,-0.5432902527667123,-0.023727115209080624,0.7317722070775757,-0.4310138299686921,0.7917096792709888,-0.18923207241031392,0.2870750113876076,0.014110023884712301,0.293905855977361,-0.08929065638691412,-0.7189359495832693,41.74808975726154,19.34758155230596,718,211,-1.0626027726928255,39.37397227307174,13.498312710911136,770,200,-0.5432902527667123,44.567097472332875,34.983127109111365,579,158,-0.18062621073858437,48.19373789261416,41.28233970753656,523,144,-1.006891917477366,39.93108082522634,16.647919010123736,744,187
"Gartland, Chad",1000103698.0,TRI_VAL,Sinker,63,33,3,6,11,1,22,29,8,0,12,10,8,11,2320.10053,0.2896795843421104,0.0909090909090909,0.0952380952380952,0.0909090909090909,0.0454545454545454,80.00346655172415,0.2758620689655172,0.0,0.4137931034482758,0.3448275862068966,0.2758620689655172,0.3793103448275862,-1.356385359862795,0.004413677960993535,-2.842798578131223,0.08339633908805756,-0.983318610150053,-0.01427778621937877,-1.2355658249783132,-0.05396086627427787,0.12341115724161332,-0.07268917161531024,1.2836616401876626,-0.3068169542527346,-0.7639787681093636,-0.03755032043134333,1.0712223630167792,-0.32544485244103866,-0.7229299341850324,41.70224700525598,19.23509561304837,719,107,-0.3121655339735361,46.87834466026464,41.22609673790777,525,104,-1.2355658249783132,37.64434175021687,5.62429696287964,840,134,-1.007981754418915,39.92018245581085,13.72328458942632,768,128,0.29967239131497814,52.99672391314978,62.59842519685039,334,72
"Williams, Pierce",1000337420.0,NEW_ENG23,Sinker,83,43,5,18,16,2,28,33,9,1,9,13,8,12,2732.83611,0.2730694332449935,0.1162790697674418,0.216867469879518,0.125,0.0714285714285714,82.81321545454546,0.2727272727272727,0.0303030303030303,0.2727272727272727,0.3939393939393939,0.2424242424242424,0.3636363636363636,-1.1260519934472892,0.003664173186677479,-0.8794160156536818,0.02579854823521641,-0.5856168621238382,-0.008503156838038132,-1.0232291998882,-0.04468748884671735,0.9581113505467707,-0.5643275854720479,1.2442961660423422,-0.2974079367189425,0.3125551030117782,0.01536239586813191,-0.48198100956198503,0.14642920457199798,-0.7236718460137221,41.69373137904209,19.122609673790777,720,108,0.07052084167793478,50.70520841677935,56.63667041619797,387,82,-1.0232291998882,39.767708001118,14.735658042744657,762,105,-0.5677673919412267,44.32232608058773,25.253093363329583,666,108,0.42834917930210314,54.28349179302103,66.53543307086615,304,67
"Villalobos, Jonaiker",665690.0,FLO_Y'A,Curveball,134,37,3,36,34,4,23,29,6,0,10,12,4,13,2387.69286,0.2594732149226132,0.081081081081081,0.2686567164179104,0.1176470588235294,0.1739130434782608,82.33423655172415,0.2068965517241379,0.0,0.3448275862068966,0.4137931034482758,0.1379310344827586,0.4482758620689655,-1.4456136009066403,0.004704026657350207,-0.04341645652497297,0.001273665168616607,-0.6713956705216494,-0.00974866513597435,-0.18542273350003752,-0.008097967040147138,0.8158197093354898,-0.48051780879860345,0.41762120899060196,-0.0998185685093067,-0.7639787681093636,-0.03755032043134333,0.31187849197827294,-0.09475086901244316,-0.7245065071018513,41.684151181548366,19.01012373453318,721,76,0.22522384460086958,52.2522384460087,61.92350956130483,340,61,-0.18542273350003752,48.145772664999626,49.60629921259843,450,71,0.8079024908015509,58.07902490801551,81.66479190101236,167,22,-0.2665054758283713,47.334945241716284,39.76377952755906,537,81
"Tiburcio, David",696010.0,DOW_EAS1,Slider,99,38,14,29,27,5,19,17,5,1,5,10,3,4,1403.50585,0.2765921894196749,0.3684210526315789,0.2929292929292929,0.1851851851851851,0.2631578947368421,82.55916764705883,0.2941176470588235,0.0588235294117647,0.2941176470588235,0.5882352941176471,0.1764705882352941,0.2352941176470588,1.163138393822609,-0.0037848523334987694,0.3483996948722258,-0.010220653448771615,0.11649856957676172,0.0016915592302545802,0.5441503616322385,0.023764678743564752,0.8826406372012067,-0.5198753353115106,1.5129076366810024,-0.36161064459658315,1.3257634523022646,0.0651625994441086,-0.24646258966768897,0.07487705997917159,-0.7299955882932647,41.62114778697212,18.89763779527559,722,173,1.5845028609949567,65.84502860994957,92.85714285714286,65,14,0.5441503616322385,55.441503616322386,73.5095613048369,240,91,0.30052306934289097,53.00523069342891,61.64229471316085,345,86,1.4819849962319722,64.81984996231972,92.63217097862767,68,11
"Hampton, Ky",673132.0,OTT_TIT,Slider,105,48,6,25,31,6,30,34,10,3,12,12,8,14,2781.19166,0.260627328867768,0.125,0.238095238095238,0.1935483870967742,0.2,81.79975470588235,0.2941176470588235,0.088235294117647,0.3529411764705882,0.3529411764705882,0.2352941176470588,0.4117647058823529,-1.0468748987419585,0.0034065309205063327,-0.5367501910703374,0.01574610360523942,0.21406299681059315,0.0031081947136898124,0.027837094307859044,0.0012157294197071278,0.6570396490979801,-0.38699635331871024,1.5129076366810024,-0.36161064459658315,2.370634562508077,0.11651905938183449,0.4012130650416261,-0.1218913376511013,-0.7305027175254174,41.615326983453215,18.785151856017997,723,174,-0.24894325414125343,47.51056745858747,44.31946006749156,494,112,0.027837094307859044,50.27837094307859,58.21147356580427,370,133,-0.47389815288348414,45.26101847116516,28.45894263217098,636,137,0.03323574795340204,50.33235747953402,52.30596175478065,423,89
"Kostura, Brit",1000146015.0,WAS_WIL3,Slider,60,32,8,21,19,3,13,20,5,2,9,5,6,9,1611.15924,0.271946857780804,0.25,0.35,0.1578947368421052,0.2307692307692307,80.557962,0.25,0.1,0.45,0.25,0.3,0.45,0.08799679203444118,-0.0002863415612800716,1.269654378794025,-0.037246580856301524,-0.20186956139678983,-0.002931146031481388,0.2793743271069152,0.012201114987740305,0.2881367159553997,-0.1697125256977304,0.9588964784887655,-0.22919255959894927,2.788583006590405,0.137061643356925,1.4698778953119962,-0.44655919374105163,-0.736665589142129,41.54458985666452,18.672665916760405,724,175,-1.051075929513345,39.489240704866546,14.848143982002249,757,162,0.2793743271069152,52.793743271069154,66.14173228346458,298,115,-1.3257614973324972,36.74238502667503,8.830146231721034,814,172,-0.28065992250695504,47.19340077493045,39.42632170978628,541,121
"Bell, Brendan",681141.0,NEW_ENG23,Changeup,56,18,3,10,2,0,13,14,5,0,2,8,0,6,1168.38796,0.2488534133289015,0.1666666666666666,0.1785714285714285,0.0,0.0,83.45628285714285,0.3571428571428571,0.0,0.1428571428571428,0.5714285714285714,0.0,0.4285714285714285,-0.6685843351498258,0.0021755734265775334,-1.49760368567904,0.043933701723080316,-2.043856604886625,-0.029676797902953796,-1.6071549188860101,-0.07018927677250872,1.1491492346499779,-0.676848899208837,2.304352148384199,-0.5507793374503461,-0.7639787681093636,-0.03755032043134333,-1.9119142732059276,0.5808529395998733,-0.7380824170164578,41.528327578425206,18.560179977502813,725,108,1.4535424241995127,64.53542424199513,91.11361079865017,77,22,-1.6071549188860101,33.928450811139896,1.968503937007874,858,120,2.6237867360220166,76.23786736022016,99.15635545556806,2,2,-0.1047403709302708,48.952596290697294,46.737907761529804,471,95
"Hicks, Jackson",703104.0,DOW_EAS1,Four-Seam,72,23,3,13,4,0,17,20,4,0,10,4,6,10,1587.0251,0.2792155838917804,0.1304347826086956,0.1805555555555555,0.0,0.0,79.35125500000001,0.2,0.0,0.5,0.2,0.3,0.5,-0.9975326513168982,0.0032459712473851864,-1.4655752358587495,0.04299411511915228,-2.043856604886625,-0.029676797902953796,-1.6071549188860101,-0.07018927677250872,-0.07034320556046893,0.04143214807511619,0.33101716587089636,-0.07911872993496404,-0.7639787681093636,-0.03755032043134333,2.020402201814914,-0.6138123317267835,-0.7426752223268998,41.47561159279935,18.447694038245217,726,212,-1.4406832289797895,35.5931677102021,5.736782902137233,839,242,-1.6071549188860101,33.928450811139896,1.968503937007874,867,265,-1.3257614973324972,36.74238502667503,8.830146231721034,813,254,-0.6911388761858831,43.08861123814117,24.634420697412825,672,146
"Hohenstein, Liam",1000116556.0,WIN_CIT29,Four-Seam,195,81,12,38,43,5,51,60,16,3,23,19,16,25,4874.09246,0.264680059731949,0.1481481481481481,0.1948717948717948,0.1162790697674418,0.0980392156862745,81.23487433333334,0.2666666666666666,0.05,0.3833333333333333,0.3166666666666666,0.2666666666666666,0.4166666666666667,-0.836713474524107,0.0027226656461014445,-1.2344776517708107,0.0362146363923485,-0.6873545185956612,-0.009980387610009,-0.8056882457517608,-0.03518682275671665,0.4892290110414962,-0.28815588750344123,1.168189582694721,-0.27921716948694414,1.0123021192405206,0.049755661462790826,0.7358454866414389,-0.2235550097600756,-0.7474023136159458,41.421354279544886,18.335208098987625,727,213,-0.5315995302247527,44.68400469775247,32.73340832395951,599,111,-0.8056882457517608,41.94311754248239,23.62204724409449,680,197,-0.8869228047375506,41.13077195262449,16.366704161979754,745,233,-0.007007286721002997,49.92992713278997,50.843644544431946,437,53
"Dima, Josh",1000098214.0,GAT_GRI,Curveball,54,23,7,15,26,5,15,12,4,1,3,9,2,1,999.55753,0.2765806393669563,0.3043478260869565,0.2777777777777778,0.1923076923076923,0.3333333333333333,83.29646083333334,0.3333333333333333,0.0833333333333333,0.25,0.75,0.1666666666666666,0.0833333333333333,0.5814192662850494,-0.0018919382924915506,0.1038188053354662,-0.0030456284733212362,0.19958915320996984,0.002898034504608762,1.1178317697704383,0.04881906688118435,1.1016704460527948,-0.6488838927250962,2.005361999518547,-0.4793156090389246,2.1964893774737755,0.10795964939221354,-0.7322193306996747,0.22245335820187606,-0.7510069595499509,41.379980336954446,18.222722159730033,728,77,2.8449970651511007,78.44997065151101,99.38132733408324,5,1,1.1178317697704383,61.17831769770439,85.71428571428571,123,32,0.4295932730472875,54.29593273047288,67.82902137232846,280,31,2.7295190711385184,77.29519071138519,99.49381327334083,4,2
"Figueredo, Kevin",1000210447.0,WIN_CIT29,Sinker,209,92,6,42,54,4,60,75,18,2,27,31,20,24,6137.59431,0.2709711566729736,0.0652173913043478,0.200956937799043,0.074074074074074,0.0666666666666666,81.83459079999999,0.24,0.0266666666666666,0.36,0.4133333333333333,0.2666666666666666,0.32,-1.5896396204176282,0.005172687324838962,-1.1362492135439006,0.03333300692852387,-1.1797145351012708,-0.01712945504967045,-1.062157581154721,-0.046387608041770126,0.6673885078393398,-0.3930918311173711,0.8333206159651915,-0.19917779366615218,0.18337103847723887,0.009012869912194767,0.47893414360674413,-0.1455035453667341,-0.7537716690761405,41.348247141708626,18.11023622047244,729,109,0.2216412487437069,52.21641248743707,61.64229471316085,342,73,-1.062157581154721,39.37842418845279,12.429696287964004,776,110,-0.8869228047375506,41.13077195262449,16.366704161979754,742,122,0.7865853570582583,57.86585357058258,76.94038245219348,205,42
"Williams, Pierce",1000337420.0,NEW_ENG23,Curveball,159,57,7,41,48,5,41,41,11,0,15,19,11,11,3318.99749,0.2666337914274388,0.1228070175438596,0.2578616352201258,0.1041666666666666,0.1219512195121951,80.95115829268293,0.2682926829268293,0.0,0.3658536585365853,0.4634146341463415,0.2682926829268293,0.2682926829268293,-1.0667849284047028,0.003471318157028903,-0.21767431361537043,0.006385693664220507,-0.8286568192509701,-0.012032097015524086,-0.6102085693775535,-0.026649638850425893,0.40494467028176717,-0.23851241079596086,1.1886084221294495,-0.28409761923211463,-0.7639787681093636,-0.03755032043134333,0.5433857697339144,-0.16508440054555132,-0.7540694750496706,41.34482893989977,17.99775028121485,730,78,0.6118820560141626,56.11882056014163,74.07199100112486,232,50,-0.6102085693775535,43.897914306224465,31.439820022497187,611,82,-0.908329570229988,40.91670429770012,15.579302587176603,752,77,1.2110806652530521,62.11080665253052,88.41394825646795,104,32
"Savinon, Jordan",842444.0,NEW_YOR13,Four-Seam,56,18,5,14,12,3,13,13,2,0,4,2,3,8,1097.34545,0.2433601415029281,0.2777777777777778,0.25,0.25,0.2307692307692307,84.41118846153846,0.1538461538461538,0.0,0.3076923076923077,0.1538461538461538,0.2307692307692307,0.6153846153846154,0.3401905010958634,-0.0011069798905659395,-0.3445794921485953,0.010108583981671191,0.8726228806389486,0.012670484226877533,0.2793743271069152,0.012201114987740305,1.4328257908635422,-0.8439343908186263,-0.24856373808406054,0.0594109589856379,-0.7639787681093636,-0.03755032043134333,-0.09699897704246174,0.029468968218339175,-0.7587315807402695,41.29131752803716,17.885264341957257,731,214,-1.800320736179585,31.99679263820415,1.0686164229471318,881,269,0.2793743271069152,52.793743271069154,66.14173228346458,305,56,-0.4143272896353009,45.85672710364699,31.777277840269967,611,180,-1.638398000060333,33.61601999939667,4.724409448818897,848,251
"Correa, Nelvin",673388.0,QUE_CAP,Changeup,74,39,16,21,17,2,16,19,5,0,6,8,5,6,1556.92903,0.2685031767824222,0.4102564102564102,0.2837837837837837,0.1176470588235294,0.125,81.94363315789474,0.2631578947368421,0.0,0.3157894736842105,0.4210526315789473,0.2631578947368421,0.3157894736842105,1.5429604981580298,-0.005020793461006229,0.20076978857526195,-0.005889782517643885,-0.6713956705216494,-0.00974866513597435,-0.585284910639842,-0.025561147902373817,0.6997820349341654,-0.41217161857622336,1.1241278765460994,-0.26868567266841903,-0.7639787681093636,-0.03755032043134333,-0.007845243195835771,0.002383439799597278,-0.7622445608933867,41.250995720614895,17.772778402699664,732,109,0.28179114760870166,52.81791147608702,64.34195725534309,316,72,-0.585284910639842,44.14715089360158,32.8458942632171,596,84,-0.8407292581486094,41.5927074185139,17.2103487064117,736,110,0.8211520057891155,58.21152005789116,78.34645669291339,191,48
"Gordillo, Lucas",808851.0,TRI_VAL,Four-Seam,247,98,37,78,73,19,57,50,8,0,31,9,19,22,3922.60813,0.2912069022230252,0.3775510204081632,0.3157894736842105,0.2602739726027397,0.3333333333333333,78.45216260000001,0.16,0.0,0.62,0.18,0.38,0.44,1.2460291295613788,-0.004054578787592727,0.7174164755768128,-0.02104612972752138,0.9924782019619172,0.014410783492487037,1.1178317697704383,0.04881906688118435,-0.3374391725081337,0.19875167260729074,-0.1712862842233991,0.04094033379622418,-0.7639787681093636,-0.03755032043134333,3.3416605374219164,-1.0152198628925402,-0.7749490350618113,41.10517441263913,17.66029246344207,733,215,-1.5965261487663673,34.034738512336325,3.374578177727784,860,253,1.1178317697704383,61.17831769770439,85.71428571428571,125,16,-2.3789743595603676,26.210256404396326,1.9122609673790776,873,269,-0.19856413177116936,48.014358682288304,42.68841394825647,511,78
"Anderson, Nathan",1000570089.0,EVA_OTT,Four-Seam,52,23,1,10,11,2,19,18,3,0,8,6,3,9,1468.43849,0.288646081051797,0.0434782608695652,0.1923076923076923,0.1818181818181818,0.1052631578947368,81.57991611111112,0.1666666666666666,0.0,0.4444444444444444,0.3333333333333333,0.1666666666666666,0.5,-1.7870086101178715,0.005814926017323554,-1.2758682638462613,0.037428871388193924,0.07721938458651913,0.0011212254641962578,-0.746632806678711,-0.03260769456607934,0.5917315650313835,-0.34852989180348487,-0.08756904254101738,0.020930489841026353,-0.7639787681093636,-0.03755032043134333,1.408708527922783,-0.42797551174263687,-0.7813679058328042,41.031498940585365,17.547806524184477,734,216,-0.40173043040260414,45.98269569597396,38.02024746906636,538,84,-0.746632806678711,42.53367193321289,26.884139482564677,650,185,0.4295932730472875,54.29593273047288,67.82902137232846,276,58,-0.6911388761858831,43.08861123814117,24.634420697412825,654,142
"Brito, Richard",695870.0,NEW_ENG23,Four-Seam,61,29,3,14,14,2,16,24,4,1,9,4,6,14,1997.3562,0.2945518286206675,0.1034482758620689,0.2295081967213114,0.1428571428571428,0.125,83.223175,0.1666666666666666,0.0416666666666666,0.375,0.1666666666666666,0.25,0.5833333333333334,-1.2425424316344418,0.004043233072538474,-0.6753651214401172,0.019812511202567277,-0.3772968988720123,-0.005478350971621618,-0.585284910639842,-0.025561147902373817,1.0798992126203524,-0.6360606362333875,-0.08756904254101738,0.020930489841026353,0.7162553046822042,0.03520466448043502,0.6440914355576196,-0.19567948676245372,-0.7827887232732695,41.015190870308956,17.435320584926885,735,217,-1.7004214286240864,32.99578571375913,2.1372328458942635,871,260,-0.585284910639842,44.14715089360158,32.8458942632171,594,166,-0.6675034584400784,43.324965415599216,21.034870641169853,690,215,-1.3752704656507637,36.24729534349236,8.661417322834646,812,229
"Good, Ty",688612.0,GAT_GRI,Curveball,167,49,19,59,69,19,40,18,3,0,7,7,2,9,1494.17131,0.2724413900074955,0.3877551020408163,0.3532934131736527,0.2753623188405797,0.475,83.00951722222221,0.1666666666666666,0.0,0.3888888888888889,0.3888888888888889,0.1111111111111111,0.5,1.3386717165635345,-0.004356037765697741,1.3228177697532137,-0.03880618209348028,1.1684976110545864,0.016966585312512595,2.2759511124494285,0.09939761293400388,1.016427281647022,-0.5986756688900958,-0.08756904254101738,0.020930489841026353,-0.7639787681093636,-0.03755032043134333,0.7970148540306523,-0.24213869175849037,-0.7842322128515647,40.99862257038833,17.322834645669293,736,79,0.03116656900455671,50.311665690045565,55.28683914510686,398,68,2.2759511124494285,72.75951112449428,97.97525309336334,19,8,1.1609910940388635,61.60991094038863,89.82002249718786,90,12,-0.6911388761858831,43.08861123814117,24.634420697412825,669,88
"Harper, Scott",1000241275.0,NEW_YOR13,Sinker,226,100,14,63,49,8,63,70,19,2,25,34,13,23,5707.07903,0.2713105346745604,0.14,0.2787610619469026,0.1632653061224489,0.1269841269841269,81.52970042857143,0.2714285714285714,0.0285714285714285,0.3571428571428571,0.4857142857142857,0.1857142857142857,0.3285714285714285,-0.9106902958487904,0.002963386222691964,0.11969131144109542,-0.003511264312435975,-0.13921694086992473,-0.002021429981431307,-0.5690647517787925,-0.0248527649044352,0.5768138476934608,-0.33974335629144836,1.227987612467852,-0.2935099151692286,0.2510388818048534,0.01233881207959035,0.447475611806577,-0.13594622319612074,-0.7842827555528178,40.99804244383546,17.2103487064117,737,110,0.7856441965427509,57.85644196542751,78.68391451068617,190,36,-0.5690647517787925,44.30935248221208,33.970753655793025,588,52,0.17882830585017492,51.78828305850175,55.399325084364456,397,66,0.7162175364275853,57.16217536427585,75.64679415073115,217,46
"Parsons, Billy",698892.0,SUS_COU1,Slider,242,106,32,83,67,18,63,62,19,1,22,16,16,30,5027.61128,0.2462497055811615,0.3018867924528302,0.3429752066115702,0.2686567164179104,0.2857142857142857,81.09050451612903,0.3064516129032258,0.0161290322580645,0.3548387096774194,0.2580645161290322,0.2580645161290322,0.4838709677419355,0.5590756070737013,-0.001819232025417824,1.156257784554254,-0.0339199783676836,1.0902706034393639,0.015830729161939564,0.7285479571052313,0.03181787493065676,0.4463406539335482,-0.2628946451668599,1.6677924766057146,-0.3986307543808681,-0.19098493348036935,-0.009387100465493634,0.4221058280967659,-0.12823870531659415,-0.7872418116303208,40.96407854876394,17.09786276715411,738,176,-0.9882360425026285,40.117639574973715,17.04161979752531,739,159,0.7285479571052313,57.28547957105231,78.45894263217097,193,73,-0.7736741098743387,42.26325890125661,18.166479190101235,729,153,-0.5587263104830031,44.41273689516997,28.74015748031496,635,138
"Campbell, AJ",1000132168.0,WIN_CIT29,Four-Seam,440,196,22,94,119,17,125,150,40,2,54,55,37,58,12240.62421,0.274318669846387,0.1122448979591836,0.2136363636363636,0.1428571428571428,0.136,81.6041614,0.2666666666666666,0.0133333333333333,0.36,0.3666666666666666,0.2466666666666666,0.3866666666666666,-1.162678132494653,0.0037833546431376005,-0.9315736270368217,0.0273286439227522,-0.3772968988720123,-0.005478350971621618,-0.4953603499141791,-0.021633872561801944,0.5989341827820177,-0.35277223365860844,1.168189582694721,-0.27921716948694414,-0.29030386481606235,-0.01426872525957428,0.47893414360674413,-0.1455035453667341,-0.7877618987393946,40.95810901539318,16.985376827896513,739,218,-0.14199223075830822,48.58007769241692,48.762654668166476,455,56,-0.4953603499141791,45.04639650085821,36.55793025871766,565,153,-0.6236195891805828,43.76380410819417,23.172103487064117,684,211,0.23928008548635457,52.392800854863545,60.067491563554555,356,38
"Lefebvre, Charles",1000429097.0,TRO_AIG,Changeup,115,57,8,22,23,2,31,41,9,0,14,19,10,12,3382.53216,0.2742030008129187,0.1403508771929824,0.1913043478260869,0.0869565217391304,0.064516129032258,82.50078439024391,0.2195121951219512,0.0,0.3414634146341463,0.4634146341463415,0.2439024390243902,0.2926829268292683,-0.9075046911027521,0.0029530202648483553,-1.2920645903105692,0.03790400682135086,-1.0294289577472955,-0.014947308466490731,-1.0797381404363757,-0.04715540380727783,0.865296555066228,-0.5096596709340083,0.5760432390876253,-0.13768412687700696,-0.7639787681093636,-0.03755032043134333,0.2748373275373696,-0.08349750396714564,-0.7896373073970735,40.936583170259695,16.87289088863892,740,110,0.6118820560141626,56.11882056014163,74.07199100112486,231,52,-1.0797381404363757,39.20261859563624,11.136107986501688,791,108,-0.5872280878434415,44.12771912156558,24.521934758155233,672,106,1.010847029312112,60.108470293121115,84.58942632170978,138,34
"Kaftan, Eddie",1000557510.0,FLO_Y'A,Sinker,128,56,6,36,23,2,36,47,10,2,16,17,10,20,3893.93894,0.2631407530631732,0.1071428571428571,0.28125,0.0869565217391304,0.0555555555555555,82.84976468085107,0.2127659574468085,0.0425531914893617,0.3404255319148936,0.3617021276595745,0.2127659574468085,0.425531914893617,-1.2089994259957302,0.003934084132190106,0.15986859252097366,-0.004689905030195283,-1.0294289577472955,-0.014947308466490731,-1.1529904707766025,-0.05035455283022656,0.9689691343977807,-0.5707228201602927,0.49132677760311816,-0.1174354524023645,0.7477496466564952,0.0367526428828134,0.26340973425241043,-0.08002572113402205,-0.7974890330085884,40.846461463264255,16.76040494938133,741,111,-0.18067664347128773,48.19323356528712,46.962879640044996,472,98,-1.1529904707766025,38.47009529223398,8.267716535433072,817,124,-0.17731130181806423,48.226886981819355,41.45106861642295,522,82,-0.07978724304705397,49.20212756952946,47.750281214848144,465,98
"Hill, Kaleb",1000371973.0,OTT_TIT,Sinker,424,206,22,97,107,14,133,158,34,2,63,73,42,43,12905.69104,0.2767888528480828,0.1067961165048543,0.2287735849056603,0.1308411214953271,0.1052631578947368,81.68158886075949,0.2151898734177215,0.0126582278481012,0.3987341772151899,0.4620253164556962,0.2658227848101265,0.2721518987341772,-1.2121474750686192,0.003944327883873287,-0.6872234741883038,0.02016038783878808,-0.5174748180695026,-0.007513734358369177,-0.746632806678711,-0.03260769456607934,0.621935781393973,-0.3663201752410501,0.5217653114763247,-0.12471077945313669,-0.31428740422331936,-0.01544754020498037,0.9054162645938149,-0.2750717990974531,-0.7975670071984073,40.84556647948161,16.647919010123736,742,112,0.6010562897430974,56.01056289743097,73.79077615298087,234,45,-0.746632806678711,42.53367193321289,26.884139482564677,651,66,-0.8758129644186908,41.24187035581309,16.87289088863892,740,121,1.179398127920625,61.79398127920625,88.18897637795276,106,18
"Jones, Breyln",690202.0,NEW_JER6,Cutter,72,29,8,20,18,3,16,15,4,0,6,6,5,4,1210.58886,0.2821042965562423,0.2758620689655172,0.2777777777777778,0.1666666666666666,0.1875,80.70592400000001,0.2666666666666666,0.0,0.4,0.4,0.3333333333333333,0.2666666666666666,0.32279783150541985,-0.001050384143718636,0.1038188053354662,-0.0030456284733212362,-0.09953694786957673,-0.0014452764830662542,-0.07434990651675787,-0.003247083467306366,0.33209221314513476,-0.19560231354248436,1.168189582694721,-0.27921716948694414,-0.7639787681093636,-0.03755032043134333,0.9193535888090787,-0.27930605575531975,-0.8004642317835041,40.81231228313334,16.535433070866144,743,34,0.11774596888598897,51.17745968885989,58.21147356580427,373,20,-0.07434990651675787,49.256500934832424,54.330708661417326,406,15,-1.764600189927443,32.35399810072557,4.611923509561304,847,36,1.2244295743157823,62.24429574315782,88.92013498312711,99,4
"Townes, Holland",830218.0,SCH_BOO,Sinker,103,52,9,34,25,6,29,41,8,2,15,6,12,23,3405.86166,0.2596206490839874,0.173076923076923,0.3300970873786408,0.24,0.2068965517241379,83.06979658536585,0.1951219512195122,0.048780487804878,0.3658536585365853,0.1463414634146341,0.2926829268292683,0.5609756097560976,-0.6103857869048824,0.0019861953505884876,0.9483748219559313,-0.027821523776899202,0.7559637012179256,0.01097659294168428,0.08421612924557832,0.0036779710125421417,1.0343346455462592,-0.6092231062267467,0.269760647566714,-0.06447738069945327,0.9689781951588143,0.04762624727025088,0.5433857697339144,-0.16508440054555132,-0.8023394046735847,40.790789144128354,16.42294713160855,744,113,-1.858798379626706,31.41201620373294,0.7874015748031495,883,145,0.08421612924557832,50.842161292455785,59.56130483689539,361,22,-1.2294310526165333,37.70568947383467,10.123734533183352,800,135,-1.191722966038235,38.08277033961765,12.4859392575928,779,137
"Bice, Emmett",828456.0,NEW_YOR13,Curveball,170,57,10,54,39,4,36,39,8,1,13,20,10,9,3236.8254,0.2946563640905782,0.175438596491228,0.3176470588235294,0.1025641025641025,0.1111111111111111,82.99552307692308,0.2051282051282051,0.0256410256410256,0.3333333333333333,0.5128205128205128,0.2564102564102564,0.2307692307692307,-0.5889442164988504,0.0019164244804872593,0.7474022440772948,-0.021925792232251523,-0.8473522005684417,-0.012303553952253774,-0.6988260226671941,-0.030519828887944363,1.0122700006264294,-0.5962270303689668,0.3954150440881131,-0.09451091759280854,0.14693450745467804,0.00722197797590488,0.1853211801385213,-0.05630187177434374,-0.8026505923521766,40.787217347789785,16.310461192350957,745,80,0.9968598753743763,59.96859875374376,84.02699662542183,143,31,-0.6988260226671941,43.01173977332806,28.346456692913385,634,85,-0.7518955147083369,42.48104485291663,18.616422947131607,724,74,1.5191324128544998,65.191324128545,93.36332958380203,56,19
"Gollert, Harley",1000114236.0,TRO_AIG,Slider,71,29,8,18,25,4,18,18,3,2,8,3,6,9,1491.20311,0.2812552972267415,0.2758620689655172,0.2535211267605634,0.16,0.2222222222222222,82.84461722222221,0.1666666666666666,0.1111111111111111,0.4444444444444444,0.1666666666666666,0.3333333333333333,0.5,0.32279783150541985,-0.001050384143718636,-0.28774027134075664,0.008441148600052437,-0.1773097341502579,-0.002574537339861745,0.2095028735516221,0.009149618996619991,0.9674399640479956,-0.5698221388242694,-0.08756904254101738,0.020930489841026353,3.1833120926681566,0.15646297266673256,1.408708527922783,-0.42797551174263687,-0.8064383419460552,40.74374175070945,16.197975253093365,746,177,-1.7004214286240864,32.99578571375913,2.1372328458942635,873,189,0.2095028735516221,52.09502873551622,63.10461192350956,328,123,-1.764600189927443,32.35399810072557,4.611923509561304,846,179,-0.6911388761858831,43.08861123814117,24.634420697412825,667,148
"Elliott, Eric",830233.0,MIS_MUD,Four-Seam,127,40,7,24,19,2,31,27,9,1,7,7,6,14,2231.28792,0.23801471087318,0.175,0.1889763779527559,0.1052631578947368,0.064516129032258,82.64029333333335,0.3333333333333333,0.037037037037037,0.2592592592592592,0.2592592592592592,0.2222222222222222,0.5185185185185185,-0.5929262224313987,0.0019293819277917713,-1.3296434685112182,0.039006420792245096,-0.8158652425600683,-0.011846363321972192,-1.0797381404363757,-0.04715540380727783,0.9067408783107804,-0.5340703773250497,2.005361999518547,-0.4793156090389246,0.5517848521498085,0.02712077726801524,-0.630270385050987,0.1914805548711852,-0.8128506186339869,40.67014196520548,16.085489313835772,747,219,-0.978926429612152,40.210735703878484,17.491563554555682,734,178,-1.0797381404363757,39.20261859563624,11.136107986501688,790,238,-0.30180454794428985,46.9819545205571,36.895388076490434,558,161,-0.8431681182891896,41.56831881710811,20.866141732283463,704,163
"Wiltse, Ryan",813813.0,EVA_OTT,Four-Seam,539,254,33,131,145,18,149,184,40,8,71,56,43,85,15147.88607,0.2572410230975922,0.1299212598425196,0.2430426716141001,0.1241379310344827,0.1208053691275167,82.32546777173913,0.217391304347826,0.0434782608695652,0.3858695652173913,0.3043478260869565,0.233695652173913,0.4619565217391304,-1.0021949109161168,0.003261142240121044,-0.45688704346649717,0.01340323830713316,-0.5956736879359961,-0.008649181948830662,-0.6195758505138751,-0.027058736119492464,0.8132147426278967,-0.47898348340783115,0.5494099702597192,-0.1313183228615673,0.7806133078470568,0.03836792469399069,0.7637706326234712,-0.23203886458543893,-0.8230162836819157,40.55346097911503,15.973003374578179,748,220,-0.6275897344411229,43.72410265558877,28.45894263217098,639,131,-0.6195758505138751,43.80424149486125,31.158605174353205,613,170,-0.4528540979316803,45.4714590206832,29.358830146231725,629,186,-0.3788179331693069,46.21182066830693,35.65804274465692,573,103
"Perez, Kelvin",692487.0,WAS_WIL3,Sinker,109,57,7,35,19,3,37,39,12,0,8,26,4,9,3258.37275,0.3012495390068153,0.1228070175438596,0.3211009174311927,0.1578947368421052,0.081081081081081,83.54801923076923,0.3076923076923077,0.0,0.2051282051282051,0.6666666666666666,0.1025641025641025,0.2307692307692307,-1.0667849284047028,0.003471318157028903,0.8031555995766628,-0.023561372669180982,-0.20186956139678983,-0.002931146031481388,-0.9443203189425504,-0.041241301289178,1.1764016231898087,-0.6929005560587973,1.683372608432461,-0.40235467074970155,-0.7639787681093636,-0.03755032043134333,-1.226279605766396,0.37255232818907147,-0.8245157208835823,40.53625051522051,15.860517435320585,749,114,2.1956515660403597,71.9565156604036,97.69403824521935,22,5,-0.9443203189425504,40.5567968105745,16.76040494938133,741,95,1.2735138357298759,62.73513835729876,90.77615298087738,83,9,1.5191324128544998,65.191324128545,93.36332958380203,61,9
"Pindel, Buddie",1000054422.0,SCH_BOO,Sinker,195,91,10,49,48,4,60,73,19,1,24,30,17,26,6005.31436,0.2804933440049125,0.1098901098901098,0.2512820512820513,0.0833333333333333,0.0666666666666666,82.26458027397261,0.2602739726027397,0.0136986301369863,0.3287671232876712,0.410958904109589,0.2328767123287671,0.3561643835616438,-1.184057191033612,0.0038529220996233733,-0.3238841861108695,0.009501466483748468,-1.071696776378101,-0.015561037193010024,-1.062157581154721,-0.046387608041770126,0.7951267184259669,-0.4683296371528945,1.0879127756020261,-0.26002964788606947,-0.2773264702052858,-0.013630873337060001,0.13504498776382562,-0.04102761259756457,-0.831612027624997,40.45479946757289,15.748031496062993,750,115,0.20313934959096278,52.031393495909626,60.8548931383577,349,75,-1.062157581154721,39.37842418845279,12.429696287964004,786,115,-0.4420726232029484,45.57927376797052,29.92125984251969,624,98,0.4896909905617186,54.896909905617186,68.95388076490438,277,63
"Nova, Fraynel",805843.0,LAK_ERI24,Sinker,132,53,8,33,8,1,38,45,11,0,13,23,10,12,3740.68147,0.2788656566316523,0.1509433962264151,0.25,0.125,0.0263157894736842,83.1262548888889,0.2444444444444444,0.0,0.2888888888888888,0.5111111111111111,0.2222222222222222,0.2666666666666666,-0.8113354912223284,0.0026400856884374567,-0.3445794921485953,0.010108583981671191,-0.5856168621238382,-0.008503156838038132,-1.3920243908341854,-0.060793881220901375,1.051106876266608,-0.6191019501210321,0.8891321104201129,-0.21251768963628412,-0.7639787681093636,-0.03755032043134333,-0.30403375897518403,0.09236758421297374,-0.8333507443645166,40.434842565319805,15.6355455568054,751,116,0.9835399677003098,59.835399677003096,83.91451068616423,144,29,-1.3920243908341854,36.07975609165815,4.274465691788527,852,139,-0.30180454794428985,46.9819545205571,36.895388076490434,565,89,1.2244295743157823,62.24429574315782,88.92013498312711,101,17
"Williams, Brian",1000079778.0,MIS_MUD,Four-Seam,606,277,43,155,91,13,161,212,52,6,74,57,51,104,17467.56123,0.2611359046330239,0.1552346570397112,0.2557755775577557,0.1428571428571428,0.0807453416149068,82.39415674528301,0.2452830188679245,0.0283018867924528,0.3490566037735849,0.2688679245283019,0.240566037735849,0.490566037735849,-0.7723752479043454,0.00251330905668074,-0.2513481629687421,0.007373549708851018,-0.3772968988720123,-0.005478350971621618,-0.9470649756710943,-0.0413611686824837,0.8336203736924532,-0.4910024001048549,0.8996625810719849,-0.21503465114008263,0.2414632435981169,0.011868159886091044,0.35844203124006774,-0.10889719818495126,-0.8400187504323714,40.35830753100713,15.523059617547808,752,221,-0.9040543070731772,40.95945692926823,19.572553430821145,716,169,-0.9470649756710943,40.52935024328906,16.647919010123736,742,222,-0.543303828460376,44.56696171539624,25.871766029246345,660,199,-0.6136900170011793,43.86309982998821,27.559055118110237,645,136
"Smith, Donny",1000381366.0,JOL_SLA,Four-Seam,52,23,2,5,10,0,15,19,7,1,5,6,4,9,1564.05524,0.2902262073042203,0.0869565217391304,0.0961538461538461,0.0,0.0,82.31869684210525,0.3684210526315789,0.0526315789473684,0.2631578947368421,0.3157894736842105,0.2105263157894736,0.4736842105263157,-1.3922706307173847,0.00453044863235437,-2.8280162166757052,0.0829626837323985,-2.043856604886625,-0.029676797902953796,-1.6071549188860101,-0.07018927677250872,0.8112032830741357,-0.4777987337306659,2.4459790610047714,-0.5846305772241774,1.1057905869957767,0.05435071314142942,-0.587344513198907,0.17843937452142034,-0.8420121656027033,40.33542721312675,15.410573678290213,753,222,-0.5384347460048654,44.61565253995135,32.39595050618673,604,115,-1.6071549188860101,33.928450811139896,1.968503937007874,885,272,-0.14782605931448317,48.52173940685517,42.68841394825647,517,142,-0.47509732161802554,45.249026783819744,31.664791901012375,610,117
"Trizuto, Colin",1000218135.0,WAG_SEA,Changeup,69,28,2,12,12,1,20,24,4,2,8,9,3,12,2033.59891,0.2687974898777605,0.0714285714285714,0.1739130434782608,0.0833333333333333,0.05,84.73328791666667,0.1666666666666666,0.0833333333333333,0.3333333333333333,0.375,0.125,0.5,-1.533248480503273,0.0049891905555576495,-1.5728009156918947,0.046139687662737426,-1.071696776378101,-0.015561037193010024,-1.1984069155875428,-0.05233802522445475,1.5285128030335764,-0.9002940409867765,-0.08756904254101738,0.020930489841026353,2.1964893774737755,0.10795964939221354,0.1853211801385213,-0.05630187177434374,-0.84447595772705,40.307147932505636,15.29808773903262,754,111,-0.0770576808472335,49.229423191527665,51.34983127109112,435,92,-1.1984069155875428,38.01593084412457,6.917885264341956,831,115,0.9781416387909692,59.781416387909694,86.22047244094489,128,26,-0.6911388761858831,43.08861123814117,24.634420697412825,686,118
"Barreto, Brayhans",810980.0,TRI_VAL,Four-Seam,132,50,7,31,37,5,32,38,6,0,16,6,11,21,3133.77666,0.2804411987128968,0.14,0.2348484848484848,0.1351351351351351,0.15625,82.46780684210526,0.1578947368421052,0.0,0.4210526315789473,0.1578947368421052,0.2894736842105263,0.5526315789473685,-0.9106902958487904,0.002963386222691964,-0.5891603816853567,0.017283608957121624,-0.46738120730523447,-0.006786375130072004,-0.32981740857829994,-0.014404115684840093,0.855499819927932,-0.5038893939375519,-0.1977233079125734,0.047259231887339555,-0.7639787681093636,-0.03755032043134333,1.151153296810306,-0.3497284296440486,-0.8448524077607029,40.302827058176874,15.185601799775029,755,223,-1.768773586425217,32.31226413574783,1.2373453318335208,879,267,-0.32981740857829994,46.701825914217004,42.857142857142854,508,129,-1.1871808575656724,38.12819142434328,10.854893138357705,794,248,-1.1232219853215974,38.76778014678403,13.667041619797526,768,199
"Shinn, Nathan",1000490914.0,LAK_ERI24,Curveball,88,40,17,29,34,9,22,19,4,0,6,10,3,6,1594.58898,0.2778355286368023,0.425,0.3295454545454545,0.2647058823529412,0.4090909090909091,83.92573578947368,0.2105263157894736,0.0,0.3157894736842105,0.5263157894736842,0.1578947368421052,0.3157894736842105,1.6768171591214005,-0.0054563630357810375,0.9394701779193972,-0.027560297139443437,1.0441804974345705,0.015161500822749963,1.7371469262832677,0.07586641771156914,1.288610968390935,-0.7589918603822607,0.46320228431676225,-0.11071322039053956,-0.7639787681093636,-0.03755032043134333,-0.007845243195835771,0.002383439799597278,-0.8468607030454517,40.279775947100475,15.073115860517436,756,81,1.1020170412222696,61.0201704122227,86.0517435320585,125,30,1.7371469262832677,67.37146926283268,93.13835770528684,62,21,0.5450771395196417,55.45077139519642,72.44094488188976,251,30,0.8211520057891155,58.21152005789116,78.34645669291339,197,47
"Sabatine, Gino",1000229070.0,TRI_VAL,Slider,138,76,20,40,38,7,46,48,10,1,20,16,11,21,3926.177,0.2906920034557629,0.2631578947368421,0.2898550724637681,0.1842105263157894,0.1521739130434782,81.79535416666667,0.2083333333333333,0.0208333333333333,0.4166666666666667,0.3333333333333333,0.2291666666666666,0.4375,0.20745697001090416,-0.0006750649804154822,0.2987745868502754,-0.00876485127983968,0.10512827918484947,0.0015264626137640144,-0.3631392566732843,-0.015859380756692344,0.6557323682479771,-0.3862263648980585,0.4356637179738739,-0.10413103487896141,-0.023861731713579692,-0.0011728279754541554,1.102861690976718,-0.33505710175056375,-0.8503601639062213,40.23960931342777,14.960629921259844,757,178,-0.40173043040260414,45.98269569597396,38.02024746906636,560,126,-0.3631392566732843,46.36860743326716,40.719910011248594,528,158,-0.3932292755682363,46.06770724431764,33.29583802024747,594,129,-0.1780401840872229,48.21959815912777,44.37570303712036,497,112
"Vitas, Ben",1000076969.0,JOL_SLA,Slider,154,63,20,46,34,6,39,35,8,1,15,13,10,12,2844.24566,0.2610955210155168,0.3174603174603174,0.2987012987012987,0.1764705882352941,0.1538461538461538,81.26416171428572,0.2285714285714285,0.0285714285714285,0.4285714285714285,0.3714285714285714,0.2857142857142857,0.3428571428571428,0.7004672283264657,-0.0022793203609743195,0.4415733670767068,-0.012953996296562272,0.01483479666083848,0.00021540124751537473,-0.3494687548907266,-0.015262348932342702,0.49792949759309113,-0.29328047408233066,0.6898053445096779,-0.16487520402866968,0.2510388818048534,0.01233881207959035,1.233938906810745,-0.374879277461452,-0.8509764078352259,40.232536096971245,14.848143982002249,758,179,-0.10488677366626559,48.95113226333734,50.506186726659166,443,100,-0.3494687548907266,46.505312451092735,41.676040494938135,524,157,-1.1376877719346632,38.62312228065337,11.586051743532058,789,169,0.598937835376463,55.98937835376463,72.66591676040494,244,47
"Walsh, John",1000208173.0,MIS_MUD,Four-Seam,91,38,8,26,12,1,16,26,8,0,7,11,4,11,2143.61072,0.2378294238772378,0.2105263157894736,0.2857142857142857,0.0833333333333333,0.0625,82.44656615384616,0.3076923076923077,0.0,0.2692307692307692,0.4230769230769231,0.1538461538461538,0.4230769230769231,-0.27038374189494907,0.0008798286961261642,0.2319326046166261,-0.006803974889033343,-1.071696776378101,-0.015561037193010024,-1.0962199147629261,-0.04787521233744127,0.8491897875339336,-0.5001727848574868,1.683372608432461,-0.40235467074970155,-0.7639787681093636,-0.03755032043134333,-0.5204792128139373,0.15812522820736383,-0.8513129435545265,40.22867335711138,14.735658042744657,759,224,0.2975647224858863,52.97564722485886,64.96062992125984,315,29,-1.0962199147629261,39.03780085237074,10.348706411698538,803,242,0.5983773855838049,55.98377385583805,75.0281214848144,230,44,-0.05963279360291668,49.40367206397083,48.4251968503937,463,61
"Sanchez, Dikember",699129.0,LAK_ERI24,Slider,111,37,20,42,31,10,23,15,2,0,5,10,1,4,1273.49156,0.2740517470664947,0.5405405405405406,0.3783783783783784,0.3225806451612903,0.4347826086956521,84.89943733333332,0.1333333333333333,0.0,0.3333333333333333,0.6666666666666666,0.0666666666666666,0.2666666666666666,2.7258066678931,-0.008869774897324148,1.7277477746020666,-0.05068520871572623,1.7193427312754053,0.024964856458118884,1.9471755445789223,0.08503899755839527,1.5778712884377137,-0.9293661888898134,-0.5061552509529298,0.12097970961701643,-0.7639787681093636,-0.03755032043134333,0.1853211801385213,-0.05630187177434374,-0.8517898010750202,40.22320001075839,14.623172103487065,760,180,2.1956515660403597,71.9565156604036,97.69403824521935,23,5,1.9471755445789223,69.47175544578923,94.99437570303712,46,15,1.7461093508321255,67.46109350832126,95.95050618672666,38,11,1.2244295743157823,62.24429574315782,88.92013498312711,102,17
"Phelps, Travis",,FLO_Y'A,Four-Seam,53,15,4,9,25,3,13,18,3,0,7,5,5,8,1498.75705,0.2825068937122995,0.2666666666666666,0.1698113207547169,0.12,0.2307692307692307,83.26428055555556,0.1666666666666666,0.0,0.3888888888888889,0.2777777777777778,0.2777777777777778,0.4444444444444444,0.23931301747129394,-0.0007787245588515905,-1.6390123131874907,0.04808206521966823,-0.6439464518343497,-0.009350102480634758,0.2793743271069152,0.012201114987740305,1.092110558315226,-0.643253118847668,-0.08756904254101738,0.020930489841026353,-0.7639787681093636,-0.03755032043134333,0.7970148540306523,-0.24213869175849037,-0.8518572880285532,40.22242539894014,14.510686164229472,761,225,-0.8346274298097646,41.65372570190235,21.372328458942633,701,163,0.2793743271069152,52.793743271069154,66.14173228346458,303,55,-1.033202368935867,39.66797631064133,12.992125984251967,777,244,-0.23505114987596273,47.64948850124037,41.001124859392576,528,86
"Estrella, Noah",805762.0,TRI_VAL,Four-Seam,247,113,20,57,62,6,66,86,18,3,29,20,17,49,7173.80327,0.253217828704129,0.1769911504424778,0.2307692307692307,0.0967741935483871,0.0909090909090909,83.41631709302327,0.2093023255813953,0.0348837209302325,0.3372093023255814,0.2325581395348837,0.1976744186046511,0.5697674418604651,-0.574848620277439,0.0018705574103827865,-0.655009082714485,0.019215346450512132,-0.914896804038016,-0.013284301594631991,-0.8639767310706152,-0.037732455776046975,1.1372764900774257,-0.6698558526556037,0.4478319217067783,-0.10703944243058904,0.4752869672510187,0.023360829727354822,0.22799748296820493,-0.06926723130812143,-0.8527325501767433,40.21237918454521,14.39820022497188,762,226,-1.1869854525830352,38.13014547416965,10.967379077615298,792,215,-0.8639767310706152,41.36023268929385,20.41619797525309,705,207,0.021371233424081912,50.21371233424082,50.39370078740157,442,114,-1.2639002069006668,37.360997930993335,11.24859392575928,790,212
"Delongchamp, Luke",802194.0,TRI_VAL,Sinker,113,44,7,31,32,6,27,33,8,2,9,17,6,10,2791.28592,0.2818355830177572,0.1590909090909091,0.2743362831858407,0.1875,0.2222222222222222,84.58442181818181,0.2424242424242424,0.0606060606060606,0.2727272727272727,0.5151515151515151,0.1818181818181818,0.303030303030303,-0.7373644376211222,0.002399383880019132,0.048265033965759,-0.0014159030364195061,0.14350300925755516,0.002083663694419701,0.2095028735516221,0.009149618996619991,1.4842887227048585,-0.8742460576731615,0.8637632493042395,-0.20645410055895141,1.38908897413292,0.06827511216760715,-0.48198100956198503,0.14642920457199798,-0.8537790779578687,40.20036719193115,14.285714285714285,763,117,1.0150233858390125,60.15023385839012,84.4769403824522,139,27,0.2095028735516221,52.09502873551622,63.10461192350956,326,19,0.2301211400495842,52.301211400495845,58.38020247469067,368,60,0.9258994261856525,59.25899426185653,82.56467941507312,157,31
"Parsons, Billy",698892.0,SUS_COU1,Sinker,61,30,5,16,10,3,23,24,5,0,8,8,3,13,2001.12815,0.2567500363201134,0.1666666666666666,0.2622950819672131,0.3,0.1304347826086956,83.38033958333334,0.2083333333333333,0.0,0.3333333333333333,0.3333333333333333,0.125,0.5416666666666666,-0.6685843351498258,0.0021755734265775334,-0.1461081145736836,0.004286227649133583,1.4559187777440632,0.021139940652843796,-0.5408557798465308,-0.023620794473237536,1.1265885477268949,-0.663560654611141,0.4356637179738739,-0.10413103487896141,-0.7639787681093636,-0.03755032043134333,0.1853211801385213,-0.05630187177434374,-0.8575629344404722,40.156936279783906,14.173228346456693,764,118,-0.40173043040260414,45.98269569597396,38.02024746906636,558,113,-0.5408557798465308,44.59144220153469,35.20809898762655,577,51,0.9781416387909692,59.781416387909694,86.22047244094489,127,16,-1.033204670918323,39.66795329081677,15.579302587176603,753,133
"Serratos, Oscar",8898893.0,WIN_CIT29,Four-Seam,81,41,4,15,15,2,22,31,7,1,11,14,7,10,2572.18258,0.2773256520590982,0.0975609756097561,0.1851851851851851,0.1333333333333333,0.0909090909090909,82.97363161290323,0.2258064516129032,0.032258064516129,0.3548387096774194,0.4516129032258064,0.2258064516129032,0.3225806451612903,-1.2959930747660462,0.004217161465288714,-1.390842186278073,0.040801746376653555,-0.48840087927298614,-0.0070915807670437585,-0.8639767310706152,-0.037732455776046975,1.0057666404041867,-0.592396551198066,0.6550839078672154,-0.15657619040669823,0.3820089011486249,0.018776119500356063,0.4221058280967659,-0.12823870531659415,-0.8582404561221508,40.14915972040061,14.0607424071991,765,227,0.5199212457545762,55.19921245754576,70.64116985376828,262,16,-0.8639767310706152,41.36023268929385,20.41619797525309,717,211,-0.3489915041372945,46.510084958627054,35.376827896512935,575,168,0.7653993465457976,57.65399346545797,76.4904386951631,211,15
"Drakeford, Dosie",836144.0,NEW_JER6,Four-Seam,130,58,10,29,24,3,26,45,9,2,16,10,9,26,3755.42843,0.2515492304778267,0.1724137931034483,0.2230769230769231,0.125,0.1153846153846153,83.4539651111111,0.2,0.0444444444444444,0.3555555555555555,0.2222222222222222,0.2,0.5777777777777777,-0.6164063263784965,0.0020057861860356273,-0.7791809189408392,0.02285805143804846,-0.5856168621238382,-0.008503156838038132,-0.663890295889548,-0.028994080892384224,1.1484606951656164,-0.676443349452548,0.33101716587089636,-0.07911872993496404,0.8149375762016429,0.04005499680788695,0.4299986496953734,-0.1306365997680023,-0.8587770824539658,40.1430003506729,13.948256467941508,766,228,-1.2675244292169254,37.32475570783075,8.773903262092238,809,225,-0.663890295889548,43.36109704110452,29.471316085489313,627,178,-0.009245419547659513,49.9075458045234,48.59392575928009,449,115,-1.3296616930197709,36.70338306980229,10.011248593925758,801,222
"Chapple, Bronson",1000218472.0,TRO_AIG,Four-Seam,95,35,2,20,19,2,23,29,8,0,9,10,8,11,2394.0685,0.2941632574363652,0.0571428571428571,0.2105263157894736,0.1052631578947368,0.0869565217391304,82.55408620689654,0.2758620689655172,0.0,0.3103448275862069,0.3448275862068966,0.2758620689655172,0.3793103448275862,-1.66294810230629,0.005411233124904668,-0.9817770727838419,0.028801412207186787,-0.8158652425600683,-0.011846363321972192,-0.8962888261930239,-0.039143621906327926,0.8811310791472932,-0.5189862056177557,1.2836616401876626,-0.3068169542527346,-0.7639787681093636,-0.03755032043134333,-0.06779344354098078,0.02059612270185475,-0.8595346974961875,40.134304483773235,13.835770528683913,767,229,-0.3121655339735361,46.87834466026464,41.22609673790777,523,78,-0.8962888261930239,41.03711173806976,18.503937007874015,725,213,-1.007981754418915,39.92018245581085,13.72328458942632,767,242,0.29967239131497814,52.99672391314978,62.59842519685039,333,32
"Andueza, Axel",672847.0,DOW_EAS1,Slider,116,51,16,39,32,8,39,31,6,0,12,9,10,12,2559.78653,0.2809920164723145,0.3137254901960784,0.3362068965517241,0.25,0.2051282051282051,82.57375903225805,0.1935483870967742,0.0,0.3870967741935484,0.2903225806451613,0.3225806451612903,0.3870967741935484,0.6665588304694684,-0.00216898243434765,1.047001431077801,-0.030714833982098375,0.8726228806389486,0.012670484226877533,0.0697599664410348,0.0030466270143793125,0.8869753419978358,-0.5224284764367253,0.25000048037181627,-0.05975436481703041,-0.7639787681093636,-0.03755032043134333,0.7772828000341319,-0.23614395562996948,-0.8730438224902577,39.97924743456931,13.72328458942632,768,181,-0.7368764944597604,42.6312350554024,24.465691788526435,672,145,0.0697599664410348,50.69759966441035,59.3363329583802,362,131,-1.6230393213484284,33.769606786515716,5.905511811023622,837,178,0.23574908373427736,52.35749083734277,59.89876265466817,357,74
"Sechrist, Zander",801415.0,WAS_WIL3,Sinker,98,42,3,25,28,3,29,36,9,0,13,13,9,14,2953.92099,0.2685852510661332,0.0714285714285714,0.2551020408163265,0.1071428571428571,0.1034482758620689,82.05336083333333,0.25,0.0,0.3611111111111111,0.3611111111111111,0.25,0.3888888888888889,-1.533248480503273,0.0049891905555576495,-0.26222062118213585,0.007692504142999138,-0.7939368253756655,-0.011527962704454662,-0.7614693948202164,-0.033255652879983305,0.7323791512841535,-0.4313713201063664,0.9588964784887655,-0.22919255959894927,-0.7639787681093636,-0.03755032043134333,0.49116801708458685,-0.14922028176641708,-0.8794364027889573,39.905873723218605,13.610798650168729,769,119,-0.1852819306990237,48.147180693009766,46.737907761529804,475,99,-0.7614693948202164,42.38530605179783,26.209223847019125,658,68,-0.6675034584400784,43.324965415599216,21.034870641169853,711,119,0.2210365764339572,52.21036576433957,59.5050618672666,363,78
"Belton, Hunter",10294453.0,MIS_MUD,Four-Seam,129,48,7,31,20,0,39,38,10,1,10,17,6,15,3180.64096,0.2956122184058561,0.1458333333333333,0.2403100775193798,0.0,0.0,83.70107789473684,0.2631578947368421,0.0263157894736842,0.2631578947368421,0.4473684210526316,0.1578947368421052,0.3947368421052631,-0.8577296169458923,0.0027910521735419335,-0.5009975028988499,0.014697262745040662,-2.043856604886625,-0.029676797902953796,-1.6071549188860101,-0.07018927677250872,1.2218712010131194,-0.7196821373967273,1.1241278765460994,-0.26868567266841903,0.17090590944320658,0.008400196355043046,-0.587344513198907,0.17843937452142034,-0.8839059989455627,39.854571925990385,13.498312710911136,770,230,0.4868476210120942,54.868476210120946,70.02249718785151,267,17,-1.6071549188860101,33.928450811139896,1.968503937007874,859,260,0.5450771395196417,55.45077139519642,72.44094488188976,241,48,0.17302734208554502,51.73027342085545,57.31158605174353,380,44
"Thornton, Tyler",1000429124.0,NEW_ENG23,Slider,138,54,9,45,19,4,39,40,8,0,9,22,7,11,3417.35877,0.2915644760315456,0.1666666666666666,0.3260869565217391,0.2105263157894736,0.1025641025641025,85.43396924999999,0.2,0.0,0.225,0.55,0.175,0.275,-0.6685843351498258,0.0021755734265775334,0.8836419313947023,-0.025922519699394988,0.41212611976648844,0.0059840712590094125,-0.7686974762224881,-0.033571324879064716,1.7366662233592762,-1.0228964055586136,0.33101716587089636,-0.07911872993496404,-0.7639787681093636,-0.03755032043134333,-1.0074814839511335,0.306079927194742,-0.8848197286230518,39.84408418325178,13.385826771653544,771,182,1.286567867285323,62.86567867285323,89.0888638920135,100,20,-0.7686974762224881,42.31302523777512,25.47806524184477,665,177,0.31988359989855025,53.1988359989855,62.93588301462317,331,83,1.1560164153692936,61.56016415369294,87.4015748031496,113,19
"Barker, Alex",1000106691.0,NEW_YOR13,Curveball,95,38,6,24,20,3,24,30,5,2,13,9,6,15,2486.85118,0.2672163728585482,0.1578947368421052,0.2526315789473684,0.15,0.125,82.89503933333334,0.1666666666666666,0.0666666666666666,0.4333333333333333,0.3,0.2,0.5,-0.7482244538008013,0.0024347223726678075,-0.30209965343957973,0.008862395433303511,-0.29396891357128097,-0.004268428625054999,-0.585284910639842,-0.025561147902373817,0.9824190057157601,-0.5786447943665827,-0.08756904254101738,0.020930489841026353,1.604395748357146,0.07885765542750209,1.2863697931443565,-0.3908081477458075,-0.8881972555653193,39.80531710089044,13.273340832395949,772,82,-0.6614686300469005,43.385313699531,26.94038245219347,648,86,-0.585284910639842,44.14715089360158,32.8458942632171,591,80,-0.009245419547659513,49.9075458045234,48.59392575928009,445,47,-0.6911388761858831,43.08861123814117,24.634420697412825,657,87
"Thompson, Ross",1000103401.0,SCH_BOO,Four-Seam,464,186,23,148,118,24,117,149,29,5,62,48,33,68,12292.25872,0.2623304489465087,0.1236559139784946,0.3189655172413793,0.2033898305084746,0.2051282051282051,82.49838067114094,0.1946308724832214,0.0335570469798657,0.4161073825503356,0.3221476510067114,0.2214765100671141,0.4563758389261745,-1.0590778201481565,0.0034462392267621015,0.7686852464325219,-0.022550150389344464,0.3288724680833333,0.00477522823657,0.0697599664410348,0.0030466270143793125,0.8645824753141593,-0.5092390779600399,0.26359388397904343,-0.06300341936701903,0.4281560556153884,0.021044298289551955,1.0967037009710923,-0.3331862612809246,-0.8956665162300645,39.71958530709042,13.160854893138357,773,231,-0.4888909000818982,45.111090999181016,34.645669291338585,582,103,0.0697599664410348,50.69759966441035,59.3363329583802,363,72,-0.29198712752829586,47.08012872471704,37.570303712035994,556,159,-0.33300287633178477,46.66997123668215,37.4578177727784,557,99
"Thiels, Brenton",816364.0,MIS_MUD,Cutter,51,22,4,9,12,2,15,13,6,1,3,7,1,5,1067.25506,0.3125944949085464,0.1818181818181818,0.1764705882352941,0.1666666666666666,0.1333333333333333,82.09654307692307,0.4615384615384615,0.0769230769230769,0.2307692307692307,0.5384615384615384,0.0769230769230769,0.3846153846153846,-0.5310241302072316,0.0017279525196943317,-1.531516161959346,0.04492855812723938,-0.09953694786957673,-0.0014452764830662542,-0.517160243423431,-0.022585939311031502,0.7452074246702608,-0.4389271731307836,3.6153089549489814,-0.8641203004850407,1.968761058582765,0.09676657479040149,-0.943959448585413,0.28678148819638855,-0.8968741157761984,39.70572454095452,13.048368953880765,774,35,1.1966584904853736,61.96658490485373,87.570303712036,113,6,-0.517160243423431,44.82839756576569,35.9392575928009,573,26,1.6110820608029108,66.11082060802912,94.76940382452193,48,4,0.2561202476885668,52.56120247688567,60.798650168728905,353,20
"Kassebaum, Torin",10120793.0,LON_ISL22,Curveball,55,21,2,10,14,0,15,16,4,0,5,5,4,7,1328.16605,0.3067381984567365,0.0952380952380952,0.1818181818181818,0.0,0.0,83.010378125,0.25,0.0,0.3125,0.3125,0.25,0.4375,-1.3170824441649112,0.0042857862733126206,-1.4451934950640188,0.042396196371198056,-2.043856604886625,-0.029676797902953796,-1.6071549188860101,-0.07018927677250872,1.0166830325129852,-0.5988263061501482,0.9588964784887655,-0.22919255959894927,-0.7639787681093636,-0.03755032043134333,-0.04406394757102753,0.013386935719711161,-0.9053663424916815,39.60825119488277,12.935883014623172,775,83,-0.5640668051802892,44.35933194819711,31.2710911136108,612,81,-1.6071549188860101,33.928450811139896,1.968503937007874,872,96,-0.6675034584400784,43.324965415599216,21.034870641169853,699,71,-0.1780401840872229,48.21959815912777,44.37570303712036,495,79
"Bice, Emmett",828456.0,NEW_YOR13,Four-Seam,201,103,12,42,37,6,64,75,23,3,26,25,18,32,6158.41507,0.2801432814180473,0.116504854368932,0.208955223880597,0.1621621621621621,0.09375,82.11220093333333,0.3066666666666666,0.04,0.3466666666666667,0.3333333333333333,0.24,0.4266666666666667,-1.1240021010277335,0.0036575028367442446,-1.0071381705205666,0.029545405370391343,-0.15208612778895655,-0.0022082905754956493,-0.840752412701384,-0.03671818011990754,0.7498589491389643,-0.44166692104285,1.6704930327890162,-0.39927623321813227,0.6570459417705438,0.032294465083964,0.33212766187263304,-0.10090270857053903,-0.9152749602358249,39.49452058466405,12.823397075365579,776,232,-0.40173043040260414,45.98269569597396,38.02024746906636,540,86,-0.840752412701384,41.59247587298616,21.766029246344207,695,203,-0.5358518506615945,44.641481493384056,26.26546681664792,655,197,-0.0891030774567887,49.10896922543211,47.52530933633296,467,63
"Lawson, Nathan",1000569348.0,FLO_Y'A,Cutter,98,57,11,23,26,3,22,37,10,0,14,9,10,18,3022.86121,0.2541644522686421,0.1929824561403508,0.2346938775510204,0.1153846153846153,0.1363636363636363,81.69895162162162,0.2702702702702703,0.0,0.3783783783783784,0.2432432432432432,0.2702702702702703,0.4864864864864865,-0.42966397919689964,0.0013981265883067115,-0.5916561050479763,0.017356823497687433,-0.697789150028669,-0.010131898458416274,-0.4923876371629181,-0.02150404527781612,0.6270937867350825,-0.3693582403869636,1.21344214576628,-0.29003330135461897,-0.7639787681093636,-0.03755032043134333,0.681289023834844,-0.20698037446419246,-0.9168032302873567,39.47697917878608,12.710911136107987,777,36,-1.1037255645763784,38.962744354236214,12.710911136107987,777,35,-0.4923876371629181,45.07612362837082,36.782902137232846,562,25,-0.9343648255586268,40.65635174441373,15.29808773903262,754,32,-0.5801986184348217,44.198013815651784,28.1214848143982,640,31
"Steinhauer, Ryan",1000424762.0,NEW_JER6,Changeup,93,43,13,24,19,1,20,24,7,1,9,10,5,9,1956.58534,0.2594244841915367,0.3023255813953488,0.2580645161290322,0.0526315789473684,0.05,81.52438916666667,0.2916666666666667,0.0416666666666666,0.375,0.4166666666666667,0.2083333333333333,0.375,0.5630593602664222,-0.0018321951583069379,-0.21439934126612692,0.0062896190753831,-1.4298609237233468,-0.020761580612462995,-1.1984069155875428,-0.05233802522445475,0.5752360158330584,-0.33881401332567135,1.4821292390036567,-0.354254084318937,0.7162553046822042,0.03520466448043502,0.6440914355576196,-0.19567948676245372,-0.9221851018464686,39.41520633091349,12.598425196850393,778,112,0.24761506870813713,52.47615068708137,62.93588301462317,334,75,-1.1984069155875428,38.01593084412457,6.917885264341956,830,114,-0.11895509269639526,48.81044907303605,44.20697412823397,498,81,0.3350585080114373,53.35058508011437,63.77952755905512,327,70
"Gartland, Chad",1000103698.0,TRI_VAL,Four-Seam,142,56,7,38,32,3,36,47,10,2,20,14,10,23,3856.22423,0.2598703362437972,0.125,0.2676056338028169,0.09375,0.0833333333333333,82.04732404255319,0.2127659574468085,0.0425531914893617,0.425531914893617,0.2978723404255319,0.2127659574468085,0.4893617021276595,-1.0468748987419585,0.0034065309205063327,-0.0603833881094019,0.0017714070735774141,-0.9501767978145349,-0.013796567104267047,-0.9259082467218983,-0.04043719085908546,0.7305857844725965,-0.4303150270543593,0.49132677760311816,-0.1174354524023645,0.7477496466564952,0.0367526428828134,1.200472383619079,-0.3647119134501615,-0.9247655699933407,39.385587848843464,12.4859392575928,779,233,-0.6780476640667492,43.219523359332506,26.26546681664792,656,140,-0.9259082467218983,40.74091753278102,17.435320584926885,732,217,-0.17731130181806423,48.226886981819355,41.45106861642295,521,143,-0.6038029285946213,43.96197071405379,27.896512935883017,642,134
"Sohosky, Zac",1000224033.0,MIA_RED,Four-Seam,58,28,2,11,14,1,15,21,5,0,7,9,5,7,1745.80677,0.2705118639836678,0.0714285714285714,0.1896551724137931,0.0714285714285714,0.0666666666666666,83.13365571428571,0.238095238095238,0.0,0.3333333333333333,0.4285714285714285,0.238095238095238,0.3333333333333333,-1.533248480503273,0.0049891905555576495,-1.3186861384070734,0.038684976556309904,-1.2105767518793187,-0.017577574437287708,-1.062157581154721,-0.046387608041770126,1.0533054607675705,-0.6203969163920989,0.8094014040559382,-0.19346069539323818,-0.7639787681093636,-0.03755032043134333,0.1853211801385213,-0.05630187177434374,-0.9280008193582144,39.34845382127496,12.373453318335208,780,234,0.3403787114382422,53.403787114382425,66.31046119235096,303,25,-1.062157581154721,39.37842418845279,12.429696287964004,788,237,-0.5107753539418821,44.89224646058118,27.221597300337457,651,195,0.6771243027438776,56.77124302743878,74.29696287964005,236,19
"Voytko, Fawster",1000207039.0,TRO_AIG,Four-Seam,166,72,13,45,39,9,43,55,10,0,25,17,18,20,4509.75527,0.2869835150951245,0.1805555555555555,0.2710843373493976,0.2307692307692307,0.2093023255813953,81.99555036363635,0.1818181818181818,0.0,0.4545454545454545,0.3090909090909091,0.3272727272727272,0.3636363636363636,-0.5424874806191147,0.0017652542619345992,-0.004228977190814085,0.000124061274869722,0.6482783048292883,0.009413000986121266,0.10388323445641064,0.004536892498414821,0.715205228666843,-0.4212558796847705,0.10269741582803442,-0.024546428238969305,-0.7639787681093636,-0.03755032043134333,1.5199255595395333,-0.461764024467027,-0.9292774438007698,39.33380079089059,12.260967379077616,781,235,-0.5906309392348196,44.0936906076518,30.202474690663667,622,124,0.10388323445641064,51.038832344564106,60.01124859392576,356,69,-1.6848113367283615,33.15188663271638,5.511811023622047,841,260,0.42834917930210314,54.28349179302103,66.53543307086615,302,27
"Masick, Jason",1000183506.0,NEW_YOR13,Four-Seam,87,46,11,19,25,4,22,31,4,1,12,13,8,10,2620.39823,0.2778394488524801,0.2391304347826087,0.2183908045977011,0.16,0.1818181818181818,84.52897516129033,0.1290322580645161,0.032258064516129,0.3870967741935484,0.4193548387096774,0.2580645161290322,0.3225806451612903,-0.010687702815680468,3.4777784962224245e-05,-0.8548258306649417,0.02507717056838673,-0.1773097341502579,-0.002574537339861745,-0.12079854325522024,-0.005275634779585234,1.4678170247609716,-0.8645442275842122,-0.560166374618983,0.13388928636230546,0.3820089011486249,0.018776119500356063,0.7772828000341319,-0.23614395562996948,-0.9307610011176182,39.316772595505896,12.148481439820022,782,236,0.26856169771170896,52.68561697711709,63.77952755905512,323,30,-0.12079854325522024,48.7920145674478,52.47469066366705,423,95,-0.7736741098743387,42.26325890125661,18.166479190101235,728,227,0.7653993465457976,57.65399346545797,76.4904386951631,209,14
"Frey, Hayden",839374.0,TOL_ROC,Four-Seam,55,21,3,16,12,1,16,15,6,1,5,7,4,4,1211.37919,0.3203207397161476,0.1428571428571428,0.2909090909090909,0.0833333333333333,0.0625,80.75861266666666,0.4,0.0666666666666666,0.3333333333333333,0.4666666666666667,0.2666666666666666,0.2666666666666666,-0.8847503714881877,0.0028789777088225627,0.31578890960065836,-0.009263983452044914,-1.071696776378101,-0.015561037193010024,-1.0962199147629261,-0.04787521233744127,0.34774458699515637,-0.2048215617401471,2.842534416342373,-0.679414048590905,1.604395748357146,0.07885765542750209,0.1853211801385213,-0.05630187177434374,-0.9315010819515674,39.30827798535646,12.03599550056243,783,237,0.6372223681745817,56.372223681745815,74.63442069741284,225,13,-1.0962199147629261,39.03780085237074,10.348706411698538,795,240,-0.8869228047375506,41.13077195262449,16.366704161979754,743,232,1.2244295743157823,62.24429574315782,88.92013498312711,96,5
"Peters, Andrew",687107.0,NEW_JER6,Four-Seam,299,140,37,91,67,14,70,94,18,1,45,31,26,37,7646.16951,0.2777289594019161,0.2642857142857143,0.3043478260869565,0.208955223880597,0.2,81.34222882978723,0.1914893617021276,0.0106382978723404,0.4787234042553192,0.3297872340425531,0.2765957446808511,0.3936170212765957,0.21769641383745833,-0.0007083841306270894,0.5327215246680458,-0.015627918647661793,0.3937978904780334,0.0057179453697410445,0.027837094307859044,0.0012157294197071278,0.5211211202802489,-0.3069403398450666,0.22414409138274757,-0.05357424829003018,-0.3860466644178998,-0.018974579602804194,1.786136539473247,-0.5426407836477487,-0.9315325793744904,39.30791645953906,11.923509561304838,784,238,-0.4293621537690191,45.70637846230981,36.33295838020247,567,94,0.027837094307859044,50.27837094307859,58.21147356580427,378,77,-1.0176407131700886,39.823592868299116,13.385826771653544,771,243,0.18222059972673035,51.822205997267304,57.59280089988752,378,42
"Maryniak, Connor",831880.0,NEW_JER6,Four-Seam,134,54,3,28,16,0,30,45,11,1,17,14,11,20,3697.87557,0.2577661692220146,0.0555555555555555,0.208955223880597,0.0,0.0,82.17501266666667,0.2444444444444444,0.0222222222222222,0.3777777777777777,0.3111111111111111,0.2444444444444444,0.4444444444444444,-1.6773591713955143,0.005458126743721003,-1.0071381705205666,0.029545405370391343,-2.043856604886625,-0.029676797902953796,-1.6071549188860101,-0.07018927677250872,0.7685186115388793,-0.4526574621963999,0.8891321104201129,-0.21251768963628412,0.025479404046139627,0.001252338188271809,0.6746761192522254,-0.20497132776166083,-0.9337566839674232,39.28238830020583,11.811023622047244,785,239,-0.5748892301654682,44.251107698345315,30.821147356580425,616,121,-1.6071549188860101,33.928450811139896,1.968503937007874,875,267,-0.5943636763409202,44.0563632365908,24.24071991001125,675,204,-0.23505114987596273,47.64948850124037,41.001124859392576,526,85
"Nova, Fraynel",805843.0,LAK_ERI24,Curveball,57,25,8,10,22,3,15,13,4,0,5,6,3,4,1057.29379,0.2895036524946958,0.32,0.175438596491228,0.1363636363636363,0.2,81.33029153846154,0.3076923076923077,0.0,0.3846153846153846,0.4615384615384615,0.2307692307692307,0.3076923076923077,0.7235249388692251,-0.0023543501510804583,-1.5481749222373924,0.045417259518756144,-0.4530496127817675,-0.0065782803775912635,0.027837094307859044,0.0012157294197071278,0.5175748747893827,-0.3048516012509464,1.683372608432461,-0.40235467074970155,-0.7639787681093636,-0.03755032043134333,0.749961494500488,-0.22784355175970974,-0.9348997857819095,39.26926783575149,11.698537682789652,786,84,0.5972626451523819,55.97262645152382,73.11586051743532,241,52,0.027837094307859044,50.27837094307859,58.21147356580427,374,65,-0.4143272896353009,45.85672710364699,31.777277840269967,609,66,0.8876263302715328,58.87626330271533,80.93363329583802,171,43
"Pindel, Buddie",1000054422.0,SCH_BOO,Changeup,124,53,15,32,29,6,34,32,8,0,12,17,9,6,2635.94935,0.283220251910536,0.2830188679245283,0.2580645161290322,0.2068965517241379,0.1764705882352941,82.3734171875,0.25,0.0,0.375,0.53125,0.28125,0.1875,0.3877742197866976,-0.001261817311185914,-0.21439934126612692,0.0062896190753831,0.3697815900310907,0.0053692286872514365,-0.16451490724436107,-0.007184859544082981,0.8274592135712889,-0.48737347679348914,0.9588964784887655,-0.22919255959894927,-0.7639787681093636,-0.03755032043134333,0.6440914355576196,-0.19567948676245372,-0.9465836726788698,39.13516077654002,11.586051743532058,787,113,1.1404651299854058,61.40465129985406,86.44544431946007,122,32,-0.16451490724436107,48.35485092755639,50.89988751406074,440,61,-1.0789147327478403,39.2108526725216,12.092238470191226,782,113,1.8743545843074179,68.74354584307417,97.35658042744657,25,6
"Rivera, Matthew",681344.0,NEW_ENG23,Four-Seam,143,67,4,26,24,3,43,56,14,2,22,9,14,33,4611.20739,0.2594722252807588,0.0597014925373134,0.1818181818181818,0.125,0.0697674418604651,82.34298910714286,0.25,0.0357142857142857,0.3928571428571428,0.1607142857142857,0.25,0.5892857142857143,-1.6397183192967946,0.005335643410991769,-1.4451934950640188,0.042396196371198056,-0.5856168621238382,-0.008503156838038132,-1.0368088677718699,-0.045280553682200866,0.8184198561644733,-0.48204929528087476,0.9588964784887655,-0.22919255959894927,0.5047932942834102,0.024811095207323896,0.840707259308661,-0.25541275032878635,-0.9478953807393355,39.12010505817468,11.473565804274466,788,240,-1.746803249989139,32.53196750010861,1.574803149606299,876,264,-1.0368088677718699,39.6319113222813,13.948256467941508,766,230,-0.6675034584400784,43.324965415599216,21.034870641169853,708,220,-1.4241370077553979,35.75862992244602,7.986501687289089,819,235
"Gregory, Ben",833406.0,GAT_GRI,Changeup,76,19,6,23,9,1,12,10,1,0,4,8,1,1,840.81005,0.2782611359580766,0.3157894736842105,0.3026315789473684,0.1111111111111111,0.0833333333333333,84.081005,0.1,0.0,0.4,0.8,0.1,0.1,0.6852976819167567,-0.002229958656957126,0.5050172820317314,-0.014815186985682871,-0.7476435002085924,-0.010855783623028761,-0.9259082467218983,-0.04043719085908546,1.3347372396426218,-0.7861602341495042,-0.9247414593648421,0.22102892939300647,-0.7639787681093636,-0.03755032043134333,0.9193535888090787,-0.27930605575531975,-0.9503258010679151,39.09220881732709,11.361079865016873,789,114,3.234604364617546,80.0,99.71878515185601,4,2,-0.9259082467218983,40.74091753278102,17.435320584926885,733,99,1.3072706582371785,63.07270658237179,91.39482564679415,77,18,2.592692753245542,75.92692753245542,99.10011248593926,9,1
"Sechrist, Zander",801415.0,WAS_WIL3,Changeup,244,96,24,63,62,11,64,68,19,1,25,23,20,25,5586.26425,0.2809772923853244,0.25,0.2581967213114754,0.1774193548387097,0.171875,82.15094485294118,0.2794117647058823,0.0147058823529411,0.3676470588235294,0.3382352941176471,0.2941176470588235,0.3676470588235294,0.08799679203444118,-0.0002863415612800716,-0.2122652404319869,0.006227013093312768,0.025903030002491806,0.000376111995636181,-0.2020836575475289,-0.008825599576073229,0.7613687168458231,-0.44844617422218974,1.328237250616923,-0.31747128293070515,-0.24154321300645923,-0.011872090462480478,0.5631319787189549,-0.17108343705866955,-0.9513818007224493,39.08008810703207,11.24859392575928,790,115,-0.36353363633726615,46.36466363662734,39.932508436445445,535,107,-0.2020836575475289,47.979163424524714,48.87514060742407,456,64,-1.2483193751098591,37.51680624890141,9.786276715410573,804,116,0.3954230600230446,53.954230600230446,65.35433070866141,309,65
"Gorgen, Grady",1000138303.0,NEW_YOR13,Curveball,86,31,9,21,36,8,31,20,4,0,8,11,4,5,1662.49456,0.2748095520862376,0.2903225806451613,0.2441860465116279,0.2222222222222222,0.2580645161290322,83.124728,0.2,0.0,0.4,0.55,0.2,0.25,0.45408443422037675,-0.001477590748953106,-0.4384302985987478,0.012861791239692867,0.5485696044694403,0.007965230656896272,0.5025121949125301,0.021946215088414923,1.0506532789898437,-0.6188347813250179,0.33101716587089636,-0.07911872993496404,-0.7639787681093636,-0.03755032043134333,0.9193535888090787,-0.27930605575531975,-0.973514241210594,38.826053081426814,11.136107986501688,791,85,1.286567867285323,62.86567867285323,89.0888638920135,98,24,0.5025121949125301,55.0251219491253,72.44094488188976,247,54,-0.009245419547659513,49.9075458045234,48.59392575928009,451,49,1.3612558922087576,63.61255892208757,91.00112485939258,80,25
"Morel, Yohanse",678353.0,OTT_TIT,Sinker,242,109,20,66,48,4,68,75,18,1,24,35,20,20,6264.42732,0.3003546084461054,0.1834862385321101,0.2727272727272727,0.0833333333333333,0.0588235294117647,83.5256976,0.24,0.0133333333333333,0.32,0.4666666666666667,0.2666666666666666,0.2666666666666666,-0.5158798874612577,0.0016786731537989325,0.022291842156545432,-0.0006539534815044168,-1.071696776378101,-0.015561037193010024,-1.1262749150054605,-0.04918780436303347,1.1697704720932636,-0.6889948080629322,0.8333206159651915,-0.19917779366615218,-0.29030386481606235,-0.01426872525957428,0.03851469840441019,-0.011701034978148648,-0.9778664838505563,38.77609826189052,11.023622047244094,792,120,0.6372223681745817,56.372223681745815,74.63442069741284,229,44,-1.1262749150054605,38.7372508499454,9.167604049493812,811,122,-0.8869228047375506,41.13077195262449,16.366704161979754,748,124,1.2244295743157823,62.24429574315782,88.92013498312711,100,16
"Hickey, Matt",806277.0,GAT_GRI,Four-Seam,91,47,19,33,34,10,27,27,4,1,14,6,4,17,2217.89786,0.2648436194866839,0.4042553191489361,0.3626373626373626,0.2941176470588235,0.3703703703703703,82.14436518518518,0.1481481481481481,0.037037037037037,0.5185185185185185,0.2222222222222222,0.1481481481481481,0.6296296296296297,1.488476750864891,-0.004843503347314355,1.4736509668801805,-0.043231024764396976,1.387295731025814,0.02014353401449482,1.420608068510043,0.062042216176039104,0.7594140760085929,-0.4472948907690612,-0.3201169361031908,0.07651338971657635,0.5517848521498085,0.02712077726801524,2.2243000931122903,-0.6757579383881656,-0.9853074400938125,38.69069134479994,10.911136107986502,793,241,-1.2675244292169254,37.32475570783075,8.773903262092238,812,228,1.420608068510043,64.20608068510043,89.98875140607424,90,10,0.673392546711146,56.73392546711146,78.0089988751406,197,38,-1.7553435709090304,32.44656429090969,3.768278965129359,856,259
"Campbell, Tyler",809429.0,MIS_MUD,Sinker,125,52,7,37,27,2,37,38,10,1,11,17,6,15,3188.09343,0.2699418431052145,0.1346153846153846,0.296,0.074074074074074,0.054054054054054,83.89719552631578,0.2631578947368421,0.0263157894736842,0.2894736842105263,0.4473684210526316,0.1578947368421052,0.3947368421052631,-0.9595770763745431,0.0031224638065227633,0.39796808848501,-0.011674791843796254,-1.1797145351012708,-0.01712945504967045,-1.1652651855903704,-0.050890626450288245,1.2801324302728303,-0.753998001430697,1.1241278765460994,-0.26868567266841903,0.17090590944320658,0.008400196355043046,-0.29759487819737107,0.09041140716050872,-1.0004444801207963,38.516949169692666,10.798650168728908,794,121,0.4868476210120942,54.868476210120946,70.02249718785151,268,56,-1.1652651855903704,38.347348144096294,7.705286839145106,821,126,0.5450771395196417,55.45077139519642,72.44094488188976,242,34,0.17302734208554502,51.73027342085545,57.31158605174353,381,84
"Carroll, Jake",1000088275.0,JOL_SLA,Four-Seam,265,98,30,93,52,17,67,55,11,6,23,16,12,27,4611.84935,0.2821905374530195,0.3061224489795918,0.350943396226415,0.3269230769230769,0.2537313432835821,83.85180636363637,0.2,0.109090909090909,0.4181818181818181,0.2909090909090909,0.2181818181818181,0.4909090909090909,0.5975310205462936,-0.0019443659408576394,1.2848830002180112,-0.037693327694395574,1.7700011838775866,0.02570041718990256,0.46708867994203285,0.0203991639191084,1.2666485410810155,-0.7460559906967181,0.33101716587089636,-0.07911872993496404,3.111543167926744,0.15293545824676738,1.1195442457192295,-0.34012537865922193,-1.005902753570379,38.454299384809346,10.686164229471316,795,242,-0.7323063208589813,42.676936791410185,24.634420697412825,671,147,0.46708867994203285,54.67088679942033,71.7660292463442,252,40,-0.2486119791449014,47.51388020855099,38.582677165354326,547,153,-0.6165063391533507,43.83493660846649,27.44656917885264,646,137
"Quigley, Michael",808828.0,NEW_ENG23,Curveball,79,16,2,18,31,2,13,11,2,0,7,3,4,4,867.46183,0.2944220008045211,0.125,0.2278481012658227,0.064516129032258,0.1538461538461538,78.86016636363637,0.1818181818181818,0.0,0.6363636363636364,0.2727272727272727,0.3636363636363636,0.3636363636363636,-1.0468748987419585,0.0034065309205063327,-0.702162944572595,0.020598652141981647,-1.2912167376542198,-0.018748467030739274,-0.3494687548907266,-0.015262348932342702,-0.21623232016821894,0.12736083657908095,0.10269741582803442,-0.024546428238969305,-0.7639787681093636,-0.03755032043134333,3.5218321286410528,-1.0699572535060522,-1.014698798497878,38.35333882876135,10.573678290213723,796,86,-0.873981702483143,41.26018297516857,20.41619797525309,710,90,-0.3494687548907266,46.505312451092735,41.676040494938135,522,74,-2.1635444559228483,28.364555440771518,2.249718785151856,869,90,0.42834917930210314,54.28349179302103,66.53543307086615,299,61
"Sanchez, Dikember",699129.0,LAK_ERI24,Four-Seam,131,52,4,21,17,3,43,45,15,1,18,17,11,17,3653.13264,0.2772831350092419,0.0769230769230769,0.1603053435114503,0.1764705882352941,0.0697674418604651,81.18072533333333,0.3333333333333333,0.0222222222222222,0.4,0.3777777777777777,0.2444444444444444,0.3777777777777777,-1.4833640105790356,0.004826866490424181,-1.7924610176123978,0.052583636412677305,0.01483479666083848,0.00021540124751537473,-1.0368088677718699,-0.045280553682200866,0.47314281176514633,-0.27868111612967117,2.005361999518547,-0.4793156090389246,0.025479404046139627,0.001252338188271809,0.9193535888090787,-0.27930605575531975,-1.0237050922672277,38.249965047206146,10.46119235095613,797,243,-0.05541283087687598,49.44587169123124,51.85601799775028,429,47,-1.0368088677718699,39.6319113222813,13.948256467941508,767,231,-0.5943636763409202,44.0563632365908,24.24071991001125,676,205,0.3122541216959418,53.12254121695942,62.99212598425197,330,31
"Glickstein, Aaron",1000292360.0,SCH_BOO,Cutter,65,30,6,20,12,2,14,24,7,1,8,7,4,13,1994.54251,0.2471502418471473,0.2,0.3076923076923077,0.1666666666666666,0.1428571428571428,83.10593791666666,0.2916666666666667,0.0416666666666666,0.3333333333333333,0.2916666666666667,0.1666666666666666,0.5416666666666666,-0.3659518842761186,0.0011908074314344898,0.5867092795490707,-0.017211703424851538,-0.09953694786957673,-0.0014452764830662542,-0.4393034808903899,-0.019185700920925995,1.0450712548542305,-0.6155469691091418,1.4821292390036567,-0.354254084318937,0.7162553046822042,0.03520466448043502,0.1853211801385213,-0.05630187177434374,-1.0275501341193967,38.205831852500744,10.348706411698538,798,37,-0.7264031799579743,42.73596820042026,24.746906636670417,670,33,-0.4393034808903899,45.6069651910961,37.96400449943757,550,24,0.4295932730472875,54.29593273047288,67.82902137232846,284,14,-1.033204670918323,39.66795329081677,15.579302587176603,751,34
"Oe, Ryoya",1000551188.0,OTT_TIT,Four-Seam,58,34,6,15,16,0,18,25,6,0,9,9,5,11,2069.36218,0.2821562536804266,0.1764705882352941,0.2586206896551724,0.0,0.0,82.77448720000001,0.24,0.0,0.36,0.36,0.2,0.44,-0.5795747907752058,0.0018859363691825196,-0.20542139982595622,0.006026242185294252,-2.043856604886625,-0.029676797902953796,-1.6071549188860101,-0.07018927677250872,0.9466062365050867,-0.557551073301496,0.8333206159651915,-0.19917779366615218,-0.7639787681093636,-0.03755032043134333,0.47893414360674413,-0.1455035453667341,-1.0317366288867114,38.1577794786118,10.236220472440944,799,244,-0.19393987068716698,48.06060129312833,46.45669291338583,478,63,-1.6071549188860101,33.928450811139896,1.968503937007874,882,270,-0.009245419547659513,49.9075458045234,48.59392575928009,465,121,-0.19856413177116936,48.014358682288304,42.68841394825647,513,79
"Chapple, Bronson",1000218472.0,TRO_AIG,Sinker,128,62,4,24,28,2,35,49,11,1,19,20,11,18,4073.54739,0.29029897226071,0.064516129032258,0.1875,0.0714285714285714,0.0571428571428571,83.13362020408162,0.2244897959183673,0.0204081632653061,0.3877551020408163,0.4081632653061224,0.2244897959183673,0.3673469387755102,-1.596006362020862,0.005193404702015885,-1.3534756614877332,0.03970556200540414,-1.2105767518793187,-0.017577574437287708,-1.140014343687762,-0.04978784643187563,1.0532949116490407,-0.620390702961285,0.6385498904184232,-0.15262427915814028,-0.038966161027779035,-0.0019152257806763673,0.7845313096655067,-0.2383461035955486,-1.0357427656573934,38.11179724462981,10.123734533183352,800,122,0.18135532390091816,51.81355323900918,60.17997750281214,355,77,-1.140014343687762,38.59985656312238,8.717660292463442,812,123,-0.3316575202296598,46.6834247977034,35.77052868391451,572,90,0.3978869192888241,53.97886919288824,65.46681664791902,308,68
"Lawson, Nathan",1000569348.0,FLO_Y'A,Four-Seam,90,42,6,21,32,6,27,34,5,1,21,7,11,16,2737.53455,0.3035561474978731,0.1428571428571428,0.2333333333333333,0.1875,0.2222222222222222,80.51572205882353,0.1470588235294117,0.0294117647058823,0.6176470588235294,0.2058823529411764,0.3235294117647059,0.4705882352941176,-0.8847503714881877,0.0028789777088225627,-0.6136184706390325,0.01800111145466666,0.14350300925755516,0.002083663694419701,0.2095028735516221,0.009149618996619991,0.27558837505924344,-0.1623215529098944,-0.3337962239597898,0.07978297206219709,0.28089234209644875,0.013806139506382552,3.315753511233544,-1.0073491269873291,-1.043968196474115,38.01738616830683,10.011248593925758,801,245,-1.3948470761013847,36.05152923898615,6.580427446569178,832,239,0.2095028735516221,52.09502873551622,63.10461192350956,333,64,-1.6355299862230477,33.64470013776952,5.680539932508436,839,259,-0.4496806681394543,45.503193318605454,33.12710911136108,597,112
"Martinez, Mason",809209.0,TRI_VAL,Changeup,76,39,13,19,18,5,26,23,6,2,9,10,7,6,1919.57261,0.2843690176231971,0.3333333333333333,0.25,0.2777777777777778,0.1923076923076923,83.45967869565217,0.2608695652173913,0.0869565217391304,0.391304347826087,0.4347826086956521,0.3043478260869565,0.2608695652173913,0.8445779192187074,-0.002748256549137674,-0.3445794921485953,0.010108583981671191,1.196676156808457,0.017375737796858796,-0.035047213891905384,-0.0015306169723011836,1.1501580461695113,-0.6774430891938421,1.0953919812317803,-0.26181730517807644,2.3252053838034774,0.11428616981932471,0.8236102311563973,-0.2502185534969316,-1.0519873297924343,37.92534296417205,9.898762654668166,802,116,0.38877713373221057,53.88777133732211,67.37907761529809,291,68,-0.035047213891905384,49.64952786108095,55.90551181102362,394,53,-1.383001326801403,36.16998673198597,8.267716535433072,816,118,1.2720213370611646,62.720213370611646,89.65129358830146,93,25
"Donnan, Blake",1000557509.0,FLO_Y'A,Sinker,170,49,7,38,28,1,43,36,6,1,19,11,13,12,2930.79851,0.2938701173124578,0.1428571428571428,0.2235294117647059,0.0357142857142857,0.0232558139534883,81.41106972222222,0.1666666666666666,0.0277777777777777,0.5277777777777778,0.3055555555555556,0.3611111111111111,0.3333333333333333,-0.8847503714881877,0.0028789777088225627,-0.7718766932804653,0.02264377467407573,-1.6272166783829718,-0.02362718617012075,-1.4170395685146306,-0.06188636907573946,0.5415718823270244,-0.3189858386906173,-0.08756904254101738,0.020930489841026353,0.2228439470850137,0.010953002843175508,2.3262490387609795,-0.7067307417188569,-1.0538238905882342,37.90426301282025,9.786276715410573,803,123,-0.6181789301061841,43.81821069893816,28.79640044994376,634,121,-1.4170395685146306,35.8296043148537,4.105736782902137,854,140,-2.1302991004232315,28.697008995767685,2.530933633295838,867,145,0.6771243027438776,56.77124302743878,74.29696287964005,224,48
"Soto, Carlos",666728.0,JOL_SLA,Slider,102,36,7,32,26,1,22,24,7,0,7,10,7,7,2000.0443,0.3023898792187076,0.1944444444444444,0.3137254901960784,0.0384615384615384,0.0454545454545454,83.33517916666666,0.2916666666666667,0.0,0.2916666666666667,0.4166666666666667,0.2916666666666667,0.2916666666666667,-0.4163906260884036,0.0013549350972916652,0.6840989550207217,-0.020068726944487893,-1.5951674532673066,-0.023161831421441292,-1.2355658249783132,-0.05396086627427787,1.1131726127714385,-0.6556586689223772,1.4821292390036567,-0.354254084318937,-0.7639787681093636,-0.03755032043134333,-0.2734490752805764,0.08307574321376607,-1.0602238200018068,37.83080494870303,9.67379077615298,804,183,0.24761506870813713,52.47615068708137,62.93588301462317,333,69,-1.2355658249783132,37.64434175021687,5.62429696287964,841,188,-1.216051824183761,37.83948175816239,10.404949381327334,798,171,1.0191900974763175,60.19190097476317,84.98312710911135,136,22
"Rodriguez, Joe Joe",689487.0,NEW_JER6,Sinker,225,111,11,45,52,5,68,86,26,4,21,47,15,24,7309.84355,0.2770766083415031,0.0990990990990991,0.2,0.0961538461538461,0.0735294117647058,84.99818081395348,0.3023255813953488,0.0465116279069767,0.2441860465116279,0.5465116279069767,0.1744186046511628,0.2790697674418604,-1.2820284923262577,0.004171720714029642,-1.1516964276199055,0.03378616640065755,-0.9221337258383281,-0.013389381699172524,-1.0060549140353237,-0.04393743626066469,1.6072052984193563,-0.9466439207690008,1.615979480065605,-0.38624656738684077,0.8883755457044806,0.04366454644692093,-0.7962337849442,0.24190139750254258,-1.066693475051528,37.75654657728243,9.561304836895388,805,124,1.2593859626713844,62.593859626713844,88.75140607424072,101,16,-1.0060549140353237,39.93945085964676,15.410573678290213,753,101,0.3275377631414852,53.275377631414855,63.61079865016873,324,53,1.122605337744265,61.22605337744265,86.95163104611923,117,21
"Baker, Luke",694914.0,EVA_OTT,Four-Seam,87,40,5,15,31,3,25,30,7,0,10,9,9,12,2526.61006,0.3076324727248423,0.125,0.1724137931034483,0.0967741935483871,0.12,84.22033533333334,0.2333333333333333,0.0,0.3333333333333333,0.3,0.3,0.4,-1.0468748987419585,0.0034065309205063327,-1.5970023230523525,0.04684966014906381,-0.914896804038016,-0.013284301594631991,-0.6261597109696887,-0.027346273057179214,1.376128502772871,-0.810539688133221,0.7496033742828088,-0.17916794971095412,-0.7639787681093636,-0.03755032043134333,0.1853211801385213,-0.05630187177434374,-1.0739342136321033,37.67343774833505,9.448818897637794,806,246,-0.6614686300469005,43.385313699531,26.94038245219347,646,136,-0.6261597109696887,43.738402890303114,30.877390326209227,614,171,-1.3257614973324972,36.74238502667503,8.830146231721034,810,253,0.12981903117197302,51.29819031171973,55.34308211473565,390,47
"Brodsky, Jack",1000302079.0,WAS_WIL3,Curveball,100,33,10,27,35,7,17,17,4,0,7,6,5,6,1412.62325,0.3171878547763595,0.303030303030303,0.27,0.2,0.4117647058823529,83.09548529411765,0.2352941176470588,0.0,0.4117647058823529,0.3529411764705882,0.2941176470588235,0.3529411764705882,0.5694575093335194,-0.001853014735371272,-0.021732717960070883,0.0006375510140766395,0.28932698353383396,0.004201027800911269,1.759005108277838,0.07682103009381801,1.0419660641898816,-0.6137180118078402,0.7742260924246859,-0.18505319793307115,-0.7639787681093636,-0.03755032043134333,1.0488887197509411,-0.31865973528137415,-1.0751746712801942,37.659199838577024,9.336332958380202,807,87,-0.24894325414125343,47.51056745858747,44.31946006749156,492,76,1.759005108277838,67.59005108277839,93.53205849268842,57,19,-1.2483193751098591,37.51680624890141,9.786276715410573,802,83,0.5161521640462589,55.16152164046259,69.79752530933632,266,55
"Rodriguez, Esteban",701454.0,WAS_WIL3,Four-Seam,167,67,9,43,33,4,46,49,11,1,19,19,15,15,4081.26104,0.2890806151604379,0.1343283582089552,0.2574850299401197,0.1212121212121212,0.0869565217391304,83.29104163265306,0.2244897959183673,0.0204081632653061,0.3877551020408163,0.3877551020408163,0.3061224489795918,0.3061224489795918,-0.9621829815198394,0.0031309434218655574,-0.22375360360498725,0.006564035715355906,-0.6298059452378623,-0.00914478232485376,-0.8962888261930239,-0.039143621906327926,1.1000605485096917,-0.6479356630722084,0.6385498904184232,-0.15262427915814028,-0.038966161027779035,-0.0019152257806763673,0.7845313096655067,-0.2383461035955486,-1.0794146967005338,37.61053304257683,9.223847019122609,808,247,0.022331936363594096,50.22331936363594,55.005624296962885,401,38,-0.8962888261930239,41.03711173806976,18.503937007874015,728,215,-1.406364522502997,35.93635477497003,7.986501687289089,819,255,0.9005142095079204,59.00514209507921,81.83352080989876,162,12
"Eldred, Zach",1000227712.0,NEW_ENG23,Curveball,81,22,7,27,15,1,15,13,1,1,6,5,2,6,1100.91926,0.3147413211371051,0.3181818181818182,0.3333333333333333,0.0666666666666666,0.0666666666666666,84.68609692307693,0.0769230769230769,0.0769230769230769,0.4615384615384615,0.3846153846153846,0.1538461538461538,0.4615384615384615,0.7070177142761137,-0.002300635642254474,1.0006154003035883,-0.02935405338330607,-1.2661287420798062,-0.018384189334998784,-1.062157581154721,-0.046387608041770126,1.5144936387473784,-0.8920367532222059,-1.2145319113423205,0.29029377385330746,1.968761058582765,0.09676657479040149,1.5969219660434384,-0.4851560717377589,-1.0865589627185852,37.528531520792626,9.111361079865016,809,88,-0.002133200180609807,49.9786679981939,54.16197975253093,408,70,-1.062157581154721,39.37842418845279,12.429696287964004,775,93,0.5983773855838049,55.98377385583805,75.0281214848144,217,27,-0.3753858348943997,46.246141651056,36.33295838020247,564,83
"Marynczak, Arlo",837346.0,TRI_VAL,Sinker,87,44,6,24,22,3,26,31,10,2,12,13,4,14,2546.35315,0.2808678424825152,0.1363636363636363,0.2758620689655172,0.1363636363636363,0.1153846153846153,82.14042419354838,0.3225806451612903,0.064516129032258,0.3870967741935484,0.4193548387096774,0.1290322580645161,0.4516129032258064,-0.9437047450350137,0.0030708152403439346,0.07289478481932288,-0.002138441407459656,-0.4530496127817675,-0.0065782803775912635,-0.663890295889548,-0.028994080892384224,0.758243314280474,-0.44660531211119914,1.870334190353414,-0.447041667175702,1.5279965704066134,0.07510255943205546,0.7772828000341319,-0.23614395562996948,-1.0893283629219064,37.4967444861934,8.998875140607424,810,125,0.26856169771170896,52.68561697711709,63.77952755905512,322,68,-0.663890295889548,43.36109704110452,29.471316085489313,629,58,0.925056313073839,59.250563130738385,85.26434195725534,132,17,-0.2939011790772424,47.060988209227574,38.920134983127106,544,112
"Nakata, Yuto",1000432352.0,QUE_CAP,Four-Seam,257,132,23,64,62,11,66,100,22,7,43,28,24,48,8337.39028,0.2881610514701354,0.1742424242424242,0.2490272373540856,0.1774193548387097,0.1666666666666666,83.3739028,0.22,0.07,0.43,0.28,0.24,0.48,-0.5998042326785287,0.0019517629731359322,-0.36028215626282306,0.010569237336126178,0.025903030002491806,0.000376111995636181,-0.24466157455778645,-0.010685104945662207,1.1246763539763396,-0.6624343724920639,0.5821688909180439,-0.13914826180055812,1.7228144741804745,0.0846780542204445,1.249668172710829,-0.37965793854675883,-1.0943505112597003,37.439100523148824,8.886389201349832,811,248,-0.817311549833478,41.82688450166522,22.103487064116987,695,159,-0.24466157455778645,47.553384254422134,47.30033745781777,473,112,-0.5358518506615945,44.641481493384056,26.26546681664792,657,198,-0.5269472947143117,44.730527052856885,29.92125984251969,625,128
"Fauci, Sonny",688649.0,NEW_JER6,Curveball,114,34,20,39,47,14,26,13,2,0,6,6,4,3,1089.34856,0.3408811364400662,0.5882352941176471,0.3421052631578947,0.2978723404255319,0.5384615384615384,83.79604307692307,0.1538461538461538,0.0,0.4615384615384615,0.4615384615384615,0.3076923076923077,0.2307692307692307,3.1588260729588167,-0.01027882004140799,1.1422148626669757,-0.0335080152111984,1.4310976757395901,0.02077953825173885,2.7947466550974833,0.12205497066807237,1.2500827810046664,-0.7362987580117485,-0.24856373808406054,0.0594109589856379,-0.7639787681093636,-0.03755032043134333,1.5969219660434384,-0.4851560717377589,-1.100546517528008,37.36798307851533,8.773903262092238,812,89,0.5972626451523819,55.97262645152382,73.11586051743532,235,51,2.7947466550974833,77.94746655097484,98.87514060742407,11,5,-1.427031964854408,35.72968035145592,7.64904386951631,820,85,1.5191324128544998,65.191324128545,93.36332958380203,58,21
"Chabot, Henry",836182.0,LAK_ERI24,Slider,69,26,16,29,22,8,19,10,2,0,5,1,4,5,819.24429,0.3337966374114126,0.6153846153846154,0.4202898550724637,0.3636363636363636,0.4210526315789473,81.924429,0.2,0.0,0.5,0.1,0.4,0.5,3.405314041996225,-0.011080891892655716,2.404297027210214,-0.07053245759023885,2.198295374059663,0.03191924883134631,1.8349335299431873,0.08013705205320881,0.6940770004768508,-0.4088113532808651,0.33101716587089636,-0.07911872993496404,-0.7639787681093636,-0.03755032043134333,2.020402201814914,-0.6138123317267835,-1.1088497839722953,37.27267860882019,8.661417322834646,813,184,-2.219897827912679,27.801021720873212,0.3374578177727784,887,190,1.8349335299431873,68.34933529943187,94.15073115860517,53,18,-2.6422775751173355,23.577224248826646,0.9561304836895388,881,191,-0.6911388761858831,43.08861123814117,24.634420697412825,659,142
"Eldred, Zach",1000227712.0,NEW_ENG23,Splitter,81,44,21,27,51,17,28,17,6,0,7,11,4,2,1387.2269,0.3080759843342729,0.4772727272727273,0.3333333333333333,0.3333333333333333,0.6071428571428571,81.60158235294116,0.3529411764705882,0.0,0.4117647058823529,0.6470588235294118,0.2352941176470588,0.1176470588235294,2.15139986617335,-0.007000655164528081,1.0006154003035883,-0.02935405338330607,1.8447827091474729,0.026786244936821305,3.356213692595378,0.14657592059671792,0.5981680178494903,-0.35232096251334977,2.2515891809373194,-0.5381680912600952,-0.7639787681093636,-0.03755032043134333,1.0488887197509411,-0.31865973528137415,-1.1096916525004574,37.263015684696555,8.548931383577054,814,14,2.0428643897790093,70.4286438977901,96.8503937007874,28,1,3.356213692595378,80.0,99.66254218222723,4,2,-0.47389815288348414,45.26101847116516,28.45894263217098,634,13,2.4478178284176857,74.47817828417686,98.93138357705287,10,1
"Kramer, Cameron",1000249123.0,TRO_AIG,Four-Seam,106,39,5,27,15,3,29,31,9,0,5,8,3,20,2684.04131,0.2708180769566384,0.1282051282051282,0.2547169811320754,0.2,0.1034482758620689,86.58197774193549,0.2903225806451613,0.0,0.1612903225806451,0.2580645161290322,0.0967741935483871,0.6451612903225806,-1.017775624619487,0.0033118418825118104,-0.2684363850286613,0.007874849791200808,0.28932698353383396,0.004201027800911269,-0.7614693948202164,-0.033255652879983305,2.07770841014413,-1.2237702535748927,1.4652507628580151,-0.3502198415860342,-0.7639787681093636,-0.03755032043134333,-1.7089560035274325,0.5191927965636587,-1.1102155524339712,37.2570023879209,8.43644544431946,815,249,-0.9882360425026285,40.117639574973715,17.04161979752531,737,180,-0.7614693948202164,42.38530605179783,26.209223847019125,656,189,1.349738918810883,63.497389188108826,92.1822272215973,70,13,-1.8828519675118034,31.171480324881966,2.699662542182227,866,265
"Matos, Dwayne",684228.0,OTT_TIT,Sinker,342,166,23,86,82,12,104,131,37,5,43,37,35,59,10989.16267,0.2864940368640711,0.1385542168674698,0.2514619883040935,0.1463414634146341,0.1153846153846153,83.88673793893129,0.2824427480916031,0.0381679389312977,0.3282442748091603,0.2824427480916031,0.2671755725190839,0.4503816793893129,-0.9238165226336749,0.003006098964649978,-0.3209795817546985,0.009416257010355835,-0.3366491011643385,-0.004888144948906195,-0.663890295889548,-0.028994080892384224,1.2770257646905152,-0.7521681754027134,1.366299085912574,-0.3265687086175657,0.5919608405546697,0.02909546727410257,0.12928817184305905,-0.03927865162312424,-1.1103799382355855,37.255115576055545,8.323959505061868,816,126,-0.7982773000885525,42.01722699911448,22.49718785151856,690,125,-0.663890295889548,43.36109704110452,29.471316085489313,630,59,-0.8936226321054124,41.06377367894588,15.860517435320585,749,125,-0.28379334963427433,47.16206650365726,39.14510686164229,542,111
"Thiels, Brenton",816364.0,MIS_MUD,Four-Seam,193,73,8,47,35,4,57,53,9,0,17,16,9,28,4530.86234,0.2810555688763391,0.1095890410958904,0.2435233160621761,0.1142857142857142,0.0701754385964912,85.48796867924527,0.1698113207547169,0.0,0.320754716981132,0.3018867924528302,0.1698113207547169,0.5283018867924528,-1.1867905866458983,0.003861816568945753,-0.4491283179868492,0.013175628336462209,-0.7106088400749353,-0.01031804035788806,-1.0334735107478108,-0.04513488863488914,1.7527079892210389,-1.0323450056511918,-0.04807977759649767,0.011491884201782083,-0.7639787681093636,-0.03755032043134333,0.04682449925728357,-0.01422561064585755,-1.1110445366139798,37.24748734968968,8.211473565804274,817,250,-0.6467664678028837,43.53233532197116,27.78402699662542,643,133,-1.0334735107478108,39.66526489252189,14.173228346456693,764,229,0.3881933963873873,53.88193396387388,65.74803149606299,306,63,-0.9234854537399934,40.76514546260007,18.672665916760405,724,177
"Lovin, Xander",815234.0,GAT_GRI,Four-Seam,314,114,11,61,66,4,93,93,21,0,32,40,17,36,7822.95887,0.2854108072993778,0.0964912280701754,0.1942675159235669,0.0606060606060606,0.043010752688172,84.11783731182796,0.2258064516129032,0.0,0.3440860215053763,0.4301075268817204,0.1827956989247312,0.3870967741935484,-1.305705284357629,0.004248764995299724,-1.2442321272280812,0.036500793684362993,-1.3368312750622435,-0.019410790113903776,-1.2555437332529205,-0.05483336146235479,1.3456791205245027,-0.792605001988932,0.6550839078672154,-0.15657619040669823,-0.7639787681093636,-0.03755032043134333,0.3037135041176433,-0.09227028854546886,-1.1124963942690385,37.23082300140981,8.098987626546682,818,251,0.35234821372599806,53.52348213725998,66.81664791901012,296,23,-1.2555437332529205,37.44456266747079,4.949381327334083,846,256,0.21725197017876433,52.17251970178764,57.19910011248594,381,90,0.23574908373427736,52.35749083734277,59.89876265466817,358,39
"Woolfolk, Dallas",663762.0,SCH_BOO,Four-Seam,101,41,5,23,17,2,28,31,7,2,12,7,7,17,2603.75751,0.2378162791688104,0.1219512195121951,0.2277227722772277,0.1176470588235294,0.0714285714285714,83.99217774193548,0.2258064516129032,0.064516129032258,0.3870967741935484,0.2258064516129032,0.2258064516129032,0.5483870967741935,-1.0745546960779684,0.0034966009810377093,-0.7041860475566052,0.020658001891120572,-0.6713956705216494,-0.00974866513597435,-1.0232291998882,-0.04468748884671735,1.3083490704354808,-0.7706176024864981,0.6550839078672154,-0.15657619040669823,1.5279965704066134,0.07510255943205546,0.7772828000341319,-0.23614395562996948,-1.1185167402016438,37.161721777170165,7.986501687289089,819,252,-1.2395955905454958,37.604044094545046,9.561304836895388,806,223,-1.0232291998882,39.767708001118,14.735658042744657,763,228,-0.3489915041372945,46.510084958627054,35.376827896512935,576,169,-1.088376573294523,39.11623426705477,14.566929133858267,761,195
"Reeves, Cobe",802696.0,NEW_YOR13,Changeup,72,20,4,15,13,2,16,14,5,0,5,8,3,3,1147.83291,0.3087771022020333,0.2,0.2083333333333333,0.1538461538461538,0.125,81.988065,0.3571428571428571,0.0,0.3571428571428571,0.5714285714285714,0.2142857142857142,0.2142857142857142,-0.3659518842761186,0.0011908074314344898,-1.017176938374688,0.02983990266415985,-0.24909999840934954,-0.0036169319769037553,-0.585284910639842,-0.025561147902373817,0.7129815301477526,-0.41994612125702624,2.304352148384199,-0.5507793374503461,-0.7639787681093636,-0.03755032043134333,0.447475611806577,-0.13594622319612074,-1.1423693721185197,36.887942481886306,7.874015748031496,820,117,1.4535424241995127,64.53542424199513,91.11361079865017,83,24,-0.585284910639842,44.14715089360158,32.8458942632171,605,85,-0.1973191449454921,48.02680855054508,40.382452193475814,531,86,1.6544551448365643,66.54455144836564,95.66929133858267,40,11
"Leduc, Zachary",824497.0,TRO_AIG,Sinker,87,27,3,15,8,2,22,23,6,1,10,7,8,8,1903.83135,0.2872237753573195,0.1111111111111111,0.1724137931034483,0.25,0.0909090909090909,82.77527608695652,0.2608695652173913,0.0434782608695652,0.4347826086956521,0.3043478260869565,0.3478260869565217,0.3478260869565217,-1.1729717532726696,0.0038168500851492666,-1.5970023230523525,0.04684966014906381,0.8726228806389486,0.012670484226877533,-0.8639767310706152,-0.037732455776046975,0.9468405934237553,-0.5576891095265918,1.0953919812317803,-0.26181730517807644,0.7806133078470568,0.03836792469399069,1.3023270194198031,-0.3956560647888721,-1.151190016114506,36.786699578982066,7.761529808773904,821,127,-0.6275897344411229,43.72410265558877,28.45894263217098,637,122,-0.8639767310706152,41.36023268929385,20.41619797525309,712,84,-1.9553996214904625,30.446003785095375,3.487064116985377,859,144,0.5581448958804205,55.5814489588042,71.03487064116986,259,59
"Sabatine, Gino",1000229070.0,TRI_VAL,Changeup,287,121,16,58,68,4,80,88,27,2,24,46,16,26,7439.33435,0.2929918313339703,0.1322314049586777,0.2020905923344947,0.0588235294117647,0.05,84.53789034090909,0.3068181818181818,0.0227272727272727,0.2727272727272727,0.5227272727272727,0.1818181818181818,0.2954545454545454,-0.9812211645648113,0.003192893669493896,-1.1179493780531622,0.03279616295456757,-1.3576261377041374,-0.019712731519464077,-1.1984069155875428,-0.05233802522445475,1.4704654828291115,-0.8661041693863466,1.6723956973727079,-0.39973100239893256,0.04342163523149186,0.0021342167932630563,-0.48198100956198503,0.14642920457199798,-1.1533334505398756,36.76209734772684,7.64904386951631,822,118,1.07405479484908,60.7405479484908,85.54555680539933,129,36,-1.1984069155875428,38.01593084412457,6.917885264341956,828,113,0.2301211400495842,52.301211400495845,58.38020247469067,378,64,0.988093207046096,59.88093207046096,84.4769403824522,139,35
"Galva, Claudio",669996.0,GAT_GRI,Slider,200,95,31,68,72,17,59,56,16,1,20,23,13,20,4676.82306,0.2817665863086873,0.3263157894736842,0.34,0.2361111111111111,0.288135593220339,83.5146975,0.2857142857142857,0.0178571428571428,0.3571428571428571,0.4107142857142857,0.2321428571428571,0.3571428571428571,0.7808658242979274,-0.002540937392265456,1.1082309916997637,-0.03251106437250427,0.7105962425541944,0.010317857441886902,0.7483420492746489,0.032682342317971735,1.1665026407268522,-0.6870700553881159,1.4073817017872432,-0.33638815221608154,-0.12959273691297843,-0.006369612612009802,0.447475611806577,-0.13594622319612074,-1.1578258454172392,36.71053386794198,7.536557930258718,823,185,0.20123324734308393,52.01233247343084,60.686164229471316,350,74,0.7483420492746489,57.48342049274649,79.41507311586051,184,68,-0.43241130169278524,45.67588698307215,30.371203599550057,620,133,0.4816581343253406,54.816581343253404,68.44769403824522,280,54
"Almonte, Dawil",805044.0,EVA_OTT,Four-Seam,142,64,15,40,41,5,30,40,10,3,17,11,11,18,3328.69174,0.2956786431543933,0.234375,0.2816901408450704,0.1219512195121951,0.1666666666666666,83.21729350000001,0.25,0.075,0.425,0.275,0.275,0.45,-0.05386216931260878,0.00017526749894322896,0.1669734951219528,-0.004898334452897608,-0.6211836851180528,-0.009019587107914126,-0.24466157455778645,-0.010685104945662207,1.0781519784877993,-0.6350315153293138,0.9588964784887655,-0.22919255959894927,1.9004425629154624,0.09340865240985789,1.1946157420605372,-0.3629326247481856,-1.1581758062741214,36.70651703503616,7.424071991001124,824,253,-0.8562722797801224,41.43727720219877,21.034870641169853,703,164,-0.24466157455778645,47.553384254422134,47.30033745781777,460,110,-0.9966324778862882,40.033675221137116,14.0607424071991,765,241,-0.28065992250695504,47.19340077493045,39.42632170978628,538,90
"Gilleran, Jimmy",10103730.0,NEW_ENG23,Four-Seam,105,42,11,28,26,3,25,30,6,1,11,11,7,12,2542.44278,0.2802033820538389,0.2619047619047619,0.2666666666666666,0.1153846153846153,0.12,84.74809266666666,0.2,0.0333333333333333,0.3666666666666666,0.3666666666666666,0.2333333333333333,0.4,0.19607981020362222,-0.0006380437024025868,-0.07554051365815949,0.002216056508675767,-0.697789150028669,-0.010131898458416274,-0.6261597109696887,-0.027346273057179214,1.5329108927256563,-0.9028845158154115,0.33101716587089636,-0.07911872993496404,0.4202084901238912,0.020653667498079377,0.5523373844737991,-0.16780396376483148,-1.1650537007264499,36.62757291252769,7.311586051743532,825,254,-0.14199223075830822,48.58007769241692,48.762654668166476,456,57,-0.6261597109696887,43.738402890303114,30.877390326209227,616,173,-0.448084112142605,45.51915887857395,29.640044994375703,626,184,0.12981903117197302,51.29819031171973,55.34308211473565,398,48
"Salata, Derek",1000057774.0,SCH_BOO,Cutter,139,56,8,28,21,2,36,44,10,1,21,13,16,15,3613.28552,0.3068480245742587,0.1428571428571428,0.2014388489208633,0.0952380952380952,0.0555555555555555,82.12012545454546,0.2272727272727272,0.0227272727272727,0.4772727272727273,0.2954545454545454,0.3636363636363636,0.3409090909090909,-0.8847503714881877,0.0028789777088225627,-1.1284700409876378,0.03310479712241334,-0.9328168008768831,-0.013544499948732342,-1.1529904707766025,-0.05035455283022656,0.752213109463033,-0.4430535214737264,0.6734967909351878,-0.1609771824789558,0.04342163523149186,0.0021342167932630563,1.7701638806772242,-0.5377881780969055,-1.1675999432040476,36.59834727094785,7.19910011248594,826,38,-0.696887475452941,43.03112524547059,25.871766029246345,660,31,-1.1529904707766025,38.47009529223398,8.267716535433072,819,37,-2.1635444559228483,28.364555440771518,2.249718785151856,870,38,0.614930521883434,56.14930521883434,72.94713160854893,242,11
"Tiburcio, David",696010.0,DOW_EAS1,Sinker,188,76,10,37,33,3,61,57,15,0,20,23,13,21,4771.4468,0.2855535161553019,0.131578947368421,0.1968085106382978,0.0909090909090909,0.0491803278688524,83.70959298245613,0.2631578947368421,0.0,0.3508771929824561,0.4035087719298245,0.2280701754385964,0.3684210526315789,-0.9871448097537275,0.0032121692109386294,-1.203214529884033,0.035297501448678,-0.983318610150053,-0.01427778621937877,-1.2051077025268626,-0.05263066869245567,1.22440080262918,-0.721172072748587,1.1241278765460994,-0.26868567266841903,-0.7639787681093636,-0.03755032043134333,0.3784876034728784,-0.11498718334828477,-1.1707940334488518,36.56168566566492,7.086614173228346,827,128,0.14508683200644043,51.4508683200644,59.392575928008995,362,78,-1.2051077025268626,37.948922974731374,6.524184476940382,832,130,-0.3787937922591916,46.212062077408085,33.85826771653544,590,93,0.3890688966534017,53.890688966534015,64.96062992125984,315,69
"Grills, Evan",592361.0,OTT_TIT,Four-Seam,75,38,7,19,21,5,25,25,7,3,10,8,5,12,2100.54599,0.2652908459047144,0.1842105263157894,0.2533333333333333,0.238095238095238,0.2,84.0218396,0.28,0.12,0.4,0.32,0.2,0.48,-0.509304097847875,0.0016572755343969852,-0.2907716964505085,0.008530078487072117,0.7337429051377297,0.010653946982599834,0.027837094307859044,0.0012157294197071278,1.3171608039805645,-0.7758077135445525,1.3356240660594874,-0.3192368573973405,3.4990953615303586,0.17198403611457866,0.9193535888090787,-0.27930605575531975,-1.1803095601588578,36.45246693433167,6.974128233970754,828,255,-0.5056257102603224,44.943742897396774,33.57705286839145,591,108,0.027837094307859044,50.27837094307859,58.21147356580427,369,75,-0.009245419547659513,49.9075458045234,48.59392575928009,452,116,-0.5269472947143117,44.730527052856885,29.92125984251969,623,127
"Jones, Logan",814785.0,TRI_VAL,Sinker,109,49,4,19,13,3,45,45,12,0,13,18,11,16,3831.92813,0.2869654920805467,0.0816326530612244,0.1743119266055046,0.2307692307692307,0.0666666666666666,85.15395844444444,0.2666666666666666,0.0,0.2888888888888888,0.4,0.2444444444444444,0.3555555555555555,-1.4406058935011183,0.004687731577452639,-1.5663620091464503,0.045950795900320265,0.6482783048292883,0.009413000986121266,-1.062157581154721,-0.046387608041770126,1.6534826074532207,-0.9739012557899469,1.168189582694721,-0.27921716948694414,-0.7639787681093636,-0.03755032043134333,-0.30403375897518403,0.09236758421297374,-1.1846372410731367,36.40279403303282,6.86164229471316,829,129,0.11774596888598897,51.17745968885989,58.21147356580427,374,81,-1.062157581154721,39.37842418845279,12.429696287964004,780,112,-0.5943636763409202,44.0563632365908,24.24071991001125,674,110,0.4946892122199097,54.946892122199095,69.06636670416198,276,62
"Biddinger, Tyler",1000324948.0,WIN_CIT29,Sinker,168,73,8,34,38,5,50,59,19,4,23,19,17,23,4889.85906,0.3013954982333122,0.1095890410958904,0.2023809523809523,0.131578947368421,0.1,82.87896711864407,0.3220338983050847,0.0677966101694915,0.3898305084745763,0.3220338983050847,0.288135593220339,0.3898305084745763,-1.1867905866458983,0.003861816568945753,-1.113262287835559,0.032658662475943956,-0.5088674019784292,-0.007388754676726792,-0.7896589122890756,-0.034486773676400795,0.9776443866405438,-0.5758325437312802,1.863468369548407,-0.44540061928435165,1.6445376893142072,0.0808306719674826,0.8073825434186547,-0.24528846836839122,-1.1910460087247783,36.32923452406882,6.749156355455568,830,130,-0.4897772777396538,45.10222722260346,34.47694038245219,583,115,-0.7896589122890756,42.10341087710924,24.521934758155233,666,70,-1.1695646745444659,38.30435325455534,11.136107986501688,791,134,0.21330627598802626,52.13306275988026,59.16760404949382,364,79
"Manning, Noah",828538.0,WIN_CIT29,Sinker,55,19,4,16,14,2,13,13,3,0,5,6,3,4,1088.97793,0.3231225906919993,0.2105263157894736,0.2909090909090909,0.1428571428571428,0.1538461538461538,83.76753307692307,0.2307692307692307,0.0,0.3846153846153846,0.4615384615384615,0.2307692307692307,0.3076923076923077,-0.27038374189494907,0.0008798286961261642,0.31578890960065836,-0.009263983452044914,-0.3772968988720123,-0.005478350971621618,-0.3494687548907266,-0.015262348932342702,1.2416132332499783,-0.7313101943842372,0.7174044351741995,-0.17147185588203165,-0.7639787681093636,-0.03755032043134333,0.749961494500488,-0.22784355175970974,-1.197300777117205,36.25744261076508,6.636670416197974,831,131,0.5972626451523819,55.97262645152382,73.11586051743532,240,46,-0.3494687548907266,46.505312451092735,41.676040494938135,519,46,-0.4143272896353009,45.85672710364699,31.777277840269967,608,95,0.8876263302715328,58.87626330271533,80.93363329583802,169,32
"Toribio, Noe",672848.0,TRO_AIG,Sinker,466,216,25,102,105,11,125,154,43,8,57,55,37,62,12909.03121,0.2862886863703556,0.1157407407407407,0.2188841201716738,0.1047619047619047,0.088,83.82487798701298,0.2792207792207792,0.0519480519480519,0.3701298701298701,0.3571428571428571,0.2402597402597402,0.4025974025974026,-1.1309394684290996,0.0036800770302682904,-0.8468625635792394,0.024843560165160566,-0.8217128204759093,-0.011931270153310204,-0.8877584330807078,-0.03877107404793375,1.25864885073489,-0.7413441730828502,1.3258389339147927,-0.316898044467512,1.0815078680983066,0.05315719322489987,0.5904689381709712,-0.17938859669890825,-1.2066523280301855,36.150105985285386,6.524184476940382,832,132,-0.21620314494239265,47.83796855057607,45.556805399325086,488,100,-0.8877584330807078,41.12241566919292,19.01012373453318,721,89,-0.5392713729415544,44.60728627058445,25.984251968503933,659,106,0.10849544916267806,51.08495449162678,54.274465691788535,408,90
"Thiels, Brenton",816364.0,MIS_MUD,Slider,86,35,15,27,26,5,20,15,4,0,4,6,3,6,1284.75719,0.3214964341395018,0.4285714285714285,0.313953488372093,0.1923076923076923,0.25,85.65047933333334,0.2666666666666666,0.0,0.2666666666666666,0.4,0.2,0.4,1.7092420645721542,-0.0055618736781177895,0.6877793788030807,-0.020176695856567176,0.19958915320996984,0.002898034504608762,0.43658509760632624,0.019066980967761084,1.8009854969532246,-1.0607804577054492,1.168189582694721,-0.27921716948694414,-0.7639787681093636,-0.03755032043134333,-0.5487112285320361,0.16670231220663229,-1.2146191894794196,36.05866275500385,6.411698537682789,833,186,0.11774596888598897,51.17745968885989,58.21147356580427,379,87,0.43658509760632624,54.365850976063264,70.3599550056243,270,100,-0.009245419547659513,49.9075458045234,48.59392575928009,469,111,0.12981903117197302,51.29819031171973,55.34308211473565,404,84
"Albert, Wes",670784.0,DOW_EAS1,Four-Seam,54,22,2,9,12,0,11,18,5,0,6,4,3,11,1511.61962,0.2637623172130318,0.0909090909090909,0.1666666666666666,0.0,0.0,83.97886777777778,0.2777777777777778,0.0,0.3333333333333333,0.2222222222222222,0.1666666666666666,0.6111111111111112,-1.356385359862795,0.004413677960993535,-1.6897743846007802,0.04957122134664849,-2.043856604886625,-0.029676797902953796,-1.6071549188860101,-0.07018927677250872,1.3043950410757184,-0.7682886791935981,1.3077183188320263,-0.31256690941227444,-0.7639787681093636,-0.03755032043134333,0.1853211801385213,-0.05630187177434374,-1.2205889561793803,35.99014207662253,6.299212598425196,834,256,-1.2675244292169254,37.32475570783075,8.773903262092238,808,224,-1.6071549188860101,33.928450811139896,1.968503937007874,856,259,0.4295932730472875,54.29593273047288,67.82902137232846,275,57,-1.6033143288057239,33.96685671194276,4.893138357705286,846,249
"Burcham, Jacob",1000122547.0,GAT_GRI,Four-Seam,90,48,10,25,36,4,26,33,10,0,10,14,9,10,2781.4757,0.2879134325371387,0.2083333333333333,0.2777777777777778,0.1111111111111111,0.1538461538461538,84.28714242424242,0.303030303030303,0.0,0.303030303030303,0.4242424242424242,0.2727272727272727,0.303030303030303,-0.2902937715576925,0.0009446159326487314,0.1038188053354662,-0.0030456284733212362,-0.7476435002085924,-0.010855783623028761,-0.3494687548907266,-0.015262348932342702,1.3959750775468553,-0.8222293206750978,1.6248290827804444,-0.3883617728789335,-0.7639787681093636,-0.03755032043134333,-0.14832991471173215,0.04506366639882721,-1.2312968926825913,35.86723692636449,6.186726659167604,835,257,0.306646477718204,53.06646477718204,65.35433070866141,309,28,-0.3494687548907266,46.505312451092735,41.676040494938135,514,132,-0.9667116579366322,40.33288342063368,14.566929133858267,758,237,0.9258994261856525,59.25899426185653,82.56467941507312,156,10
"Peters, Garrett",833402.0,NEW_YOR13,Sinker,70,29,5,19,28,5,21,23,7,0,11,6,5,12,1867.29348,0.2806432387099831,0.1724137931034483,0.2714285714285714,0.1785714285714285,0.238095238095238,81.18667304347827,0.3043478260869565,0.0,0.4782608695652174,0.2608695652173913,0.217391304347826,0.5217391304347826,-0.6164063263784965,0.0020057861860356273,0.0013277659105373643,-3.895134075152412e-05,0.03934302763164089,0.0005712607612114257,0.33926414444002373,0.014816682980129154,0.47490971513601954,-0.2797218222151155,1.6413739922038402,-0.3923162874945853,-0.7639787681093636,-0.03755032043134333,1.7810438076832107,-0.5410935760808132,-1.2333272276352325,35.84393284510162,6.074240719910011,836,133,-0.9663786904989006,40.33621309501099,17.94150731158605,731,136,0.33926414444002373,53.39264144440024,67.94150731158605,286,15,-0.2382047374232822,47.61795262576718,38.863892013498315,545,85,-0.8696079864810692,41.30392013518931,19.910011248593925,713,129
"Escobar, Anthony",678673.0,TRO_AIG,Sinker,161,69,10,42,9,2,46,51,13,1,16,26,12,13,4340.78102,0.3340668035744584,0.144927536231884,0.2608695652173913,0.2222222222222222,0.0434782608695652,85.11335333333334,0.2549019607843137,0.0196078431372549,0.3137254901960784,0.5098039215686274,0.2352941176470588,0.2549019607843137,-0.8659533248500692,0.002817812119062125,-0.16911928878526708,0.004961283455804595,0.5485696044694403,0.007965230656896272,-1.251721872539517,-0.05466644933941832,1.6414199302297918,-0.9667963389053473,1.0204532738434582,-0.24390568015424186,-0.06739802797215415,-0.0033126804728593486,-0.03057070476458352,0.009287594102413825,-1.24364922853769,35.7254574440288,5.961754780652419,837,134,0.9733541559495531,59.733541559495535,83.68953880764904,146,31,-1.251721872539517,37.48278127460483,5.174353205849269,844,136,-0.47389815288348414,45.26101847116516,28.45894263217098,635,99,1.3210128575343532,63.21012857534353,90.04499437570304,89,15
"Harris, Ben",1000390130.0,GAT_GRI,Sinker,112,45,6,33,22,4,26,31,6,0,15,12,10,9,2570.12594,0.2965955007999952,0.1333333333333333,0.2946428571428571,0.1818181818181818,0.1538461538461538,82.90728838709677,0.1935483870967742,0.0,0.4838709677419355,0.3870967741935484,0.3225806451612903,0.2903225806451613,-0.9712167860235321,0.0031603394217205732,0.376060628807931,-0.011032114606709465,0.07721938458651913,0.0011212254641962578,-0.3494687548907266,-0.015262348932342702,0.9860578673712878,-0.5807880838816885,0.25000048037181627,-0.05975436481703041,-0.7639787681093636,-0.03755032043134333,1.8428137158462308,-0.5598597065700959,-1.2599653743532935,35.53818155268433,5.849268841394826,838,135,0.017202149668841718,50.172021496688416,54.89313835770528,402,84,-0.3494687548907266,46.505312451092735,41.676040494938135,518,45,-1.6230393213484284,33.769606786515716,5.905511811023622,838,143,1.0302244779515575,60.302244779515576,85.43307086614173,130,26
"Hampton, Ky",673132.0,OTT_TIT,Sinker,155,73,7,43,35,3,38,55,15,4,19,27,13,15,4662.36088,0.2933086548852097,0.0958904109589041,0.2774193548387096,0.0857142857142857,0.0789473684210526,84.77019781818183,0.2727272727272727,0.0727272727272727,0.3454545454545454,0.4909090909090909,0.2363636363636363,0.2727272727272727,-1.3111600870049558,0.004266514923114126,0.09803302085179957,-0.0028758966997083925,-1.043920781277857,-0.015157729744154485,-0.9617633347305358,-0.04200309011768669,1.5394777337071472,-0.9067523851535096,1.2442961660423422,-0.2974079367189425,1.8197025225813759,0.08944019868739721,0.3187816180786222,-0.09684808704361197,-1.2673384118671025,35.45355420331397,5.736782902137233,839,136,0.8261228770067971,58.26122877006797,79.30258717660293,185,35,-0.9617633347305358,40.38236665269464,16.141732283464567,747,97,-0.48797853874214514,45.12021461257855,27.896512935883017,642,100,1.174674549627427,61.74674549627427,87.79527559055119,108,19
"Miner, Jace",701731.0,DOW_EAS1,Sinker,115,42,9,35,27,3,33,28,8,2,11,12,7,9,2340.86717,0.3068522488789819,0.2142857142857142,0.3043478260869565,0.1111111111111111,0.0909090909090909,83.60239892857143,0.2857142857142857,0.0714285714285714,0.3928571428571428,0.4285714285714285,0.25,0.3214285714285714,-0.23625226247310244,0.0007687648620874753,0.5327215246680458,-0.015627918647661793,-0.7476435002085924,-0.010855783623028761,-0.8639767310706152,-0.037732455776046975,1.1925563565262285,-0.7024156939939485,1.4073817017872432,-0.33638815221608154,1.773565356676184,0.08717251084599112,0.840707259308661,-0.25541275032878635,-1.2704914788774755,35.41736346062817,5.62429696287964,840,137,0.3403787114382422,53.403787114382425,66.31046119235096,301,62,-0.8639767310706152,41.36023268929385,20.41619797525309,714,86,-0.6675034584400784,43.324965415599216,21.034870641169853,703,117,0.7748573869531463,57.74857386953146,76.71541057367828,208,44
"Sabatine, Gino",1000229070.0,TRI_VAL,Four-Seam,63,24,1,14,17,1,19,23,5,1,8,7,6,10,1966.12637,0.3164355482253768,0.0416666666666666,0.2222222222222222,0.0588235294117647,0.0526315789473684,85.4837552173913,0.217391304347826,0.0434782608695652,0.3478260869565217,0.3043478260869565,0.2608695652173913,0.4347826086956521,-1.8034560259262256,0.005868445908363938,-0.7929777896326569,0.02326279643666362,-1.3576261377041374,-0.019712731519464077,-1.1768938627823606,-0.05139848566929403,1.7514562839813084,-1.0316077512649906,0.5494099702597192,-0.1313183228615673,0.7806133078470568,0.03836792469399069,0.3448934428929897,-0.10478104220499052,-1.2713191664812884,35.40786330443254,5.511811023622047,841,258,-0.6275897344411229,43.72410265558877,28.45894263217098,638,130,-1.1768938627823606,38.23106137217639,7.424071991001124,825,250,-0.8106030321123433,41.893969678876566,17.66029246344207,734,229,-0.1557315453003241,48.44268454699676,45.66929133858268,484,67
"Voytko, Fawster",1000207039.0,TRO_AIG,Changeup,73,17,2,12,12,0,13,16,4,0,5,6,5,5,1362.85577,0.2467420843474275,0.1176470588235294,0.1643835616438356,0.0,0.0,85.178485625,0.25,0.0,0.3125,0.375,0.3125,0.3125,-1.1136320570229232,0.003623758713552592,-1.7266290391885104,0.05065238949363414,-2.043856604886625,-0.029676797902953796,-1.6071549188860101,-0.07018927677250872,1.6607689675725867,-0.9781929219002535,0.9588964784887655,-0.22919255959894927,-0.7639787681093636,-0.03755032043134333,-0.04406394757102753,0.013386935719711161,-1.277138792679111,35.34106593109413,5.399325084364454,842,119,-0.0770576808472335,49.229423191527665,51.34983127109112,436,93,-1.6071549188860101,33.928450811139896,1.968503937007874,888,127,-1.4903260070556021,35.09673992944398,6.805399325084364,831,122,0.8481572001100975,58.48157200110097,79.41507311586051,185,45
"Linderman, Greyson",1000124562.0,JOL_SLA,Sinker,78,38,11,19,21,5,29,24,6,0,9,13,6,5,2024.25925,0.3092897751458092,0.2894736842105263,0.2435897435897435,0.238095238095238,0.1724137931034483,84.34413541666667,0.25,0.0,0.375,0.5416666666666666,0.25,0.2083333333333333,0.4463773259638307,-0.001452511818686305,-0.44805602233722625,0.01314417147128487,0.7337429051377297,0.010653946982599834,-0.19767904544301945,-0.008633236951632988,1.4129061498379765,-0.8322017222545681,0.9588964784887655,-0.22919255959894927,-0.7639787681093636,-0.03755032043134333,0.6440914355576196,-0.19567948676245372,-1.2809117193637491,35.29776047061171,5.286839145106861,843,138,1.2216333173742482,62.216333173742484,88.18897637795276,105,17,-0.19767904544301945,48.023209545569806,49.100112485939256,454,31,-0.6675034584400784,43.324965415599216,21.034870641169853,700,115,1.7033216869411982,67.03321686941199,95.83802024746907,38,3
"Puccetti, Dominic",1000266076.0,OTT_TIT,Changeup,162,64,15,44,35,9,39,37,10,2,14,12,9,16,3128.9349,0.2913467303094897,0.234375,0.2716049382716049,0.2571428571428571,0.2307692307692307,84.56580810810811,0.2702702702702703,0.054054054054054,0.3783783783783784,0.3243243243243243,0.2432432432432432,0.4324324324324324,-0.05386216931260878,0.00017526749894322896,0.004174739227896573,-0.0001224701499895739,0.9559508659396789,0.013880406573444137,0.2793743271069152,0.012201114987740305,1.4787590942811093,-0.8709891065315734,1.21344214576628,-0.29003330135461897,1.1563248938905093,0.05683452485961242,0.681289023834844,-0.20698037446419246,-1.2850339385806342,35.25044584821963,5.174353205849269,844,120,-0.47192994381998166,45.28070056180018,35.15185601799775,578,112,0.2793743271069152,52.793743271069154,66.14173228346458,304,37,-0.5785496694005617,44.214503305994384,24.803149606299215,671,105,-0.13643758743057452,48.63562412569426,45.950506186726656,482,97
"Duby, Bill",1000270408.0,NEW_JER6,Splitter,63,39,10,16,29,7,24,25,5,1,11,9,4,12,2119.20678,0.3127321134289588,0.2564102564102564,0.2539682539682539,0.2413793103448276,0.2916666666666667,84.7682712,0.2,0.04,0.44,0.36,0.16,0.48,0.14619534027938455,-0.0004757196372691173,-0.28052259250801626,0.008229410773815166,0.7720546225173772,0.011210233118952317,0.7772084336883824,0.03394302392447272,1.5389053876988683,-0.9064152733546333,0.33101716587089636,-0.07911872993496404,0.6570459417705438,0.032294465083964,1.3597730340114127,-0.41310856614390523,-1.3134411561695676,34.924389250374304,5.061867266591676,845,15,-0.19393987068716698,48.06060129312833,46.45669291338583,476,13,0.7772084336883824,57.77208433688382,79.97750281214849,178,13,0.5173610115662758,55.173610115662754,71.09111361079866,258,8,-0.5269472947143117,44.730527052856885,29.92125984251969,622,13
"Gwin, Riley",1000429384.0,QUE_CAP,Changeup,52,21,4,13,14,1,15,17,4,1,9,6,8,3,1395.49528,0.2927820937812707,0.1904761904761904,0.25,0.0714285714285714,0.0666666666666666,82.08795764705883,0.2352941176470588,0.0588235294117647,0.5294117647058824,0.3529411764705882,0.4705882352941176,0.1764705882352941,-0.452418298811464,0.0014721691443325038,-0.3445794921485953,0.010108583981671191,-1.2105767518793187,-0.017577574437287708,-1.062157581154721,-0.046387608041770126,0.7426569263107478,-0.4374249295970304,0.7742260924246859,-0.18505319793307115,1.3257634523022646,0.0651625994441086,2.3442400291695713,-0.7121965305419199,-1.321896487980967,34.82733938213405,4.949381327334083,846,121,-0.24894325414125343,47.51056745858747,44.31946006749156,493,101,-1.062157581154721,39.37842418845279,12.429696287964004,779,105,-3.571583041788985,20.0,0.3374578177727784,887,128,1.9649014123248287,69.64901412324829,97.80652418447694,20,4
"Cosentino, Nick",700818.0,JOL_SLA,Four-Seam,84,33,2,20,22,1,23,27,7,1,10,7,5,15,2281.01976,0.2766713108130786,0.0606060606060606,0.238095238095238,0.0454545454545454,0.0434782608695652,84.48221333333333,0.2592592592592592,0.037037037037037,0.3703703703703703,0.2592592592592592,0.1851851851851851,0.5555555555555556,-1.6315057697479824,0.005308919774759935,-0.5367501910703374,0.01574610360523942,-1.5135876075183394,-0.02197729206116629,-1.251721872539517,-0.05466644933941832,1.4539253539444739,-0.8563620334732951,1.0751704252698515,-0.2569840095367241,0.5517848521498085,0.02712077726801524,0.5931169627332745,-0.18019308509710794,-1.322007068859697,34.826070140435434,4.83689538807649,847,259,-0.978926429612152,40.210735703878484,17.491563554555682,733,177,-1.251721872539517,37.48278127460483,5.174353205849269,843,255,0.18579399938342897,51.85793999383429,56.13048368953881,388,94,-1.1472266024958035,38.52773397504197,13.273340832395949,772,202
"Bell, Jacob",1000200105.0,SCH_BOO,Four-Seam,98,50,13,32,22,7,31,34,11,0,10,11,7,16,2884.44328,0.2811114153463369,0.26,0.3265306122448979,0.3181818181818182,0.2258064516129032,84.83656705882353,0.3235294117647059,0.0,0.2941176470588235,0.3235294117647059,0.2058823529411764,0.4705882352941176,0.17878652729655323,-0.0005817713598229841,0.890803572348307,-0.026132613598409935,1.6680263766913777,0.024219742989558802,0.23880380568771276,0.010429278605799478,1.5591942350420251,-0.9183654044397528,1.8822484088091616,-0.4498893679283394,-0.7639787681093636,-0.03755032043134333,-0.24646258966768897,0.07487705997917159,-1.3229933961831388,34.814749125611065,4.724409448818897,848,260,-0.47812401853327924,45.21875981466721,34.92688413948257,579,101,0.23880380568771276,52.38803805687713,64.28571428571429,318,61,-0.08668754177029603,49.13312458229704,45.219347581552306,488,133,-0.4496806681394543,45.503193318605454,33.12710911136108,592,110
"Eldred, Zach",1000227712.0,NEW_ENG23,Slider,170,69,24,58,37,10,35,36,12,2,9,16,5,15,3101.55263,0.2965781593790488,0.3478260869565217,0.3411764705882353,0.2702702702702703,0.2857142857142857,86.15423972222223,0.3333333333333333,0.0555555555555555,0.25,0.4444444444444444,0.1388888888888889,0.4166666666666667,0.976157245685536,-0.003176415677460734,1.1272219784167354,-0.033068183958833354,1.1090941902761573,0.016104047642809805,0.7285479571052313,0.03181787493065676,1.9506390455542475,-1.1489263978314517,2.005361999518547,-0.4793156090389246,1.2096666622793946,0.059456326117694525,-0.7322193306996747,0.22245335820187606,-1.3346549996136332,34.680897834893685,4.611923509561304,849,187,0.46406356841171714,54.64063568411717,69.46006749156356,272,57,0.7285479571052313,57.28547957105231,78.45894263217097,187,71,0.7952921835430748,57.95292183543075,81.214848143982,168,47,-0.007007286721002997,49.92992713278997,50.843644544431946,435,94
"O'Hanlon, Michael",1000061333.0,WAS_WIL3,Four-Seam,148,64,7,31,22,4,46,47,10,1,17,17,12,18,4031.19662,0.3215928740353028,0.109375,0.2094594594594594,0.1818181818181818,0.0869565217391304,85.77014085106383,0.2127659574468085,0.0212765957446808,0.3617021276595745,0.3617021276595745,0.2553191489361702,0.3829787234042553,-1.1887338600890085,0.0038681399807296334,-0.9989986290172262,0.02930662378084935,0.07721938458651913,0.0011212254641962578,-0.8962888261930239,-0.039143621906327926,1.8365336884234795,-1.0817183424814294,0.49132677760311816,-0.1174354524023645,-0.008114560726436047,-0.00039883877426505815,0.4976753965940779,-0.151197269213057,-1.3555975355516685,34.44052047316046,4.499437570303712,850,261,-0.18067664347128773,48.19323356528712,46.962879640044996,473,62,-0.8962888261930239,41.03711173806976,18.503937007874015,726,214,-0.7375309093860801,42.6246909061392,18.89763779527559,722,225,0.26955654731799134,52.69556547317991,61.52980877390326,343,35
"Heredia-Bustos, Rolando",837343.0,DOW_EAS1,Sinker,135,52,5,33,34,3,33,38,11,1,10,18,8,12,3277.88955,0.2720474434757462,0.0961538461538461,0.2444444444444444,0.088235294117647,0.0909090909090909,86.26025131578947,0.2894736842105263,0.0263157894736842,0.2631578947368421,0.4736842105263157,0.2105263157894736,0.3157894736842105,-1.308768365844205,0.004258732262457043,-0.4342591516454081,0.012739426472669693,-1.014510904112894,-0.01473069832771922,-0.8639767310706152,-0.037732455776046975,1.982132214767452,-1.1674758744980291,1.4545906726607676,-0.3476718988073587,0.17090590944320658,0.008400196355043046,-0.587344513198907,0.17843937452142034,-1.3637731977975638,34.34668063796071,4.386951631046119,851,139,0.6919040944154854,56.91904094415485,76.32170978627671,212,40,-0.8639767310706152,41.36023268929385,20.41619797525309,709,82,-0.14782605931448317,48.52173940685517,42.68841394825647,510,79,0.8211520057891155,58.21152005789116,78.34645669291339,193,37
"McEvoy, Aidan",1000079355.0,FLO_Y'A,Changeup,58,21,3,4,17,1,15,16,4,2,6,7,2,7,1378.85204,0.2752289331947587,0.1428571428571428,0.0689655172413793,0.0588235294117647,0.0666666666666666,86.1782525,0.25,0.125,0.375,0.4375,0.125,0.4375,-0.8847503714881877,0.0028789777088225627,-3.26689943092403,0.09583776170558735,-1.3576261377041374,-0.019712731519464077,-1.062157581154721,-0.046387608041770126,1.9577725905599141,-1.1531280558397894,0.9588964784887655,-0.22919255959894927,3.676723450265347,0.1807146343039921,0.6440914355576196,-0.19567948676245372,-1.3646690680440248,34.33639788486258,4.274465691788527,852,122,0.40995144348582224,54.09951443485822,68.16647919010124,284,67,-1.062157581154721,39.37842418845279,12.429696287964004,784,106,0.9781416387909692,59.781416387909694,86.22047244094489,124,25,-0.1780401840872229,48.21959815912777,44.37570303712036,496,99
"Thornton, Tyler",1000429124.0,NEW_ENG23,Changeup,187,79,16,51,33,3,49,58,16,2,23,27,8,23,4874.75675,0.2901900021835351,0.2025316455696202,0.2727272727272727,0.0909090909090909,0.0612244897959183,84.04753017241379,0.2758620689655172,0.0344827586206896,0.396551724137931,0.4655172413793103,0.1379310344827586,0.396551724137931,-0.34296714117178706,0.001116015077372995,0.022291842156545432,-0.0006539534815044168,-0.983318610150053,-0.01427778621937877,-1.1066471597450305,-0.048330601407544714,1.3247927762676146,-0.7803029452216249,1.2836616401876626,-0.3068169542527346,0.4610425335112442,0.022660701564611162,0.8813863952571527,-0.2677713565838898,-1.3943768805246928,33.99541312503706,4.161979752530934,853,123,0.6282658785316743,56.28265878531674,74.24071991001125,230,51,-1.1066471597450305,38.9335284025497,9.67379077615298,804,111,0.8079024908015509,58.07902490801551,81.66479190101236,165,35,0.158127924529141,51.58127924529141,56.524184476940384,388,79
"Smith, Ben",814168.0,NEW_ENG23,Four-Seam,89,34,4,18,17,1,20,26,8,1,11,6,10,10,2166.02832,0.2813326810303774,0.1176470588235294,0.2022471910112359,0.0588235294117647,0.05,83.30878153846153,0.3076923076923077,0.0384615384615384,0.4230769230769231,0.2307692307692307,0.3846153846153846,0.3846153846153846,-1.1136320570229232,0.003623758713552592,-1.1154215091717579,0.03272200539306269,-1.3576261377041374,-0.019712731519464077,-1.1984069155875428,-0.05233802522445475,1.1053305933854727,-0.6510397195040434,1.683372608432461,-0.40235467074970155,0.602391145236699,0.029608127179528994,1.1734417302719635,-0.3564998117487344,-1.4159910674602538,33.7473265873345,4.049493813273341,854,262,-1.2009248908465935,37.990751091534065,10.517435320584926,799,217,-1.1984069155875428,38.01593084412457,6.917885264341956,829,252,-2.4397366400735137,25.602633599264863,1.574803149606299,878,270,0.2561202476885668,52.56120247688567,60.798650168728905,352,37
"Nettleton, Blake",10067637.0,WIN_CIT29,Four-Seam,231,83,4,45,44,4,70,70,24,6,18,26,11,33,6050.42013,0.3124986398881594,0.0481927710843373,0.1948051948051948,0.0909090909090909,0.0571428571428571,86.4345732857143,0.3428571428571428,0.0857142857142857,0.2571428571428571,0.3714285714285714,0.1571428571428571,0.4714285714285714,-1.7442056966889032,0.005675645337025691,-1.2355527326039382,0.03624617496366913,-0.983318610150053,-0.01427778621937877,-1.140014343687762,-0.04978784643187563,2.0339185440894343,-1.1979780224686767,2.1249580590648076,-0.5079011004034931,2.281074181633294,0.11211707710145803,-0.6535730011992581,0.198560052775343,-1.417345805345928,33.73177697482521,3.937007874015748,855,263,-0.10488677366626559,48.95113226333734,50.506186726659166,442,52,-1.140014343687762,38.59985656312238,8.717660292463442,813,246,0.5549757566458431,55.54975756645843,73.17210348706412,239,47,-0.45657947408363836,45.43420525916362,32.508436445444325,601,114
"Voytko, Fawster",1000207039.0,TRO_AIG,Curveball,75,29,3,20,15,3,22,22,9,1,5,10,3,9,1883.36294,0.3193219448358084,0.1034482758620689,0.2666666666666666,0.2,0.1363636363636363,85.60740636363636,0.4090909090909091,0.0454545454545454,0.2272727272727272,0.4545454545454545,0.1363636363636363,0.4090909090909091,-1.2425424316344418,0.004043233072538474,-0.07554051365815949,0.002216056508675767,0.28932698353383396,0.004201027800911269,-0.4923876371629181,-0.02150404527781612,1.7881896858769415,-1.0532437249815185,2.956694291363804,-0.7067001994389024,0.8508220385723473,0.04181875401786944,-0.9824576518373652,0.2984775118317544,-1.4306913864664876,33.57859707387871,3.824521934758155,856,90,0.5427721137584732,55.42772113758473,71.37232845894263,259,54,-0.4923876371629181,45.07612362837082,36.782902137232846,564,76,0.8285375390426929,58.28537539042693,82.7896512935883,158,21,0.05518649413944061,50.551864941394406,52.98087739032621,421,72
"Galva, Claudio",669996.0,GAT_GRI,Sinker,182,86,6,40,52,5,53,66,22,3,24,30,14,22,5579.44646,0.2905571902501333,0.0697674418604651,0.2197802197802197,0.0961538461538461,0.0943396226415094,84.53706757575758,0.3333333333333333,0.0454545454545454,0.3636363636363636,0.4545454545454545,0.2121212121212121,0.3333333333333333,-1.5483298318757166,0.005038265272923581,-0.8323974201807074,0.024419210718421232,-0.9221337258383281,-0.013389381699172524,-0.8359322711530534,-0.036507670078067295,1.47022106161755,-0.8659602052927369,2.005361999518547,-0.4793156090389246,0.8508220385723473,0.04181875401786944,0.5189722749887742,-0.15766740994751452,-1.4815640460472017,32.99468327611581,3.712035995500562,857,140,0.5427721137584732,55.42772113758473,71.37232845894263,255,52,-0.8359322711530534,41.64067728846947,22.04724409448819,694,76,-0.16882312594582125,48.31176874054179,41.676040494938135,519,81,0.6771243027438776,56.77124302743878,74.29696287964005,228,50
"McKillican, Adam",1000570064.0,QUE_CAP,Four-Seam,52,19,6,16,13,3,13,13,2,0,7,2,6,5,1092.37615,0.3190052146645102,0.3157894736842105,0.3076923076923077,0.2307692307692307,0.2307692307692307,84.02893461538461,0.1538461538461538,0.0,0.5384615384615384,0.1538461538461538,0.4615384615384615,0.3846153846153846,0.6852976819167567,-0.002229958656957126,0.5867092795490707,-0.017211703424851538,0.6482783048292883,0.009413000986121266,0.2793743271069152,0.012201114987740305,1.3192685406210478,-0.7770491704257971,-0.24856373808406054,0.0594109589856379,-0.7639787681093636,-0.03755032043134333,2.443882437586389,-0.742468591715808,-1.4954846696952577,32.83490306630256,3.59955005624297,858,264,-1.800320736179585,31.99679263820415,1.0686164229471318,880,268,0.2793743271069152,52.793743271069154,66.14173228346458,302,54,-3.4524413152926203,20.0,0.5061867266591676,886,272,0.2561202476885668,52.56120247688567,60.798650168728905,350,36
"Cox, Carter",10156934.0,NIU_HUS,Four-Seam,75,30,7,26,20,7,16,20,8,2,8,6,5,9,1683.05998,0.2974712165386245,0.2333333333333333,0.3466666666666667,0.35,0.4375,84.152999,0.4,0.1,0.4,0.3,0.25,0.45,-0.06331943340241233,0.00020604143629144973,1.2158465830959382,-0.035668075361702446,2.0392146748491777,0.029609397078810062,1.9693901099755786,0.08600917427296344,1.3561247044286964,-0.7987574509085021,2.842534416342373,-0.679414048590905,2.788583006590405,0.137061643356925,0.9193535888090787,-0.27930605575531975,-1.5402593744714395,32.320981283461784,3.487064116985377,859,265,-0.6614686300469005,43.385313699531,26.94038245219347,650,137,1.9693901099755786,69.69390109975578,95.3880764904387,42,3,-0.6675034584400784,43.324965415599216,21.034870641169853,691,216,-0.28065992250695504,47.19340077493045,39.42632170978628,539,91
"O'Brien, Keenan",1000245579.0,SUS_COU1,Sinker,60,27,5,17,10,3,17,19,7,2,7,9,4,6,1614.11898,0.2672474958896938,0.1851851851851851,0.2833333333333333,0.3,0.1764705882352941,84.95363052631579,0.3684210526315789,0.1052631578947368,0.3684210526315789,0.4736842105263157,0.2105263157894736,0.3157894736842105,-0.5004551957755446,0.0016284812070536223,0.19349846483227814,-0.005676470964319712,1.4559187777440632,0.021139940652843796,-0.16451490724436107,-0.007184859544082981,1.593970616250554,-0.9388486929715762,2.4459790610047714,-0.5846305772241774,2.975559942100917,0.14625174671420216,0.5716540268072354,-0.17367249492222578,-1.5409929270522824,32.312561604269284,3.374578177727784,860,141,0.6919040944154854,56.91904094415485,76.32170978627671,213,41,-0.16451490724436107,48.35485092755639,50.89988751406074,438,29,-0.14782605931448317,48.52173940685517,42.68841394825647,514,80,0.8211520057891155,58.21152005789116,78.34645669291339,195,39
"Gorgen, Grady",1000138303.0,NEW_YOR13,Slider,137,58,13,38,30,5,42,34,11,4,14,13,12,9,2888.51402,0.3142396156466009,0.2241379310344827,0.2773722627737226,0.1666666666666666,0.119047619047619,84.95629470588236,0.3235294117647059,0.1176470588235294,0.4117647058823529,0.3823529411764705,0.3529411764705882,0.2647058823529412,-0.14680424743653853,0.00047770102115849637,0.09727284478825333,-0.0028535961747082,-0.09953694786957673,-0.0014452764830662542,-0.6339453872229932,-0.02768629689618978,1.5947620717421742,-0.9393148602561405,1.8822484088091616,-0.4498893679283394,3.4155056727138926,0.16787551931956055,1.0488887197509411,-0.31865973528137415,-1.5714959126790995,31.962449887538554,3.262092238470191,861,188,-0.01976248974922758,49.802375102507725,53.48706411698537,414,95,-0.6339453872229932,43.66054612777007,30.59617547806524,618,173,-2.0227405973362345,29.772594026637655,3.149606299212598,861,186,1.2405267881855435,62.40526788185544,89.48256467941508,95,16
"Belton, Hunter",10294453.0,MIS_MUD,Changeup,55,21,5,13,19,6,20,13,3,1,5,5,2,6,1135.26858,0.3337179121529126,0.238095238095238,0.2363636363636363,0.3157894736842105,0.3,87.3283523076923,0.2307692307692307,0.0769230769230769,0.3846153846153846,0.3846153846153846,0.1538461538461538,0.4615384615384615,-0.02008622613474062,6.536057984244597e-05,-0.5647022927316809,0.016566106459576593,1.6401174820930466,0.023814505839991038,0.8453331009047934,0.03691823251581504,2.2994360505356606,-1.354367833765504,0.7174044351741995,-0.17147185588203165,1.968761058582765,0.09676657479040149,0.749961494500488,-0.22784355175970974,-1.579552461221619,31.869977233364462,3.149606299212598,862,124,-0.002133200180609807,49.9786679981939,54.16197975253093,405,87,0.8453331009047934,58.453331009047936,81.60854893138357,163,16,0.5983773855838049,55.98377385583805,75.0281214848144,214,47,-0.3753858348943997,46.246141651056,36.33295838020247,562,105
"Miranda, Kevin",806656.0,OTT_TIT,Slider,78,31,7,27,10,2,14,18,6,1,8,6,7,5,1507.86884,0.3367373629127488,0.2258064516129032,0.3461538461538461,0.2,0.1428571428571428,83.77049111111111,0.3333333333333333,0.0555555555555555,0.4444444444444444,0.3333333333333333,0.3888888888888889,0.2777777777777778,-0.13165579327712035,0.0004284079513237496,1.2075684606808466,-0.03542522836253332,0.28932698353383396,0.004201027800911269,-0.4393034808903899,-0.019185700920925995,1.2424919849797438,-0.7318277791530691,2.005361999518547,-0.4793156090389246,1.2096666622793946,0.059456326117694525,1.408708527922783,-0.42797551174263687,-1.6296440673481603,31.295028327400832,3.0371203599550056,863,189,-0.40173043040260414,45.98269569597396,38.02024746906636,556,124,-0.4393034808903899,45.6069651910961,37.96400449943757,555,163,-2.49599801091902,25.0400198908098,1.1811023622047243,879,190,1.1332120290537975,61.33212029053797,87.23284589426322,114,20
"Benitez, Jorge",1000561771.0,NEW_JER6,Four-Seam,102,47,12,31,22,5,27,33,14,3,13,15,8,10,2766.68309,0.3049290792537782,0.2553191489361702,0.3039215686274509,0.2272727272727272,0.1851851851851851,83.83888151515151,0.4242424242424242,0.0909090909090909,0.3939393939393939,0.4545454545454545,0.2424242424242424,0.303030303030303,0.13628920440790482,-0.00044348507114332227,0.5258407323792871,-0.015426063725078766,0.6074883819548048,0.008820731305983766,-0.09327342518798397,-0.004073530298234824,1.2628089191425864,-0.7437944533749834,3.146960749732854,-0.7521771175188976,2.4656228452540616,0.12118782846708238,0.8526233698390276,-0.25903294812068545,-1.644939038335957,31.11947342876244,2.924634420697413,864,266,0.5427721137584732,55.42772113758473,71.37232845894263,253,15,-0.09327342518798397,49.06726574812016,53.374578177727784,415,91,-0.5677673919412267,44.32232608058773,25.253093363329583,665,201,0.9258994261856525,59.25899426185653,82.56467941507312,155,9
"Duby, Bill",1000270408.0,NEW_JER6,Changeup,166,85,15,50,36,8,45,59,19,2,18,23,9,27,5129.75329,0.2848735976746233,0.1764705882352941,0.3012048192771084,0.2222222222222222,0.1777777777777777,86.94497101694914,0.3220338983050847,0.0338983050847457,0.3050847457627119,0.3898305084745763,0.1525423728813559,0.4576271186440678,-0.5795747907752058,0.0018859363691825196,0.48198604417744495,-0.014139542591989525,0.5485696044694403,0.007965230656896272,-0.1538286849359049,-0.006718160157205774,2.185543867084118,-1.2872853377125453,1.863468369548407,-0.44540061928435165,0.44027946060242,0.021640175768069547,-0.12570950150154478,0.03819142652267982,-1.6838608904292642,30.672730391164606,2.81214848143982,865,125,0.03850380628264426,50.385038062826446,55.68053993250843,395,85,-0.1538286849359049,48.46171315064095,51.40607424071991,433,58,0.6155418716044677,56.15541871604468,76.15298087739033,213,46,-0.34327535611899485,46.56724643881005,37.232845894263214,559,103
"Givens-Craig, Hayden",1000146243.0,SUS_COU1,Changeup,85,33,7,22,23,5,19,18,6,1,7,8,4,6,1542.46531,0.3300256644135937,0.2121212121212121,0.2588235294117647,0.217391304347826,0.2631578947368421,85.69251722222222,0.3333333333333333,0.0555555555555555,0.3888888888888889,0.4444444444444444,0.2222222222222222,0.3333333333333333,-0.2559037203220438,0.0008327107059279304,-0.20214709177130574,0.005930187084203026,0.49221251296169877,0.0071469256882038664,0.5441503616322385,0.023764678743564752,1.8134738135947792,-1.0681360762073249,2.005361999518547,-0.4793156090389246,1.2096666622793946,0.059456326117694525,0.7970148540306523,-0.24213869175849037,-1.6924595486651457,30.574035429518013,2.699662542182227,866,126,0.46406356841171714,54.64063568411717,69.46006749156356,274,63,0.5441503616322385,55.441503616322386,73.5095613048369,234,28,-0.30180454794428985,46.9819545205571,36.895388076490434,561,91,0.6771243027438776,56.77124302743878,74.29696287964005,229,52
"Rybarczyk, Ty",1000084463.0,JOL_SLA,Four-Seam,61,25,6,11,18,1,12,14,5,1,6,4,3,7,1182.94197,0.3205370231179923,0.24,0.180327868852459,0.0555555555555555,0.0833333333333333,84.495855,0.3571428571428571,0.0714285714285714,0.4285714285714285,0.2857142857142857,0.2142857142857142,0.5,-0.0027929432276708774,9.088237262841035e-06,-1.4692506317397658,0.04310193653271777,-1.3957500525476094,-0.020266290762991288,-0.9259082467218983,-0.04043719085908546,1.4579779231232506,-0.8587489967195946,2.304352148384199,-0.5507793374503461,1.773565356676184,0.08717251084599112,1.233938906810745,-0.374879277461452,-1.7148275576374976,30.31729656083909,2.5871766029246346,867,267,-0.7727850013230275,42.272149986769726,23.28458942632171,682,155,-0.9259082467218983,40.74091753278102,17.435320584926885,737,220,-0.1973191449454921,48.02680855054508,40.382452193475814,533,147,-0.6911388761858831,43.08861123814117,24.634420697412825,681,148
"Kramer, Cameron",1000249123.0,TRO_AIG,Sinker,69,33,6,14,13,2,22,25,9,0,5,13,4,8,2207.23801,0.2823735787575274,0.1818181818181818,0.2028985507246377,0.1538461538461538,0.0909090909090909,88.2895204,0.36,0.0,0.2,0.52,0.16,0.32,-0.5310241302072316,0.0017279525196943317,-1.1049070400563512,0.03241355292709312,-0.24909999840934954,-0.0036169319769037553,-0.8639767310706152,-0.037732455776046975,2.5849730220573504,-1.5225491099917792,2.3402309662480776,-0.5593549848597168,-0.7639787681093636,-0.03755032043134333,-1.2827436372025922,0.38970649618760794,-1.7369558014013944,30.063309705021187,2.4746906636670416,868,142,1.052803487605456,60.52803487605456,84.92688413948257,135,25,-0.8639767310706152,41.36023268929385,20.41619797525309,711,83,0.5173610115662758,55.173610115662754,71.09111361079866,260,41,0.7865853570582583,57.86585357058258,76.94038245219348,207,43
"Beriguete, Randy",691335.0,LAK_ERI24,Four-Seam,102,39,16,35,18,4,21,21,6,2,9,7,7,7,1806.69182,0.3248939787162202,0.4102564102564102,0.3431372549019608,0.2222222222222222,0.1904761904761904,86.03294380952381,0.2857142857142857,0.0952380952380952,0.4285714285714285,0.3333333333333333,0.3333333333333333,0.3333333333333333,1.5429604981580298,-0.005020793461006229,1.158873622945022,-0.033996716602715166,0.5485696044694403,0.007965230656896272,-0.05001966822518298,-0.002184508970398416,1.9146053196669166,-1.1277025332838138,1.4073817017872432,-0.33638815221608154,2.619413398271367,0.12874678793843597,1.233938906810745,-0.374879277461452,-1.7434599634001349,29.988655264595792,2.3622047244094486,869,268,-0.40173043040260414,45.98269569597396,38.02024746906636,539,85,-0.05001966822518298,49.49980331774817,55.005624296962885,401,84,-1.764600189927443,32.35399810072557,4.611923509561304,843,261,0.6771243027438776,56.77124302743878,74.29696287964005,222,18
"Pardinho, Eric",672078.0,OTT_TIT,Sinker,73,33,5,19,18,2,23,24,6,0,10,9,6,9,2071.02931,0.3211282868095874,0.1515151515151515,0.2602739726027397,0.1111111111111111,0.0869565217391304,86.29288791666666,0.25,0.0,0.4166666666666667,0.375,0.25,0.375,-0.8061445400924194,0.0026231943334607327,-0.17873354650380574,0.005243327320235645,-0.7476435002085924,-0.010855783623028761,-0.8962888261930239,-0.039143621906327926,1.9918276637215042,-1.1731864939319658,0.9588964784887655,-0.22919255959894927,-0.7639787681093636,-0.03755032043134333,1.102861690976718,-0.33505710175056375,-1.8171193595884825,29.14319646366522,2.249718785151856,870,143,-0.0770576808472335,49.229423191527665,51.34983127109112,434,90,-0.8962888261930239,41.03711173806976,18.503937007874015,727,92,-0.6675034584400784,43.324965415599216,21.034870641169853,706,118,0.3350585080114373,53.35058508011437,63.77952755905512,325,70
"Gaskey, Blake",1000362764.0,NIU_HUS,Four-Seam,62,33,5,19,14,4,20,22,8,2,9,8,6,8,1886.55017,0.3445289417091829,0.1515151515151515,0.3064516129032258,0.2857142857142857,0.2,85.75228045454546,0.3636363636363636,0.0909090909090909,0.4090909090909091,0.3636363636363636,0.2727272727272727,0.3636363636363636,-0.8061445400924194,0.0026231943334607327,0.5666815640286906,-0.016624170362345668,1.2892628071426018,0.018720095959710577,0.027837094307859044,0.0012157294197071278,1.831227849025723,-1.0785932030761507,2.3858949162566496,-0.5702694451989156,2.4656228452540616,0.12118782846708238,1.0194489172641548,-0.30971571720727104,-1.8314556876647223,28.978644819580435,2.1372328458942635,871,269,-0.16560479436233488,48.34395205637665,47.63779527559055,463,59,0.027837094307859044,50.27837094307859,58.21147356580427,368,74,-0.9667116579366322,40.33288342063368,14.566929133858267,760,239,0.42834917930210314,54.28349179302103,66.53543307086615,296,26
"Thornton, Tyler",1000429124.0,NEW_ENG23,Sinker,121,52,3,23,15,2,37,43,16,4,17,16,8,19,3689.72183,0.3247425086679126,0.0576923076923076,0.1900826446280991,0.1333333333333333,0.054054054054054,85.80748441860464,0.3720930232558139,0.0930232558139534,0.3953488372093023,0.3720930232558139,0.1860465116279069,0.4418604651162791,-1.657959655313867,0.005395000718391323,-1.3117857371348776,0.03848254638458877,-0.48840087927298614,-0.0070915807670437585,-1.1652651855903704,-0.050890626450288245,1.8476274495114273,-1.0882525677622306,2.4920901488347242,-0.5956519111040293,2.540729859518325,0.1248794133251852,0.868142025413458,-0.26374762431478643,-1.8368773499702131,28.916415255545864,2.0247469066366706,872,144,-0.09970926802551563,49.00290731974484,50.89988751406074,438,91,-1.1652651855903704,38.347348144096294,7.705286839145106,822,127,0.17445449828278428,51.74454498282784,55.118110236220474,401,68,-0.21383776725689696,47.86162232743103,42.069741282339706,517,105
"Catrambone, Ben",1000565186.0,JOL_SLA,Slider,116,46,17,36,36,6,29,26,5,1,12,5,10,11,2266.95449,0.3567660714891942,0.3695652173913043,0.3103448275862069,0.1666666666666666,0.2068965517241379,87.19055730769232,0.1923076923076923,0.0384615384615384,0.4615384615384615,0.1923076923076923,0.3846153846153846,0.4230769230769231,1.1735262353857798,-0.0038186543699453273,0.6295271541098828,-0.01846780859296752,-0.09953694786957673,-0.0014452764830662542,0.08421612924557832,0.0036779710125421417,2.258500893297596,-1.330257026152284,0.23442034854507,-0.056030448448197,0.602391145236699,0.029608127179528994,1.5969219660434384,-0.4851560717377589,-1.8618891875921477,28.629330656171206,1.9122609673790776,873,190,-1.5006228135130888,34.99377186486911,4.724409448818897,848,184,0.08421612924557832,50.842161292455785,59.56130483689539,360,130,-2.4397366400735137,25.602633599264863,1.574803149606299,875,189,-0.05963279360291668,49.40367206397083,48.4251968503937,457,101
"Foy, Corbin",813822.0,LAK_ERI24,Sinker,57,18,6,21,5,1,11,11,4,0,4,5,2,4,940.77013,0.333302485961597,0.3333333333333333,0.3684210526315789,0.2,0.0909090909090909,85.52455727272728,0.3636363636363636,0.0,0.3636363636363636,0.4545454545454545,0.1818181818181818,0.3636363636363636,0.8445779192187074,-0.002748256549137674,1.5670132497571394,-0.04596990069487544,0.28932698353383396,0.004201027800911269,-0.8639767310706152,-0.037732455776046975,1.7635774679924443,-1.0387471286475496,2.3858949162566496,-0.5702694451989156,-0.7639787681093636,-0.03755032043134333,0.5189722749887742,-0.15766740994751452,-1.8864838894444722,28.34703391993213,1.799775028121485,874,145,0.5427721137584732,55.42772113758473,71.37232845894263,254,51,-0.8639767310706152,41.36023268929385,20.41619797525309,707,81,0.2301211400495842,52.301211400495845,58.38020247469067,371,61,0.42834917930210314,54.28349179302103,66.53543307086615,295,66
"Andueza, Axel",672847.0,DOW_EAS1,Splitter,96,35,23,28,30,11,25,12,2,1,7,2,4,6,1039.05934,0.3364970096551983,0.6571428571428571,0.2916666666666667,0.3666666666666666,0.44,86.58827833333334,0.1666666666666666,0.0833333333333333,0.5833333333333334,0.1666666666666666,0.3333333333333333,0.5,3.7844360134204287,-0.012314554787670075,0.32801795407749695,-0.009622734700817452,2.233646640550882,0.03243254922079881,1.9898275101405019,0.08690173685036613,2.079580144964433,-1.224872705384051,-0.08756904254101738,0.020930489841026353,2.1964893774737755,0.10795964939221354,2.9379427126531104,-0.8925675617030034,-1.8911531312711372,28.293440599862922,1.687289088863892,875,16,-1.7004214286240864,32.99578571375913,2.1372328458942635,870,16,1.9898275101405019,69.89827510140502,95.72553430821146,39,6,-1.764600189927443,32.35399810072557,4.611923509561304,842,16,-0.6911388761858831,43.08861123814117,24.634420697412825,655,14
"Morse, Colby",,EVA_OTT,Four-Seam,54,11,0,3,5,0,7,17,2,0,10,11,6,0,1472.55727,0.2821016507136267,0.0,0.0555555555555555,0.0,0.0,86.62101588235294,0.1176470588235294,0.0,0.5882352941176471,0.6470588235294118,0.3529411764705882,0.0,-2.181746589518358,0.007099403402292737,-3.4833675745370254,0.10218807116661818,-2.043856604886625,-0.029676797902953796,-1.6071549188860101,-0.07018927677250872,2.089305582873692,-1.2306009883126046,-0.7031369960879473,0.1680616953939529,-0.7639787681093636,-0.03755032043134333,2.9919156838788865,-0.9089649281721929,-1.9996331416287396,27.0483125615152,1.574803149606299,876,270,2.0428643897790093,70.4286438977901,96.8503937007874,29,2,-1.6071549188860101,33.928450811139896,1.968503937007874,880,269,-2.0227405973362345,29.772594026637655,3.149606299212598,862,266,3.4136506606033987,80.0,100.0,1,1
"Lawson, Nathan",1000569348.0,FLO_Y'A,Curveball,68,24,8,18,30,6,16,12,2,1,8,4,5,3,1026.87167,0.3881624061587885,0.3333333333333333,0.2647058823529412,0.2,0.375,85.57263916666666,0.1666666666666666,0.0833333333333333,0.6666666666666666,0.3333333333333333,0.4166666666666667,0.25,0.8445779192187074,-0.002748256549137674,-0.10719215818644516,0.0031445891525575553,0.28932698353383396,0.004201027800911269,1.4584551058524944,0.06369510983789599,1.7778612946096135,-1.0471603025250622,-0.08756904254101738,0.020930489841026353,2.1964893774737755,0.10795964939221354,3.855483223491306,-1.171322791679223,-2.021300484728818,26.79961590006142,1.4623172103487065,877,91,-0.40173043040260414,45.98269569597396,38.02024746906636,553,79,1.4584551058524944,64.58455105852494,90.26996625421823,88,25,-2.8616969214148087,21.383030785851915,0.7874015748031495,883,93,1.3612558922087576,63.61255892208757,91.00112485939258,81,26
"Townes, Holland",830218.0,SCH_BOO,Cutter,69,22,4,29,8,1,16,17,6,1,6,6,4,7,1480.65173,0.3045816008610457,0.1818181818181818,0.4202898550724637,0.125,0.0625,87.0971605882353,0.3529411764705882,0.0588235294117647,0.3529411764705882,0.3529411764705882,0.2352941176470588,0.4117647058823529,-0.5310241302072316,0.0017279525196943317,2.404297027210214,-0.07053245759023885,-0.5856168621238382,-0.008503156838038132,-1.0962199147629261,-0.04787521233744127,2.2307552610432113,-1.3139148487544514,2.2515891809373194,-0.5381680912600952,1.3257634523022646,0.0651625994441086,0.4012130650416261,-0.1218913376511013,-2.0339945524675636,26.653914036555932,1.3498312710911136,878,39,-0.24894325414125343,47.51056745858747,44.31946006749156,500,27,-1.0962199147629261,39.03780085237074,10.348706411698538,802,35,-0.47389815288348414,45.26101847116516,28.45894263217098,641,29,0.03323574795340204,50.33235747953402,52.30596175478065,427,23
"Cameron, Wyatt",1000179557.0,SCH_BOO,Curveball,109,25,10,45,50,13,25,10,2,0,6,3,5,2,854.82634,0.3574559234510563,0.4,0.4128440366972477,0.26,0.52,85.48263399999999,0.2,0.0,0.6,0.3,0.5,0.2,1.449842820966121,-0.004717788539423757,2.2841041050286077,-0.06700647802511923,0.9892820600599717,0.014364375512070789,2.6438243154180494,0.11546373932725246,1.7511232007038924,-1.0314115652145925,0.33101716587089636,-0.07911872993496404,-0.7639787681093636,-0.03755032043134333,3.121450814820749,-0.9483186076982473,-2.038295375004367,26.60454941434693,1.2373453318335208,879,92,-0.6614686300469005,43.385313699531,26.94038245219347,649,87,2.6438243154180494,76.4382431541805,98.5376827896513,14,6,-3.9587936529021728,20.0,0.1687289088863892,888,95,1.7717348458876858,67.71734845887686,96.28796400449944,31,13
"Smith, Ethan",680733.0,WIN_CIT29,Changeup,52,29,11,13,14,0,15,17,6,2,8,7,6,4,1456.17474,0.3173729242487563,0.3793103448275862,0.25,0.0,0.0,85.65733764705882,0.3529411764705882,0.1176470588235294,0.4705882352941176,0.4117647058823529,0.3529411764705882,0.2352941176470588,1.2620019893893373,-0.004106554473472903,-0.3445794921485953,0.010108583981671191,-2.043856604886625,-0.029676797902953796,-1.6071549188860101,-0.07018927677250872,1.803022915950582,-1.0619804974948928,2.2515891809373194,-0.5381680912600952,3.4155056727138926,0.16787551931956055,1.6965643744602557,-0.5154281329116469,-2.0415652475143387,26.567017984080955,1.124859392575928,880,127,0.20941827464279913,52.09418274642799,61.24859392575927,348,76,-1.6071549188860101,33.928450811139896,1.968503937007874,886,125,-2.0227405973362345,29.772594026637655,3.149606299212598,863,125,1.4819849962319722,64.81984996231972,92.63217097862767,67,19
"Miranda, Agnel",695064.0,NEW_JER6,Four-Seam,50,23,3,10,8,1,16,17,6,2,9,5,4,8,1445.39219,0.2758149995995738,0.1304347826086956,0.2,0.125,0.0625,85.02307,0.3529411764705882,0.1176470588235294,0.5294117647058824,0.2941176470588235,0.2352941176470588,0.4705882352941176,-0.9975326513168982,0.0032459712473851864,-1.1516964276199055,0.03378616640065755,-0.5856168621238382,-0.008503156838038132,-1.0962199147629261,-0.04787521233744127,1.6145992005518135,-0.950998929125018,2.2515891809373194,-0.5381680912600952,3.4155056727138926,0.16787551931956055,2.3442400291695713,-0.7121965305419199,-2.0528342631349092,26.43767279626712,1.0123734533183353,881,271,-0.707304782925306,42.926952170746944,25.30933633295838,664,145,-1.0962199147629261,39.03780085237074,10.348706411698538,799,241,-0.47389815288348414,45.26101847116516,28.45894263217098,640,191,-0.4496806681394543,45.503193318605454,33.12710911136108,599,113
"Voytko, Fawster",1000207039.0,TRO_AIG,Slider,60,28,9,17,21,5,22,17,4,1,8,5,3,9,1502.01705,0.3234941799174392,0.3214285714285714,0.2833333333333333,0.238095238095238,0.2272727272727272,88.35394411764706,0.2352941176470588,0.0588235294117647,0.4705882352941176,0.2941176470588235,0.1764705882352941,0.5294117647058824,0.7364949010495264,-0.002396554408015159,0.19349846483227814,-0.005676470964319712,0.7337429051377297,0.010653946982599834,0.25079055065247696,0.010952775718645625,2.6041115612767953,-1.5338217095920323,0.7742260924246859,-0.18505319793307115,1.3257634523022646,0.0651625994441086,1.6965643744602557,-0.5154281329116469,-2.155606743663731,25.258055494838523,0.8998875140607425,882,191,-0.707304782925306,42.926952170746944,25.30933633295838,667,143,0.25079055065247696,52.50790550652477,64.79190101237346,316,121,0.30052306934289097,53.00523069342891,61.64229471316085,348,87,-0.9325970842323116,40.674029157676884,18.222722159730033,730,160
"Smith, Donny",1000381366.0,JOL_SLA,Sinker,146,58,6,29,30,2,41,43,15,0,18,15,11,17,3722.28329,0.3268886466982444,0.1034482758620689,0.1986301369863013,0.0666666666666666,0.048780487804878,86.5647276744186,0.3488372093023256,0.0,0.4186046511627907,0.3488372093023256,0.2558139534883721,0.3953488372093023,-1.2425424316344418,0.004043233072538474,-1.1738092203725454,0.034434867288848994,-1.2661287420798062,-0.018384189334998784,-1.2083763790826278,-0.052773421603675603,2.072583882939435,-1.2207519070513273,2.200053259245019,-0.5258501298649667,-0.7639787681093636,-0.03755032043134333,1.1241998423915598,-0.3415397815174526,-2.158371649442377,25.226320047017005,0.7874015748031495,883,146,-0.2809219654517684,47.19078034548232,42.857142857142854,509,101,-1.2083763790826278,37.91623620917372,6.411698537682789,833,131,-0.7440450908694295,42.559549091305705,18.785151856017997,723,120,0.16800311988629227,51.68003119886292,57.03037120359955,383,86
"Johnston, Spencer",800918.0,DOW_EAS1,Curveball,66,31,9,21,26,6,21,18,8,1,8,9,5,4,1537.99775,0.3219769627332641,0.2903225806451613,0.3181818181818182,0.2307692307692307,0.2857142857142857,85.44431944444445,0.4444444444444444,0.0555555555555555,0.4444444444444444,0.5,0.2777777777777778,0.2222222222222222,0.45408443422037675,-0.001477590748953106,0.7560345107668278,-0.022179028407855662,0.6482783048292883,0.009413000986121266,0.7285479571052313,0.03181787493065676,1.7397409854118064,-1.024707440407554,3.4006493608915895,-0.812813008292225,1.2096666622793946,0.059456326117694525,1.408708527922783,-0.42797551174263687,-2.188465377564752,24.88090576709519,0.6749156355455568,884,93,0.896960567818878,58.96960567818878,81.55230596175478,167,40,0.7285479571052313,57.28547957105231,78.45894263217097,191,48,-1.033202368935867,39.66797631064133,12.992125984251967,774,79,1.589299755363718,65.89299755363717,94.71316085489315,50,16
"Anderson, Colt",1000568252.0,WAS_WIL3,Changeup,52,22,5,8,10,0,10,14,6,1,6,6,2,6,1210.40535,0.3187755379723829,0.2272727272727272,0.1538461538461538,0.0,0.0,86.457525,0.4285714285714285,0.0714285714285714,0.4285714285714285,0.4285714285714285,0.1428571428571428,0.4285714285714285,-0.11834351537945025,0.00038508979904473107,-1.8967274449780391,0.05564239632587576,-2.043856604886625,-0.029676797902953796,-1.6071549188860101,-0.07018927677250872,2.0407368759096656,-1.201994019910793,3.201322594981154,-0.7651705226846105,1.773565356676184,0.08717251084599112,1.233938906810745,-0.374879277461452,-2.2987098977614067,23.615524774610552,0.562429696287964,885,128,0.3403787114382422,53.403787114382425,66.31046119235096,297,69,-1.6071549188860101,33.928450811139896,1.968503937007874,857,119,0.7430494820436775,57.43049482043678,79.6400449943757,175,38,-0.1047403709302708,48.952596290697294,46.737907761529804,469,93
"Plumadore, Carson",1000207816.0,WIN_CIT29,Curveball,77,26,10,28,19,6,17,13,4,0,7,4,5,4,1133.30343,0.3647094642520715,0.3846153846153846,0.3636363636363636,0.3157894736842105,0.3529411764705882,87.17718692307692,0.3076923076923077,0.0,0.5384615384615384,0.3076923076923077,0.3846153846153846,0.3076923076923077,1.310166305178256,-0.004263281157050045,1.4897771793771093,-0.04370410333420688,1.6401174820930466,0.023814505839991038,1.278125104397288,0.05581955768434276,2.2545289146585685,-1.3279175307338968,1.683372608432461,-0.40235467074970155,-0.7639787681093636,-0.03755032043134333,2.443882437586389,-0.742468591715808,-2.4786244345976733,21.550474876636606,0.44994375703037126,886,94,-0.6015290455136011,43.98470954486399,29.527559055118108,630,85,1.278125104397288,62.78125104397288,88.18897637795276,106,29,-2.4397366400735137,25.602633599264863,1.574803149606299,877,92,0.8876263302715328,58.87626330271533,80.93363329583802,173,45
"Lovin, Xander",815234.0,GAT_GRI,Curveball,65,27,4,15,23,2,18,16,5,1,9,4,8,4,1397.01257,0.3530373726962476,0.1481481481481481,0.2307692307692307,0.0869565217391304,0.1111111111111111,87.313285625,0.3125,0.0625,0.5625,0.25,0.5,0.25,-0.836713474524107,0.0027226656461014445,-0.655009082714485,0.019215346450512132,-1.0294289577472955,-0.014947308466490731,-0.6988260226671941,-0.030519828887944363,2.294960147744811,-1.3517315270216936,1.7437456192611018,-0.4167848466789308,1.4563723410779916,0.07158215693632437,2.708557584943561,-0.8228787542089484,-2.54334209623107,20.807648849883783,0.3374578177727784,887,95,-1.051075929513345,39.489240704866546,14.848143982002249,759,92,-0.6988260226671941,43.01173977332806,28.346456692913385,638,86,-3.9587936529021728,20.0,0.1687289088863892,889,96,1.3612558922087576,63.61255892208757,91.00112485939258,83,28
"Westcott, Zac",686170.0,FLO_Y'A,Curveball,163,63,11,52,33,4,40,44,15,1,21,22,14,8,3874.75979,0.3763621992514159,0.1746031746031746,0.3190184049079754,0.1212121212121212,0.1,88.0627225,0.3409090909090909,0.0227272727272727,0.4772727272727273,0.5,0.3181818181818182,0.1818181818181818,-0.5965289897037047,0.0019411053324958551,0.7695389770602676,-0.022575195431040012,-0.6298059452378623,-0.00914478232485376,-0.7896589122890756,-0.034486773676400795,2.517597517156855,-1.4828649376053875,2.100495228703073,-0.5020540680789224,0.04342163523149186,0.0021342167932630563,1.7701638806772242,-0.5377881780969055,-2.584838613087751,20.33135394115638,0.22497187851518563,888,96,0.896960567818878,58.96960567818878,81.55230596175478,179,44,-0.7896589122890756,42.10341087710924,24.521934758155233,678,90,-1.5651280569297406,34.348719430702594,6.355455568053993,834,86,1.920999919952751,69.20999919952752,97.58155230596175,23,10
"Nabholz, Nate",1000113106.0,TRI_VAL,Four-Seam,99,49,17,39,33,10,29,26,12,3,11,9,5,12,2314.38969,0.356130922248792,0.3469387755102041,0.3939393939393939,0.303030303030303,0.3448275862068966,89.01498807692307,0.4615384615384615,0.1153846153846153,0.4230769230769231,0.3461538461538461,0.1923076923076923,0.4615384615384615,0.9681013685549144,-0.003150201853277691,1.9789389584506312,-0.05805415328510772,1.4912700442352818,0.02165324104229629,1.2117968279999713,0.052922802869242745,2.8004897928108843,-1.6494884879656107,3.6153089549489814,-0.8641203004850407,3.335130971928827,0.1639250224012738,1.1734417302719635,-0.3564998117487344,-2.6928118890249584,20.0,0.11248593925759282,889,272,-0.3018311228471059,46.981688771528944,41.90101237345332,518,76,1.2117968279999713,62.117968279999715,87.06411698537683,116,15,0.09202504797425147,50.92025047974251,52.30596175478065,426,108,-0.3753858348943997,46.246141651056,36.33295838020247,569,102
