overall_rank,pitch_type_rank,pitch_type_batter_side_rank,pitcher_name,pitcher_id,pitcher_team,pitch_type,batter_side,split_pitch_count,pitch_value_pitch_count,pitch_value_20_80,pitch_value_0_100,location_score_20_80,location_score_0_100,average_location_advantage,median_location_advantage,final_pitch_score_raw,final_pitch_score,final_pitch_score_0_100,pitch_value_raw,location_score_raw,pitch_value_xwoba_frontier,pitch_value_overall_rank,pitch_value_pitch_type_rank,split_batted_ball_count,split_terminal_pa_count,split_strikeout_count,split_groundball_count,split_line_drive_count,split_flyball_count,k_pct,groundball_pct,line_drive_pct,flyball_pct,groundball_score_20_80,groundball_score_0_100,groundball_score_rank,groundball_score_pitch_type_rank,strikeout_score_20_80,strikeout_score_0_100,strikeout_score_rank,strikeout_score_pitch_type_rank,line_drive_score_20_80,line_drive_score_0_100,line_drive_score_rank,line_drive_score_pitch_type_rank,flyball_score_20_80,flyball_score_0_100,flyball_score_rank,flyball_score_pitch_type_rank
1,1,1,"Ryan, Dillon",1000132418.0,NEW_ENG23,Slider,R,61,125,79.94323453202402,99.64830011723328,69.16757135658438,95.5631399317406,0.0157368425393686,0.0076721314742594,76.71053557939213,76.71053557939213,100.0,2.611101590690601,0.0157368425393686,0.1443009877171777,4,2,14,15,4,6,3,5,0.26666666666666666,0.42857142857142855,0.21428571428571427,0.35714285714285715,52.59909428689188,63.78519973804846,537,59,54.66901115399353,72.65880812049771,414,80,48.67026533784162,42.403405370006546,868,105,53.55248889025259,65.4551407989522,525,53
2,2,2,"Kirby, Zach",813716.0,WAS_WIL3,Slider,R,126,127,71.71278583614802,97.42086752637748,80.0,99.4311717861206,0.0221981898875535,0.0115244756915222,74.19895008530361,74.19895008530361,99.93451211525868,1.8933922978312987,0.0221981898875535,0.1564443985841416,23,10,42,29,4,11,6,25,0.13793103448275862,0.2619047619047619,0.14285714285714285,0.5952380952380952,42.302131182770566,23.64112639161755,1167,141,45.89302854571652,39.88212180746562,916,139,55.37179885153173,72.59332023575638,393,46,38.513353937362155,12.40995415848068,1338,156
3,3,3,"Bargo, Casey",1000492781.0,NEW_ENG23,Slider,R,29,56,73.56378699062643,98.12426729191093,75.49562614777386,98.1797497155859,0.0193726322798438,0.015194646669263,74.14333873777065,74.14333873777065,99.86902423051735,2.0548027845193584,0.0193726322798438,0.1763853282459857,17,7,8,2,1,3,2,3,0.5,0.375,0.25,0.375,49.289356146281456,49.574328749181404,759,94,70.57547963149563,95.87426326129666,49,7,45.319498580996566,28.127046496398165,1057,125,52.424553768785806,61.55861165684349,574,62
4,1,1,"Grounds, Jackson",805984.0,DOW_EAS1,Curveball,R,43,82,80.0,100.0,57.5749802030068,78.78270762229806,0.0090763085565744,0.0,73.27249406090203,73.27249406090203,99.80353634577604,4.24437413102121,0.0090763085565744,0.1077111762898042,1,1,5,6,2,3,0,2,0.3333333333333333,0.6,0.0,0.4,63.19025633684523,90.34053700065488,141,15,59.21371643327984,83.00589390962672,245,28,68.77486587891195,96.29993451211526,30,5,50.845444598732314,55.10805500982319,668,62
5,4,4,"Moore, Kyle",1000517760.0,SCH_BOO,Slider,R,31,53,71.15217810105709,97.18640093786637,76.4962092128293,98.7485779294653,0.0199475182064775,0.0137556180364696,72.75538743458876,72.75538743458876,99.73804846103471,1.844506338390817,0.0199475182064775,0.1767821328615361,25,11,14,9,1,3,2,9,0.1111111111111111,0.21428571428571427,0.14285714285714285,0.6428571428571429,39.360141724450195,13.621480026195155,1317,157,44.0646988356588,30.648330058939095,1040,149,55.37179885153173,72.59332023575638,394,47,35.505526946784066,6.679764243614931,1424,163
6,1,1,"Grounds, Jackson",805984.0,DOW_EAS1,Four-Seam,R,48,107,74.39112948134549,98.59320046893318,68.4838191920437,94.93742889647326,0.015343992100032,0.0149024398698372,72.61893639455495,72.61893639455495,99.67256057629339,2.1269484737651903,0.015343992100032,0.1585942451493335,13,1,14,15,4,5,3,6,0.26666666666666666,0.35714285714285715,0.21428571428571427,0.42857142857142855,48.186110099411316,46.10347085789129,821,69,54.66901115399353,72.65880812049771,415,41,48.67026533784162,42.403405370006546,869,140,49.04074840438546,47.511460379829735,786,71
7,5,5,"Vecerka, Boris",807828.0,QUE_CAP,Slider,R,53,74,77.5547145555446,99.17936694021104,60.75886205376452,85.72241183162684,0.0109056108224124,0.0,72.51595880501057,72.51595880501057,99.60707269155206,2.402818537525065,0.0109056108224124,0.1289078753900286,8,4,7,11,6,3,0,4,0.5454545454545454,0.42857142857142855,0.0,0.5714285714285714,52.59909428689188,63.78519973804846,543,61,73.67414232191811,97.51146037982973,38,4,68.77486587891195,96.29993451211526,17,10,40.0172674326512,15.520628683693516,1289,152
8,1,1,"Lawson, Nathan",1000569348.0,FLO_Y'A,Changeup,L,40,60,78.2015676146028,99.2966002344666,59.10116582717056,82.48009101251422,0.0099531799202865,0.0,72.47144707837312,72.47144707837312,99.54158480681073,2.459225237664408,0.0099531799202865,0.1657814932619006,7,2,12,8,1,4,0,8,0.125,0.3333333333333333,0.0,0.6666666666666666,46.71511537025113,39.91486574983628,894,83,45.01151243551012,35.59266535690897,968,66,68.77486587891195,96.29993451211526,19,1,34.001613451495025,4.715127701375246,1447,105
9,6,1,"Alpern, Liam",1000137537.0,FLO_Y'A,Slider,L,38,78,76.43277357330227,98.94490035169989,61.53976663782097,87.42889647326507,0.0113542802743514,0.0,71.96487149265788,71.96487149265788,99.47609692206942,2.3049833527436463,0.0113542802743514,0.1128598025444258,10,5,8,7,2,3,1,4,0.2857142857142857,0.375,0.125,0.5,49.289356146281456,49.574328749181404,761,74,55.96749837664676,76.55533726260641,353,61,57.04718222995426,78.42174197773411,310,38,44.52900791851833,29.3713163064833,1053,93
10,2,1,"Zentko, Dylan",1000303828.0,EVA_OTT,Changeup,R,57,67,78.58230334678673,99.41383352872217,56.06890005588554,74.45961319681457,0.0082109888133161,0.0,71.82828235951638,71.82828235951638,99.41060903732809,2.4924260488484844,0.0082109888133161,0.1552084306067454,6,1,11,12,4,7,1,3,0.3333333333333333,0.6363636363636364,0.09090909090909091,0.2727272727272727,65.43686646865352,93.35297969875573,98,9,59.21371643327984,83.00589390962672,247,10,60.245641406942724,86.4112639161755,205,18,58.88454582809556,81.17223313686968,284,30
11,7,6,"Hickey, Matt",806277.0,GAT_GRI,Slider,R,71,86,73.48896949686036,98.00703399765534,67.46956963865894,94.08418657565414,0.0147612540798726,0.0,71.68314953939993,71.68314953939993,99.34512115258677,2.048278570284082,0.0147612540798726,0.1909017168373571,18,8,23,21,2,14,2,7,0.09523809523809523,0.6086956521739131,0.08695652173913043,0.30434782608695654,63.727489194451564,91.22462344466274,135,12,42.98262615011444,24.49246889325475,1149,157,60.61647725355008,87.06614276358874,197,24,56.887253597197855,75.99869024230517,366,32
12,8,7,"Harper, Scott",1000241275.0,NEW_YOR13,Slider,R,166,212,72.5862597808181,97.7725674091442,69.07831306127522,95.50625711035268,0.0156855591031396,0.0,71.53387576495524,71.53387576495524,99.27963326784544,1.9695607292649704,0.0156855591031396,0.1546981717699137,20,9,24,39,17,6,3,15,0.4358974358974359,0.25,0.125,0.625,41.566633818190475,21.31630648330059,1180,143,66.20557070910493,91.97773411918794,123,22,57.04718222995426,78.42174197773411,306,37,36.63346206825085,8.316961362148003,1393,162
13,9,8,"Leduc, Zachary",824497.0,TRO_AIG,Slider,R,46,78,79.18935437455622,99.53106682297772,53.6207562051306,68.03185437997725,0.0068044054967217,-5.551115123125783e-17,71.51877492372853,71.51877492372853,99.21414538310412,2.545361943350598,0.0068044054967217,0.0924072078010409,5,3,6,10,3,2,0,4,0.3,0.3333333333333333,0.0,0.6666666666666666,46.71511537025113,39.91486574983628,905,115,56.94136379363668,78.68369351669942,323,62,68.77486587891195,96.29993451211526,36,13,34.001613451495025,4.715127701375246,1452,170
14,2,2,"Davis, Tyler",824623.0,WIN_CIT29,Four-Seam,R,33,76,74.36971257593137,98.4759671746776,64.6524646674726,91.69510807736064,0.013142683809852,0.0,71.45453820339374,71.45453820339374,99.14865749836281,2.125080882749441,0.013142683809852,0.1110842193519414,14,2,11,10,0,3,0,8,0.0,0.2727272727272727,0.0,0.7272727272727273,42.97076515057065,26.064178127046496,1121,144,36.49019003684828,5.50098231827112,1368,228,68.77486587891195,96.29993451211526,10,4,30.173470008941095,2.357563850687623,1491,243
15,10,2,"Ryan, Dillon",1000132418.0,NEW_ENG23,Slider,L,64,125,79.94323453202402,99.64830011723328,51.28932769334339,60.18202502844141,0.0054648810862173,0.0025017698277807,71.34706248041982,71.34706248041982,99.08316961362148,2.611101590690601,0.0054648810862173,0.1443009877171777,4,2,11,14,6,7,0,4,0.42857142857142855,0.6363636363636364,0.0,0.36363636363636365,65.43686646865352,93.35297969875573,101,10,65.706152546546,91.38834315651604,132,25,68.77486587891195,96.29993451211526,45,5,53.14233066426467,64.07989521938441,546,55
16,2,1,"Morgan, Cooper",692707.0,QUE_CAP,Curveball,L,56,72,80.0,99.76553341148886,50.814646139356334,58.53242320819113,0.0051921523597875,0.0,71.2443938418069,71.2443938418069,99.01768172888016,2.620847918157541,0.0051921523597875,0.1461893289404823,3,2,19,14,5,6,3,10,0.35714285714285715,0.3157894736842105,0.15789473684210525,0.5263157894736842,45.63122451718573,35.72364112639162,981,61,60.83682546159638,85.59266535690897,224,30,53.960949690754866,66.86313032089063,507,27,42.86678773951465,24.49246889325475,1155,65
17,11,3,"Leduc, Zachary",824497.0,TRO_AIG,Slider,L,32,78,79.18935437455622,99.53106682297772,51.97227272060592,62.74175199089876,0.0058572677840833,0.0039060571385567,71.02422987837113,71.02422987837113,98.95219384413883,2.545361943350598,0.0058572677840833,0.0924072078010409,5,3,8,8,4,5,2,1,0.5,0.625,0.25,0.125,64.73480080246343,92.40340537000655,114,12,70.57547963149563,95.87426326129666,61,9,45.319498580996566,28.127046496398165,1083,99,68.21564546932076,96.39816633922725,52,5
18,3,2,"Peyton, Blake",1000017005.0,GAT_GRI,Changeup,R,90,93,77.2913604652777,99.06213364595546,55.5466644008264,73.72013651877133,0.0079109378340771,0.0,70.76795164594232,70.76795164594232,98.88670595939752,2.379853607558152,0.0079109378340771,0.1405559659478402,9,3,19,25,4,13,2,4,0.16,0.6842105263157895,0.10526315789473684,0.21052631578947367,68.39293243155916,95.71054354944334,66,5,47.39748270713543,46.79109364767518,814,49,58.89892175347389,83.66077275703995,249,25,62.813429887558804,90.11132940406024,151,12
19,4,2,"Escobar, Anthony",678673.0,TRO_AIG,Changeup,L,142,147,72.71328661492277,97.88980070339976,64.97158811226473,92.20705346985211,0.0133260364805867,0.0051940578295236,70.39077706412536,70.39077706412536,98.82121807465619,1.980637687842588,0.0133260364805867,0.1558317238375558,19,5,36,37,10,15,3,18,0.2702702702702703,0.4166666666666667,0.08333333333333333,0.5,51.863596922311785,60.28159790438769,598,65,54.91467089881982,73.28094302554028,409,23,60.956410112940155,87.59004584151931,186,12,44.52900791851833,29.3713163064833,1045,88
20,12,4,"Carroll, Jake",1000088275.0,JOL_SLA,Slider,L,50,68,80.0,99.88276670574444,47.81571737938351,46.64391353811149,0.0034691150635388,0.0,70.34471521381505,70.34471521381505,98.75573018991487,3.035478567952262,0.0034691150635388,0.1897872429834163,2,1,7,8,1,1,2,4,0.125,0.14285714285714285,0.2857142857142857,0.5714285714285714,34.94715753696963,4.191224623444663,1464,137,45.01151243551012,35.59266535690897,990,122,41.96873182415151,19.05697445972495,1243,117,40.0172674326512,15.520628683693516,1296,122
21,13,9,"Nakata, Yuto",1000432352.0,QUE_CAP,Slider,R,89,97,70.4795684913184,96.83470105509964,68.29685510265449,94.65301478953356,0.0152365717093323,0.0016478769594779,69.82475447471923,69.82475447471923,98.69024230517354,1.785853622698924,0.0152365717093323,0.1554253013432186,28,12,21,22,6,10,3,8,0.2727272727272727,0.47619047619047616,0.14285714285714285,0.38095238095238093,55.541083745212255,73.0844793713163,411,41,55.082166179383194,74.03405370006548,388,74,55.37179885153173,72.59332023575638,397,50,52.04857539496355,60.216110019646365,606,67
22,3,2,"Grounds, Jackson",805984.0,DOW_EAS1,Curveball,L,39,82,80.0,100.0,45.225970253845695,35.0967007963595,0.0019811734542839,0.0,69.56779107615371,69.56779107615371,98.62475442043221,4.24437413102121,0.0019811734542839,0.1077111762898042,1,1,5,11,5,2,0,3,0.45454545454545453,0.4,0.0,0.6,50.83390061189966,55.664702030124424,682,46,67.47681694107314,93.68041912246234,97,16,68.77486587891195,96.29993451211526,69,3,38.21257123830435,11.42763588736084,1357,70
23,5,3,"Serrano, Elio",665939.0,NEW_JER6,Changeup,L,56,63,75.9237283049267,98.82766705744432,54.24678789814128,70.02275312855518,0.0071640925856877,0.0,69.42064618289106,69.42064618289106,98.5592665356909,2.2605937291521307,0.0071640925856877,0.1478187416827147,11,4,15,14,3,6,2,7,0.21428571428571427,0.4,0.13333333333333333,0.4666666666666667,50.83390061189966,55.664702030124424,665,74,51.09817129169714,61.62409954158481,585,40,56.26533665335708,75.8022265880812,370,33,46.63448681192299,37.6882776686313,951,81
24,3,1,"Grounds, Jackson",805984.0,DOW_EAS1,Four-Seam,L,59,107,74.39112948134549,98.59320046893318,56.1600042942325,74.80091012514221,0.0082633328378269,0.0006114778933871,68.92179192521158,68.92179192521158,98.49377865094957,2.1269484737651903,0.0082633328378269,0.1585942451493335,13,1,13,8,1,1,2,10,0.125,0.07692307692307693,0.15384615384615385,0.7692307692307693,30.87363367160296,1.14603798297315,1510,243,45.01151243551012,35.59266535690897,970,137,54.34079369557941,68.3366077275704,483,54,27.523216856403756,0.8840864440078585,1515,243
25,4,3,"Cameron, Zach",1000084075.0,WIN_CIT29,Four-Seam,R,63,115,71.70087809076632,97.30363423212192,62.436380500294185,89.02161547212741,0.0118694305993591,0.0161560852099848,68.92152881362468,68.92152881362468,98.42829076620825,1.892353921937925,0.0118694305993591,0.2011182470575299,24,4,20,14,5,6,2,12,0.35714285714285715,0.3,0.1,0.6,44.655722749426864,31.761624099541585,1038,123,60.83682546159638,85.59266535690897,219,22,59.39271895974579,84.67583497053045,226,26,38.21257123830435,11.42763588736084,1343,206
26,5,4,"Debban, Caleb",1000551056.0,NEW_JER6,Four-Seam,R,37,57,73.78564167426566,98.35873388042204,56.12422142468911,74.63026166097838,0.0082427737569934,0.0,68.4872155993927,68.4872155993927,98.36280288146693,2.0741488947978937,0.0082427737569934,0.1744814039253698,15,3,8,8,0,3,1,4,0.0,0.375,0.125,0.5,49.289356146281456,49.574328749181404,763,60,36.49019003684828,5.50098231827112,1393,236,57.04718222995426,78.42174197773411,319,42,44.52900791851833,29.3713163064833,1068,133
27,14,10,"Donnan, Blake",1000557509.0,FLO_Y'A,Slider,R,52,65,70.0517302379688,96.6002344665885,63.76251702711888,90.89874857792948,0.0126313635689364,0.0,68.16496627471382,68.16496627471382,98.2973149967256,1.7485453905944504,0.0126313635689364,0.1859551451214334,30,14,10,15,7,3,2,5,0.4666666666666667,0.3,0.2,0.5,44.655722749426864,31.761624099541585,1037,129,68.30312699185247,94.30255402750491,87,15,50.010572040579646,48.16633922724296,769,97,44.52900791851833,29.3713163064833,1048,127
28,15,5,"McEvoy, Aidan",1000079355.0,FLO_Y'A,Slider,L,69,107,70.46210453319303,96.71746776084407,61.98795669327141,88.28213879408419,0.0116117882857641,0.0023861547913532,67.91986018121654,67.91986018121654,98.23182711198429,1.784330735490725,0.0116117882857641,0.1566540825925194,29,13,15,22,8,5,2,8,0.36363636363636365,0.3333333333333333,0.13333333333333333,0.5333333333333333,46.71511537025113,39.91486574983628,888,84,61.279491560228166,86.18205631958088,210,38,56.26533665335708,75.8022265880812,367,47,42.423529025113666,22.593320235756384,1182,109
29,16,6,"Jones, Logan",814785.0,TRI_VAL,Slider,L,33,65,74.72792124646458,98.71043376318876,51.16023091416872,59.78384527872582,0.0053907084121904,0.0,67.65761414677581,67.65761414677581,98.16633922724296,2.1563172953830896,0.0053907084121904,0.1913927900918166,12,6,10,7,3,4,3,3,0.42857142857142855,0.4,0.3,0.3,50.83390061189966,55.664702030124424,669,63,65.706152546546,91.38834315651604,133,26,40.62842512141349,15.553372626064178,1289,119,57.1618812789463,76.85003274394238,347,35
30,17,11,"Vega, Lucas",837223.0,TRO_AIG,Slider,R,94,134,66.74684995172252,94.84173505275498,68.07835537687185,94.4254835039818,0.0151110324895387,0.0008239384797389,67.14630157926732,67.14630157926732,98.10085134250164,1.460354141141069,0.0151110324895387,0.1558076985646023,45,16,27,26,5,6,5,16,0.19230769230769232,0.2222222222222222,0.18518518518518517,0.5925925925925926,39.850473300836924,15.160445317616242,1283,155,49.59991680402034,56.12311722331369,669,117,51.40051973230796,54.616895874263264,691,85,38.68045543683872,12.802881466928618,1332,155
31,18,12,"Barraza, Chris",696511.0,MIS_MUD,Slider,R,34,57,63.40639219714927,90.85580304806564,75.83323065142437,98.23663253697384,0.0195666032600603,0.0137617933009921,67.1344437334318,67.1344437334318,98.03536345776031,1.169060475212207,0.0195666032600603,0.1940593435236692,79,23,14,9,4,6,2,6,0.4444444444444444,0.42857142857142855,0.14285714285714285,0.42857142857142855,52.59909428689188,63.78519973804846,535,57,66.78822523209035,92.63261296660119,106,19,55.37179885153173,72.59332023575638,396,49,49.04074840438546,47.511460379829735,785,91
32,6,4,"Rodriguez, Joe Joe",689487.0,NEW_JER6,Changeup,L,92,125,70.56022254384638,96.9519343493552,58.13735189315685,79.97724687144482,0.0093994197319435,0.0001868174638514,66.83336134863951,66.83336134863951,97.969875573019,1.792886794904359,0.0093994197319435,0.1545583503899028,27,6,17,20,7,8,1,8,0.35,0.47058823529411764,0.058823529411764705,0.47058823529411764,55.194967338351034,72.52783235101506,416,45,60.34989275310142,85.0687622789784,229,7,63.255955926461276,91.15913555992141,135,10,46.38678341269891,36.313032089063526,970,85
33,19,13,"O'Hanlon, Michael",1000061333.0,WAS_WIL3,Slider,R,51,63,61.86482941978518,89.09730363423212,78.22650704818042,99.032992036405,0.0209416624301487,0.0016478769594779,66.77333270830376,66.77333270830376,97.90438768827767,1.0346335476262802,0.0209416624301487,0.2422733042347601,94,29,15,17,4,6,4,5,0.23529411764705882,0.4,0.26666666666666666,0.3333333333333333,50.83390061189966,55.664702030124424,655,75,52.53032631668233,66.50294695481335,509,96,43.75580742780221,23.18271119842829,1167,133,55.05640238554163,70.43222003929273,416,40
34,7,3,"Smith, Ben",814168.0,NEW_ENG23,Changeup,R,43,56,67.56374588806797,95.1934349355217,64.59700089355964,91.58134243458476,0.0131108170471872,0.0082000932825311,66.67372238971546,66.67372238971546,97.83889980353635,1.5315888728644915,0.0131108170471872,0.1518182029333998,42,9,13,9,0,7,0,6,0.0,0.5384615384615384,0.0,0.46153846153846156,59.38830072916967,83.9554682383759,242,21,36.49019003684828,5.50098231827112,1369,78,68.77486587891195,96.29993451211526,11,1,46.958406641677556,38.867059593975114,928,67
35,20,7,"Harper, Scott",1000241275.0,NEW_YOR13,Slider,L,46,212,72.5862597808181,97.7725674091442,51.98088712113706,62.85551763367463,0.0058622171958859,0.003866400091173,66.40464798291379,66.40464798291379,97.77341191879503,1.9695607292649704,0.0058622171958859,0.1546981717699137,20,9,9,14,7,2,0,7,0.5,0.2222222222222222,0.0,0.7777777777777778,39.850473300836924,15.160445317616242,1291,125,70.57547963149563,95.87426326129666,60,8,68.77486587891195,96.29993451211526,41,2,26.98335047347949,0.7531106745252129,1516,145
36,6,2,"Davis, Tyler",824623.0,WIN_CIT29,Four-Seam,L,43,76,74.36971257593137,98.4759671746776,47.36413114989452,45.22184300341297,0.0032096557771872,0.0,66.26803814812031,66.26803814812031,97.70792403405369,2.125080882749441,0.0032096557771872,0.1110842193519414,14,2,8,11,4,3,0,5,0.36363636363636365,0.375,0.0,0.625,49.289356146281456,49.574328749181404,767,66,61.279491560228166,86.18205631958088,213,12,68.77486587891195,96.29993451211526,58,6,36.63346206825085,8.316961362148003,1401,220
37,1,1,"Glickstein, Aaron",1000292360.0,SCH_BOO,Sinker,R,72,101,68.34942828332473,95.77960140679951,61.27321184358503,86.57565415244596,0.0112011309704757,0.0172736205241093,66.22656335140282,66.22656335140282,97.64243614931237,1.6001017300789804,0.0112011309704757,0.1804509028801893,37,3,22,18,1,8,3,11,0.05555555555555555,0.36363636363636365,0.13636363636363635,0.5,48.58729048009137,47.2822527832351,801,91,40.277444436253546,14.505566470203012,1302,89,55.98102917095811,75.18009168303864,379,38,44.52900791851833,29.3713163064833,1056,111
38,1,1,"Lockhart, Gauge",840803.0,LAK_ERI24,Cutter,R,59,95,72.51081307489314,97.65533411488865,51.18248906765463,59.89761092150171,0.0054034968548882,0.0050033626793632,66.11231587272158,66.11231587272158,97.57694826457104,1.9629816466464132,0.0054034968548882,0.1603626455131364,21,1,19,17,4,8,1,10,0.23529411764705882,0.42105263157894735,0.05263157894736842,0.5263157894736842,52.13456963557814,61.55861165684349,587,15,52.53032631668233,66.50294695481335,515,10,63.83689381619293,91.58480681074002,128,4,42.86678773951465,24.49246889325475,1154,26
39,21,14,"Perozzi, John",1000377762.0,SUS_COU1,Slider,R,63,126,64.1365647506352,91.91090269636577,70.05894615438568,96.07508532423208,0.0162489827549173,0.0089228745982933,65.91327917176034,65.91327917176034,97.51146037982973,1.23273277867851,0.0162489827549173,0.1789263044250578,70,20,14,18,9,5,4,5,0.5,0.35714285714285715,0.2857142857142857,0.35714285714285715,48.186110099411316,46.10347085789129,820,100,70.57547963149563,95.87426326129666,52,10,41.96873182415151,19.05697445972495,1226,143,53.55248889025259,65.4551407989522,524,52
40,22,15,"Jones, Logan",1000577428.0,FLO_Y'A,Slider,R,33,51,68.49735315896973,95.8968347010551,59.06520978590412,82.25255972696246,0.0099325213434792,0.0,65.66771014705004,65.66771014705004,97.44597249508841,1.6130010338494638,0.0099325213434792,0.1792633697587561,36,15,5,8,4,3,2,0,0.5,0.6,0.4,0.0,63.19025633684523,90.34053700065488,138,13,70.57547963149563,95.87426326129666,56,13,31.246278202247336,3.9292730844793713,1460,171,76.11119131958824,98.91944990176817,2,2
41,23,16,"Jones, Logan",814785.0,TRI_VAL,Slider,R,32,65,74.72792124646458,98.71043376318876,44.512107917634,31.91126279863481,0.0015710231879297,0.0,65.6631772478154,65.6631772478154,97.38048461034708,2.1563172953830896,0.0015710231879297,0.1913927900918166,12,6,7,5,0,3,1,3,0.0,0.42857142857142855,0.14285714285714285,0.42857142857142855,52.59909428689188,63.78519973804846,563,66,36.49019003684828,5.50098231827112,1470,173,55.37179885153173,72.59332023575638,435,57,49.04074840438546,47.511460379829735,807,94
42,24,17,"Petschke, Ben",814386.0,EVA_OTT,Slider,R,86,144,64.63971110759583,92.37983587338805,67.71865870792567,94.1410693970421,0.0149043684352928,0.0081250410552042,65.56339538769478,65.56339538769478,97.31499672560577,1.2766080070411985,0.0149043684352928,0.1857320723468947,66,19,26,22,4,12,4,10,0.18181818181818182,0.46153846153846156,0.15384615384615385,0.38461538461538464,54.63585621957522,70.6286836935167,442,45,48.88484079853823,53.208906352324824,701,121,54.34079369557941,68.3366077275704,477,63,51.817204087996004,59.13555992141454,618,71
43,7,5,"Mercado, Nelson",683319.0,OTT_TIT,Four-Seam,R,42,81,60.78683932233832,87.22157092614302,76.42844550612008,98.63481228668942,0.019908584506034,0.0177392828111233,65.47932117747284,65.47932117747284,97.24950884086444,0.940630955649056,0.019908584506034,0.1694488963297452,110,15,17,11,1,2,5,10,0.09090909090909091,0.11764705882352941,0.29411764705882354,0.5882352941176471,33.38963370609414,2.357563850687623,1491,243,42.687515417693255,23.346430910281597,1163,189,41.18031611665856,17.026850032743944,1262,210,38.95568143597658,13.195808775376555,1325,198
44,25,18,"Morin, Jacob",822351.0,QUE_CAP,Slider,R,60,85,65.80604187707974,93.90386869871044,64.27895895833251,91.12627986348124,0.0129280857587745,0.0008239384797389,65.34791700145557,65.34791700145557,97.18402095612312,1.3783140576755673,0.0129280857587745,0.2073383547798558,53,18,14,16,5,5,1,8,0.3125,0.35714285714285715,0.07142857142857142,0.5714285714285714,48.186110099411316,46.10347085789129,822,101,57.79349603350287,80.55009823182712,296,57,62.073332365221844,89.9803536345776,149,17,40.0172674326512,15.520628683693516,1285,150
45,26,19,"Alpern, Liam",1000137537.0,FLO_Y'A,Slider,R,40,78,76.43277357330227,98.94490035169989,38.27064852317904,8.70307167235495,-0.0020150130871585,-1.1102230246251563e-16,64.9841360582653,64.9841360582653,97.11853307138179,2.3049833527436463,-0.0020150130871585,0.1128598025444258,10,5,8,7,3,4,0,4,0.42857142857142855,0.5,0.0,0.5,57.012078474372444,77.60314341846758,385,36,65.706152546546,91.38834315651604,138,27,68.77486587891195,96.29993451211526,101,15,44.52900791851833,29.3713163064833,1119,133
46,27,8,"Balzan, Jackson",827496.0,SUS_COU1,Slider,L,75,91,66.45596967488785,94.49003516998827,61.39434139474895,87.14448236632538,0.0112707260662709,0.0060664649529227,64.93748119084619,64.93748119084619,97.05304518664047,1.4349888803262678,0.0112707260662709,0.1869705176071437,48,17,24,25,5,11,2,11,0.2,0.4583333333333333,0.08333333333333333,0.4583333333333333,54.437837698342115,69.9410609037328,460,51,50.12430587470722,58.08775376555337,623,95,60.956410112940155,87.59004584151931,187,26,47.160856535274156,39.8166339227243,920,89
47,2,2,"Still, Stephen",1000338771.0,TRI_VAL,Sinker,R,50,61,69.48043486099148,96.2485345838218,53.81723013032892,68.71444823663253,0.0069172897723922,0.0056696014513591,64.78147344179271,64.78147344179271,96.98755730189916,1.698727450385476,0.0069172897723922,0.2118193437258537,33,2,13,9,3,3,1,9,0.3333333333333333,0.23076923076923078,0.07692307692307693,0.6923076923076923,40.37852269079186,17.25605762933857,1265,120,59.21371643327984,83.00589390962672,251,5,61.55782978724568,88.73608382449247,171,19,32.38201430272221,3.3398821218074657,1477,128
48,1,1,"Garcia, Hector",815312.0,WAS_WIL3,Splitter,L,59,62,73.64951523919962,98.24150058616648,43.88700887264125,28.83959044368601,0.0012118719527461,0.0,64.7207633292321,64.7207633292321,96.92206941715783,2.062278435353845,0.0012118719527461,0.1849352056755991,16,1,13,15,6,6,2,5,0.4,0.46153846153846156,0.15384615384615385,0.38461538461538464,54.63585621957522,70.6286836935167,453,8,63.758421712566154,89.19449901768172,171,8,54.34079369557941,68.3366077275704,493,9,51.817204087996004,59.13555992141454,632,8
49,28,20,"Vail, Tyler",592821.0,NEW_YOR13,Slider,R,147,197,62.935802159093264,90.03516998827668,68.4421338482785,94.8236632536974,0.0153200417471683,0.0016478769594779,64.58770166584883,64.58770166584883,96.85658153241651,1.1280242138952454,0.0153200417471683,0.2368036684007533,86,25,15,14,5,5,5,5,0.35714285714285715,0.3333333333333333,0.3333333333333333,0.3333333333333333,46.71511537025113,39.91486574983628,886,112,60.83682546159638,85.59266535690897,218,46,37.501042815024775,10.31434184675835,1343,159,55.05640238554163,70.43222003929273,419,43
50,8,4,"Rodriguez, Joe Joe",689487.0,NEW_JER6,Changeup,R,33,125,70.56022254384638,96.9519343493552,49.98091036337844,55.972696245733786,0.004713128697605,0.0,64.386428889706,64.386428889706,96.79109364767517,1.792886794904359,0.004713128697605,0.1545583503899028,27,6,2,6,2,1,0,1,0.3333333333333333,0.5,0.0,0.5,57.012078474372444,77.60314341846758,337,36,59.21371643327984,83.00589390962672,258,11,68.77486587891195,96.29993451211526,48,4,44.52900791851833,29.3713163064833,1081,74
51,4,3,"Bohnert, Matthew",810066.0,WIN_CIT29,Curveball,L,46,97,71.86855474155419,97.53810082063306,46.65579116183021,41.80887372013652,0.0028026783810751,0.0,64.304725667637,64.304725667637,96.72560576293385,1.9069756144984145,0.0028026783810751,0.1430305732834293,22,3,6,8,4,2,0,4,0.5,0.3333333333333333,0.0,0.6666666666666666,46.71511537025113,39.91486574983628,920,58,70.57547963149563,95.87426326129666,69,12,68.77486587891195,96.29993451211526,63,2,34.001613451495025,4.715127701375246,1459,74
52,8,6,"Grounds, Jackson",805984.0,TRO_AIG,Four-Seam,R,35,62,67.915393702961,95.5451348182884,55.3667596386179,73.49260523321956,0.0078075733863465,0.0,64.15080348365807,64.15080348365807,96.66011787819254,1.5622531675935083,0.0078075733863465,0.1475285901908606,39,5,7,8,1,1,1,5,0.125,0.14285714285714285,0.14285714285714285,0.7142857142857143,34.94715753696963,4.191224623444663,1462,236,45.01151243551012,35.59266535690897,973,154,55.37179885153173,72.59332023575638,412,61,30.99378646091694,2.75049115913556,1485,240
53,29,21,"Vailes, Gage",1000050773.0,GAT_GRI,Slider,R,220,316,57.51631523554578,79.60140679953108,79.46746581960254,99.26052332195675,0.0216546564414792,0.015194646669263,64.1016604107628,64.1016604107628,96.5946299934512,0.6554356259233101,0.0216546564414792,0.2117146783006398,175,59,55,58,24,14,12,29,0.41379310344827586,0.2545454545454545,0.21818181818181817,0.5272727272727272,41.84746008466651,22.85527177472168,1179,142,64.69870556345298,90.34053700065488,148,32,48.3047271461858,40.56974459724951,908,110,42.80634336936907,24.29600523903078,1157,135
54,30,22,"Garcia, Hector",815312.0,WAS_WIL3,Slider,R,36,56,57.23552485630736,78.66354044548652,80.0,100.0,0.0270106236398894,0.0211936616090384,64.06486739941515,64.06486739941515,96.52914210870989,0.6309502215460401,0.0270106236398894,0.2301051017943723,183,64,7,7,3,4,0,3,0.42857142857142855,0.5714285714285714,0.0,0.42857142857142855,61.425062661853005,87.3608382449247,185,18,65.706152546546,91.38834315651604,126,24,68.77486587891195,96.29993451211526,1,1,49.04074840438546,47.511460379829735,784,90
55,31,23,"Allemann, Braeden",1000367619.0,QUE_CAP,Slider,R,65,71,58.2852898341419,81.24267291910903,76.9496795442682,98.91922639362912,0.0202080600053492,0.0076721314742594,63.88460674717979,63.88460674717979,96.46365422396856,0.7224915345108608,0.0202080600053492,0.2217192570565245,161,53,12,12,5,6,2,4,0.4166666666666667,0.5,0.16666666666666666,0.3333333333333333,57.012078474372444,77.60314341846758,292,28,64.89459803238773,90.56974459724951,143,30,53.137954346968364,63.0648330058939,534,70,55.05640238554163,70.43222003929273,417,41
56,9,5,"Harris, Everette",810834.0,TRI_VAL,Changeup,L,56,96,69.69744240888184,96.36576787807736,49.95908330577728,55.8589306029579,0.0047005879414469,0.0,63.77593467795047,63.77593467795047,96.39816633922725,1.7176508820836247,0.0047005879414469,0.1684197846090292,32,7,20,19,0,10,4,6,0.0,0.5,0.2,0.3,57.012078474372444,77.60314341846758,338,38,36.49019003684828,5.50098231827112,1425,99,50.010572040579646,48.16633922724296,793,66,57.1618812789463,76.85003274394238,348,36
57,3,3,"Riedel, Caleb",1000120428.0,SCH_BOO,Sinker,R,44,77,70.0195758877171,96.48300117233292,48.70384860763478,50.91012514220705,0.0039793916831988,0.0056696014513591,63.6248577036924,63.6248577036924,96.33267845448592,1.745741475907143,0.0039793916831988,0.1409547380623722,31,1,12,10,3,3,0,9,0.3,0.25,0.0,0.75,41.566633818190475,21.31630648330059,1201,115,56.94136379363668,78.68369351669942,328,9,68.77486587891195,96.29993451211526,51,4,28.737916217983376,1.4734774066797642,1506,130
58,9,3,"Wehrle, Tyler",806332.0,WIN_CIT29,Four-Seam,L,80,236,59.77009636157152,86.04923798358733,72.53258716040813,97.44027303754264,0.0176702154856827,0.0229297009025782,63.5988436012225,63.5988436012225,96.2671905697446,0.8519692194113633,0.0176702154856827,0.189240491818273,120,18,17,16,9,2,5,10,0.5625,0.11764705882352941,0.29411764705882354,0.5882352941176471,33.38963370609414,2.357563850687623,1492,238,74.83614083082654,98.00261951538965,31,2,41.18031611665856,17.026850032743944,1263,205,38.95568143597658,13.195808775376555,1326,201
59,32,24,"Dill, Austin",1000429156.0,TRI_VAL,Slider,R,62,72,61.05172950475958,87.6905041031653,69.4598096386241,95.62002275312857,0.0159047483149465,0.0,63.57415354491893,63.57415354491893,96.20170268500328,0.963729835495812,0.0159047483149465,0.2292955187540987,106,33,17,16,4,5,4,8,0.25,0.29411764705882354,0.23529411764705882,0.47058823529411764,44.29230052222259,30.12442698100851,1062,132,53.53283483417195,69.25343811394892,446,84,46.69922606910924,33.49705304518664,1009,120,46.38678341269891,36.313032089063526,966,115
60,33,25,"Hagan, Jack",699522.0,DOW_EAS1,Slider,R,129,210,57.903276438091694,80.30480656506448,76.67237839664779,98.8623435722412,0.0200487363741847,0.0137556180364696,63.53400702565852,63.53400702565852,96.13621480026195,0.68917930883848,0.0200487363741847,0.2282091850755779,169,56,28,33,8,10,7,11,0.24242424242424243,0.35714285714285715,0.25,0.39285714285714285,48.186110099411316,46.10347085789129,818,98,53.01639105243487,67.51800916830386,497,91,45.319498580996566,28.127046496398165,1056,124,51.29661864731902,57.36738703339882,651,75
61,10,6,"Parsons, Billy",698892.0,SUS_COU1,Changeup,L,43,61,68.54684436604794,96.01406799531068,51.79519615253936,62.17292377701934,0.005755528277916,0.000162641959301,63.52134990199536,63.52134990199536,96.07072691552064,1.6173167522929366,0.005755528277916,0.2344564391158899,35,8,12,12,4,9,1,2,0.3333333333333333,0.75,0.08333333333333333,0.16666666666666666,72.4575231305544,97.60969220694172,34,2,59.21371643327984,83.00589390962672,255,10,60.956410112940155,87.59004584151931,192,14,65.58379685256494,93.77865094957433,91,7
62,34,26,"Leak, Anthony",1000264276.0,NEW_YOR13,Slider,R,166,260,57.96181282221241,80.53927315357562,76.47736359911973,98.69169510807735,0.0199366904416684,0.0142502892440536,63.51647805528461,63.51647805528461,96.00523903077931,0.6942837822889819,0.0199366904416684,0.1874433901733673,167,55,35,30,10,13,10,12,0.3333333333333333,0.37142857142857144,0.2857142857142857,0.34285714285714286,49.06870693690743,48.52652259332024,787,96,59.21371643327984,83.00589390962672,236,48,41.96873182415151,19.05697445972495,1225,142,54.45483698742601,67.4852652259332,497,50
63,5,2,"Garcia, Brett",702286.0,OTT_TIT,Curveball,R,67,115,67.36653576910092,95.07620164126612,54.43388841326921,70.76222980659841,0.0072715913599219,0.0,63.4867415623514,63.4867415623514,95.93975114603799,1.5143918110445869,0.0072715913599219,0.1749822324211604,43,6,14,14,5,7,1,6,0.35714285714285715,0.5,0.07142857142857142,0.42857142857142855,57.012078474372444,77.60314341846758,323,38,60.83682546159638,85.59266535690897,221,27,62.073332365221844,89.9803536345776,154,13,49.04074840438546,47.511460379829735,794,67
64,35,27,"Nova, Fraynel",805843.0,LAK_ERI24,Slider,R,145,304,56.77874841047126,77.49120750293083,79.13463968764574,99.14675767918088,0.0214634308791444,0.0186007120036909,63.485515793623605,63.485515793623605,95.87426326129666,0.5911185292471643,0.0214634308791444,0.2228613187890127,193,68,28,29,11,11,3,14,0.3793103448275862,0.39285714285714285,0.10714285714285714,0.5,50.392602193151596,53.765553372626066,706,84,62.34799593623592,87.65553372626064,189,40,58.72256560837678,83.33333333333334,255,31,44.52900791851833,29.3713163064833,1034,121
65,6,3,"Hohenstein, Liam",1000116556.0,WIN_CIT29,Curveball,R,58,103,65.23223904231051,93.08323563892144,59.26912473197076,83.04891922639362,0.0100496808645805,0.0006685473936813,63.44330474920858,63.44330474920858,95.80877537655533,1.3282774628312015,0.0100496808645805,0.1684953146381509,60,13,11,8,0,2,2,7,0.0,0.18181818181818182,0.18181818181818182,0.6363636363636364,37.35423982104994,8.284217419777342,1399,82,36.49019003684828,5.50098231827112,1380,81,51.71641693497349,55.95939751146039,662,43,35.915685172771994,7.039947609692207,1420,83
66,36,28,"Villers, Ian",677351.0,QUE_CAP,Slider,R,52,66,59.62983210481745,85.69753810082064,72.32858389411878,97.38339021615472,0.0175530052201156,0.0034406039099376,63.439457641607845,63.439457641607845,95.74328749181402,0.8397379347939363,0.0175530052201156,0.2409128112584148,123,38,6,10,4,1,0,5,0.4,0.16666666666666666,0.0,0.8333333333333334,36.418152266129816,6.221349050425671,1422,165,63.758421712566154,89.19449901768172,157,34,68.77486587891195,96.29993451211526,5,4,23.47421898447172,0.29469548133595286,1523,177
67,11,7,"Maietta, Dante",1000137704.0,WIN_CIT29,Changeup,L,150,259,63.320980346428506,90.62133645955451,63.6641438437883,90.72810011376563,0.0125748431653537,0.0042423647009372,63.42392939563644,63.42392939563644,95.67779960707269,1.1616124148150475,0.0125748431653537,0.1856790838494793,81,17,29,37,12,9,5,15,0.32432432432432434,0.3103448275862069,0.1724137931034483,0.5172413793103449,45.29484459726888,34.446627373935826,1001,90,58.599567071214125,81.27046496398165,287,12,52.59875050103927,60.37982973149967,602,51,43.439967111584885,25.67125081859856,1134,94
68,7,4,"Heredia-Bustos, Rolando",837343.0,DOW_EAS1,Curveball,R,40,75,66.3068159383901,94.13833528722158,56.27183741032668,75.25597269624573,0.0083275866582436,0.0,63.29632237997107,63.29632237997107,95.61231172233137,1.421982417774261,0.0083275866582436,0.1774029820240336,51,10,8,6,0,4,1,3,0.0,0.5,0.125,0.375,57.012078474372444,77.60314341846758,315,36,36.49019003684828,5.50098231827112,1392,83,57.04718222995426,78.42174197773411,318,21,52.424553768785806,61.55861165684349,580,58
69,8,5,"Townes, Holland",830218.0,SCH_BOO,Curveball,R,56,82,68.71239031909197,96.13130128956624,50.65135391069216,58.07736063708761,0.0050983326585891,0.0,63.294079396572016,63.294079396572016,95.54682383759004,1.6317526443427202,0.0050983326585891,0.1894943348334304,34,4,7,13,8,4,1,2,0.6153846153846154,0.5714285714285714,0.14285714285714285,0.2857142857142857,61.425062661853005,87.3608382449247,187,22,78.44131569179885,99.05042567125082,15,2,55.37179885153173,72.59332023575638,420,25,58.06422937611972,79.56777996070727,307,36
70,37,29,"Martinez, Mason",809209.0,TRI_VAL,Slider,R,89,132,59.68072909944309,85.8147713950762,71.70558925306125,96.98521046643911,0.0171950630721618,0.0,63.28818714552854,63.28818714552854,95.48133595284872,0.8441762403312429,0.0171950630721618,0.2127910230514686,122,37,23,19,2,10,4,9,0.10526315789473684,0.43478260869565216,0.17391304347826086,0.391304347826087,52.98283204232497,65.35690897184021,529,55,43.66604047782667,28.454485920104784,1087,154,52.45808862818821,59.82318271119843,613,80,51.394699962229176,57.59659462999345,647,74
71,38,9,"Bargo, Casey",1000492781.0,NEW_ENG23,Slider,L,27,56,73.56378699062643,98.12426729191093,39.249166591627,11.205915813424346,-0.0014528046247593,0.0,63.269400870926596,63.269400870926596,95.4158480681074,2.0548027845193584,-0.0014528046247593,0.1763853282459857,17,7,8,8,3,7,0,1,0.375,0.875,0.0,0.125,80.0,99.44335297969874,9,2,62.05415723283379,87.06614276358874,204,36,68.77486587891195,96.29993451211526,97,14,68.21564546932076,96.39816633922725,61,6
72,9,6,"Jones, Breyln",690202.0,NEW_JER6,Curveball,R,33,54,67.95340806796628,95.66236811254396,52.223608312964615,63.42434584755405,0.0060016728814264,0.0,63.234468141465776,63.234468141465776,95.35036018336608,1.5655680856538214,0.0060016728814264,0.1863024939730786,38,5,6,9,2,3,0,3,0.2222222222222222,0.5,0.0,0.5,57.012078474372444,77.60314341846758,328,39,51.63920763446932,63.42501637197119,556,48,68.77486587891195,96.29993451211526,39,6,44.52900791851833,29.3713163064833,1077,77
73,4,1,"Riedel, Caleb",1000120428.0,SCH_BOO,Sinker,L,33,77,70.0195758877171,96.48300117233292,46.6197841122014,41.69510807736064,0.002781990497366,0.0007313089878117,62.99963835506239,62.99963835506239,95.28487229862476,1.745741475907143,0.002781990497366,0.1409547380623722,31,1,10,8,2,4,3,3,0.25,0.4,0.3,0.3,50.83390061189966,55.664702030124424,679,66,53.53283483417195,69.25343811394892,472,16,40.62842512141349,15.553372626064178,1292,109,57.1618812789463,76.85003274394238,353,39
74,10,7,"Bohnert, Matthew",810066.0,WIN_CIT29,Curveball,R,51,97,71.86855474155419,97.53810082063306,42.21690868283184,20.932878270762227,0.0002523143420678,0.0,62.97306092393748,62.97306092393748,95.21938441388343,1.9069756144984145,0.0002523143420678,0.1430305732834293,22,3,6,11,5,5,0,1,0.45454545454545453,0.8333333333333334,0.0,0.16666666666666666,77.60600468261507,98.98493778650949,17,2,67.47681694107314,93.68041912246234,98,12,68.77486587891195,96.29993451211526,86,9,65.58379685256494,93.77865094957433,99,10
75,2,1,"Webster, Evan",804248.0,FLO_Y'A,Cutter,L,95,133,71.0624512098442,97.06916764361078,43.80878213518008,28.38452787258248,0.0011669267082946,0.0,62.88635048744496,62.88635048744496,95.15389652914212,1.836681999035523,0.0011669267082946,0.1658046550991595,26,2,21,19,4,12,0,9,0.21052631578947367,0.5714285714285714,0.0,0.42857142857142855,61.425062661853005,87.3608382449247,194,4,50.841890918805056,60.90373280943025,600,8,68.77486587891195,96.29993451211526,73,1,49.04074840438546,47.511460379829735,808,21
76,5,4,"Colon, Jeffrey",681738.0,TRO_AIG,Sinker,R,26,56,64.87081777056964,92.84876905041033,58.182910763470616,80.2047781569966,0.0094255956230728,0.0023789590134125,62.864445668439934,62.864445668439934,95.08840864440079,1.2967609058425869,0.0094255956230728,0.1697035888032866,62,4,10,7,1,6,0,4,0.14285714285714285,0.6,0.0,0.4,63.19025633684523,90.34053700065488,140,23,46.228844206747524,41.87950229207596,871,39,68.77486587891195,96.29993451211526,23,2,50.845444598732314,55.10805500982319,667,83
77,10,7,"Gregory, Ben",833406.0,GAT_GRI,Four-Seam,R,74,93,64.1009674585692,91.7936694021102,59.96914122456377,84.18657565415245,0.0104518759886614,0.0112956989428814,62.86141958836757,62.86141958836757,95.02292075965947,1.229628633538865,0.0104518759886614,0.1862152124984884,71,8,16,17,2,8,2,6,0.11764705882352941,0.5,0.125,0.375,57.012078474372444,77.60314341846758,305,13,44.510258176765305,32.678454485920106,1027,165,57.04718222995426,78.42174197773411,313,40,52.424553768785806,61.55861165684349,576,38
78,39,30,"Plumadore, Carson",1000207816.0,WIN_CIT29,Slider,R,78,115,62.94759395027143,90.15240328253223,62.601510188906815,89.30602957906713,0.0119643060148725,0.0,62.84376882186204,62.84376882186204,94.95743287491814,1.129052478382486,0.0119643060148725,0.1744612779353882,85,24,24,24,5,5,3,16,0.20833333333333334,0.20833333333333334,0.125,0.6666666666666666,38.992393042160145,12.639161755075312,1332,158,50.692394034618005,60.41257367387033,602,109,57.04718222995426,78.42174197773411,309,39,34.001613451495025,4.715127701375246,1445,168
79,3,2,"Lockhart, Gauge",840803.0,LAK_ERI24,Cutter,L,36,95,72.51081307489314,97.65533411488865,40.06845272515108,13.42434584755404,-0.0009820830180299,0.0,62.778104969970514,62.778104969970514,94.89194499017681,1.9629816466464132,-0.0009820830180299,0.1603626455131364,21,1,8,5,4,2,1,5,0.8,0.25,0.125,0.625,41.566633818190475,21.31630648330059,1222,28,80.0,99.93451211525868,2,1,57.04718222995426,78.42174197773411,348,10,36.63346206825085,8.316961362148003,1407,30
80,40,31,"Harajli, Ahmad",800677.0,FLO_Y'A,Slider,R,54,76,60.204034466996994,86.40093786635404,68.62662682576634,94.9943117178612,0.0154260423582367,0.0046600042168686,62.73081217462779,62.73081217462779,94.8264571054355,0.8898093691161637,0.0154260423582367,0.1912094293392085,117,36,13,11,5,5,1,7,0.45454545454545453,0.38461538461538464,0.07692307692307693,0.5384615384615384,49.88341170998077,52.030124426981004,726,88,67.47681694107314,93.68041912246234,93,17,61.55782978724568,88.73608382449247,164,19,42.09960919535911,21.28356254092993,1197,142
81,11,8,"Binns, Malik",702238.0,NEW_JER6,Curveball,R,28,55,66.31708070198218,94.25556858147716,54.17199804469397,69.7952218430034,0.0071211220061292,0.0,62.673555904795705,62.673555904795705,94.76096922069416,1.4228775228276136,0.0071211220061292,0.185094832334157,50,9,9,9,1,4,1,4,0.1111111111111111,0.4444444444444444,0.1111111111111111,0.4444444444444444,53.579757439665336,67.3215455140799,491,52,44.0646988356588,30.648330058939095,1048,64,58.35025819094956,82.31827111984283,266,19,48.038139407526096,43.28749181401441,860,71
82,41,32,"Baird, Dustin",1000027580.0,MIS_MUD,Slider,R,34,57,61.66747160303496,88.74560375146542,64.40391209246238,91.353811149033,0.0129998776977037,0.001895935309907,62.48840374986318,62.48840374986318,94.69548133595285,1.0174236063054594,0.0129998776977037,0.2132526909184304,97,31,4,8,4,2,0,2,0.5,0.5,0.0,0.5,57.012078474372444,77.60314341846758,298,30,70.57547963149563,95.87426326129666,54,11,68.77486587891195,96.29993451211526,12,7,44.52900791851833,29.3713163064833,1046,126
83,11,4,"Cameron, Zach",1000084075.0,WIN_CIT29,Four-Seam,L,52,115,71.70087809076632,97.30363423212192,40.78145103825259,15.756541524459614,-0.0005724291769538,0.0,62.4250499750122,62.4250499750122,94.62999345121152,1.892353921937925,-0.0005724291769538,0.2011182470575299,24,4,22,18,3,10,2,10,0.16666666666666666,0.45454545454545453,0.09090909090909091,0.45454545454545453,54.20381580961208,69.44990176817288,472,26,47.85195323506406,49.08316961362148,793,104,60.245641406942724,86.4112639161755,213,21,47.40011550043378,40.76620825147348,912,102
84,42,10,"MacMillan, Blake",832350.0,TRO_AIG,Slider,L,63,106,64.0606703352333,91.67643610785464,58.43889200153736,80.773606370876,0.0095726698804596,0.0,62.37413683512452,62.37413683512452,94.5645055664702,1.2261146550229471,0.0095726698804596,0.2114390923623319,72,21,8,13,7,4,2,2,0.5384615384615384,0.5,0.25,0.25,57.012078474372444,77.60314341846758,309,33,73.19742498493002,97.34774066797642,41,6,45.319498580996566,28.127046496398165,1069,95,60.32009961905328,84.61034708578913,218,19
85,12,5,"Harris, Everette",810834.0,TRI_VAL,Changeup,R,40,96,69.69744240888184,96.36576787807736,45.25153554016336,35.21046643913538,0.0019958620132129,0.0,62.3636703482663,62.3636703482663,94.49901768172889,1.7176508820836247,0.0019958620132129,0.1684197846090292,32,7,7,9,2,6,0,1,0.2222222222222222,0.8571428571428571,0.0,0.14285714285714285,79.07699941177526,99.27963326784544,11,1,51.63920763446932,63.42501637197119,565,30,68.77486587891195,96.29993451211526,68,6,67.08771034785399,95.31761624099542,71,4
86,6,2,"Glickstein, Aaron",1000292360.0,SCH_BOO,Sinker,L,29,101,68.34942828332473,95.77960140679951,48.240437561657934,48.97610921501707,0.0037131384375835,0.0,62.31673106682469,62.31673106682469,94.43352979698756,1.6001017300789804,0.0037131384375835,0.1804509028801893,37,3,12,8,1,4,2,6,0.125,0.3333333333333333,0.16666666666666666,0.5,46.71511537025113,39.91486574983628,915,82,45.01151243551012,35.59266535690897,988,61,53.137954346968364,63.0648330058939,564,37,44.52900791851833,29.3713163064833,1087,103
87,13,8,"Sesar, Jorden",813853.0,SUS_COU1,Changeup,L,57,75,64.31062253690283,92.02813599062134,57.49345583373404,78.5551763367463,0.0090294686547118,0.0003736349277028,62.26547252595219,62.26547252595219,94.36804191224624,1.2479109172363,0.0090294686547118,0.1811016818012828,69,15,18,13,1,7,4,7,0.07692307692307693,0.3888888888888889,0.2222222222222222,0.3888888888888889,50.147436404958235,53.208906352324824,713,79,41.7340807437171,20.13752455795678,1214,86,47.92565050298717,38.83431565160445,924,72,51.54727089653387,58.02226588081205,639,60
88,12,9,"Salata, Derek",1000057774.0,SCH_BOO,Curveball,R,72,122,66.45570773037514,94.3728018757327,52.17288894989608,63.31058020477816,0.0059725320244058,0.0,62.17086209623142,62.17086209623142,94.30255402750491,1.4349660383138891,0.0059725320244058,0.1959679981119023,49,8,13,20,12,6,1,6,0.6,0.46153846153846156,0.07692307692307693,0.46153846153846156,54.63585621957522,70.6286836935167,447,49,77.39253755042509,98.75573018991487,17,3,61.55782978724568,88.73608382449247,173,14,46.958406641677556,38.867059593975114,931,72
89,43,33,"Helt, Robert",836007.0,LAK_ERI24,Slider,R,144,229,55.9576610656741,74.79484173505276,76.64856177578383,98.80546075085324,0.0200350525126115,0.0008239384797389,62.164931278707016,62.164931278707016,94.2370661427636,0.5195182994923311,0.0200350525126115,0.2261269891367336,216,72,26,25,6,14,6,6,0.24,0.5384615384615384,0.23076923076923078,0.23076923076923078,59.38830072916967,83.9554682383759,241,22,52.851129042279005,67.12508185985592,503,93,47.123757603913134,35.52717747216765,973,116,61.5347989806329,87.3608382449247,191,22
90,14,9,"Leak, Anthony",1000264276.0,NEW_YOR13,Changeup,L,63,75,63.95980304756681,91.55920281359906,57.856416561286906,79.5221843003413,0.0092380080768529,0.0039740150362874,62.12878710168283,62.12878710168283,94.17157825802227,1.2173188539216022,0.0092380080768529,0.1993946899892357,73,16,13,13,1,6,1,6,0.07692307692307693,0.46153846153846156,0.07692307692307693,0.46153846153846156,54.63585621957522,70.6286836935167,445,48,41.7340807437171,20.13752455795678,1213,85,61.55782978724568,88.73608382449247,168,11,46.958406641677556,38.867059593975114,929,79
91,44,34,"Cohn, Cooper",1000301881.0,NIU_HUS,Slider,R,27,63,58.42335525182891,81.94607268464243,70.6247266078671,96.64391353811148,0.0165740524384152,0.0016478769594779,62.083766658640364,62.083766658640364,94.10609037328095,0.7345310765769112,0.0165740524384152,0.1881363559550053,155,51,3,4,2,1,0,2,0.5,0.3333333333333333,0.0,0.6666666666666666,46.71511537025113,39.91486574983628,884,111,70.57547963149563,95.87426326129666,51,9,68.77486587891195,96.29993451211526,6,5,34.001613451495025,4.715127701375246,1443,166
92,13,10,"Gregory, Ben",833406.0,GAT_GRI,Curveball,R,29,53,66.65350234908583,94.7245017584994,51.298661103138016,60.23890784982935,0.0054702436054582,0.0009709286967453,62.047049975301476,62.047049975301476,94.04060248853962,1.4522140695175054,0.0054702436054582,0.2270466089536907,46,7,5,6,1,3,1,1,0.16666666666666666,0.6,0.2,0.2,63.19025633684523,90.34053700065488,146,18,47.85195323506406,49.08316961362148,768,53,50.010572040579646,48.16633922724296,790,46,63.47831795916028,90.9954158480681,135,16
93,12,8,"Langhorne, Miles",695680.0,SUS_COU1,Four-Seam,R,40,70,59.09666841769633,84.05627198124267,68.83135636723688,95.27872582480092,0.0155436699058816,0.0043376267169002,62.0170748025585,62.0170748025585,93.97511460379829,0.7932451435742182,0.0155436699058816,0.2459786372880814,137,22,9,8,1,4,3,2,0.125,0.4444444444444444,0.3333333333333333,0.2222222222222222,53.579757439665336,67.3215455140799,489,19,45.01151243551012,35.59266535690897,962,149,37.501042815024775,10.31434184675835,1342,229,62.07466536355717,88.37590045841519,168,6
94,45,35,"Duby, Bill",1000270408.0,NEW_JER6,Slider,R,57,80,57.64376513034901,79.8358733880422,71.78460772155688,97.04209328782709,0.0172404632064123,0.0,61.88601790771137,61.88601790771137,93.90962671905697,0.6665494761220305,0.0172404632064123,0.2046718840369562,173,58,23,16,2,8,4,11,0.125,0.34782608695652173,0.17391304347826086,0.4782608695652174,47.610503466261676,44.368041912246234,849,106,45.01151243551012,35.59266535690897,961,142,52.45808862818821,59.82318271119843,612,79,45.902146327260496,34.25016371971185,1003,119
95,46,36,"Long, Maddox",1000248716.0,WAS_WIL3,Slider,R,137,226,58.91946380582503,83.2356389214537,68.31893452592166,94.7098976109215,0.0152492574624175,0.0,61.73930502185402,61.73930502185402,93.84413883431564,0.7777925964073452,0.0152492574624175,0.1971047183370442,144,48,31,31,5,19,3,9,0.16129032258064516,0.6129032258064516,0.0967741935483871,0.2903225806451613,63.9874405771643,91.61755075311068,129,10,47.48544474479904,47.053045186640475,809,132,59.695368860364056,85.55992141453831,220,27,57.77314934477345,78.55271774721676,328,31
96,13,9,"Wehrle, Tyler",806332.0,WIN_CIT29,Four-Seam,R,156,236,59.77009636157152,86.04923798358733,66.09200268167065,93.1740614334471,0.0139697717090169,0.0099612908798411,61.66666825760125,61.66666825760125,93.77865094957433,0.8519692194113633,0.0139697717090169,0.189240491818273,120,18,33,33,6,7,5,21,0.18181818181818182,0.21212121212121213,0.15151515151515152,0.6363636363636364,39.22641493089017,13.326784544859201,1324,195,48.88484079853823,53.208906352324824,702,96,54.55949175896323,69.28618205631957,469,68,35.915685172771994,7.039947609692207,1419,226
97,14,11,"Majick, Eli",828663.0,NEW_ENG23,Curveball,R,34,52,63.05738347250864,90.2696365767878,58.38351372505788,80.54607508532423,0.0095408522404244,0.0,61.655222548273414,61.655222548273414,93.71316306483301,1.138626313695707,0.0095408522404244,0.1855344350508699,84,17,9,10,3,3,2,4,0.3,0.3333333333333333,0.2222222222222222,0.4444444444444444,46.71511537025113,39.91486574983628,896,69,56.94136379363668,78.68369351669942,320,35,47.92565050298717,38.83431565160445,921,52,48.038139407526096,43.28749181401441,858,70
98,7,3,"Mannering, Shawn",1000457814.0,DOW_EAS1,Sinker,L,27,59,63.262036837624734,90.38686987104336,57.66468972819541,79.01023890784982,0.0091278512473485,0.0111669057258085,61.58283270479593,61.58283270479593,93.64767518009168,1.1564724393914236,0.0091278512473485,0.2577776343278609,83,6,3,9,1,1,1,1,0.1111111111111111,0.3333333333333333,0.3333333333333333,0.3333333333333333,46.71511537025113,39.91486574983628,898,80,44.0646988356588,30.648330058939095,1046,68,37.501042815024775,10.31434184675835,1350,117,55.05640238554163,70.43222003929273,427,45
99,47,37,"Good, Ty",688612.0,GAT_GRI,Slider,R,154,189,62.37506436135956,89.80070339976554,59.52493699224045,83.50398179749715,0.0101966580356176,0.0,61.52002615062383,61.52002615062383,93.58218729535037,1.0791269127684442,0.0101966580356176,0.1915635571324319,88,26,26,37,13,14,2,10,0.35135135135135137,0.5384615384615384,0.07692307692307693,0.38461538461538464,59.38830072916967,83.9554682383759,243,23,60.44201515741128,85.19973804846104,227,47,61.55782978724568,88.73608382449247,167,20,51.817204087996004,59.13555992141454,622,73
100,2,2,"Coles, Chad",694311.0,WAS_WIL3,Splitter,L,38,63,67.63517859847545,95.31066822977726,47.19689238856352,44.7098976109215,0.0031135685919903,0.0,61.503692735501865,61.503692735501865,93.51669941060904,1.537817928164874,0.0031135685919903,0.1643450955059674,41,2,8,11,5,5,0,3,0.45454545454545453,0.625,0.0,0.375,64.73480080246343,92.40340537000655,118,5,67.47681694107314,93.68041912246234,95,6,68.77486587891195,96.29993451211526,59,1,52.424553768785806,61.55861165684349,588,7
101,15,6,"Wiltse, Ryan",813813.0,EVA_OTT,Changeup,R,51,150,65.77824343806908,93.6694021101993,51.45038294442261,61.03526734926052,0.0055574155298727,0.0,61.47988528997514,61.47988528997514,93.45121152586772,1.3758899859460485,0.0055574155298727,0.2026151708495275,55,11,14,13,3,7,4,3,0.23076923076923078,0.5,0.2857142857142857,0.21428571428571427,57.012078474372444,77.60314341846758,332,34,52.22186215745475,65.38965291421087,526,27,41.96873182415151,19.05697445972495,1236,73,62.57596986198685,89.62017026850033,158,14
102,8,5,"Garcia, Andrew",1000190083.0,EVA_OTT,Sinker,R,29,52,62.88132576837063,89.91793669402111,58.176342356058406,80.14789533560864,0.0094218217385113,0.0042041291484812,61.469830744676955,61.469830744676955,93.38572364112639,1.1232737788572795,0.0094218217385113,0.2386556237443901,87,7,9,6,0,6,0,3,0.0,0.6666666666666666,0.0,0.3333333333333333,67.30904157849375,94.8264571054355,71,11,36.49019003684828,5.50098231827112,1384,108,68.77486587891195,96.29993451211526,24,3,55.05640238554163,70.43222003929273,425,55
103,9,6,"Mannering, Shawn",1000457814.0,DOW_EAS1,Sinker,R,32,59,63.262036837624734,90.38686987104336,57.11967740869262,77.53128555176336,0.0088147139144607,0.0,61.4193290089451,61.4193290089451,93.32023575638507,1.1564724393914236,0.0088147139144607,0.2577776343278609,83,6,12,6,0,2,2,8,0.0,0.16666666666666666,0.16666666666666666,0.6666666666666666,36.418152266129816,6.221349050425671,1427,126,36.49019003684828,5.50098231827112,1387,109,53.137954346968364,63.0648330058939,544,49,34.001613451495025,4.715127701375246,1450,127
104,48,38,"Cooper, Garrett",1000327042.0,NEW_YOR13,Slider,R,62,91,57.44362526523418,79.36694021101994,70.58004312180282,96.58703071672356,0.0165483795001171,0.0114333890717612,61.38455062220477,61.38455062220477,93.25474787164374,0.649096935395242,0.0165483795001171,0.1854435059892639,177,60,18,18,2,9,3,6,0.1111111111111111,0.5,0.16666666666666666,0.3333333333333333,57.012078474372444,77.60314341846758,293,29,44.0646988356588,30.648330058939095,1041,150,53.137954346968364,63.0648330058939,536,71,55.05640238554163,70.43222003929273,418,42
105,4,2,"Correa, Nelvin",673388.0,QUE_CAP,Cutter,R,51,110,67.63535917803574,95.42790152403282,46.65112871192255,41.75199089874857,0.0027999995661629,0.0,61.34009003820178,61.34009003820178,93.18925998690243,1.5378336750133537,0.0027999995661629,0.1666586083498577,40,3,17,14,2,9,1,7,0.14285714285714285,0.5294117647058824,0.058823529411764705,0.4117647058823529,58.829189610393854,82.87491814014408,262,8,46.228844206747524,41.87950229207596,892,21,63.255955926461276,91.15913555992141,137,6,50.10233440106008,51.997380484610346,734,21
106,49,39,"MacMillan, Blake",832350.0,TRO_AIG,Slider,R,43,106,64.0606703352333,91.67643610785464,54.88492887976538,71.95676905574516,0.0075307370776406,0.0,61.307947898592914,61.307947898592914,93.1237721021611,1.2261146550229471,0.0075307370776406,0.2114390923623319,72,21,5,9,7,3,1,1,0.7777777777777778,0.6,0.2,0.2,63.19025633684523,90.34053700065488,144,14,80.0,99.86902423051735,3,1,50.010572040579646,48.16633922724296,781,99,63.47831795916028,90.9954158480681,134,10
107,16,10,"Drakeford, Dosie",836144.0,NEW_JER6,Changeup,L,66,84,64.72990042003937,92.61430246189916,53.26682622841532,67.00796359499431,0.0066010547008373,0.0,61.29097816255215,61.29097816255215,93.05828421741977,1.284472670323742,0.0066010547008373,0.1586597060520163,64,13,10,17,9,4,2,4,0.5294117647058824,0.4,0.2,0.4,50.83390061189966,55.664702030124424,667,75,72.58049666647487,97.02030124426982,46,4,50.010572040579646,48.16633922724296,787,65,50.845444598732314,55.10805500982319,676,62
108,50,40,"Bice, Emmett",828456.0,NEW_YOR13,Slider,R,133,273,57.10397516415779,78.19460726846424,70.33420928746153,96.24573378839592,0.0164071354429379,0.0034406039099376,61.07304540114891,61.07304540114891,92.99279633267845,0.6194788619619823,0.0164071354429379,0.2309488598151469,187,65,26,36,12,10,4,12,0.3333333333333333,0.38461538461538464,0.15384615384615385,0.46153846153846156,49.88341170998077,52.030124426981004,725,87,59.21371643327984,83.00589390962672,241,53,54.34079369557941,68.3366077275704,476,62,46.958406641677556,38.867059593975114,926,111
109,14,10,"Correa, Nelvin",673388.0,QUE_CAP,Four-Seam,R,45,86,67.17771390249735,94.95896834701055,46.75411278176031,42.32081911262799,0.0028591691588583,0.0,61.05063356627623,61.05063356627623,92.92730844793712,1.4979262192689735,0.0028591691588583,0.1917699134763399,44,6,16,14,0,6,1,9,0.0,0.375,0.0625,0.5625,49.289356146281456,49.574328749181404,769,61,36.49019003684828,5.50098231827112,1448,243,62.911024054433106,90.89718402095612,140,10,40.58123499338459,16.830386378519975,1274,185
110,15,5,"Grounds, Jackson",805984.0,TRO_AIG,Four-Seam,L,27,62,67.915393702961,95.5451348182884,44.94857523561341,33.67463026166098,0.0018217958896724,0.0,61.02534816275672,61.02534816275672,92.8618205631958,1.5622531675935083,0.0018217958896724,0.1475285901908606,39,5,8,6,1,2,2,4,0.16666666666666666,0.25,0.25,0.5,41.566633818190475,21.31630648330059,1214,159,47.85195323506406,49.08316961362148,779,101,45.319498580996566,28.127046496398165,1111,177,44.52900791851833,29.3713163064833,1097,140
111,51,41,"Widener, Jacob",683179.0,SUS_COU1,Slider,R,37,91,60.74124636096706,87.10433763188745,61.6348692488785,87.54266211604096,0.0114089215676058,0.0,61.00933322734049,61.00933322734049,92.79633267845449,0.9366551709410452,0.0114089215676058,0.2270218699672635,111,35,5,10,4,4,1,0,0.4,0.8,0.2,0.0,75.54661206179081,98.5592665356909,20,2,63.758421712566154,89.19449901768172,159,36,50.010572040579646,48.16633922724296,770,98,76.11119131958824,98.91944990176817,1,1
112,15,12,"Hickey, Matt",806277.0,GAT_GRI,Curveball,R,36,62,65.48903852146994,93.3177022274326,50.35215118481938,57.16723549488054,0.0049264254553574,0.0,60.94797232047476,60.94797232047476,92.73084479371316,1.3506708194274823,0.0049264254553574,0.1896258515496025,58,12,9,7,1,4,2,3,0.14285714285714285,0.4444444444444444,0.2222222222222222,0.3333333333333333,53.579757439665336,67.3215455140799,497,53,46.228844206747524,41.87950229207596,884,57,47.92565050298717,38.83431565160445,932,53,55.05640238554163,70.43222003929273,444,50
113,52,42,"Thompson, Ross",1000103401.0,SCH_BOO,Slider,R,196,223,52.779542805344434,64.12661195779602,80.0,99.48805460750852,0.0222598940553489,0.0089228745982933,60.9456799637411,60.9456799637411,92.66535690897184,0.2423809168867687,0.0222598940553489,0.2296368267941927,307,92,55,53,12,21,13,21,0.22641509433962265,0.38181818181818183,0.23636363636363636,0.38181818181818183,49.71059554599552,51.0150622134905,749,92,51.92503815517915,64.50556647020301,543,102,46.59888225179195,32.94040602488539,1025,122,51.99388763149849,59.98690242305174,612,69
114,17,7,"Messina, Chris",10179238.0,FDU_KNI,Changeup,R,52,68,66.46326502644787,94.60726846424384,48.06674031301063,48.23663253697384,0.0036133405225181,0.0,60.944307612416694,60.944307612416694,92.59986902423051,1.4356250475393535,0.0036133405225181,0.2538429882179201,47,10,11,12,1,6,0,5,0.08333333333333333,0.5454545454545454,0.0,0.45454545454545453,59.8203411391328,84.80681074001309,234,20,42.171071635956174,21.676489849377862,1194,69,68.77486587891195,96.29993451211526,56,5,47.40011550043378,40.76620825147348,903,65
115,53,11,"Morgan, Cooper",692707.0,QUE_CAP,Slider,L,42,63,62.31930318129403,89.68347010550997,57.5819300824518,78.839590443686,0.0090803016162456,0.0087835551838071,60.898091251641354,60.898091251641354,92.5343811394892,1.0742644418883474,0.0090803016162456,0.207282947348474,89,27,15,10,3,6,2,7,0.3,0.4,0.13333333333333333,0.4666666666666667,50.83390061189966,55.664702030124424,659,62,56.94136379363668,78.68369351669942,321,55,56.26533665335708,75.8022265880812,368,48,46.63448681192299,37.6882776686313,949,90
116,5,3,"Webster, Evan",804248.0,FLO_Y'A,Cutter,R,38,133,71.0624512098442,97.06916764361078,36.92990945405764,6.370875995449373,-0.0027853359609353,-0.0001245283909774,60.822688683108225,60.822688683108225,92.46889325474787,1.836681999035523,-0.0027853359609353,0.1658046550991595,26,2,7,7,3,3,3,1,0.42857142857142855,0.42857142857142855,0.42857142857142855,0.14285714285714285,52.59909428689188,63.78519973804846,571,14,65.706152546546,91.38834315651604,139,2,28.565664796771294,2.4230517354289454,1495,34,67.08771034785399,95.31761624099542,77,4
117,10,7,"Petschke, Ben",814386.0,EVA_OTT,Sinker,R,42,54,60.56781083910321,86.86987104337632,61.323758801199965,86.80318543799773,0.0112301727717832,0.0061254472279157,60.79459522773224,60.79459522773224,92.40340537000655,0.9215312949103304,0.0112301727717832,0.206171943885664,113,8,10,11,1,5,2,3,0.09090909090909091,0.5,0.2,0.3,57.012078474372444,77.60314341846758,302,40,42.687515417693255,23.346430910281597,1165,69,50.010572040579646,48.16633922724296,771,69,57.1618812789463,76.85003274394238,345,49
118,54,43,"Lefebvre, Charles",1000429097.0,TRO_AIG,Slider,R,88,107,55.892932450817376,74.32590855803049,72.0196712668265,97.21274175199088,0.0173755191840313,0.0025757962565572,60.730954095620106,60.730954095620106,92.33791748526524,0.5138738528633326,0.0173755191840313,0.194191780417151,220,75,13,10,0,4,2,7,0.0,0.3076923076923077,0.15384615384615385,0.5384615384615384,45.130967200386316,33.66077275703995,1008,125,36.49019003684828,5.50098231827112,1365,170,54.34079369557941,68.3366077275704,475,61,42.09960919535911,21.28356254092993,1196,141
119,55,12,"Foster, Kobe",816330.0,WAS_WIL3,Slider,L,122,144,63.57510841562,91.0902696365768,53.71831956405286,68.3731513083049,0.0068604606149406,0.0034385925687084,60.61807176014986,60.61807176014986,92.27242960052389,1.1837728198639863,0.0068604606149406,0.1841444670536017,77,22,32,31,7,11,4,17,0.22580645161290322,0.34375,0.125,0.53125,47.35867556425871,43.222003929273086,868,83,51.88354662797934,64.44007858546169,544,87,57.04718222995426,78.42174197773411,322,40,42.55512145595146,23.051735428945644,1176,108
120,56,44,"Whitesell, Max",1000223610.0,FLO_Y'A,Slider,R,111,157,55.919066725180045,74.56037514654162,71.49238287666947,96.9283276450512,0.0170725651511627,0.0017109886031768,60.59106157062687,60.59106157062687,92.20694171578258,0.51615280657112,0.0170725651511627,0.2152852460772213,218,73,36,35,10,13,4,19,0.2857142857142857,0.3611111111111111,0.1111111111111111,0.5277777777777778,48.431275887604684,46.692861820563195,815,97,55.96749837664676,76.55533726260641,346,64,58.35025819094956,82.31827111984283,258,32,42.774442174014446,24.132285527177473,1158,136
121,18,11,"Hocom, Quinn",1000152021.0,TRI_VAL,Changeup,L,74,101,59.43663375809832,85.11137162954279,63.19003323410689,90.10238907849828,0.0123024424755035,0.0003932115161508,60.56265360090089,60.56265360090089,92.14145383104125,0.822890706419273,0.0123024424755035,0.2205952465010796,128,23,16,21,4,10,2,4,0.19047619047619047,0.625,0.125,0.25,64.73480080246343,92.40340537000655,111,10,49.4750622633806,55.631958087753766,677,45,57.04718222995426,78.42174197773411,308,29,60.32009961905328,84.61034708578913,216,22
122,19,12,"Willeman, Landon",812254.0,EVA_OTT,Changeup,L,127,179,61.15843638964285,88.042203985932,59.07494086915072,82.3094425483504,0.0099381123463702,0.0048493871118933,60.53338773349521,60.53338773349521,92.07596594629993,0.9730348595258094,0.0099381123463702,0.2023213209485512,103,19,40,37,6,21,4,15,0.16216216216216217,0.525,0.1,0.375,58.55662293999064,82.12180746561886,274,33,47.54487855403121,47.151277013752456,808,55,59.39271895974579,84.67583497053045,229,21,52.424553768785806,61.55861165684349,578,55
123,16,6,"Foster, Kobe",816330.0,WAS_WIL3,Four-Seam,L,180,442,58.7214313289718,82.76670574443142,64.51604792509694,91.46757679180888,0.0130643054441891,0.0158349077139814,60.45981630780934,60.45981630780934,92.01047806155862,0.7605238235642887,0.0130643054441891,0.1943929221686149,148,24,80,51,10,6,18,56,0.19607843137254902,0.075,0.225,0.7,30.754822558863097,1.0478061558611658,1512,244,49.85697027004332,56.51604453176162,665,74,47.665035310788106,37.39358218729535,956,139,31.896134558090367,3.2416502946954813,1478,235
124,16,13,"Wiltse, Ryan",813813.0,EVA_OTT,Curveball,R,40,131,61.57020128208399,88.62837045720985,57.8329308137038,79.46530147895335,0.0092245143188297,0.0,60.44902014156993,60.44902014156993,91.94499017681729,1.0089414668929502,0.0092245143188297,0.217415204267674,98,19,1,3,3,0,0,1,1.0,0.0,0.0,1.0,26.121189162008505,0.45841519318926005,1517,85,80.0,100.0,1,1,68.77486587891195,96.29993451211526,27,4,20.0,0.06548788474132286,1527,86
125,17,14,"Hill, Kaleb",1000371973.0,OTT_TIT,Curveball,R,111,222,66.0891643827938,94.021101992966,47.15824456391032,44.4254835039818,0.0030913634485453,0.0,60.40988843712876,60.40988843712876,91.87950229207597,1.4030028274956627,0.0030913634485453,0.1983239746585414,52,11,27,28,4,15,4,8,0.14285714285714285,0.5555555555555556,0.14814814814814814,0.2962962962962963,60.444399509079545,85.85461689587426,216,26,46.228844206747524,41.87950229207596,888,58,54.87538896162876,70.17026850032744,456,30,57.39582337821348,77.70137524557956,341,39
126,57,45,"Cameron, Zach",1000084075.0,WIN_CIT29,Slider,R,89,142,60.87565207535039,87.33880422039859,59.19832647152632,82.82138794084186,0.0100090036584783,0.0016478769594779,60.37245439420316,60.37245439420316,91.81401440733464,0.9483755805797862,0.0100090036584783,0.1985867870723838,109,34,36,27,2,14,7,15,0.07407407407407407,0.3888888888888889,0.19444444444444445,0.4166666666666667,50.147436404958235,53.208906352324824,712,85,41.53986256938863,19.384413883431563,1230,160,50.53180242497776,50.982318271119844,748,92,49.79270515202998,50.75311067452522,746,86
127,17,11,"Garbrick, Alex",687885.0,LAK_ERI24,Four-Seam,R,43,82,63.39070663463268,90.73856975381008,53.22347102964077,66.78043230944255,0.0065761449312316,0.0,60.3405359531351,60.3405359531351,91.74852652259332,1.167692667162139,0.0065761449312316,0.2237989850122804,80,9,12,11,2,5,2,5,0.18181818181818182,0.4166666666666667,0.16666666666666666,0.4166666666666667,51.863596922311785,60.28159790438769,605,34,48.88484079853823,53.208906352324824,710,100,53.137954346968364,63.0648330058939,550,83,49.79270515202998,50.75311067452522,749,58
128,58,46,"McEvoy, Aidan",1000079355.0,FLO_Y'A,Slider,R,38,107,70.46210453319303,96.71746776084407,36.705133835901066,5.858930602957907,-0.0029144810005042,-0.0042693209886135,60.33501332400543,60.33501332400543,91.683038637852,1.784330735490725,-0.0029144810005042,0.1566540825925194,29,13,12,12,3,2,2,8,0.25,0.16666666666666666,0.16666666666666666,0.6666666666666666,36.418152266129816,6.221349050425671,1443,168,53.53283483417195,69.25343811394892,492,90,53.137954346968364,63.0648330058939,591,75,34.001613451495025,4.715127701375246,1468,172
129,11,4,"Colon, Jeffrey",681738.0,TRO_AIG,Sinker,L,30,56,64.87081777056964,92.84876905041033,49.65607377840559,54.32309442548351,0.0045264935368887,0.0,60.306394572920425,60.306394572920425,91.61755075311068,1.2967609058425869,0.0045264935368887,0.1697035888032866,62,4,7,8,1,1,1,5,0.125,0.14285714285714285,0.14285714285714285,0.7142857142857143,34.94715753696963,4.191224623444663,1463,128,45.01151243551012,35.59266535690897,984,59,55.37179885153173,72.59332023575638,425,23,30.99378646091694,2.75049115913556,1487,129
130,59,47,"Marklund, Brandon",647282.0,OTT_TIT,Slider,R,72,124,58.3806406659268,81.7116060961313,64.72620089831287,91.97952218430036,0.0131850490295659,0.0,60.28430873564261,60.28430873564261,91.55206286836936,0.7308062911641857,0.0131850490295659,0.2443531614623261,157,52,13,16,4,3,2,8,0.25,0.23076923076923078,0.15384615384615385,0.6153846153846154,40.37852269079186,17.25605762933857,1259,152,53.53283483417195,69.25343811394892,449,86,54.34079369557941,68.3366077275704,479,64,37.24081174904066,9.528487229862476,1378,159
131,18,12,"Foy, Corbin",813822.0,LAK_ERI24,Four-Seam,R,47,96,65.78213171652283,93.78663540445488,47.367097567322986,45.27872582480091,0.0032113601350678,-0.0007353852471701,60.25762147176287,60.25762147176287,91.48657498362803,1.376229050519875,0.0032113601350678,0.176741651090717,54,7,10,15,4,3,3,4,0.26666666666666666,0.3,0.3,0.4,44.655722749426864,31.761624099541585,1048,125,54.66901115399353,72.65880812049771,418,42,40.62842512141349,15.553372626064178,1291,217,50.845444598732314,55.10805500982319,687,48
132,18,15,"Maryniak, Connor",831880.0,NEW_JER6,Curveball,R,83,180,61.138733920617895,87.80773739742087,58.03908997535136,79.74971558589306,0.0093429632560713,0.0007639067767755,60.20884073703793,60.20884073703793,91.42108709888672,0.9713167703141528,0.0093429632560713,0.2138895668060563,105,22,17,18,5,14,0,3,0.2777777777777778,0.8235294117647058,0.0,0.17647058823529413,77.00030097060792,98.82121807465619,19,3,55.426462033874586,75.2128356254093,379,40,68.77486587891195,96.29993451211526,25,2,64.96453835450474,93.1237721021611,105,11
133,19,13,"Shears, Tanner",808632.0,SCH_BOO,Four-Seam,R,126,219,60.5748049861648,86.98710433763188,58.862456050208486,81.74061433447099,0.0098160289968719,0.0,60.061100305377906,60.061100305377906,91.35559921414537,0.9221411965727077,0.0098160289968719,0.1904826034103806,112,16,26,27,5,8,5,13,0.18518518518518517,0.3076923076923077,0.19230769230769232,0.5,45.130967200386316,33.66077275703995,1012,112,49.11437136819915,54.420432220039295,696,94,50.73227564974627,51.7026850032744,737,113,44.52900791851833,29.3713163064833,1063,131
134,60,48,"Heredia-Bustos, Rolando",837343.0,DOW_EAS1,Slider,R,267,449,55.603932906464514,73.97420867526378,70.45107390582379,96.3594994311718,0.0164742801176423,0.0058808828040969,60.05807520627229,60.05807520627229,91.29011132940406,0.4886725951581381,0.0164742801176423,0.2116157376504812,223,76,86,79,20,21,18,47,0.25316455696202533,0.2441860465116279,0.20930232558139536,0.5465116279069767,41.2074374308374,19.646365422396855,1228,149,53.74856451515073,70.98886705959397,444,83,49.13781418763396,44.92468893254748,842,103,41.591130392837414,19.351669941060905,1232,146
135,3,1,"Coles, Chad",694311.0,WAS_WIL3,Splitter,R,25,63,67.63517859847545,95.31066822977726,42.25427228569318,21.38794084186576,0.000273781634693,0.0,60.020906704640765,60.020906704640765,91.22462344466274,1.537817928164874,0.000273781634693,0.1643450955059674,41,2,3,8,6,2,0,1,0.75,0.6666666666666666,0.0,0.3333333333333333,67.30904157849375,94.8264571054355,87,3,80.0,99.80353634577604,4,1,68.77486587891195,96.29993451211526,84,1,55.05640238554163,70.43222003929273,474,5
136,61,49,"Gilleran, Jimmy",10103730.0,NEW_ENG23,Slider,R,90,125,51.4342690122761,57.67878077373975,80.0,99.82935153583618,0.0243736939537697,0.0244047199145422,60.003988308593264,60.003988308593264,91.15913555992141,0.1250707265919167,0.0243736939537697,0.2391909372523068,362,102,31,24,4,10,7,14,0.16666666666666666,0.3225806451612903,0.22580645161290322,0.45161290322580644,46.050795169985236,36.6732154551408,968,120,47.85195323506406,49.08316961362148,755,129,47.58937283563354,37.22986247544205,959,115,47.585348247654125,41.683038637852,891,106
137,6,3,"Correa, Nelvin",673388.0,QUE_CAP,Cutter,L,59,110,67.63535917803574,95.42790152403282,42.17103529800244,20.477815699658706,0.0002259577463323,-1.1102230246251563e-16,59.996062014025746,59.996062014025746,91.0936476751801,1.5378336750133537,0.0002259577463323,0.1666586083498577,40,3,14,11,2,7,3,4,0.18181818181818182,0.5,0.21428571428571427,0.2857142857142857,57.012078474372444,77.60314341846758,375,9,48.88484079853823,53.208906352324824,722,12,48.67026533784162,42.403405370006546,887,19,58.06422937611972,79.56777996070727,321,6
138,19,4,"Salata, Derek",1000057774.0,SCH_BOO,Curveball,L,50,122,66.45570773037514,94.3728018757327,44.81721774041553,32.821387940841866,0.0017463243191607,0.0,59.96416073338725,59.96416073338725,91.02815979043876,1.4349660383138891,0.0017463243191607,0.1959679981119023,49,8,12,12,2,5,4,3,0.16666666666666666,0.4166666666666667,0.3333333333333333,0.25,51.863596922311785,60.28159790438769,613,43,47.85195323506406,49.08316961362148,780,59,37.501042815024775,10.31434184675835,1379,64,60.32009961905328,84.61034708578913,241,25
139,20,13,"Dill, Austin",1000429156.0,TRI_VAL,Changeup,L,118,204,56.421494312394096,76.08440797186401,68.0116099204253,94.36860068259386,0.0150726838257266,0.0104345495526754,59.898528994803456,59.898528994803456,90.96267190569745,0.5599653569747309,0.0150726838257266,0.2091057430861869,205,33,31,29,3,15,3,13,0.10344827586206896,0.4838709677419355,0.0967741935483871,0.41935483870967744,56.01559817397361,73.9358218729535,399,44,43.542318918499454,27.79960707269155,1101,76,59.695368860364056,85.55992141453831,221,19,49.62290846707799,50.03274394237066,763,71
140,62,50,"Jones, Breyln",690202.0,NEW_JER6,Slider,R,57,97,56.08191361612094,75.26377491207504,68.72129099773068,95.16496018202504,0.015480431745904,0.0085779506361489,59.87372683060386,59.87372683060386,90.89718402095612,0.5303533357597766,0.015480431745904,0.2116251061360732,212,71,18,13,3,5,5,8,0.23076923076923078,0.2777777777777778,0.2777777777777778,0.4444444444444444,43.282794335544025,27.079240340537,1112,135,52.22186215745475,65.38965291421087,523,99,42.71334665900597,20.726915520628683,1206,139,48.038139407526096,43.28749181401441,854,101
141,20,5,"Garcia, Brett",702286.0,OTT_TIT,Curveball,L,48,115,67.36653576910092,95.07620164126612,42.35621100513056,22.013651877133107,0.0003323506203477,0.0,59.863438339909806,59.863438339909806,90.8316961362148,1.5143918110445869,0.0003323506203477,0.1749822324211604,43,6,6,12,8,4,0,2,0.6666666666666666,0.6666666666666666,0.0,0.3333333333333333,67.30904157849375,94.8264571054355,86,16,80.0,99.50884086444007,10,1,68.77486587891195,96.29993451211526,83,5,55.05640238554163,70.43222003929273,472,38
142,21,16,"Boies, Emiles",1000429129.0,QUE_CAP,Curveball,R,52,80,63.523978413350775,90.97303634232122,51.26854049101021,60.068259385665534,0.0054529377798665,0.0,59.8473470366486,59.8473470366486,90.76620825147347,1.179314195659097,0.0054529377798665,0.172392528801757,78,16,13,9,1,8,2,3,0.1111111111111111,0.6153846153846154,0.15384615384615385,0.23076923076923078,64.14074523876413,91.74852652259332,127,14,44.0646988356588,30.648330058939095,1051,65,54.34079369557941,68.3366077275704,486,34,61.5347989806329,87.3608382449247,193,19
143,20,7,"Zaffiro, Cole",10994263.0,SCH_BOO,Four-Seam,L,130,289,60.11504687228677,86.28370457209847,59.21362712281771,82.93515358361775,0.0100177946618472,0.0070164789921605,59.844620947446046,59.844620947446046,90.70072036673216,0.8820494976884096,0.0100177946618472,0.1952154293350657,118,17,38,31,8,10,5,23,0.25806451612903225,0.2631578947368421,0.13157894736842105,0.6052631578947368,42.37955195798953,23.968565815324165,1159,147,54.08259756956949,71.41453831041258,437,40,56.42993572211438,76.26064178127046,363,39,37.880127202503616,10.54354944335298,1367,208
144,22,17,"Hampton, Ky",673132.0,OTT_TIT,Curveball,R,39,52,61.2543546744208,88.15943728018757,56.43819633017254,75.59726962457339,0.0084231683297004,0.0,59.80950717114632,59.80950717114632,90.63523248199084,0.9813990990568516,0.0084231683297004,0.1768652987639208,102,21,12,11,3,5,4,3,0.2727272727272727,0.4166666666666667,0.3333333333333333,0.25,51.863596922311785,60.28159790438769,601,58,55.082166179383194,74.03405370006548,393,41,37.501042815024775,10.31434184675835,1352,73,60.32009961905328,84.61034708578913,222,24
145,63,51,"Blair, Davis",836357.0,DOW_EAS1,Slider,R,61,99,51.15073870992675,56.7409144196952,80.0,99.54493742889647,0.022398493671962,0.0089228745982933,59.80551709694872,59.80551709694872,90.56974459724951,0.1003463962033076,0.022398493671962,0.2601830180546721,370,104,9,13,0,3,3,3,0.0,0.3333333333333333,0.3333333333333333,0.3333333333333333,46.71511537025113,39.91486574983628,882,109,36.49019003684828,5.50098231827112,1362,167,37.501042815024775,10.31434184675835,1339,156,55.05640238554163,70.43222003929273,414,38
146,21,14,"Ginn, Landon",701061.0,WAS_WIL3,Four-Seam,R,67,142,54.42481235983956,70.22274325908559,72.3008093607146,97.32650739476678,0.0175370473362272,0.0161560852099848,59.78761146010206,59.78761146010206,90.5042567125082,0.3858512539427911,0.0175370473362272,0.2444093926817185,255,46,17,15,1,3,1,13,0.06666666666666667,0.17647058823529413,0.058823529411764705,0.7647058823529411,37.02385597813695,7.531106745252128,1411,225,41.034895316134595,17.452521283562543,1255,207,63.255955926461276,91.15913555992141,134,9,27.809028470893086,0.9823182711198428,1513,248
147,23,18,"Simpson, Garret",1000073158.0,EVA_OTT,Curveball,R,55,120,56.624991085777815,76.67057444314185,67.14699946697814,93.91353811149033,0.0145759210890121,0.0,59.78159360013791,59.78159360013791,90.43876882776686,0.5777106258806122,0.0145759210890121,0.2313683182306314,200,30,14,17,5,6,1,7,0.29411764705882354,0.42857142857142855,0.07142857142857142,0.5,52.59909428689188,63.78519973804846,539,54,56.540360386640835,77.70137524557956,339,36,62.073332365221844,89.9803536345776,148,12,44.52900791851833,29.3713163064833,1039,75
148,22,8,"Cartwright, Eli",1000304859.0,GAT_GRI,Four-Seam,L,61,207,61.483697612599286,88.39390386869871,55.77492995739687,73.94766780432309,0.0080420880209936,0.0069953001870912,59.77106731603856,59.77106731603856,90.37328094302553,1.0013981980202935,0.0080420880209936,0.1938012278841731,100,13,14,15,8,3,4,7,0.5333333333333333,0.21428571428571427,0.2857142857142857,0.5,39.360141724450195,13.621480026195155,1320,187,72.84783227113877,97.18402095612312,43,3,41.96873182415151,19.05697445972495,1233,198,44.52900791851833,29.3713163064833,1069,136
149,64,13,"Eckaus, David",824671.0,EVA_OTT,Slider,L,115,175,59.09705568998996,84.17350527549824,61.339916097326295,87.03071672354949,0.0112394559612353,0.0009787268633462,59.76991381219085,59.76991381219085,90.30779305828422,0.7932789143848112,0.0112394559612353,0.2237353763187057,136,42,14,27,11,5,1,8,0.4074074074074074,0.35714285714285715,0.07142857142857142,0.5714285714285714,48.186110099411316,46.10347085789129,824,82,64.26338896582018,89.94760969220694,154,29,62.073332365221844,89.9803536345776,150,23,40.0172674326512,15.520628683693516,1287,120
150,23,9,"Herbert, Andrew",1000083218.0,WAS_WIL3,Four-Seam,L,35,55,57.483395826820825,79.4841735052755,65.07990418293126,92.26393629124004,0.013388269579296,0.0164771806568242,59.762348333653954,59.762348333653954,90.24230517354289,0.6525649968202857,0.013388269579296,0.1749659477344782,176,30,10,7,3,3,2,5,0.42857142857142855,0.3,0.2,0.5,44.655722749426864,31.761624099541585,1034,121,65.706152546546,91.38834315651604,127,6,50.010572040579646,48.16633922724296,767,108,44.52900791851833,29.3713163064833,1044,134
151,24,15,"O'Dell, Casey",1000220727.0,JOL_SLA,Four-Seam,R,63,114,55.12723524276352,72.80187573270808,70.49944953496052,96.47326507394769,0.0165020743801619,0.0137600156980082,59.738899530422614,59.738899530422614,90.17681728880157,0.4471037383722436,0.0165020743801619,0.2020123590009603,233,42,21,15,2,7,1,13,0.13333333333333333,0.3333333333333333,0.047619047619047616,0.6190476190476191,46.71511537025113,39.91486574983628,885,89,45.57960059542091,38.73608382449247,931,141,64.30717686978521,92.07596594629993,121,7,37.009440442073114,9.102815979043877,1389,220
152,7,4,"Majick, Eli",828663.0,NEW_ENG23,Cutter,R,42,68,64.59936724135943,92.26260257913246,48.36120447804983,49.54493742889648,0.0037825251812346,0.0013236026171622,59.72791841236655,59.72791841236655,90.11132940406024,1.2730899524639003,0.0037825251812346,0.1900612810388698,67,5,16,15,2,7,3,6,0.13333333333333333,0.4375,0.1875,0.375,53.150717310326954,65.88081204977078,521,13,45.57960059542091,38.73608382449247,934,23,51.18334040547541,53.798297314996724,705,18,52.424553768785806,61.55861165684349,586,17
153,65,52,"Garcia, Andrew",1000190083.0,EVA_OTT,Slider,R,150,227,57.88096409452788,80.07033997655334,64.02078462213815,91.06939704209329,0.0127797514548276,0.0,59.72291025281096,59.72291025281096,90.04584151931893,0.6872336340748136,0.0127797514548276,0.1956254627795355,171,57,29,25,10,6,5,18,0.4,0.20689655172413793,0.1724137931034483,0.6206896551724138,38.903626118848756,12.311722331368696,1340,159,63.758421712566154,89.19449901768172,158,35,52.59875050103927,60.37982973149967,601,76,36.90572226998421,9.037328094302556,1390,161
154,8,4,"Majick, Eli",828663.0,NEW_ENG23,Cutter,L,26,68,64.59936724135943,92.26260257913246,48.06477184322988,48.1797497155859,0.0036122095363826,0.0025888564982482,59.63898862192056,59.63898862192056,89.9803536345776,1.2730899524639003,0.0036122095363826,0.1900612810388698,67,5,7,4,0,2,3,2,0.0,0.2857142857142857,0.42857142857142855,0.2857142857142857,43.773125911930755,28.323510150622134,1101,23,36.49019003684828,5.50098231827112,1436,27,28.565664796771294,2.4230517354289454,1490,33,58.06422937611972,79.56777996070727,313,5
155,66,14,"Webster, Evan",804248.0,FLO_Y'A,Slider,L,76,111,59.284520947533366,84.75967174677609,60.39601887299234,84.92605233219568,0.010697138936883,0.0043281643531808,59.61797032517106,59.61797032517106,89.91486574983628,0.8096262075153282,0.010697138936883,0.200881715435665,131,40,11,5,1,4,1,6,0.2,0.36363636363636365,0.09090909090909091,0.5454545454545454,48.58729048009137,47.2822527832351,803,78,50.12430587470722,58.08775376555337,625,96,60.245641406942724,86.4112639161755,202,29,41.657900336602886,19.810085134250162,1220,113
156,24,6,"Binns, Malik",702238.0,NEW_JER6,Curveball,L,27,55,66.31708070198218,94.25556858147716,43.85983219964612,28.612059158134244,0.0011962575701093,0.0,59.57990615128136,59.57990615128136,89.84937786509497,1.4228775228276136,0.0011962575701093,0.185094832334157,50,9,4,6,1,3,1,0,0.16666666666666666,0.75,0.25,0.0,72.4575231305544,97.60969220694172,41,5,47.85195323506406,49.08316961362148,784,60,45.319498580996566,28.127046496398165,1114,50,76.11119131958824,98.91944990176817,22,8
157,21,14,"Wiltse, Ryan",813813.0,EVA_OTT,Changeup,L,99,150,65.77824343806908,93.6694021101993,45.09259063300169,34.52787258248009,0.0019045400696096,0.0,59.57254759654886,59.57254759654886,89.78388998035363,1.3758899859460485,0.0019045400696096,0.2026151708495275,55,11,31,33,10,16,5,10,0.30303030303030304,0.5161290322580645,0.16129032258064516,0.3225806451612903,58.00855877477128,81.33595284872298,286,34,57.14794130633152,79.40406024885395,316,14,53.6423708479988,65.94629993451213,521,44,55.73558912534959,73.47740667976424,406,40
158,25,16,"Kelly, Colin",1000456530.0,SUS_COU1,Four-Seam,R,49,82,58.4011435380835,81.82883939038686,62.14028239906405,88.62343572241184,0.0116993071610909,0.0,59.522885196377665,59.522885196377665,89.71840209561232,0.732594176906618,0.0116993071610909,0.2141339496626808,156,26,17,13,0,7,2,8,0.0,0.4117647058823529,0.11764705882352941,0.47058823529411764,51.560745066308215,58.808120497707925,625,38,36.49019003684828,5.50098231827112,1373,230,57.73704597401059,80.74656188605108,292,34,46.38678341269891,36.313032089063526,968,103
159,4,2,"Villers, Ian",677351.0,QUE_CAP,Splitter,R,25,64,65.23050830848695,92.96600234466588,46.069890585693486,38.8509670079636,0.0024660486624731,0.0024316840125628,59.4823229916489,59.4823229916489,89.65291421087099,1.3281265398627775,0.0024660486624731,0.2190534899414425,61,5,7,12,8,3,1,3,0.6666666666666666,0.42857142857142855,0.14285714285714285,0.42857142857142855,52.59909428689188,63.78519973804846,560,6,80.0,99.50884086444007,8,2,55.37179885153173,72.59332023575638,430,5,49.04074840438546,47.511460379829735,805,8
160,67,15,"Scott, Brandon",1000138331.0,LAK_ERI24,Slider,L,67,145,59.02439627523948,83.9390386869871,60.51391677971836,85.15358361774744,0.0107648772883737,0.0002020186337439,59.47125242658314,59.47125242658314,89.58742632612967,0.7869428883542662,0.0107648772883737,0.1942521378686856,138,43,16,17,4,5,3,8,0.23529411764705882,0.3125,0.1875,0.5,45.427994982235965,34.937786509495744,992,98,52.53032631668233,66.50294695481335,510,83,51.18334040547541,53.798297314996724,700,73,44.52900791851833,29.3713163064833,1057,95
161,25,7,"Eisenbarger, Jack",1000570067.0,QUE_CAP,Curveball,L,66,93,64.78233064018349,92.73153575615474,47.03674292253111,43.85665529010239,0.0030215545679724,0.0,59.458654324887775,59.458654324887775,89.52193844138834,1.289044675765311,0.0030215545679724,0.2123014419445755,63,14,9,10,3,3,2,4,0.3,0.3333333333333333,0.2222222222222222,0.4444444444444444,46.71511537025113,39.91486574983628,918,57,56.94136379363668,78.68369351669942,329,37,47.92565050298717,38.83431565160445,934,44,48.038139407526096,43.28749181401441,869,57
162,68,53,"Brito, Richard",695870.0,NEW_ENG23,Slider,R,36,73,58.59977825061088,82.29777256740914,61.325355591818166,86.91695108077361,0.0112310902093116,0.0029404414020484,59.41745145297307,59.41745145297307,89.45645055664701,0.7499154657370517,0.0112310902093116,0.1971251630272674,152,50,6,8,2,3,0,3,0.25,0.5,0.0,0.5,57.012078474372444,77.60314341846758,301,31,53.53283483417195,69.25343811394892,451,87,68.77486587891195,96.29993451211526,16,9,44.52900791851833,29.3713163064833,1054,128
163,26,10,"Morgan, Cooper",692707.0,QUE_CAP,Four-Seam,L,34,65,61.92009999341272,89.21453692848769,53.46907578313665,67.46302616609783,0.0067172573697989,0.0003057389466935,59.38479273032989,59.38479273032989,89.3909626719057,1.0394532367805336,0.0067172573697989,0.2078869660478983,93,12,10,7,2,4,2,4,0.2857142857142857,0.4,0.2,0.4,50.83390061189966,55.664702030124424,666,49,55.96749837664676,76.55533726260641,358,29,50.010572040579646,48.16633922724296,786,111,50.845444598732314,55.10805500982319,675,55
164,12,5,"Widener, Jacob",683179.0,SUS_COU1,Sinker,L,58,139,63.73970760665779,91.20750293083236,49.0117696972584,51.76336746302616,0.0041563080303973,0.0,59.321326233837965,59.321326233837965,89.32547478716437,1.1981261526372216,0.0041563080303973,0.1887158196363165,76,5,17,16,2,8,3,6,0.125,0.47058823529411764,0.17647058823529413,0.35294117647058826,55.194967338351034,72.52783235101506,420,41,45.01151243551012,35.59266535690897,985,60,52.218136021559914,58.51342501637197,633,43,53.81788538942124,66.17550753110675,516,51
165,27,11,"Mercado, Nelson",683319.0,OTT_TIT,Four-Seam,L,39,81,60.78683932233832,87.22157092614302,55.883173909784496,74.23208191126281,0.008104279684079,0.0,59.31573969857217,59.31573969857217,89.25998690242305,0.940630955649056,0.008104279684079,0.1694488963297452,110,15,10,6,0,3,0,7,0.0,0.3,0.0,0.7,44.655722749426864,31.761624099541585,1041,122,36.49019003684828,5.50098231827112,1395,221,68.77486587891195,96.29993451211526,33,2,31.896134558090367,3.2416502946954813,1479,236
166,69,16,"Widener, Jacob",683179.0,SUS_COU1,Slider,L,54,91,60.74124636096706,87.10433763188745,55.98245426223863,74.34584755403868,0.0081613213025217,0.001560690367994,59.31360873134852,59.31360873134852,89.19449901768172,0.9366551709410452,0.0081613213025217,0.2270218699672635,111,35,7,11,6,2,2,3,0.5454545454545454,0.2857142857142857,0.2857142857142857,0.42857142857142855,43.773125911930755,28.323510150622134,1092,101,73.67414232191811,97.51146037982973,39,5,41.96873182415151,19.05697445972495,1232,116,49.04074840438546,47.511460379829735,793,77
167,28,17,"Foster, Kobe",816330.0,WAS_WIL3,Four-Seam,R,261,442,58.7214313289718,82.76670574443142,60.40059640204851,84.98293515358361,0.0106997689604413,0.0017476506492702,59.225180850894816,59.225180850894816,89.1290111329404,0.7605238235642887,0.0106997689604413,0.1943929221686149,148,24,79,59,15,8,17,54,0.2542372881355932,0.10126582278481013,0.21518987341772153,0.6835443037974683,32.37757180755057,1.5717092337917484,1504,248,53.82169322056727,71.0543549443353,443,48,48.58543579969364,41.51931892599869,894,145,32.935548189011655,3.536345776031434,1474,237
168,22,15,"Tokar, Heitor",677573.0,OTT_TIT,Changeup,L,38,70,64.57235069892076,92.1453692848769,46.728170231055486,42.15017064846416,0.0028442638423263,0.0,59.219096558561176,59.219096558561176,89.06352324819909,1.270734063461291,0.0028442638423263,0.1976620655218411,68,14,10,10,1,5,1,4,0.1,0.5,0.1,0.4,57.012078474372444,77.60314341846758,351,39,43.307247955777754,26.39161755075311,1124,80,59.39271895974579,84.67583497053045,234,22,50.845444598732314,55.10805500982319,688,64
169,29,18,"Garcia, Brett",702286.0,OTT_TIT,Four-Seam,R,153,258,58.71943301348914,82.64947245017585,60.35545801769574,84.69852104664392,0.0106738346599103,0.0,59.21024051475112,59.21024051475112,88.99803536345776,0.7603495670146195,0.0106738346599103,0.2032695732357808,149,25,39,36,15,10,3,26,0.4166666666666667,0.2564102564102564,0.07692307692307693,0.6666666666666666,41.96267086065668,23.051735428945644,1175,158,64.89459803238773,90.56974459724951,144,11,61.55782978724568,88.73608382449247,166,16,34.001613451495025,4.715127701375246,1446,233
170,70,54,"Vilchez, Michael",699074.0,OTT_TIT,Slider,R,81,99,51.94983234417658,60.60961313012896,76.115653568759,98.4641638225256,0.0197288696087572,0.0159360815115441,59.199578711551304,59.199578711551304,88.93254747871644,0.170028736541956,0.0197288696087572,0.2287992585898311,337,96,13,16,6,3,3,7,0.375,0.23076923076923078,0.23076923076923078,0.5384615384615384,40.37852269079186,17.25605762933857,1258,151,62.05415723283379,87.06614276358874,191,41,47.123757603913134,35.52717747216765,974,117,42.09960919535911,21.28356254092993,1195,140
171,30,19,"Zaffiro, Cole",10994263.0,SCH_BOO,Four-Seam,R,159,289,60.11504687228677,86.28370457209847,57.0364993069949,77.18998862343572,0.0087669238591018,0.0,59.19148260269921,59.19148260269921,88.86705959397511,0.8820494976884096,0.0087669238591018,0.1952154293350657,118,17,40,39,10,10,5,25,0.2564102564102564,0.25,0.125,0.625,41.566633818190475,21.31630648330059,1187,162,53.96982572641102,71.18533071381793,441,47,57.04718222995426,78.42174197773411,317,41,36.63346206825085,8.316961362148003,1394,222
172,71,55,"Tokar, Heitor",677573.0,OTT_TIT,Slider,R,97,141,62.12312798312509,89.33177022274326,52.00477204427391,62.96928327645052,0.0058759403005932,0.0,59.08762120146973,59.08762120146973,88.8015717092338,1.057157626943384,0.0058759403005932,0.2183705281632681,92,28,33,28,5,14,7,12,0.17857142857142858,0.42424242424242425,0.21212121212121213,0.36363636363636365,52.331640699771846,62.180746561886046,578,67,48.66350774922233,52.06286836935167,734,126,48.87334211098375,43.811394891944985,859,104,53.14233066426467,64.07989521938441,545,57
173,72,56,"Campbell, AJ",1000132168.0,WIN_CIT29,Slider,R,231,373,54.37067477619415,69.87104337631888,70.04167440104673,96.01820250284416,0.0162390592530417,0.0,59.071974663649925,59.071974663649925,88.73608382449247,0.3811303634651279,0.0162390592530417,0.221085227187095,258,84,66,54,11,20,13,33,0.2037037037037037,0.30303030303030304,0.19696969696969696,0.5,44.84294026041089,32.711198428290764,1028,127,50.37678950133424,59.65946299934512,617,112,50.29487952297862,50.22920759659463,760,93,44.52900791851833,29.3713163064833,1038,124
174,73,17,"Hensey, Rob",802996.0,SUS_COU1,Slider,L,81,108,58.970098390743146,83.82180539273153,59.15950054290689,82.65073947667804,0.0099866961852346,0.0034385925687084,59.02691903639227,59.02691903639227,88.67059593975115,0.7822080193664862,0.0099866961852346,0.2111174476051545,139,44,24,25,5,12,3,9,0.2,0.5,0.125,0.375,57.012078474372444,77.60314341846758,307,32,50.12430587470722,58.08775376555337,627,97,57.04718222995426,78.42174197773411,314,39,52.424553768785806,61.55861165684349,577,60
175,74,57,"McCartney, Seth",823530.0,MIS_MUD,Slider,R,36,57,51.69321728983346,59.08558030480656,76.12161568937995,98.52104664391354,0.0197322951506813,0.0008239384797389,59.02173680969741,59.02173680969741,88.60510805500982,0.1476514621070966,0.0197322951506813,0.1961352362991918,350,99,7,3,0,3,0,4,0.0,0.42857142857142855,0.0,0.5714285714285714,52.59909428689188,63.78519973804846,534,56,36.49019003684828,5.50098231827112,1363,168,68.77486587891195,96.29993451211526,2,2,40.0172674326512,15.520628683693516,1283,149
176,5,3,"Pindel, Buddie",1000054422.0,SCH_BOO,Splitter,R,31,89,65.30693510855112,93.20046893317702,44.31600764363367,30.830489192263936,0.001458353593901,8.326672684688674e-17,59.009656869075876,59.009656869075876,88.53962017026849,1.334791088377252,0.001458353593901,0.221306023239716,59,4,15,10,1,7,5,3,0.1,0.4666666666666667,0.3333333333333333,0.2,54.95268585354818,71.67648984937787,433,4,43.307247955777754,26.39161755075311,1129,11,37.501042815024775,10.31434184675835,1380,9,63.47831795916028,90.9954158480681,140,3
177,6,3,"Pindel, Buddie",1000054422.0,SCH_BOO,Splitter,L,58,89,65.30693510855112,93.20046893317702,44.2968784318174,30.773606370876,0.0014473628875371,0.0,59.00391810553099,59.00391810553099,88.47413228552718,1.334791088377252,0.0014473628875371,0.221306023239716,59,4,14,16,4,10,2,2,0.25,0.7142857142857143,0.14285714285714285,0.14285714285714285,70.25103103681414,96.62737393582186,53,4,53.53283483417195,69.25343811394892,478,14,55.37179885153173,72.59332023575638,437,7,67.08771034785399,95.31761624099542,72,3
178,26,19,"Harris, Ben",1000390130.0,GAT_GRI,Curveball,R,156,242,61.83786060587127,88.98007033997656,52.32829291171908,63.76564277588168,0.0060618195145856,0.0,58.98499029762561,58.98499029762561,88.40864440078585,1.0322818206331816,0.0060618195145856,0.234295878773132,95,18,13,24,12,7,4,2,0.5,0.5384615384615384,0.3076923076923077,0.15384615384615385,59.38830072916967,83.9554682383759,247,31,70.57547963149563,95.87426326129666,59,7,39.90672151224686,14.276358873608382,1309,72,66.39359642695135,94.79371316306484,81,8
179,31,12,"Foy, Corbin",813822.0,LAK_ERI24,Four-Seam,L,48,96,65.78213171652283,93.78663540445488,43.10363246309856,25.14220705346985,0.000761782311185,0.0,58.978581940495545,58.978581940495545,88.34315651604453,1.376229050519875,0.000761782311185,0.176741651090717,54,7,9,13,3,2,1,6,0.23076923076923078,0.2222222222222222,0.1111111111111111,0.6666666666666666,39.850473300836924,15.160445317616242,1302,181,52.22186215745475,65.38965291421087,534,52,58.35025819094956,82.31827111984283,276,30,34.001613451495025,4.715127701375246,1462,232
180,75,58,"Kemlage, Joe",703240.0,NEW_ENG23,Slider,R,45,83,61.70529221448948,88.862837045721,52.57465492403821,64.50511945392492,0.0062033670369111,0.0,58.9661010273541,58.9661010273541,88.27766863130321,1.0207216287226484,0.0062033670369111,0.194839195178253,96,30,12,15,7,5,1,6,0.4666666666666667,0.4166666666666667,0.08333333333333333,0.5,51.863596922311785,60.28159790438769,607,70,68.30312699185247,94.30255402750491,88,16,60.956410112940155,87.59004584151931,190,23,44.52900791851833,29.3713163064833,1074,129
181,76,18,"Vail, Tyler",592821.0,NEW_YOR13,Slider,L,50,197,62.935802159093264,90.03516998827668,49.6874199160061,54.37997724687145,0.0045445034892756,0.0,58.96128748616711,58.96128748616711,88.21218074656188,1.1280242138952454,0.0045445034892756,0.2368036684007533,86,25,16,9,2,8,3,5,0.2222222222222222,0.5,0.1875,0.3125,57.012078474372444,77.60314341846758,341,35,51.63920763446932,63.42501637197119,562,89,51.18334040547541,53.798297314996724,703,74,56.37232669391955,74.59070072036673,390,40
182,77,59,"Belton, Hunter",10294453.0,MIS_MUD,Slider,R,75,99,49.941312575961405,51.58264947245017,79.99571139806044,99.37428896473264,0.0219581604277725,0.0137556180364696,58.95763222259111,58.95763222259111,88.14669286182057,-0.0051176443913149,0.0219581604277725,0.2446872626988818,414,115,15,17,4,8,2,5,0.23529411764705882,0.5333333333333333,0.13333333333333333,0.3333333333333333,59.071471095196706,83.33333333333334,253,24,52.53032631668233,66.50294695481335,508,95,56.26533665335708,75.8022265880812,366,43,55.05640238554163,70.43222003929273,415,39
183,78,60,"Langhorne, Miles",695680.0,SUS_COU1,Slider,R,31,61,58.9647395472584,83.70457209847598,58.91943430057762,81.96814562002275,0.0098487659033871,0.0,58.951147973254166,58.951147973254166,88.08120497707924,0.7817407189907599,0.0098487659033871,0.2234162008858859,140,45,8,10,5,6,1,1,0.5,0.75,0.125,0.125,72.4575231305544,97.60969220694172,32,5,70.57547963149563,95.87426326129666,57,14,57.04718222995426,78.42174197773411,315,40,68.21564546932076,96.39816633922725,49,5
184,79,19,"Morin, Jacob",822351.0,QUE_CAP,Slider,L,25,85,65.80604187707974,93.90386869871044,42.84981126927922,24.17519908987486,0.0006159491092208,0.0,58.91917269473958,58.91917269473958,88.01571709233792,1.3783140576755673,0.0006159491092208,0.2073383547798558,53,18,6,7,2,2,2,2,0.2857142857142857,0.3333333333333333,0.3333333333333333,0.3333333333333333,46.71511537025113,39.91486574983628,928,88,55.96749837664676,76.55533726260641,366,62,37.501042815024775,10.31434184675835,1383,124,55.05640238554163,70.43222003929273,468,45
185,80,61,"Gamelin, Shaun",815222.0,JOL_SLA,Slider,R,43,75,52.96413578869221,64.83001172332943,72.70206428704905,97.55403868031854,0.0177675887257413,0.0085779506361489,58.88551433819926,58.88551433819926,87.95022920759659,0.258477742763552,0.0177675887257413,0.2424349213289683,301,91,9,9,3,3,0,6,0.3333333333333333,0.3333333333333333,0.0,0.6666666666666666,46.71511537025113,39.91486574983628,883,110,59.21371643327984,83.00589390962672,240,52,68.77486587891195,96.29993451211526,4,3,34.001613451495025,4.715127701375246,1442,165
186,23,16,"Plumadore, Carson",1000207816.0,WIN_CIT29,Changeup,L,192,269,60.52555470188097,86.63540445486518,54.9708277315016,72.18430034129693,0.0075800903424537,0.0,58.85913661076715,58.85913661076715,87.88474132285528,0.9178464870115904,0.0075800903424537,0.1962221235089614,115,22,49,42,9,13,7,29,0.21428571428571427,0.2653061224489796,0.14285714285714285,0.5918367346938775,42.51227328693631,24.426981008513422,1155,99,51.09817129169714,61.62409954158481,584,39,55.37179885153173,72.59332023575638,413,38,38.72819872240345,12.901113294040604,1331,102
187,24,8,"Campbell, Tyler",809429.0,MIS_MUD,Changeup,R,72,97,60.93418978480568,87.45603751465416,53.98549413776375,69.226393629124,0.0070139660136875,0.0,58.8495810906931,58.8495810906931,87.81925343811395,0.9534801696017438,0.0070139660136875,0.2196920576046626,108,20,22,15,2,6,2,14,0.13333333333333333,0.2727272727272727,0.09090909090909091,0.6363636363636364,42.97076515057065,26.064178127046496,1123,78,45.57960059542091,38.73608382449247,932,55,60.245641406942724,86.4112639161755,206,19,35.915685172771994,7.039947609692207,1421,84
188,81,20,"Dima, Josh",1000098214.0,GAT_GRI,Slider,L,75,119,57.32676632378119,79.01524032825323,62.312125733286,88.8509670079636,0.0117980399079064,0.0,58.82237414663263,58.82237414663263,87.75376555337263,0.6389066345582366,0.0117980399079064,0.2041673804632952,180,62,18,18,5,9,3,6,0.2777777777777778,0.5,0.16666666666666666,0.3333333333333333,57.012078474372444,77.60314341846758,299,31,55.426462033874586,75.2128356254093,377,68,53.137954346968364,63.0648330058939,540,55,55.05640238554163,70.43222003929273,422,42
189,9,5,"Parsons, Billy",698892.0,SUS_COU1,Cutter,L,39,56,64.6477424845898,92.4970691676436,45.08179554835301,34.47098976109216,0.0018983377437278,0.0,58.77795840371876,58.77795840371876,87.6882776686313,1.2773083569390014,0.0018983377437278,0.1822736628433984,65,4,11,8,0,3,4,4,0.0,0.2727272727272727,0.36363636363636365,0.36363636363636365,42.97076515057065,26.064178127046496,1131,24,36.49019003684828,5.50098231827112,1464,28,34.65796799103503,6.614276358873608,1427,28,53.14233066426467,64.07989521938441,551,17
190,82,21,"Kemlage, Joe",703240.0,NEW_ENG23,Slider,L,38,83,61.70529221448948,88.862837045721,51.88750178405018,62.40045506257111,0.0058085625639817,0.0,58.75995508535769,58.75995508535769,87.62278978388997,1.0207216287226484,0.0058085625639817,0.194839195178253,96,30,5,9,4,3,0,2,0.4444444444444444,0.6,0.0,0.4,63.19025633684523,90.34053700065488,145,14,66.78822523209035,92.63261296660119,110,21,68.77486587891195,96.29993451211526,42,3,50.845444598732314,55.10805500982319,680,70
191,27,8,"Hohenstein, Liam",1000116556.0,WIN_CIT29,Curveball,L,45,103,65.23223904231051,93.08323563892144,43.60673588013381,27.24687144482366,0.0010508408453496,0.0,58.7445880936575,58.7445880936575,87.55730189914865,1.3282774628312015,0.0010508408453496,0.1684953146381509,60,13,8,10,2,3,2,3,0.2,0.375,0.25,0.375,49.289356146281456,49.574328749181404,773,52,50.12430587470722,58.08775376555337,650,53,45.319498580996566,28.127046496398165,1115,51,52.424553768785806,61.55861165684349,595,43
192,28,9,"Hill, Kaleb",1000371973.0,OTT_TIT,Curveball,L,111,222,66.0891643827938,94.021101992966,41.45531762345409,17.804323094425484,-0.0001852585063812,0.0,58.699010354991884,58.699010354991884,87.49181401440734,1.4030028274956627,-0.0001852585063812,0.1983239746585414,52,11,24,29,6,14,5,5,0.20689655172413793,0.5833333333333334,0.20833333333333334,0.20833333333333334,62.1605600264331,88.53962017026849,178,20,50.59444780015063,60.019646365422396,613,51,49.22872646398246,45.21938441388343,839,40,62.95194823580911,90.24230517354289,150,24
193,13,6,"Sabatine, Gino",1000229070.0,TRI_VAL,Sinker,L,36,54,59.56923602458968,85.4630715123095,56.63591473481753,75.99544937428895,0.0085367676221895,0.0021414432027826,58.689239637658034,58.689239637658034,87.42632612966601,0.8344538522976664,0.0085367676221895,0.1938140933861762,125,12,14,9,1,6,2,6,0.1111111111111111,0.42857142857142855,0.14285714285714285,0.42857142857142855,52.59909428689188,63.78519973804846,548,53,44.0646988356588,30.648330058939095,1047,69,55.37179885153173,72.59332023575638,409,22,49.04074840438546,47.511460379829735,792,75
194,32,13,"Anderson, Colt",1000568252.0,WAS_WIL3,Four-Seam,L,112,258,60.98296092613752,87.57327080890973,53.29521406496525,67.12172923777018,0.0066173649586161,0.0006114778933871,58.67663686778584,58.67663686778584,87.3608382449247,0.9577330970727288,0.0066173649586161,0.2152822439757369,107,14,36,26,4,15,9,12,0.15384615384615385,0.4166666666666667,0.25,0.3333333333333333,51.863596922311785,60.28159790438769,604,42,46.977971450585926,45.2521283562541,832,113,45.319498580996566,28.127046496398165,1078,166,55.05640238554163,70.43222003929273,436,29
195,33,20,"Brouwer, Adam",840585.0,LAK_ERI24,Four-Seam,R,41,50,57.90154611686391,80.18757327080891,60.39405431895963,84.86916951080774,0.0106960102005442,0.0089245287051706,58.64929857749263,58.64929857749263,87.29535036018336,0.6890284218491192,0.0106960102005442,0.2058001806215195,170,29,24,9,0,5,7,12,0.0,0.20833333333333334,0.2916666666666667,0.5,38.992393042160145,12.639161755075312,1333,199,36.49019003684828,5.50098231827112,1378,231,41.41027069801067,17.68172888015717,1257,209,44.52900791851833,29.3713163064833,1059,128
196,34,21,"Rodriguez, Joe Joe",689487.0,NEW_JER6,Four-Seam,R,48,83,58.37628403153322,81.59437280187574,59.07660652885732,82.36632536973833,0.0099390693526971,0.0086496109580974,58.586380780730444,58.586380780730444,87.22986247544205,0.7304263851462514,0.0099390693526971,0.2074968638729073,158,27,13,11,2,6,4,3,0.18181818181818182,0.46153846153846156,0.3076923076923077,0.23076923076923078,54.63585621957522,70.6286836935167,444,17,48.88484079853823,53.208906352324824,705,98,39.90672151224686,14.276358873608382,1307,222,61.5347989806329,87.3608382449247,192,8
197,29,10,"Heredia-Bustos, Rolando",837343.0,DOW_EAS1,Curveball,L,35,75,66.3068159383901,94.13833528722158,40.513534277893584,14.9032992036405,-0.0007263609997267,0.0,58.56883144024114,58.56883144024114,87.16437459070072,1.421982417774261,-0.0007263609997267,0.1774029820240336,51,10,10,7,3,2,3,5,0.42857142857142855,0.2,0.3,0.5,38.47754488695408,11.100196463654225,1366,71,65.706152546546,91.38834315651604,137,23,40.62842512141349,15.553372626064178,1295,60,44.52900791851833,29.3713163064833,1113,64
198,30,20,"Lefebvre, Charles",1000429097.0,TRO_AIG,Curveball,R,52,99,58.74633982675971,82.88393903868698,58.140385530515154,80.03412969283276,0.0094011627110971,0.0,58.56455353788634,58.56455353788634,87.0988867059594,0.7626958874449012,0.0094011627110971,0.2468764027270361,147,24,11,14,7,4,3,4,0.5,0.36363636363636365,0.2727272727272727,0.36363636363636365,48.58729048009137,47.2822527832351,805,67,70.57547963149563,95.87426326129666,58,6,43.18719246300426,21.807465618860512,1189,65,53.14233066426467,64.07989521938441,544,57
199,7,4,"Villers, Ian",677351.0,QUE_CAP,Splitter,L,39,64,65.23050830848695,92.96600234466588,42.69567998870184,23.492605233219567,0.0005273928392293,0.0,58.47005981255141,58.47005981255141,87.03339882121807,1.3281265398627775,0.0005273928392293,0.2190534899414425,61,5,13,14,8,7,2,4,0.5714285714285714,0.5384615384615384,0.15384615384615385,0.3076923076923077,59.38830072916967,83.9554682383759,251,6,75.44480671644524,98.1335952848723,29,3,54.34079369557941,68.3366077275704,494,10,56.67600153431445,75.44204322200393,379,5
200,10,5,"Bell, Brendan",681141.0,NEW_ENG23,Cutter,R,39,85,59.87232381764569,86.1664712778429,55.19222444335281,72.92377701934016,0.0077072940282758,0.0070023466160662,58.46829400535782,58.46829400535782,86.96791093647676,0.8608836295390355,0.0077072940282758,0.2176258367611201,119,7,12,9,2,4,2,6,0.2222222222222222,0.3333333333333333,0.16666666666666666,0.5,46.71511537025113,39.91486574983628,901,24,51.63920763446932,63.42501637197119,554,13,53.137954346968364,63.0648330058939,549,13,44.52900791851833,29.3713163064833,1070,24
201,8,4,"Shears, Tanner",808632.0,SCH_BOO,Splitter,R,33,69,65.50748517949478,93.43493552168816,41.92580979680428,19.56769055745165,8.506320752393545e-05,0.0,58.43298256468763,58.43298256468763,86.90242305173544,1.3522793997583769,8.506320752393545e-05,0.2037462941673458,57,3,8,11,3,3,2,3,0.2727272727272727,0.375,0.25,0.375,49.289356146281456,49.574328749181404,776,9,55.082166179383194,74.03405370006548,405,9,45.319498580996566,28.127046496398165,1121,8,52.424553768785806,61.55861165684349,597,7
202,35,14,"Brown, Ethan",690384.0,WAS_WIL3,Four-Seam,L,25,67,62.20665702296223,89.5662368112544,49.600541791881234,54.20932878270762,0.0044945875826048,0.0,58.42482245363793,58.42482245363793,86.83693516699411,1.0644415029907213,0.0044945875826048,0.2173317660913399,90,10,7,5,0,4,0,3,0.0,0.5714285714285714,0.0,0.42857142857142855,61.425062661853005,87.3608382449247,190,6,36.49019003684828,5.50098231827112,1426,231,68.77486587891195,96.29993451211526,49,5,49.04074840438546,47.511460379829735,801,82
203,9,5,"Shears, Tanner",808632.0,SCH_BOO,Splitter,L,36,69,65.50748517949478,93.43493552168816,41.82932093283584,19.34015927189989,2.962544137579774e-05,0.0,58.404035905497096,58.404035905497096,86.77144728225278,1.3522793997583769,2.962544137579774e-05,0.2037462941673458,57,3,8,12,4,6,1,1,0.3333333333333333,0.75,0.125,0.125,72.4575231305544,97.60969220694172,44,3,59.21371643327984,83.00589390962672,276,9,57.04718222995426,78.42174197773411,346,5,68.21564546932076,96.39816633922725,57,2
204,36,15,"Shears, Tanner",808632.0,SCH_BOO,Four-Seam,L,93,219,60.5748049861648,86.98710433763188,53.25744221414146,66.95108077360638,0.0065956631067461,0.00027086676404,58.379596154557795,58.379596154557795,86.70595939751145,0.9221411965727077,0.0065956631067461,0.1904826034103806,112,16,13,17,8,2,3,8,0.47058823529411764,0.15384615384615385,0.23076923076923078,0.6153846153846154,35.626078181197414,4.944335297969875,1451,226,68.57046259651636,94.5645055664702,83,4,47.123757603913134,35.52717747216765,981,145,37.24081174904066,9.528487229862476,1382,215
205,25,9,"Miner, Jace",701731.0,DOW_EAS1,Changeup,R,89,156,63.28519095678936,90.50410316529894,46.80903381881578,42.60523321956769,0.002890724091559,0.0,58.34234381539728,58.34234381539728,86.64047151277013,1.158491518436379,0.002890724091559,0.2186001190804357,82,18,20,16,3,8,3,9,0.1875,0.4,0.15,0.45,50.83390061189966,55.664702030124424,678,62,49.27217363484103,54.91159135559921,689,38,54.70164550016272,69.67910936476753,465,35,47.68722625862532,41.87950229207596,889,64
206,37,16,"Correa, Nelvin",673388.0,QUE_CAP,Four-Seam,L,41,86,67.17771390249735,94.95896834701055,37.60716612409581,7.224118316268487,-0.0023962175139803,-8.326672684688674e-17,58.306549568976884,58.306549568976884,86.57498362802882,1.4979262192689735,-0.0023962175139803,0.1917699134763399,44,6,13,11,0,5,1,7,0.0,0.38461538461538464,0.07692307692307693,0.5384615384615384,49.88341170998077,52.030124426981004,743,60,36.49019003684828,5.50098231827112,1512,244,61.55782978724568,88.73608382449247,181,19,42.09960919535911,21.28356254092993,1210,171
207,26,10,"Maietta, Dante",1000137704.0,WIN_CIT29,Changeup,R,109,259,63.320980346428506,90.62133645955451,46.50398891481926,41.24004550625711,0.0027154602594761,0.0,58.275882916945726,58.275882916945726,86.50949574328749,1.1616124148150475,0.0027154602594761,0.1856790838494793,81,17,23,27,9,11,2,10,0.3333333333333333,0.4782608695652174,0.08695652173913043,0.43478260869565216,55.66899633035662,73.28094302554028,408,40,59.21371643327984,83.00589390962672,263,12,60.61647725355008,87.06614276358874,199,17,48.64842314474484,45.77603143418468,829,59
208,31,11,"Townes, Holland",830218.0,SCH_BOO,Curveball,L,26,82,68.71239031909197,96.13130128956624,33.665157978239904,2.957906712172924,-0.0046611019447421,0.0,58.198220616836345,58.198220616836345,86.44400785854617,1.6317526443427202,-0.0046611019447421,0.1894943348334304,34,4,4,7,4,2,1,1,0.5714285714285714,0.5,0.25,0.25,57.012078474372444,77.60314341846758,394,33,75.44480671644524,98.1335952848723,30,9,45.319498580996566,28.127046496398165,1139,53,60.32009961905328,84.61034708578913,261,28
209,27,17,"Hensey, Rob",802996.0,SUS_COU1,Changeup,L,55,277,60.54500244637461,86.75263774912075,52.663867963170944,64.9032992036405,0.006254624471162,0.0004127881045987,58.1806621014135,58.1806621014135,86.37851997380484,0.9195423638056744,0.006254624471162,0.21208716790052,114,21,9,20,14,6,1,2,0.7,0.6666666666666666,0.1111111111111111,0.2222222222222222,67.30904157849375,94.8264571054355,76,6,80.0,99.67256057629339,6,1,58.35025819094956,82.31827111984283,268,25,62.07466536355717,88.37590045841519,176,17
210,38,22,"Albert, Wes",670784.0,TRI_VAL,Four-Seam,R,54,125,53.04173085591509,64.947245017585,70.03068731366666,95.9613196814562,0.0162327466118127,0.0203200091551094,58.13841779324056,58.13841779324056,86.31303208906353,0.2652441661851346,0.0162327466118127,0.1927850158328632,300,62,17,13,3,4,2,11,0.23076923076923078,0.23529411764705882,0.11764705882352941,0.6470588235294118,40.65807825017977,18.14014407334643,1248,178,52.22186215745475,65.38965291421087,522,64,57.73704597401059,80.74656188605108,291,33,35.240130447615414,6.286836935166994,1431,229
211,10,6,"Vitas, Ben",1000076969.0,JOL_SLA,Splitter,L,91,127,63.90619440952729,91.44196951934347,44.63590729902978,32.3094425483504,0.0016421522371571,0.0,58.12510827637803,58.12510827637803,86.2475442043222,1.2126440884112144,0.0016421522371571,0.186629501608632,74,6,16,23,11,12,0,4,0.4782608695652174,0.75,0.0,0.25,72.4575231305544,97.60969220694172,39,2,69.09351051868487,94.8264571054355,80,4,68.77486587891195,96.29993451211526,70,3,60.32009961905328,84.61034708578913,242,4
212,83,62,"Ronne, Andrew",701809.0,GAT_GRI,Slider,R,86,142,58.92631801291717,83.35287221570925,56.20363792567712,75.02844141069397,0.008288402581181,0.0,58.109513986745156,58.109513986745156,86.18205631958088,0.7783902950635156,0.008288402581181,0.2056589153525013,143,47,13,16,5,3,0,10,0.3125,0.23076923076923078,0.0,0.7692307692307693,40.37852269079186,17.25605762933857,1263,154,57.79349603350287,80.55009823182712,298,58,68.77486587891195,96.29993451211526,32,12,27.523216856403756,0.8840864440078585,1514,176
213,14,8,"Turner, Eric",1000080978.0,JOL_SLA,Sinker,R,46,91,56.766395183196565,77.2567409144197,61.05661043472189,86.0637087599545,0.0110766824304262,0.0113274784151749,58.05345975865416,58.05345975865416,86.11656843483956,0.5900413065659398,0.0110766824304262,0.2131409701516672,195,16,21,17,1,6,6,9,0.058823529411764705,0.2857142857142857,0.2857142857142857,0.42857142857142855,43.773125911930755,28.323510150622134,1089,107,40.50022410680679,15.324165029469548,1290,86,41.96873182415151,19.05697445972495,1231,108,49.04074840438546,47.511460379829735,790,91
214,84,63,"Smith, Jackson",1000333915.0,MIS_MUD,Slider,R,82,129,59.1818068192066,84.64243845252052,55.41833813609761,73.54948805460751,0.0078372078598385,-1.1102230246251563e-16,58.0527662142739,58.0527662142739,86.05108055009823,0.8006693587295505,0.0078372078598385,0.2167009423937937,132,41,34,33,11,13,5,16,0.3333333333333333,0.38235294117647056,0.14705882352941177,0.47058823529411764,49.74363393028681,51.14603798297315,746,91,59.21371643327984,83.00589390962672,248,54,54.977590997785256,70.56319580877538,449,58,46.38678341269891,36.313032089063526,973,117
215,28,11,"Hocom, Quinn",1000152021.0,TRI_VAL,Changeup,R,27,101,59.43663375809832,85.11137162954279,54.7320291927666,71.4448236632537,0.0074428884208802,0.0035849402100538,58.0252523884988,58.0252523884988,85.98559266535692,0.822890706419273,0.0074428884208802,0.2205952465010796,128,23,6,5,1,3,2,1,0.2,0.5,0.3333333333333333,0.16666666666666666,57.012078474372444,77.60314341846758,320,31,50.12430587470722,58.08775376555337,632,34,37.501042815024775,10.31434184675835,1355,79,65.58379685256494,93.77865094957433,89,6
216,85,22,"Harris, Everette",810834.0,TRI_VAL,Slider,L,29,53,56.48409128500936,76.20164126611958,61.3244503158377,86.86006825938567,0.0112305700821587,0.0042942076136376,57.936198994257865,57.936198994257865,85.92010478061559,0.5654239207312057,0.0112305700821587,0.2152198896085246,204,70,6,5,0,2,1,3,0.0,0.3333333333333333,0.16666666666666666,0.5,46.71511537025113,39.91486574983628,891,85,36.49019003684828,5.50098231827112,1377,134,53.137954346968364,63.0648330058939,541,56,44.52900791851833,29.3713163064833,1055,94
217,29,18,"Pardinho, Eric",672078.0,OTT_TIT,Changeup,L,102,119,57.51887609003005,79.71864009378663,58.850177712163,81.68373151308305,0.0098089744663773,0.0033388822686272,57.91826657666993,57.91826657666993,85.85461689587426,0.6556589368421837,0.0098089744663773,0.2273298466489143,174,31,17,31,18,10,2,5,0.5806451612903226,0.5882352941176471,0.11764705882352941,0.29411764705882354,62.46341188243667,88.99803536345776,167,19,76.073106985471,98.2973149967256,27,2,57.73704597401059,80.74656188605108,293,27,57.53343637778241,78.12704649639817,331,33
218,32,21,"Eisenbarger, Jack",1000570067.0,QUE_CAP,Curveball,R,27,93,64.78233064018349,92.73153575615474,41.589352938427695,18.25938566552901,-0.0001082483920376,0.0,57.824437329656746,57.824437329656746,85.78912901113294,1.289044675765311,-0.0001082483920376,0.2123014419445755,63,14,4,2,1,2,1,1,0.5,0.5,0.25,0.25,57.012078474372444,77.60314341846758,376,45,70.57547963149563,95.87426326129666,75,11,45.319498580996566,28.127046496398165,1123,62,60.32009961905328,84.61034708578913,250,29
219,86,64,"Long, Jalon",809215.0,NEW_YOR13,Slider,R,122,156,55.91323557975438,74.44314185228606,62.20552912011422,88.73720136518772,0.011736794725093,0.0008239384797389,57.800923641862326,57.800923641862326,85.72364112639161,0.5156443206532001,0.011736794725093,0.2301779474529267,219,74,27,33,10,14,3,10,0.30303030303030304,0.5185185185185185,0.1111111111111111,0.37037037037037035,58.15618548594148,81.56516044531762,282,26,57.14794130633152,79.40406024885395,314,61,58.35025819094956,82.31827111984283,259,33,52.71698139286979,62.835625409299276,566,61
220,33,22,"Cook, Cole",1000161363.0,SCH_BOO,Curveball,R,65,114,63.80042863616939,91.32473622508792,43.560608083958485,26.84869169510808,0.0010243380773397,0.0,57.728482470506115,57.728482470506115,85.6581532416503,1.2034211309261085,0.0010243380773397,0.1967625398305038,75,15,15,21,9,7,3,5,0.42857142857142855,0.4666666666666667,0.2,0.3333333333333333,54.95268585354818,71.67648984937787,434,48,65.706152546546,91.38834315651604,135,15,50.010572040579646,48.16633922724296,806,48,55.05640238554163,70.43222003929273,466,54
221,87,23,"Sechrist, Zander",801415.0,WAS_WIL3,Slider,L,48,80,58.27977642874083,81.12543962485346,56.09502458737271,74.5164960182025,0.0082259986870751,0.0009787268633462,57.624350876330396,57.624350876330396,85.59266535690897,0.7220107560699927,0.0082259986870751,0.2237511279166309,162,54,12,14,2,7,2,3,0.14285714285714285,0.5833333333333334,0.16666666666666666,0.25,62.1605600264331,88.53962017026849,174,19,46.228844206747524,41.87950229207596,874,116,53.137954346968364,63.0648330058939,547,58,60.32009961905328,84.61034708578913,223,20
222,30,12,"Rohde, Isaac",1000135938.0,NEW_YOR13,Changeup,R,551,801,58.37625129295221,81.47713950762017,55.85690166067385,74.11831626848692,0.0080891849390226,0.00250413704478,57.6204464032687,57.6204464032687,85.52717747216765,0.7304235302856366,0.0080891849390226,0.2172190632758266,159,28,171,156,19,75,28,68,0.12179487179487179,0.43859649122807015,0.16374269005847952,0.39766081871345027,53.21846048864354,66.2082514734774,517,52,44.79301698939058,33.726260641781266,1013,58,53.412286128230534,65.35690897184021,530,39,50.99319750353264,56.843483955468244,660,53
223,88,65,"Smith, Ethan",680733.0,WIN_CIT29,Slider,R,30,58,48.01178297689518,44.19695193434936,80.0,99.7155858930603,0.0235074705800089,0.0101242944815844,57.60824808382662,57.60824808382662,85.46168958742632,-0.1733759466137454,0.0235074705800089,0.2818536590275605,477,130,6,5,0,3,1,2,0.0,0.5,0.16666666666666666,0.3333333333333333,57.012078474372444,77.60314341846758,291,27,36.49019003684828,5.50098231827112,1361,166,53.137954346968364,63.0648330058939,533,69,55.05640238554163,70.43222003929273,413,37
224,89,66,"Pardinho, Eric",672078.0,OTT_TIT,Slider,R,121,151,53.2014027495426,65.65064478311841,67.83900205667058,94.3117178612059,0.01497351181776,0.0,57.592682541681,57.592682541681,85.396201702685,0.2791678301431308,0.01497351181776,0.2369978175316875,294,89,30,32,9,20,6,4,0.28125,0.6666666666666666,0.2,0.13333333333333333,67.30904157849375,94.8264571054355,68,7,55.66316543383741,75.6385068762279,373,70,50.010572040579646,48.16633922724296,765,95,67.6892757459696,95.80877537655533,65,6
225,39,17,"Garcia, Brett",702286.0,OTT_TIT,Four-Seam,L,105,258,58.71943301348914,82.64947245017585,54.96206860625327,72.07053469852104,0.0075750577789307,0.004599973413151,57.59222369131838,57.59222369131838,85.33071381794369,0.7603495670146195,0.0075750577789307,0.2032695732357808,149,25,38,32,8,11,11,16,0.25,0.2894736842105263,0.2894736842105263,0.42105263157894735,44.005388237587624,29.20759659462999,1082,132,53.53283483417195,69.25343811394892,460,43,41.61601953395729,17.976424361493123,1253,202,49.51566845552937,49.60707269155206,768,76
226,90,24,"Milburn, Isaac",830926.0,FLO_Y'A,Slider,L,79,180,54.91256877076456,71.39507620164126,63.65860622962003,90.6712172923777,0.0125716615240051,0.0114037544812878,57.53638000842119,57.53638000842119,85.26522593320236,0.4283844525213789,0.0125716615240051,0.210766928806667,245,82,14,18,5,5,4,5,0.2777777777777778,0.35714285714285715,0.2857142857142857,0.35714285714285715,48.186110099411316,46.10347085789129,823,81,55.426462033874586,75.2128356254093,376,67,41.96873182415151,19.05697445972495,1229,115,53.55248889025259,65.4551407989522,526,52
227,40,23,"Johnson, Preston",699980.0,MIS_MUD,Four-Seam,R,28,90,49.98904603869417,51.69988276670574,75.09134840548465,98.06598407281,0.0191403541286236,0.0206170206914554,57.51973674873131,57.51973674873131,85.19973804846104,-0.0009552042802641,0.0191403541286236,0.1976990255205554,413,102,10,5,2,2,0,8,0.4,0.2,0.0,0.8,38.47754488695408,11.100196463654225,1344,204,63.758421712566154,89.19449901768172,156,14,68.77486587891195,96.29993451211526,3,1,25.57969787787638,0.5566470203012442,1518,249
228,34,12,"Cook, Cole",1000161363.0,SCH_BOO,Curveball,L,49,114,63.80042863616939,91.32473622508792,42.862421186815446,24.28896473265074,0.0006231941490189,0.0,57.519026401363206,57.519026401363206,85.13425016371971,1.2034211309261085,0.0006231941490189,0.1967625398305038,75,15,7,8,4,4,0,3,0.5,0.5714285714285714,0.0,0.42857142857142855,61.425062661853005,87.3608382449247,197,21,70.57547963149563,95.87426326129666,72,13,68.77486587891195,96.29993451211526,80,4,49.04074840438546,47.511460379829735,809,55
229,91,25,"Plumadore, Carson",1000207816.0,WIN_CIT29,Slider,L,37,115,62.94759395027143,90.15240328253223,44.83267307135941,32.992036405005685,0.0017552041938672,0.0,57.51311768659782,57.51311768659782,85.0687622789784,1.129052478382486,0.0017552041938672,0.1744612779353882,85,24,8,8,3,1,1,6,0.375,0.125,0.125,0.75,33.84391149009949,2.8159790438768826,1488,139,62.05415723283379,87.06614276358874,200,35,57.04718222995426,78.42174197773411,338,43,28.737916217983376,1.4734774066797642,1509,143
230,41,24,"Calderon, Jean",703300.0,LAK_ERI24,Four-Seam,R,51,87,54.9702238888686,71.74677608440797,63.34719392751094,90.27303754266212,0.01239273929744,0.0,57.483314900461295,57.483314900461295,85.00327439423707,0.4334120780583567,0.01239273929744,0.2427353845471958,242,43,13,14,2,4,1,8,0.14285714285714285,0.3076923076923077,0.07692307692307693,0.6153846153846154,45.130967200386316,33.66077275703995,1010,111,46.228844206747524,41.87950229207596,868,125,61.55782978724568,88.73608382449247,165,15,37.24081174904066,9.528487229862476,1379,217
231,42,25,"Glickstein, Aaron",1000292360.0,SCH_BOO,Four-Seam,R,75,184,56.14013035943437,75.3810082063306,60.55933751172563,85.26734926052332,0.0107909738120111,0.0094450061945038,57.465892505121744,57.465892505121744,84.93778650949574,0.5354299359817047,0.0107909738120111,0.2111302090411961,211,34,32,24,5,11,11,10,0.20833333333333334,0.34375,0.34375,0.3125,47.35867556425871,43.222003929273086,867,83,50.692394034618005,60.41257367387033,603,77,36.5237358442783,8.087753765553373,1403,234,56.37232669391955,74.59070072036673,386,19
232,43,18,"Brothers, Kellen",1000131959.0,SUS_COU1,Four-Seam,L,181,351,51.48415220666567,57.91324736225087,71.37808245067885,96.81456200227532,0.01700689373556,0.0196377722214847,57.45233127986961,57.45233127986961,84.87229862475442,0.1294206270036458,0.01700689373556,0.23227243307574,360,86,54,39,6,10,9,35,0.15384615384615385,0.18518518518518517,0.16666666666666666,0.6481481481481481,37.56225927769886,8.546168958742632,1397,206,46.977971450585926,45.2521283562541,828,112,53.137954346968364,63.0648330058939,535,65,35.17132394783095,6.155861165684348,1434,228
233,44,26,"Anderson, Colt",1000568252.0,WAS_WIL3,Four-Seam,R,146,258,60.98296092613752,87.57327080890973,49.189031309692986,52.44596131968146,0.0042581538539776,0.0,57.44478204120416,57.44478204120416,84.80681074001309,0.9577330970727288,0.0042581538539776,0.2152822439757369,107,14,56,47,6,24,14,18,0.1276595744680851,0.42857142857142855,0.25,0.32142857142857145,52.59909428689188,63.78519973804846,556,28,45.19281716739654,37.32809430255403,958,147,45.319498580996566,28.127046496398165,1093,187,55.80835913318615,73.54289456450557,405,21
234,45,27,"Brothers, Kellen",1000131959.0,SUS_COU1,Four-Seam,R,170,351,51.48415220666567,57.91324736225087,71.33473585198251,96.75767918088737,0.0169819889071372,0.01468482462775,57.439327300260715,57.439327300260715,84.74132285527178,0.1294206270036458,0.0169819889071372,0.23227243307574,360,86,47,36,8,9,10,28,0.2222222222222222,0.19148936170212766,0.2127659574468085,0.5957446808510638,37.9517425156798,9.692206941715781,1380,216,51.63920763446932,63.42501637197119,546,68,48.812851157281834,43.5494433529797,862,136,38.48135577788792,12.311722331368696,1340,204
235,92,67,"Boies, Emiles",1000429129.0,QUE_CAP,Slider,R,55,73,55.01313179868461,72.21570926143025,63.06834805015713,90.04550625711035,0.0122325281403766,0.0,57.42969667412636,57.42969667412636,84.67583497053045,0.4371537216491311,0.0122325281403766,0.2422254880431337,238,79,12,10,1,3,2,7,0.1,0.25,0.16666666666666666,0.5833333333333334,41.566633818190475,21.31630648330059,1184,145,43.307247955777754,26.39161755075311,1109,155,53.137954346968364,63.0648330058939,539,73,39.265310685006675,13.948919449901767,1312,154
236,15,7,"McCartney, Seth",823530.0,MIS_MUD,Sinker,L,67,120,56.74844711703744,77.13950762016412,58.8265387675439,81.56996587030717,0.0097953926888552,0.0042828864055652,57.37187461218937,57.37187461218937,84.61034708578913,0.5884762043039323,0.0097953926888552,0.2384326566202172,196,17,17,19,0,7,5,5,0.0,0.4117647058823529,0.29411764705882354,0.29411764705882354,51.560745066308215,58.808120497707925,627,61,36.49019003684828,5.50098231827112,1381,111,41.18031611665856,17.026850032743944,1265,107,57.53343637778241,78.12704649639817,332,33
237,31,19,"Gartland, Chad",1000103698.0,TRI_VAL,Changeup,L,44,52,59.170531486974255,84.52520515826495,53.13140178004474,66.4391353811149,0.006523246458614,0.0003932115161508,57.358792574895396,57.358792574895396,84.5448592010478,0.7996861303513355,0.006523246458614,0.2056817822546561,133,24,18,17,1,6,4,8,0.058823529411764705,0.3333333333333333,0.2222222222222222,0.4444444444444444,46.71511537025113,39.91486574983628,906,86,40.50022410680679,15.324165029469548,1291,89,47.92565050298717,38.83431565160445,928,73,48.038139407526096,43.28749181401441,861,75
238,93,68,"Cerda, Junior",693702.0,EVA_OTT,Slider,R,54,84,49.41502183254881,49.00351699882767,75.8509050128147,98.29351535836176,0.0195767580807647,0.0008239384797389,57.34578678662858,57.34578678662858,84.47937131630648,-0.0510111030896618,0.0195767580807647,0.2324291801792913,436,121,5,9,3,2,1,2,0.3333333333333333,0.4,0.2,0.4,50.83390061189966,55.664702030124424,656,76,59.21371643327984,83.00589390962672,238,50,50.010572040579646,48.16633922724296,764,94,50.845444598732314,55.10805500982319,661,76
239,94,69,"Castro, Alexander",669418.0,TRO_AIG,Slider,R,71,126,50.20504483958288,52.637749120750286,73.97752055988673,97.83845278725823,0.018500403308457,0.0130981597391958,57.336787555674036,57.336787555674036,84.41388343156517,0.0178802629430444,0.018500403308457,0.2527365385321583,405,113,13,15,5,6,3,4,0.3333333333333333,0.46153846153846156,0.23076923076923078,0.3076923076923077,54.63585621957522,70.6286836935167,441,44,59.21371643327984,83.00589390962672,239,51,47.123757603913134,35.52717747216765,976,118,56.67600153431445,75.44204322200393,371,34
240,46,28,"Ortiz, Julio",683650.0,GAT_GRI,Four-Seam,R,176,330,59.40446845308883,84.99413833528722,52.27585368104463,63.651877133105806,0.0060316905060394,0.0,57.26588402147557,57.26588402147557,84.34839554682384,0.8200858364582297,0.0060316905060394,0.1985349596541367,129,20,36,41,8,11,5,20,0.1951219512195122,0.3055555555555556,0.1388888888888889,0.5555555555555556,44.99895485289758,32.90766208251473,1026,117,49.79176646402773,56.4505566470203,666,87,55.74410626895896,74.72167648984937,386,53,41.01987642951056,18.3366077275704,1244,178
241,47,19,"Agosto, Justus",1000116159.0,TRI_VAL,Four-Seam,L,45,78,53.46278746748953,66.58851113716295,66.08780488694917,93.11717861205916,0.0139673598621722,0.0083908781749012,57.250292693327424,57.250292693327424,84.28290766208252,0.301961027453979,0.0139673598621722,0.2210279241416702,286,54,16,12,1,8,1,7,0.08333333333333333,0.5,0.0625,0.4375,57.012078474372444,77.60314341846758,295,14,42.171071635956174,21.676489849377862,1190,185,62.911024054433106,90.89718402095612,139,14,48.476780843652065,45.284872298624755,833,90
242,32,13,"Morgan, Cooper",692707.0,QUE_CAP,Changeup,R,59,74,65.63529576065925,93.55216881594372,37.62842916339447,7.281001137656427,-0.0023840008150603,0.0,57.23323578147981,57.23323578147981,84.21741977734119,1.3634247024286257,-0.0023840008150603,0.1901036356678455,56,12,17,15,4,5,3,9,0.26666666666666666,0.29411764705882354,0.17647058823529413,0.5294117647058824,44.29230052222259,30.12442698100851,1073,76,54.66901115399353,72.65880812049771,423,24,52.218136021559914,58.51342501637197,644,47,42.671232424337745,23.64112639161755,1171,80
243,95,70,"Perdomo, Rafael",1000557553.0,QUE_CAP,Slider,R,46,84,47.4725948745652,41.73505275498242,80.0,99.65870307167236,0.0231957176132581,0.0144751323528663,57.230816412195644,57.230816412195644,84.15193189259988,-0.2203940772091411,0.0231957176132581,0.2607460522595014,498,135,7,11,4,1,1,5,0.36363636363636365,0.14285714285714285,0.14285714285714285,0.7142857142857143,34.94715753696963,4.191224623444663,1460,170,61.279491560228166,86.18205631958088,208,45,55.37179885153173,72.59332023575638,392,45,30.99378646091694,2.75049115913556,1482,173
244,35,23,"Sechrist, Zander",801415.0,WAS_WIL3,Curveball,R,54,92,59.13200896863747,84.29073856975381,52.71397353718991,65.24459613196815,0.0062834126751156,0.0,57.206598339203204,57.206598339203204,84.08644400785855,0.796326900445862,0.0062834126751156,0.2054374083769347,135,23,18,13,2,3,5,10,0.15384615384615385,0.16666666666666666,0.2777777777777778,0.5555555555555556,36.418152266129816,6.221349050425671,1429,83,46.977971450585926,45.2521283562541,834,54,42.71334665900597,20.726915520628683,1211,68,41.01987642951056,18.3366077275704,1243,80
245,36,13,"Hickey, Matt",806277.0,GAT_GRI,Curveball,L,26,62,65.48903852146994,93.3177022274326,37.86421145337727,7.736063708759955,-0.0022485318820007,0.0,57.20159040104213,57.20159040104213,84.02095612311722,1.3506708194274823,-0.0022485318820007,0.1896258515496025,58,12,4,6,3,4,0,0,0.5,1.0,0.0,0.0,80.0,99.77079240340537,5,1,70.57547963149563,95.87426326129666,76,15,68.77486587891195,96.29993451211526,103,10,76.11119131958824,98.91944990176817,28,10
246,96,26,"Odonnell, Brendan",1000423478.0,NEW_ENG23,Slider,L,85,210,57.23857251913991,78.78077373974209,56.96001052910589,76.84869169510807,0.008722977160932,0.0,57.1550039221297,57.1550039221297,83.9554682383759,0.6312159829907977,0.008722977160932,0.2154761361590103,182,63,13,21,13,5,1,7,0.6190476190476191,0.38461538461538464,0.07692307692307693,0.5384615384615384,49.88341170998077,52.030124426981004,730,70,78.69102477307833,99.14865749836281,14,1,61.55782978724568,88.73608382449247,169,25,42.09960919535911,21.28356254092993,1200,111
247,16,9,"Aldeano, Austin",699054.0,TRO_AIG,Sinker,R,25,70,54.3183358545629,69.51934349355217,63.60635196817388,90.50056882821389,0.0125416387897003,0.0206520159806836,57.10474068864619,57.10474068864619,83.88998035363457,0.3765663194110291,0.0125416387897003,0.2180649832253496,261,25,12,7,1,3,3,6,0.14285714285714285,0.25,0.25,0.5,41.566633818190475,21.31630648330059,1183,113,46.228844206747524,41.87950229207596,866,38,45.319498580996566,28.127046496398165,1063,92,44.52900791851833,29.3713163064833,1050,110
248,37,24,"Langrell, Connor",815223.0,MIS_MUD,Curveball,R,59,114,56.35208708357808,75.84994138335287,58.81448368180836,81.51308304891923,0.009788466428182,0.0,57.09080606304716,57.09080606304716,83.82449246889325,0.5539129271554643,0.009788466428182,0.2293663095740493,207,34,11,10,2,6,2,3,0.2,0.5454545454545454,0.18181818181818182,0.2727272727272727,59.8203411391328,84.80681074001309,227,27,50.12430587470722,58.08775376555337,628,49,51.71641693497349,55.95939751146039,663,44,58.88454582809556,81.17223313686968,283,32
249,48,20,"Dima, Josh",1000098214.0,GAT_GRI,Four-Seam,L,92,238,59.29783022964635,84.87690504103166,51.93326296073303,62.6848691695108,0.0058348546904227,0.0,57.08846004897235,57.08846004897235,83.75900458415192,0.8107867998240516,0.0058348546904227,0.2049376207053844,130,21,23,18,3,10,8,5,0.16666666666666666,0.43478260869565216,0.34782608695652173,0.21739130434782608,52.98283204232497,65.35690897184021,530,35,47.85195323506406,49.08316961362148,766,96,36.14131137746446,7.694826457105436,1410,229,62.37980723216654,89.2272429600524,165,8
250,49,29,"Brouwer, Adam",10998502.0,LAK_ERI24,Four-Seam,R,97,165,56.05817120230823,75.14654161781947,59.48489423094509,83.33333333333334,0.0101736514300331,0.0013490157851663,57.086188110899286,57.086188110899286,83.69351669941061,0.5282829564089119,0.0101736514300331,0.1970619474032022,213,35,48,29,6,13,9,26,0.20689655172413793,0.2708333333333333,0.1875,0.5416666666666666,42.853754206205636,25.409299279633267,1140,147,50.59444780015063,60.019646365422396,611,80,51.18334040547541,53.798297314996724,701,105,41.89715930176251,20.530451866404714,1214,166
251,11,6,"Good, Ty",688612.0,GAT_GRI,Cutter,R,40,58,58.578828128888304,82.18053927315357,53.4912144575249,67.57679180887372,0.0067299771656706,0.0,57.05254402747928,57.05254402747928,83.62802881466929,0.7480885790626517,0.0067299771656706,0.2069648171174745,153,8,17,14,1,5,2,10,0.07142857142857142,0.29411764705882354,0.11764705882352941,0.5882352941176471,44.29230052222259,30.12442698100851,1068,29,41.3595171217979,18.696791093647676,1237,28,57.73704597401059,80.74656188605108,294,9,38.95568143597658,13.195808775376555,1328,31
252,97,71,"Fauci, Sonny",688649.0,NEW_JER6,Slider,R,82,127,55.00982424744685,72.09847596717468,61.81488356327815,87.94084186575654,0.0115123489586493,0.0,57.05134204219624,57.05134204219624,83.56254092992796,0.4368652974881085,0.0115123489586493,0.2676168131534571,239,80,16,20,9,5,4,7,0.45,0.3125,0.25,0.4375,45.427994982235965,34.937786509495744,990,122,67.1669506720309,93.25474787164374,103,18,45.319498580996566,28.127046496398165,1065,129,48.476780843652065,45.284872298624755,834,99
253,50,21,"Glickstein, Aaron",1000292360.0,SCH_BOO,Four-Seam,L,108,184,56.14013035943437,75.3810082063306,59.01914008067951,82.19567690557452,0.0099060519516788,0.0033313637340697,57.00383327580791,57.00383327580791,83.49705304518665,0.5354299359817047,0.0099060519516788,0.2111302090411961,211,34,35,26,15,8,4,23,0.5769230769230769,0.22857142857142856,0.11428571428571428,0.6571428571428571,40.242738561946304,16.699410609037326,1273,174,75.81937033836444,98.23182711198429,28,1,58.052412257007774,81.27046496398165,287,32,34.60317884961064,5.828421741977734,1439,229
254,38,25,"Scafidi, Christian",690280.0,LAK_ERI24,Curveball,R,35,59,61.29222962132539,88.27667057444314,46.9834103567215,43.62912400455063,0.002990912292897,0.0,56.99958384194422,56.99958384194422,83.43156516044532,0.9847018596188124,0.002990912292897,0.1935137881933688,101,20,8,7,2,6,2,0,0.2857142857142857,0.75,0.25,0.0,72.4575231305544,97.60969220694172,38,6,55.96749837664676,76.55533726260641,362,38,45.319498580996566,28.127046496398165,1100,58,76.11119131958824,98.91944990176817,16,4
255,39,14,"Boies, Emiles",1000429129.0,QUE_CAP,Curveball,L,28,80,63.523978413350775,90.97303634232122,41.711064361219,18.48691695108077,-3.8318981360061154e-05,0.0,56.98010419771124,56.98010419771124,83.366077275704,1.179314195659097,-3.8318981360061154e-05,0.172392528801757,78,16,7,5,1,3,1,3,0.2,0.42857142857142855,0.14285714285714285,0.42857142857142855,52.59909428689188,63.78519973804846,567,42,50.12430587470722,58.08775376555337,653,54,55.37179885153173,72.59332023575638,441,23,49.04074840438546,47.511460379829735,812,56
256,98,27,"Vega, Lucas",837223.0,TRO_AIG,Slider,L,40,134,66.74684995172252,94.84173505275498,34.10917687358582,3.242320819112628,-0.0044059904772303,0.0,56.955548028281505,56.955548028281505,83.30058939096267,1.460354141141069,-0.0044059904772303,0.1558076985646023,45,16,9,9,5,3,1,5,0.5555555555555556,0.3333333333333333,0.1111111111111111,0.5555555555555556,46.71511537025113,39.91486574983628,952,93,74.36273403090088,97.77341191879503,37,4,58.35025819094956,82.31827111984283,284,36,41.01987642951056,18.3366077275704,1258,118
257,17,8,"Morgan, Marcus",808861.0,JOL_SLA,Sinker,L,60,96,58.063540148282655,80.89097303634232,54.36319824574977,70.42093287827076,0.0072309762587099,0.0,56.95343757752279,56.95343757752279,83.23510150622135,0.7031545802194679,0.0072309762587099,0.2272709191467013,164,14,14,15,6,4,3,7,0.4,0.2857142857142857,0.21428571428571427,0.5,43.773125911930755,28.323510150622134,1093,96,63.758421712566154,89.19449901768172,162,4,48.67026533784162,42.403405370006546,876,71,44.52900791851833,29.3713163064833,1073,100
258,51,22,"Langhorne, Miles",695680.0,SUS_COU1,Four-Seam,L,30,70,59.09666841769633,84.05627198124267,51.88838088659963,62.45733788395904,0.0058090676531656,0.0,56.93418215836732,56.93418215836732,83.16961362148002,0.7932451435742182,0.0058090676531656,0.2459786372880814,137,22,12,7,0,5,4,3,0.0,0.4166666666666667,0.3333333333333333,0.25,51.863596922311785,60.28159790438769,608,44,36.49019003684828,5.50098231827112,1410,225,37.501042815024775,10.31434184675835,1359,224,60.32009961905328,84.61034708578913,227,13
259,99,28,"Perozzi, John",1000377762.0,SUS_COU1,Slider,L,63,126,64.1365647506352,91.91090269636577,40.12678711141888,13.594994311717862,-0.0009485669423782,0.0,56.9336314588703,56.9336314588703,83.1041257367387,1.23273277867851,-0.0009485669423782,0.1789263044250578,70,20,16,16,5,4,2,10,0.3125,0.25,0.125,0.625,41.566633818190475,21.31630648330059,1221,116,57.79349603350287,80.55009823182712,300,52,57.04718222995426,78.42174197773411,347,45,36.63346206825085,8.316961362148003,1406,133
260,100,72,"Perez, Kelvin",692487.0,WAS_WIL3,Slider,R,103,125,47.04715143048432,40.093786635404456,80.0,99.94311717861206,0.0250979842952102,0.0264512417065327,56.933006001339024,56.933006001339024,83.03863785199738,-0.2574934778233395,0.0250979842952102,0.2453696879035901,512,138,26,25,6,8,4,14,0.24,0.3076923076923077,0.15384615384615385,0.5384615384615384,45.130967200386316,33.66077275703995,1007,124,52.851129042279005,67.12508185985592,502,92,54.34079369557941,68.3366077275704,474,60,42.09960919535911,21.28356254092993,1194,139
261,52,23,"O'Dell, Casey",1000220727.0,JOL_SLA,Four-Seam,L,51,114,55.12723524276352,72.80187573270808,61.03784470090501,85.9499431171786,0.0110659005606834,0.0108924376502401,56.90041808020597,56.90041808020597,82.97314996725605,0.4471037383722436,0.0110659005606834,0.2020123590009603,233,42,18,16,1,6,2,10,0.0625,0.3333333333333333,0.1111111111111111,0.5555555555555556,46.71511537025113,39.91486574983628,892,87,40.7508512361792,16.30648330058939,1275,204,58.35025819094956,82.31827111984283,260,28,41.01987642951056,18.3366077275704,1238,178
262,101,73,"Zeplin, Blane",830954.0,JOL_SLA,Slider,R,77,108,53.084639717420906,65.18171160609613,65.70236647964484,92.77588168373153,0.013745905868314,0.0,56.86995774608809,56.86995774608809,82.90766208251473,0.2689858927648977,0.013745905868314,0.2124231084397091,298,90,13,16,6,4,4,5,0.375,0.3076923076923077,0.3076923076923077,0.38461538461538464,45.130967200386316,33.66077275703995,1009,126,62.05415723283379,87.06614276358874,194,44,39.90672151224686,14.276358873608382,1305,151,51.817204087996004,59.13555992141454,619,72
263,102,74,"Rodriguez, Leonardo",673164.0,NEW_JER6,Slider,R,39,68,55.0651668215716,72.56740914419694,61.00999072757608,85.83617747440273,0.0110498970345126,0.0,56.84861399337295,56.84861399337295,82.84217419777342,0.4416912652096479,0.0110498970345126,0.2183715206428632,235,77,5,9,4,0,2,3,0.4444444444444444,0.0,0.4,0.6,26.121189162008505,0.45841519318926005,1516,176,66.78822523209035,92.63261296660119,107,20,31.246278202247336,3.9292730844793713,1459,170,38.21257123830435,11.42763588736084,1345,157
264,53,24,"Jones, Breyln",690202.0,NEW_JER6,Four-Seam,L,28,53,52.59213055201864,63.30597889800704,66.70170318895293,93.51535836177474,0.0143200757000989,0.0,56.82500234309893,56.82500234309893,82.77668631303209,0.2260382458152603,0.0143200757000989,0.2773034593210838,314,66,6,7,2,1,2,3,0.2857142857142857,0.16666666666666666,0.3333333333333333,0.5,36.418152266129816,6.221349050425671,1423,218,55.96749837664676,76.55533726260641,348,27,37.501042815024775,10.31434184675835,1345,220,44.52900791851833,29.3713163064833,1040,133
265,54,30,"Hughes, Grif",835627.0,EVA_OTT,Four-Seam,R,27,57,52.65260392450063,63.77491207502931,66.54407312944764,93.4584755403868,0.0142295092034343,0.0,56.820044685984726,56.820044685984726,82.71119842829077,0.2313116279848877,0.0142295092034343,0.1879710946090034,310,65,7,6,4,2,1,4,0.6666666666666666,0.2857142857142857,0.14285714285714285,0.5714285714285714,43.773125911930755,28.323510150622134,1086,138,80.0,99.50884086444007,7,1,55.37179885153173,72.59332023575638,399,55,40.0172674326512,15.520628683693516,1284,189
266,33,20,"Miner, Jace",701731.0,DOW_EAS1,Changeup,L,67,156,63.28519095678936,90.50410316529894,41.73059417029113,18.71444823663253,-2.7098111471778186e-05,0.0002240736237382,56.818811920839885,56.818811920839885,82.64571054354944,1.158491518436379,-2.7098111471778186e-05,0.2186001190804357,82,18,16,18,3,7,3,6,0.16666666666666666,0.4375,0.1875,0.375,53.150717310326954,65.88081204977078,524,58,47.85195323506406,49.08316961362148,789,54,51.18334040547541,53.798297314996724,712,60,52.424553768785806,61.55861165684349,599,57
267,55,31,"Hensey, Rob",802996.0,SUS_COU1,Four-Seam,R,143,220,62.18812911733542,89.44900351699883,44.17639466335218,29.977246871444823,0.0013781388267894,0.0,56.78460878114044,56.78460878114044,82.58022265880813,1.0628258377290878,0.0013781388267894,0.18705486462365,91,11,34,28,11,9,7,18,0.39285714285714285,0.2647058823529412,0.20588235294117646,0.5294117647058824,42.47518938620118,24.32874918140144,1157,152,63.27148900407119,88.40864440078585,178,16,49.45868104533458,45.77603143418468,829,128,42.671232424337745,23.64112639161755,1167,155
268,56,32,"Kaminer, Brandon",690510.0,DOW_EAS1,Four-Seam,R,121,185,59.49682228604732,85.22860492379836,50.42462378258865,57.28100113765643,0.0049680646535202,0.0,56.775162735009715,56.775162735009715,82.5147347740668,0.8281392496553373,0.0049680646535202,0.2270380413349099,127,19,43,36,2,14,11,18,0.05555555555555555,0.32558139534883723,0.2558139534883721,0.4186046511627907,46.236186853780374,37.066142763588736,962,99,40.277444436253546,14.505566470203012,1305,216,44.77402492290551,25.081859855926652,1145,190,49.67029358845994,50.163719711853304,762,63
269,57,25,"Alpern, Liam",1000137537.0,FLO_Y'A,Four-Seam,L,86,264,53.94780090606674,68.69871043376318,63.36358008460216,90.32992036405004,0.0124021539791714,0.004599973413151,56.77253465962736,56.77253465962736,82.44924688932548,0.3442550341225256,0.0124021539791714,0.2161898920266602,268,52,19,21,3,6,4,9,0.14285714285714285,0.3157894736842105,0.21052631578947367,0.47368421052631576,45.63122451718573,35.72364112639162,980,105,46.228844206747524,41.87950229207596,867,123,49.02297762803584,44.46627373935822,843,120,46.191228097522014,35.396201702685005,986,118
270,11,5,"Vitas, Ben",1000076969.0,JOL_SLA,Splitter,R,36,127,63.90619440952729,91.44196951934347,40.120677038778,13.53811149032992,-0.0009520774902723,0.0,56.770539198302494,56.770539198302494,82.38375900458415,1.2126440884112144,-0.0009520774902723,0.186629501608632,74,6,9,8,1,4,2,3,0.125,0.4444444444444444,0.2222222222222222,0.3333333333333333,53.579757439665336,67.3215455140799,507,5,45.01151243551012,35.59266535690897,1001,10,47.92565050298717,38.83431565160445,946,7,55.05640238554163,70.43222003929273,479,6
271,40,26,"Allemann, Braeden",1000367619.0,QUE_CAP,Curveball,R,122,234,54.77991151789468,71.04337631887456,61.28931406971654,86.63253697383391,0.0112103825194113,0.0003819533883877,56.73273228344124,56.73273228344124,82.31827111984283,0.4168165117361337,0.0112103825194113,0.2357637429423207,248,38,29,29,12,14,3,12,0.41379310344827586,0.4827586206896552,0.10344827586206896,0.41379310344827586,55.946875394635754,73.7721021611002,401,46,64.69870556345298,90.34053700065488,149,18,59.069196652188346,83.9554682383759,245,18,49.97421195318556,51.53896529142109,740,65
272,58,33,"Vilchez, Michael",699074.0,OTT_TIT,Four-Seam,R,96,138,56.31614487831098,75.61547479484173,57.69545919946092,79.06712172923777,0.0091455298755586,0.0,56.72993917465596,56.72993917465596,82.2527832351015,0.5507787049910053,0.0091455298755586,0.211285653700247,209,33,30,27,6,10,6,14,0.2222222222222222,0.3333333333333333,0.2,0.4666666666666667,46.71511537025113,39.91486574983628,897,92,51.63920763446932,63.42501637197119,553,70,50.010572040579646,48.16633922724296,777,119,46.63448681192299,37.6882776686313,948,100
273,34,21,"Cameron, Zach",1000084075.0,WIN_CIT29,Changeup,L,135,205,54.856841381396,71.2778429073857,61.017059739766495,85.89306029579066,0.011053958542013,0.0073829923095156,56.704906888907146,56.704906888907146,82.18729535036017,0.4235249282482201,0.011053958542013,0.2270240431439253,246,37,33,28,5,12,7,14,0.17857142857142858,0.36363636363636365,0.21212121212121213,0.42424242424242425,48.58729048009137,47.2822527832351,802,82,48.66350774922233,52.06286836935167,732,49,48.87334211098375,43.811394891944985,857,69,49.31418722171074,48.919449901768175,781,72
274,103,29,"Walsh, John",1000208173.0,MIS_MUD,Slider,L,42,67,58.95036595674699,83.47010550996484,51.43548376962995,60.978384527872585,0.005548855195198,0.0,56.69590130061187,56.69590130061187,82.12180746561886,0.7804873171577632,0.005548855195198,0.213439295829853,142,46,16,11,2,7,2,7,0.18181818181818182,0.4375,0.125,0.4375,53.150717310326954,65.88081204977078,518,53,48.88484079853823,53.208906352324824,712,103,57.04718222995426,78.42174197773411,323,41,48.476780843652065,45.284872298624755,835,81
275,35,14,"VanMarter, Luke",1000565948.0,LEM_COL,Changeup,R,29,53,59.15286783016707,84.40797186400938,50.88552534907659,58.93060295790671,0.0052328760753712,0.0038985727949382,56.67266508583992,56.67266508583992,82.05631958087753,0.7981458290743528,0.0052328760753712,0.2563351664041385,134,25,9,9,0,4,1,4,0.0,0.4444444444444444,0.1111111111111111,0.4444444444444444,53.579757439665336,67.3215455140799,496,49,36.49019003684828,5.50098231827112,1417,79,58.35025819094956,82.31827111984283,270,27,48.038139407526096,43.28749181401441,866,62
276,104,30,"Brito, Richard",695870.0,NEW_ENG23,Slider,L,37,73,58.59977825061088,82.29777256740914,52.00597225465409,63.026166097838455,0.0058766298825787,0.0042942076136376,56.62163645182384,56.62163645182384,81.99083169613621,0.7499154657370517,0.0058766298825787,0.1971251630272674,152,50,4,6,2,1,0,3,0.3333333333333333,0.25,0.0,0.75,41.566633818190475,21.31630648330059,1194,114,59.21371643327984,83.00589390962672,254,45,68.77486587891195,96.29993451211526,40,1,28.737916217983376,1.4734774066797642,1504,142
277,59,34,"Hopewell, Chase",803045.0,FLO_Y'A,Four-Seam,R,133,253,54.33171535937427,69.75381008206331,61.6654266032656,87.71331058020478,0.011426478323867,0.0065706958972419,56.53182873254167,56.53182873254167,81.9253438113949,0.3777330352599216,0.011426478323867,0.2145799857431671,259,47,43,35,7,15,7,21,0.2,0.3488372093023256,0.16279069767441862,0.4883720930232558,47.672972403192645,44.531761624099545,848,75,50.12430587470722,58.08775376555337,622,83,53.501603452362396,65.65160445317616,525,77,45.26347729993856,32.94040602488539,1025,117
278,41,15,"Maryniak, Connor",831880.0,NEW_JER6,Curveball,L,97,180,61.138733920617895,87.80773739742087,45.71345186318845,37.31513083048919,0.002261256464372,0.0,56.51114930338906,56.51114930338906,81.85985592665357,0.9713167703141528,0.002261256464372,0.2138895668060563,105,22,29,36,16,20,5,4,0.4444444444444444,0.6896551724137931,0.1724137931034483,0.13793103448275862,68.72931235147601,95.80877537655533,65,13,66.78822523209035,92.63261296660119,115,21,52.59875050103927,60.37982973149967,608,31,67.39886486412068,95.74328749181402,66,18
279,18,9,"Lovell, Justin",822485.0,WIN_CIT29,Sinker,L,77,129,60.45168061689478,86.51817116060961,47.29253512871464,44.937428896473264,0.0031685202169156,0.0,56.50393697044073,56.50393697044073,81.79436804191225,0.9114045396457516,0.0031685202169156,0.174875737132912,116,9,22,16,2,7,5,10,0.125,0.3181818181818182,0.22727272727272727,0.45454545454545453,45.77902781533101,36.05108055009823,977,91,45.01151243551012,35.59266535690897,992,62,47.45180469898887,36.86967910936477,965,81,47.40011550043378,40.76620825147348,906,84
280,60,35,"Williams, Pierce",1000337420.0,NEW_ENG23,Four-Seam,R,175,267,55.925879235194245,74.67760844079719,57.77641413361834,79.40841865756542,0.0091920426079484,0.0,56.48103970472147,56.48103970472147,81.72888015717092,0.5167468691703241,0.0091920426079484,0.2145736404565938,217,36,44,44,13,9,5,30,0.29545454545454547,0.20454545454545456,0.11363636363636363,0.6818181818181818,38.75837115343012,12.115258677144729,1343,203,56.63149752459444,77.96332678454486,337,34,58.11333528895041,81.33595284872298,286,32,33.04457759085655,3.6018336607727566,1473,236
281,105,75,"Glickstein, Aaron",1000292360.0,SCH_BOO,Slider,R,32,55,51.07052273636239,56.62368112543963,69.04810185119248,95.44937428896472,0.015668201224409,0.0185258766468463,56.46379647081142,56.46379647081142,81.6633922724296,0.093351425237539,0.015668201224409,0.2450260448767513,371,105,7,8,3,3,2,2,0.375,0.42857142857142855,0.2857142857142857,0.2857142857142857,52.59909428689188,63.78519973804846,538,60,62.05415723283379,87.06614276358874,192,42,41.96873182415151,19.05697445972495,1228,145,58.06422937611972,79.56777996070727,301,29
282,61,26,"Fowler, Dalton",687096.0,SUS_COU1,Four-Seam,L,43,89,52.825258616227046,64.47831184056272,64.95332311293483,92.15017064846415,0.0133155423083071,0.0151926347711386,56.46367796523937,56.46367796523937,81.59790438768827,0.2463674142836226,0.0133155423083071,0.2325124562115568,304,64,12,12,2,7,2,3,0.16666666666666666,0.5833333333333334,0.16666666666666666,0.25,62.1605600264331,88.53962017026849,173,5,47.85195323506406,49.08316961362148,756,93,53.137954346968364,63.0648330058939,538,66,60.32009961905328,84.61034708578913,214,9
283,62,36,"Almanzar, Elian",687038.0,DOW_EAS1,Four-Seam,R,65,147,54.12114723082706,68.93317702227432,61.90520254751237,88.16837315130832,0.0115642418146824,0.0065706958972419,56.45636382583265,56.45636382583265,81.53241650294696,0.3593711320122833,0.0115642418146824,0.1953576940437006,266,51,11,14,3,4,2,5,0.21428571428571427,0.36363636363636365,0.18181818181818182,0.45454545454545453,48.58729048009137,47.2822527832351,800,66,51.09817129169714,61.62409954158481,583,75,51.71641693497349,55.95939751146039,661,101,47.40011550043378,40.76620825147348,897,92
284,63,27,"Shinn, Nathan",1000490914.0,LAK_ERI24,Four-Seam,L,101,250,55.24054305725065,73.1535756154748,59.21078418691548,82.87827076222982,0.0100161612503918,0.0,56.43161539615009,56.43161539615009,81.46692861820564,0.4569843748254827,0.0100161612503918,0.2144705095687362,230,41,32,25,4,10,5,17,0.16,0.3125,0.15625,0.53125,45.427994982235965,34.937786509495744,993,110,47.39748270713543,46.79109364767518,812,109,54.11526131771484,67.3215455140799,499,56,42.55512145595146,23.051735428945644,1175,157
285,19,10,"Aldeano, Austin",699054.0,TRO_AIG,Sinker,L,45,70,54.3183358545629,69.51934349355217,61.18853693824222,86.29124004550626,0.0111524809251965,0.013709353330922,56.3793961796667,56.3793961796667,81.40144073346431,0.3765663194110291,0.0111524809251965,0.2180649832253496,261,25,12,9,2,2,3,7,0.2222222222222222,0.16666666666666666,0.25,0.5833333333333334,36.418152266129816,6.221349050425671,1426,122,51.63920763446932,63.42501637197119,550,20,45.319498580996566,28.127046496398165,1066,94,39.265310685006675,13.948919449901767,1313,116
286,106,31,"Petschke, Ben",814386.0,EVA_OTT,Slider,L,58,144,64.63971110759583,92.37983587338805,37.00043995269695,6.541524459613197,-0.0027448125976261,0.0,56.34792976112616,56.34792976112616,81.33595284872298,1.2766080070411985,-0.0027448125976261,0.1857320723468947,66,19,16,13,5,8,3,5,0.38461538461538464,0.5,0.1875,0.3125,57.012078474372444,77.60314341846758,388,44,62.70964357119239,88.1139489194499,186,34,51.18334040547541,53.798297314996724,714,75,56.37232669391955,74.59070072036673,393,41
287,20,10,"Widener, Jacob",683179.0,SUS_COU1,Sinker,R,81,139,63.73970760665779,91.20750293083236,39.06889997097853,10.523321956769056,-0.0015563769785917,-7.66302579143785e-05,56.33846531595401,56.33846531595401,81.27046496398165,1.1981261526372216,-0.0015563769785917,0.1887158196363165,76,5,25,16,1,10,6,9,0.0625,0.4,0.24,0.36,50.83390061189966,55.664702030124424,695,83,40.7508512361792,16.30648330058939,1285,84,46.257713272913186,32.31827111984283,1035,89,53.37201927081791,64.89849377865094,538,65
288,107,76,"Simone, Andrew",1000132681.0,TRO_AIG,Slider,R,66,109,54.93888647194623,71.6295427901524,59.43127583461097,83.16268486916951,0.0101428449307651,0.0,56.28660328074565,56.28660328074565,81.20497707924034,0.4306794013635049,0.0101428449307651,0.2100023874859421,243,81,26,20,3,6,4,16,0.15,0.23076923076923078,0.15384615384615385,0.6153846153846154,40.37852269079186,17.25605762933857,1261,153,46.715776915242486,44.073346430910284,852,135,54.34079369557941,68.3366077275704,480,65,37.24081174904066,9.528487229862476,1380,160
289,64,37,"Cartwright, Eli",1000304859.0,GAT_GRI,Four-Seam,R,146,207,61.483697612599286,88.39390386869871,44.13448809520493,29.63594994311718,0.0013540613692522,0.0,56.27893475738098,56.27893475738098,81.13948919449902,1.0013981980202935,0.0013540613692522,0.1938012278841731,100,13,32,29,3,6,4,22,0.10344827586206896,0.1875,0.125,0.6875,37.705272654144984,9.037328094302556,1395,221,43.542318918499454,27.79960707269155,1105,178,57.04718222995426,78.42174197773411,340,43,32.685689143117116,3.43811394891945,1476,238
290,36,22,"Burcham, Jacob",1000122547.0,GAT_GRI,Changeup,L,62,97,54.37374965132762,69.98827667057445,60.64016248242006,85.55176336746302,0.0108374118737728,0.0040762770551153,56.253673500655346,56.253673500655346,81.07400130975769,0.3813984978693653,0.0108374118737728,0.2121092012834221,257,41,17,13,1,7,4,6,0.07692307692307693,0.4117647058823529,0.23529411764705882,0.35294117647058826,51.560745066308215,58.808120497707925,626,69,41.7340807437171,20.13752455795678,1212,84,46.69922606910924,33.49705304518664,1011,80,53.81788538942124,66.17550753110675,514,50
291,21,11,"Henderson, Drew",1000429021.0,DOW_EAS1,Sinker,R,39,115,56.72353623896565,77.02227432590855,55.01957201628014,72.2980659840728,0.0076080964164136,0.0053813583447015,56.21234697215999,56.21234697215999,81.00851342501637,0.586303932858468,0.0076080964164136,0.2133755230358718,197,18,11,12,3,6,2,3,0.25,0.5454545454545454,0.18181818181818182,0.2727272727272727,59.8203411391328,84.80681074001309,228,35,53.53283483417195,69.25343811394892,459,15,51.71641693497349,55.95939751146039,666,58,58.88454582809556,81.17223313686968,285,39
292,42,16,"Wiltse, Ryan",813813.0,EVA_OTT,Curveball,L,91,131,61.57020128208399,88.62837045720985,43.69260644796847,27.75881683731513,0.0011001778596208,0.0,56.20692283184934,56.20692283184934,80.94302554027504,1.0089414668929502,0.0011001778596208,0.217415204267674,98,19,16,18,4,12,2,2,0.2222222222222222,0.75,0.125,0.125,72.4575231305544,97.60969220694172,42,6,51.63920763446932,63.42501637197119,567,50,57.04718222995426,78.42174197773411,342,21,68.21564546932076,96.39816633922725,55,16
293,108,77,"Gollert, Harley",8890793.0,QUE_CAP,Slider,R,35,57,61.52760982650061,88.51113716295428,43.658995465822365,27.474402730375424,0.0010808666387028,0.0,56.16702551829713,56.16702551829713,80.87753765553373,1.005227418655955,0.0010808666387028,0.2167255663772233,99,32,13,11,2,6,1,6,0.18181818181818182,0.46153846153846156,0.07692307692307693,0.46153846153846156,54.63585621957522,70.6286836935167,454,46,48.88484079853823,53.208906352324824,720,124,61.55782978724568,88.73608382449247,178,21,46.958406641677556,38.867059593975114,939,113
294,65,38,"MacMillan, Blake",832350.0,TRO_AIG,Four-Seam,R,87,148,58.95142459981436,83.5873388042204,49.27164803162169,52.73037542662116,0.0043056213680703,0.0,56.04749162935656,56.04749162935656,80.8120497707924,0.7805796326554169,0.0043056213680703,0.2010841543437143,141,23,26,18,8,5,5,16,0.4444444444444444,0.19230769230769232,0.19230769230769232,0.6153846153846154,38.002300435994634,9.757694826457106,1379,215,66.78822523209035,92.63261296660119,112,8,50.73227564974627,51.7026850032744,741,114,37.24081174904066,9.528487229862476,1383,218
295,66,39,"Cerda, Junior",693702.0,EVA_OTT,Four-Seam,R,59,127,53.07787311819013,65.06447831184057,62.96166992412961,89.7042093287827,0.0121712361242765,0.0136487945296895,56.043012159971966,56.043012159971966,80.74656188605108,0.268395833665032,0.0121712361242765,0.2290504087469591,299,61,13,17,8,8,3,2,0.47058823529411764,0.6153846153846154,0.23076923076923078,0.15384615384615385,64.14074523876413,91.74852652259332,126,3,68.57046259651636,94.5645055664702,82,6,47.123757603913134,35.52717747216765,978,166,66.39359642695135,94.79371316306484,79,3
296,43,27,"Earwood, Micah",1000112366.0,SUS_COU1,Curveball,R,49,104,56.40200500019989,75.96717467760844,55.20119420858677,72.9806598407281,0.0077124476151975,0.0,56.04176176271595,56.04176176271595,80.68107400130977,0.5582658554056097,0.0077124476151975,0.2297348510692872,206,33,10,12,3,6,1,3,0.25,0.6,0.1,0.3,63.19025633684523,90.34053700065488,143,17,53.53283483417195,69.25343811394892,458,45,59.39271895974579,84.67583497053045,230,16,57.1618812789463,76.85003274394238,346,40
297,67,28,"Ortiz, Julio",683650.0,GAT_GRI,Four-Seam,L,154,330,59.40446845308883,84.99413833528722,48.12779116417842,48.52104664391354,0.0036484173455937,0.0,56.0214652664157,56.0214652664157,80.61558611656844,0.8200858364582297,0.0036484173455937,0.1985349596541367,129,20,42,32,12,8,9,25,0.375,0.19047619047619047,0.21428571428571427,0.5952380952380952,37.889146995290005,9.62671905697446,1381,201,62.05415723283379,87.06614276358874,198,9,48.67026533784162,42.403405370006546,880,126,38.513353937362155,12.40995415848068,1339,203
298,109,32,"Smith, Jackson",1000333915.0,MIS_MUD,Slider,L,47,129,59.1818068192066,84.64243845252052,48.55959428755092,50.22753128555176,0.0038965102300056,0.0,55.995143059709896,55.995143059709896,80.55009823182712,0.8006693587295505,0.0038965102300056,0.2167009423937937,132,41,7,13,6,2,3,2,0.46153846153846156,0.2857142857142857,0.42857142857142855,0.2857142857142857,43.773125911930755,28.323510150622134,1099,103,67.95353427806121,94.10609037328095,91,18,28.565664796771294,2.4230517354289454,1489,139,58.06422937611972,79.56777996070727,312,29
299,37,23,"Andueza, Axel",672847.0,DOW_EAS1,Changeup,L,86,104,58.03237283183076,80.65650644783119,51.1522404817514,59.670079635949946,0.0053861175018453,0.0,55.968333126806954,55.968333126806954,80.48461034708579,0.7004367365784253,0.0053861175018453,0.2274431956590256,166,29,18,26,6,7,5,6,0.23076923076923078,0.3888888888888889,0.2777777777777778,0.3333333333333333,50.147436404958235,53.208906352324824,716,80,52.22186215745475,65.38965291421087,527,33,42.71334665900597,20.726915520628683,1214,93,55.05640238554163,70.43222003929273,443,45
300,38,15,"Brothers, Kellen",1000131959.0,SUS_COU1,Changeup,R,47,177,58.82563953267431,83.00117233294256,49.23042208813676,52.55972696245734,0.0042819349640631,0.0,55.947074299313044,55.947074299313044,80.41912246234446,0.7696109582944939,0.0042819349640631,0.218179517911522,146,26,7,16,10,3,2,2,0.625,0.42857142857142855,0.2857142857142857,0.2857142857142857,52.59909428689188,63.78519973804846,555,56,79.09680203015745,99.24688932547478,12,1,41.96873182415151,19.05697445972495,1239,74,58.06422937611972,79.56777996070727,310,32
301,110,78,"Kaftan, Eddie",1000557510.0,FLO_Y'A,Slider,R,38,62,48.02478667357209,44.31418522860493,74.37483061225198,97.95221843003414,0.0187286781669789,0.0,55.92979985517606,55.92979985517606,80.35363457760315,-0.1722420018810336,0.0187286781669789,0.2343216688226417,476,129,8,12,6,3,2,3,0.5,0.375,0.25,0.375,49.289356146281456,49.574328749181404,760,95,70.57547963149563,95.87426326129666,50,8,45.319498580996566,28.127046496398165,1058,126,52.424553768785806,61.55861165684349,575,63
302,68,29,"Rodriguez, Joe Joe",689487.0,NEW_JER6,Four-Seam,L,35,83,58.37628403153322,81.59437280187574,50.20484364442601,56.71217292377702,0.0048417897716079,0.0020627540549884,55.92485191540105,55.92485191540105,80.28814669286182,0.7304263851462514,0.0048417897716079,0.2074968638729073,158,27,13,8,1,2,0,11,0.125,0.15384615384615385,0.0,0.8461538461538461,35.626078181197414,4.944335297969875,1452,227,45.01151243551012,35.59266535690897,983,141,68.77486587891195,96.29993451211526,47,4,22.664419410085316,0.19646365422396855,1525,245
303,44,17,"Harris, Ben",1000390130.0,GAT_GRI,Curveball,L,86,242,61.83786060587127,88.98007033997656,42.0441824574863,19.908987485779296,0.0001530743293397,0.0,55.89975716135577,55.89975716135577,80.2226588081205,1.0322818206331816,0.0001530743293397,0.234295878773132,95,18,9,16,10,4,1,4,0.625,0.4444444444444444,0.1111111111111111,0.4444444444444444,53.579757439665336,67.3215455140799,506,40,79.09680203015745,99.24688932547478,13,3,58.35025819094956,82.31827111984283,277,16,48.038139407526096,43.28749181401441,872,58
304,22,12,"McCartney, Seth",823530.0,MIS_MUD,Sinker,R,53,120,56.74844711703744,77.13950762016412,53.90716467185632,68.94197952218431,0.0069689617465121,0.0049856447083231,55.8960623834831,55.8960623834831,80.15717092337917,0.5884762043039323,0.0069689617465121,0.2384326566202172,196,17,22,19,2,14,1,7,0.10526315789473684,0.6363636363636364,0.045454545454545456,0.3181818181818182,65.43686646865352,93.35297969875573,99,16,43.66604047782667,28.454485920104784,1089,61,64.51025364292734,92.23968565815323,119,12,56.013438246180115,73.80484610347085,402,54
305,69,40,"Flontek, Zac",1000563032.0,DOW_EAS1,Four-Seam,R,179,346,54.27146261423216,69.4021101992966,59.56738309216521,83.61774744027304,0.0102210454816372,0.0004699536674998,55.86023875761207,55.86023875761207,80.09168303863785,0.3724788921740841,0.0102210454816372,0.1934702979636035,262,49,35,39,10,7,7,21,0.2564102564102564,0.2,0.2,0.6,38.47754488695408,11.100196463654225,1349,207,53.96982572641102,71.18533071381793,440,46,50.010572040579646,48.16633922724296,773,118,38.21257123830435,11.42763588736084,1347,208
306,111,79,"Salata, Derek",1000057774.0,SCH_BOO,Slider,R,163,179,45.51236808009457,33.059788980070344,80.0,99.77246871444824,0.0235944882365406,0.0196232334313865,55.8586576560662,55.8586576560662,80.02619515389652,-0.3913292277080814,0.0235944882365406,0.2620321971653066,572,149,45,40,7,15,14,16,0.175,0.3333333333333333,0.3111111111111111,0.35555555555555557,46.71511537025113,39.91486574983628,881,108,48.42004139497485,51.40798952193845,743,127,39.58596435261725,13.7524557956778,1318,154,53.652749789938525,65.88081204977078,522,51
307,70,30,"Williams, Pierce",1000337420.0,NEW_ENG23,Four-Seam,L,92,267,55.925879235194245,74.67760844079719,55.57693909318497,73.77701934015927,0.0079283321866081,0.0020627540549884,55.82119719259146,55.82119719259146,79.96070726915521,0.5167468691703241,0.0079283321866081,0.2145736404565938,217,36,30,29,3,16,6,8,0.10344827586206896,0.5333333333333333,0.2,0.26666666666666666,59.071471095196706,83.33333333333334,256,11,43.542318918499454,27.79960707269155,1102,161,50.010572040579646,48.16633922724296,779,110,59.267360172350955,81.9253438113949,274,17
308,39,24,"Daly, Ryan",831333.0,JOL_SLA,Changeup,L,162,242,54.40693233403747,70.10550996483002,59.07770748526374,82.42320819112628,0.00993970190822,0.0003932115161508,55.80816487940535,55.80816487940535,79.89521938441388,0.3842920849170306,0.00993970190822,0.2425119939589793,256,40,38,36,10,20,5,13,0.2777777777777778,0.5263157894736842,0.13157894736842105,0.34210526315789475,58.63791475397054,82.31827111984283,270,32,55.426462033874586,75.2128356254093,378,20,56.42993572211438,76.26064178127046,364,32,54.502328992540406,67.58349705304518,496,49
309,112,80,"Leach, Landon",667743.0,TRO_AIG,Slider,R,28,54,51.49918842120995,58.14771395076201,65.78930207327477,92.83276450511946,0.0137958547941422,0.0,55.78622251682939,55.78622251682939,79.82973149967256,0.1307318107928434,0.0137958547941422,0.2399837551529784,358,100,4,9,2,1,1,2,0.2222222222222222,0.25,0.25,0.5,41.566633818190475,21.31630648330059,1181,144,51.63920763446932,63.42501637197119,547,103,45.319498580996566,28.127046496398165,1059,127,44.52900791851833,29.3713163064833,1041,125
310,113,81,"Scott, Brandon",1000138331.0,LAK_ERI24,Slider,R,78,145,59.02439627523948,83.9390386869871,48.21739943742116,48.86234357224119,0.0036999018619685,0.0,55.78229722389398,55.78229722389398,79.76424361493125,0.7869428883542662,0.0036999018619685,0.1942521378686856,138,43,25,19,4,12,4,9,0.21052631578947367,0.48,0.16,0.36,55.776442901877886,73.44466273739359,406,38,50.841890918805056,60.90373280943025,596,107,53.763430808246106,66.30648330058939,517,68,53.37201927081791,64.89849377865094,537,56
311,45,28,"Anibal, Trevor",822669.0,NEW_ENG23,Curveball,R,59,107,57.12659681214092,78.31184056271981,52.60938875977463,64.56200227531286,0.0062233233943993,0.0,55.77143439643103,55.77143439643103,79.69875573018992,0.6214515086034008,0.0062233233943993,0.2339426489755439,186,27,13,21,8,7,2,4,0.38095238095238093,0.5384615384615384,0.15384615384615385,0.3076923076923077,59.38830072916967,83.9554682383759,246,30,62.459934489912925,87.75376555337263,188,23,54.34079369557941,68.3366077275704,485,33,56.67600153431445,75.44204322200393,374,43
312,71,41,"Delaney, Carter",1000039247.0,WIN_CIT29,Four-Seam,R,73,150,53.430445621091344,66.35404454865181,61.19818978529744,86.3481228668942,0.0111580269774112,0.0009511738608463,55.76076887035317,55.76076887035317,79.6332678454486,0.2991407627799726,0.0111580269774112,0.2356752180286288,288,56,21,24,3,8,5,8,0.125,0.38095238095238093,0.23809523809523808,0.38095238095238093,49.657104828571505,50.8513425016372,750,57,45.01151243551012,35.59266535690897,965,151,46.436420833278255,32.580222658808125,1029,174,52.04857539496355,60.216110019646365,607,40
313,46,29,"Vail, Tyler",592821.0,NEW_YOR13,Curveball,R,166,183,58.51993180211574,82.063305978898,49.299114207102704,52.84414106939705,0.0043214020846284,0.0,55.75368652361183,55.75368652361183,79.56777996070727,0.7429527179933608,0.0043214020846284,0.2149277139147576,154,25,17,9,3,11,3,3,0.3333333333333333,0.6470588235294118,0.17647058823529413,0.17647058823529413,66.0976341544795,93.90962671905697,94,10,59.21371643327984,83.00589390962672,260,30,52.218136021559914,58.51342501637197,631,41,64.96453835450474,93.1237721021611,106,12
314,72,31,"Almanzar, Elian",687038.0,DOW_EAS1,Four-Seam,L,82,147,54.12114723082706,68.93317702227432,59.51028839384757,83.44709897610922,0.0101882416698454,0.00013543338202,55.73788957973321,55.73788957973321,79.50229207596594,0.3593711320122833,0.0101882416698454,0.1953576940437006,266,51,12,16,2,6,3,3,0.125,0.5,0.25,0.25,57.012078474372444,77.60314341846758,306,17,45.01151243551012,35.59266535690897,967,136,45.319498580996566,28.127046496398165,1067,164,60.32009961905328,84.61034708578913,217,10
315,73,32,"Hughes, Grif",835627.0,EVA_OTT,Four-Seam,L,30,57,52.65260392450063,63.77491207502931,62.88246686673346,89.53356086461889,0.0121257299343023,0.0038033890402392,55.72156280717047,55.72156280717047,79.43680419122462,0.2313116279848877,0.0121257299343023,0.1879710946090034,310,65,9,7,2,1,0,8,0.2857142857142857,0.1111111111111111,0.0,0.8888888888888888,32.985831231422715,1.899148657498363,1498,241,55.96749837664676,76.55533726260641,352,28,68.77486587891195,96.29993451211526,14,1,20.0,0.13097576948264572,1526,246
316,74,42,"Johnston, Spencer",800918.0,DOW_EAS1,Four-Seam,R,27,57,51.60311159151953,58.49941383352872,65.31937881029914,92.54835039817976,0.0135258599482196,0.0,55.717991757153406,55.717991757153406,79.3713163064833,0.1397940901205736,0.0135258599482196,0.2349986002929148,355,84,5,5,0,1,0,4,0.0,0.2,0.0,0.8,38.47754488695408,11.100196463654225,1347,206,36.49019003684828,5.50098231827112,1367,227,68.77486587891195,96.29993451211526,9,3,25.57969787787638,0.5566470203012442,1519,250
317,40,16,"Tokar, Heitor",677573.0,OTT_TIT,Changeup,R,32,70,64.57235069892076,92.1453692848769,35.04504779548956,4.323094425483505,-0.0038682849723721,-0.0001586619029928,55.71415982789139,55.71415982789139,79.30582842174198,1.270734063461291,-0.0038682849723721,0.1976620655218411,68,14,15,10,1,6,2,7,0.1,0.4,0.13333333333333333,0.4666666666666667,50.83390061189966,55.664702030124424,700,64,43.307247955777754,26.39161755075311,1140,65,56.26533665335708,75.8022265880812,375,31,46.63448681192299,37.6882776686313,957,69
318,75,33,"Kelly, Colin",1000456530.0,SUS_COU1,Four-Seam,L,33,82,58.4011435380835,81.82883939038686,49.43215139665175,53.412969283276446,0.0043978387250851,0.0,55.710445895653976,55.710445895653976,79.24034053700065,0.732594176906618,0.0043978387250851,0.2141339496626808,156,26,13,12,2,4,2,7,0.16666666666666666,0.3076923076923077,0.15384615384615385,0.5384615384615384,45.130967200386316,33.66077275703995,1014,115,47.85195323506406,49.08316961362148,772,98,54.34079369557941,68.3366077275704,487,55,42.09960919535911,21.28356254092993,1206,170
319,41,25,"Vega, Lucas",837223.0,TRO_AIG,Changeup,L,65,74,54.52153909303381,70.45720984759672,58.47985739086188,80.88737201365188,0.0095962065828327,0.0,55.70903458238223,55.70903458238223,79.17485265225933,0.3942859915672686,0.0095962065828327,0.2743171018927375,253,39,17,14,2,5,4,8,0.14285714285714285,0.29411764705882354,0.23529411764705882,0.47058823529411764,44.29230052222259,30.12442698100851,1064,94,46.228844206747524,41.87950229207596,870,59,46.69922606910924,33.49705304518664,1012,81,46.38678341269891,36.313032089063526,969,84
320,114,82,"Calderon, Jean",703300.0,LAK_ERI24,Slider,R,36,73,59.55050875943374,85.34583821805393,46.72512511077343,42.09328782707623,0.0028425142656483,-5.551115123125783e-17,55.70289366483564,55.70289366483564,79.109364767518,0.8328208025419473,0.0028425142656483,0.1975423483680653,126,39,5,5,2,5,0,0,0.4,1.0,0.0,0.0,80.0,99.77079240340537,2,1,63.758421712566154,89.19449901768172,169,37,68.77486587891195,96.29993451211526,61,14,76.11119131958824,98.91944990176817,18,3
321,47,30,"Gollert, Harley",1000114236.0,TRO_AIG,Curveball,R,58,86,58.09249980353736,81.00820633059789,50.10616526167006,56.42775881683731,0.0047850940154127,0.0,55.69659944097717,55.69659944097717,79.04387688277669,0.7056799120041997,0.0047850940154127,0.2248039084276968,163,26,16,16,1,9,2,5,0.0625,0.5625,0.125,0.3125,60.873439638417935,86.34577603143418,209,24,40.7508512361792,16.30648330058939,1277,78,57.04718222995426,78.42174197773411,327,23,56.37232669391955,74.59070072036673,389,45
322,115,33,"Cook, Cole",1000161363.0,SCH_BOO,Slider,L,124,195,53.92059411662984,68.34701055099647,59.73258532427572,83.78839590443687,0.0103159625770845,0.0042942076136376,55.664191478923605,55.664191478923605,78.97838899803537,0.3418825552542097,0.0103159625770845,0.2415546612739658,271,86,27,39,17,11,4,12,0.4358974358974359,0.4074074074074074,0.14814814814814814,0.4444444444444444,51.29154341652727,57.629338572364105,646,61,66.20557070910493,91.97773411918794,124,24,54.87538896162876,70.17026850032744,454,50,48.038139407526096,43.28749181401441,856,83
323,42,17,"Willeman, Landon",812254.0,EVA_OTT,Changeup,R,52,179,61.15843638964285,88.042203985932,42.76891307048488,23.890784982935152,0.0005694689741865,0.0,55.641579393895455,55.641579393895455,78.91290111329404,0.9730348595258094,0.0005694689741865,0.2023213209485512,103,19,17,17,3,9,4,4,0.17647058823529413,0.5294117647058824,0.23529411764705882,0.23529411764705882,58.829189610393854,82.87491814014408,266,24,48.52029224672381,51.7026850032744,739,40,46.69922606910924,33.49705304518664,1022,61,61.24898736614358,86.83693516699411,204,19
324,48,18,"Gollert, Harley",1000114236.0,TRO_AIG,Curveball,L,28,86,58.09249980353736,81.00820633059789,49.87500226983459,55.17633674630261,0.0046522791043815,0.0,55.62725054342653,55.62725054342653,78.84741322855272,0.7056799120041997,0.0046522791043815,0.2248039084276968,163,26,5,4,1,3,2,0,0.25,0.6,0.4,0.0,63.19025633684523,90.34053700065488,147,18,53.53283483417195,69.25343811394892,468,44,31.246278202247336,3.9292730844793713,1463,69,76.11119131958824,98.91944990176817,7,2
325,76,43,"Westcott, Zac",686170.0,FLO_Y'A,Four-Seam,R,207,327,53.42046462822166,66.23681125439624,60.71294737509046,85.60864618885097,0.0108792305012602,0.0066029093839349,55.608209452282296,55.608209452282296,78.7819253438114,0.2982704030220499,0.0108792305012602,0.2167596752794232,289,57,75,58,8,26,17,32,0.13793103448275862,0.3466666666666667,0.22666666666666666,0.4266666666666667,47.53887241858084,44.13883431565161,854,77,45.89302854571652,39.88212180746562,917,131,47.50866619546867,37.13163064833006,961,164,49.161061484008584,48.78847413228552,783,70
326,116,34,"Martinez, Mason",809209.0,TRI_VAL,Slider,L,43,132,59.68072909944309,85.8147713950762,46.061559522024666,38.79408418657565,0.002461262042127,0.0,55.59497822621756,55.59497822621756,78.71643745907008,0.8441762403312429,0.002461262042127,0.2127910230514686,122,37,12,11,5,7,3,2,0.45454545454545453,0.5833333333333334,0.25,0.16666666666666666,62.1605600264331,88.53962017026849,176,20,67.47681694107314,93.68041912246234,96,20,45.319498580996566,28.127046496398165,1105,102,65.58379685256494,93.77865094957433,94,9
327,77,44,"Hargrove, Dawson",1000471986.0,LAK_ERI24,Four-Seam,R,80,119,53.11201571978973,65.53341148886284,61.33477207941308,86.97383390216154,0.0112365004609796,0.0035203247823709,55.578842627676735,55.578842627676735,78.65094957432875,0.271373127292134,0.0112365004609796,0.2181398136620171,295,59,28,23,4,6,6,16,0.17391304347826086,0.21428571428571427,0.21428571428571427,0.5714285714285714,39.360141724450195,13.621480026195155,1319,194,48.345942939334314,51.21152586771447,744,107,48.67026533784162,42.403405370006546,872,142,40.0172674326512,15.520628683693516,1288,190
328,23,11,"Lawson, Nathan",1000569348.0,FLO_Y'A,Sinker,L,115,186,56.683845342179225,76.78780773739742,52.94729024729003,66.1547212741752,0.0064174650069704,0.001152710243556,55.56287881371246,55.56287881371246,78.58546168958742,0.5828428183411257,0.0064174650069704,0.2105830648910942,199,19,43,28,2,14,10,19,0.07142857142857142,0.32558139534883723,0.23255813953488372,0.4418604651162791,46.236186853780374,37.066142763588736,961,89,41.3595171217979,18.696791093647676,1238,92,46.95591955526973,34.51211525867714,1000,86,48.20135482561948,44.368041912246234,850,78
329,78,45,"Castro, Alexander",669418.0,TRO_AIG,Four-Seam,R,66,115,52.53069217923423,63.07151230949589,62.63791000368144,89.419795221843,0.0119852195621599,0.0013490157851663,55.56285752656839,55.56285752656839,78.5199738048461,0.2206807139582647,0.0119852195621599,0.2446911922336462,316,67,24,20,3,6,7,11,0.15,0.25,0.2916666666666667,0.4583333333333333,41.566633818190475,21.31630648330059,1185,161,46.715776915242486,44.073346430910284,851,122,41.41027069801067,17.68172888015717,1256,208,47.160856535274156,39.8166339227243,919,94
330,79,46,"Moore, Kyle",1000517760.0,SCH_BOO,Four-Seam,R,73,169,54.13973852710805,69.16764361078546,58.64506023175511,81.22866894197952,0.0096911240280566,0.0004699536674998,55.491335038502164,55.491335038502164,78.45448592010477,0.3609923250480714,0.0096911240280566,0.223640397398472,264,50,33,27,6,7,8,18,0.2222222222222222,0.21212121212121213,0.24242424242424243,0.5454545454545454,39.22641493089017,13.326784544859201,1325,196,51.63920763446932,63.42501637197119,551,69,46.030267286994004,31.696136214800262,1043,179,41.657900336602886,19.810085134250162,1222,170
331,12,6,"Morgan, Marcus",808861.0,JOL_SLA,Cutter,L,40,63,61.14029514653347,87.92497069167644,42.25119537524176,21.274175199089875,0.0002720137929437,-5.551115123125783e-17,55.47356521514595,55.47356521514595,78.38899803536346,0.9714529119012354,0.0002720137929437,0.1830219510620955,104,6,9,6,0,1,3,5,0.0,0.1111111111111111,0.3333333333333333,0.5555555555555556,32.985831231422715,1.899148657498363,1500,33,36.49019003684828,5.50098231827112,1485,31,37.501042815024775,10.31434184675835,1387,26,41.01987642951056,18.3366077275704,1252,26
332,117,83,"Woolfolk, Dallas",663762.0,MIS_MUD,Slider,R,39,67,57.3671473479719,79.1324736225088,50.93721464691364,59.21501706484642,0.0052625742093111,0.0,55.438167537654415,55.438167537654415,78.32351015062213,0.6424279293731074,0.0052625742093111,0.251667829775092,179,61,8,7,2,2,3,3,0.2857142857142857,0.25,0.375,0.375,41.566633818190475,21.31630648330059,1199,146,55.96749837664676,76.55533726260641,360,68,33.59181493203887,5.599214145383105,1438,169,52.424553768785806,61.55861165684349,583,66
333,118,84,"Matos, Dwayne",684228.0,OTT_TIT,Slider,R,83,143,47.52094815096405,42.08675263774912,73.80436420457187,97.7815699658703,0.0184009161641567,0.0,55.405972967046395,55.405972967046395,78.25802226588081,-0.2161775882795592,0.0184009161641567,0.2608034991662152,495,134,19,19,4,10,2,7,0.21052631578947367,0.5263157894736842,0.10526315789473684,0.3684210526315789,58.63791475397054,82.31827111984283,269,25,50.841890918805056,60.90373280943025,595,106,58.89892175347389,83.66077275703995,248,30,52.84010881353673,63.261296660117885,559,60
334,80,47,"Perez, Kelvin",692487.0,WAS_WIL3,Four-Seam,R,59,127,53.37874628682349,66.11957796014069,60.13124283507555,84.41410693970421,0.0105450116190978,0.0065706958972419,55.40449525129911,55.40449525129911,78.1925343811395,0.2946324918448448,0.0105450116190978,0.224851483634111,290,58,20,19,3,12,1,7,0.15789473684210525,0.6,0.05,0.35,63.19025633684523,90.34053700065488,137,4,47.25396569831587,46.29993451211526,817,115,64.08379241932887,91.84675834970531,124,8,54.003662938839305,66.633922724296,509,32
335,43,26,"Brothers, Kellen",1000131959.0,SUS_COU1,Changeup,L,130,177,58.82563953267431,83.00117233294256,47.303080218981286,44.99431171786121,0.0031745789082938,0.0,55.3688717385664,55.3688717385664,78.12704649639817,0.7696109582944939,0.0031745789082938,0.218179517911522,146,26,29,35,12,13,5,11,0.34285714285714286,0.4482758620689655,0.1724137931034483,0.3793103448275862,53.81646923516238,68.36935166994105,484,52,59.86296004460646,84.74132285527178,234,8,52.59875050103927,60.37982973149967,607,53,52.152293567052446,60.478061558611664,604,58
336,44,27,"McKillican, Adam",1000570064.0,QUE_CAP,Changeup,L,37,70,54.915430919934,71.51230949589683,56.20694823263594,75.0853242320819,0.0082903045211097,0.005045415506355,55.30288611374458,55.30288611374458,78.06155861165685,0.428634036855401,0.0082903045211097,0.2115031206270789,244,36,12,10,3,4,1,7,0.3,0.3333333333333333,0.08333333333333333,0.5833333333333334,46.71511537025113,39.91486574983628,900,84,56.94136379363668,78.68369351669942,322,15,60.956410112940155,87.59004584151931,188,13,39.265310685006675,13.948919449901767,1315,100
337,81,34,"Hensey, Rob",802996.0,SUS_COU1,Four-Seam,L,76,220,62.18812911733542,89.44900351699883,39.11040455823365,10.693970420932878,-0.0015325304795482,-0.0046401310989178,55.26481174960489,55.26481174960489,77.99607072691552,1.0628258377290878,-0.0015325304795482,0.18705486462365,91,11,26,17,3,12,2,12,0.17647058823529413,0.46153846153846156,0.07692307692307693,0.46153846153846156,54.63585621957522,70.6286836935167,456,24,48.52029224672381,51.7026850032744,741,89,61.55782978724568,88.73608382449247,180,18,46.958406641677556,38.867059593975114,941,108
338,49,19,"Sechrist, Zander",801415.0,WAS_WIL3,Curveball,L,38,92,59.13200896863747,84.29073856975381,46.16320292345062,39.419795221843,0.0025196613525448,0.0,55.24136715508142,55.24136715508142,77.9305828421742,0.796326900445862,0.0025196613525448,0.2054374083769347,135,23,10,11,1,2,3,5,0.09090909090909091,0.2,0.3,0.5,38.47754488695408,11.100196463654225,1361,70,42.687515417693255,23.346430910281597,1174,70,40.62842512141349,15.553372626064178,1293,58,44.52900791851833,29.3713163064833,1092,62
339,82,48,"De Jesus, Larry",692356.0,DOW_EAS1,Four-Seam,R,31,74,52.47914072848263,62.95427901524033,61.63634484659175,87.5995449374289,0.0114097693736384,0.0,55.22630196391536,55.22630196391536,77.86509495743287,0.2161853387202976,0.0114097693736384,0.1717887439326773,317,68,7,11,2,2,0,5,0.18181818181818182,0.2857142857142857,0.0,0.7142857142857143,43.773125911930755,28.323510150622134,1088,139,48.88484079853823,53.208906352324824,703,97,68.77486587891195,96.29993451211526,15,5,30.99378646091694,2.75049115913556,1483,239
340,119,85,"Bargo, Casey",1000057987.0,FLO_Y'A,Slider,R,75,101,50.25557241114212,52.87221570926143,66.74569247834765,93.57224118316267,0.0143453497870576,0.0034406039099376,55.20260843130377,55.20260843130377,77.79960707269156,0.0222863541530954,0.0143453497870576,0.222063735502908,403,112,20,22,5,4,3,13,0.22727272727272727,0.2,0.15,0.65,38.47754488695408,11.100196463654225,1345,160,51.98350348896071,64.70203012442698,538,100,54.70164550016272,69.67910936476753,461,59,35.05435289819735,6.024885396201703,1436,164
341,83,35,"Moore, Kyle",1000517760.0,SCH_BOO,Four-Seam,L,96,169,54.13973852710805,69.16764361078546,57.53493541186885,78.66894197952219,0.009053300784742,0.0021252023741505,55.158297592536286,55.158297592536286,77.73411918795023,0.3609923250480714,0.009053300784742,0.223640397398472,264,50,36,22,3,11,8,17,0.13636363636363635,0.3055555555555556,0.2222222222222222,0.4722222222222222,44.99895485289758,32.90766208251473,1025,118,45.786178108115735,39.45645055664702,924,130,47.92565050298717,38.83431565160445,923,132,46.28357366302222,35.69089718402096,983,116
342,84,36,"Ferguson, Francis",823799.0,QUE_CAP,Four-Seam,L,51,129,50.75722882639084,55.56858147713951,65.36464634455105,92.6052332195677,0.0135518684519447,0.0138552072599341,55.139454081838906,55.139454081838906,77.6686313032089,0.0660316570339582,0.0135518684519447,0.2309246652454881,380,93,19,16,1,8,3,8,0.0625,0.42105263157894735,0.15789473684210525,0.42105263157894735,52.13456963557814,61.55861165684349,585,39,40.7508512361792,16.30648330058939,1273,203,53.960949690754866,66.86313032089063,503,58,49.51566845552937,49.60707269155206,766,74
343,45,18,"Hensey, Rob",802996.0,SUS_COU1,Changeup,R,222,277,60.54500244637461,86.75263774912075,42.50121813879662,22.866894197952217,0.0004156646032818,0.0,55.13186715410121,55.13186715410121,77.60314341846758,0.9195423638056744,0.0004156646032818,0.21208716790052,114,21,54,63,20,36,8,10,0.31746031746031744,0.6666666666666666,0.14814814814814814,0.18518518518518517,67.30904157849375,94.8264571054355,83,7,58.13164374773548,80.87753765553373,293,14,54.87538896162876,70.17026850032744,459,34,64.414086356229,91.97773411918794,125,10
344,24,13,"Lovell, Justin",822485.0,WIN_CIT29,Sinker,R,52,129,60.45168061689478,86.51817116060961,42.70831882514297,23.549488054607508,0.000534654494411,0.0005762810207968,55.12867207936923,55.12867207936923,77.53765553372625,0.9114045396457516,0.000534654494411,0.174875737132912,116,9,14,13,0,6,4,4,0.0,0.42857142857142855,0.2857142857142857,0.2857142857142857,52.59909428689188,63.78519973804846,565,68,36.49019003684828,5.50098231827112,1481,123,41.96873182415151,19.05697445972495,1245,110,58.06422937611972,79.56777996070727,319,42
345,85,37,"Long, Maddox",1000248716.0,WAS_WIL3,Four-Seam,L,85,155,56.76913234806588,77.37397420867526,51.15422207376853,59.72696245733788,0.0053872560273738,0.0,55.08465926577667,55.08465926577667,77.47216764898494,0.5902799920538626,0.0053872560273738,0.2216092659232009,194,32,36,24,5,15,5,16,0.20833333333333334,0.4166666666666667,0.1388888888888889,0.4444444444444444,51.863596922311785,60.28159790438769,609,45,50.692394034618005,60.41257367387033,606,66,55.74410626895896,74.72167648984937,388,42,48.038139407526096,43.28749181401441,865,96
346,120,35,"Tokar, Heitor",677573.0,OTT_TIT,Slider,L,44,141,62.12312798312509,89.33177022274326,38.46488633933138,9.044368600682594,-0.0019034135700111,-0.0003655988284281,55.025655489986974,55.025655489986974,77.40667976424362,1.057157626943384,-0.0019034135700111,0.2183705281632681,92,28,18,18,3,9,3,6,0.16666666666666666,0.5,0.16666666666666666,0.3333333333333333,57.012078474372444,77.60314341846758,384,43,47.85195323506406,49.08316961362148,798,112,53.137954346968364,63.0648330058939,588,64,55.05640238554163,70.43222003929273,484,49
347,46,19,"Plumadore, Carson",1000207816.0,WIN_CIT29,Changeup,R,77,269,60.52555470188097,86.63540445486518,42.18079852227102,20.534698521046643,0.0002315672158772,0.0,55.02212784799798,55.02212784799798,77.34119187950229,0.9178464870115904,0.0002315672158772,0.1962221235089614,115,22,27,21,3,11,2,14,0.14285714285714285,0.4074074074074074,0.07407407407407407,0.5185185185185185,51.29154341652727,57.629338572364105,648,60,46.228844206747524,41.87950229207596,906,53,61.825127420270356,89.45645055664701,163,14,43.35929742218241,25.343811394891947,1142,79
348,121,86,"Turner, Eric",1000080978.0,JOL_SLA,Slider,R,124,203,47.94132955931789,43.72801875732708,71.48012584492841,96.87144482366324,0.017065522862225,0.0017109886031768,55.002968445001045,55.002968445001045,77.27570399476097,-0.1795196058937372,0.017065522862225,0.2519404239079043,481,131,42,34,7,13,8,21,0.20588235294117646,0.30952380952380953,0.19047619047619047,0.5,45.244120641090944,34.25016371971185,1005,123,50.525309281703066,59.85592665356909,614,111,50.90410984240499,52.455795677799614,722,89,44.52900791851833,29.3713163064833,1036,123
349,86,49,"Cohn, Cooper",1000301881.0,NIU_HUS,Four-Seam,R,38,72,49.25868614519926,48.53458382180539,68.37623612964815,94.76678043230945,0.0152821801519036,0.0164866926509416,54.99395114053392,54.99395114053392,77.21021611001964,-0.0646438441178077,0.0152821801519036,0.2157455415211882,440,111,11,11,3,4,0,7,0.2727272727272727,0.36363636363636365,0.0,0.6363636363636364,48.58729048009137,47.2822527832351,798,64,55.082166179383194,74.03405370006548,387,38,68.77486587891195,96.29993451211526,8,2,35.915685172771994,7.039947609692207,1418,225
350,47,28,"Garcia, Jorge",1000221236.0,SUS_COU1,Changeup,L,35,53,50.49466923006477,54.39624853458383,65.48303544426341,92.71899886234355,0.0136198890188206,0.0025893288450637,54.991179094324366,54.991179094324366,77.14472822527833,0.0431360083062001,0.0136198890188206,0.2316068159773306,390,59,8,8,1,2,4,2,0.125,0.25,0.5,0.25,41.566633818190475,21.31630648330059,1182,100,45.01151243551012,35.59266535690897,963,65,21.864131283081186,0.8185985592665358,1511,105,60.32009961905328,84.61034708578913,213,21
351,87,50,"Kines, Gunnar",665129.0,JOL_SLA,Four-Seam,R,289,511,52.19426200549269,62.01641266119577,61.468692218132645,87.25824800910125,0.0113134444006998,0.0066029093839349,54.97659106928467,54.97659106928467,77.079240340537,0.1913434237308726,0.0113134444006998,0.2206332031861336,325,71,92,50,9,13,24,55,0.18,0.14130434782608695,0.2608695652173913,0.5978260869565217,34.851223098111355,3.8637851997380483,1469,239,48.76089429092132,52.19384413883431,731,104,44.299700002826334,24.459724950884087,1153,194,38.34988507917856,12.246234446627374,1341,205
352,88,38,"Kines, Gunnar",665129.0,JOL_SLA,Four-Seam,L,222,511,52.19426200549269,62.01641266119577,61.46777771642897,87.20136518771331,0.0113129189728991,0.0069953001870912,54.976316718773575,54.976316718773575,77.01375245579568,0.1913434237308726,0.0113129189728991,0.2206332031861336,325,71,66,52,11,13,13,40,0.21153846153846154,0.19696969696969696,0.19696969696969696,0.6060606060606061,38.29032737597006,9.986902423051735,1375,199,50.91088948073754,61.165684348395544,594,64,50.29487952297862,50.22920759659463,761,107,37.829756894048955,10.478061558611657,1368,209
353,50,20,"Langrell, Connor",815223.0,MIS_MUD,Curveball,L,55,114,56.35208708357808,75.84994138335287,51.70359762247995,61.77474402730376,0.0057029002576441,0.0,54.95754024524864,54.95754024524864,76.94826457105435,0.5539129271554643,0.0057029002576441,0.2293663095740493,207,34,10,17,10,7,2,1,0.5882352941176471,0.7,0.2,0.1,69.36843419931802,96.1034708578913,59,11,76.59053073643338,98.46103470857891,24,7,50.010572040579646,48.16633922724296,789,38,69.79475463937426,97.47871643745907,40,11
354,25,14,"Morgan, Marcus",808861.0,JOL_SLA,Sinker,R,35,96,58.063540148282655,80.89097303634232,47.64663072210556,46.188850967007966,0.0033719661680143,0.0,54.938467320429524,54.938467320429524,76.88277668631304,0.7031545802194679,0.0033719661680143,0.2272709191467013,164,14,9,8,2,6,1,2,0.25,0.6666666666666666,0.1111111111111111,0.2222222222222222,67.30904157849375,94.8264571054355,78,13,53.53283483417195,69.25343811394892,471,16,58.35025819094956,82.31827111984283,273,26,62.07466536355717,88.37590045841519,181,24
355,122,36,"Good, Ty",688612.0,GAT_GRI,Slider,L,35,189,62.37506436135956,89.80070339976554,37.45366581455001,7.053469852104664,-0.0024844112589813,0.0,54.89864479731669,54.89864479731669,76.8172888015717,1.0791269127684442,-0.0024844112589813,0.1915635571324319,88,26,8,11,1,5,2,1,0.09090909090909091,0.625,0.25,0.125,64.73480080246343,92.40340537000655,123,13,42.687515417693255,23.346430910281597,1178,129,45.319498580996566,28.127046496398165,1135,107,68.21564546932076,96.39816633922725,63,8
356,89,39,"Garbrick, Alex",687885.0,LAK_ERI24,Four-Seam,L,39,82,63.39070663463268,90.73856975381008,35.02629699724824,4.209328782707623,-0.0038790582608661,-0.0103010442003241,54.881383743417345,54.881383743417345,76.75180091683038,1.167692667162139,-0.0038790582608661,0.2237989850122804,80,9,20,15,1,11,1,8,0.06666666666666667,0.55,0.05,0.4,60.10116740560884,85.33071381794369,226,8,41.034895316134595,17.452521283562543,1267,201,64.08379241932887,91.84675834970531,127,13,50.845444598732314,55.10805500982319,710,59
357,48,20,"Gollert, Harley",1000114236.0,TRO_AIG,Changeup,R,117,169,53.84866074714078,67.64361078546307,57.17923198474063,77.7019340159272,0.0088489310512805,0.0025371748474203,54.84783211842073,54.84783211842073,76.68631303208906,0.3356098416201578,0.0088489310512805,0.2564924791827443,277,45,36,37,7,17,10,9,0.1891891891891892,0.4722222222222222,0.2777777777777778,0.25,55.29591795701889,72.88801571709233,415,41,49.38732664022836,55.27177472167649,684,37,42.71334665900597,20.726915520628683,1208,71,60.32009961905328,84.61034708578913,220,20
358,90,40,"Riedel, Caleb",1000120428.0,SCH_BOO,Four-Seam,L,106,231,57.29377328799261,78.89800703399766,49.094755249537386,52.04778156996587,0.0042039874563093,0.0,54.83406787645604,54.83406787645604,76.62082514734774,0.6360295850485335,0.0042039874563093,0.2450577239505676,181,31,34,26,8,9,10,15,0.3076923076923077,0.2647058823529412,0.29411764705882354,0.4411764705882353,42.47518938620118,24.32874918140144,1156,146,57.46575286432357,79.99345121152587,306,23,41.18031611665856,17.026850032743944,1268,206,48.2445589068795,44.531761624099545,848,94
359,123,37,"Langhorne, Miles",695680.0,SUS_COU1,Slider,L,30,61,58.9647395472584,83.70457209847598,45.147690951264,34.755403868031856,0.0019361980084938,0.0,54.819624968460076,54.819624968460076,76.55533726260641,0.7817407189907599,0.0019361980084938,0.2234162008858859,140,45,6,9,0,4,1,1,0.0,0.6666666666666666,0.16666666666666666,0.16666666666666666,67.30904157849375,94.8264571054355,80,7,36.49019003684828,5.50098231827112,1463,139,53.137954346968364,63.0648330058939,577,61,65.58379685256494,93.77865094957433,96,10
360,91,41,"Bell, Brendan",681141.0,NEW_ENG23,Four-Seam,L,81,140,54.609439179434254,70.69167643610785,55.304440425612015,73.2650739476678,0.0077717678248022,0.0,54.81793955328757,54.81793955328757,76.4898493778651,0.4019510303985475,0.0077717678248022,0.2686358089934294,251,45,18,21,3,9,3,6,0.14285714285714285,0.5,0.16666666666666666,0.3333333333333333,57.012078474372444,77.60314341846758,316,18,46.228844206747524,41.87950229207596,876,124,53.137954346968364,63.0648330058939,548,68,55.05640238554163,70.43222003929273,431,28
361,124,87,"Willeman, Landon",812254.0,EVA_OTT,Slider,R,70,101,45.58778993793146,33.64595545134818,76.33348706985812,98.57792946530148,0.0198540260485419,0.0059695902646769,54.81149907750946,54.81149907750946,76.42436149312377,-0.3847523118855726,0.0198540260485419,0.2351862838200284,567,148,14,15,5,5,2,7,0.3333333333333333,0.35714285714285715,0.14285714285714285,0.5,48.186110099411316,46.10347085789129,819,99,59.21371643327984,83.00589390962672,237,49,55.37179885153173,72.59332023575638,395,48,44.52900791851833,29.3713163064833,1035,122
362,26,12,"Fritz, AJ",1000059998.0,MIS_MUD,Sinker,L,33,55,55.63380046189182,74.09144196951935,52.88825386466248,65.98407281001137,0.0063835455986601,0.001152710243556,54.81013648272302,54.81013648272302,76.35887360838245,0.4912770974006353,0.0063835455986601,0.2389807893224483,222,21,11,10,2,3,2,6,0.2,0.2727272727272727,0.18181818181818182,0.5454545454545454,42.97076515057065,26.064178127046496,1124,100,50.12430587470722,58.08775376555337,635,26,51.71641693497349,55.95939751146039,668,46,41.657900336602886,19.810085134250162,1223,110
363,49,29,"Cooper, Garrett",1000327042.0,NEW_YOR13,Changeup,L,166,278,54.99433210394653,71.86400937866354,54.3569801455394,70.36405005688282,0.0072274036434756,0.0048493871118933,54.80312651642439,54.80312651642439,76.29338572364112,0.4355143559091806,0.0072274036434756,0.2377383830059734,241,35,41,39,5,17,7,17,0.1282051282051282,0.4146341463414634,0.17073170731707318,0.4146341463414634,51.73802420152982,59.46299934512115,620,68,45.23000788162965,37.42632612966601,956,64,52.7565662608234,60.772757039947614,600,50,49.92108801138392,51.37524557956779,743,68
364,50,21,"Barreto, Brayhans",810980.0,TRI_VAL,Changeup,R,87,115,58.67867055210982,82.53223915592028,45.70552537787919,37.20136518771331,0.0022567022948971,0.0,54.786726999840624,54.786726999840624,76.2278978388998,0.7567950102203577,0.0022567022948971,0.2338520251994362,150,27,18,24,4,7,3,8,0.16666666666666666,0.3888888888888889,0.16666666666666666,0.4444444444444444,50.147436404958235,53.208906352324824,718,65,47.85195323506406,49.08316961362148,777,44,53.137954346968364,63.0648330058939,573,41,48.038139407526096,43.28749181401441,870,63
365,13,7,"Bell, Brendan",681141.0,NEW_ENG23,Cutter,L,46,85,59.87232381764569,86.1664712778429,42.82092854765773,24.061433447098977,0.0005993545147659,0.0,54.7569052366493,54.7569052366493,76.16240995415848,0.8608836295390355,0.0005993545147659,0.2176258367611201,119,7,15,14,1,6,5,4,0.07142857142857142,0.4,0.3333333333333333,0.26666666666666666,50.83390061189966,55.664702030124424,690,17,41.3595171217979,18.696791093647676,1248,25,37.501042815024775,10.31434184675835,1384,25,59.267360172350955,81.9253438113949,280,4
366,92,51,"Brodsky, Jack",1000302079.0,WAS_WIL3,Four-Seam,R,97,267,52.208044618556656,62.13364595545134,60.56454475753083,85.32423208191126,0.0107939656399107,0.0083746932110241,54.714994660248905,54.714994660248905,76.09692206941716,0.1925452913132381,0.0107939656399107,0.2283063054140412,324,70,32,27,5,6,7,19,0.18518518518518517,0.1875,0.21875,0.59375,37.705272654144984,9.037328094302556,1386,218,49.11437136819915,54.420432220039295,695,93,48.25141949323599,40.4060248853962,910,150,38.607348530817724,12.639161755075312,1334,201
367,51,30,"Kirby, Zach",813716.0,WAS_WIL3,Changeup,L,119,122,51.627842353464565,58.61664712778429,61.82541171472967,87.99772468714448,0.0115183979178155,0.0098887516728869,54.687113161844096,54.687113161844096,76.03143418467585,0.1419506551297618,0.0115183979178155,0.2270963809815441,354,54,34,37,8,15,8,11,0.21621621621621623,0.4411764705882353,0.23529411764705882,0.3235294117647059,53.377856202329625,66.40471512770138,514,55,51.22977472642551,62.0497707924034,580,38,46.69922606910924,33.49705304518664,1010,79,55.67566088360183,73.41191879502293,407,41
368,93,52,"McEvoy, Aidan",1000079355.0,FLO_Y'A,Four-Seam,R,26,62,53.45146372583165,66.47127784290738,57.474397123481296,78.49829351535837,0.0090185184550864,0.0,54.658343745126544,54.658343745126544,75.96594629993452,0.3009735776905337,0.0090185184550864,0.2043709625744366,287,55,8,9,0,5,2,1,0.0,0.625,0.25,0.125,64.73480080246343,92.40340537000655,112,2,36.49019003684828,5.50098231827112,1385,233,45.319498580996566,28.127046496398165,1070,184,68.21564546932076,96.39816633922725,50,2
369,125,88,"Eckaus, David",824671.0,EVA_OTT,Slider,R,60,175,59.09705568998996,84.17350527549824,44.23247985237735,30.318543799772467,0.0014103626240824,-1.1102230246251563e-16,54.63768293870617,54.63768293870617,75.90045841519319,0.7932789143848112,0.0014103626240824,0.2237353763187057,136,42,10,11,6,3,1,6,0.5454545454545454,0.3,0.1,0.6,44.655722749426864,31.761624099541585,1050,130,73.67414232191811,97.51146037982973,40,5,59.39271895974579,84.67583497053045,238,28,38.21257123830435,11.42763588736084,1358,158
370,126,89,"Pierson, Kenny",1000055344.0,LAK_ERI24,Slider,R,68,98,56.97667919676287,77.9601406799531,49.11258863961173,52.16154721274175,0.0042142336470915,0.0,54.617452029617525,54.617452029617525,75.83497053045186,0.6083784344982134,0.0042142336470915,0.244047778533297,189,66,15,9,1,6,4,5,0.1111111111111111,0.4,0.26666666666666666,0.3333333333333333,50.83390061189966,55.664702030124424,671,79,44.0646988356588,30.648330058939095,1055,153,43.75580742780221,23.18271119842829,1173,135,55.05640238554163,70.43222003929273,448,46
371,127,90,"Saturria, Michael",800014.0,NEW_ENG23,Slider,R,146,248,56.79541466575939,77.60844079718639,49.342570075517365,53.01478953356087,0.0043463696940691,-1.1102230246251563e-16,54.55956128868678,54.55956128868678,75.76948264571054,0.5925718553949172,0.0043463696940691,0.2075411015426833,192,67,45,40,12,12,7,26,0.3,0.26666666666666666,0.15555555555555556,0.5777777777777777,42.5963301286026,24.72167648984938,1152,139,56.94136379363668,78.68369351669942,326,63,54.1804151157646,67.45252128356253,498,66,39.616223833907455,14.636542239685657,1305,153
372,27,13,"Harley, Tristan",10041912.0,SUS_COU1,Sinker,L,74,97,59.602928480814256,85.58030480656507,42.66167771938107,23.435722411831627,0.0005078568039027,0.0,54.520553252384296,54.520553252384296,75.70399476096922,0.8373918924732586,0.0005078568039027,0.1876569647461988,124,11,27,17,1,8,2,17,0.058823529411764705,0.2962962962962963,0.07407407407407407,0.6296296296296297,44.42690134711306,30.746561886051083,1059,94,40.50022410680679,15.324165029469548,1297,102,61.825127420270356,89.45645055664701,162,7,36.34103444416687,7.56385068762279,1413,122
373,128,38,"Cameron, Zach",1000084075.0,WIN_CIT29,Slider,L,53,142,60.87565207535039,87.33880422039859,39.65662543470589,12.17292377701934,-0.0012186987691345,0.0,54.50994408315703,54.50994408315703,75.6385068762279,0.9483755805797862,-0.0012186987691345,0.1985867870723838,109,34,18,17,8,6,3,9,0.47058823529411764,0.3333333333333333,0.16666666666666666,0.5,46.71511537025113,39.91486574983628,943,91,68.57046259651636,94.5645055664702,86,17,53.137954346968364,63.0648330058939,586,63,44.52900791851833,29.3713163064833,1118,102
374,129,39,"Shinn, Nathan",1000490914.0,LAK_ERI24,Slider,L,77,138,58.63960854262861,82.41500586166471,44.86568932264315,33.27645051194539,0.0017741737116175,0.0,54.50743277663297,54.50743277663297,75.57301899148658,0.7533887357584961,0.0017741737116175,0.2180576813970077,151,49,16,25,13,8,2,6,0.52,0.5,0.125,0.375,57.012078474372444,77.60314341846758,361,37,71.93889121528152,96.92206941715783,48,7,57.04718222995426,78.42174197773411,337,42,52.424553768785806,61.55861165684349,592,61
375,28,15,"Vecerka, Boris",807828.0,QUE_CAP,Sinker,R,81,219,52.79094997599237,64.24384525205159,58.47076645678811,80.83048919226393,0.0095909833782418,0.0053813583447015,54.49489492023109,54.49489492023109,75.50753110674525,0.2433756418017487,0.0095909833782418,0.2093119338332543,306,33,16,19,3,5,2,9,0.15789473684210525,0.3125,0.125,0.5625,45.427994982235965,34.937786509495744,994,104,47.25396569831587,46.29993451211526,818,34,57.04718222995426,78.42174197773411,316,29,40.58123499338459,16.830386378519975,1268,119
376,51,31,"Sesar, Jorden",813853.0,SUS_COU1,Curveball,R,83,119,53.92737305790976,68.58147713950761,55.75867134089631,73.89078498293516,0.0080327466178267,0.002364712758358,54.476762542805716,54.476762542805716,75.44204322200393,0.3424736906020044,0.0080327466178267,0.2384742514039066,269,39,17,15,4,10,3,4,0.26666666666666666,0.5882352941176471,0.17647058823529413,0.23529411764705882,62.46341188243667,88.99803536345776,168,20,54.66901115399353,72.65880812049771,416,44,52.218136021559914,58.51342501637197,624,40,61.24898736614358,86.83693516699411,200,20
377,29,14,"Cerda, Junior",693702.0,EVA_OTT,Sinker,L,49,114,58.88916053489658,83.11840562719811,44.12139610979143,29.579067121729235,0.0013465393569088,-0.000908704380271,54.45883120736504,54.45883120736504,75.3765553372626,0.7751500990231768,0.0013465393569088,0.2113984724775418,145,13,13,9,1,4,3,6,0.1111111111111111,0.3076923076923077,0.23076923076923078,0.46153846153846156,45.130967200386316,33.66077275703995,1017,93,44.0646988356588,30.648330058939095,1070,72,47.123757603913134,35.52717747216765,994,85,46.958406641677556,38.867059593975114,937,91
378,94,53,"Kalisky, Jack",1000571646.0,OTT_TIT,Four-Seam,R,45,68,45.492573103789226,32.825322391559205,75.35158396506897,98.12286689419795,0.0192898727103781,0.0292446173289452,54.45027636217314,54.45027636217314,75.31106745252129,-0.3930553837138151,0.0192898727103781,0.2393235653165321,574,160,14,16,1,4,5,5,0.0625,0.2857142857142857,0.35714285714285715,0.35714285714285715,43.773125911930755,28.323510150622134,1084,136,40.7508512361792,16.30648330058939,1272,212,35.2671983104614,7.138179436804191,1417,238,53.55248889025259,65.4551407989522,523,33
379,130,91,"Webster, Evan",804248.0,FLO_Y'A,Slider,R,35,111,59.284520947533366,84.75967174677609,43.020939411858464,24.687144482366325,0.0007142709420157,-1.1102230246251563e-16,54.4054464868309,54.4054464868309,75.24557956777997,0.8096262075153282,0.0007142709420157,0.200881715435665,131,40,10,8,2,6,2,2,0.25,0.6,0.2,0.2,63.19025633684523,90.34053700065488,153,15,53.53283483417195,69.25343811394892,481,88,50.010572040579646,48.16633922724296,811,100,63.47831795916028,90.9954158480681,141,13
380,95,54,"Scafidi, Christian",690280.0,LAK_ERI24,Four-Seam,R,189,287,54.320824936758655,69.63657678780774,54.578986377629,71.0466439135381,0.0073549575297151,0.0,54.398273369019755,54.398273369019755,75.18009168303864,0.3767833716628065,0.0073549575297151,0.2126752233954329,260,48,65,55,9,9,12,44,0.16363636363636364,0.13846153846153847,0.18461538461538463,0.676923076923077,34.67558927927852,3.732809430255403,1471,241,47.64537572236923,47.31499672560576,805,112,51.453979258912895,54.87884741322855,690,103,33.3537737919859,3.732809430255403,1471,234
381,131,40,"Calderon, Jean",703300.0,LAK_ERI24,Slider,L,37,73,59.55050875943374,85.34583821805393,42.34173024506859,21.899886234357226,0.000324030686244,0.0,54.38787520512419,54.38787520512419,75.11460379829732,0.8328208025419473,0.000324030686244,0.1975423483680653,126,39,6,9,4,2,2,2,0.4444444444444444,0.3333333333333333,0.3333333333333333,0.3333333333333333,46.71511537025113,39.91486574983628,932,89,66.78822523209035,92.63261296660119,118,23,37.501042815024775,10.31434184675835,1386,125,55.05640238554163,70.43222003929273,473,46
382,96,55,"Morgan, Cooper",692707.0,QUE_CAP,Four-Seam,R,31,65,61.92009999341272,89.21453692848769,36.738062046093695,6.0295790671217295,-0.0028955620668443,-0.0106045546327118,54.36548860921701,54.36548860921701,75.049115913556,1.0394532367805336,-0.0028955620668443,0.2078869660478983,93,12,9,11,5,4,1,4,0.45454545454545453,0.4444444444444444,0.1111111111111111,0.4444444444444444,53.579757439665336,67.3215455140799,510,21,67.47681694107314,93.68041912246234,101,7,58.35025819094956,82.31827111984283,283,31,48.038139407526096,43.28749181401441,877,85
383,12,7,"Williams, Brian",1000079778.0,MIS_MUD,Splitter,L,57,101,58.340464222932205,81.3599062133646,45.07299140574527,34.41410693970421,0.0018932793154393,0.0,54.36022237777612,54.36022237777612,74.98362802881466,0.7273028361817498,0.0018932793154393,0.1860178971152679,160,7,7,15,10,1,1,5,0.6666666666666666,0.14285714285714285,0.14285714285714285,0.7142857142857143,34.94715753696963,4.191224623444663,1466,14,80.0,99.50884086444007,9,1,55.37179885153173,72.59332023575638,434,6,30.99378646091694,2.75049115913556,1489,14
384,52,31,"Campbell, Tyler",809429.0,MIS_MUD,Changeup,L,25,97,60.93418978480568,87.45603751465416,38.9862628132482,10.238907849829353,-0.0016038562340931,0.0033031669983372,54.34981169333844,54.34981169333844,74.91814014407335,0.9534801696017438,-0.0016038562340931,0.2196920576046626,108,20,8,10,3,1,2,5,0.3,0.125,0.25,0.625,33.84391149009949,2.8159790438768826,1489,105,56.94136379363668,78.68369351669942,332,17,45.319498580996566,28.127046496398165,1130,87,36.63346206825085,8.316961362148003,1408,103
385,53,32,"Whitesell, Max",1000223610.0,FLO_Y'A,Changeup,L,42,59,54.605015505759546,70.57444314185229,53.73926819336613,68.54379977246872,0.0068724966693123,0.0034692546441591,54.34529131204152,54.34529131204152,74.85265225933202,0.4015652784399078,0.0068724966693123,0.2580795980764848,252,38,9,8,2,6,0,3,0.25,0.6666666666666666,0.0,0.3333333333333333,67.30904157849375,94.8264571054355,73,4,53.53283483417195,69.25343811394892,463,27,68.77486587891195,96.29993451211526,35,4,55.05640238554163,70.43222003929273,434,44
386,30,16,"Hungate, Chase",801835.0,NEW_JER6,Sinker,R,34,66,59.725028939282325,85.93200468933178,41.73025580989682,18.657565415244598,-2.729251674967067e-05,0.0056696014513591,54.32659700046666,54.32659700046666,74.7871643745907,0.8480392626158882,-2.729251674967067e-05,0.2020299900522486,121,10,12,9,4,5,1,6,0.4444444444444444,0.4166666666666667,0.08333333333333333,0.5,51.863596922311785,60.28159790438769,616,75,66.78822523209035,92.63261296660119,119,1,60.956410112940155,87.59004584151931,194,21,44.52900791851833,29.3713163064833,1110,113
387,132,92,"Scafidi, Christian",690280.0,LAK_ERI24,Slider,R,116,177,49.84620975966918,50.87924970691676,64.74105557906678,92.03640500568828,0.0131935838001494,0.0,54.314663505488454,54.314663505488454,74.72167648984937,-0.0134107736667845,0.0131935838001494,0.240131133940951,420,118,26,21,4,10,5,11,0.19047619047619047,0.38461538461538464,0.19230769230769232,0.4230769230769231,49.88341170998077,52.030124426981004,728,89,49.4750622633806,55.631958087753766,676,118,50.73227564974627,51.7026850032744,735,91,49.38780536483678,49.115913555992144,776,88
388,54,33,"Gordillo, Lucas",808851.0,TRI_VAL,Changeup,L,41,50,51.67474672740689,58.85111371629543,60.47008056207695,85.0967007963595,0.0107396911489326,0.0030424222472734,54.3133468778079,54.3133468778079,74.65618860510806,0.1460407972712256,0.0107396911489326,0.2427697403488224,352,53,14,11,2,4,3,7,0.18181818181818182,0.2857142857142857,0.21428571428571427,0.5,43.773125911930755,28.323510150622134,1090,96,48.88484079853823,53.208906352324824,704,47,48.67026533784162,42.403405370006546,874,71,44.52900791851833,29.3713163064833,1058,89
389,97,56,"Tiburcio, David",696010.0,DOW_EAS1,Four-Seam,R,28,62,51.831806869463016,59.90621336459554,60.09944729458207,84.35722411831627,0.0105267434618625,0.0,54.31209899699873,54.31209899699873,74.59070072036673,0.1597367119967452,0.0105267434618625,0.2269971721171743,343,79,8,7,1,3,1,4,0.14285714285714285,0.375,0.125,0.5,49.289356146281456,49.574328749181404,762,59,46.228844206747524,41.87950229207596,869,126,57.04718222995426,78.42174197773411,312,39,44.52900791851833,29.3713163064833,1060,129
390,98,57,"Petery, Dylan",10998503.0,WIN_CIT29,Four-Seam,R,35,64,55.4303494894969,73.62250879249707,51.66791437123577,61.60409556313993,0.0056823984125967,0.0,54.30161895401855,54.30161895401855,74.52521283562541,0.4735358224198116,0.0056823984125967,0.2518451033116898,226,37,13,11,0,5,1,7,0.0,0.38461538461538464,0.07692307692307693,0.5384615384615384,49.88341170998077,52.030124426981004,735,55,36.49019003684828,5.50098231827112,1412,240,61.55782978724568,88.73608382449247,174,19,42.09960919535911,21.28356254092993,1205,163
391,31,17,"Cerda, Junior",693702.0,EVA_OTT,Sinker,R,65,114,58.88916053489658,83.11840562719811,43.5750033761442,27.0193401592719,0.001032608905796,0.0,54.29491338727087,54.29491338727087,74.4597249508841,0.7751500990231768,0.001032608905796,0.2113984724775418,145,13,29,23,3,11,9,9,0.13043478260869565,0.3793103448275862,0.3103448275862069,0.3103448275862069,49.55565691621563,50.65487884741323,755,88,45.3820047137128,37.88474132285527,950,50,39.65785819874113,13.850687622789785,1317,117,56.50845679478623,74.98362802881466,384,51
392,99,58,"Martinez, Gregory",1000051547.0,DOW_EAS1,Four-Seam,R,30,83,51.25677095068552,57.209847596717466,61.3133792175345,86.68941979522185,0.0112242091723761,0.0015483332172183,54.27375343074021,54.27375343074021,74.39423706614276,0.1095925901044241,0.0112242091723761,0.2318220785869593,366,87,7,8,1,3,1,3,0.125,0.42857142857142855,0.14285714285714285,0.42857142857142855,52.59909428689188,63.78519973804846,542,24,45.01151243551012,35.59266535690897,964,150,55.37179885153173,72.59332023575638,404,58,49.04074840438546,47.511460379829735,789,72
393,32,15,"Hensey, Rob",802996.0,SUS_COU1,Sinker,L,158,469,53.901440311453015,68.11254396248535,55.12329544340579,72.58248009101251,0.0076676908075234,0.010969095868783,54.267996851038845,54.267996851038845,74.32874918140145,0.3402123104744914,0.0076676908075234,0.2322677055359071,273,27,52,38,4,28,13,11,0.10526315789473684,0.5384615384615384,0.25,0.21153846153846154,59.38830072916967,83.9554682383759,245,22,43.66604047782667,28.454485920104784,1088,75,45.319498580996566,28.127046496398165,1073,95,62.749498342212505,89.9803536345776,154,15
394,100,59,"Almonte, Lisandro",1000570068.0,NEW_JER6,Four-Seam,R,84,210,51.96980963009681,60.844079718640096,59.47836203375903,83.21956769055745,0.0101698983500906,0.0,54.22237535119548,54.22237535119548,74.26326129666012,0.1717707902599071,0.0101698983500906,0.2092177122112531,335,76,14,18,2,6,1,7,0.1111111111111111,0.42857142857142855,0.07142857142857142,0.5,52.59909428689188,63.78519973804846,545,25,44.0646988356588,30.648330058939095,1043,170,62.073332365221844,89.9803536345776,153,14,44.52900791851833,29.3713163064833,1062,130
395,101,42,"Kirby, Zach",813716.0,WAS_WIL3,Four-Seam,L,163,350,51.18111286083894,57.0926143024619,61.24088218991015,86.46188850967008,0.0111825559380174,0.0108924376502401,54.199043659560296,54.199043659560296,74.1977734119188,0.1029950744440594,0.0111825559380174,0.2311216224140236,367,88,72,49,6,16,12,44,0.12244897959183673,0.2222222222222222,0.16666666666666666,0.6111111111111112,39.850473300836924,15.160445317616242,1284,178,44.83760789676192,33.88998035363458,1011,143,53.137954346968364,63.0648330058939,542,67,37.51074494050279,10.183366077275705,1370,210
396,133,93,"Nabholz, Nate",1000113106.0,TRI_VAL,Slider,R,48,98,54.26550399933432,69.28487690504103,54.01922651489053,69.34015927189988,0.0070333469822041,0.0,54.19162075400118,54.19162075400118,74.13228552717747,0.3719592906987846,0.0070333469822041,0.2188136579858771,263,85,14,12,4,6,2,6,0.3333333333333333,0.42857142857142855,0.14285714285714285,0.42857142857142855,52.59909428689188,63.78519973804846,549,64,59.21371643327984,83.00589390962672,250,55,55.37179885153173,72.59332023575638,415,56,49.04074840438546,47.511460379829735,795,93
397,52,32,"Petschke, Ben",814386.0,EVA_OTT,Curveball,R,80,169,56.61669221876746,76.43610785463072,48.51619579856322,50.11376564277589,0.0038715755879678,0.0,54.18654329270618,54.18654329270618,74.06679764243614,0.5769869503929662,0.0038715755879678,0.2330663709665549,202,31,23,24,2,15,2,6,0.08333333333333333,0.6521739130434783,0.08695652173913043,0.2608695652173913,66.4136534824832,93.97511460379829,93,9,42.171071635956174,21.676489849377862,1193,76,60.61647725355008,87.06614276358874,198,15,59.6335304146822,82.74394237066143,265,31
398,102,60,"McMahon, Chris",675657.0,LAK_ERI24,Four-Seam,R,49,69,58.03993762545282,80.77373974208675,45.17819173288281,34.86916951080774,0.0019537222608186,-0.0061676356248427,54.18141385768182,54.18141385768182,74.00130975769483,0.7010963996030954,0.0019537222608186,0.2335988985000439,165,28,14,9,5,2,2,10,0.5555555555555556,0.14285714285714285,0.14285714285714285,0.7142857142857143,34.94715753696963,4.191224623444663,1465,237,74.36273403090088,97.77341191879503,35,2,55.37179885153173,72.59332023575638,433,64,30.99378646091694,2.75049115913556,1488,241
399,103,61,"Daly, Ryan",831333.0,JOL_SLA,Four-Seam,R,296,567,52.870457599948416,64.5955451348183,57.22503472520639,77.75881683731512,0.0088752470582315,0.0002349768337499,54.176830737525805,54.176830737525805,73.9358218729535,0.2503088434624325,0.0088752470582315,0.2382996714049383,303,63,97,75,12,32,15,50,0.16,0.32989690721649484,0.15463917525773196,0.5154639175257731,46.50280685264038,37.39358218729535,957,97,47.39748270713543,46.79109364767518,813,113,54.2663912616447,67.58349705304518,496,73,43.55223935972236,25.998690242305173,1131,142
400,53,33,"Hocom, Quinn",1000152021.0,TRI_VAL,Curveball,R,65,106,55.52893927601084,73.85697538100821,50.8779817541998,58.87372013651877,0.0052285418959488,0.0,54.13365201946752,54.13365201946752,73.87033398821218,0.4821330215005284,0.0052285418959488,0.2448269439659142,224,36,16,12,1,10,2,4,0.08333333333333333,0.625,0.125,0.25,64.73480080246343,92.40340537000655,115,11,42.171071635956174,21.676489849377862,1192,75,57.04718222995426,78.42174197773411,324,22,60.32009961905328,84.61034708578913,232,27
401,33,16,"Kelly, Aiden",1000062337.0,TRI_VAL,Sinker,L,51,78,52.213120512201456,62.25087924970691,58.533995006038126,81.05802047781569,0.0096273113997672,0.0,54.109382860352454,54.109382860352454,73.80484610347085,0.1929879179758965,0.0096273113997672,0.2431827652845574,323,39,9,9,1,4,2,3,0.1111111111111111,0.4444444444444444,0.2222222222222222,0.3333333333333333,53.579757439665336,67.3215455140799,490,49,44.0646988356588,30.648330058939095,1044,67,47.92565050298717,38.83431565160445,920,75,55.05640238554163,70.43222003929273,424,44
402,134,94,"Sittinger, Brandyn",670087.0,LAK_ERI24,Slider,R,80,138,52.64983771642491,63.65767878077374,57.5015027651494,78.61205915813424,0.0090340920266085,-1.1102230246251563e-16,54.105337231042256,54.105337231042256,73.73935821872954,0.2310704098793771,0.0090340920266085,0.2339416099446302,311,93,22,27,12,13,2,7,0.4444444444444444,0.5909090909090909,0.09090909090909091,0.3181818181818182,62.628603803893164,89.29273084479371,164,17,66.78822523209035,92.63261296660119,108,21,60.245641406942724,86.4112639161755,204,26,56.013438246180115,73.80484610347085,400,36
403,55,34,"Barreto, Brayhans",810980.0,TRI_VAL,Changeup,L,28,115,58.67867055210982,82.53223915592028,43.43343716037086,26.27986348122867,0.0009512719054237,0.0002988542757205,54.105100534588125,54.105100534588125,73.6738703339882,0.7567950102203577,0.0009512719054237,0.2338520251994362,150,27,7,7,0,4,2,1,0.0,0.5714285714285714,0.2857142857142857,0.14285714285714285,61.425062661853005,87.3608382449247,195,23,36.49019003684828,5.50098231827112,1477,102,41.96873182415151,19.05697445972495,1244,94,67.08771034785399,95.31761624099542,74,4
404,34,17,"Turner, Eric",1000080978.0,JOL_SLA,Sinker,L,45,91,56.766395183196565,77.2567409144197,47.88337408037573,46.87144482366325,0.0035079872837484,0.0,54.10148885235031,54.10148885235031,73.60838244924689,0.5900413065659398,0.0035079872837484,0.2131409701516672,195,16,13,14,2,5,2,6,0.14285714285714285,0.38461538461538464,0.15384615384615385,0.46153846153846156,49.88341170998077,52.030124426981004,739,71,46.228844206747524,41.87950229207596,886,50,54.34079369557941,68.3366077275704,489,29,46.958406641677556,38.867059593975114,934,90
405,35,18,"Long, Maddox",1000248716.0,WAS_WIL3,Sinker,R,117,285,55.959560849431,74.91207502930833,49.72589995017308,54.66439135381115,0.0045666122285413,0.0,54.08946257965361,54.08946257965361,73.54289456450557,0.5196839639059164,0.0045666122285413,0.2340636181721299,215,20,30,33,9,21,2,7,0.2727272727272727,0.7,0.06666666666666667,0.23333333333333334,69.36843419931802,96.1034708578913,60,10,55.082166179383194,74.03405370006548,397,12,62.52010126613452,90.63523248199084,143,18,61.37283906575561,87.06614276358874,198,27
406,56,35,"Turner, Eric",1000080978.0,JOL_SLA,Changeup,L,123,163,53.8699868812411,67.76084407971864,54.50094363946762,70.81911262798634,0.0073101180022318,0.0,54.059273908709045,54.059273908709045,73.47740667976424,0.3374695172211043,0.0073101180022318,0.2399540116082409,276,44,36,33,9,19,5,12,0.2727272727272727,0.5277777777777778,0.1388888888888889,0.3333333333333333,58.728238991725995,82.54747871643747,267,30,55.082166179383194,74.03405370006548,394,22,55.74410626895896,74.72167648984937,385,35,55.05640238554163,70.43222003929273,432,43
407,135,41,"Campbell, Tyler",809429.0,MIS_MUD,Slider,L,88,199,49.91306525058026,51.23094958968347,63.71766721889725,90.84186575654152,0.0126055950700887,0.0108310907212354,54.05444584107535,54.05444584107535,73.41191879502293,-0.0075808597849821,0.0126055950700887,0.2706250853729624,417,117,32,29,6,10,9,13,0.20689655172413793,0.3125,0.28125,0.40625,45.427994982235965,34.937786509495744,989,97,50.59444780015063,60.019646365422396,610,94,42.387577668757146,20.072036673215454,1221,114,50.45066730621894,53.143418467583494,716,75
408,14,8,"McEvoy, Aidan",1000079355.0,FLO_Y'A,Cutter,L,36,81,56.25578839795388,75.49824150058618,48.8365120684511,51.365187713310576,0.004055613597466,0.0,54.03000549910304,54.03000549910304,73.3464309102816,0.545515516015868,0.004055613597466,0.2150458835028366,210,13,8,1,0,2,1,5,0.0,0.25,0.125,0.625,41.566633818190475,21.31630648330059,1200,25,36.49019003684828,5.50098231827112,1433,26,57.04718222995426,78.42174197773411,331,9,36.63346206825085,8.316961362148003,1397,29
409,54,21,"Earwood, Micah",1000112366.0,SUS_COU1,Curveball,L,55,104,56.40200500019989,75.96717467760844,48.41337144516946,49.77246871444824,0.0038124977605033,0.0,54.00541493369076,54.00541493369076,73.28094302554028,0.5582658554056097,0.0038124977605033,0.2297348510692872,206,33,7,13,5,5,2,0,0.38461538461538464,0.7142857142857143,0.2857142857142857,0.0,70.25103103681414,96.62737393582186,52,8,62.70964357119239,88.1139489194499,182,26,41.96873182415151,19.05697445972495,1242,55,76.11119131958824,98.91944990176817,11,5
410,104,43,"Kaminer, Brandon",690510.0,DOW_EAS1,Four-Seam,L,64,185,59.49682228604732,85.22860492379836,41.08703286560373,16.723549488054605,-0.0003968568550602,0.0,53.973885459914236,53.973885459914236,73.21545514079895,0.8281392496553373,-0.0003968568550602,0.2270380413349099,127,19,14,19,6,5,2,7,0.3157894736842105,0.35714285714285715,0.14285714285714285,0.5,48.186110099411316,46.10347085789129,828,72,58.01774135978344,80.77930582842174,295,22,55.37179885153173,72.59332023575638,443,50,44.52900791851833,29.3713163064833,1111,142
411,105,44,"Parsons, Billy",698892.0,SUS_COU1,Four-Seam,L,171,341,47.12600488088914,40.56271981242673,69.79150269375202,95.90443686006826,0.0160953228669399,0.0166917852734891,53.925654224748,53.925654224748,73.14996725605762,-0.2506173212223127,0.0160953228669399,0.2278408135604405,508,139,64,48,7,19,12,33,0.14583333333333334,0.296875,0.1875,0.515625,44.46265469122459,30.910281597904387,1056,127,46.43173283528709,43.418467583497055,865,122,51.18334040547541,53.798297314996724,699,89,43.5420646872349,25.93320235756385,1132,146
412,136,42,"Long, Maddox",1000248716.0,WAS_WIL3,Slider,L,88,226,58.91946380582503,83.2356389214537,42.20320105419055,20.705346985210465,0.0002444386113378,0.0,53.90458498033469,53.90458498033469,73.0844793713163,0.7777925964073452,0.0002444386113378,0.1971047183370442,144,48,14,12,3,8,0,6,0.25,0.5714285714285714,0.0,0.42857142857142855,61.425062661853005,87.3608382449247,198,21,53.53283483417195,69.25343811394892,484,81,68.77486587891195,96.29993451211526,87,12,49.04074840438546,47.511460379829735,811,79
413,137,43,"Majick, Eli",828663.0,NEW_ENG23,Slider,L,69,214,52.55829682641191,63.18874560375146,57.01214187543313,77.07622298065984,0.0087529292742414,0.0023861547913532,53.89445034111827,53.89445034111827,73.01899148657498,0.2230878867063861,0.0087529292742414,0.23861070192688,315,95,12,15,6,3,2,7,0.4,0.25,0.16666666666666666,0.5833333333333334,41.566633818190475,21.31630648330059,1188,113,63.758421712566154,89.19449901768172,161,30,53.137954346968364,63.0648330058939,545,57,39.265310685006675,13.948919449901767,1314,123
414,106,62,"Dima, Josh",1000098214.0,GAT_GRI,Four-Seam,R,146,238,59.29783022964635,84.87690504103166,41.26517586570241,17.29237770193402,-0.0002945046293813,-0.0009551861943045,53.88803392046317,53.88803392046317,72.95350360183366,0.8107867998240516,-0.0002945046293813,0.2049376207053844,130,21,34,33,13,8,4,22,0.3939393939393939,0.23529411764705882,0.11764705882352941,0.6470588235294118,40.65807825017977,18.14014407334643,1252,180,63.34526668717649,88.47413228552718,177,15,57.73704597401059,80.74656188605108,298,36,35.240130447615414,6.286836935166994,1433,231
415,138,95,"Drakeford, Dosie",836144.0,NEW_JER6,Slider,R,56,82,47.10031983754226,40.44548651817116,69.69225189971479,95.84755403868031,0.016038298231313,0.0,53.877899456194015,53.877899456194015,72.88801571709233,-0.2528571012122894,0.016038298231313,0.2956273456836605,509,136,7,13,5,3,2,2,0.38461538461538464,0.42857142857142855,0.2857142857142857,0.2857142857142857,52.59909428689188,63.78519973804846,536,58,62.70964357119239,88.1139489194499,179,39,41.96873182415151,19.05697445972495,1227,144,58.06422937611972,79.56777996070727,300,28
416,107,45,"Zentko, Dylan",1000303828.0,EVA_OTT,Four-Seam,L,112,208,51.80085500737686,59.43728018757327,58.51973956756501,81.00113765642776,0.009619120924391,0.0071486589751723,53.8165203754333,53.8165203754333,72.82252783235101,0.1570376563472441,0.009619120924391,0.2260774749753745,347,80,36,29,7,12,7,17,0.2413793103448276,0.3333333333333333,0.19444444444444445,0.4722222222222222,46.71511537025113,39.91486574983628,895,88,52.94515742736769,67.35428945645056,499,47,50.53180242497776,50.982318271119844,749,99,46.28357366302222,35.69089718402096,982,115
417,108,46,"Calderon, Jean",703300.0,LAK_ERI24,Four-Seam,L,36,87,54.9702238888686,71.74677608440797,51.11143373345936,59.55631399317406,0.0053626719468244,0.0003057389466935,53.81258684224582,53.81258684224582,72.7570399476097,0.4334120780583567,0.0053626719468244,0.2427353845471958,242,43,12,6,0,6,3,3,0.0,0.5,0.25,0.25,57.012078474372444,77.60314341846758,334,20,36.49019003684828,5.50098231827112,1416,227,45.319498580996566,28.127046496398165,1087,168,60.32009961905328,84.61034708578913,231,14
418,109,63,"Rodriguez, Esteban",701454.0,TRO_AIG,Four-Seam,R,60,142,51.51992899408205,58.26494724501758,59.12550374162116,82.5938566552901,0.0099671632915726,0.0,53.80160141834378,53.80160141834378,72.69155206286837,0.1325404244467973,0.0099671632915726,0.233014920561091,357,85,26,14,1,3,9,14,0.07142857142857142,0.11538461538461539,0.34615384615384615,0.5384615384615384,33.24985592640019,2.1938441388343155,1494,244,41.3595171217979,18.696791093647676,1236,202,36.298203466413725,7.7930582842174205,1409,237,42.09960919535911,21.28356254092993,1198,159
419,110,64,"Bauer, Patrick",10998513.0,QUE_CAP,Four-Seam,R,52,150,52.42517647730801,62.60257913247362,57.00353928153245,76.96245733788396,0.0087479866459492,0.0,53.79868531857534,53.79868531857534,72.62606417812705,0.2114795631324331,0.0087479866459492,0.1939965133805835,320,69,23,17,3,4,7,12,0.17647058823529413,0.17391304347826086,0.30434782608695654,0.5217391304347826,36.8658463141351,7.203667321545513,1418,228,48.52029224672381,51.7026850032744,735,105,40.220505690145394,14.767518009168304,1302,219,43.15586950977616,24.918140144073348,1146,150
420,139,96,"Maietta, Dante",1000137704.0,WIN_CIT29,Slider,R,67,92,46.64394633528095,38.8042203985932,70.45820673598638,96.41638225255971,0.0164783782918177,0.0,53.78822445549258,53.78822445549258,72.56057629338572,-0.29265365613788,0.0164783782918177,0.2737812688265385,523,142,13,18,5,5,3,5,0.2777777777777778,0.38461538461538464,0.23076923076923078,0.38461538461538464,49.88341170998077,52.030124426981004,724,86,55.426462033874586,75.2128356254093,374,71,47.123757603913134,35.52717747216765,977,119,51.817204087996004,59.13555992141454,617,70
421,57,22,"Boies, Emiles",1000429129.0,QUE_CAP,Changeup,R,60,215,57.41970147803857,79.24970691676437,45.25669880662892,35.267349260523325,0.0019988285727422,0.0,53.77080067661567,53.77080067661567,72.4950884086444,0.6470107399732009,0.0019988285727422,0.2042827894338765,178,32,18,19,4,7,2,9,0.21052631578947367,0.3888888888888889,0.1111111111111111,0.5,50.147436404958235,53.208906352324824,719,66,50.841890918805056,60.90373280943025,599,31,58.35025819094956,82.31827111984283,274,28,44.52900791851833,29.3713163064833,1095,77
422,13,8,"Thornton, Tyler",1000429124.0,NEW_ENG23,Splitter,L,69,119,57.19311262368551,78.54630715123095,45.71251221607288,37.25824800910125,0.0022607165892516,0.0,53.74893250140172,53.74893250140172,72.42960052390308,0.6272518018597755,0.0022607165892516,0.2431199425770819,184,8,19,22,7,7,4,8,0.3181818181818182,0.3684210526315789,0.21052631578947367,0.42105263157894735,48.88289707638193,48.23182711198428,791,10,58.18082886980568,80.94302554027504,292,10,49.02297762803584,44.46627373935822,851,12,49.51566845552937,49.60707269155206,773,10
423,55,22,"Peters, Garrett",833402.0,NEW_YOR13,Curveball,L,121,157,56.00979782735724,75.0293083235639,48.47240523789296,49.943117178612056,0.0038464156807818,0.0,53.74858005051795,53.74858005051795,72.36411263916176,0.5240647148509892,0.0038464156807818,0.2291283991066477,214,35,32,30,5,10,6,16,0.16666666666666666,0.3125,0.1875,0.5,45.427994982235965,34.937786509495744,999,62,47.85195323506406,49.08316961362148,773,58,51.18334040547541,53.798297314996724,704,36,44.52900791851833,29.3713163064833,1086,61
424,58,23,"Cooper, Garrett",1000327042.0,NEW_YOR13,Changeup,R,112,278,54.99433210394653,71.86400937866354,50.76245363617075,58.47554038680318,0.0051621651087486,0.0030445386274169,53.72476856361379,53.72476856361379,72.29862475442044,0.4355143559091806,0.0051621651087486,0.2377383830059734,241,35,34,31,10,16,5,13,0.3225806451612903,0.47058823529411764,0.14705882352941177,0.38235294117647056,55.194967338351034,72.52783235101506,418,42,58.48069945274979,81.20497707924034,288,13,54.977590997785256,70.56319580877538,450,32,51.96010989524066,59.88867059593975,613,51
425,111,47,"Sanchez, Sergio",1000583994.0,MIS_MUD,Four-Seam,L,66,140,54.62801371078009,70.80890973036342,51.6004281202252,61.376564277588166,0.0056436241245818,0.0,53.719738033613616,53.719738033613616,72.2331368696791,0.4035707615031338,0.0056436241245818,0.2020717081762597,250,44,22,17,1,12,1,9,0.058823529411764705,0.5454545454545454,0.045454545454545456,0.4090909090909091,59.8203411391328,84.80681074001309,231,9,40.50022410680679,15.324165029469548,1292,209,64.51025364292734,92.23968565815323,120,12,50.27122308234922,52.554027504911595,725,61
426,36,19,"Plumadore, Carson",1000207816.0,WIN_CIT29,Sinker,R,49,127,54.80218449375565,71.16060961313013,51.17249436972822,59.84072810011376,0.0053977543919388,0.0011525620415936,53.71327745654742,53.71327745654742,72.16764898493778,0.4187587535683512,0.0053977543919388,0.1988608014990308,247,23,12,12,4,3,5,4,0.3333333333333333,0.25,0.4166666666666667,0.3333333333333333,41.566633818190475,21.31630648330059,1198,114,59.21371643327984,83.00589390962672,257,6,29.682587049052977,2.9469548133595285,1483,130,55.05640238554163,70.43222003929273,442,56
427,59,24,"Turner, Eric",1000080978.0,JOL_SLA,Changeup,R,40,163,53.8699868812411,67.76084407971864,53.33907242391509,67.23549488054607,0.0066425638193665,0.0,53.71071254404329,53.71071254404329,72.10216110019645,0.3374695172211043,0.0066425638193665,0.2399540116082409,276,44,9,13,6,7,0,2,0.46153846153846156,0.7777777777777778,0.0,0.2222222222222222,74.17368364790796,98.23182711198429,29,4,67.95353427806121,94.10609037328095,90,3,68.77486587891195,96.29993451211526,38,3,62.07466536355717,88.37590045841519,174,15
428,112,48,"Davis, Tyler",824623.0,WAS_WIL3,Four-Seam,L,48,119,46.43811921629354,37.74912075029309,70.52658829621392,96.5301478953356,0.0165176669805723,0.0200149410918963,53.66465994026966,53.66465994026966,72.03667321545514,-0.3106021351914872,0.0165176669805723,0.2534966597268117,532,147,15,15,3,2,4,9,0.2,0.13333333333333333,0.26666666666666666,0.6,34.358759645305554,3.4053700065487886,1474,232,50.12430587470722,58.08775376555337,618,68,43.75580742780221,23.18271119842829,1168,186,38.21257123830435,11.42763588736084,1342,204
429,14,6,"Williams, Brian",1000079778.0,MIS_MUD,Splitter,R,44,101,58.340464222932205,81.3599062133646,42.74993862073469,23.77701934015927,0.0005585671865109,0.0,53.66330654227295,53.66330654227295,71.97118533071382,0.7273028361817498,0.0005585671865109,0.1860178971152679,160,7,8,16,6,3,1,4,0.375,0.375,0.125,0.5,49.289356146281456,49.574328749181404,774,8,62.05415723283379,87.06614276358874,201,6,57.04718222995426,78.42174197773411,344,4,44.52900791851833,29.3713163064833,1104,9
430,56,34,"De Los Santos, Enmanuel",679735.0,NEW_ENG23,Curveball,R,54,105,54.996792999235495,71.98124267291911,50.52831042601029,57.67918088737202,0.0050276379105188,0.0,53.65624822726794,53.65624822726794,71.90569744597249,0.4357289502141701,0.0050276379105188,0.2464032453483712,240,37,7,8,2,2,3,2,0.25,0.2857142857142857,0.42857142857142855,0.2857142857142857,43.773125911930755,28.323510150622134,1097,77,53.53283483417195,69.25343811394892,467,46,28.565664796771294,2.4230517354289454,1488,82,58.06422937611972,79.56777996070727,308,37
431,15,7,"Saturria, Michael",800014.0,NEW_ENG23,Cutter,R,128,245,57.95359142483828,80.42203985932005,43.569816052365525,26.96245733788396,0.0010296285241151,0.0,53.63845881309645,53.63845881309645,71.84020956123118,0.6935668622869584,0.0010296285241151,0.2377986378353949,168,9,31,27,9,12,5,14,0.3333333333333333,0.3870967741935484,0.16129032258064516,0.45161290322580644,50.03671637158059,52.91421087098887,720,19,59.21371643327984,83.00589390962672,271,5,53.6423708479988,65.94629993451213,522,12,47.585348247654125,41.683038637852,892,22
432,57,35,"Kirby, Zach",813716.0,WAS_WIL3,Curveball,R,52,105,56.52524248197008,76.31887456037515,46.88719765486341,43.1740614334471,0.0029356331959451,0.0,53.633829033838076,53.633829033838076,71.77472167648985,0.5690123759372742,0.0029356331959451,0.2321074355423653,203,32,5,10,5,4,1,0,0.5,0.8,0.2,0.0,75.54661206179081,98.5592665356909,23,4,70.57547963149563,95.87426326129666,68,10,50.010572040579646,48.16633922724296,799,47,76.11119131958824,98.91944990176817,17,5
433,58,23,"Hocom, Quinn",1000152021.0,TRI_VAL,Curveball,L,41,106,55.52893927601084,73.85697538100821,49.17757644420631,52.38907849829352,0.0042515724504043,0.0,53.62353042646947,53.62353042646947,71.70923379174853,0.4821330215005284,0.0042515724504043,0.2448269439659142,224,36,7,6,0,5,2,0,0.0,0.7142857142857143,0.2857142857142857,0.0,70.25103103681414,96.62737393582186,51,7,36.49019003684828,5.50098231827112,1430,73,41.96873182415151,19.05697445972495,1240,54,76.11119131958824,98.91944990176817,9,4
434,60,36,"Eisenbarger, Jack",1000570067.0,QUE_CAP,Changeup,L,25,166,55.11953513564242,72.68464243845251,50.05922185359866,56.370875995449374,0.0047581226368326,0.0,53.60144115102929,53.60144115102929,71.6437459070072,0.4464322757775499,0.0047581226368326,0.1986232868658327,234,34,4,9,2,0,2,2,0.2222222222222222,0.0,0.5,0.5,26.121189162008505,0.45841519318926005,1521,106,51.63920763446932,63.42501637197119,559,34,21.864131283081186,0.8185985592665358,1515,106,44.52900791851833,29.3713163064833,1080,90
435,140,44,"Saturria, Michael",800014.0,NEW_ENG23,Slider,L,102,248,56.79541466575939,77.60844079718639,46.14488895687472,39.1353811149033,0.0025091390460887,0.0,53.60025695309399,53.60025695309399,71.57825802226589,0.5925718553949172,0.0025091390460887,0.2075411015426833,192,67,28,32,8,11,5,12,0.25,0.39285714285714285,0.17857142857142858,0.42857142857142855,50.392602193151596,53.765553372626066,707,68,53.53283483417195,69.25343811394892,474,78,52.021032094686674,57.26915520628684,654,70,49.04074840438546,47.511460379829735,804,78
436,61,37,"Vailes, Gage",1000050773.0,GAT_GRI,Changeup,L,139,161,53.88385901771756,67.87807737397421,52.93252331279706,66.09783845278726,0.0064089806510823,0.0004127881045987,53.598458306241405,53.598458306241405,71.51277013752456,0.3386791913991298,0.0064089806510823,0.2355162489141842,275,43,42,38,4,28,4,10,0.10526315789473684,0.6666666666666666,0.09523809523809523,0.23809523809523808,67.30904157849375,94.8264571054355,75,5,43.66604047782667,28.454485920104784,1091,75,59.83948786065847,85.75638506876227,218,17,61.07205636669781,86.60772757039948,205,19
437,37,20,"Kelly, Aiden",1000062337.0,TRI_VAL,Sinker,R,27,78,52.213120512201456,62.25087924970691,56.83062600407033,76.62116040955631,0.0086486391622542,0.0049856447083231,53.59837215976212,53.59837215976212,71.44728225278324,0.1929879179758965,0.0086486391622542,0.2431827652845574,323,39,9,8,0,7,1,1,0.0,0.7777777777777778,0.1111111111111111,0.1111111111111111,74.17368364790796,98.23182711198429,28,5,36.49019003684828,5.50098231827112,1389,110,58.35025819094956,82.31827111984283,264,25,69.0929283415727,97.2822527832351,42,4
438,113,65,"Brown, Ethan",690384.0,WAS_WIL3,Four-Seam,R,42,67,62.20665702296223,89.5662368112544,33.49533626275752,2.844141069397042,-0.0047586731686387,-0.009702401527747,53.593260794900814,53.593260794900814,71.38179436804192,1.0644415029907213,-0.0047586731686387,0.2173317660913399,90,10,18,11,2,3,7,8,0.18181818181818182,0.16666666666666666,0.3888888888888889,0.4444444444444444,36.418152266129816,6.221349050425671,1444,230,48.88484079853823,53.208906352324824,729,103,32.28873897104357,4.616895874263261,1458,245,48.038139407526096,43.28749181401441,879,86
439,114,66,"Long, Jalon",809215.0,NEW_YOR13,Four-Seam,R,116,213,55.24162432761286,73.27080890973036,49.73665752269017,54.721274175199085,0.0045727930017932,0.0,53.59013428613605,53.59013428613605,71.31630648330058,0.457078663462194,0.0045727930017932,0.1999942527928936,229,40,47,26,10,12,14,21,0.38461538461538464,0.2553191489361702,0.2978723404255319,0.44680851063829785,41.8952603002369,22.920759659463,1178,160,62.70964357119239,88.1139489194499,181,17,40.82804526862979,16.175507531106746,1281,214,47.888814663313,42.37066142763589,881,87
440,38,18,"Henderson, Drew",1000429021.0,DOW_EAS1,Sinker,L,76,115,56.72353623896565,77.02227432590855,46.270462469722304,40.15927189988624,0.0025812874241847,0.0,53.58761410819264,53.58761410819264,71.25081859855926,0.586303932858468,0.0025812874241847,0.2133755230358718,197,18,18,14,2,6,1,11,0.14285714285714285,0.3333333333333333,0.05555555555555555,0.6111111111111112,46.71511537025113,39.91486574983628,922,84,46.228844206747524,41.87950229207596,893,54,63.56256203493075,91.38834315651604,133,5,37.51074494050279,10.183366077275705,1373,118
441,39,19,"Allemann, Braeden",1000367619.0,QUE_CAP,Sinker,L,40,65,53.914347102638345,68.2297772567409,52.79297542242776,65.52901023890784,0.00632880328144,0.0,53.577935598575166,53.577935598575166,71.18533071381793,0.3413378048815396,0.00632880328144,0.2239881547126961,272,26,14,13,4,3,1,10,0.3076923076923077,0.21428571428571427,0.07142857142857142,0.7142857142857143,39.360141724450195,13.621480026195155,1321,113,57.46575286432357,79.99345121152587,304,11,62.073332365221844,89.9803536345776,155,6,30.99378646091694,2.75049115913556,1486,128
442,40,21,"Lawson, Nathan",1000569348.0,FLO_Y'A,Sinker,R,71,186,56.683845342179225,76.78780773739742,46.32019117097498,40.50056882821388,0.0026098590955415,0.0,53.574749090817946,53.574749090817946,71.11984282907662,0.5828428183411257,0.0026098590955415,0.2105830648910942,199,19,21,18,2,12,1,8,0.1111111111111111,0.5714285714285714,0.047619047619047616,0.38095238095238093,61.425062661853005,87.3608382449247,192,31,44.0646988356588,30.648330058939095,1060,57,64.30717686978521,92.07596594629993,122,13,52.04857539496355,60.216110019646365,610,78
443,62,38,"Rohde, Isaac",1000135938.0,NEW_YOR13,Changeup,L,250,801,58.37625129295221,81.47713950762017,42.28463514452949,21.61547212741752,0.0002912266433554,0.0,53.5487664484254,53.5487664484254,71.0543549443353,0.7304235302856366,0.0002912266433554,0.2172190632758266,159,28,62,69,25,31,8,23,0.36231884057971014,0.5,0.12903225806451613,0.3709677419354839,57.012078474372444,77.60314341846758,373,41,61.18967525036085,85.85461689587426,217,6,56.66886985418143,76.55533726260641,360,31,52.67924879621379,62.60641781270465,572,54
444,141,45,"Marklund, Brandon",647282.0,OTT_TIT,Slider,L,52,124,58.3806406659268,81.7116060961313,42.26591791288388,21.558589306029575,0.00028047264058,0.0,53.546223840013916,53.546223840013916,70.98886705959397,0.7308062911641857,0.00028047264058,0.2443531614623261,157,52,6,8,2,2,1,3,0.25,0.3333333333333333,0.16666666666666666,0.5,46.71511537025113,39.91486574983628,933,90,53.53283483417195,69.25343811394892,483,80,53.137954346968364,63.0648330058939,583,62,44.52900791851833,29.3713163064833,1106,99
445,115,67,"Scott, Brandon",1000138331.0,LAK_ERI24,Four-Seam,R,327,459,51.98393724682579,60.96131301289566,57.11918131304088,77.47440273037543,0.0088144288822446,0.0,53.524510466690316,53.524510466690316,70.92337917485266,0.1730027427556956,0.0088144288822446,0.2274786688819829,334,75,109,82,9,42,13,54,0.10975609756097561,0.3853211009174312,0.11926605504587157,0.4954128440366973,49.92701211832567,52.78323510150622,722,50,43.97232677713672,29.273084479371313,1081,175,57.5851493698147,80.35363457760315,301,37,44.81875272036301,32.416502946954814,1033,122
446,41,20,"Vecerka, Boris",807828.0,QUE_CAP,Sinker,L,138,219,52.79094997599237,64.24384525205159,55.19002152542595,72.86689419795222,0.0077060283397408,0.0074381035057943,53.510671440822435,53.510671440822435,70.85789129011133,0.2433756418017487,0.0077060283397408,0.2093119338332543,306,33,33,29,5,8,10,15,0.1724137931034483,0.24242424242424243,0.30303030303030304,0.45454545454545453,41.098590040730414,19.22069417157826,1233,106,48.243738172933575,50.982318271119844,750,36,40.34411763901451,14.865749836280287,1301,112,47.40011550043378,40.76620825147348,898,82
447,142,46,"Sanchez, Edwin",835958.0,LAK_ERI24,Slider,L,41,72,50.57609474585376,54.74794841735052,60.23042976525163,84.58475540386803,0.0106019995616841,0.0009787268633462,53.47239525167312,53.47239525167312,70.79240340537001,0.0502364534358686,0.0106019995616841,0.2570893084274762,387,109,9,12,5,6,1,2,0.4166666666666667,0.6666666666666666,0.1111111111111111,0.2222222222222222,67.30904157849375,94.8264571054355,70,6,64.89459803238773,90.56974459724951,145,28,58.35025819094956,82.31827111984283,261,34,62.07466536355717,88.37590045841519,171,15
448,143,47,"Cooper, Garrett",1000327042.0,NEW_YOR13,Slider,L,29,91,57.44362526523418,79.36694021101994,44.18426527977703,30.091012514220704,0.001382660896745,0.0,53.46581726959703,53.46581726959703,70.72691552062868,0.649096935395242,0.001382660896745,0.1854435059892639,177,60,8,7,1,4,1,3,0.14285714285714285,0.5,0.125,0.375,57.012078474372444,77.60314341846758,365,38,46.228844206747524,41.87950229207596,903,118,57.04718222995426,78.42174197773411,339,44,52.424553768785806,61.55861165684349,593,62
449,144,97,"Wehrle, Tyler",806332.0,WIN_CIT29,Slider,R,93,146,50.39364564800783,53.57561547479485,60.59425881342507,85.49488054607508,0.0108110378782419,0.0,53.453829597633,53.453829597633,70.66142763588736,0.0343265780649874,0.0108110378782419,0.2307371110620058,397,111,28,28,8,14,6,8,0.2857142857142857,0.5,0.21428571428571427,0.2857142857142857,57.012078474372444,77.60314341846758,304,32,55.96749837664676,76.55533726260641,354,67,48.67026533784162,42.403405370006546,873,106,58.06422937611972,79.56777996070727,303,30
450,116,49,"MacMillan, Blake",832350.0,TRO_AIG,Four-Seam,L,61,148,58.95142459981436,83.5873388042204,40.60474438088839,15.244596131968146,-0.0006739561505844,0.0,53.44742053413657,53.44742053413657,70.59593975114605,0.7805796326554169,-0.0006739561505844,0.2010841543437143,141,23,22,15,5,4,6,12,0.3333333333333333,0.18181818181818182,0.2727272727272727,0.5454545454545454,37.35423982104994,8.284217419777342,1402,208,59.21371643327984,83.00589390962672,278,21,43.18719246300426,21.807465618860512,1196,190,41.657900336602886,19.810085134250162,1228,175
451,42,22,"Kelly, Colin",1000456530.0,SUS_COU1,Sinker,R,53,96,54.47861827677175,70.33997655334115,51.02538658135556,59.44254835039818,0.0053132334758978,0.0042041291484812,53.44264876814689,53.44264876814689,70.53045186640472,0.390543222512184,0.0053132334758978,0.1889134572798868,254,24,19,16,3,8,2,9,0.1875,0.42105263157894735,0.10526315789473684,0.47368421052631576,52.13456963557814,61.55861165684349,588,73,49.27217363484103,54.91159135559921,687,28,58.89892175347389,83.66077275703995,250,24,46.191228097522014,35.396201702685005,987,105
452,43,21,"Stuka, Ted",682247.0,OTT_TIT,Sinker,L,82,157,51.26901538728277,57.32708089097304,58.48178555465216,80.94425483503981,0.009597314411124,0.001152710243556,53.43284643749358,53.43284643749358,70.4649639816634,0.1106603260513213,0.009597314411124,0.2304649987833355,365,46,21,20,7,9,4,8,0.35,0.42857142857142855,0.19047619047619047,0.38095238095238093,52.59909428689188,63.78519973804846,546,52,60.34989275310142,85.0687622789784,228,8,50.90410984240499,52.455795677799614,724,52,52.04857539496355,60.216110019646365,609,58
453,117,50,"Tiburcio, David",696010.0,DOW_EAS1,Four-Seam,L,34,62,51.831806869463016,59.90621336459554,57.1170130588895,77.41751990898749,0.0088131831098139,0.0,53.41736872629096,53.41736872629096,70.39947609692206,0.1597367119967452,0.0088131831098139,0.2269971721171743,343,79,13,10,1,3,2,8,0.1,0.23076923076923078,0.15384615384615385,0.6153846153846154,40.37852269079186,17.25605762933857,1262,173,43.307247955777754,26.39161755075311,1115,164,54.34079369557941,68.3366077275704,481,53,37.24081174904066,9.528487229862476,1381,214
454,118,51,"Rodriguez, Esteban",701454.0,TRO_AIG,Four-Seam,L,82,142,51.51992899408205,58.26494724501758,57.72140958964994,79.12400455062571,0.0091604396962735,0.004599973413151,53.380373172752414,53.380373172752414,70.33398821218074,0.1325404244467973,0.0091604396962735,0.233014920561091,357,85,35,22,2,9,7,19,0.09090909090909091,0.2571428571428571,0.2,0.5428571428571428,42.00793223693853,23.21545514079895,1173,153,42.687515417693255,23.346430910281597,1166,178,50.010572040579646,48.16633922724296,776,109,41.821963626998055,20.36673215455141,1217,173
455,119,68,"Barraza, Chris",696511.0,MIS_MUD,Four-Seam,R,279,561,53.09188575221631,65.2989449003517,54.0453295261418,69.39704209328784,0.0070483444914916,0.0,53.37791888439395,53.37791888439395,70.26850032743943,0.2696177594712226,0.0070483444914916,0.1907587416704403,297,60,65,60,23,13,13,39,0.38333333333333336,0.2,0.2,0.6,38.47754488695408,11.100196463654225,1355,208,62.622245392744574,87.81925343811395,187,19,50.010572040579646,48.16633922724296,784,120,38.21257123830435,11.42763588736084,1349,209
456,120,69,"Phelps, Travis",1000568112.0,FLO_Y'A,Four-Seam,R,96,154,49.86286482515155,50.99648300117233,61.56796652712634,87.48577929465301,0.0113704825468667,0.0015483332172183,53.37439533574398,53.37439533574398,70.2030124426981,-0.0119584232893544,0.0113704825468667,0.246996671638319,419,104,27,25,1,10,6,11,0.04,0.37037037037037035,0.2222222222222222,0.4074074074074074,49.0033293933892,48.461034708578914,788,63,39.21701320442007,11.853307138179437,1345,222,47.92565050298717,38.83431565160445,919,157,50.37756040019794,52.91421087098887,719,53
457,63,39,"Thebiay, Nolan",1000338675.0,EVA_OTT,Changeup,L,81,113,50.30641377984048,52.989449003517,60.39277140550911,84.81228668941979,0.0106952731014331,0.0092973510182386,53.332321067541066,53.332321067541066,70.13752455795678,0.0267198090137983,0.0106952731014331,0.2673485744132881,402,61,15,21,7,8,4,3,0.3333333333333333,0.5333333333333333,0.26666666666666666,0.2,59.071471095196706,83.33333333333334,255,29,59.21371643327984,83.00589390962672,244,9,43.75580742780221,23.18271119842829,1170,89,63.47831795916028,90.9954158480681,129,10
458,59,24,"Carroll, Jake",1000088275.0,JOL_SLA,Curveball,L,35,51,50.41196788911461,53.69284876905041,60.1312690022162,84.47098976109216,0.0105450266534527,0.0,53.32775822304508,53.32775822304508,70.07203667321545,0.0359243090264757,0.0105450266534527,0.2609419048020253,396,53,8,11,3,6,1,1,0.2727272727272727,0.75,0.125,0.125,72.4575231305544,97.60969220694172,31,3,55.082166179383194,74.03405370006548,391,40,57.04718222995426,78.42174197773411,311,18,68.21564546932076,96.39816633922725,48,14
459,145,48,"Smith, Ben",814168.0,NEW_ENG23,Slider,L,40,112,49.577402288122514,49.824150058616645,62.054717399574216,88.45278725824801,0.0116501457113952,0.0,53.32059682155801,53.32059682155801,70.00654878847413,-0.0368512478678717,0.0116501457113952,0.2812030482409483,429,120,4,11,4,0,2,2,0.36363636363636365,0.0,0.5,0.5,26.121189162008505,0.45841519318926005,1515,141,61.279491560228166,86.18205631958088,209,37,21.864131283081186,0.8185985592665358,1512,144,44.52900791851833,29.3713163064833,1052,92
460,16,8,"Valdez, Alex",677678.0,EVA_OTT,Cutter,R,52,78,56.34045681308597,75.7327080890973,46.23136114448809,39.76109215017065,0.0025588217215609,0.0,53.30772811250661,53.30772811250661,69.9410609037328,0.5528987475500631,0.0025588217215609,0.2458450028131599,208,12,11,18,6,6,3,2,0.3333333333333333,0.5454545454545454,0.2727272727272727,0.18181818181818182,59.8203411391328,84.80681074001309,236,6,59.21371643327984,83.00589390962672,264,3,43.18719246300426,21.807465618860512,1193,27,64.62676099192646,92.5343811394892,116,6
461,121,70,"Long, Maddox",1000248716.0,WAS_WIL3,Four-Seam,R,70,155,56.76913234806588,77.37397420867526,45.21006382709475,34.92605233219568,0.0019720344020637,0.0,53.30141179177454,53.30141179177454,69.87557301899149,0.5902799920538626,0.0019720344020637,0.2216092659232009,194,32,25,19,5,9,5,11,0.2631578947368421,0.36,0.2,0.44,48.36262946691054,46.62737393582187,816,68,54.429816139294246,72.13490504256713,427,43,50.010572040579646,48.16633922724296,803,123,48.31886992664672,44.72822527832351,846,80
462,44,23,"Grounds, Jackson",805984.0,DOW_EAS1,Sinker,R,41,116,57.18670807706636,78.42907385697538,44.15983278008821,29.806598407281,0.0013686231814227,0.0,53.278645487972916,53.278645487972916,69.81008513425017,0.6266933143708233,0.0013686231814227,0.2153293098953011,185,15,8,12,0,4,2,2,0.0,0.5,0.25,0.25,57.012078474372444,77.60314341846758,366,50,36.49019003684828,5.50098231827112,1474,121,45.319498580996566,28.127046496398165,1113,97,60.32009961905328,84.61034708578913,245,34
463,64,25,"McKillican, Adam",1000570064.0,QUE_CAP,Changeup,R,33,70,54.915430919934,71.51230949589683,49.45537440697397,53.4698521046644,0.0044111815271717,0.007807410185545,53.277413966045984,53.277413966045984,69.74459724950884,0.428634036855401,0.0044111815271717,0.2115031206270789,244,36,11,10,0,7,2,2,0.0,0.6363636363636364,0.18181818181818182,0.18181818181818182,65.43686646865352,93.35297969875573,103,10,36.49019003684828,5.50098231827112,1427,81,51.71641693497349,55.95939751146039,672,49,64.62676099192646,92.5343811394892,114,9
464,45,22,"Hungate, Chase",801835.0,NEW_JER6,Sinker,L,32,66,59.725028939282325,85.93200468933178,37.99875792362965,8.0773606370876,-0.0021712280829183,-0.0008800317929022,53.20714763458652,53.20714763458652,69.67910936476753,0.8480392626158882,-0.0021712280829183,0.2020299900522486,121,10,12,5,1,7,3,2,0.2,0.5833333333333334,0.25,0.16666666666666666,62.1605600264331,88.53962017026849,179,14,50.12430587470722,58.08775376555337,660,29,45.319498580996566,28.127046496398165,1133,98,65.58379685256494,93.77865094957433,100,10
465,65,40,"Hampton, Ky",673132.0,OTT_TIT,Changeup,L,138,228,47.64068261874467,42.555685814771394,66.18947093507013,93.23094425483504,0.0140257721842696,0.0111319145548728,53.205319113642304,53.205319113642304,69.6136214800262,-0.2057365365973134,0.0140257721842696,0.2620034723612878,491,75,41,38,6,25,6,10,0.15789473684210525,0.6097560975609756,0.14634146341463414,0.24390243902439024,63.79300539659867,91.29011132940406,134,13,47.25396569831587,46.29993451211526,816,56,55.04489477769319,70.72691552062868,448,41,60.70524819711511,86.31303208906353,210,20
466,60,36,"Petery, Dylan",10998503.0,WIN_CIT29,Curveball,R,48,69,56.912763026105296,77.84290738569753,44.5141511434799,31.968145620022757,0.0015721971252316,0.0,53.193179461317676,53.193179461317676,69.54813359528488,0.602804834401792,0.0015721971252316,0.2257352133176556,190,29,10,9,1,6,1,3,0.1111111111111111,0.6,0.1,0.3,63.19025633684523,90.34053700065488,152,19,44.0646988356588,30.648330058939095,1066,67,59.39271895974579,84.67583497053045,236,17,57.1618812789463,76.85003274394238,355,41
467,146,49,"Ronne, Andrew",701809.0,GAT_GRI,Slider,L,56,142,58.92631801291717,83.35287221570925,39.7835908939367,12.627986348122866,-0.001145750646955,0.0,53.18349987722303,53.18349987722303,69.48264571054355,0.7783902950635156,-0.001145750646955,0.2056589153525013,143,47,8,9,5,4,2,2,0.5555555555555556,0.5,0.25,0.25,57.012078474372444,77.60314341846758,381,41,74.36273403090088,97.77341191879503,36,3,45.319498580996566,28.127046496398165,1128,106,60.32009961905328,84.61034708578913,254,24
468,122,71,"Marklund, Brandon",647282.0,OTT_TIT,Four-Seam,R,153,279,49.30991371611975,48.76905041031653,62.162849447765566,88.68031854379977,0.0117122730798209,0.0066029093839349,53.16579443561349,53.16579443561349,69.41715782580222,-0.0601767117585881,0.0117122730798209,0.2400405586826923,438,109,32,37,2,13,3,16,0.05405405405405406,0.40625,0.09375,0.5,51.22003672830421,57.43287491814014,651,43,40.17508620924259,13.916175507531106,1314,217,59.97910314219368,85.85461689587426,217,24,44.52900791851833,29.3713163064833,1051,127
469,46,23,"Cook, Cole",1000161363.0,SCH_BOO,Sinker,L,53,118,51.67242063357462,58.73388042203986,56.64886818796965,76.05233219567691,0.0085442100406938,0.010969095868783,53.16535489989312,53.16535489989312,69.3516699410609,0.1458379578852849,0.0085442100406938,0.2248995086095501,353,43,10,7,0,5,0,5,0.0,0.5,0.0,0.5,57.012078474372444,77.60314341846758,312,27,36.49019003684828,5.50098231827112,1390,112,68.77486587891195,96.29993451211526,31,1,44.52900791851833,29.3713163064833,1067,99
470,47,24,"Gregory, Ben",833406.0,GAT_GRI,Sinker,R,136,227,53.75223978903436,67.40914419695193,51.726282405622136,61.94539249146758,0.005715933820806,0.0055671417753934,53.14445257401069,53.14445257401069,69.28618205631957,0.3272017681096523,0.005715933820806,0.2119793360115352,279,28,40,41,11,14,7,19,0.2682926829268293,0.35,0.175,0.475,47.74481168066326,44.72822527832351,844,97,54.77985762422003,73.01899148657498,413,14,52.356108770371186,59.43025540275049,619,53,46.108117088571824,35.13425016371971,991,107
471,123,52,"Odonnell, Brendan",1000423478.0,NEW_ENG23,Four-Seam,L,26,69,55.29977534712174,73.38804220398593,48.04973722155505,47.89533560864619,0.0036035713805763,0.0,53.12476390945173,53.12476390945173,69.22069417157826,0.4621495324552386,0.0036035713805763,0.2494757216136519,228,39,6,11,3,2,2,2,0.2727272727272727,0.3333333333333333,0.3333333333333333,0.3333333333333333,46.71511537025113,39.91486574983628,916,94,55.082166179383194,74.03405370006548,398,34,37.501042815024775,10.31434184675835,1371,227,55.05640238554163,70.43222003929273,451,32
472,66,26,"Foster, Kobe",816330.0,WAS_WIL3,Changeup,R,181,190,57.70424572337962,79.95310668229777,42.384961348694986,22.18430034129693,0.0003488691568674,0.0,53.108460410974224,53.108460410974224,69.15520628683693,0.6718234879359262,0.0003488691568674,0.2277720012955514,172,30,53,62,16,19,16,18,0.25806451612903225,0.3584905660377358,0.3018867924528302,0.33962264150943394,48.26937395200529,46.56188605108055,817,69,54.08259756956949,71.41453831041258,438,25,40.451403481429224,14.931237721021612,1300,76,54.659142216974715,67.68172888015717,495,47
473,147,98,"Williams, Brian",1000079778.0,MIS_MUD,Slider,R,156,243,51.16323994394817,56.97538100820633,57.64099729964208,78.9533560864619,0.0091142387405824,0.0,53.10656715065634,53.10656715065634,69.08971840209561,0.1014365253276022,0.0091142387405824,0.2462134167023689,368,103,42,46,12,17,6,19,0.2608695652173913,0.40476190476190477,0.14285714285714285,0.4523809523809524,51.128099557731694,57.36738703339882,652,74,54.27381939057733,71.90569744597249,429,82,55.37179885153173,72.59332023575638,405,53,47.53683490909641,41.55206286836935,893,107
474,17,9,"Moore, Kyle",1000517760.0,SCH_BOO,Cutter,L,35,128,56.86225104254567,77.72567409144196,44.32206050155884,30.88737201365188,0.0014618312690273,-1.1102230246251563e-16,53.10019388024962,53.10019388024962,69.02423051735428,0.5984001024921379,0.0014618312690273,0.2242465204933096,191,10,16,11,0,8,3,5,0.0,0.5,0.1875,0.3125,57.012078474372444,77.60314341846758,364,8,36.49019003684828,5.50098231827112,1472,29,51.18334040547541,53.798297314996724,709,14,56.37232669391955,74.59070072036673,391,10
475,61,25,"Lefebvre, Charles",1000429097.0,TRO_AIG,Curveball,L,47,99,58.74633982675971,82.88393903868698,39.86390258075628,12.91240045506257,-0.0010996074929189,0.0,53.08160865295868,53.08160865295868,68.95874263261297,0.7626958874449012,-0.0010996074929189,0.2468764027270361,147,24,13,12,4,6,2,5,0.3333333333333333,0.46153846153846156,0.15384615384615385,0.38461538461538464,54.63585621957522,70.6286836935167,455,39,59.21371643327984,83.00589390962672,281,33,54.34079369557941,68.3366077275704,495,26,51.817204087996004,59.13555992141454,633,45
476,148,99,"Correa, Nelvin",673388.0,QUE_CAP,Slider,R,74,125,52.63910572530188,63.54044548651817,54.11278752037465,69.56769055745164,0.0070871025445487,0.0,53.081210263823706,53.081210263823706,68.89325474787165,0.230134561781114,0.0070871025445487,0.2124874642418538,312,94,22,24,5,12,6,4,0.20833333333333334,0.5454545454545454,0.2727272727272727,0.18181818181818182,59.8203411391328,84.80681074001309,229,21,50.692394034618005,60.41257367387033,605,110,43.18719246300426,21.807465618860512,1190,137,64.62676099192646,92.5343811394892,111,9
477,124,72,"Binns, Malik",702238.0,NEW_JER6,Four-Seam,R,48,100,46.248075208149146,36.694021101992966,68.99343657404243,95.3924914675768,0.0156367932387988,0.0089426033560733,53.07168361791713,53.07168361791713,68.82776686313032,-0.3271742998130599,0.0156367932387988,0.2673137522200731,541,151,12,15,0,6,1,5,0.0,0.5,0.08333333333333333,0.4166666666666667,57.012078474372444,77.60314341846758,294,12,36.49019003684828,5.50098231827112,1366,226,60.956410112940155,87.59004584151931,185,21,49.79270515202998,50.75311067452522,745,57
478,67,27,"Toribio, Noe",672848.0,TRO_AIG,Changeup,R,61,265,53.55882536619202,67.05744431418523,51.92683261470901,62.62798634812287,0.0058311601291597,0.0,53.06922754074711,53.06922754074711,68.762278978389,0.3103356975251257,0.0058311601291597,0.247896751122732,282,47,12,19,9,6,1,5,0.47368421052631576,0.5,0.08333333333333333,0.4166666666666667,57.012078474372444,77.60314341846758,329,32,68.78151702125103,94.76096922069416,81,2,60.956410112940155,87.59004584151931,191,16,49.79270515202998,50.75311067452522,751,57
479,48,24,"Webster, Evan",804248.0,FLO_Y'A,Sinker,L,33,63,52.15668728871536,61.78194607268465,55.12532183015402,72.6962457337884,0.0076688550699062,0.0083488739730651,53.047277651146956,53.047277651146956,68.69679109364768,0.1880668437527776,0.0076688550699062,0.2388692141527766,327,40,17,16,3,9,3,5,0.1875,0.5294117647058824,0.17647058823529413,0.29411764705882354,58.829189610393854,82.87491814014408,260,24,49.27217363484103,54.91159135559921,685,31,52.218136021559914,58.51342501637197,626,42,57.53343637778241,78.12704649639817,335,34
480,125,53,"Sanchez, Edwin",835958.0,LAK_ERI24,Four-Seam,L,42,177,55.320118217680125,73.5052754982415,47.728294676750295,46.41638225255973,0.0034188862687817,0.0,53.04257115540117,53.04257115540117,68.63130320890635,0.4639234657828961,0.0034188862687817,0.2008511655666575,227,38,17,15,0,5,4,8,0.0,0.29411764705882354,0.23529411764705882,0.47058823529411764,44.29230052222259,30.12442698100851,1069,130,36.49019003684828,5.50098231827112,1442,234,46.69922606910924,33.49705304518664,1018,155,46.38678341269891,36.313032089063526,975,112
481,68,41,"Marynczak, Arlo",837346.0,TRI_VAL,Changeup,L,95,120,49.73658536078306,50.293083235638925,60.59031317663107,85.43799772468714,0.010808770908968,0.0004127881045987,52.992703705537465,52.992703705537465,68.56581532416503,-0.0229702099395732,0.010808770908968,0.2648286252638548,425,64,26,30,6,15,3,8,0.2,0.5769230769230769,0.11538461538461539,0.3076923076923077,61.76452298396689,88.14669286182057,182,20,50.12430587470722,58.08775376555337,624,42,57.949311741412544,81.13948919449902,288,26,56.67600153431445,75.44204322200393,372,37
482,62,37,"Moore, Kyle",1000517760.0,SCH_BOO,Curveball,R,80,110,51.37820435350701,57.561547479484176,56.70450607919052,76.3367463026166,0.0085761768426191,0.0007639067767755,52.976094871212055,52.976094871212055,68.5003274394237,0.1201817918465094,0.0085761768426191,0.2488675858406791,363,49,19,16,5,10,3,6,0.3125,0.5263157894736842,0.15789473684210525,0.3157894736842105,58.63791475397054,82.31827111984283,271,32,57.79349603350287,80.55009823182712,297,34,53.960949690754866,66.86313032089063,506,35,56.16454917154409,74.09954158480681,395,46
483,126,73,"Sanchez, Sergio",1000583994.0,MIS_MUD,Four-Seam,R,74,140,54.62801371078009,70.80890973036342,49.073532754514574,51.93401592718999,0.0041917940521406,-0.000367692623585,52.96166942390043,52.96166942390043,68.43483955468238,0.4035707615031338,0.0041917940521406,0.2020717081762597,250,44,30,21,5,7,6,17,0.23809523809523808,0.23333333333333334,0.2,0.5666666666666667,40.53693750777835,17.84544859201048,1255,181,52.72128032001368,66.96136214800262,505,59,50.010572040579646,48.16633922724296,794,121,40.31805013170901,16.30648330058939,1280,186
484,49,25,"Grounds, Jackson",805984.0,DOW_EAS1,Sinker,L,75,116,57.18670807706636,78.42907385697538,43.08593282920304,24.971558589306028,0.0007516129701393,0.0,52.95647550270736,52.95647550270736,68.36935166994105,0.6266933143708233,0.0007516129701393,0.2153293098953011,185,15,18,14,2,5,6,7,0.14285714285714285,0.2777777777777778,0.3333333333333333,0.3888888888888889,43.282794335544025,27.079240340537,1116,98,46.228844206747524,41.87950229207596,905,55,37.501042815024775,10.31434184675835,1382,121,51.54727089653387,58.02226588081205,644,64
485,127,54,"Johnston, Spencer",800918.0,DOW_EAS1,Four-Seam,L,30,57,51.60311159151953,58.49941383352872,56.1089454754356,74.57337883959045,0.0082339969462032,0.0,52.95486175669434,52.95486175669434,68.30386378519974,0.1397940901205736,0.0082339969462032,0.2349986002929148,355,84,7,7,0,2,1,4,0.0,0.2857142857142857,0.14285714285714285,0.5714285714285714,43.773125911930755,28.323510150622134,1091,133,36.49019003684828,5.50098231827112,1394,220,55.37179885153173,72.59332023575638,411,44,40.0172674326512,15.520628683693516,1290,189
486,69,42,"DeCastro, Justin",1000214319.0,LON_ISL22,Changeup,L,40,122,53.80924221650123,67.5263774912075,50.88593086563779,58.98748577929466,0.0052331090652869,0.0029462479217005,52.9322488112422,52.9322488112422,68.23837590045841,0.3321724778996312,0.0052331090652869,0.2352212894832979,278,46,13,9,1,7,3,3,0.1111111111111111,0.5384615384615384,0.23076923076923078,0.23076923076923078,59.38830072916967,83.9554682383759,248,28,44.0646988356588,30.648330058939095,1052,69,47.123757603913134,35.52717747216765,984,77,61.5347989806329,87.3608382449247,194,18
487,63,26,"Petschke, Ben",814386.0,EVA_OTT,Curveball,L,89,169,56.61669221876746,76.43610785463072,44.33098384587055,30.94425483503982,0.0014669581847652,0.0,52.930979706898384,52.930979706898384,68.17288801571709,0.5769869503929662,0.0014669581847652,0.2330663709665549,202,31,17,19,3,8,2,7,0.15789473684210525,0.47058823529411764,0.11764705882352941,0.4117647058823529,55.194967338351034,72.52783235101506,423,36,47.25396569831587,46.29993451211526,823,61,57.73704597401059,80.74656188605108,296,17,50.10233440106008,51.997380484610346,736,54
488,128,74,"Ronne, Andrew",701809.0,GAT_GRI,Four-Seam,R,123,216,49.77850571633362,50.410316529894494,60.271325725768655,84.64163822525597,0.0106254963736715,0.0065706958972419,52.926351719164124,52.926351719164124,68.10740013097578,-0.0193146827805649,0.0106254963736715,0.2404129134717184,424,106,36,38,5,12,10,14,0.13157894736842105,0.3333333333333333,0.2777777777777778,0.3888888888888889,46.71511537025113,39.91486574983628,893,91,45.46000308807127,38.24492468893255,943,143,42.71334665900597,20.726915520628683,1207,203,51.54727089653387,58.02226588081205,638,41
489,129,75,"Vega, Lucas",837223.0,TRO_AIG,Four-Seam,R,50,124,50.63759630249054,55.2168815943728,58.200749592683806,80.26166097838453,0.0094358449389172,0.0009094847263331,52.906542289548526,52.906542289548526,68.04191224623445,0.0555994950335461,0.0094358449389172,0.2257923210276925,383,94,18,14,5,4,4,10,0.35714285714285715,0.2222222222222222,0.2222222222222222,0.5555555555555556,39.850473300836924,15.160445317616242,1287,187,60.83682546159638,85.59266535690897,220,23,47.92565050298717,38.83431565160445,922,158,41.01987642951056,18.3366077275704,1239,174
490,149,100,"Shinn, Nathan",1000490914.0,LAK_ERI24,Slider,R,61,138,58.63960854262861,82.41500586166471,39.49104804305049,11.717861205915812,-0.0013138314128457,-1.1102230246251563e-16,52.89504039275517,52.89504039275517,67.97642436149313,0.7533887357584961,-0.0013138314128457,0.2180576813970077,151,49,18,21,6,6,4,8,0.2857142857142857,0.3333333333333333,0.2222222222222222,0.4444444444444444,46.71511537025113,39.91486574983628,944,117,55.96749837664676,76.55533726260641,367,69,47.92565050298717,38.83431565160445,948,112,48.038139407526096,43.28749181401441,874,103
491,130,55,"Bihm, Gage",815079.0,MIS_MUD,Four-Seam,L,73,180,50.17944310107951,52.52051582649473,59.17560049230411,82.70762229806598,0.0099959464260704,0.0021876506933126,52.878290318446886,52.878290318446886,67.9109364767518,0.0156477472788088,0.0099959464260704,0.2113153297579023,406,98,20,15,1,9,3,8,0.06666666666666667,0.45,0.15,0.4,53.92298954313605,68.69679109364768,476,28,41.034895316134595,17.452521283562543,1256,200,54.70164550016272,69.67910936476753,462,52,50.845444598732314,55.10805500982319,665,53
492,70,43,"Boies, Emiles",1000429129.0,QUE_CAP,Changeup,L,155,215,57.41970147803857,79.24970691676437,42.25371704754705,21.331058020477816,0.0002734626221019,0.0,52.86990614889111,52.86990614889111,67.84544859201048,0.6470107399732009,0.0002734626221019,0.2042827894338765,178,32,54,42,7,16,8,30,0.16666666666666666,0.2962962962962963,0.14814814814814814,0.5555555555555556,44.42690134711306,30.746561886051083,1060,93,47.85195323506406,49.08316961362148,787,53,54.87538896162876,70.17026850032744,460,42,41.01987642951056,18.3366077275704,1251,98
493,50,25,"Hoeymans, Jack",1000184889.0,GAT_GRI,Sinker,R,35,66,50.35689930778516,53.223915592028135,58.70492450619416,81.28555176336747,0.0097255191023739,0.0011525620415936,52.86130686730786,52.86130686730786,67.77996070726915,0.031122233948294,0.0097255191023739,0.2220094775880297,400,51,8,10,1,4,0,4,0.1,0.5,0.0,0.5,57.012078474372444,77.60314341846758,308,41,43.307247955777754,26.39161755075311,1114,64,68.77486587891195,96.29993451211526,21,1,44.52900791851833,29.3713163064833,1064,112
494,51,26,"Long, Maddox",1000248716.0,WAS_WIL3,Sinker,L,168,285,55.959560849431,74.91207502930833,45.39232759635039,35.77929465301479,0.0020767542194779,0.0,52.78939087350681,52.78939087350681,67.71447282252782,0.5196839639059164,0.0020767542194779,0.2340636181721299,215,20,54,40,4,27,10,17,0.1,0.5,0.18518518518518517,0.3148148148148148,57.012078474372444,77.60314341846758,359,33,43.307247955777754,26.39161755075311,1127,78,51.40051973230796,54.616895874263264,695,50,56.226112881877555,74.26326129666012,394,42
495,150,50,"Zentko, Dylan",1000303828.0,EVA_OTT,Slider,L,45,67,54.63935446525851,70.926143024619,48.32476877077844,49.37428896473265,0.00376159101188,0.0,52.74497875691449,52.74497875691449,67.64898493778651,0.4045596948138144,0.00376159101188,0.2252055648447262,249,83,5,7,3,2,0,3,0.42857142857142855,0.4,0.0,0.6,50.83390061189966,55.664702030124424,674,66,65.706152546546,91.38834315651604,134,27,68.77486587891195,96.29993451211526,52,7,38.21257123830435,11.42763588736084,1352,127
496,151,51,"Maher, Adam",1000133555.0,TRI_VAL,Slider,L,48,95,49.14241238377364,48.18288393903868,61.12686093638664,86.23435722411831,0.0111170449212143,0.0009787268633462,52.73774694955753,52.73774694955753,67.58349705304518,-0.0747831162491908,0.0111170449212143,0.2617629129196296,443,122,13,8,1,3,5,5,0.125,0.23076923076923078,0.38461538461538464,0.38461538461538464,40.37852269079186,17.25605762933857,1260,120,45.01151243551012,35.59266535690897,966,121,32.68968542058059,4.846103470857891,1453,133,51.817204087996004,59.13555992141454,620,64
497,64,38,"Escobar, Anthony",678673.0,TRO_AIG,Curveball,R,38,50,50.93466674849929,56.38921453692849,56.90059054994117,76.7349260523322,0.0086888373568761,0.0008674177367604,52.724443888931845,52.724443888931845,67.51800916830386,0.0815045492550938,0.0086888373568761,0.2256281083309336,373,50,13,13,5,7,2,4,0.38461538461538464,0.5384615384615384,0.15384615384615385,0.3076923076923077,59.38830072916967,83.9554682383759,244,29,62.70964357119239,88.1139489194499,180,22,54.34079369557941,68.3366077275704,482,32,56.67600153431445,75.44204322200393,373,42
498,152,52,"Hill, Kaleb",1000371973.0,OTT_TIT,Slider,L,48,155,51.80606496843855,59.55451348182884,54.85170286482344,71.84300341296928,0.0075116470399862,0.0,52.71975633735401,52.71975633735401,67.45252128356253,0.1574919739194176,0.0075116470399862,0.2437861723335166,346,98,10,12,3,2,2,6,0.25,0.2,0.2,0.6,38.47754488695408,11.100196463654225,1352,129,53.53283483417195,69.25343811394892,461,76,50.010572040579646,48.16633922724296,782,78,38.21257123830435,11.42763588736084,1348,125
499,52,27,"Pierson, Kenny",1000055344.0,LAK_ERI24,Sinker,L,60,229,52.04756972036261,61.1957796014068,54.26239989208676,70.07963594994312,0.0071730624712668,0.003074459057939,52.712018771879855,52.712018771879855,67.38703339882122,0.1785516039748761,0.0071730624712668,0.237306788621061,332,41,20,15,1,9,4,7,0.06666666666666667,0.45,0.2,0.35,53.92298954313605,68.69679109364768,478,46,41.034895316134595,17.452521283562543,1259,95,50.010572040579646,48.16633922724296,783,58,54.003662938839305,66.633922724296,510,50
500,131,76,"Encarnacion, J.D.",1000563022.0,EVA_OTT,Four-Seam,R,169,326,48.68636143150079,46.42438452520516,62.04636168499911,88.39590443686008,0.0116453449278481,0.0083746932110241,52.69436150755028,52.69436150755028,67.3215455140799,-0.1145515442606018,0.0116453449278481,0.2306881937020868,458,120,51,42,8,9,11,31,0.19047619047619047,0.17647058823529413,0.21568627450980393,0.6078431372549019,37.02385597813695,7.531106745252128,1412,226,49.4750622633806,55.631958087753766,678,90,48.53886271992613,41.42108709888671,895,146,37.71716443985619,10.412573673870334,1369,214
501,132,56,"Bauer, Patrick",10998513.0,QUE_CAP,Four-Seam,L,98,150,52.42517647730801,62.60257913247362,53.302058385538615,67.17861205915814,0.0066212973693398,0.0,52.68824104977718,52.68824104977718,67.25605762933857,0.2114795631324331,0.0066212973693398,0.1939965133805835,320,69,30,21,6,6,7,17,0.2857142857142857,0.2,0.23333333333333334,0.5666666666666667,38.47754488695408,11.100196463654225,1356,195,55.96749837664676,76.55533726260641,359,30,46.88318973419093,34.25016371971185,1005,152,40.31805013170901,16.30648330058939,1278,187
502,133,77,"Rodriguez, Leonardo",673164.0,NEW_JER6,Four-Seam,R,87,181,48.81898341882994,46.89331770222744,61.63986238789895,87.65642775881683,0.011411790380254,0.0013490157851663,52.665247109550634,52.665247109550634,67.19056974459725,-0.1029866786912081,0.011411790380254,0.2260439888391112,454,119,28,24,6,5,4,19,0.25,0.17857142857142858,0.14285714285714285,0.6785714285714286,37.153649630709914,7.858546168958743,1407,223,53.53283483417195,69.25343811394892,450,50,55.37179885153173,72.59332023575638,403,57,33.249656703850505,3.6673215455140804,1472,235
503,153,53,"Garcia, Andrew",1000190083.0,EVA_OTT,Slider,L,77,227,57.88096409452788,80.07033997655334,40.46013841848782,14.675767918088736,-0.0007570396401964,0.0,52.654716391715866,52.654716391715866,67.12508185985592,0.6872336340748136,-0.0007570396401964,0.1956254627795355,171,57,11,15,4,3,2,6,0.26666666666666666,0.2727272727272727,0.18181818181818182,0.5454545454545454,42.97076515057065,26.064178127046496,1136,109,54.66901115399353,72.65880812049771,422,72,51.71641693497349,55.95939751146039,682,72,41.657900336602886,19.810085134250162,1229,116
504,53,28,"Plumadore, Carson",1000207816.0,WIN_CIT29,Sinker,L,78,127,54.80218449375565,71.16060961313013,47.60862744856248,46.13196814562002,0.0033501313520066,0.0,52.64411738019769,52.64411738019769,67.05959397511461,0.4187587535683512,0.0033501313520066,0.1988608014990308,247,23,26,15,7,2,7,17,0.4666666666666667,0.07692307692307693,0.2692307692307692,0.6538461538461539,30.87363367160296,1.14603798297315,1511,130,68.30312699185247,94.30255402750491,89,2,43.51523955808,22.4950884086444,1185,101,34.811413025881436,5.95939751146038,1437,124
505,71,28,"Eisenbarger, Jack",1000570067.0,QUE_CAP,Changeup,R,141,166,55.11953513564242,72.68464243845251,46.86764121891562,43.11717861205916,0.0029243970275607,0.0,52.643966960624375,52.643966960624375,66.99410609037328,0.4464322757775499,0.0029243970275607,0.1986232868658327,234,34,25,39,15,11,2,12,0.38461538461538464,0.44,0.08,0.48,53.30517175688877,66.30648330058939,516,51,62.70964357119239,88.1139489194499,183,9,61.269148343579026,88.01571709233792,184,15,45.792295254561125,33.92272429600524,1010,70
506,72,29,"Galva, Claudio",669996.0,GAT_GRI,Changeup,R,86,96,50.07720841277097,52.05158264947245,58.61982277845389,81.17178612059158,0.0096766238258909,0.0049154004369259,52.63999272247584,52.63999272247584,66.92861820563196,0.0067327064878526,0.0096766238258909,0.2391346951956769,410,63,22,15,1,9,6,7,0.06666666666666667,0.4090909090909091,0.2727272727272727,0.3181818181818182,51.39555314485173,58.08775376555337,638,58,41.034895316134595,17.452521283562543,1257,71,43.18719246300426,21.807465618860512,1188,70,56.013438246180115,73.80484610347085,399,37
507,54,29,"Gregory, Ben",833406.0,GAT_GRI,Sinker,L,91,227,53.75223978903436,67.40914419695193,50.0389584118246,56.25711035267349,0.004746480257596,0.0,52.63825537587143,52.63825537587143,66.86313032089063,0.3272017681096523,0.004746480257596,0.2119793360115352,279,28,26,26,7,11,3,12,0.2692307692307692,0.4230769230769231,0.11538461538461539,0.46153846153846156,52.25963396477799,61.95153896529142,582,58,54.84380751088916,73.14996725605762,412,15,57.949311741412544,81.13948919449902,289,16,46.958406641677556,38.867059593975114,933,89
508,154,54,"Whitesell, Max",1000223610.0,FLO_Y'A,Slider,L,46,157,55.919066725180045,74.56037514654162,44.93145086380866,33.617747440273035,0.0018119570659937,0.0,52.62278196676863,52.62278196676863,66.7976424361493,0.51615280657112,0.0018119570659937,0.2152852460772213,218,73,13,15,3,3,3,7,0.2,0.23076923076923078,0.23076923076923078,0.5384615384615384,40.37852269079186,17.25605762933857,1270,122,50.12430587470722,58.08775376555337,648,99,47.123757603913134,35.52717747216765,991,92,42.09960919535911,21.28356254092993,1208,112
509,134,78,"Riedel, Caleb",1000120428.0,SCH_BOO,Four-Seam,R,125,231,57.29377328799261,78.89800703399766,41.71885435843973,18.600682593856654,-3.3843231242843167e-05,0.0,52.62129760912674,52.62129760912674,66.73215455140799,0.6360295850485335,-3.3843231242843167e-05,0.2450577239505676,181,31,37,39,15,9,11,17,0.38461538461538464,0.24324324324324326,0.2972972972972973,0.4594594594594595,41.1491893680234,19.44990176817289,1232,174,62.70964357119239,88.1139489194499,185,18,40.88199665976933,16.30648330058939,1279,213,47.08972549157805,39.620170268500324,924,95
510,73,30,"Burcham, Jacob",1000122547.0,GAT_GRI,Changeup,R,35,97,54.37374965132762,69.98827667057445,48.5286567448039,50.17064846416383,0.0038787350361701,0.0019819844606727,52.620221779370496,52.620221779370496,66.66666666666666,0.3813984978693653,0.0038787350361701,0.2121092012834221,257,41,8,11,5,2,2,4,0.45454545454545453,0.25,0.25,0.5,41.566633818190475,21.31630648330059,1202,81,67.47681694107314,93.68041912246234,94,4,45.319498580996566,28.127046496398165,1095,67,44.52900791851833,29.3713163064833,1085,75
511,65,39,"Henderson, Drew",1000429021.0,DOW_EAS1,Curveball,R,159,257,52.08689774276243,61.54747948417351,53.853773746054046,68.82821387940842,0.0069382859406489,0.0,52.61696054374991,52.61696054374991,66.60117878192534,0.1819810752211124,0.0069382859406489,0.2295550636640308,329,45,43,40,6,16,3,24,0.15,0.37209302325581395,0.06976744186046512,0.5581395348837209,49.10975795260492,48.65749836280288,784,64,46.715776915242486,44.073346430910284,854,55,62.22918198181929,90.43876882776686,147,11,40.856661011417174,17.61624099541585,1259,81
512,66,40,"Balzan, Jackson",827496.0,SUS_COU1,Curveball,R,51,80,57.04019270066463,78.07737397420867,42.24024658672747,21.103526734926053,0.0002657231563635,0.0,52.60020886648348,52.60020886648348,66.53569089718403,0.6139169213604405,0.0002657231563635,0.2356229287406369,188,28,10,15,5,4,2,4,0.3333333333333333,0.4,0.2,0.4,50.83390061189966,55.664702030124424,691,61,59.21371643327984,83.00589390962672,275,33,50.010572040579646,48.16633922724296,814,49,50.845444598732314,55.10805500982319,697,64
513,67,27,"Balzan, Jackson",827496.0,SUS_COU1,Curveball,L,29,80,57.04019270066463,78.07737397420867,42.21950290303001,20.989761092150168,0.0002538048536851,0.0,52.59398576137424,52.59398576137424,66.4702030124427,0.6139169213604405,0.0002538048536851,0.2356229287406369,188,28,7,4,2,3,0,4,0.5,0.42857142857142855,0.0,0.5714285714285714,52.59909428689188,63.78519973804846,566,41,70.57547963149563,95.87426326129666,73,14,68.77486587891195,96.29993451211526,85,6,40.0172674326512,15.520628683693516,1299,69
514,135,79,"Zeplin, Blane",830954.0,JOL_SLA,Four-Seam,R,151,236,50.52174012385376,54.5134818288394,57.38894256734486,78.2707622298066,0.0089694204607217,0.0013490157851663,52.581900856901086,52.581900856901086,66.40471512770138,0.0454966368401097,0.0089694204607217,0.2182088729773886,389,96,55,42,6,9,10,36,0.14285714285714285,0.16363636363636364,0.18181818181818182,0.6545454545454545,36.230934755145796,5.435494433529797,1445,231,46.228844206747524,41.87950229207596,872,127,51.71641693497349,55.95939751146039,664,102,34.76724214000581,5.893909626719057,1438,232
515,155,55,"Zeplin, Blane",830954.0,JOL_SLA,Slider,L,31,108,53.084639717420906,65.18171160609613,51.38240110072852,60.75085324232082,0.0055183564986226,0.0,52.57396813241319,52.57396813241319,66.33922724296005,0.2689858927648977,0.0055183564986226,0.2124231084397091,298,90,3,4,1,1,0,2,0.25,0.3333333333333333,0.0,0.6666666666666666,46.71511537025113,39.91486574983628,912,86,53.53283483417195,69.25343811394892,465,77,68.77486587891195,96.29993451211526,43,4,34.001613451495025,4.715127701375246,1453,136
516,74,31,"Roland, Cole",813401.0,QUE_CAP,Changeup,R,33,71,54.094751183909366,68.81594372801875,48.98510938780306,51.64960182025028,0.0041409903249106,0.0038955793632081,52.56185864507747,52.56185864507747,66.27373935821873,0.3570693512871243,0.0041409903249106,0.2458892500611361,267,42,6,8,1,3,2,1,0.125,0.5,0.3333333333333333,0.16666666666666666,57.012078474372444,77.60314341846758,345,37,45.01151243551012,35.59266535690897,986,57,37.501042815024775,10.31434184675835,1367,80,65.58379685256494,93.77865094957433,92,7
517,136,80,"Thebiay, Nolan",1000338675.0,EVA_OTT,Four-Seam,R,300,522,51.86491053351539,60.02344665885111,54.11511686819801,69.6245733788396,0.0070884408734977,0.0,52.53997243392017,52.53997243392017,66.2082514734774,0.1626234084814688,0.0070884408734977,0.2175165066607466,342,78,81,74,19,26,16,39,0.25675675675675674,0.32098765432098764,0.19753086419753085,0.48148148148148145,45.95237736253844,36.607727570399476,969,102,53.99344685572124,71.31630648330058,439,45,50.24222998920103,50.09823182711198,763,116,45.698718414854255,33.726260641781266,1013,113
518,75,32,"DeCastro, Justin",1000214319.0,LON_ISL22,Changeup,R,82,122,53.80924221650123,67.5263774912075,49.51513564687568,53.7542662116041,0.0044455174029001,0.0060268544188717,52.52101024561357,52.52101024561357,66.14276358873609,0.3321724778996312,0.0044455174029001,0.2352212894832979,278,46,29,26,2,15,5,9,0.07692307692307693,0.5172413793103449,0.1724137931034483,0.3103448275862069,58.077281554109135,81.46692861820564,284,27,41.7340807437171,20.13752455795678,1219,70,52.59875050103927,60.37982973149967,605,44,56.50845679478623,74.98362802881466,383,35
519,137,81,"Whitesell, Max",1000223610.0,FLO_Y'A,Four-Seam,R,109,220,50.8413313170529,56.03751465416178,56.36930328581221,75.42662116040955,0.0083835857672637,0.0,52.49972290768069,52.49972290768069,66.07727570399476,0.0733655389802744,0.0083835857672637,0.2285913023270947,376,91,33,25,3,10,7,16,0.12,0.30303030303030304,0.21212121212121213,0.48484848484848486,44.84294026041089,32.711198428290764,1029,118,44.670659539563644,33.23510150622135,1018,162,48.87334211098375,43.811394891944985,858,135,45.48604377915681,33.39882121807465,1018,115
520,156,101,"Hensey, Rob",802996.0,SUS_COU1,Slider,R,27,108,58.970098390743146,83.82180539273153,37.18519811926184,6.655290102389079,-0.002638659621928,0.0,52.43462830929875,52.43462830929875,66.01178781925344,0.7822080193664862,-0.002638659621928,0.2111174476051545,139,44,6,6,1,2,3,1,0.16666666666666666,0.3333333333333333,0.5,0.16666666666666666,46.71511537025113,39.91486574983628,948,118,47.85195323506406,49.08316961362148,799,131,21.864131283081186,0.8185985592665358,1518,177,65.58379685256494,93.77865094957433,103,7
521,138,82,"Marynczak, Arlo",837346.0,TRI_VAL,Four-Seam,R,152,277,52.035068218337805,61.07854630715123,53.21945842386183,66.72354948805462,0.0065738394848654,0.0009094847263331,52.39038527999501,52.39038527999501,65.94629993451213,0.1774614514802258,0.0065738394848654,0.2253870398101513,333,74,53,38,4,11,11,31,0.10526315789473684,0.20754716981132076,0.20754716981132076,0.5849056603773585,38.94382246148033,12.37721021611002,1339,201,43.66604047782667,28.454485920104784,1090,176,49.302485480642574,45.383104125736736,835,131,39.16599564286495,13.686967910936476,1319,196
522,157,56,"Leak, Anthony",1000264276.0,NEW_YOR13,Slider,L,94,260,57.96181282221241,80.53927315357562,39.31863589540521,11.376564277588168,-0.0014128909719403,0.0,52.36885974417025,52.36885974417025,65.88081204977078,0.6942837822889819,-0.0014128909719403,0.1874433901733673,167,55,29,27,7,7,5,17,0.25925925925925924,0.2413793103448276,0.1724137931034483,0.5862068965517241,41.03403227832213,18.99148657498363,1239,119,54.16404390073949,71.67648984937787,435,73,52.59875050103927,60.37982973149967,611,66,39.083803883851104,13.457760314341845,1324,124
523,158,57,"Armstrong, Andrew",803262.0,NEW_YOR13,Slider,L,73,125,50.71243699306079,55.33411488862837,56.20226188539713,74.97155858930603,0.0082876119759638,0.0023861547913532,52.35938446076169,52.35938446076169,65.81532416502947,0.0621257320700743,0.0082876119759638,0.2793133288383257,382,108,15,17,5,4,7,4,0.29411764705882354,0.26666666666666666,0.4666666666666667,0.26666666666666666,42.5963301286026,24.72167648984938,1148,111,56.540360386640835,77.70137524557956,340,59,24.991513589469903,1.2115258677144727,1509,143,59.267360172350955,81.9253438113949,273,26
524,159,102,"Milburn, Isaac",830926.0,FLO_Y'A,Slider,R,101,180,54.91256877076456,71.39507620164126,46.39279946549505,40.78498293515359,0.0026515762583981,0.0,52.3566379791837,52.3566379791837,65.74983628028815,0.4283844525213789,0.0026515762583981,0.210766928806667,245,82,17,19,4,6,4,7,0.21052631578947367,0.35294117647058826,0.23529411764705882,0.4117647058823529,47.9265227942654,45.31761624099542,835,102,50.841890918805056,60.90373280943025,598,108,46.69922606910924,33.49705304518664,1019,121,50.10233440106008,51.997380484610346,735,84
525,160,58,"Pierson, Kenny",1000055344.0,LAK_ERI24,Slider,L,30,98,56.97667919676287,77.9601406799531,41.546244381047615,18.088737201365188,-0.0001330164536017,0.0,52.34754875204829,52.34754875204829,65.68434839554682,0.6083784344982134,-0.0001330164536017,0.244047778533297,189,66,5,6,1,3,2,0,0.16666666666666666,0.6,0.4,0.0,63.19025633684523,90.34053700065488,155,16,47.85195323506406,49.08316961362148,790,109,31.246278202247336,3.9292730844793713,1471,135,76.11119131958824,98.91944990176817,26,2
526,68,41,"Helt, Robert",836007.0,LAK_ERI24,Curveball,R,69,159,53.67423794162347,67.1746776084408,49.21549386103278,52.5028441410694,0.004273357937356,0.0,52.33661471744626,52.33661471744626,65.6188605108055,0.3203998727555088,0.004273357937356,0.2547573391789499,281,41,17,17,5,8,3,6,0.29411764705882354,0.47058823529411764,0.17647058823529413,0.35294117647058826,55.194967338351034,72.52783235101506,419,47,56.540360386640835,77.70137524557956,343,37,52.218136021559914,58.51342501637197,632,42,53.81788538942124,66.17550753110675,515,56
527,55,30,"Kines, Gunnar",665129.0,JOL_SLA,Sinker,L,73,113,50.364831852939936,53.341148886283705,56.92775318435891,76.79180887372013,0.0087044436736352,0.0111669057258085,52.333708252365625,52.333708252365625,65.55337262606417,0.0318139655396051,0.0087044436736352,0.241334566448082,399,50,32,23,5,9,5,18,0.21739130434782608,0.28125,0.15625,0.5625,43.49731440021322,27.37393582187295,1110,97,51.30988116495582,62.27897838899804,577,24,54.11526131771484,67.3215455140799,500,31,40.58123499338459,16.830386378519975,1269,113
528,56,26,"Brothers, Kellen",1000131959.0,SUS_COU1,Sinker,R,50,136,52.731557992157605,64.00937866354045,51.35261844612759,60.46643913538111,0.0055012448468409,0.0043884833404628,52.317876128348594,52.317876128348594,65.48788474132286,0.2381965585834891,0.0055012448468409,0.2437796696951221,308,34,18,14,2,7,4,7,0.14285714285714285,0.3888888888888889,0.2222222222222222,0.3888888888888889,50.147436404958235,53.208906352324824,715,86,46.228844206747524,41.87950229207596,882,41,47.92565050298717,38.83431565160445,931,82,51.54727089653387,58.02226588081205,641,80
529,76,44,"Toribio, Noe",672848.0,TRO_AIG,Changeup,L,204,265,53.55882536619202,67.05744431418523,49.40920836955767,53.35608646188851,0.0043846567876214,0.0,52.31394026720171,52.31394026720171,65.42239685658153,0.3103356975251257,0.0043846567876214,0.247896751122732,282,47,47,60,14,27,8,12,0.23333333333333334,0.574468085106383,0.1702127659574468,0.2553191489361702,61.612849223022394,88.04846103470858,183,21,52.39665851435038,66.0445317616241,520,32,52.80525410160786,60.83824492468894,599,49,59.98411894457382,82.90766208251473,262,24
530,139,57,"Barraza, Chris",696511.0,MIS_MUD,Four-Seam,L,280,561,53.09188575221631,65.2989449003517,50.48986711809251,57.56541524459613,0.0050055502723536,0.0,52.31128016197917,52.31128016197917,65.35690897184021,0.2696177594712226,0.0050055502723536,0.1907587416704403,297,60,82,57,21,18,16,48,0.3684210526315789,0.21951219512195122,0.1951219512195122,0.5853658536585366,39.68304300646096,14.178127046496398,1311,184,61.60566658027264,86.50949574328749,207,10,50.4682377439536,50.72036673215455,752,102,39.136927825652734,13.621480026195155,1320,198
531,18,10,"Debban, Caleb",1000551056.0,NEW_JER6,Cutter,L,60,142,56.61695032680972,76.55334114888629,42.24774861094242,21.21729237770193,0.0002700334513236,0.0,52.30618981204953,52.30618981204953,65.29142108709888,0.5770094578585174,0.0002700334513236,0.2384554860439802,201,11,9,7,0,2,2,5,0.0,0.2222222222222222,0.2222222222222222,0.5555555555555556,39.850473300836924,15.160445317616242,1304,29,36.49019003684828,5.50098231827112,1486,32,47.92565050298717,38.83431565160445,942,22,41.01987642951056,18.3366077275704,1253,27
532,140,83,"Tokar, Heitor",677573.0,OTT_TIT,Four-Seam,R,142,241,52.14595771868335,61.66471277842908,52.6543264703761,64.78953356086463,0.0062491423976406,0.0,52.298468344191164,52.298468344191164,65.22593320235757,0.187131206777819,0.0062491423976406,0.2267019994442796,328,73,49,34,8,15,8,26,0.23529411764705882,0.30612244897959184,0.16326530612244897,0.5306122448979592,45.033978536925204,33.03863785199738,1024,116,52.53032631668233,66.50294695481335,513,60,53.457074990477416,65.52062868369352,527,78,42.595404853146704,23.18271119842829,1174,157
533,141,58,"Perez, Kelvin",692487.0,WAS_WIL3,Four-Seam,L,68,127,53.37874628682349,66.11957796014069,49.77160864628068,54.94880546075085,0.0045928742022192,0.0,52.29660499466065,52.29660499466065,65.16044531761625,0.2946324918448448,0.0045928742022192,0.224851483634111,290,58,23,18,3,6,5,12,0.16666666666666666,0.2608695652173913,0.21739130434782608,0.5217391304347826,42.23817489019839,23.510150622134905,1169,150,47.85195323506406,49.08316961362148,770,97,48.37889431550727,40.79895219384414,904,129,43.15586950977616,24.918140144073348,1147,149
534,77,33,"Dill, Austin",1000429156.0,TRI_VAL,Changeup,R,86,204,56.421494312394096,76.08440797186401,42.63668869302604,23.37883959044369,0.000493499335669,0.0,52.286052626583675,52.286052626583675,65.09495743287492,0.5599653569747309,0.000493499335669,0.2091057430861869,205,33,14,16,7,7,1,6,0.4375,0.5,0.07142857142857142,0.42857142857142855,57.012078474372444,77.60314341846758,371,38,66.3148184321647,92.07596594629993,122,5,62.073332365221844,89.9803536345776,158,12,49.04074840438546,47.511460379829735,810,58
535,142,84,"Harajli, Ahmad",800677.0,FLO_Y'A,Four-Seam,R,112,189,49.07347487307678,47.94841735052755,59.7005470204067,83.73151308304891,0.010297554939927,0.0,52.261596517275756,52.261596517275756,65.0294695481336,-0.0807945858399691,0.010297554939927,0.2679300683443236,445,113,29,29,7,12,7,10,0.2413793103448276,0.41379310344827586,0.2413793103448276,0.3448275862068966,51.686063075689006,59.299279633267844,621,36,52.94515742736769,67.35428945645056,498,58,46.1283043498902,32.121807465618865,1036,176,54.33037518091933,67.28880157170923,500,30
536,143,59,"Hopewell, Chase",803045.0,FLO_Y'A,Four-Seam,L,120,253,54.33171535937427,69.75381008206331,47.39088577801292,45.50625711035267,0.0032250276735491,0.0,52.249466484965865,52.249466484965865,64.96398166339226,0.3777330352599216,0.0032250276735491,0.2145799857431671,259,47,37,27,2,13,7,17,0.07407407407407407,0.35135135135135137,0.1891891891891892,0.4594594594594595,47.828300570696676,44.95743287491814,842,78,41.53986256938863,19.384413883431563,1232,189,51.02485819400301,53.07793058284217,718,92,47.08972549157805,39.620170268500324,923,105
537,161,103,"Sechrist, Zander",801415.0,WAS_WIL3,Slider,R,32,80,58.27977642874083,81.12543962485346,38.138308567725886,8.532423208191126,-0.0020910491311197,-0.0084192049147129,52.23733607043634,52.23733607043634,64.89849377865094,0.7220107560699927,-0.0020910491311197,0.2237511279166309,162,54,9,8,1,4,1,4,0.125,0.4444444444444444,0.1111111111111111,0.4444444444444444,53.579757439665336,67.3215455140799,508,53,45.01151243551012,35.59266535690897,1005,146,58.35025819094956,82.31827111984283,281,35,48.038139407526096,43.28749181401441,875,104
538,144,60,"Marynczak, Arlo",837346.0,TRI_VAL,Four-Seam,L,125,277,52.035068218337805,61.07854630715123,52.63146367843637,64.73265073947668,0.0062360065593592,0.0069953001870912,52.21398685636737,52.21398685636737,64.83300589390963,0.1774614514802258,0.0062360065593592,0.2253870398101513,333,74,49,38,4,12,7,30,0.10526315789473684,0.24489795918367346,0.14285714285714285,0.6122448979591837,41.251420661941864,19.7773411918795,1226,163,43.66604047782667,28.454485920104784,1092,158,55.37179885153173,72.59332023575638,417,46,37.439130012155694,9.921414538310412,1376,213
539,162,104,"Dima, Josh",1000098214.0,GAT_GRI,Slider,R,44,119,57.32676632378119,79.01524032825323,40.282135568229805,14.106939704209328,-0.0008593113426545,-1.1102230246251563e-16,52.213377097115774,52.213377097115774,64.7675180091683,0.6389066345582366,-0.0008593113426545,0.2041673804632952,180,62,10,11,0,7,1,2,0.0,0.7,0.1,0.2,69.36843419931802,96.1034708578913,63,6,36.49019003684828,5.50098231827112,1494,174,59.39271895974579,84.67583497053045,242,29,63.47831795916028,90.9954158480681,143,14
540,163,59,"Jones, Breyln",690202.0,NEW_JER6,Slider,L,40,97,56.08191361612094,75.26377491207504,43.17917827554753,25.199089874857798,0.0008051872276879,0.0,52.21109301394891,52.21109301394891,64.70203012442698,0.5303533357597766,0.0008051872276879,0.2116251061360732,212,71,16,9,1,8,0,8,0.1111111111111111,0.5,0.0,0.5,57.012078474372444,77.60314341846758,368,40,44.0646988356588,30.648330058939095,1075,126,68.77486587891195,96.29993451211526,77,11,44.52900791851833,29.3713163064833,1103,98
541,145,85,"Forsyth, Braden",687732.0,MIS_MUD,Four-Seam,R,148,261,51.15107485623437,56.85814771395076,54.68200941929949,71.33105802047781,0.0074141495137131,0.0,52.210355225153904,52.210355225153904,64.63654223968565,0.1003757087399214,0.0074141495137131,0.2137303352903903,369,89,53,30,7,14,10,29,0.23333333333333334,0.2641509433962264,0.18867924528301888,0.5471698113207547,42.44090427042719,24.230517354289457,1158,153,52.39665851435038,66.0445317616241,518,62,51.07270188048525,53.24165029469549,715,108,41.54955665426645,19.25343811394892,1234,173
542,78,45,"Roland, Cole",813401.0,QUE_CAP,Changeup,L,38,71,54.094751183909366,68.81594372801875,47.77600682119925,46.53014789533561,0.0034462993255594,0.0035119060673364,52.19912787509633,52.19912787509633,64.57105435494434,0.3570693512871243,0.0034462993255594,0.2458892500611361,267,42,11,10,1,3,3,5,0.1,0.2727272727272727,0.2727272727272727,0.45454545454545453,42.97076515057065,26.064178127046496,1127,97,43.307247955777754,26.39161755075311,1123,79,43.18719246300426,21.807465618860512,1192,91,47.40011550043378,40.76620825147348,905,78
543,146,61,"Petschke, Ben",814386.0,EVA_OTT,Four-Seam,L,101,223,50.98542713317805,56.50644783118406,54.955856124658816,72.01365187713311,0.0075714883918774,0.0021876506933126,52.17655583062228,52.17655583062228,64.50556647020301,0.0859309421698949,0.0075714883918774,0.2521992867953005,372,90,36,33,4,18,7,11,0.12121212121212122,0.5,0.19444444444444445,0.3055555555555556,57.012078474372444,77.60314341846758,319,19,44.75329054464158,33.56254092992796,1014,145,50.53180242497776,50.982318271119844,750,100,56.81096813004552,75.83497053045186,370,24
544,147,86,"Shinn, Nathan",1000490914.0,LAK_ERI24,Four-Seam,R,149,250,55.24054305725065,73.1535756154748,44.99208594334749,33.90216154721274,0.0018467950070948,0.0,52.166005923079695,52.166005923079695,64.44007858546169,0.4569843748254827,0.0018467950070948,0.2144705095687362,230,41,41,32,4,12,11,18,0.125,0.2926829268292683,0.2682926829268293,0.43902439024390244,44.203660954611784,29.66601178781925,1075,132,45.01151243551012,35.59266535690897,995,159,43.60325219334422,22.65880812049771,1182,201,48.38049369913661,44.92468893254748,842,79
545,15,9,"Salata, Derek",1000057774.0,SCH_BOO,Splitter,L,90,92,55.44500396787552,73.73974208675264,44.45298342324999,31.569965870307165,0.0015370531549282,0.0,52.14739780448786,52.14739780448786,64.37459070072038,0.4748137181583038,0.0015370531549282,0.2015162024072216,225,9,27,26,8,12,4,11,0.3076923076923077,0.4444444444444444,0.14814814814814814,0.4074074074074074,53.579757439665336,67.3215455140799,503,9,57.46575286432357,79.99345121152587,308,11,54.87538896162876,70.17026850032744,458,8,50.37756040019794,52.91421087098887,721,9
546,19,11,"Saturria, Michael",800014.0,NEW_ENG23,Cutter,L,117,245,57.95359142483828,80.42203985932005,38.564332864795205,9.271899886234356,-0.0018462764767118,0.0,52.13681385682535,52.13681385682535,64.30910281597905,0.6935668622869584,-0.0018462764767118,0.2377986378353949,168,9,31,24,3,13,3,15,0.125,0.41935483870967744,0.0967741935483871,0.4838709677419355,52.02967697237826,61.1984282907662,595,16,45.01151243551012,35.59266535690897,1003,20,59.695368860364056,85.55992141453831,223,5,45.54778802823026,33.529796987557305,1016,25
547,148,62,"De Jesus, Larry",692356.0,DOW_EAS1,Four-Seam,L,43,74,52.47914072848263,62.95427901524033,51.30565394981554,60.2957906712173,0.0054742613519926,0.0,52.1270946948825,52.1270946948825,64.24361493123773,0.2161853387202976,0.0054742613519926,0.1717887439326773,317,68,15,16,2,4,0,11,0.125,0.26666666666666666,0.0,0.7333333333333333,42.5963301286026,24.72167648984938,1150,144,45.01151243551012,35.59266535690897,980,140,68.77486587891195,96.29993451211526,44,3,29.79065566468571,2.1938441388343155,1494,239
548,16,7,"Thornton, Tyler",1000429124.0,NEW_ENG23,Splitter,R,50,119,57.19311262368551,78.54630715123095,40.28889448376531,14.163822525597269,-0.0008554280014744,0.0,52.12184718170945,52.12184718170945,64.1781270464964,0.6272518018597755,-0.0008554280014744,0.2431199425770819,184,8,14,21,7,6,1,7,0.3333333333333333,0.42857142857142855,0.07142857142857142,0.5,52.59909428689188,63.78519973804846,569,7,59.21371643327984,83.00589390962672,280,8,62.073332365221844,89.9803536345776,159,3,44.52900791851833,29.3713163064833,1114,10
549,79,46,"Smith, Jackson",1000333915.0,MIS_MUD,Changeup,L,73,118,44.309486000546656,28.722157092614303,70.25174529045123,96.18885096700797,0.0163597556770885,0.0109803474324639,52.092163787518025,52.092163787518025,64.11263916175508,-0.4962226154936148,0.0163597556770885,0.2822867665132053,609,91,18,20,4,8,1,9,0.2,0.4444444444444444,0.05555555555555555,0.5,53.579757439665336,67.3215455140799,488,53,50.12430587470722,58.08775376555337,619,41,63.56256203493075,91.38834315651604,132,9,44.52900791851833,29.3713163064833,1037,87
550,164,105,"Johnston, Spencer",800918.0,DOW_EAS1,Slider,R,97,190,53.5298730402028,66.94021101992966,48.45257126169541,49.829351535836174,0.0038350200513899,-1.1102230246251563e-16,52.00668250665058,52.00668250665058,64.04715127701375,0.3078110048649586,0.0038350200513899,0.2137163523533808,283,87,40,30,2,16,5,19,0.06666666666666667,0.4,0.125,0.475,50.83390061189966,55.664702030124424,673,80,41.034895316134595,17.452521283562543,1262,161,57.04718222995426,78.42174197773411,332,42,46.108117088571824,35.13425016371971,992,118
551,165,106,"Almonte, Lisandro",1000570068.0,NEW_JER6,Slider,R,33,57,47.85252920054122,43.376318874560376,61.66604431770594,87.77019340159272,0.0114268332322708,0.0,51.996583735690635,51.996583735690635,63.981663392272424,-0.1872631500258078,0.0114268332322708,0.2422341401352006,484,132,7,8,4,2,1,4,0.5,0.2857142857142857,0.14285714285714285,0.5714285714285714,43.773125911930755,28.323510150622134,1087,134,70.57547963149563,95.87426326129666,55,12,55.37179885153173,72.59332023575638,402,52,40.0172674326512,15.520628683693516,1286,151
552,57,31,"Joven, Art",1000048892.0,MIS_MUD,Sinker,L,111,305,51.52101502127203,58.38218053927315,53.10570303595583,66.32536973833902,0.006508481221399,0.0007313089878117,51.99642142567716,51.99642142567716,63.9161755075311,0.1326351278870775,0.006508481221399,0.243180075208378,356,44,27,26,4,12,5,10,0.15384615384615385,0.4444444444444444,0.18518518518518517,0.37037037037037035,53.579757439665336,67.3215455140799,493,50,46.977971450585926,45.2521283562541,833,45,51.40051973230796,54.616895874263264,693,49,52.71698139286979,62.835625409299276,569,55
553,149,87,"Huter, Blayne",1000145980.0,SUS_COU1,Four-Seam,R,81,142,48.943537367789816,47.36225087924971,59.118126347819285,82.53697383390217,0.0099629246031318,0.0013490157851663,51.99591406179866,51.99591406179866,63.85068762278978,-0.0921253599546469,0.0099629246031318,0.2418913908846826,450,115,29,20,2,10,4,15,0.1,0.3448275862068966,0.13793103448275862,0.5172413793103449,47.42525075674226,43.614931237721024,860,79,43.307247955777754,26.39161755075311,1113,181,55.83397357661381,74.950884086444,383,51,43.439967111584885,25.67125081859856,1135,144
554,150,88,"Odonnell, Brendan",1000423478.0,NEW_ENG23,Four-Seam,R,43,69,55.29977534712174,73.38804220398593,44.25869877017632,30.546075085324237,0.0014254267275843,0.0,51.987452374038114,51.987452374038114,63.78519973804846,0.4621495324552386,0.0014254267275843,0.2494757216136519,228,39,11,9,1,3,1,7,0.1111111111111111,0.2727272727272727,0.09090909090909091,0.6363636363636364,42.97076515057065,26.064178127046496,1132,146,44.0646988356588,30.648330058939095,1069,173,60.245641406942724,86.4112639161755,210,23,35.915685172771994,7.039947609692207,1422,227
555,20,9,"Debban, Caleb",1000551056.0,NEW_JER6,Cutter,R,81,142,56.61695032680972,76.55334114888629,41.08191538058884,16.666666666666664,-0.0003997971108146,0.0,51.95643984294345,51.95643984294345,63.71971185330714,0.5770094578585174,-0.0003997971108146,0.2384554860439802,201,11,16,17,4,6,4,6,0.23529411764705882,0.375,0.25,0.375,49.289356146281456,49.574328749181404,777,20,52.53032631668233,66.50294695481335,517,11,45.319498580996566,28.127046496398165,1125,24,52.424553768785806,61.55861165684349,600,18
556,151,63,"Peyton, Blake",1000017005.0,GAT_GRI,Four-Seam,L,59,234,50.578154745236645,54.86518171160609,55.12486529957607,72.63936291240046,0.0076685927698398,0.0014968428176705,51.942167911538476,51.942167911538476,63.654223968565816,0.0504160889278099,0.0076685927698398,0.2091089296712811,386,95,17,14,2,5,3,9,0.14285714285714285,0.29411764705882354,0.17647058823529413,0.5294117647058824,44.29230052222259,30.12442698100851,1067,129,46.228844206747524,41.87950229207596,877,125,52.218136021559914,58.51342501637197,627,75,42.671232424337745,23.64112639161755,1164,156
557,152,64,"Castro, Alexander",669418.0,TRO_AIG,Four-Seam,L,49,115,52.53069217923423,63.07151230949589,50.52935369625502,57.73606370875996,0.005028237322404,0.0,51.930290634340466,51.930290634340466,63.58873608382449,0.2206807139582647,0.005028237322404,0.2446911922336462,316,67,16,8,0,2,7,7,0.0,0.125,0.4375,0.4375,33.84391149009949,2.8159790438768826,1483,235,36.49019003684828,5.50098231827112,1420,229,27.72797310756003,2.0956123117223315,1496,242,48.476780843652065,45.284872298624755,837,91
558,153,89,"Petschke, Ben",814386.0,EVA_OTT,Four-Seam,R,121,223,50.98542713317805,56.50644783118406,54.10551942000294,69.51080773606371,0.0070829266507494,0.0,51.92145481922552,51.92145481922552,63.52324819908317,0.0859309421698949,0.0070829266507494,0.2521992867953005,372,90,31,29,4,14,4,13,0.13793103448275862,0.45161290322580644,0.12903225806451613,0.41935483870967744,54.022637573175935,69.05697445972496,473,18,45.89302854571652,39.88212180746562,918,132,56.66886985418143,76.55533726260641,358,46,49.62290846707799,50.03274394237066,764,64
559,69,42,"Puccetti, Dominic",1000266076.0,OTT_TIT,Curveball,R,63,172,52.076348471482575,61.43024618991794,51.4944779058578,61.1490329920364,0.0055827503308001,0.0,51.90178730179514,51.90178730179514,63.45776031434185,0.1810611606076793,0.0055827503308001,0.2467670401004322,330,46,9,15,5,2,4,3,0.3333333333333333,0.2222222222222222,0.4444444444444444,0.3333333333333333,39.850473300836924,15.160445317616242,1293,80,59.21371643327984,83.00589390962672,256,29,27.076435127062382,1.899148657498363,1498,83,55.05640238554163,70.43222003929273,440,49
560,166,107,"Brothers, Kellen",1000131959.0,SUS_COU1,Slider,R,67,74,47.521820494467775,42.20398593200469,62.1107604387895,88.50967007963595,0.0116823452914759,0.0,51.89850247776429,51.89850247776429,63.392272429600524,-0.2161015184245215,0.0116823452914759,0.220836091710953,494,133,22,18,1,10,2,10,0.05555555555555555,0.45454545454545453,0.09090909090909091,0.45454545454545453,54.20381580961208,69.44990176817288,464,48,40.277444436253546,14.505566470203012,1301,163,60.245641406942724,86.4112639161755,201,25,47.40011550043378,40.76620825147348,896,109
561,70,28,"Kirby, Zach",813716.0,WAS_WIL3,Curveball,L,53,105,56.52524248197008,76.31887456037515,41.03668184551444,16.552901023890783,-0.0004257860802809,0.0,51.878674291033384,51.878674291033384,63.32678454485921,0.5690123759372742,-0.0004257860802809,0.2321074355423653,203,32,7,5,0,5,1,1,0.0,0.7142857142857143,0.14285714285714285,0.14285714285714285,70.25103103681414,96.62737393582186,54,9,36.49019003684828,5.50098231827112,1488,76,55.37179885153173,72.59332023575638,444,24,67.08771034785399,95.31761624099542,75,19
562,154,90,"Darden, Nathan",1000439869.0,FLO_Y'A,Four-Seam,R,77,151,51.7458606677869,59.3200468933177,52.18721518614908,63.36746302616609,0.005980763176712,0.0,51.87826702329555,51.87826702329555,63.261296660117885,0.1522420552765331,0.005980763176712,0.2449052418408118,348,81,28,25,3,12,5,11,0.12,0.42857142857142855,0.17857142857142858,0.39285714285714285,52.59909428689188,63.78519973804846,551,27,44.670659539563644,33.23510150622135,1019,163,52.021032094686674,57.26915520628684,653,99,51.29661864731902,57.36738703339882,653,43
563,71,29,"Noriega, Branden",804447.0,LAK_ERI24,Curveball,L,42,120,53.92586076182244,68.46424384525204,47.05471476713462,44.02730375426621,0.0030318803079324,0.0,51.864516963416094,51.864516963416094,63.19580877537656,0.3423418157801651,0.0030318803079324,0.2561319989679848,270,40,4,11,7,3,1,0,0.6363636363636364,0.75,0.25,0.0,72.4575231305544,97.60969220694172,37,4,79.87146770276308,99.34512115258677,11,2,45.319498580996566,28.127046496398165,1099,48,76.11119131958824,98.91944990176817,15,6
564,155,65,"Long, Jalon",809215.0,NEW_YOR13,Four-Seam,L,97,213,55.24162432761286,73.27080890973036,43.96842398920776,29.18088737201365,0.0012586490833651,0.0,51.859664226091326,51.859664226091326,63.130320890635225,0.457078663462194,0.0012586490833651,0.1999942527928936,229,40,31,19,3,8,3,20,0.15789473684210525,0.25806451612903225,0.0967741935483871,0.6451612903225806,42.06487396838989,23.313686967910936,1172,152,47.25396569831587,46.29993451211526,824,110,59.695368860364056,85.55992141453831,222,22,35.35998693111094,6.41781270464964,1430,227
565,17,10,"Thompson, Ross",1000103401.0,SCH_BOO,Splitter,L,145,175,55.22208741503536,73.03634232121922,43.95806515710048,29.01023890784983,0.0012526974067849,0.0,51.84288073765489,51.84288073765489,63.0648330058939,0.4553750110577175,0.0012526974067849,0.229339513619517,231,10,33,34,9,16,6,11,0.2647058823529412,0.48484848484848486,0.18181818181818182,0.3333333333333333,56.07599091945232,74.00130975769483,398,7,54.53534335166158,72.29862475442044,424,13,51.71641693497349,55.95939751146039,679,11,55.05640238554163,70.43222003929273,465,6
566,167,60,"Cohn, Cooper",1000301881.0,NIU_HUS,Slider,L,36,63,58.42335525182891,81.94607268464243,36.45842676517852,5.802047781569966,-0.0030562267764549,-0.0031279390245877,51.83387670583379,51.83387670583379,62.99934512115259,0.7345310765769112,-0.0030562267764549,0.1881363559550053,155,51,9,4,0,3,0,6,0.0,0.3333333333333333,0.0,0.6666666666666666,46.71511537025113,39.91486574983628,949,92,36.49019003684828,5.50098231827112,1514,144,68.77486587891195,96.29993451211526,109,19,34.001613451495025,4.715127701375246,1469,139
567,168,61,"Bice, Emmett",828456.0,NEW_YOR13,Slider,L,140,273,57.10397516415779,78.19460726846424,39.52450593717748,11.774744027303754,-0.0012946081487908,0.0,51.83013439606369,51.83013439606369,62.933857236411264,0.6194788619619823,-0.0012946081487908,0.2309488598151469,187,65,55,47,7,18,9,28,0.14893617021276595,0.32727272727272727,0.16363636363636364,0.509090909090909,46.34068034828308,37.19711853307138,960,94,46.643255022487914,43.74590700720367,860,115,53.422261829367336,65.42239685658153,529,54,43.95478640213524,26.195153896529145,1128,104
568,58,27,"Kines, Gunnar",665129.0,JOL_SLA,Sinker,R,40,113,50.364831852939936,53.341148886283705,55.23971606691303,73.03754266211604,0.0077345803845727,0.0066075801650421,51.82729711713186,51.82729711713186,62.86836935166994,0.0318139655396051,0.0077345803845727,0.241334566448082,399,50,17,14,4,3,5,9,0.2857142857142857,0.17647058823529413,0.29411764705882354,0.5294117647058824,37.02385597813695,7.531106745252128,1413,125,55.96749837664676,76.55533726260641,357,11,41.18031611665856,17.026850032743944,1267,114,42.671232424337745,23.64112639161755,1163,114
569,72,30,"Simpson, Garret",1000073158.0,EVA_OTT,Curveball,L,65,120,56.624991085777815,76.67057444314185,40.57353887554455,15.017064846416384,-0.0006918853025781,0.0,51.80955542270784,51.80955542270784,62.80288146692862,0.5777106258806122,-0.0006918853025781,0.2313683182306314,200,30,10,15,4,7,0,3,0.26666666666666666,0.7,0.0,0.3,69.36843419931802,96.1034708578913,62,12,54.66901115399353,72.65880812049771,421,41,68.77486587891195,96.29993451211526,92,8,57.1618812789463,76.85003274394238,359,32
570,156,66,"Flontek, Zac",1000563032.0,DOW_EAS1,Four-Seam,L,166,346,54.27146261423216,69.4021101992966,46.0474708565906,38.62343572241184,0.0024531673863549,0.0,51.804265086939694,51.804265086939694,62.737393582187295,0.3724788921740841,0.0024531673863549,0.1934702979636035,262,49,36,41,9,9,8,19,0.21951219512195122,0.25,0.2222222222222222,0.5277777777777778,41.566633818190475,21.31630648330059,1210,158,51.45446351742516,62.40995415848069,575,57,47.92565050298717,38.83431565160445,937,135,42.774442174014446,24.132285527177473,1160,153
571,157,91,"De Los Santos, Enmanuel",679735.0,NEW_ENG23,Four-Seam,R,119,200,44.62587935146617,29.54279015240328,68.45434739040748,94.88054607508532,0.0153270590491091,0.0083746932110241,51.77441976314856,51.77441976314856,62.67190569744597,-0.4686325707044876,0.0153270590491091,0.2477894960878545,602,176,30,32,8,9,7,14,0.25,0.3,0.23333333333333334,0.4666666666666667,44.655722749426864,31.761624099541585,1033,121,53.53283483417195,69.25343811394892,448,49,46.88318973419093,34.25016371971185,1004,169,46.63448681192299,37.6882776686313,947,99
572,80,34,"Balzan, Jackson",827496.0,SUS_COU1,Changeup,R,229,315,52.6063042036366,63.4232121922626,49.743614737017815,54.77815699658704,0.004576790275728,0.0,51.74749736365096,51.74749736365096,62.60641781270465,0.2272742126326047,0.004576790275728,0.2393605624200218,313,49,76,66,18,20,19,37,0.2727272727272727,0.2631578947368421,0.25,0.4868421052631579,42.37955195798953,23.968565815324165,1160,79,55.082166179383194,74.03405370006548,396,22,45.319498580996566,28.127046496398165,1091,66,45.360118008020166,33.20235756385069,1021,72
573,81,47,"Simone, Andrew",1000132681.0,TRO_AIG,Changeup,L,73,89,50.46958345558712,54.161781946072686,54.67679478930204,71.27417519908987,0.0074111534432189,0.000162641959301,51.7317468557016,51.7317468557016,62.540929927963326,0.0409484855931064,0.0074111534432189,0.2212460886026132,392,60,16,18,5,3,4,9,0.2777777777777778,0.1875,0.25,0.5625,37.705272654144984,9.037328094302556,1387,104,55.426462033874586,75.2128356254093,381,21,45.319498580996566,28.127046496398165,1075,84,40.58123499338459,16.830386378519975,1270,99
574,169,62,"Nova, Fraynel",805843.0,LAK_ERI24,Slider,L,159,304,56.77874841047126,77.49120750293083,39.90706018190673,13.026166097838454,-0.0010748112532111,0.0,51.717241941901904,51.717241941901904,62.47544204322201,0.5911185292471643,-0.0010748112532111,0.2228613187890127,193,68,34,34,12,13,8,13,0.35294117647058826,0.38235294117647056,0.23529411764705882,0.38235294117647056,49.74363393028681,51.14603798297315,748,73,60.55039445659935,85.29796987557302,225,40,46.69922606910924,33.49705304518664,1023,94,51.96010989524066,59.88867059593975,614,63
575,82,35,"Pierson, Kenny",1000055344.0,LAK_ERI24,Changeup,R,181,277,51.91733683564316,60.375146541617816,51.24485448060412,60.01137656427758,0.0054393289606528,0.0015874212876556,51.715592129131444,51.715592129131444,62.40995415848069,0.1671950722652666,0.0054393289606528,0.2404937997545159,339,52,54,53,9,27,9,18,0.16981132075471697,0.5,0.16666666666666666,0.3333333333333333,57.012078474372444,77.60314341846758,333,35,48.06632612559643,50.75311067452522,753,41,53.137954346968364,63.0648330058939,554,40,55.05640238554163,70.43222003929273,441,41
576,158,67,"Vilchez, Michael",699074.0,OTT_TIT,Four-Seam,L,42,138,56.31614487831098,75.61547479484173,40.963952596627976,16.4391353811149,-0.0004675727375807,-0.0119599902993081,51.710487193806074,51.710487193806074,62.344466273739364,0.5507787049910053,-0.0004675727375807,0.211285653700247,209,33,15,11,4,5,1,9,0.36363636363636365,0.3333333333333333,0.06666666666666667,0.6,46.71511537025113,39.91486574983628,939,97,61.279491560228166,86.18205631958088,215,13,62.52010126613452,90.63523248199084,144,15,38.21257123830435,11.42763588736084,1360,206
577,59,28,"Allemann, Braeden",1000367619.0,QUE_CAP,Sinker,R,25,65,53.914347102638345,68.2297772567409,46.46444037799123,41.01251422070535,0.002692737611017,0.0,51.67937508524421,51.67937508524421,62.27897838899804,0.3413378048815396,0.002692737611017,0.2239881547126961,272,26,11,10,0,4,2,5,0.0,0.36363636363636365,0.18181818181818182,0.45454545454545453,48.58729048009137,47.2822527832351,808,92,36.49019003684828,5.50098231827112,1449,118,51.71641693497349,55.95939751146039,678,61,47.40011550043378,40.76620825147348,907,98
578,83,48,"Primeaux, Parker",1000101108.0,SUS_COU1,Changeup,L,26,102,50.60960976924866,54.98241500586166,54.1357566477911,69.73833902161547,0.0071002994779767,0.0,51.66745383281139,51.66745383281139,62.21349050425671,0.0531590211633083,0.0071002994779767,0.2489597374398668,385,58,6,6,0,2,0,4,0.0,0.3333333333333333,0.0,0.6666666666666666,46.71511537025113,39.91486574983628,903,85,36.49019003684828,5.50098231827112,1399,98,68.77486587891195,96.29993451211526,34,3,34.001613451495025,4.715127701375246,1451,106
579,159,68,"Daly, Ryan",831333.0,JOL_SLA,Four-Seam,L,271,567,52.870457599948416,64.5955451348183,48.82552251255248,51.30830489192264,0.0040492995379473,0.0,51.656977073729635,51.656977073729635,62.14800261951539,0.2503088434624325,0.0040492995379473,0.2382996714049383,303,63,79,71,21,21,20,38,0.29577464788732394,0.26582278481012656,0.25316455696202533,0.4810126582278481,42.54419360655642,24.49246889325475,1154,145,56.65331909283685,78.06155861165685,336,25,45.02259519747865,25.278323510150624,1142,180,45.728331338812126,33.79174852652259,1012,125
580,170,63,"Nabholz, Nate",1000113106.0,TRI_VAL,Slider,L,50,98,54.26550399933432,69.28487690504103,45.53387339333526,36.3481228668942,0.0021580794882163,0.0,51.6460148175346,51.6460148175346,62.082514734774065,0.3719592906987846,0.0021580794882163,0.2188136579858771,263,85,17,14,3,5,3,9,0.21428571428571427,0.29411764705882354,0.17647058823529413,0.5294117647058824,44.29230052222259,30.12442698100851,1071,100,51.09817129169714,61.62409954158481,588,92,52.218136021559914,58.51342501637197,638,68,42.671232424337745,23.64112639161755,1166,107
581,73,31,"Sesar, Jorden",813853.0,SUS_COU1,Curveball,L,36,119,53.92737305790976,68.58147713950761,46.20303601531318,39.59044368600683,0.0025425474923626,0.0,51.610071945130784,51.610071945130784,62.01702685003274,0.3424736906020044,0.0025425474923626,0.2384742514039066,269,39,9,13,4,5,3,1,0.3076923076923077,0.5555555555555556,0.3333333333333333,0.1111111111111111,60.444399509079545,85.85461689587426,217,22,57.46575286432357,79.99345121152587,307,36,37.501042815024775,10.31434184675835,1373,62,69.0929283415727,97.2822527832351,43,12
582,60,29,"Odonnell, Brendan",1000423478.0,NEW_ENG23,Sinker,R,54,91,55.02838100090215,72.33294255568582,43.59760292080061,27.076222980659843,0.001045593495107,0.0,51.59914757687169,51.59914757687169,61.95153896529142,0.4384834783300402,0.001045593495107,0.2383704423252125,237,22,7,7,1,7,0,0,0.14285714285714285,1.0,0.0,0.0,80.0,99.77079240340537,4,1,46.228844206747524,41.87950229207596,904,45,68.77486587891195,96.29993451211526,74,5,76.11119131958824,98.91944990176817,23,2
583,160,69,"Scott, Brandon",1000138331.0,LAK_ERI24,Four-Seam,L,132,459,51.98393724682579,60.96131301289566,50.66645161807923,58.19112627986348,0.0051070070603499,0.0,51.588691558201816,51.588691558201816,61.8860510805501,0.1730027427556956,0.0051070070603499,0.2274786688819829,334,75,39,36,5,15,5,19,0.1388888888888889,0.38461538461538464,0.1282051282051282,0.48717948717948717,49.88341170998077,52.030124426981004,737,57,45.95832603536143,40.14407334643091,915,128,56.7464723928015,76.68631303208906,357,36,45.338807492904735,33.1041257367387,1022,128
584,161,92,"Jones, Breyln",690202.0,NEW_JER6,Four-Seam,R,25,53,52.59213055201864,63.30597889800704,49.16132978423523,52.27531285551763,0.0042422379168724,0.0,51.56289032168361,51.56289032168361,61.820563195808774,0.2260382458152603,0.0042422379168724,0.2773034593210838,314,66,7,8,2,3,2,2,0.25,0.42857142857142855,0.2857142857142857,0.2857142857142857,52.59909428689188,63.78519973804846,557,29,53.53283483417195,69.25343811394892,469,54,41.96873182415151,19.05697445972495,1241,206,58.06422937611972,79.56777996070727,311,14
585,61,32,"Reeves, Cobe",802696.0,NEW_YOR13,Sinker,L,52,196,49.07217028136449,47.83118405627198,57.288860356996125,77.92946530147896,0.0089119181340831,0.0082161452683802,51.53717730405398,51.53717730405398,61.75507531106745,-0.080908348482797,0.0089119181340831,0.2599478021964391,446,56,15,13,4,6,2,7,0.3076923076923077,0.4,0.13333333333333333,0.4666666666666667,50.83390061189966,55.664702030124424,660,64,57.46575286432357,79.99345121152587,303,10,56.26533665335708,75.8022265880812,369,20,46.63448681192299,37.6882776686313,950,93
586,162,70,"Delaney, Carter",1000039247.0,WIN_CIT29,Four-Seam,L,77,150,53.430445621091344,66.35404454865181,47.09518267252878,44.254835039817976,0.0030551311804526,0.0,51.52986673652257,51.52986673652257,61.68958742632613,0.2991407627799726,0.0030551311804526,0.2356752180286288,288,56,22,13,3,5,4,13,0.23076923076923078,0.22727272727272727,0.18181818181818182,0.5909090909090909,40.16250248581029,16.470203012442695,1276,175,52.22186215745475,65.38965291421087,529,51,51.71641693497349,55.95939751146039,677,87,38.78679275468744,12.999345121152587,1329,202
587,171,64,"Gilleran, Jimmy",10103730.0,NEW_ENG23,Slider,L,35,125,51.4342690122761,57.67878077373975,51.72096888170967,61.88850967007964,0.0057128809307215,0.0,51.520278973106166,51.520278973106166,61.62409954158481,0.1250707265919167,0.0057128809307215,0.2391909372523068,362,102,11,11,1,3,2,6,0.09090909090909091,0.2727272727272727,0.18181818181818182,0.5454545454545454,42.97076515057065,26.064178127046496,1125,108,42.687515417693255,23.346430910281597,1170,128,51.71641693497349,55.95939751146039,669,71,41.657900336602886,19.810085134250162,1225,114
588,62,30,"Pierson, Kenny",1000055344.0,LAK_ERI24,Sinker,R,169,229,52.04756972036261,61.1957796014068,50.27419857521681,56.93970420932878,0.004881637711321,0.0,51.515558376818866,51.515558376818866,61.55861165684349,0.1785516039748761,0.004881637711321,0.237306788621061,332,41,46,40,2,23,7,16,0.05,0.5,0.15217391304347827,0.34782608695652173,57.012078474372444,77.60314341846758,336,47,39.89871899631302,13.392272429600524,1321,96,54.49768578452867,69.12246234446627,473,44,54.14097677971352,66.83038637851998,508,61
589,172,65,"Helt, Robert",836007.0,LAK_ERI24,Slider,L,85,229,55.9576610656741,74.79484173505276,41.11268524387986,16.83731513083049,-0.0003821182573659,0.0,51.50416831913583,51.50416831913583,61.493123772102166,0.5195182994923311,-0.0003821182573659,0.2261269891367336,216,72,19,13,3,8,7,4,0.23076923076923078,0.42105263157894735,0.3684210526315789,0.21052631578947367,52.13456963557814,61.55861165684349,591,59,52.22186215745475,65.38965291421087,536,86,34.20906143987875,6.352324819908317,1431,130,62.813429887558804,90.11132940406024,153,13
590,173,108,"Delaney, Carter",1000039247.0,WIN_CIT29,Slider,R,45,73,41.70825874358695,19.10902696365768,74.35863823815365,97.89533560864618,0.0187193748234455,0.0,51.50337259195696,51.50337259195696,61.42763588736084,-0.723054109637347,0.0187193748234455,0.2980121739522219,691,167,12,11,0,5,4,3,0.0,0.4166666666666667,0.3333333333333333,0.25,51.863596922311785,60.28159790438769,597,68,36.49019003684828,5.50098231827112,1364,169,37.501042815024775,10.31434184675835,1340,157,60.32009961905328,84.61034708578913,211,24
591,174,66,"Sparks, Alec",836152.0,GAT_GRI,Slider,L,46,163,51.88728811713734,60.14067995310668,50.59322920211099,57.96359499431172,0.0050649370534465,0.0042942076136376,51.49907044262943,51.49907044262943,61.36214800261951,0.1645747722904983,0.0050649370534465,0.220355269018934,341,97,7,10,3,2,1,4,0.3,0.2857142857142857,0.14285714285714285,0.5714285714285714,43.773125911930755,28.323510150622134,1096,102,56.94136379363668,78.68369351669942,325,57,55.37179885153173,72.59332023575638,421,49,40.0172674326512,15.520628683693516,1292,121
592,163,71,"Thebiay, Nolan",1000338675.0,EVA_OTT,Four-Seam,L,222,522,51.86491053351539,60.02344665885111,50.56322537396409,57.90671217292378,0.0050476983261992,0.0,51.47440498565,51.47440498565,61.29666011787819,0.1626234084814688,0.0050476983261992,0.2175165066607466,342,78,57,51,15,10,16,31,0.29411764705882354,0.17543859649122806,0.2807017543859649,0.543859649122807,36.960097692662515,7.334643091028161,1416,213,56.540360386640835,77.70137524557956,342,26,42.4390148777438,20.170268500327442,1220,195,41.7586409535122,20.268500327439423,1219,174
593,175,67,"Joven, Art",1000048892.0,MIS_MUD,Slider,L,192,305,48.35781229392892,45.01758499413834,58.72266900437298,81.34243458475541,0.0097357142202351,0.0009787268633462,51.46726930706214,51.46726930706214,61.23117223313687,-0.143201594568843,0.0097357142202351,0.2538883127363854,470,125,42,53,17,20,11,11,0.32075471698113206,0.47619047619047616,0.2619047619047619,0.2619047619047619,55.541083745212255,73.0844793713163,412,48,58.356224871150346,81.13948919449902,289,51,44.20257632871488,24.29600523903078,1157,109,59.56814287140876,82.61296660117878,266,25
594,176,109,"Thebiay, Nolan",1000338675.0,EVA_OTT,Slider,R,43,54,46.38048438612696,37.28018757327081,63.31381219040523,90.21615472127418,0.0123735597894722,0.0,51.46048272741044,51.46048272741044,61.165684348395544,-0.3156279915853984,0.0123735597894722,0.2527458107611494,536,145,9,10,2,6,2,1,0.2,0.6666666666666666,0.2222222222222222,0.1111111111111111,67.30904157849375,94.8264571054355,69,8,50.12430587470722,58.08775376555337,621,113,47.92565050298717,38.83431565160445,917,111,69.0929283415727,97.2822527832351,41,4
595,177,110,"Biddinger, Tyler",1000324948.0,WIN_CIT29,Slider,R,48,66,45.025587117196544,31.30128956623681,66.47088694053144,93.40159271899886,0.0141874600108172,0.0,51.45917706419701,51.45917706419701,61.10019646365422,-0.4337773655397363,0.0141874600108172,0.2507438836777035,587,151,10,14,4,4,2,4,0.2857142857142857,0.4,0.2,0.4,50.83390061189966,55.664702030124424,657,77,55.96749837664676,76.55533726260641,349,66,50.010572040579646,48.16633922724296,766,96,50.845444598732314,55.10805500982319,662,77
596,178,111,"Toribio, Noe",672848.0,TRO_AIG,Slider,R,121,150,50.01917914973108,51.81711606096131,54.77873139614574,71.61547212741752,0.007469721215081,0.0,51.447044823655474,51.447044823655474,61.0347085789129,0.0016724548684754,0.007469721215081,0.2180676404052518,412,114,29,19,3,10,5,14,0.15789473684210525,0.3448275862068966,0.1724137931034483,0.4827586206896552,47.42525075674226,43.614931237721024,861,107,47.25396569831587,46.29993451211526,819,133,52.59875050103927,60.37982973149967,604,77,45.61804872545177,33.628028814669285,1014,120
597,63,33,"Martinez, Mason",809209.0,TRI_VAL,Sinker,L,172,347,53.69551222561059,67.29191090269636,46.190847446174914,39.533560864618885,0.0025355445386767,0.0,51.44411279177989,51.44411279177989,60.969220694171575,0.3222550269373383,0.0025355445386767,0.2317366465689531,280,29,58,42,5,13,13,32,0.11904761904761904,0.22413793103448276,0.22413793103448276,0.5517241379310345,39.96882919858544,16.110019646365423,1282,110,44.60573517843098,32.97314996725606,1025,64,47.74591588767747,37.524557956778,955,79,41.261885497718,19.122462344466275,1236,111
598,84,36,"Daly, Ryan",831333.0,JOL_SLA,Changeup,R,80,242,54.40693233403747,70.10550996483002,44.477333010321765,31.74061433447099,0.0015510432327296,0.0,51.42805253692276,51.42805253692276,60.90373280943025,0.3842920849170306,0.0015510432327296,0.2425119939589793,256,40,28,22,9,15,6,7,0.4090909090909091,0.5357142857142857,0.21428571428571427,0.25,59.218570568112725,83.56254092992796,252,22,64.37815425065065,90.04584151931893,153,7,48.67026533784162,42.403405370006546,883,57,60.32009961905328,84.61034708578913,243,24
599,85,37,"Cameron, Zach",1000084075.0,WIN_CIT29,Changeup,R,70,205,54.856841381396,71.2778429073857,43.32660956517313,25.71103526734926,0.0008898940116734,0.0,51.39777183652914,51.39777183652914,60.83824492468894,0.4235249282482201,0.0008898940116734,0.2270240431439253,246,37,15,19,6,8,0,7,0.3157894736842105,0.5333333333333333,0.0,0.4666666666666667,59.071471095196706,83.33333333333334,257,23,58.01774135978344,80.77930582842174,294,15,68.77486587891195,96.29993451211526,76,7,46.63448681192299,37.6882776686313,954,68
600,164,93,"Turner, Eric",1000080978.0,JOL_SLA,Four-Seam,R,218,433,46.4465591716559,37.86635404454865,62.90101029289112,89.59044368600682,0.0121363840769736,0.0094450061945038,51.38289450802646,51.38289450802646,60.772757039947614,-0.3098661565566996,0.0121363840769736,0.235214236496072,531,146,69,49,6,20,15,34,0.12244897959183673,0.2898550724637681,0.21739130434782608,0.4927536231884058,44.028951082219486,29.273084479371313,1081,134,44.83760789676192,33.88998035363458,1010,160,48.37889431550727,40.79895219384414,903,149,44.986720721432384,32.54747871643746,1031,120
601,179,68,"Correa, Nelvin",673388.0,QUE_CAP,Slider,L,51,125,52.63910572530188,63.54044548651817,48.37025926087179,49.60182025028441,0.0037877276150903,0.0,51.35845178597285,51.35845178597285,60.70726915520629,0.230134561781114,0.0037877276150903,0.2124874642418538,312,94,14,18,5,4,1,9,0.2777777777777778,0.2857142857142857,0.07142857142857142,0.6428571428571429,43.773125911930755,28.323510150622134,1100,104,55.426462033874586,75.2128356254093,382,69,62.073332365221844,89.9803536345776,156,24,35.505526946784066,6.679764243614931,1426,135
602,74,43,"Miner, Jace",701731.0,DOW_EAS1,Curveball,R,57,109,53.49862661445844,66.8229777256741,46.31517379386929,40.44368600682594,0.002606976356879,0.0,51.343590768281686,51.343590768281686,60.64178127046497,0.3050862627574479,0.002606976356879,0.2524373643885619,284,42,13,16,6,4,3,6,0.375,0.3076923076923077,0.23076923076923078,0.46153846153846156,45.130967200386316,33.66077275703995,1015,74,62.05415723283379,87.06614276358874,199,25,47.123757603913134,35.52717747216765,989,56,46.958406641677556,38.867059593975114,935,73
603,165,72,"Wilcenski, Blaise",824656.0,WIN_CIT29,Four-Seam,L,30,58,53.89623126536211,67.99531066822978,45.37056654424104,35.72241183162685,0.0020642513868363,-0.0036589703795166,51.338531849025784,51.338531849025784,60.576293385723645,0.3397580726893451,0.0020642513868363,0.2024319712230101,274,53,16,7,0,3,4,9,0.0,0.1875,0.25,0.5625,37.705272654144984,9.037328094302556,1392,205,36.49019003684828,5.50098231827112,1460,238,45.319498580996566,28.127046496398165,1110,176,40.58123499338459,16.830386378519975,1275,184
604,166,73,"Widener, Jacob",683179.0,SUS_COU1,Four-Seam,L,59,130,50.05942319640536,51.93434935521688,54.26877315677517,70.193401592719,0.0071767242363956,0.0,51.322228184516305,51.322228184516305,60.51080550098232,0.0051818050081423,0.0071767242363956,0.260078517149679,411,101,12,16,4,4,3,5,0.25,0.3333333333333333,0.25,0.4166666666666667,46.71511537025113,39.91486574983628,902,89,53.53283483417195,69.25343811394892,462,44,45.319498580996566,28.127046496398165,1076,165,49.79270515202998,50.75311067452522,747,68
605,167,94,"Perozzi, John",1000377762.0,SUS_COU1,Four-Seam,R,84,207,47.442325135065495,41.61781946072685,60.35947100944552,84.75540386803185,0.0106761403280364,0.0083746932110241,51.3174688973795,51.3174688973795,60.44531761624099,-0.2230336505950064,0.0106761403280364,0.2067862872487294,499,132,28,21,1,5,2,21,0.047619047619047616,0.17857142857142858,0.07142857142857142,0.75,37.153649630709914,7.858546168958743,1408,224,39.736408093481366,12.737393582187295,1333,219,62.073332365221844,89.9803536345776,152,13,28.737916217983376,1.4734774066797642,1500,245
606,168,74,"Westcott, Zac",686170.0,FLO_Y'A,Four-Seam,L,118,327,53.42046462822166,66.23681125439624,46.35695787200801,40.61433447098976,0.0026309834376684,0.0,51.30141260135756,51.30141260135756,60.37982973149967,0.2982704030220499,0.0026309834376684,0.2167596752794232,289,57,47,33,7,8,10,29,0.21212121212121213,0.1702127659574468,0.2127659574468085,0.6170212765957447,36.6372365874941,7.007203667321546,1421,217,50.950615925486545,61.263916175507525,592,62,48.812851157281834,43.5494433529797,863,123,37.13743307997005,9.1683038637852,1388,216
607,21,10,"Gorgen, Grady",1000138303.0,NEW_YOR13,Cutter,R,37,74,55.19030721872976,72.91910902696365,42.04730081610951,20.022753128555177,0.0001548659851744,0.0,51.24740529794368,51.24740529794368,60.314341846758346,0.4526037232385184,0.0001548659851744,0.2082267555502024,232,15,7,6,1,6,1,0,0.16666666666666666,0.8571428571428571,0.14285714285714285,0.0,79.07699941177526,99.27963326784544,12,1,47.85195323506406,49.08316961362148,788,19,55.37179885153173,72.59332023575638,440,11,76.11119131958824,98.91944990176817,25,1
608,86,49,"Williams, Pierce",1000337420.0,NEW_ENG23,Changeup,L,149,485,52.90942126902976,64.71277842907386,47.33371415621771,45.16496018202503,0.003192179665302,0.0,51.23670913518614,51.23670913518614,60.24885396201702,0.253706542472158,0.003192179665302,0.2319233765632823,302,48,45,42,10,18,6,21,0.23809523809523808,0.4,0.13333333333333333,0.4666666666666667,50.83390061189966,55.664702030124424,676,76,52.72128032001368,66.96136214800262,506,31,56.26533665335708,75.8022265880812,372,34,46.63448681192299,37.6882776686313,953,82
609,180,69,"Barker, Alex",1000106691.0,NEW_YOR13,Slider,L,95,166,45.94824316496049,35.40445486518171,63.56526355170199,90.44368600682594,0.0125180314019658,0.0023861547913532,51.233349280982935,51.233349280982935,60.1833660772757,-0.3533201700620675,0.0125180314019658,0.2434771860771506,552,147,25,21,6,8,4,13,0.2857142857142857,0.32,0.16,0.52,45.89135832192142,36.444007858546165,970,95,55.96749837664676,76.55533726260641,351,60,53.763430808246106,66.30648330058939,514,53,43.26572058247553,25.212835625409298,1143,105
610,169,95,"Agosto, Justus",1000116159.0,TRI_VAL,Four-Seam,R,33,78,53.46278746748953,66.58851113716295,46.03018749118259,38.56655290102389,0.0024432372127542,0.0,51.23300747459744,51.23300747459744,60.11787819253438,0.301961027453979,0.0024432372127542,0.2210279241416702,286,54,12,6,0,0,3,9,0.0,0.0,0.25,0.75,26.121189162008505,0.45841519318926005,1522,252,36.49019003684828,5.50098231827112,1455,245,45.319498580996566,28.127046496398165,1106,188,28.737916217983376,1.4734774066797642,1508,247
611,22,11,"Moore, Kyle",1000517760.0,SCH_BOO,Cutter,R,93,128,56.86225104254567,77.72567409144196,38.04447235209854,8.248009101251421,-0.0021449628157069,-8.326672684688674e-17,51.21691743541153,51.21691743541153,60.05239030779306,0.5984001024921379,-0.0021449628157069,0.2242465204933096,191,10,26,22,5,8,3,15,0.22727272727272727,0.3076923076923077,0.11538461538461539,0.5769230769230769,45.130967200386316,33.66077275703995,1020,26,51.98350348896071,64.70203012442698,541,12,57.949311741412544,81.13948919449902,290,8,39.670210472199884,14.767518009168304,1303,29
612,64,31,"Primeaux, Parker",1000101108.0,SUS_COU1,Sinker,R,33,79,49.01747067045461,47.59671746776085,56.30671351705105,75.31285551763366,0.0083476247576597,0.0175008768794349,51.20424352443354,51.20424352443354,59.98690242305174,-0.0856782487053063,0.0083476247576597,0.2327540610492673,448,58,14,12,4,8,3,3,0.3333333333333333,0.5714285714285714,0.21428571428571427,0.21428571428571427,61.425062661853005,87.3608382449247,186,29,59.21371643327984,83.00589390962672,246,4,48.67026533784162,42.403405370006546,875,76,62.57596986198685,89.62017026850033,157,20
613,23,12,"McEvoy, Aidan",1000079355.0,FLO_Y'A,Cutter,R,44,81,56.25578839795388,75.49824150058618,39.41123045326168,11.604095563139932,-0.0013596906829752,0.0,51.20242101454622,51.20242101454622,59.921414538310415,0.545515516015868,-0.0013596906829752,0.2150458835028366,210,13,15,11,3,2,3,10,0.2727272727272727,0.13333333333333333,0.2,0.6666666666666666,34.358759645305554,3.4053700065487886,1477,35,55.082166179383194,74.03405370006548,406,7,50.010572040579646,48.16633922724296,816,20,34.001613451495025,4.715127701375246,1467,35
614,65,32,"Milburn, Isaac",830926.0,FLO_Y'A,Sinker,R,56,100,53.27774753818648,65.88511137162955,46.345675681241424,40.55745164960182,0.0026245012445154,0.0,51.19812598110296,51.19812598110296,59.85592665356909,0.2858252271205943,0.0026245012445154,0.2319625699400767,292,30,23,18,1,11,3,9,0.05555555555555555,0.4782608695652174,0.13043478260869565,0.391304347826087,55.66899633035662,73.28094302554028,409,57,40.277444436253546,14.505566470203012,1307,91,56.53728294086914,76.42436149312377,361,36,51.394699962229176,57.59659462999345,649,82
615,181,112,"Sparks, Alec",836152.0,GAT_GRI,Slider,R,117,163,51.88728811713734,60.14067995310668,49.50172546912152,53.64050056882821,0.0044378125728528,0.0,51.17161932273259,51.17161932273259,59.79043876882777,0.1645747722904983,0.0044378125728528,0.220355269018934,341,97,27,25,8,16,5,6,0.32,0.5925925925925926,0.18518518518518517,0.2222222222222222,62.73261353221761,89.42370661427636,163,16,58.30477537742258,81.04125736738703,290,56,51.40051973230796,54.616895874263264,694,86,62.07466536355717,88.37590045841519,178,20
616,170,96,"Eldred, Zach",1000227712.0,NEW_ENG23,Four-Seam,R,204,531,47.85200757589446,43.259085580304806,58.89764604525652,81.91126279863481,0.009836247441115,0.0,51.16569911670308,51.16569911670308,59.72495088408645,-0.1873086365928463,0.009836247441115,0.2450909187754998,485,128,78,61,6,31,13,34,0.09836065573770492,0.3974358974358974,0.16666666666666666,0.4358974358974359,50.67548579491317,54.06024885396201,702,47,43.19549290792645,25.147347740667975,1144,182,53.137954346968364,63.0648330058939,543,81,48.57800579045037,45.64505566470203,830,76
617,66,33,"Ryan, Dillon",1000132418.0,NEW_ENG23,Sinker,R,100,220,49.55756062158,49.70691676436108,54.82056684534345,71.78612059158134,0.00749375781116,0.0019299426358873,51.136462488709036,51.136462488709036,59.65946299934512,-0.0385814753426528,0.00749375781116,0.2581555564112601,430,54,25,20,3,10,9,6,0.15,0.4,0.36,0.24,50.83390061189966,55.664702030124424,664,82,46.715776915242486,44.073346430910284,853,37,34.9991369699138,6.941715782580222,1422,122,60.951743287074684,86.47675180091683,207,29
618,171,97,"Baird, Dustin",1000027580.0,MIS_MUD,Four-Seam,R,41,81,50.11118575346483,52.16881594372802,53.52106751190518,67.74744027303754,0.0067471292657107,0.0,51.134150280996934,51.134150280996934,59.5939751146038,0.009695589079521,0.0067471292657107,0.2493641891587235,409,100,7,9,0,2,2,3,0.0,0.2857142857142857,0.2857142857142857,0.42857142857142855,43.773125911930755,28.323510150622134,1094,140,36.49019003684828,5.50098231827112,1405,239,41.96873182415151,19.05697445972495,1234,205,49.04074840438546,47.511460379829735,796,73
619,172,75,"Johnson, Preston",699980.0,MIS_MUD,Four-Seam,L,60,90,49.98904603869417,51.69988276670574,53.80107749193422,68.65756541524459,0.0069080092590441,0.0045914754402019,51.13265547466618,51.13265547466618,59.52848722986247,-0.0009552042802641,0.0069080092590441,0.1976990255205554,413,102,24,18,6,5,2,17,0.3333333333333333,0.20833333333333334,0.08333333333333333,0.7083333333333334,38.992393042160145,12.639161755075312,1334,189,59.21371643327984,83.00589390962672,252,16,60.956410112940155,87.59004584151931,189,20,31.369764834739197,3.077930582842174,1481,238
620,182,113,"Smith, Donny",1000381366.0,JOL_SLA,Slider,R,29,66,43.55796034814886,24.970691676436108,68.79653718142994,95.22184300341296,0.0155236645104314,0.0032469333215904,51.12953339813318,51.12953339813318,59.46299934512115,-0.5617569459388443,0.0155236645104314,0.2454593995465367,641,158,4,4,1,3,0,1,0.25,0.75,0.0,0.25,72.4575231305544,97.60969220694172,30,4,53.53283483417195,69.25343811394892,447,85,68.77486587891195,96.29993451211526,7,6,60.32009961905328,84.61034708578913,212,25
621,183,70,"Fauci, Sonny",688649.0,NEW_JER6,Slider,L,45,127,55.00982424744685,72.09847596717468,42.04386165175344,19.852104664391355,0.0001528900101088,0.0,51.12003546873882,51.12003546873882,59.397511460379825,0.4368652974881085,0.0001528900101088,0.2676168131534571,239,80,8,13,4,6,0,2,0.3076923076923077,0.75,0.0,0.25,72.4575231305544,97.60969220694172,43,5,57.46575286432357,79.99345121152587,310,53,68.77486587891195,96.29993451211526,88,13,60.32009961905328,84.61034708578913,248,22
622,173,98,"Parsons, Billy",698892.0,SUS_COU1,Four-Seam,R,170,341,47.12600488088914,40.56271981242673,60.41779171393447,85.03981797497156,0.0107096485428094,0.0065706958972419,51.11354093080274,51.11354093080274,59.3320235756385,-0.2506173212223127,0.0107096485428094,0.2278408135604405,508,139,50,44,10,17,9,24,0.22727272727272727,0.34,0.18,0.48,47.12699389441598,42.59986902423052,877,86,51.98350348896071,64.70203012442698,539,67,51.88700142441287,56.97445972495089,658,100,45.792295254561125,33.92272429600524,1009,112
623,184,114,"Ginn, Landon",701061.0,WAS_WIL3,Slider,R,44,79,49.92971956005911,51.46541617819461,53.84556326274241,68.77133105802048,0.0069335685998587,-5.551115123125783e-17,51.1044726708641,51.1044726708641,59.26653569089718,-0.0061285753323601,0.0069335685998587,0.2265580252133979,415,116,8,18,10,4,1,3,0.5555555555555556,0.5,0.125,0.375,57.012078474372444,77.60314341846758,325,34,74.36273403090088,97.77341191879503,34,3,57.04718222995426,78.42174197773411,321,41,52.424553768785806,61.55861165684349,582,65
624,174,76,"Webster, Evan",804248.0,FLO_Y'A,Four-Seam,L,175,508,52.16327802002533,61.89917936694022,48.62189112560967,50.62571103526735,0.0039323029360032,0.0,51.10086195170063,51.10086195170063,59.20104780615586,0.1886415668672381,0.0039323029360032,0.2171897090475571,326,72,67,64,11,21,13,33,0.171875,0.31343283582089554,0.19402985074626866,0.4925373134328358,45.48562723841575,35.36345776031434,988,108,48.207008335008304,50.884086444007856,751,92,50.57070021485822,51.178781925343806,746,97,45.00038379017609,32.64571054354944,1029,132
625,67,34,"Johnson, Caiden",1000147367.0,OTT_TIT,Sinker,L,33,84,50.88237527883944,56.15474794841735,51.56693608217365,61.262798634812285,0.0056243812431035,0.0,51.0877435198397,51.0877435198397,59.13555992141454,0.0769446430945764,0.0056243812431035,0.2397209104309366,375,47,6,7,1,2,1,3,0.14285714285714285,0.3333333333333333,0.16666666666666666,0.5,46.71511537025113,39.91486574983628,910,81,46.228844206747524,41.87950229207596,881,49,53.137954346968364,63.0648330058939,553,35,44.52900791851833,29.3713163064833,1079,102
626,75,44,"Oe, Ryoya",1000551188.0,OTT_TIT,Curveball,R,35,57,53.49461325691639,66.70574443141852,45.45109630235618,35.89306029579067,0.0021105198339372,0.0,51.08155817054832,51.08155817054832,59.07007203667322,0.3047362910718285,0.0021105198339372,0.2103698964348092,285,43,7,7,2,3,1,3,0.2857142857142857,0.42857142857142855,0.14285714285714285,0.42857142857142855,52.59909428689188,63.78519973804846,561,57,55.96749837664676,76.55533726260641,363,39,55.37179885153173,72.59332023575638,432,29,49.04074840438546,47.511460379829735,806,69
627,175,77,"Petery, Dylan",10998503.0,WIN_CIT29,Four-Seam,L,29,64,55.4303494894969,73.62250879249707,40.89002611505303,16.040955631399317,-0.0005100472660304,0.0,51.06825247716373,51.06825247716373,59.004584151931894,0.4735358224198116,-0.0005100472660304,0.2518451033116898,226,37,6,8,2,2,0,4,0.25,0.3333333333333333,0.0,0.6666666666666666,46.71511537025113,39.91486574983628,940,98,53.53283483417195,69.25343811394892,488,46,68.77486587891195,96.29993451211526,91,9,34.001613451495025,4.715127701375246,1466,233
628,185,71,"Simone, Andrew",1000132681.0,TRO_AIG,Slider,L,43,109,54.93888647194623,71.6295427901524,42.01560325403926,19.738339021615477,0.0001366541215329,0.0,51.061901506574145,51.061901506574145,58.93909626719057,0.4306794013635049,0.0001366541215329,0.2100023874859421,243,81,11,12,6,4,1,6,0.5,0.36363636363636365,0.09090909090909091,0.5454545454545454,48.58729048009137,47.2822527832351,810,79,70.57547963149563,95.87426326129666,74,12,60.245641406942724,86.4112639161755,212,31,41.657900336602886,19.810085134250162,1227,115
629,176,78,"Rodriguez, Luis",693543.0,TRO_AIG,Four-Seam,L,177,276,48.37544928071695,45.1348182883939,57.30904359634532,78.10011376564277,0.0089235144329422,0.0,51.055527575405456,51.055527575405456,58.87360838244925,-0.1416636189634361,0.0089235144329422,0.2547325258006361,469,126,39,29,5,7,11,21,0.1724137931034483,0.1794871794871795,0.28205128205128205,0.5384615384615384,37.21022635106223,7.989521938441388,1406,210,48.243738172933575,50.982318271119844,749,91,42.312400209468954,19.94106090373281,1223,196,42.09960919535911,21.28356254092993,1199,169
630,87,50,"Gollert, Harley",1000114236.0,TRO_AIG,Changeup,L,52,169,53.84866074714078,67.64361078546307,44.48247438328748,31.85437997724687,0.0015539972133283,0.0,51.038804837984785,51.038804837984785,58.808120497707925,0.3356098416201578,0.0015539972133283,0.2564924791827443,277,45,16,17,3,8,0,8,0.17647058823529413,0.5,0.0,0.5,57.012078474372444,77.60314341846758,363,40,48.52029224672381,51.7026850032744,737,50,68.77486587891195,96.29993451211526,71,7,44.52900791851833,29.3713163064833,1098,91
631,68,35,"Leak, Anthony",1000264276.0,NEW_YOR13,Sinker,L,34,121,53.111002638646326,65.41617819460727,46.17430836800216,39.47667804323095,0.0025260419959963,0.0,51.02999435745307,51.02999435745307,58.7426326129666,0.2712847848726735,0.0025260419959963,0.2365352956722237,296,31,8,4,1,2,1,5,0.25,0.25,0.125,0.625,41.566633818190475,21.31630648330059,1209,105,53.53283483417195,69.25343811394892,473,17,57.04718222995426,78.42174197773411,335,17,36.63346206825085,8.316961362148003,1402,120
632,177,99,"Hagan, Jack",699522.0,DOW_EAS1,Four-Seam,R,44,81,49.929635696691456,51.34818288393904,53.54620994109057,67.86120591581343,0.0067615748716827,-0.0005129707866841,51.014607970011184,51.014607970011184,58.67714472822529,-0.0061358883623683,0.0067615748716827,0.1889266027377358,416,103,12,7,3,3,0,9,0.42857142857142855,0.25,0.0,0.75,41.566633818190475,21.31630648330059,1191,165,65.706152546546,91.38834315651604,129,10,68.77486587891195,96.29993451211526,37,6,28.737916217983376,1.4734774066797642,1503,246
633,178,100,"Hocom, Quinn",1000152021.0,TRI_VAL,Four-Seam,R,147,296,48.46726611881417,45.603751465416174,56.899787654030895,76.67804323094425,0.0086883760522873,0.0,50.99702257937919,50.99702257937919,58.61165684348395,-0.1336570326425284,0.0086883760522873,0.2536577751609428,465,123,45,44,13,11,8,26,0.29545454545454547,0.24444444444444444,0.17777777777777778,0.5777777777777777,41.22340171471976,19.71185330713818,1227,172,56.63149752459444,77.96332678454486,338,35,52.095493578172125,57.531106745252124,648,97,39.616223833907455,14.636542239685657,1304,194
634,69,36,"Daly, Ryan",831333.0,JOL_SLA,Sinker,L,67,133,52.23650264078825,62.36811254396248,47.9985241005319,47.66780432309442,0.0035741468344657,0.0007313089878117,50.96510907871135,50.96510907871135,58.546168958742626,0.1950268798349242,0.0035741468344657,0.2203561053233659,322,38,24,11,2,4,4,16,0.18181818181818182,0.16666666666666666,0.16666666666666666,0.6666666666666666,36.418152266129816,6.221349050425671,1434,123,48.88484079853823,53.208906352324824,718,32,53.137954346968364,63.0648330058939,566,38,34.001613451495025,4.715127701375246,1457,126
635,179,101,"Fauci, Sonny",688649.0,NEW_JER6,Four-Seam,R,140,271,48.81902578997615,47.010550996483005,55.85468688723135,74.06143344709898,0.0080879124388902,0.0,50.92972411915271,50.92972411915271,58.4806810740013,-0.1029829838543276,0.0080879124388902,0.2468844494443986,453,118,43,32,4,7,14,22,0.125,0.16279069767441862,0.32558139534883723,0.5116279069767442,36.178688007894436,5.370006548788474,1446,232,45.01151243551012,35.59266535690897,971,153,38.228341025812846,12.639161755075312,1335,227,43.7945385370981,26.129666011787815,1129,141
636,180,79,"Galva, Claudio",669996.0,GAT_GRI,Four-Seam,L,34,109,46.27180547910983,36.811254396248536,61.70017824436508,87.82707622298066,0.011446444911443,0.0023366772751544,50.9003173086864,50.9003173086864,58.41519318925998,-0.3251049793397926,0.011446444911443,0.2579183229151192,540,150,14,7,0,7,4,3,0.0,0.5,0.2857142857142857,0.21428571428571427,57.012078474372444,77.60314341846758,300,15,36.49019003684828,5.50098231827112,1375,219,41.96873182415151,19.05697445972495,1230,197,62.57596986198685,89.62017026850033,156,7
637,70,37,"Brothers, Kellen",1000131959.0,SUS_COU1,Sinker,L,86,136,52.731557992157605,64.00937866354045,46.59118744714719,41.63822525597269,0.0027655602569767,0.0,50.88944682865447,50.88944682865447,58.349705304518665,0.2381965585834891,0.0027655602569767,0.2437796696951221,308,34,37,23,5,7,6,24,0.21739130434782608,0.1891891891891892,0.16216216216216217,0.6486486486486487,37.80963376668675,9.495743287491814,1383,118,51.30988116495582,62.27897838899804,578,25,53.56057357756143,65.78258022265881,523,34,35.13971015063268,6.090373280943026,1435,123
638,186,115,"Foy, Corbin",813822.0,LAK_ERI24,Slider,R,41,78,47.05433587535024,40.211019929660026,59.74796644374665,83.8452787258248,0.0103247998135205,0.0,50.86242504586916,50.86242504586916,58.28421741977734,-0.256866981864876,0.0103247998135205,0.2703142446294685,511,137,11,12,2,5,0,6,0.16666666666666666,0.45454545454545453,0.0,0.5454545454545454,54.20381580961208,69.44990176817288,465,49,47.85195323506406,49.08316961362148,757,130,68.77486587891195,96.29993451211526,18,11,41.657900336602886,19.810085134250162,1221,144
639,76,32,"De Los Santos, Enmanuel",679735.0,NEW_ENG23,Curveball,L,51,105,54.996792999235495,71.98124267291911,41.20281901335669,17.121729237770193,-0.0003303318166431,0.0,50.85860080347185,50.85860080347185,58.21872953503602,0.4357289502141701,-0.0003303318166431,0.2464032453483712,240,37,6,12,7,2,0,4,0.5833333333333334,0.3333333333333333,0.0,0.6666666666666666,46.71511537025113,39.91486574983628,937,60,76.25636123060352,98.36280288146693,26,8,68.77486587891195,96.29993451211526,89,7,34.001613451495025,4.715127701375246,1465,75
640,88,38,"Villalobos, Jonaiker",665690.0,FLO_Y'A,Changeup,R,151,185,49.69235628324736,50.17584994138336,53.55586269927826,67.91808873720136,0.0067671208728385,0.0035849402100538,50.851408208056625,50.851408208056625,58.153241650294696,-0.0268270616295517,0.0067671208728385,0.2415207670203857,426,65,52,40,5,24,10,18,0.125,0.46153846153846156,0.19230769230769232,0.34615384615384615,54.63585621957522,70.6286836935167,446,45,45.01151243551012,35.59266535690897,976,56,50.73227564974627,51.7026850032744,739,52,54.24660281115523,67.02685003274395,504,48
641,24,12,"Valdez, Alex",677678.0,EVA_OTT,Cutter,L,26,78,56.34045681308597,75.7327080890973,38.031301872222926,8.19112627986348,-0.0021525299271162,-0.0005573943246715,50.847710330827056,50.847710330827056,58.08775376555337,0.5528987475500631,-0.0021525299271162,0.2458450028131599,208,12,9,8,2,4,1,4,0.25,0.4444444444444444,0.1111111111111111,0.4444444444444444,53.579757439665336,67.3215455140799,509,14,53.53283483417195,69.25343811394892,491,6,58.35025819094956,82.31827111984283,282,8,48.038139407526096,43.28749181401441,876,23
642,71,34,"De Jesus, Larry",692356.0,DOW_EAS1,Sinker,R,40,75,49.50945654481404,49.58968347010551,53.91083127937784,68.99886234357224,0.0069710683992591,0.0057720611273248,50.829868965183174,50.829868965183174,58.02226588081205,-0.0427762336353142,0.0069710683992591,0.2290362133786434,431,55,15,12,1,5,3,7,0.08333333333333333,0.3333333333333333,0.2,0.4666666666666667,46.71511537025113,39.91486574983628,904,102,42.171071635956174,21.676489849377862,1191,74,50.010572040579646,48.16633922724296,785,70,46.63448681192299,37.6882776686313,952,101
643,77,33,"Puccetti, Dominic",1000266076.0,OTT_TIT,Curveball,L,109,172,52.076348471482575,61.43024618991794,47.911584135842304,46.985210466439135,0.0035241953972411,0.0,50.82691917079049,50.82691917079049,57.95677799607073,0.1810611606076793,0.0035241953972411,0.2467670401004322,330,46,26,31,9,12,4,10,0.2903225806451613,0.46153846153846156,0.15384615384615385,0.38461538461538464,54.63585621957522,70.6286836935167,449,38,56.281648511159645,77.47216764898494,345,38,54.34079369557941,68.3366077275704,488,25,51.817204087996004,59.13555992141454,628,44
644,25,13,"Smith, Jackson",1000333915.0,MIS_MUD,Cutter,R,55,97,53.324638702191486,66.00234466588512,44.98848774291192,33.78839590443686,0.0018447276577024,0.0,50.82379341440762,50.82379341440762,57.89129011132941,0.2899142173327859,0.0018447276577024,0.2186583761047753,291,17,14,12,4,4,1,9,0.3333333333333333,0.2857142857142857,0.07142857142857142,0.6428571428571429,43.773125911930755,28.323510150622134,1102,31,59.21371643327984,83.00589390962672,266,4,62.073332365221844,89.9803536345776,157,7,35.505526946784066,6.679764243614931,1427,34
645,181,102,"Sittinger, Brandyn",670087.0,LAK_ERI24,Four-Seam,R,127,248,51.74324654347936,59.20281359906213,48.67566202308925,50.796359499431176,0.0039631970549455,-0.0008844308152409,50.82297118736233,50.82297118736233,57.82580222658809,0.1520140991373796,0.0039631970549455,0.2433105601544288,349,82,45,40,5,23,10,12,0.125,0.5111111111111111,0.2222222222222222,0.26666666666666666,57.69854268131386,81.10674525212835,289,11,45.01151243551012,35.59266535690897,987,156,47.92565050298717,38.83431565160445,933,161,59.267360172350955,81.9253438113949,276,10
646,89,39,"Vail, Tyler",592821.0,NEW_YOR13,Changeup,R,160,214,52.06181497776697,61.31301289566237,47.92868748606524,47.15585893060295,0.0035340221429506,0.0,50.82187673025645,50.82187673025645,57.760314341846765,0.1797938149400455,0.0035340221429506,0.2565132045515861,331,50,19,15,1,13,1,5,0.06666666666666667,0.6842105263157895,0.05263157894736842,0.2631578947368421,68.39293243155916,95.71054354944334,67,6,41.034895316134595,17.452521283562543,1263,73,63.83689381619293,91.58480681074002,129,11,59.488989529551446,82.41650294695482,269,26
647,78,45,"Peters, Garrett",833402.0,NEW_YOR13,Curveball,R,36,157,56.00979782735724,75.0293083235639,38.70603584750559,9.897610921501707,-0.0017648608967692,0.0,50.81866923340174,50.81866923340174,57.69482645710543,0.5240647148509892,-0.0017648608967692,0.2291283991066477,214,35,11,10,1,0,3,8,0.1,0.0,0.2727272727272727,0.7272727272727273,26.121189162008505,0.45841519318926005,1525,86,43.307247955777754,26.39161755075311,1137,73,43.18719246300426,21.807465618860512,1198,67,30.173470008941095,2.357563850687623,1493,84
648,182,103,"Bargo, Casey",1000057987.0,FLO_Y'A,Four-Seam,R,134,189,47.31485501755312,41.26611957796014,58.959540169622095,82.08191126279864,0.0098718087675873,0.0,50.80826056317381,50.80826056317381,57.629338572364105,-0.2341492642487723,0.0098718087675873,0.2558016326699746,502,134,39,28,1,11,12,16,0.03571428571428571,0.28205128205128205,0.3076923076923077,0.41025641025641024,43.5468190305215,27.439423706614274,1109,141,38.92485357932309,11.42763588736084,1353,224,39.90672151224686,14.276358873608382,1308,223,50.19760493922318,52.357563850687626,728,55
649,90,51,"Campbell, AJ",1000132168.0,WIN_CIT29,Changeup,L,64,73,50.79263945591598,55.68581477139508,50.84432741690901,58.759954493742896,0.0052092057652923,0.0,50.80814584421389,50.80814584421389,57.56385068762279,0.0691195248787477,0.0052092057652923,0.2399276317031475,379,56,12,10,2,5,2,5,0.2,0.4166666666666667,0.16666666666666666,0.4166666666666667,51.863596922311785,60.28159790438769,611,67,50.12430587470722,58.08775376555337,640,43,53.137954346968364,63.0648330058939,556,47,49.79270515202998,50.75311067452522,755,70
650,187,116,"Pindel, Buddie",1000054422.0,SCH_BOO,Slider,R,139,173,43.53533660532092,24.73622508792497,67.776448928002,94.25483503981798,0.0149375718597552,0.0016478769594779,50.807670302125246,50.807670302125246,57.498362802881466,-0.5637297752543353,0.0149375718597552,0.2609443328983073,643,159,27,31,13,8,8,11,0.41935483870967744,0.2962962962962963,0.2962962962962963,0.4074074074074074,44.42690134711306,30.746561886051083,1057,131,65.07785227752025,90.79895219384414,141,29,40.97591204434557,16.470203012442695,1276,149,50.37756040019794,52.91421087098887,718,81
651,188,117,"Gregory, Ben",833406.0,GAT_GRI,Slider,R,80,96,43.8464095776862,26.494724501758498,67.00615116855744,93.7428896473265,0.0144949965687196,0.0,50.794332054947574,50.794332054947574,57.43287491814014,-0.536603676632787,0.0144949965687196,0.3048141076706183,628,154,14,17,2,9,2,3,0.11764705882352941,0.6428571428571429,0.14285714285714285,0.21428571428571427,65.83804684933357,93.84413883431564,95,9,44.510258176765305,32.678454485920106,1026,148,55.37179885153173,72.59332023575638,398,51,62.57596986198685,89.62017026850033,155,15
652,72,35,"Hensey, Rob",802996.0,SUS_COU1,Sinker,R,311,469,53.901440311453015,68.11254396248535,43.51677163950046,26.62116040955632,0.0009991518075809,0.0,50.78603970986725,50.78603970986725,57.36738703339882,0.3402123104744914,0.0009991518075809,0.2322677055359071,273,27,112,79,15,43,16,53,0.189873417721519,0.38392857142857145,0.14285714285714285,0.4732142857142857,49.84097916971653,51.277013752455794,745,87,49.43397089557512,55.40275049115914,682,27,55.37179885153173,72.59332023575638,439,41,46.220910600718504,35.55992141453831,985,104
653,189,118,"Joven, Art",1000048892.0,MIS_MUD,Slider,R,113,305,48.35781229392892,45.01758499413834,56.43927953327958,75.65415244596132,0.0084237906850487,0.0,50.78225246573412,50.78225246573412,57.3018991486575,-0.143201594568843,0.0084237906850487,0.2538883127363854,470,125,26,21,4,7,7,12,0.19047619047619047,0.2692307692307692,0.2692307692307692,0.46153846153846156,42.75474494558909,25.180091683038636,1143,138,49.4750622633806,55.631958087753766,679,119,43.51523955808,22.4950884086444,1183,136,46.958406641677556,38.867059593975114,930,112
654,190,119,"Linderman, Greyson",1000124562.0,JOL_SLA,Slider,R,30,66,50.45046118295653,53.92731535756155,51.37939680884503,60.69397042093287,0.0055166303799388,-0.0008570181018504,50.729141870723076,50.729141870723076,57.236411263916175,0.0392809905056947,0.0055166303799388,0.2706389666603796,394,110,6,7,3,0,2,4,0.42857142857142855,0.0,0.3333333333333333,0.6666666666666666,26.121189162008505,0.45841519318926005,1520,177,65.706152546546,91.38834315651604,131,26,37.501042815024775,10.31434184675835,1364,163,34.001613451495025,4.715127701375246,1454,171
655,183,80,"Tokar, Heitor",677573.0,OTT_TIT,Four-Seam,L,99,241,52.14595771868335,61.66471277842908,47.38434046316874,45.449374288964734,0.003221267056844,0.0,50.71747254202896,50.71747254202896,57.17092337917485,0.187131206777819,0.003221267056844,0.2267019994442796,328,73,29,21,2,11,6,12,0.09523809523809523,0.3793103448275862,0.20689655172413793,0.41379310344827586,49.55565691621563,50.65487884741323,754,63,42.98262615011444,24.49246889325475,1155,175,49.36352742546474,45.579567779960705,831,119,49.97421195318556,51.53896529142109,741,67
656,73,36,"Benitez, Jorge",1000561771.0,NEW_JER6,Sinker,R,61,117,52.39212502877042,62.48534583821805,46.787160851742215,42.491467576791806,0.0028781569580711,0.0,50.710635775661956,50.710635775661956,57.10543549443353,0.2085974199304749,0.0028781569580711,0.2215834950478289,321,37,24,16,2,9,7,8,0.125,0.375,0.2916666666666667,0.3333333333333333,49.289356146281456,49.574328749181404,768,89,45.01151243551012,35.59266535690897,993,52,41.41027069801067,17.68172888015717,1259,112,55.05640238554163,70.43222003929273,454,57
657,79,34,"Anibal, Trevor",822669.0,NEW_ENG23,Curveball,L,48,107,57.12659681214092,78.31184056271981,35.69790219945463,4.891922639362913,-0.0034931868699876,0.0,50.69798842833503,50.69798842833503,57.03994760969221,0.6214515086034008,-0.0034931868699876,0.2339426489755439,186,27,8,15,9,4,2,2,0.6,0.5,0.25,0.25,57.012078474372444,77.60314341846758,392,32,77.39253755042509,98.75573018991487,23,6,45.319498580996566,28.127046496398165,1137,52,60.32009961905328,84.61034708578913,259,27
658,184,104,"Leach, Landon",667743.0,TRO_AIG,Four-Seam,R,57,178,48.45322559337696,45.48651817116061,55.90935126589369,74.28896473265074,0.0081193199082735,0.0,50.69006329513198,50.69006329513198,56.97445972495089,-0.1348813906277702,0.0081193199082735,0.2605757781182882,466,124,17,14,2,5,4,8,0.14285714285714285,0.29411764705882354,0.23529411764705882,0.47058823529411764,44.29230052222259,30.12442698100851,1066,130,46.228844206747524,41.87950229207596,875,128,46.69922606910924,33.49705304518664,1014,171,46.38678341269891,36.313032089063526,972,105
659,74,38,"Milburn, Isaac",830926.0,FLO_Y'A,Sinker,L,44,100,53.27774753818648,65.88511137162955,44.60004367242661,32.19567690557452,0.0016215467572801,0.0,50.674436378458516,50.674436378458516,56.90897184020957,0.2858252271205943,0.0016215467572801,0.2319625699400767,292,30,11,13,0,6,3,2,0.0,0.5454545454545454,0.2727272727272727,0.18181818181818182,59.8203411391328,84.80681074001309,237,20,36.49019003684828,5.50098231827112,1469,121,43.18719246300426,21.807465618860512,1195,102,64.62676099192646,92.5343811394892,117,12
660,191,72,"Misla, Luis",695417.0,TRI_VAL,Slider,L,44,69,48.60767517607637,45.95545134818288,55.49010321979748,73.60637087599545,0.0078784405551375,0.0,50.6724035891927,50.6724035891927,56.843483955468244,-0.1214131211715549,0.0078784405551375,0.2613442475461185,462,124,8,8,2,0,2,6,0.25,0.0,0.25,0.75,26.121189162008505,0.45841519318926005,1518,142,53.53283483417195,69.25343811394892,456,75,45.319498580996566,28.127046496398165,1072,97,28.737916217983376,1.4734774066797642,1502,141
661,80,35,"Allemann, Braeden",1000367619.0,QUE_CAP,Curveball,L,112,234,54.77991151789468,71.04337631887456,41.043719043084266,16.609783845278724,-0.0004217428519002,0.0,50.659053775451554,50.659053775451554,56.777996070726914,0.4168165117361337,-0.0004217428519002,0.2357637429423207,248,38,23,27,7,12,4,7,0.25925925925925924,0.5217391304347826,0.17391304347826086,0.30434782608695654,58.35516061838827,81.82711198428291,279,26,54.16404390073949,71.67648984937787,434,42,52.45808862818821,59.82318271119843,616,32,56.887253597197855,75.99869024230517,368,33
662,185,81,"Hagan, Jack",699522.0,DOW_EAS1,Four-Seam,L,37,81,49.929635696691456,51.34818288393904,52.2554829890847,63.594994311717855,0.0060199865061092,0.0,50.627389884409425,50.627389884409425,56.71250818598559,-0.0061358883623683,0.0060199865061092,0.1889266027377358,416,103,13,15,4,5,3,5,0.26666666666666666,0.38461538461538464,0.23076923076923078,0.38461538461538464,49.88341170998077,52.030124426981004,733,56,54.66901115399353,72.65880812049771,417,35,47.123757603913134,35.52717747216765,982,146,51.817204087996004,59.13555992141454,624,47
663,75,39,"Odonnell, Brendan",1000423478.0,NEW_ENG23,Sinker,L,37,91,55.02838100090215,72.33294255568582,40.3023504439058,14.220705346985213,-0.0008476968671146,-0.0002989997069037,50.61057183380324,50.61057183380324,56.64702030124427,0.4384834783300402,-0.0008476968671146,0.2383704423252125,237,22,7,6,0,5,1,1,0.0,0.7142857142857143,0.14285714285714285,0.14285714285714285,70.25103103681414,96.62737393582186,55,5,36.49019003684828,5.50098231827112,1493,125,55.37179885153173,72.59332023575638,445,25,67.08771034785399,95.31761624099542,76,6
664,186,82,"Sakurai, Masatoshi",1000429128.0,QUE_CAP,Four-Seam,L,199,489,48.57048970526402,45.720984759671744,55.341849425246174,73.43572241183163,0.0077932612001852,0.004599973413151,50.60189762125866,50.60189762125866,56.581532416502945,-0.124655758231518,0.0077932612001852,0.2386310925158917,464,122,74,46,6,26,16,32,0.13043478260869565,0.35135135135135137,0.21621621621621623,0.43243243243243246,47.828300570696676,44.95743287491814,841,77,45.3820047137128,37.88474132285527,946,132,48.48914281044459,41.22462344466274,898,127,48.79687054028453,46.037982973149965,825,86
665,187,105,"Quigley, Michael",808828.0,NEW_ENG23,Four-Seam,R,157,292,49.29395182868645,48.65181711606096,53.64416679086618,68.08873720136519,0.0068178560704358,0.0,50.59901631734037,50.59901631734037,56.51604453176162,-0.0615686158170135,0.0068178560704358,0.2226268974076351,439,110,49,39,5,15,6,28,0.1282051282051282,0.30612244897959184,0.12244897959183673,0.5714285714285714,45.033978536925204,33.03863785199738,1023,115,45.23000788162965,37.42632612966601,957,146,57.28652271258605,80.12442698100851,305,38,40.0172674326512,15.520628683693516,1291,191
666,188,106,"Garcia, Jorge",1000221236.0,SUS_COU1,Four-Seam,R,88,176,48.93235768565674,47.24501758499414,54.41417995372439,70.64846416382252,0.0072602678462391,0.0,50.57690436607703,50.57690436607703,56.4505566470203,-0.0931002474795688,0.0072602678462391,0.2261037490832986,451,116,26,21,2,8,4,14,0.09523809523809523,0.3076923076923077,0.15384615384615385,0.5384615384615384,45.130967200386316,33.66077275703995,1013,113,42.98262615011444,24.49246889325475,1151,185,54.34079369557941,68.3366077275704,484,71,42.09960919535911,21.28356254092993,1203,161
667,26,13,"Gorgen, Grady",1000138303.0,NEW_YOR13,Cutter,L,37,74,55.19030721872976,72.91910902696365,39.77006596121844,12.514220705346984,-0.0011535214095732,-1.1102230246251563e-16,50.564234841476356,50.564234841476356,56.385068762278976,0.4526037232385184,-0.0011535214095732,0.2082267555502024,232,15,14,13,2,8,0,6,0.15384615384615385,0.5714285714285714,0.0,0.42857142857142855,61.425062661853005,87.3608382449247,200,5,46.977971450585926,45.2521283562541,845,15,68.77486587891195,96.29993451211526,95,4,49.04074840438546,47.511460379829735,815,22
668,76,40,"Castro, Alexander",669418.0,TRO_AIG,Sinker,L,36,52,49.03358933440092,47.71395076201641,54.12075837339312,69.68145620022753,0.007091682205532,0.0093153711142932,50.55974004609858,50.55974004609858,56.31958087753765,-0.0842726734650963,0.007091682205532,0.2253081490845495,447,57,11,9,2,4,2,5,0.2222222222222222,0.36363636363636365,0.18181818181818182,0.45454545454545453,48.58729048009137,47.2822527832351,806,75,51.63920763446932,63.42501637197119,555,21,51.71641693497349,55.95939751146039,667,45,47.40011550043378,40.76620825147348,899,83
669,189,107,"Zentko, Dylan",1000303828.0,EVA_OTT,Four-Seam,R,96,208,51.80085500737686,59.43728018757327,47.66081593961015,46.2457337883959,0.003380116297868,0.0,50.55884328704684,50.55884328704684,56.25409299279633,0.1570376563472441,0.003380116297868,0.2260774749753745,347,80,27,22,3,3,7,17,0.13636363636363635,0.1111111111111111,0.25925925925925924,0.6296296296296297,32.985831231422715,1.899148657498363,1499,245,45.786178108115735,39.45645055664702,926,138,44.450781273666365,24.787164374590702,1149,193,36.34103444416687,7.56385068762279,1412,223
670,190,83,"Eisenbarger, Jack",1000570067.0,QUE_CAP,Four-Seam,L,171,320,50.81717770671832,55.80304806565064,49.93993942459513,55.68828213879409,0.0046895888067852,0.0,50.55400622208136,50.55400622208136,56.188605108055015,0.0712593025849349,0.0046895888067852,0.2442013167289394,378,92,43,47,9,16,10,17,0.19148936170212766,0.37209302325581395,0.23255813953488372,0.3953488372093023,49.10975795260492,48.65749836280288,785,67,49.544130732670666,55.89390962671905,674,78,46.95591955526973,34.51211525867714,1001,150,51.13923235130041,57.00720366732155,657,52
671,191,84,"Brouwer, Adam",10998502.0,LAK_ERI24,Four-Seam,L,68,165,56.05817120230823,75.14654161781947,37.70658230539726,7.394766780432309,-0.0023390978549476,-8.326672684688674e-17,50.552694533234934,50.552694533234934,56.12311722331369,0.5282829564089119,-0.0023390978549476,0.1970619474032022,213,35,26,16,1,8,6,12,0.0625,0.3076923076923077,0.23076923076923078,0.46153846153846156,45.130967200386316,33.66077275703995,1021,117,40.7508512361792,16.30648330058939,1286,206,47.123757603913134,35.52717747216765,997,148,46.958406641677556,38.867059593975114,942,109
672,91,40,"Williams, Pierce",1000337420.0,NEW_ENG23,Changeup,R,336,485,52.90942126902976,64.71277842907386,45.02711973160295,34.07281001137656,0.0018669237025806,0.0,50.54473080780171,50.54473080780171,56.05762933857237,0.253706542472158,0.0018669237025806,0.2319233765632823,302,48,79,83,21,22,15,42,0.25301204819277107,0.27848101265822783,0.189873417721519,0.5316455696202531,43.32624143724918,27.308447937131632,1111,77,53.73816790401922,70.92337917485266,445,26,50.96066286783697,52.848722986247544,721,51,42.53013555136201,22.920759659463,1178,81
673,77,41,"Shoemaker, Adam",692248.0,QUE_CAP,Sinker,L,25,62,46.792181381052686,39.273153575615474,59.23363361332462,82.99203640500569,0.0100292894094953,0.0060159196459667,50.524617050734264,50.524617050734264,55.992141453831046,-0.2797273049984696,0.0100292894094953,0.2645577991150927,519,68,5,6,1,2,1,2,0.16666666666666666,0.4,0.2,0.4,50.83390061189966,55.664702030124424,658,63,47.85195323506406,49.08316961362148,758,37,50.010572040579646,48.16633922724296,774,57,50.845444598732314,55.10805500982319,664,65
674,192,120,"Godwin, Connor",802684.0,NEW_YOR13,Slider,R,51,93,43.40982297074021,24.267291910902696,67.10143389725908,93.85665529010238,0.0145497413487333,0.0,50.51730624869587,50.51730624869587,55.92665356908972,-0.5746747802288833,0.0145497413487333,0.2623689242486543,647,160,8,8,3,1,1,6,0.375,0.125,0.125,0.75,33.84391149009949,2.8159790438768826,1480,173,62.05415723283379,87.06614276358874,193,43,57.04718222995426,78.42174197773411,307,38,28.737916217983376,1.4734774066797642,1499,175
675,81,36,"Miner, Jace",701731.0,DOW_EAS1,Curveball,L,52,109,53.49862661445844,66.8229777256741,43.394772978335325,25.995449374288963,0.0009290573638296,0.0,50.4674705236215,50.4674705236215,55.86116568434839,0.3050862627574479,0.0009290573638296,0.2524373643885619,284,42,15,21,6,6,3,6,0.2857142857142857,0.4,0.2,0.4,50.83390061189966,55.664702030124424,687,48,55.96749837664676,76.55533726260641,364,39,50.010572040579646,48.16633922724296,808,39,50.845444598732314,55.10805500982319,695,50
676,193,121,"Odonnell, Brendan",1000423478.0,NEW_ENG23,Slider,R,125,210,57.23857251913991,78.78077373974209,34.62489982029493,3.8680318543799777,-0.004109681380605,-0.0057738753846663,50.454470709486415,50.454470709486415,55.79567779960707,0.6312159829907977,-0.004109681380605,0.2154761361590103,182,63,28,38,16,16,6,6,0.42105263157894735,0.5714285714285714,0.21428571428571427,0.21428571428571427,61.425062661853005,87.3608382449247,202,19,65.19359180076182,90.89718402095612,140,28,48.67026533784162,42.403405370006546,892,108,62.57596986198685,89.62017026850033,164,16
677,192,108,"Sesar, Jorden",813853.0,SUS_COU1,Four-Seam,R,274,555,48.94583085714164,47.47948417350528,53.93556949772227,69.05574516496019,0.0069852817655181,0.0004699536674998,50.44275244931582,50.44275244931582,55.73018991486575,-0.0919253637355221,0.0069852817655181,0.2286233165986655,449,114,93,73,12,25,14,54,0.1643835616438356,0.26881720430107525,0.15053763440860216,0.5806451612903226,42.72919416865578,25.081859855926652,1145,150,47.69631264330768,47.47871643745907,803,111,54.65120385005967,69.41715782580222,468,67,39.435107369958665,14.210870988867061,1311,195
678,194,122,"Hopewell, Chase",803045.0,FLO_Y'A,Slider,R,104,147,46.60315952180543,38.56975381008206,59.401767555685176,83.10580204778158,0.0101258909217817,0.0,50.44274193196935,50.44274193196935,55.664702030124424,-0.2962103364768473,0.0101258909217817,0.2743581512287967,525,143,25,20,4,8,3,14,0.2,0.32,0.12,0.56,45.89135832192142,36.444007858546165,971,121,50.12430587470722,58.08775376555337,626,114,57.516289575912566,80.28814669286182,302,36,40.73914591038994,17.41977734119188,1261,148
679,193,85,"Scafidi, Christian",690280.0,LAK_ERI24,Four-Seam,L,98,287,54.320824936758655,69.63657678780774,41.39356081514119,17.576791808873722,-0.0002207409377883,-8.326672684688674e-17,50.44264570027342,50.44264570027342,55.5992141453831,0.3767833716628065,-0.0002207409377883,0.2126752233954329,260,48,31,25,1,11,7,13,0.04,0.3548387096774194,0.22580645161290322,0.41935483870967744,48.043755770782916,45.51407989521938,833,75,39.21701320442007,11.853307138179437,1349,218,47.58937283563354,37.22986247544205,960,140,49.62290846707799,50.03274394237066,765,73
680,194,109,"Eisenbarger, Jack",1000570067.0,QUE_CAP,Four-Seam,R,149,320,50.81717770671832,55.80304806565064,49.47140387320768,53.526734926052335,0.0044203912718407,0.0,50.413445556665124,50.413445556665124,55.53372626064178,0.0712593025849349,0.0044203912718407,0.2442013167289394,378,92,35,33,4,7,8,20,0.12121212121212122,0.2,0.22857142857142856,0.5714285714285714,38.47754488695408,11.100196463654225,1357,209,44.75329054464158,33.56254092992796,1015,161,47.3299586351036,36.54223968565815,970,165,40.0172674326512,15.520628683693516,1293,192
681,195,73,"Williams, Brian",1000079778.0,MIS_MUD,Slider,L,87,243,51.16323994394817,56.97538100820633,48.65407810455524,50.68259385665529,0.0039507959945637,0.0,50.41049139213028,50.41049139213028,55.468238375900455,0.1014365253276022,0.0039507959945637,0.2462134167023689,368,103,20,13,1,8,5,7,0.07692307692307693,0.4,0.25,0.35,50.83390061189966,55.664702030124424,672,65,41.7340807437171,20.13752455795678,1220,132,45.319498580996566,28.127046496398165,1094,100,54.003662938839305,66.633922724296,512,51
682,92,41,"Barker, Alex",1000106691.0,NEW_YOR13,Changeup,R,117,121,47.94338487492674,43.84525205158265,56.15948966141825,74.74402730375427,0.0082630371550668,0.0001357495181603,50.40821631087419,50.40821631087419,55.40275049115914,-0.1793403788349539,0.0082630371550668,0.2604256704085502,480,73,27,22,2,17,3,7,0.09090909090909091,0.6296296296296297,0.1111111111111111,0.25925925925925924,65.02082755535568,92.8618205631958,110,11,42.687515417693255,23.346430910281597,1169,67,58.35025819094956,82.31827111984283,265,26,59.735244370885326,82.84217419777342,263,25
683,195,86,"Quigley, Michael",808828.0,NEW_ENG23,Four-Seam,L,135,292,49.29395182868645,48.65181711606096,52.98789262932304,66.21160409556313,0.0064407931431679,0.00027086676404,50.40213406887743,50.40213406887743,55.337262606417816,-0.0615686158170135,0.0064407931431679,0.2226268974076351,439,110,40,30,10,9,12,19,0.3333333333333333,0.225,0.3,0.475,40.02208935257228,16.30648330058939,1279,177,59.21371643327984,83.00589390962672,253,17,40.62842512141349,15.553372626064178,1286,208,46.108117088571824,35.13425016371971,990,119
684,196,110,"Cihocki, Danny",1000368111.0,NIU_HUS,Four-Seam,R,35,55,47.68056183013517,42.9073856975381,56.6982393733615,76.27986348122867,0.0085725763009817,0.0013490157851663,50.385865093103064,50.385865093103064,55.27177472167649,-0.2022590007223611,0.0085725763009817,0.2183101428225228,488,130,12,11,1,5,4,3,0.09090909090909091,0.4166666666666667,0.3333333333333333,0.25,51.863596922311785,60.28159790438769,600,32,42.687515417693255,23.346430910281597,1168,191,37.501042815024775,10.31434184675835,1351,231,60.32009961905328,84.61034708578913,221,9
685,27,14,"Flontek, Zac",1000563032.0,DOW_EAS1,Cutter,R,30,51,55.80657600319197,74.20867526377492,37.688246834914025,7.337883959044368,-0.0023496325164936,-0.0004308582056837,50.37107725270859,50.37107725270859,55.20628683693517,0.5063434219902107,-0.0023496325164936,0.2346185596329643,221,14,8,11,2,4,1,3,0.18181818181818182,0.5,0.125,0.375,57.012078474372444,77.60314341846758,386,10,48.88484079853823,53.208906352324824,726,16,57.04718222995426,78.42174197773411,352,10,52.424553768785806,61.55861165684349,601,19
686,197,111,"Sanchez, Edwin",835958.0,LAK_ERI24,Four-Seam,R,135,177,55.320118217680125,73.5052754982415,38.79944709665183,10.011376564277588,-0.0017111913770672,0.0,50.36391688137164,50.36391688137164,55.14079895219385,0.4639234657828961,-0.0017111913770672,0.2008511655666575,227,38,37,28,7,3,4,30,0.25,0.08108108108108109,0.10810810810810811,0.8108108108108109,31.130522564013468,1.2442698100851344,1509,251,53.53283483417195,69.25343811394892,490,55,58.63200434467827,83.23510150622135,257,30,24.89683985839379,0.3929273084479371,1522,252
687,93,52,"Pierson, Kenny",1000055344.0,LAK_ERI24,Changeup,L,95,277,51.91733683564316,60.375146541617816,46.73708631732715,42.207053469852106,0.0028493865879506,0.0,50.363261680148355,50.363261680148355,55.075311067452525,0.1671950722652666,0.0028493865879506,0.2404937997545159,339,52,25,18,2,16,5,4,0.1111111111111111,0.64,0.2,0.16,65.66152748183434,93.77865094957433,96,8,44.0646988356588,30.648330058939095,1059,70,50.010572040579646,48.16633922724296,801,67,66.00489263124587,94.53176162409954,84,6
688,198,112,"Serrano, Elio",665939.0,NEW_JER6,Four-Seam,R,190,427,46.23710798006783,36.5767878077374,59.868206355057296,84.01592718998863,0.0103938837659141,0.0052806455792667,50.32643749256467,50.32643749256467,55.0098231827112,-0.3281306609789844,0.0103938837659141,0.2347399919758464,542,152,57,50,11,12,14,31,0.22,0.21052631578947367,0.24561403508771928,0.543859649122807,39.127879398793326,13.097576948264573,1326,197,51.487717458493115,62.47544204322201,574,71,45.730996252889824,31.041257367387033,1054,181,41.7586409535122,20.268500327439423,1218,169
689,28,14,"Smith, Jackson",1000333915.0,MIS_MUD,Cutter,L,42,97,53.324638702191486,66.00234466588512,43.322976174013554,25.65415244596132,0.000887806443418,0.0006277207278992,50.3241399437381,50.3241399437381,54.94433529796987,0.2899142173327859,0.000887806443418,0.2186583761047753,291,17,19,13,3,7,4,8,0.23076923076923078,0.3684210526315789,0.21052631578947367,0.42105263157894735,48.88289707638193,48.23182711198428,792,19,52.22186215745475,65.38965291421087,533,7,49.02297762803584,44.46627373935822,853,17,49.51566845552937,49.60707269155206,775,20
690,94,53,"Moreno, Jose",1000306184.0,DOW_EAS1,Changeup,L,49,93,49.48517778893063,49.47245017584994,52.23312873362298,63.53811149032992,0.0060071428479322,0.0,50.309563072338335,50.309563072338335,54.87884741322855,-0.0448933829379169,0.0060071428479322,0.2305931960968368,432,66,14,13,4,7,2,5,0.3076923076923077,0.5,0.14285714285714285,0.35714285714285715,57.012078474372444,77.60314341846758,327,37,57.46575286432357,79.99345121152587,305,13,55.37179885153173,72.59332023575638,418,39,53.55248889025259,65.4551407989522,530,51
691,196,74,"Morgan, Marcus",808861.0,JOL_SLA,Slider,L,42,66,56.70396695094889,76.90504103165298,35.35793526060453,4.550625711035267,-0.0036885151895358,0.0,50.30015744384558,50.30015744384558,54.813359528487226,0.5845974572599615,-0.0036885151895358,0.2136612586024107,198,69,10,10,3,2,4,4,0.3,0.2,0.4,0.4,38.47754488695408,11.100196463654225,1372,132,56.94136379363668,78.68369351669942,333,58,31.246278202247336,3.9292730844793713,1475,136,50.845444598732314,55.10805500982319,709,73
692,199,113,"Alpern, Liam",1000137537.0,FLO_Y'A,Four-Seam,R,178,264,53.94780090606674,68.69871043376318,41.76301484954566,18.88509670079636,-8.470780182392908e-06,0.0,50.29236508911041,50.29236508911041,54.7478716437459,0.3442550341225256,-8.470780182392908e-06,0.2161898920266602,268,52,49,46,7,11,8,30,0.15217391304347827,0.22448979591836735,0.16326530612244897,0.6122448979591837,39.990568036947415,16.208251473477407,1281,186,46.86397382652356,44.531761624099545,849,121,53.457074990477416,65.52062868369352,528,79,37.439130012155694,9.921414538310412,1377,216
693,197,123,"Gordillo, Lucas",808851.0,TRI_VAL,Slider,R,39,58,55.04674582080733,72.45017584994137,39.18860425835517,10.978384527872583,-0.0014876007694253,0.0,50.28930335207168,50.28930335207168,54.68238375900458,0.4400849222360373,-0.0014876007694253,0.2537231090415441,236,78,17,13,1,3,5,9,0.07692307692307693,0.17647058823529413,0.29411764705882354,0.5294117647058824,37.02385597813695,7.531106745252128,1415,164,41.7340807437171,20.13752455795678,1227,159,41.18031611665856,17.026850032743944,1272,148,42.671232424337745,23.64112639161755,1170,137
694,198,75,"Campbell, AJ",1000132168.0,WIN_CIT29,Slider,L,142,373,54.37067477619415,69.87104337631888,40.74640316319263,15.699658703071671,-0.0005925659660261,0.0,50.283393292293695,50.283393292293695,54.616895874263264,0.3811303634651279,-0.0005925659660261,0.221085227187095,258,84,40,33,10,11,10,19,0.30303030303030304,0.275,0.25,0.475,43.11117828380867,26.751800916830387,1120,107,57.14794130633152,79.40406024885395,317,54,45.319498580996566,28.127046496398165,1126,105,46.108117088571824,35.13425016371971,993,91
695,78,42,"Kelly, Colin",1000456530.0,SUS_COU1,Sinker,L,43,96,54.47861827677175,70.33997655334115,40.47595781237875,14.732650739476677,-0.0007479505927865,0.0,50.277820137453844,50.277820137453844,54.55140798952194,0.390543222512184,-0.0007479505927865,0.1889134572798868,254,24,10,11,0,4,3,3,0.0,0.4,0.3,0.3,50.83390061189966,55.664702030124424,692,67,36.49019003684828,5.50098231827112,1491,124,40.62842512141349,15.553372626064178,1296,110,57.1618812789463,76.85003274394238,360,40
696,79,43,"Benitez, Jorge",1000561771.0,NEW_JER6,Sinker,L,56,117,52.39212502877042,62.48534583821805,45.305411138011166,35.551763367463025,0.0020268162878487,0.0,50.26611086154264,50.26611086154264,54.48592010478062,0.2085974199304749,0.0020268162878487,0.2215834950478289,321,37,13,13,5,8,1,4,0.38461538461538464,0.6153846153846154,0.07692307692307693,0.3076923076923077,64.14074523876413,91.74852652259332,128,10,62.70964357119239,88.1139489194499,184,6,61.55782978724568,88.73608382449247,177,10,56.67600153431445,75.44204322200393,377,41
697,80,37,"Cook, Cole",1000161363.0,SCH_BOO,Sinker,R,65,118,51.67242063357462,58.73388042203986,46.97619231224035,43.57224118316269,0.0029867651587559,0.0011525620415936,50.26355213717433,50.26355213717433,54.420432220039295,0.1458379578852849,0.0029867651587559,0.2248995086095501,353,43,25,19,2,8,6,11,0.10526315789473684,0.32,0.24,0.44,45.89135832192142,36.444007858546165,972,103,43.66604047782667,28.454485920104784,1095,62,46.257713272913186,32.31827111984283,1034,88,48.31886992664672,44.72822527832351,844,94
698,200,87,"Almonte, Lisandro",1000570068.0,NEW_JER6,Four-Seam,L,126,210,51.96980963009681,60.844079718640096,46.27148358552283,40.21615472127418,0.0025818741072135,0.0,50.26031181672462,50.26031181672462,54.35494433529797,0.1717707902599071,0.0025818741072135,0.2092177122112531,335,76,40,28,3,7,10,23,0.10714285714285714,0.175,0.25,0.575,36.93300042133588,7.269155206286837,1417,214,43.79418066427271,29.10936476751801,1082,156,45.319498580996566,28.127046496398165,1102,173,39.79168040835785,14.931237721021612,1300,193
699,201,88,"Eldred, Zach",1000227712.0,NEW_ENG23,Four-Seam,L,326,531,47.85200757589446,43.259085580304806,55.85149664709584,74.00455062571105,0.008086079483466,0.0033938120532318,50.25185429725488,50.25185429725488,54.28945645055665,-0.1873086365928463,0.008086079483466,0.2450909187754998,485,128,119,88,11,38,19,62,0.125,0.31932773109243695,0.15966386554621848,0.5210084033613446,45.84982435309808,36.28028814669286,974,103,45.01151243551012,35.59266535690897,972,138,53.794967436545825,66.4702030124427,513,60,43.20202542267505,25.081859855926652,1145,148
700,82,46,"Cooper, Garrett",1000327042.0,NEW_YOR13,Curveball,R,81,161,50.53618241920237,54.630715123094966,49.58261789511685,54.152445961319685,0.0044842893911201,0.0,50.250113061976705,50.250113061976705,54.223968565815326,0.0467560298531675,0.0044842893911201,0.2322779652425438,388,51,21,23,3,13,3,5,0.13043478260869565,0.6190476190476191,0.14285714285714285,0.23809523809523808,64.36705212017338,91.91224623444663,125,13,45.3820047137128,37.88474132285527,948,61,55.37179885153173,72.59332023575638,426,27,61.07205636669781,86.60772757039948,206,22
701,81,44,"Hagan, Jack",699522.0,DOW_EAS1,Sinker,L,143,265,51.47470796889369,57.79601406799532,47.37886800239824,45.39249146757679,0.0032181228494405,0.0,50.24595597894505,50.24595597894505,54.158480681074,0.1285970732141277,0.0032181228494405,0.2249798007686088,361,45,52,38,3,19,12,21,0.07894736842105263,0.36538461538461536,0.23076923076923078,0.40384615384615385,48.69530058258215,47.87164374590701,797,74,41.87207786758207,20.792403405370006,1210,87,47.123757603913134,35.52717747216765,988,83,50.60250472641639,53.37262606417813,713,71
702,202,114,"Good, Ty",688612.0,GAT_GRI,Four-Seam,R,273,442,50.45776388166647,54.04454865181712,49.749274465799374,54.83503981797497,0.0045800420781408,0.0,50.24521705690634,50.24521705690634,54.09299279633268,0.0399177984029,0.0045800420781408,0.2153074731931688,393,97,86,62,8,27,12,47,0.12903225806451613,0.313953488372093,0.13953488372093023,0.5465116279069767,45.517794079074235,35.42894564505566,987,107,45.28639380320889,37.55730189914866,954,145,55.68349808472662,74.49246889325475,390,54,41.591130392837414,19.351669941060905,1233,172
703,203,115,"Parenteau, Matt",1000091037.0,EVA_OTT,Four-Seam,R,38,66,45.48803763018123,32.708089097303635,61.26417158415165,86.51877133105802,0.0111959368810464,0.0,50.22087781637235,50.22087781637235,54.02750491159135,-0.3934508848190719,0.0111959368810464,0.2331404655004831,575,161,10,12,3,3,1,6,0.25,0.3,0.1,0.6,44.655722749426864,31.761624099541585,1039,124,53.53283483417195,69.25343811394892,452,51,59.39271895974579,84.67583497053045,227,27,38.21257123830435,11.42763588736084,1344,207
704,82,45,"Kostura, Brit",1000146015.0,WAS_WIL3,Sinker,L,35,133,49.82499646783368,50.64478311840562,50.949761616446,59.27189988623436,0.0052697830822753,0.0,50.16242601241737,50.16242601241737,53.96201702685003,-0.0152606092280103,0.0052697830822753,0.2332811585589743,422,52,15,13,1,11,3,1,0.07692307692307693,0.7333333333333333,0.2,0.06666666666666667,71.42782682014229,97.05304518664047,46,3,41.7340807437171,20.13752455795678,1217,88,50.010572040579646,48.16633922724296,792,59,71.90023353277891,97.77341191879503,35,2
705,83,47,"Floyd, Conner",1000161370.0,QUE_CAP,Curveball,R,31,58,49.878464222410216,51.1137162954279,50.81875013774691,58.64618885096701,0.0051945103158634,0.0,50.160549997011216,50.160549997011216,53.896529142108704,-0.0105981289980896,0.0051945103158634,0.2517003831227823,418,55,10,8,1,3,3,4,0.125,0.3,0.3,0.4,44.655722749426864,31.761624099541585,1045,75,45.01151243551012,35.59266535690897,981,63,40.62842512141349,15.553372626064178,1290,71,50.845444598732314,55.10805500982319,681,63
706,199,76,"Rodriguez, Leonardo",673164.0,NEW_JER6,Slider,L,29,68,55.0651668215716,72.56740914419694,38.64402419652202,9.55631399317406,-0.0018004897482687,0.0,50.138824034056725,50.138824034056725,53.83104125736738,0.4416912652096479,-0.0018004897482687,0.2183715206428632,235,77,6,6,2,4,0,2,0.3333333333333333,0.6666666666666666,0.0,0.3333333333333333,67.30904157849375,94.8264571054355,90,9,59.21371643327984,83.00589390962672,283,48,68.77486587891195,96.29993451211526,100,15,55.05640238554163,70.43222003929273,482,48
707,84,37,"Helt, Robert",836007.0,LAK_ERI24,Curveball,L,90,159,53.67423794162347,67.1746776084408,41.81857227592926,19.283276450511945,2.3449790596157756e-05,0.0,50.117538241915206,50.117538241915206,53.765553372626066,0.3203998727555088,2.3449790596157756e-05,0.2547573391789499,281,41,15,24,9,7,2,6,0.375,0.4666666666666667,0.13333333333333333,0.4,54.95268585354818,71.67648984937787,435,37,62.05415723283379,87.06614276358874,203,28,56.26533665335708,75.8022265880812,374,22,50.845444598732314,55.10805500982319,699,51
708,204,89,"Garcia, Andrew",1000190083.0,EVA_OTT,Four-Seam,L,114,246,47.286166876649446,41.031652989449,56.71476737820272,76.39362912400455,0.0085820724814693,0.0006114778933871,50.11474702711543,50.11474702711543,53.70006548788474,-0.2366509195147536,0.0085820724814693,0.2522332419746221,504,136,19,24,4,7,4,8,0.16666666666666666,0.3684210526315789,0.21052631578947367,0.42105263157894735,48.88289707638193,48.23182711198428,789,68,47.85195323506406,49.08316961362148,761,95,49.02297762803584,44.46627373935822,844,121,49.51566845552937,49.60707269155206,767,75
709,205,116,"Garcia, Hector",815312.0,WAS_WIL3,Four-Seam,R,96,199,45.1918015144452,32.00468933177022,61.5119316009807,87.3151308304892,0.0113382876281577,0.0137600156980082,50.08784054040585,50.08784054040585,53.63457760314342,-0.4192831840047564,0.0113382876281577,0.2535912600595626,581,165,27,34,14,9,4,14,0.4117647058823529,0.3333333333333333,0.14814814814814814,0.5185185185185185,46.71511537025113,39.91486574983628,890,90,64.56042852655786,90.17681728880157,151,12,54.87538896162876,70.17026850032744,453,66,43.35929742218241,25.343811394891947,1140,148
710,200,77,"Linderman, Greyson",1000124562.0,JOL_SLA,Slider,L,36,66,50.45046118295653,53.92731535756155,49.175124748917305,52.33219567690558,0.0042501638266056,0.0,50.06786025274476,50.06786025274476,53.5690897184021,0.0392809905056947,0.0042501638266056,0.2706389666603796,394,110,5,6,3,2,0,3,0.5,0.4,0.0,0.6,50.83390061189966,55.664702030124424,670,64,70.57547963149563,95.87426326129666,64,10,68.77486587891195,96.29993451211526,50,6,38.21257123830435,11.42763588736084,1351,126
711,201,78,"Kaminer, Brandon",690510.0,DOW_EAS1,Slider,L,45,133,48.29659889179508,44.66588511137163,54.1905966541068,69.85210466439136,0.0071318078543909,0.0043621210927239,50.0647982204886,50.0647982204886,53.503601833660774,-0.1485395085978801,0.0071318078543909,0.2369339326216542,473,127,15,18,3,4,5,6,0.16666666666666666,0.26666666666666666,0.3333333333333333,0.4,42.5963301286026,24.72167648984938,1149,112,47.85195323506406,49.08316961362148,765,107,37.501042815024775,10.31434184675835,1356,122,50.845444598732314,55.10805500982319,673,69
712,206,117,"Catrambone, Ben",1000565186.0,JOL_SLA,Four-Seam,R,99,174,48.92876080625515,47.127784290738575,52.69214703751594,65.18771331058021,0.0062708722395152,0.0,50.057776675633384,50.057776675633384,53.43811394891945,-0.0934139015544808,0.0062708722395152,0.2278655517079721,452,117,32,22,3,8,5,19,0.13636363636363635,0.25,0.15625,0.59375,41.566633818190475,21.31630648330059,1193,166,45.786178108115735,39.45645055664702,925,137,54.11526131771484,67.3215455140799,501,75,38.607348530817724,12.639161755075312,1335,202
713,85,38,"Sanchez, Edwin",835958.0,LAK_ERI24,Curveball,L,44,97,50.48725375044496,54.279015240328256,48.947344021754816,51.478953356086464,0.0041192921988743,0.0,50.02528083183792,50.02528083183792,53.37262606417813,0.0424893657195313,0.0041192921988743,0.2221545047177259,391,52,9,8,3,2,1,6,0.375,0.2222222222222222,0.1111111111111111,0.6666666666666666,39.850473300836924,15.160445317616242,1296,67,62.05415723283379,87.06614276358874,196,27,58.35025819094956,82.31827111984283,271,13,34.001613451495025,4.715127701375246,1456,73
714,202,79,"Hagan, Jack",699522.0,DOW_EAS1,Slider,L,81,210,57.903276438091694,80.30480656506448,31.61609325359708,1.8202502844141069,-0.0058383939798551,0.0,50.017121482743306,50.017121482743306,53.307138179436805,0.68917930883848,-0.0058383939798551,0.2282091850755779,169,56,23,22,4,10,4,9,0.18181818181818182,0.43478260869565216,0.17391304347826086,0.391304347826087,52.98283204232497,65.35690897184021,531,55,48.88484079853823,53.208906352324824,730,105,52.45808862818821,59.82318271119843,617,67,51.394699962229176,57.59659462999345,650,68
715,207,90,"Vega, Lucas",837223.0,TRO_AIG,Four-Seam,L,74,124,50.63759630249054,55.2168815943728,48.56434350711649,50.2844141069397,0.0038992388985051,-0.0004928371728836,50.01562046387833,50.01562046387833,53.24165029469549,0.0555994950335461,0.0038992388985051,0.2257923210276925,383,94,22,23,6,9,4,9,0.2608695652173913,0.4090909090909091,0.18181818181818182,0.4090909090909091,51.39555314485173,58.08775376555337,641,48,54.27381939057733,71.90569744597249,430,37,51.71641693497349,55.95939751146039,675,85,50.27122308234922,52.554027504911595,726,62
716,83,38,"Traver, Eliott",1000124995.0,LAK_ERI24,Sinker,R,57,65,49.69202834322592,50.058616647127785,50.76055984392479,58.418657565415245,0.0051610770286599,0.0038598852717747,50.012587793435586,50.012587793435586,53.17616240995415,-0.0268556585638848,0.0051610770286599,0.2040840900508712,427,53,13,13,1,3,5,5,0.07692307692307693,0.23076923076923078,0.38461538461538464,0.38461538461538464,40.37852269079186,17.25605762933857,1266,121,41.7340807437171,20.13752455795678,1218,79,32.68968542058059,4.846103470857891,1454,125,51.817204087996004,59.13555992141454,626,79
717,86,48,"Bauer, Patrick",10998513.0,QUE_CAP,Curveball,R,36,75,51.82441681037306,59.78898007033998,45.77202778093053,37.65642775881683,0.0022949113121559,0.0,50.0087001015403,50.0087001015403,53.11067452521283,0.1590922861240341,0.0022949113121559,0.2571903977174251,344,47,8,11,4,4,1,3,0.36363636363636365,0.5,0.125,0.375,57.012078474372444,77.60314341846758,356,42,61.279491560228166,86.18205631958088,214,26,57.04718222995426,78.42174197773411,336,24,52.424553768785806,61.55861165684349,590,59
718,208,91,"Woolfolk, Dallas",663762.0,MIS_MUD,Four-Seam,L,84,194,51.675959638755465,58.96834701055099,46.0884593909739,39.07849829351536,0.0024767173867429,0.0,49.999709564420996,49.999709564420996,53.045186640471506,0.1461465652285329,0.0024767173867429,0.2179503387473997,351,83,33,20,2,8,8,17,0.1,0.24242424242424243,0.24242424242424243,0.5151515151515151,41.098590040730414,19.22069417157826,1235,164,43.307247955777754,26.39161755075311,1125,168,46.030267286994004,31.696136214800262,1045,160,43.57197205787985,26.064178127046496,1130,145
719,29,15,"MacMillan, Blake",832350.0,TRO_AIG,Cutter,L,61,144,54.131974138832746,69.05041031652989,40.31386546434176,14.334470989761092,-0.0008410809014594,0.0,49.98654153648545,49.98654153648545,52.97969875573018,0.3603152570260879,-0.0008410809014594,0.213685561680998,265,16,19,15,5,4,4,11,0.3333333333333333,0.21052631578947367,0.21052631578947367,0.5789473684210527,39.127879398793326,13.097576948264573,1329,30,59.21371643327984,83.00589390962672,279,3,49.02297762803584,44.46627373935822,855,18,39.54234738150729,14.440078585461691,1309,28
720,203,124,"Majick, Eli",828663.0,NEW_ENG23,Slider,R,145,214,52.55829682641191,63.18874560375146,43.88113729642019,28.782707622298062,0.0012084984331908,0.0,49.955148967414395,49.955148967414395,52.91421087098887,0.2230878867063861,0.0012084984331908,0.23861070192688,315,95,37,27,5,13,9,15,0.18518518518518517,0.35135135135135137,0.24324324324324326,0.40540540540540543,47.828300570696676,44.95743287491814,843,104,49.11437136819915,54.420432220039295,699,120,45.95342742688617,31.43418467583497,1049,123,50.50401558899102,53.307138179436805,714,80
721,95,54,"Henderson, Drew",1000429021.0,DOW_EAS1,Changeup,L,100,144,46.93222884387711,39.85932004689332,57.00845420405841,77.0193401592719,0.0087508105192381,0.0003932115161508,49.9550964519315,49.9550964519315,52.848722986247544,-0.267514925184861,0.0087508105192381,0.2467043231780351,514,79,34,33,6,14,10,10,0.18181818181818182,0.4117647058823529,0.29411764705882354,0.29411764705882354,51.560745066308215,58.808120497707925,628,70,48.88484079853823,53.208906352324824,706,48,41.18031611665856,17.026850032743944,1266,96,57.53343637778241,78.12704649639817,334,34
722,84,46,"Martzolf, Max",10998500.0,JOL_SLA,Sinker,L,106,241,52.436431884402914,62.83704572098476,44.14982773199232,29.69283276450512,0.0013628747717739,0.0,49.95045063867973,49.95045063867973,52.78323510150622,0.2124610540043678,0.0013628747717739,0.2360337349653428,318,35,26,26,4,9,6,11,0.15384615384615385,0.34615384615384615,0.23076923076923078,0.4230769230769231,47.507189455183536,43.94237066142764,857,77,46.977971450585926,45.2521283562541,841,46,47.123757603913134,35.52717747216765,993,84,49.38780536483678,49.115913555992144,778,74
723,204,125,"Walsh, John",1000208173.0,MIS_MUD,Slider,R,25,67,58.95036595674699,83.47010550996484,28.947777065090754,0.7963594994311717,-0.0073714775169987,-0.0054087310230636,49.94958928925011,49.94958928925011,52.7177472167649,0.7804873171577632,-0.0073714775169987,0.213439295829853,142,46,9,6,0,4,3,2,0.0,0.4444444444444444,0.3333333333333333,0.2222222222222222,53.579757439665336,67.3215455140799,513,54,36.49019003684828,5.50098231827112,1525,177,37.501042815024775,10.31434184675835,1402,167,62.07466536355717,88.37590045841519,190,21
724,96,55,"Thompson, Ross",1000103401.0,SCH_BOO,Changeup,L,76,85,47.47932861535854,41.85228604923799,55.49176947392306,73.6632536973834,0.0078793979029884,0.0001120368118691,49.8830608729279,49.8830608729279,52.652259332023576,-0.2198068834215761,0.0078793979029884,0.2555104996495956,497,77,13,20,9,3,3,7,0.45,0.23076923076923078,0.23076923076923078,0.5384615384615384,40.37852269079186,17.25605762933857,1264,102,67.1669506720309,93.25474787164374,104,5,47.123757603913134,35.52717747216765,979,76,42.09960919535911,21.28356254092993,1201,96
725,209,92,"Albert, Wes",670784.0,TRI_VAL,Four-Seam,L,71,125,53.04173085591509,64.947245017585,42.48619592131033,22.63936291240045,0.0004070335743135,0.0,49.87507037553366,49.87507037553366,52.58677144728225,0.2652441661851346,0.0004070335743135,0.1927850158328632,300,62,19,18,5,6,2,11,0.2777777777777778,0.3157894736842105,0.10526315789473684,0.5789473684210527,45.63122451718573,35.72364112639162,985,107,55.426462033874586,75.2128356254093,383,31,58.89892175347389,83.66077275703995,251,25,39.54234738150729,14.440078585461691,1307,195
726,210,118,"Ferguson, Francis",823799.0,QUE_CAP,Four-Seam,R,78,129,50.75722882639084,55.56858147713951,47.72364771983402,46.35949943117178,0.003416216355382,0.0,49.8471544944238,49.8471544944238,52.52128356254093,0.0660316570339582,0.003416216355382,0.2309246652454881,380,93,32,16,2,8,6,18,0.125,0.25,0.1875,0.5625,41.566633818190475,21.31630648330059,1208,169,45.01151243551012,35.59266535690897,991,157,51.18334040547541,53.798297314996724,707,107,40.58123499338459,16.830386378519975,1273,184
727,205,126,"Petery, Dylan",10998503.0,WIN_CIT29,Slider,R,31,54,46.29771951407066,36.928487690504106,58.10820038148637,79.86348122866895,0.009382670703917,0.0,49.840863774295364,49.840863774295364,52.455795677799614,-0.3228452308869302,0.009382670703917,0.2311520920736451,539,146,9,9,1,2,1,6,0.1111111111111111,0.2222222222222222,0.1111111111111111,0.6666666666666666,39.850473300836924,15.160445317616242,1288,156,44.0646988356588,30.648330058939095,1045,151,58.35025819094956,82.31827111984283,263,34,34.001613451495025,4.715127701375246,1449,169
728,211,119,"Rodriguez, Luis",693543.0,TRO_AIG,Four-Seam,R,99,276,48.37544928071695,45.1348182883939,53.22390195236343,66.83731513083049,0.006576392518281,0.0,49.82998508221089,49.82998508221089,52.39030779305829,-0.1416636189634361,0.006576392518281,0.2547325258006361,469,126,17,25,4,3,3,11,0.16,0.17647058823529413,0.17647058823529413,0.6470588235294118,37.02385597813695,7.531106745252128,1414,227,47.39748270713543,46.79109364767518,815,114,52.218136021559914,58.51342501637197,628,93,35.240130447615414,6.286836935166994,1432,230
729,212,120,"Dill, Austin",1000429156.0,TRI_VAL,Four-Seam,R,73,113,49.14873260897557,48.30011723329425,51.36754470921262,60.52332195676906,0.0055098207451191,0.0,49.81437623904668,49.81437623904668,52.32481990831697,-0.0742319817329569,0.0055098207451191,0.2206883518667296,442,112,27,18,2,4,7,16,0.1111111111111111,0.14814814814814814,0.25925925925925924,0.5925925925925926,35.27404525456078,4.5841519318926,1458,235,44.0646988356588,30.648330058939095,1050,171,44.450781273666365,24.787164374590702,1148,192,38.68045543683872,12.802881466928618,1333,200
730,87,49,"Serrano, Elio",665939.0,NEW_JER6,Curveball,R,37,79,50.30854795529979,53.106682297772565,48.59572734704455,50.51194539249146,0.0039172705127992,0.0,49.79470177282321,49.79470177282321,52.25933202357563,0.0269059127872789,0.0039172705127992,0.2767721840754866,401,54,6,8,3,1,2,3,0.375,0.16666666666666666,0.3333333333333333,0.5,36.418152266129816,6.221349050425671,1433,84,62.05415723283379,87.06614276358874,197,24,37.501042815024775,10.31434184675835,1369,75,44.52900791851833,29.3713163064833,1084,78
731,88,50,"Campbell, AJ",1000132168.0,WIN_CIT29,Curveball,R,39,62,52.703740331805946,63.89214536928488,42.96370467663392,24.45961319681456,0.0006813866718893,0.0,49.78172963525434,49.78172963525434,52.19384413883431,0.2357708107199496,0.0006813866718893,0.2090506797451128,309,44,9,9,1,2,0,7,0.1111111111111111,0.2222222222222222,0.0,0.7777777777777778,39.850473300836924,15.160445317616242,1303,81,44.0646988356588,30.648330058939095,1076,68,68.77486587891195,96.29993451211526,79,8,26.98335047347949,0.7531106745252129,1517,85
732,89,51,"Noriega, Branden",804447.0,LAK_ERI24,Curveball,R,78,120,53.92586076182244,68.46424384525204,39.99128436259047,13.253697383390218,-0.0010264201722021,0.0,49.745487842052846,49.745487842052846,52.12835625409299,0.3423418157801651,-0.0010264201722021,0.2561319989679848,270,40,8,17,10,3,3,2,0.5882352941176471,0.375,0.375,0.25,49.289356146281456,49.574328749181404,779,63,76.59053073643338,98.46103470857891,25,4,33.59181493203887,5.599214145383105,1448,79,60.32009961905328,84.61034708578913,253,30
733,85,39,"Martinez, Mason",809209.0,TRI_VAL,Sinker,R,175,347,53.69551222561059,67.29191090269636,40.48929887055365,14.846416382252558,-0.0007402854754574,0.0,49.73364821909351,49.73364821909351,52.06286836935167,0.3222550269373383,-0.0007402854754574,0.2317366465689531,280,29,47,50,4,27,6,14,0.08,0.574468085106383,0.1276595744680851,0.2978723404255319,61.612849223022394,88.04846103470858,184,28,41.94383637199186,20.988867059593975,1209,77,56.79765704593388,76.75180091683038,356,35,57.296273548738085,77.53765553372625,344,48
734,86,40,"McEvoy, Aidan",1000079355.0,FLO_Y'A,Sinker,R,136,186,52.43298456337741,62.71981242672919,43.39985577232733,26.052332195676907,0.0009319776878247,0.0,49.72304592606238,49.72304592606238,51.997380484610346,0.2121604416772765,0.0009319776878247,0.2216384016442685,319,36,49,29,7,11,10,28,0.2413793103448276,0.22448979591836735,0.20408163265306123,0.5714285714285714,39.990568036947415,16.208251473477407,1280,123,52.94515742736769,67.35428945645056,501,17,49.627627268368784,46.037982973149965,825,71,40.0172674326512,15.520628683693516,1298,120
735,97,56,"Morel, Yohanse",678353.0,OTT_TIT,Changeup,L,55,103,45.757951487282014,34.34935521688159,58.896309681034126,81.85437997724688,0.0098354796318135,0.006456848805954,49.69945894540764,49.69945894540764,51.93189259986902,-0.3699139318933104,0.0098354796318135,0.2594218581860558,561,87,5,9,5,4,0,1,0.5555555555555556,0.8,0.0,0.2,75.54661206179081,98.5592665356909,21,1,74.36273403090088,97.77341191879503,33,3,68.77486587891195,96.29993451211526,20,2,63.47831795916028,90.9954158480681,130,11
736,213,93,"Darden, Nathan",1000439869.0,FLO_Y'A,Four-Seam,L,74,151,51.7458606677869,59.3200468933177,44.85890077349882,33.105802047781566,0.00177027334442,-0.0005933789770893,49.67977269950047,49.67977269950047,51.8664047151277,0.1522420552765331,0.00177027334442,0.2449052418408118,348,81,29,18,2,10,5,14,0.1111111111111111,0.3448275862068966,0.1724137931034483,0.4827586206896552,47.42525075674226,43.614931237721024,864,82,44.0646988356588,30.648330058939095,1064,155,52.59875050103927,60.37982973149967,609,73,45.61804872545177,33.628028814669285,1015,126
737,87,41,"Gilleran, Jimmy",10103730.0,NEW_ENG23,Sinker,R,86,187,47.650008612145854,42.67291910902696,54.40228595310106,70.59158134243458,0.0072534341371663,0.0061254472279157,49.67569181443241,49.67569181443241,51.80091683038638,-0.2049232939204556,0.0072534341371663,0.2397638516194057,490,64,27,25,5,11,6,10,0.2,0.4074074074074074,0.2222222222222222,0.37037037037037035,51.29154341652727,57.629338572364105,647,80,50.12430587470722,58.08775376555337,633,23,47.92565050298717,38.83431565160445,926,81,52.71698139286979,62.835625409299276,567,72
738,206,127,"Estrella, Noah",805762.0,TRI_VAL,Slider,R,61,146,46.53165912274791,38.10082063305979,56.98212076152133,76.90557451649602,0.0087356806154419,0.0,49.66679761437993,49.66679761437993,51.735428945645054,-0.3024452943440218,0.0087356806154419,0.2266510566180211,529,144,14,18,5,6,2,6,0.2777777777777778,0.42857142857142855,0.14285714285714285,0.42857142857142855,52.59909428689188,63.78519973804846,547,63,55.426462033874586,75.2128356254093,380,73,55.37179885153173,72.59332023575638,408,55,49.04074840438546,47.511460379829735,791,92
739,88,42,"Daly, Ryan",831333.0,JOL_SLA,Sinker,R,66,133,52.23650264078825,62.36811254396248,43.6608007829279,27.531285551763368,0.0010819038853176,0.0,49.663792083430145,49.663792083430145,51.66994106090373,0.1950268798349242,0.0010819038853176,0.2203561053233659,322,38,19,16,3,8,4,7,0.1875,0.42105263157894735,0.21052631578947367,0.3684210526315789,52.13456963557814,61.55861165684349,590,74,49.27217363484103,54.91159135559921,692,29,49.02297762803584,44.46627373935822,852,74,52.84010881353673,63.261296660117885,564,71
740,214,121,"Kirby, Zach",813716.0,WAS_WIL3,Four-Seam,R,187,350,51.18111286083894,57.0926143024619,46.05104654821989,38.68031854379977,0.0024552218032918,-0.0007353852471701,49.642092967053216,49.642092967053216,51.604453176162416,0.1029950744440594,0.0024552218032918,0.2311216224140236,367,88,68,51,7,21,13,34,0.13725490196078433,0.3088235294117647,0.19117647058823528,0.5,45.20085609023329,34.18467583497053,1006,110,45.846936200084805,39.620170268500324,923,136,50.83840853344725,52.06286836935167,733,110,44.52900791851833,29.3713163064833,1093,136
741,89,47,"Cook, Avery",690004.0,WIN_CIT29,Sinker,L,56,113,50.42243159920517,53.81008206330598,47.79940559625985,46.58703071672355,0.0034597431134393,0.0,49.63552379832157,49.63552379832157,51.53896529142109,0.036836762556931,0.0034597431134393,0.2383509248657857,395,48,13,11,0,7,1,5,0.0,0.5384615384615384,0.07692307692307693,0.38461538461538464,59.38830072916967,83.9554682383759,249,23,36.49019003684828,5.50098231827112,1441,118,61.55782978724568,88.73608382449247,175,8,51.817204087996004,59.13555992141454,629,61
742,90,48,"McEvoy, Aidan",1000079355.0,FLO_Y'A,Sinker,L,50,186,52.43298456337741,62.71981242672919,43.00014831222976,24.630261660978384,0.0007023253964701,0.0,49.60313368803311,49.60313368803311,51.47347740667977,0.2121604416772765,0.0007023253964701,0.2216384016442685,319,36,14,16,4,7,3,4,0.25,0.5,0.21428571428571427,0.2857142857142857,57.012078474372444,77.60314341846758,369,35,53.53283483417195,69.25343811394892,482,19,48.67026533784162,42.403405370006546,885,73,58.06422937611972,79.56777996070727,317,31
743,215,94,"Martinez, Gregory",1000051547.0,DOW_EAS1,Four-Seam,L,53,83,51.25677095068552,57.209847596717466,45.70408256017383,37.14448236632537,0.0022558733226483,0.0,49.59096443353201,49.59096443353201,51.40798952193845,0.1095925901044241,0.0022558733226483,0.2318220785869593,366,87,12,12,4,2,3,7,0.3333333333333333,0.16666666666666666,0.25,0.5833333333333334,36.418152266129816,6.221349050425671,1438,222,59.21371643327984,83.00589390962672,265,18,45.319498580996566,28.127046496398165,1108,175,39.265310685006675,13.948919449901767,1316,197
744,207,80,"Castro, Alexander",669418.0,TRO_AIG,Slider,L,55,126,50.20504483958288,52.637749120750286,48.117244852221546,48.4641638225256,0.0036423579522923,0.0,49.57870484337448,49.57870484337448,51.34250163719712,0.0178802629430444,0.0036423579522923,0.2527365385321583,405,113,13,17,8,5,3,5,0.47058823529411764,0.38461538461538464,0.23076923076923078,0.38461538461538464,49.88341170998077,52.030124426981004,738,71,68.57046259651636,94.5645055664702,84,16,47.123757603913134,35.52717747216765,987,90,51.817204087996004,59.13555992141454,627,66
745,216,122,"Hohenstein, Liam",1000116556.0,WIN_CIT29,Four-Seam,R,62,175,43.12572757782876,22.626025791324736,64.63135985943693,91.6382252559727,0.0131305580228506,0.0180520684605433,49.577417262311215,49.577417262311215,51.277013752455794,-0.5994483874871644,0.0131305580228506,0.2540401206166697,661,195,16,16,1,3,4,9,0.0625,0.1875,0.25,0.5625,37.705272654144984,9.037328094302556,1384,217,40.7508512361792,16.30648330058939,1274,213,45.319498580996566,28.127046496398165,1062,182,40.58123499338459,16.830386378519975,1266,182
746,208,81,"Snyder, Jack",801389.0,SCH_BOO,Slider,L,25,65,49.79215973151128,50.52754982415005,49.03654333987144,51.877133105802045,0.0041705417497027,0.0,49.565474814019325,49.565474814019325,51.21152586771447,-0.0181240291552338,0.0041705417497027,0.227814970078377,423,119,11,9,0,5,1,5,0.0,0.45454545454545453,0.09090909090909091,0.45454545454545453,54.20381580961208,69.44990176817288,468,52,36.49019003684828,5.50098231827112,1432,136,60.245641406942724,86.4112639161755,207,30,47.40011550043378,40.76620825147348,901,86
747,91,43,"Stuka, Ted",682247.0,OTT_TIT,Sinker,R,75,157,51.26901538728277,57.32708089097304,45.5694709046938,36.57565415244596,0.002178532071333,0.0,49.55915204250607,49.55915204250607,51.14603798297315,0.1106603260513213,0.002178532071333,0.2304649987833355,365,46,19,18,2,12,1,6,0.1111111111111111,0.631578947368421,0.05263157894736842,0.3157894736842105,65.14125987236295,92.92730844793712,109,20,44.0646988356588,30.648330058939095,1062,59,63.83689381619293,91.58480681074002,131,15,56.16454917154409,74.09954158480681,396,52
748,217,95,"Linderman, Greyson",1000124562.0,JOL_SLA,Four-Seam,L,32,68,44.519022385089,29.19109026963657,61.31594079870341,86.74630261660978,0.0112256809312088,0.0079349976312267,49.55809790917332,49.55809790917332,51.080550098231825,-0.4779506820990796,0.0112256809312088,0.2643451313813831,605,177,14,9,2,7,1,6,0.2222222222222222,0.5,0.07142857142857142,0.42857142857142855,57.012078474372444,77.60314341846758,303,16,51.63920763446932,63.42501637197119,549,53,62.073332365221844,89.9803536345776,151,17,49.04074840438546,47.511460379829735,788,78
749,18,8,"Thompson, Ross",1000103401.0,SCH_BOO,Splitter,R,30,175,55.22208741503536,73.03634232121922,36.188471293185614,5.40386803185438,-0.0032113299428851,0.0,49.512002578480434,49.512002578480434,51.0150622134905,0.4553750110577175,-0.0032113299428851,0.229339513619517,231,10,6,10,6,5,1,0,0.6,0.8333333333333334,0.16666666666666666,0.0,77.60600468261507,98.98493778650949,18,2,77.39253755042509,98.75573018991487,22,4,53.137954346968364,63.0648330058939,593,6,76.11119131958824,98.91944990176817,31,2
750,218,96,"Hocom, Quinn",1000152021.0,TRI_VAL,Four-Seam,L,149,296,48.46726611881417,45.603751465416174,51.92664520730519,62.57110352673493,0.0058310524540622,0.0,49.50507984536148,49.50507984536148,50.94957432874918,-0.1336570326425284,0.0058310524540622,0.2536577751609428,465,123,48,46,7,10,11,27,0.15217391304347827,0.20833333333333334,0.22916666666666666,0.5625,38.992393042160145,12.639161755075312,1335,190,46.86397382652356,44.531761624099545,848,119,47.27411252248952,36.41126391617551,972,143,40.58123499338459,16.830386378519975,1272,183
751,209,128,"Snyder, Jack",801389.0,SCH_BOO,Slider,R,40,65,49.79215973151128,50.52754982415005,48.806880299429736,51.2514220705347,0.0040385886371338,-1.1102230246251563e-16,49.496575901886814,49.496575901886814,50.884086444007856,-0.0181240291552338,0.0040385886371338,0.227814970078377,423,119,11,11,2,5,2,4,0.18181818181818182,0.45454545454545453,0.18181818181818182,0.36363636363636365,54.20381580961208,69.44990176817288,469,50,48.88484079853823,53.208906352324824,714,122,51.71641693497349,55.95939751146039,674,84,53.14233066426467,64.07989521938441,549,58
752,219,97,"Harajli, Ahmad",800677.0,FLO_Y'A,Four-Seam,L,76,189,49.07347487307678,47.94841735052755,50.47892006870445,57.508532423208194,0.00499926063499,0.0,49.495108431765075,49.495108431765075,50.81859855926653,-0.0807945858399691,0.00499926063499,0.2679300683443236,445,113,25,24,1,11,4,10,0.041666666666666664,0.44,0.16,0.4,53.30517175688877,66.30648330058939,515,32,39.33063083640223,12.14800261951539,1342,216,53.763430808246106,66.30648330058939,516,61,50.845444598732314,55.10805500982319,682,56
753,220,98,"Ginn, Landon",701061.0,WAS_WIL3,Four-Seam,L,75,142,54.42481235983956,70.22274325908559,37.99132145161488,8.020477815699659,-0.002175500714801,-8.326672684688674e-17,49.494765087372144,49.494765087372144,50.75311067452522,0.3858512539427911,-0.002175500714801,0.2444093926817185,255,46,30,28,3,11,7,12,0.10714285714285714,0.36666666666666664,0.23333333333333334,0.4,48.77450799107539,47.969875573018996,796,70,43.79418066427271,29.10936476751801,1085,157,46.88318973419093,34.25016371971185,1006,153,50.845444598732314,55.10805500982319,706,58
754,210,82,"Vailes, Gage",1000050773.0,GAT_GRI,Slider,L,95,316,57.51631523554578,79.60140679953108,30.70021017477709,1.3651877133105803,-0.0063646154509595,0.0,49.471483717315174,49.471483717315174,50.687622789783894,0.6554356259233101,-0.0063646154509595,0.2117146783006398,175,59,33,26,9,12,9,12,0.34615384615384615,0.36363636363636365,0.2727272727272727,0.36363636363636365,48.58729048009137,47.2822527832351,813,80,60.087698217757975,84.90504256712508,232,43,43.18719246300426,21.807465618860512,1201,113,53.14233066426467,64.07989521938441,557,57
755,211,83,"Long, Jalon",809215.0,NEW_YOR13,Slider,L,33,156,55.91323557975438,74.44314185228606,34.35408529575845,3.4129692832764507,-0.0042652781164696,-0.0094199864343464,49.4454904945556,49.4454904945556,50.62213490504257,0.5156443206532001,-0.0042652781164696,0.2301779474529267,219,74,10,5,2,2,2,6,0.4,0.2,0.2,0.6,38.47754488695408,11.100196463654225,1373,133,63.758421712566154,89.19449901768172,176,33,50.010572040579646,48.16633922724296,820,81,38.21257123830435,11.42763588736084,1363,129
756,98,42,"Figueredo, Kevin",1000210447.0,WIN_CIT29,Changeup,R,74,111,51.373391843469165,57.444314185228606,44.85989710972907,33.16268486916951,0.0017708457903237,0.0,49.41934342334713,49.41934342334713,50.55664702030125,0.119762132687724,0.0017708457903237,0.2531630547393232,364,55,15,16,3,7,4,4,0.1875,0.4666666666666667,0.26666666666666666,0.26666666666666666,54.95268585354818,71.67648984937787,432,44,49.27217363484103,54.91159135559921,691,39,43.75580742780221,23.18271119842829,1176,68,59.267360172350955,81.9253438113949,278,29
757,221,99,"Sittinger, Brandyn",670087.0,LAK_ERI24,Four-Seam,L,121,248,51.74324654347936,59.20281359906213,43.98277365923266,29.351535836177472,0.0012668936995667,0.0,49.415104678205346,49.415104678205346,50.491159135559926,0.1520140991373796,0.0012668936995667,0.2433105601544288,349,82,43,27,7,10,6,27,0.25925925925925924,0.23255813953488372,0.13953488372093023,0.627906976744186,40.48904465613127,17.747216764898493,1257,172,54.16404390073949,71.67648984937787,433,39,55.68349808472662,74.49246889325475,391,43,36.44984472289579,7.662082514734774,1411,222
758,222,123,"Andueza, Axel",672847.0,DOW_EAS1,Four-Seam,R,188,452,46.23284219533381,36.34232121922626,56.79768714087417,76.56427758816837,0.0086297141079013,0.0,49.40229567899591,49.40229567899591,50.425671250818596,-0.3285026447502306,0.0086297141079013,0.2439202540445187,544,154,58,44,8,24,8,26,0.18181818181818182,0.41379310344827586,0.13793103448275862,0.4482758620689655,51.686063075689006,59.299279633267844,622,37,48.88484079853823,53.208906352324824,707,99,55.83397357661381,74.950884086444,384,52,47.796130339318665,42.108709888670596,884,89
759,212,129,"Conklin, MacCallan",1000187772.0,TRO_AIG,Slider,R,26,52,50.89953560348869,56.27198124267292,45.82142963158157,37.94084186575654,0.0023232951911968,0.0,49.37610381191655,49.37610381191655,50.36018336607727,0.0784410529410317,0.0023232951911968,0.2235312970964248,374,106,6,7,1,3,1,2,0.14285714285714285,0.5,0.16666666666666666,0.3333333333333333,57.012078474372444,77.60314341846758,355,35,46.228844206747524,41.87950229207596,895,137,53.137954346968364,63.0648330058939,570,74,55.05640238554163,70.43222003929273,457,47
760,223,100,"Ronne, Andrew",701809.0,GAT_GRI,Four-Seam,L,93,216,49.77850571633362,50.410316529894494,48.34508933280497,49.43117178612059,0.0037732662096105,0.0,49.34848080127502,49.34848080127502,50.29469548133595,-0.0193146827805649,0.0037732662096105,0.2404129134717184,424,106,33,22,4,12,6,15,0.18181818181818182,0.36363636363636365,0.18181818181818182,0.45454545454545453,48.58729048009137,47.2822527832351,807,71,48.88484079853823,53.208906352324824,715,86,51.71641693497349,55.95939751146039,676,86,47.40011550043378,40.76620825147348,902,100
761,224,101,"Cook, Cole",1000161363.0,SCH_BOO,Four-Seam,L,120,268,44.79429022880946,30.246189917936693,59.94256400507404,84.1296928327645,0.0104366060225913,0.0013995642933498,49.338772361688825,49.338772361688825,50.22920759659463,-0.4539468523245856,0.0104366060225913,0.2697358005853416,596,173,38,37,8,13,6,19,0.21621621621621623,0.34210526315789475,0.15789473684210525,0.5,47.25706079678383,42.99279633267846,871,84,51.22977472642551,62.0497707924034,581,58,53.960949690754866,66.86313032089063,504,59,44.52900791851833,29.3713163064833,1061,135
762,225,124,"Pardinho, Eric",672078.0,OTT_TIT,Four-Seam,R,171,349,50.17253000177753,52.40328253223916,47.36805678037663,45.33560864618885,0.003211911251816,0.0,49.33118803535726,49.33118803535726,50.163719711853304,0.0150449131205726,0.003211911251816,0.2322121353112065,407,99,67,50,6,18,16,33,0.12,0.26865671641791045,0.23880597014925373,0.4925373134328358,42.71927894178614,25.01637197118533,1146,151,44.670659539563644,33.23510150622135,1022,164,46.3697389077689,32.416502946954814,1033,175,45.00038379017609,32.64571054354944,1030,119
763,213,130,"Hill, Kaleb",1000371973.0,OTT_TIT,Slider,R,107,155,51.80606496843855,59.55451348182884,43.5003257128363,26.564277588168373,0.000989702785186,-1.1102230246251563e-16,49.31434319175787,49.31434319175787,50.09823182711198,0.1574919739194176,0.000989702785186,0.2437861723335166,346,98,19,17,4,5,6,8,0.23529411764705882,0.2631578947368421,0.3157894736842105,0.42105263157894735,42.37955195798953,23.968565815324165,1163,140,52.53032631668233,66.50294695481335,516,98,39.14703350259778,13.326784544859201,1327,155,49.51566845552937,49.60707269155206,774,87
764,92,49,"Hoeymans, Jack",1000184889.0,GAT_GRI,Sinker,L,31,66,50.35689930778516,53.223915592028135,46.83282158953909,42.83276450511945,0.0029043913772572,0.0,49.299675992311336,49.299675992311336,50.03274394237066,0.031122233948294,0.0029043913772572,0.2220094775880297,400,51,10,9,2,5,2,3,0.2222222222222222,0.5,0.2,0.3,57.012078474372444,77.60314341846758,350,32,51.63920763446932,63.42501637197119,564,22,50.010572040579646,48.16633922724296,800,62,57.1618812789463,76.85003274394238,352,38
765,226,102,"Foltz Jr., Michael",803189.0,WAS_WIL3,Four-Seam,L,129,284,49.833774711688335,50.76201641266119,48.0452014107053,47.83845278725825,0.0036009653262521,0.0006114778933871,49.297202721393425,49.297202721393425,49.96725605762934,-0.0144951312544181,0.0036009653262521,0.2472450679517575,421,105,32,31,13,6,6,20,0.41935483870967744,0.1875,0.1875,0.625,37.705272654144984,9.037328094302556,1390,204,65.07785227752025,90.79895219384414,142,7,51.18334040547541,53.798297314996724,706,90,36.63346206825085,8.316961362148003,1399,219
766,227,125,"Sanders, Brayden",695550.0,MIS_MUD,Four-Seam,R,108,207,45.05006758805798,31.41852286049238,59.18328325158292,82.76450511945393,0.0100003605625288,0.0004699536674998,49.29003228711546,49.29003228711546,49.90176817288802,-0.4316426263438495,0.0100003605625288,0.2750019402060659,586,169,32,34,4,15,8,9,0.11764705882352941,0.46875,0.25,0.28125,55.0813978923497,72.03667321545514,428,15,44.510258176765305,32.678454485920106,1028,166,45.319498580996566,28.127046496398165,1068,183,58.346213156486414,80.58284217419778,297,13
767,214,84,"Heredia-Bustos, Rolando",837343.0,DOW_EAS1,Slider,L,182,449,55.603932906464514,73.97420867526378,34.53151556184272,3.583617747440273,-0.0041633353927787,-0.0025384582243324,49.28220770307797,49.28220770307797,49.836280288146696,0.4886725951581381,-0.0041633353927787,0.2116157376504812,223,76,66,48,9,16,13,37,0.1875,0.24242424242424243,0.19696969696969696,0.5606060606060606,41.098590040730414,19.22069417157826,1236,118,49.27217363484103,54.91159135559921,694,102,50.29487952297862,50.22920759659463,762,77,40.70086447596441,17.288801571709232,1264,119
768,93,44,"Vailes, Gage",1000050773.0,GAT_GRI,Sinker,R,203,387,47.814625877675,43.14185228604924,52.6697467951997,64.96018202502844,0.0062580021595483,0.0045728375324444,49.271162152932405,49.271162152932405,49.770792403405366,-0.1905683850204643,0.0062580021595483,0.2654440918385719,486,63,68,56,8,34,18,16,0.14285714285714285,0.5,0.2647058823529412,0.23529411764705882,57.012078474372444,77.60314341846758,326,45,46.228844206747524,41.87950229207596,880,40,43.939771092883895,23.772102161100197,1164,102,61.24898736614358,86.83693516699411,201,28
769,228,103,"Sesar, Jorden",813853.0,SUS_COU1,Four-Seam,L,280,555,48.94583085714164,47.47948417350528,49.90408384267515,55.46075085324232,0.0046689879489885,0.0,49.23330675280169,49.23330675280169,49.70530451866404,-0.0919253637355221,0.0046689879489885,0.2286233165986655,449,114,83,68,10,15,18,50,0.14705882352941177,0.18072289156626506,0.21686746987951808,0.6024096385542169,37.28657084117619,8.055009823182711,1405,209,46.51527521174456,43.5494433529797,863,120,48.42804123493716,40.995415848068106,902,128,38.06036794480521,10.609037328094303,1366,207
770,229,104,"Hargrove, Dawson",1000471986.0,LAK_ERI24,Four-Seam,L,39,119,53.11201571978973,65.53341148886284,40.171578941474806,13.936291240045506,-0.0009228317549394,0.0,49.22988468629525,49.22988468629525,49.63981663392272,0.271373127292134,-0.0009228317549394,0.2181398136620171,295,59,16,14,0,4,0,12,0.0,0.25,0.0,0.75,41.566633818190475,21.31630648330059,1220,162,36.49019003684828,5.50098231827112,1496,242,68.77486587891195,96.29993451211526,94,10,28.737916217983376,1.4734774066797642,1512,242
771,99,57,"Vail, Tyler",592821.0,NEW_YOR13,Changeup,L,54,214,52.06181497776697,61.31301289566237,42.61500494147069,23.265073947667805,0.0004810409161323,0.0,49.22777196687809,49.22777196687809,49.574328749181404,0.1797938149400455,0.0004810409161323,0.2565132045515861,331,50,10,19,5,7,1,2,0.2631578947368421,0.7,0.1,0.2,69.36843419931802,96.1034708578913,61,3,54.429816139294246,72.13490504256713,428,25,59.39271895974579,84.67583497053045,241,24,63.47831795916028,90.9954158480681,142,14
772,230,105,"Brodsky, Jack",1000302079.0,WAS_WIL3,Four-Seam,L,170,267,52.208044618556656,62.13364595545134,42.185192189379904,20.591581342434583,0.0002340916013835,-8.326672684688674e-17,49.201188889803625,49.201188889803625,49.50884086444008,0.1925452913132381,0.0002340916013835,0.2283063054140412,324,70,61,42,4,23,8,30,0.09523809523809523,0.3770491803278688,0.13114754098360656,0.4918032786885246,49.41595815166,50.45841519318927,757,64,42.98262615011444,24.49246889325475,1158,177,56.47041090295634,76.35887360838245,362,38,45.04674863001128,32.74394237066143,1028,131
773,231,126,"Puccetti, Dominic",1000266076.0,OTT_TIT,Four-Seam,R,183,327,47.33070556507885,41.50058616647128,53.40986064295444,67.4061433447099,0.0066832352561701,0.0,49.15445208844153,49.15445208844153,49.44335297969876,-0.2327670692219293,0.0066832352561701,0.2282697431098186,500,133,57,46,4,13,15,29,0.08695652173913043,0.22807017543859648,0.2631578947368421,0.5087719298245614,40.211770251858724,16.568434839554683,1275,184,42.4180664880913,22.4950884086444,1181,194,44.08500556531681,24.03405370006549,1160,197,43.9749345255171,26.260641781270465,1127,140
774,94,45,"Hickey, Matt",806277.0,GAT_GRI,Sinker,R,45,67,52.808911762975285,64.36107854630716,40.47725061333761,14.789533560864616,-0.0007472078127984,-7.66302579143785e-05,49.109413418083975,49.109413418083975,49.377865094957436,0.2449419405432085,-0.0007472078127984,0.2388811339271823,305,32,19,12,2,7,3,9,0.16666666666666666,0.3684210526315789,0.15789473684210525,0.47368421052631576,48.88289707638193,48.23182711198428,794,90,47.85195323506406,49.08316961362148,794,33,53.960949690754866,66.86313032089063,511,45,46.191228097522014,35.396201702685005,989,106
775,95,50,"Balzan, Jackson",827496.0,SUS_COU1,Sinker,L,51,142,51.92154035715669,60.492379835873386,42.54050888168453,22.980659840728094,0.0004382391359938,-0.0041427269805708,49.107230914515036,49.107230914515036,49.312377210216106,0.1675616265765178,0.0004382391359938,0.2204768542816082,338,42,15,10,1,5,3,7,0.1,0.3333333333333333,0.2,0.4666666666666667,46.71511537025113,39.91486574983628,930,85,43.307247955777754,26.39161755075311,1134,79,50.010572040579646,48.16633922724296,813,64,46.63448681192299,37.6882776686313,955,94
776,232,127,"Woolfolk, Dallas",663762.0,MIS_MUD,Four-Seam,R,110,194,51.675959638755465,58.96834701055099,42.98822833517909,24.573378839590443,0.000695476762617,0.0,49.06964024768255,49.06964024768255,49.24688932547478,0.1461465652285329,0.000695476762617,0.2179503387473997,351,83,41,26,6,14,4,23,0.23076923076923078,0.34146341463414637,0.0975609756097561,0.5609756097560976,47.217406253379,42.79633267845448,875,85,52.22186215745475,65.38965291421087,535,66,59.621551811432774,85.36345776031435,225,25,40.67752213790004,17.223313686967913,1265,181
777,90,39,"Bauer, Patrick",10998513.0,QUE_CAP,Curveball,L,39,75,51.82441681037306,59.78898007033998,42.5351549461779,22.92377701934016,0.0004351630273904,0.0,49.03763825111451,49.03763825111451,49.18140144073347,0.1590922861240341,0.0004351630273904,0.2571903977174251,344,47,9,9,4,3,3,3,0.4444444444444444,0.3333333333333333,0.3333333333333333,0.3333333333333333,46.71511537025113,39.91486574983628,931,59,66.78822523209035,92.63261296660119,117,22,37.501042815024775,10.31434184675835,1385,66,55.05640238554163,70.43222003929273,469,37
778,215,131,"Burcham, Jacob",1000122547.0,GAT_GRI,Slider,R,79,117,43.33345906010588,23.798358733880423,62.321396018029134,88.90784982935153,0.0118033661585905,0.0,49.02984014748286,49.02984014748286,49.115913555992144,-0.5813338446768276,0.0118033661585905,0.2532894097089036,651,161,22,25,6,9,3,10,0.24,0.4090909090909091,0.13636363636363635,0.45454545454545453,51.39555314485173,58.08775376555337,637,73,52.851129042279005,67.12508185985592,504,94,55.98102917095811,75.18009168303864,378,44,47.40011550043378,40.76620825147348,895,108
779,233,106,"Cerda, Junior",693702.0,EVA_OTT,Four-Seam,L,68,127,53.07787311819013,65.06447831184057,39.5473452538856,11.831626848691696,-0.0012814857982254,-0.0087593036989986,49.01871475889877,49.01871475889877,49.05042567125082,0.268395833665032,-0.0012814857982254,0.2290504087469591,299,61,20,20,9,3,6,11,0.45,0.15,0.3,0.55,35.38845595571769,4.682383759004584,1457,230,67.1669506720309,93.25474787164374,105,5,40.62842512141349,15.553372626064178,1297,209,41.37078957841133,19.187950229207594,1235,176
780,96,51,"Ryan, Dillon",1000132418.0,NEW_ENG23,Sinker,L,120,220,49.55756062158,49.70691676436108,47.75979063632054,46.47326507394767,0.0034369823015201,0.0,49.01822962600217,49.01822962600217,48.9849377865095,-0.0385814753426528,0.0034369823015201,0.2581555564112601,430,54,30,21,3,7,8,15,0.14285714285714285,0.23333333333333334,0.26666666666666666,0.5,40.53693750777835,17.84544859201048,1256,108,46.228844206747524,41.87950229207596,887,51,43.75580742780221,23.18271119842829,1174,100,44.52900791851833,29.3713163064833,1088,104
781,91,40,"Serrano, Elio",665939.0,NEW_JER6,Curveball,L,42,79,50.30854795529979,53.106682297772565,45.96508298575407,38.225255972696246,0.0024058313588691,0.0,49.00550846443607,49.00550846443607,48.919449901768175,0.0269059127872789,0.0024058313588691,0.2767721840754866,401,54,8,10,4,3,4,1,0.4,0.375,0.5,0.125,49.289356146281456,49.574328749181404,770,51,63.758421712566154,89.19449901768172,170,25,21.864131283081186,0.8185985592665358,1516,72,68.21564546932076,96.39816633922725,53,15
782,234,128,"Valdez, Alex",677678.0,EVA_OTT,Four-Seam,R,102,182,47.70408828983259,43.02461899179367,52.02490325355063,63.08304891922639,0.005887506705526,0.0,49.000332778948,49.000332778948,48.853962017026845,-0.2002074529420585,0.005887506705526,0.2397172890493193,487,129,33,24,1,18,5,10,0.041666666666666664,0.5454545454545454,0.15151515151515152,0.30303030303030304,59.8203411391328,84.80681074001309,230,7,39.33063083640223,12.14800261951539,1341,221,54.55949175896323,69.28618205631957,470,69,56.9704741068186,76.16240995415848,365,17
783,97,46,"Reeves, Cobe",802696.0,NEW_YOR13,Sinker,R,144,196,49.07217028136449,47.83118405627198,48.79885296708983,51.19453924914675,0.004033976525904,0.0,48.990175087082086,48.990175087082086,48.78847413228552,-0.080908348482797,0.004033976525904,0.2599478021964391,446,56,45,34,2,20,13,12,0.058823529411764705,0.4444444444444444,0.28888888888888886,0.26666666666666666,53.579757439665336,67.3215455140799,498,63,40.50022410680679,15.324165029469548,1293,87,41.67088589020973,18.10740013097577,1252,111,59.267360172350955,81.9253438113949,275,37
784,216,85,"Sakurai, Masatoshi",1000429128.0,QUE_CAP,Slider,L,71,138,51.49210080712515,58.03048065650644,42.8262325247802,24.11831626848692,0.0006024019197335,0.0,48.89234032242166,48.89234032242166,48.722986247544206,0.1301137586451623,0.0006024019197335,0.2443458889517334,359,101,25,21,1,13,1,11,0.047619047619047616,0.52,0.04,0.44,58.247714046867,81.69613621480026,280,30,39.736408093481366,12.737393582187295,1335,133,65.02200711124549,92.33791748526524,118,22,48.31886992664672,44.72822527832351,847,82
785,98,47,"Joven, Art",1000048892.0,MIS_MUD,Sinker,R,194,305,51.52101502127203,58.38218053927315,42.711259563343376,23.66325369738339,0.0005363440982674,0.0,48.87808838389343,48.87808838389343,48.65749836280288,0.1326351278870775,0.0005363440982674,0.243180075208378,356,44,56,48,1,28,9,19,0.020833333333333332,0.5,0.16071428571428573,0.3392857142857143,57.012078474372444,77.60314341846758,370,51,37.910410436625256,11.00196463654224,1360,106,53.696415473109205,66.11001964636543,519,47,54.680424011719374,67.77996070726915,493,59
786,235,107,"Miranda, Kevin",806656.0,OTT_TIT,Four-Seam,L,96,189,48.43042295284274,45.36928487690504,49.9012181314549,55.34698521046644,0.004667341451953,0.0,48.871661506426385,48.871661506426385,48.59201047806156,-0.1368698201311746,0.004667341451953,0.2385891774889661,467,125,36,26,4,8,9,19,0.15384615384615385,0.2222222222222222,0.25,0.5277777777777778,39.850473300836924,15.160445317616242,1295,180,46.977971450585926,45.2521283562541,838,116,45.319498580996566,28.127046496398165,1090,170,42.774442174014446,24.132285527177473,1159,152
787,236,129,"House, Tristan",1000248636.0,MIS_MUD,Four-Seam,R,166,314,46.42454612349646,37.39742086752638,54.55263331693426,70.93287827076223,0.0073398163542883,0.0,48.862972281527796,48.862972281527796,48.52652259332024,-0.3117857322459456,0.0073398163542883,0.2497359021009245,535,148,59,45,2,17,8,34,0.044444444444444446,0.288135593220339,0.13559322033898305,0.576271186440678,43.92271859625213,29.14210870988867,1083,135,39.51999355637249,12.37721021611002,1339,220,56.053310734279876,75.3765553372626,377,49,39.71138672174495,14.865749836280287,1301,193
788,237,130,"Kramer, Cameron",1000249123.0,TRO_AIG,Four-Seam,R,41,81,46.34207797046908,37.04572098475968,54.744269494093935,71.50170648464163,0.0074499210973432,0.0,48.86273542755654,48.86273542755654,48.461034708578914,-0.3189770971374307,0.0074499210973432,0.2562291655313264,538,149,13,15,1,5,1,7,0.06666666666666667,0.38461538461538464,0.07692307692307693,0.5384615384615384,49.88341170998077,52.030124426981004,731,53,41.034895316134595,17.452521283562543,1258,208,61.55782978724568,88.73608382449247,170,17,42.09960919535911,21.28356254092993,1202,160
789,100,58,"Noble, Nick",1000397875.0,FDU_KNI,Changeup,L,46,71,42.113674217383945,20.5158264947245,64.5829634655341,91.52445961319684,0.0131027518299155,0.0095498589636254,48.85446099182899,48.85446099182899,48.395546823837584,-0.6877011825048505,0.0131027518299155,0.3031559944317546,679,103,14,11,0,7,3,4,0.0,0.5,0.21428571428571427,0.2857142857142857,57.012078474372444,77.60314341846758,297,35,36.49019003684828,5.50098231827112,1370,95,48.67026533784162,42.403405370006546,870,70,58.06422937611972,79.56777996070727,302,30
790,238,131,"Bihm, Gage",815079.0,MIS_MUD,Four-Seam,R,107,180,50.17944310107951,52.52051582649473,45.75484797726223,37.54266211604095,0.0022850406400486,0.0,48.85206456393432,48.85206456393432,48.33005893909627,0.0156477472788088,0.0022850406400486,0.2113153297579023,406,98,38,29,2,20,3,15,0.06896551724137931,0.5263157894736842,0.07894736842105263,0.39473684210526316,58.63791475397054,82.31827111984283,273,10,41.1916092912824,18.07465618860511,1253,206,61.367907784833406,88.08120497707924,183,20,51.17788863453305,57.10543549443353,656,45
791,217,132,"Smith, Ben",814168.0,NEW_ENG23,Slider,R,72,112,49.577402288122514,49.824150058616645,47.06699065184985,44.19795221843004,0.0030389334288638,-1.1102230246251563e-16,48.82427879724071,48.82427879724071,48.264571054354946,-0.0368512478678717,0.0030389334288638,0.2812030482409483,429,120,17,22,6,5,5,7,0.2727272727272727,0.29411764705882354,0.29411764705882354,0.4117647058823529,44.29230052222259,30.12442698100851,1070,133,55.082166179383194,74.03405370006548,399,77,41.18031611665856,17.026850032743944,1269,147,50.10233440106008,51.997380484610346,733,83
792,92,52,"Sanchez, Edwin",835958.0,LAK_ERI24,Curveball,R,53,97,50.48725375044496,54.279015240328256,44.91396198015593,33.56086461888509,0.0018019088116951,0.0,48.81526621935825,48.81526621935825,48.19908316961362,0.0424893657195313,0.0018019088116951,0.2221545047177259,391,52,16,11,3,5,1,10,0.2727272727272727,0.3125,0.0625,0.625,45.427994982235965,34.937786509495744,1000,73,55.082166179383194,74.03405370006548,403,42,62.911024054433106,90.89718402095612,141,10,36.63346206825085,8.316961362148003,1403,82
793,218,133,"Campbell, Tyler",809429.0,MIS_MUD,Slider,R,111,199,49.91306525058026,51.23094958968347,46.22500258827007,39.647326507394766,0.0025551684071974,-1.1102230246251563e-16,48.806646451887204,48.806646451887204,48.1335952848723,-0.0075808597849821,0.0025551684071974,0.2706250853729624,417,117,37,33,9,10,11,16,0.2727272727272727,0.2702702702702703,0.2972972972972973,0.43243243243243246,42.818967168691714,25.343811394891947,1141,137,55.082166179383194,74.03405370006548,400,78,40.88199665976933,16.30648330058939,1278,150,48.79687054028453,46.037982973149965,826,98
794,239,132,"Bell, Brendan",681141.0,NEW_ENG23,Four-Seam,R,59,140,54.609439179434254,70.69167643610785,35.25109118690076,4.436860068259386,-0.003749902551027,-0.0113634243560413,48.8019347816742,48.8019347816742,48.06810740013098,0.4019510303985475,-0.003749902551027,0.2686358089934294,251,45,18,19,2,8,3,7,0.10526315789473684,0.4444444444444444,0.16666666666666666,0.3888888888888889,53.579757439665336,67.3215455140799,511,22,43.66604047782667,28.454485920104784,1100,177,53.137954346968364,63.0648330058939,597,87,51.54727089653387,58.02226588081205,646,42
795,240,133,"Floyd, Conner",1000161370.0,QUE_CAP,Four-Seam,R,138,322,46.91480110869445,39.74208675263775,53.197366555498974,66.66666666666666,0.006561146581439,0.0033014546919674,48.79957074273581,48.79957074273581,48.002619515389654,-0.2690346536901065,0.006561146581439,0.233636015052402,515,141,36,30,7,5,11,20,0.23333333333333334,0.1388888888888889,0.3055555555555556,0.5555555555555556,34.701991748776265,3.798297314996726,1470,240,52.39665851435038,66.0445317616241,519,63,40.10719473701537,14.669286182056322,1304,221,41.01987642951056,18.3366077275704,1242,177
796,99,48,"Balzan, Jackson",827496.0,SUS_COU1,Sinker,R,91,142,51.92154035715669,60.492379835873386,41.462988339324994,17.861205915813425,-0.000180851289474,0.0,48.78397475180718,48.78397475180718,47.93713163064833,0.1675616265765178,-0.000180851289474,0.2204768542816082,338,42,35,20,1,4,5,26,0.05,0.11428571428571428,0.14285714285714285,0.7428571428571429,33.18196386197741,2.0956123117223315,1496,130,39.89871899631302,13.392272429600524,1325,99,55.37179885153173,72.59332023575638,442,42,29.189090266570084,1.9646365422396856,1498,129
797,93,41,"Cooper, Garrett",1000327042.0,NEW_YOR13,Curveball,L,80,161,50.53618241920237,54.630715123094966,44.66046425534413,32.36632536973834,0.0016562614591489,0.0,48.77346697004489,48.77346697004489,47.87164374590701,0.0467560298531675,0.0016562614591489,0.2322779652425438,388,51,27,24,6,19,3,5,0.25,0.7037037037037037,0.1111111111111111,0.18518518518518517,69.59725560163183,96.33267845448592,57,10,53.53283483417195,69.25343811394892,476,45,58.35025819094956,82.31827111984283,275,15,64.414086356229,91.97773411918794,124,22
798,241,134,"Bargo, Casey",1000492781.0,NEW_ENG23,Four-Seam,R,67,147,44.63794975982701,29.66002344665885,58.419917304902285,80.71672354948805,0.0095617679509361,0.0065706958972419,48.77254002334959,48.77254002334959,47.806155861165685,-0.467580010319351,0.0095617679509361,0.2526097780881596,601,175,19,17,2,4,5,10,0.11764705882352941,0.21052631578947367,0.2631578947368421,0.5263157894736842,39.127879398793326,13.097576948264573,1327,198,44.510258176765305,32.678454485920106,1029,167,44.08500556531681,24.03405370006549,1159,196,42.86678773951465,24.49246889325475,1152,153
799,242,108,"Zeplin, Blane",830954.0,JOL_SLA,Four-Seam,L,85,236,50.52174012385376,54.5134818288394,44.68486719474753,32.42320819112628,0.0016702821905818,-8.326672684688674e-17,48.77067824512189,48.77067824512189,47.74066797642436,0.0454966368401097,0.0016702821905818,0.2182088729773886,389,96,32,25,1,8,6,18,0.04,0.25,0.1875,0.5625,41.566633818190475,21.31630648330059,1215,160,39.21701320442007,11.853307138179437,1347,217,51.18334040547541,53.798297314996724,708,91,40.58123499338459,16.830386378519975,1276,185
800,101,59,"Moore, Kyle",1000517760.0,SCH_BOO,Changeup,L,85,94,42.94401811757815,22.157092614302464,62.27481669570971,88.79408418657565,0.0117766039658163,0.0039740150362874,48.74325769101762,48.74325769101762,47.67518009168304,-0.6152937651866394,0.0117766039658163,0.2615527002558441,665,99,22,21,2,10,4,8,0.09523809523809523,0.45454545454545453,0.18181818181818182,0.36363636363636365,54.20381580961208,69.44990176817288,463,50,42.98262615011444,24.49246889325475,1150,82,51.71641693497349,55.95939751146039,660,55,53.14233066426467,64.07989521938441,542,53
801,243,109,"Villalobos, Jonaiker",665690.0,FLO_Y'A,Four-Seam,L,193,464,46.81520068094787,39.39038686987104,53.161286636053084,66.55290102389078,0.006540416830309,0.0017496433275432,48.71902646747944,48.71902646747944,47.609692206941716,-0.2777199824258655,0.006540416830309,0.2451699526440826,518,142,63,54,10,22,11,30,0.18518518518518517,0.3492063492063492,0.1746031746031746,0.47619047619047616,47.695778523024586,44.59724950884086,847,79,49.11437136819915,54.420432220039295,698,81,52.393339512113904,59.5939751146038,618,74,46.03292141380737,34.70857891290111,995,120
802,219,134,"Valdez, Alex",677678.0,EVA_OTT,Slider,R,66,129,43.21646681048463,22.97772567409144,61.52864740404381,87.37201365187714,0.0113478917082876,0.0,48.71012098855238,48.71012098855238,47.54420432220039,-0.5915357702155601,0.0113478917082876,0.2414279903158341,658,162,18,18,4,6,6,6,0.2222222222222222,0.3333333333333333,0.3333333333333333,0.3333333333333333,46.71511537025113,39.91486574983628,889,114,51.63920763446932,63.42501637197119,548,104,37.501042815024775,10.31434184675835,1348,161,55.05640238554163,70.43222003929273,423,45
803,220,135,"Hampton, Ky",673132.0,OTT_TIT,Slider,R,62,105,41.84900924794994,19.460726846424382,64.65841841681589,91.7519908987486,0.0131461045420507,0.0,48.69183199860972,48.69183199860972,47.47871643745907,-0.7107804233914723,0.0131461045420507,0.2616683380981641,688,165,20,18,5,6,5,9,0.2777777777777778,0.3,0.25,0.45,44.655722749426864,31.761624099541585,1035,128,55.426462033874586,75.2128356254093,375,72,45.319498580996566,28.127046496398165,1061,128,47.68722625862532,41.87950229207596,887,105
804,221,136,"Thornton, Tyler",1000429124.0,NEW_ENG23,Slider,R,75,138,40.08455319829605,14.302461899179368,68.64603931719225,95.10807736063708,0.0154371958231627,0.0052509760611801,48.6529990339649,48.6529990339649,47.41322855271775,-0.8646440279739236,0.0154371958231627,0.2923168921570344,732,175,23,22,1,13,4,6,0.045454545454545456,0.5652173913043478,0.17391304347826086,0.2608695652173913,61.04132490641991,86.54223968565815,206,20,39.58885272727077,12.508185985592664,1336,165,52.45808862818821,59.82318271119843,614,81,59.6335304146822,82.74394237066143,264,26
805,102,60,"Kines, Gunnar",665129.0,JOL_SLA,Changeup,L,93,308,51.96820561709245,60.726846424384526,40.91698410448717,16.1547212741752,-0.0004945585282361,0.0,48.652839163310865,48.652839163310865,47.347740667976424,0.1716309175650358,-0.0004945585282361,0.2400517530785271,336,51,32,24,6,7,11,14,0.25,0.21875,0.34375,0.4375,39.63595323616773,14.079895219384413,1313,103,53.53283483417195,69.25343811394892,487,30,36.5237358442783,8.087753765553373,1406,101,48.476780843652065,45.284872298624755,839,74
806,94,42,"Henderson, Drew",1000429021.0,DOW_EAS1,Curveball,L,98,257,52.08689774276243,61.54747948417351,40.633263588164624,15.301478953356089,-0.0006575704136332,0.0,48.65080749638308,48.65080749638308,47.2822527832351,0.1819810752211124,-0.0006575704136332,0.2295550636640308,329,45,33,33,5,13,7,13,0.15151515151515152,0.3939393939393939,0.21212121212121213,0.3939393939393939,50.459465589931604,53.896529142108704,705,50,46.819065671589904,44.4007858546169,850,62,48.87334211098375,43.811394891944985,861,42,51.22825894298771,57.17092337917485,655,46
807,244,110,"Fauci, Sonny",688649.0,NEW_JER6,Four-Seam,L,131,271,48.81902578997615,47.010550996483005,48.25501773019993,49.14675767918089,0.0037215154869215,0.0014968428176705,48.649823372043286,48.649823372043286,47.21676489849378,-0.1029829838543276,0.0037215154869215,0.2468844494443986,453,118,46,33,6,13,15,18,0.18181818181818182,0.2826086956521739,0.32608695652173914,0.391304347826087,43.58125703421421,27.5049115913556,1108,137,48.88484079853823,53.208906352324824,716,87,38.18090853380493,12.573673870333987,1336,219,51.394699962229176,57.59659462999345,648,50
808,103,61,"Balzan, Jackson",827496.0,SUS_COU1,Changeup,L,86,315,52.6063042036366,63.4232121922626,39.40705274984384,11.547212741751991,-0.0013620909863428,0.0,48.646528767498765,48.646528767498765,47.151277013752456,0.2272742126326047,-0.0013620909863428,0.2393605624200218,313,49,36,30,0,19,5,12,0.0,0.5277777777777778,0.1388888888888889,0.3333333333333333,58.728238991725995,82.54747871643747,268,31,36.49019003684828,5.50098231827112,1502,105,55.74410626895896,74.72167648984937,389,36,55.05640238554163,70.43222003929273,480,47
809,222,86,"Blair, Davis",836357.0,DOW_EAS1,Slider,L,38,99,51.15073870992675,56.7409144196952,42.76635950183643,23.83390216154721,0.0005680018189547,0.0,48.63542494749965,48.63542494749965,47.08578912901113,0.1003463962033076,0.0005680018189547,0.2601830180546721,370,104,10,9,2,6,1,3,0.2222222222222222,0.6,0.1,0.3,63.19025633684523,90.34053700065488,154,15,51.63920763446932,63.42501637197119,569,90,59.39271895974579,84.67583497053045,240,33,57.1618812789463,76.85003274394238,358,37
810,100,52,"Primeaux, Parker",1000101108.0,SUS_COU1,Sinker,L,46,79,49.01747067045461,47.59671746776085,47.69412355889173,46.30261660978385,0.0033992532213713,0.0,48.620466536985745,48.620466536985745,47.02030124426981,-0.0856782487053063,0.0033992532213713,0.2327540610492673,448,58,20,15,0,11,3,6,0.0,0.55,0.15,0.3,60.10116740560884,85.33071381794369,224,19,36.49019003684828,5.50098231827112,1443,119,54.70164550016272,69.67910936476753,464,28,57.1618812789463,76.85003274394238,351,37
811,104,62,"Castro, Alexander",669418.0,TRO_AIG,Changeup,L,65,67,50.61139337504119,55.09964830011723,43.96471355818552,29.12400455062571,0.0012565172517852,0.0003736349277028,48.617389429984485,48.617389429984485,46.95481335952849,0.0533145546584307,0.0012565172517852,0.2361478158838839,384,57,16,12,3,7,3,6,0.25,0.4375,0.1875,0.375,53.150717310326954,65.88081204977078,523,57,53.53283483417195,69.25343811394892,480,29,51.18334040547541,53.798297314996724,711,59,52.424553768785806,61.55861165684349,594,56
812,101,49,"Leak, Anthony",1000264276.0,NEW_YOR13,Sinker,R,87,121,53.111002638646326,65.41617819460727,38.12475202230265,8.475540386803186,-0.0020988380568468,-0.0051366485413684,48.61512745374322,48.61512745374322,46.889325474787164,0.2712847848726735,-0.0020988380568468,0.2365352956722237,296,31,25,23,2,13,8,4,0.08695652173913043,0.52,0.32,0.16,58.247714046867,81.69613621480026,281,37,42.4180664880913,22.4950884086444,1187,72,38.75199573758026,12.999345121152587,1330,118,66.00489263124587,94.53176162409954,85,10
813,102,53,"Lefebvre, Charles",1000429097.0,TRO_AIG,Sinker,L,199,412,48.69945175037782,46.658851113716295,48.39731153537521,49.71558589306029,0.0038032705244585,0.0,48.608809685877034,48.608809685877034,46.82383759004584,-0.1134100459229427,0.0038032705244585,0.2405968891118411,456,59,62,51,8,18,15,29,0.1568627450980392,0.2903225806451613,0.24193548387096775,0.46774193548387094,44.05783456918757,29.404060248853963,1079,95,47.18361422340431,45.90700720366732,827,43,46.076123332542224,31.92534381139489,1040,91,46.5665681379422,37.164374590700724,960,95
814,103,50,"Hagan, Jack",699522.0,DOW_EAS1,Sinker,R,122,265,51.47470796889369,57.79601406799532,41.89816325380391,19.51080773606371,6.917886064054574e-05,0.0,48.60174455436675,48.60174455436675,46.75834970530452,0.1285970732141277,6.917886064054574e-05,0.2249798007686088,361,45,34,33,6,19,9,6,0.18181818181818182,0.5588235294117647,0.2647058823529412,0.17647058823529413,60.646300746415264,86.18205631958088,212,33,48.88484079853823,53.208906352324824,723,30,43.939771092883895,23.772102161100197,1166,103,64.96453835450474,93.1237721021611,107,12
815,223,87,"Sittinger, Brandyn",670087.0,LAK_ERI24,Slider,L,58,138,52.64983771642491,63.65767878077374,39.15300741699755,10.75085324232082,-0.0015080529675924,0.0,48.6007886265967,48.6007886265967,46.692861820563195,0.2310704098793771,-0.0015080529675924,0.2339416099446302,311,93,23,18,3,13,5,5,0.16666666666666666,0.5652173913043478,0.21739130434782608,0.21739130434782608,61.04132490641991,86.54223968565815,207,23,47.85195323506406,49.08316961362148,796,110,48.37889431550727,40.79895219384414,906,85,62.37980723216654,89.2272429600524,166,14
816,245,111,"Puccetti, Dominic",1000266076.0,OTT_TIT,Four-Seam,L,144,327,47.33070556507885,41.50058616647128,51.55474808469195,61.20591581342435,0.0056173786178635,0.0,48.597918320962776,48.597918320962776,46.62737393582187,-0.2327670692219293,0.0056173786178635,0.2282697431098186,500,133,36,36,8,9,5,22,0.2222222222222222,0.25,0.1388888888888889,0.6111111111111112,41.566633818190475,21.31630648330059,1197,156,51.63920763446932,63.42501637197119,558,54,55.74410626895896,74.72167648984937,387,41,37.51074494050279,10.183366077275705,1371,211
817,30,15,"MacMillan, Blake",832350.0,TRO_AIG,Cutter,R,83,144,54.131974138832746,69.05041031652989,35.62645378964114,4.778156996587031,-0.0035342376200119,0.0,48.58031803407526,48.58031803407526,46.56188605108055,0.3603152570260879,-0.0035342376200119,0.213685561680998,265,16,24,23,3,6,4,14,0.13043478260869565,0.25,0.16666666666666666,0.5833333333333334,41.566633818190475,21.31630648330059,1223,32,45.3820047137128,37.88474132285527,953,24,53.137954346968364,63.0648330058939,596,16,39.265310685006675,13.948919449901767,1317,30
818,246,112,"Phelps, Travis",1000568112.0,FLO_Y'A,Four-Seam,L,58,154,49.86286482515155,50.99648300117233,45.48029469990019,36.063708759954494,0.0021272958002858,0.0,48.54809378757614,48.54809378757614,46.496398166339226,-0.0119584232893544,0.0021272958002858,0.246996671638319,419,104,11,14,3,8,0,3,0.21428571428571427,0.7272727272727273,0.0,0.2727272727272727,71.05339179817423,96.95481335952849,47,3,51.09817129169714,61.62409954158481,589,61,68.77486587891195,96.29993451211526,67,7,58.88454582809556,81.17223313686968,290,18
819,247,113,"Vitas, Ben",1000076969.0,JOL_SLA,Four-Seam,L,156,293,49.46270161186753,49.35521688159437,46.25611334122496,40.045506257110354,0.0025730431191183,-8.326672684688674e-17,48.50072513067476,48.50072513067476,46.4309102815979,-0.0468533442647182,0.0025730431191183,0.247206681308589,433,108,51,39,6,17,10,24,0.15384615384615385,0.3333333333333333,0.19607843137254902,0.47058823529411764,46.71511537025113,39.91486574983628,923,96,46.977971450585926,45.2521283562541,839,117,50.37849937074302,50.425671250818596,758,105,46.38678341269891,36.313032089063526,977,113
820,248,114,"Steinhauer, Ryan",1000424762.0,NEW_JER6,Four-Seam,L,28,58,47.066362072699214,40.3282532239156,51.84408914035967,62.28668941979522,0.0057836197893463,0.0,48.49968019299735,48.49968019299735,46.36542239685658,-0.2558182767560718,0.0057836197893463,0.2695625482436188,510,140,6,7,0,2,2,2,0.0,0.3333333333333333,0.3333333333333333,0.3333333333333333,46.71511537025113,39.91486574983628,909,92,36.49019003684828,5.50098231827112,1411,226,37.501042815024775,10.31434184675835,1361,225,55.05640238554163,70.43222003929273,439,31
821,249,135,"Chapple, Bronson",1000218472.0,TRO_AIG,Four-Seam,R,49,95,40.416502530919246,15.474794841735054,67.29350138451508,93.97042093287828,0.0146600939014034,0.0136487945296895,48.479602186997994,48.479602186997994,46.29993451211526,-0.8356974748046547,0.0146600939014034,0.2954226844441627,722,217,13,9,1,5,2,6,0.1111111111111111,0.38461538461538464,0.15384615384615385,0.46153846153846156,49.88341170998077,52.030124426981004,727,51,44.0646988356588,30.648330058939095,1042,169,54.34079369557941,68.3366077275704,478,70,46.958406641677556,38.867059593975114,927,96
822,105,43,"Kines, Gunnar",665129.0,JOL_SLA,Changeup,R,215,308,51.96820561709245,60.726846424384526,40.31122434185359,14.277588168373152,-0.0008425983608309,0.0,48.47111123452079,48.47111123452079,46.234446627373934,0.1716309175650358,-0.0008425983608309,0.2400517530785271,336,51,78,65,13,26,14,38,0.2,0.3333333333333333,0.1794871794871795,0.48717948717948717,46.71511537025113,39.91486574983628,942,72,50.12430587470722,58.08775376555337,658,35,51.935114998357314,57.07269155206287,657,48,45.338807492904735,33.1041257367387,1023,73
823,250,136,"Smith, Ethan",680733.0,WIN_CIT29,Four-Seam,R,84,169,44.33471542717045,28.95662368112544,58.09861821738016,79.806598407281,0.0093771652626561,0.0065868026405884,48.46388626423336,48.46388626423336,46.16895874263262,-0.4940225660661167,0.0093771652626561,0.245208937507726,607,179,38,32,4,15,6,17,0.125,0.39473684210526316,0.15789473684210525,0.4473684210526316,50.508733355980034,53.96201702685003,704,49,45.01151243551012,35.59266535690897,969,152,53.960949690754866,66.86313032089063,505,76,47.85344827652569,42.2724296005239,882,88
824,251,137,"Townes, Holland",830218.0,SCH_BOO,Four-Seam,R,70,149,42.41953859221411,20.984759671746776,62.55347339562228,89.24914675767917,0.0119367064308056,0.0015483332172183,48.45971903323655,48.45971903323655,46.10347085789129,-0.6610292825536113,0.0119367064308056,0.2622401948521602,675,200,26,23,5,10,5,11,0.21739130434782608,0.38461538461538464,0.19230769230769232,0.4230769230769231,49.88341170998077,52.030124426981004,729,52,51.30988116495582,62.27897838899804,576,72,50.73227564974627,51.7026850032744,736,112,49.38780536483678,49.115913555992144,777,67
825,95,43,"Foster, Kobe",816330.0,WAS_WIL3,Curveball,L,76,186,51.81407340988453,59.67174677608441,40.598032072576565,15.187713310580206,-0.000677812713541,0.0,48.44926100869213,48.44926100869213,46.037982973149965,0.1581903237979583,-0.000677812713541,0.2492107806990113,345,48,22,22,5,12,2,8,0.22727272727272727,0.5454545454545454,0.09090909090909091,0.36363636363636365,59.8203411391328,84.80681074001309,238,24,51.98350348896071,64.70203012442698,540,48,60.245641406942724,86.4112639161755,214,12,53.14233066426467,64.07989521938441,553,41
826,252,138,"Ferguson, Francis",823799.0,WIN_CIT29,Four-Seam,R,112,162,48.60119288030104,45.838218053927314,48.06339598177545,48.12286689419796,0.0036114190339098,0.0,48.43985381074336,48.43985381074336,45.97249508840864,-0.1219783885207522,0.0036114190339098,0.2517631139617959,463,121,33,26,2,14,8,11,0.07692307692307693,0.42424242424242425,0.24242424242424243,0.3333333333333333,52.331640699771846,62.180746561886046,579,30,41.7340807437171,20.13752455795678,1221,199,46.030267286994004,31.696136214800262,1044,180,55.05640238554163,70.43222003929273,450,27
827,253,139,"Garcia, Andrew",1000190083.0,EVA_OTT,Four-Seam,R,132,246,47.286166876649446,41.031652989449,51.1121109400025,59.613196814562,0.0053630610364709,0.0,48.43395009565536,48.43395009565536,45.90700720366732,-0.2366509195147536,0.0053630610364709,0.2522332419746221,504,136,34,32,6,7,8,19,0.1875,0.20588235294117646,0.23529411764705882,0.5588235294117647,38.84096711415836,12.213490504256711,1342,202,49.27217363484103,54.91159135559921,686,91,46.69922606910924,33.49705304518664,1016,172,40.81345693015716,17.550753110674524,1260,180
828,31,16,"Campbell, Tyler",809429.0,MIS_MUD,Cutter,L,56,132,50.11678680904502,52.28604923798359,44.475403306401496,31.62684869169511,0.0015499345195552,0.0,48.42437175825196,48.42437175825196,45.841519318926,0.0101840107668749,0.0015499345195552,0.2423585183972914,408,19,22,8,1,3,3,16,0.125,0.13636363636363635,0.13636363636363635,0.7272727272727273,34.54597715628958,3.6345776031434185,1472,32,45.01151243551012,35.59266535690897,996,19,55.98102917095811,75.18009168303864,382,11,30.173470008941095,2.357563850687623,1492,32
829,254,115,"Simpson, Garret",1000073158.0,EVA_OTT,Four-Seam,L,182,370,48.00486707064505,44.07971864009379,49.328403288824106,52.90102389078498,0.0043382301536551,0.0,48.401927936098765,48.401927936098765,45.77603143418468,-0.1739790255426926,0.0043382301536551,0.2495588027589367,478,127,55,45,5,24,12,19,0.1111111111111111,0.43636363636363634,0.21818181818181817,0.34545454545454546,53.08051074370794,65.55337262606417,527,34,44.0646988356588,30.648330058939095,1054,152,48.3047271461858,40.56974459724951,909,131,54.29077369703084,67.19056974459725,502,36
830,255,116,"Pardinho, Eric",672078.0,OTT_TIT,Four-Seam,L,178,349,50.17253000177753,52.40328253223916,44.26440341547857,30.659840728100114,0.0014287043368256,0.0,48.400092025887844,48.400092025887844,45.71054354944336,0.0150449131205726,0.0014287043368256,0.2322121353112065,407,99,59,35,7,9,12,38,0.2,0.15254237288135594,0.2033898305084746,0.6440677966101694,35.54552827425513,4.780615586116569,1455,229,50.12430587470722,58.08775376555337,649,72,49.692533161963844,46.10347085789129,824,117,35.42905676905751,6.4833005893909625,1429,226
831,32,16,"Binns, Malik",702238.0,NEW_JER6,Cutter,R,54,88,49.31263212129883,48.8862837045721,46.24262228000306,39.81797497155859,0.0025652918173996,0.0,48.3916291689101,48.3916291689101,45.64505566470203,-0.0599396621479438,0.0025652918173996,0.2124553206438986,437,21,19,14,0,11,1,7,0.0,0.5789473684210527,0.05263157894736842,0.3684210526315789,61.88958731316675,88.24492468893254,181,5,36.49019003684828,5.50098231827112,1453,34,63.83689381619293,91.58480681074002,130,5,52.84010881353673,63.261296660117885,562,16
832,224,88,"Parra, Andres",800365.0,LAK_ERI24,Slider,L,61,161,46.682638373945686,39.038686987104334,52.3571603823116,63.87940841865757,0.0060784053465477,0.0,48.38499497645546,48.38499497645546,45.579567779960705,-0.2892796437680239,0.0060784053465477,0.2663956530196988,521,141,16,20,6,9,4,3,0.3,0.5625,0.25,0.1875,60.873439638417935,86.34577603143418,208,24,56.94136379363668,78.68369351669942,324,56,45.319498580996566,28.127046496398165,1082,98,64.26787254418703,91.78127046496398,126,12
833,96,53,"Foster, Kobe",816330.0,WAS_WIL3,Curveball,R,110,186,51.81407340988453,59.67174677608441,40.374776467054375,14.562002275312857,-0.0008060844284433,0.0,48.38228432703548,48.38228432703548,45.51407989521938,0.1581903237979583,-0.0008060844284433,0.2492107806990113,345,48,22,19,1,9,6,7,0.05263157894736842,0.4090909090909091,0.2727272727272727,0.3181818181818182,51.39555314485173,58.08775376555337,644,59,40.07811525733747,13.719711853307137,1318,79,43.18719246300426,21.807465618860512,1197,66,56.013438246180115,73.80484610347085,403,48
834,256,140,"Kelly, Aiden",1000062337.0,TRI_VAL,Four-Seam,R,59,148,45.55718101854839,33.41148886283705,54.81525248327583,71.7292377701934,0.0074907044395126,0.0013490157851663,48.33460245796662,48.33460245796662,45.44859201047806,-0.3874214623410782,0.0074907044395126,0.252107283690274,569,159,14,18,6,5,2,7,0.3333333333333333,0.35714285714285715,0.14285714285714285,0.5,48.186110099411316,46.10347085789129,825,70,59.21371643327984,83.00589390962672,249,28,55.37179885153173,72.59332023575638,414,62,44.52900791851833,29.3713163064833,1072,134
835,257,117,"Pindel, Buddie",1000054422.0,SCH_BOO,Four-Seam,L,238,446,47.164623086756464,40.79718640093787,51.06238814688098,59.49943117178612,0.0053344927596363,0.0006114778933871,48.333952604793815,48.333952604793815,45.383104125736736,-0.2472497471994749,0.0053344927596363,0.2496293214155367,506,138,90,61,10,31,18,41,0.16393442622950818,0.34444444444444444,0.2,0.45555555555555555,47.40157957719255,43.418467583497055,865,83,47.665694821978555,47.41322855271775,804,107,50.010572040579646,48.16633922724296,791,112,47.33631310972454,40.01309757694826,917,103
836,97,54,"Foltz Jr., Michael",803189.0,WAS_WIL3,Curveball,R,28,76,44.817039204826,30.71512309495897,56.53579300874031,75.88168373151308,0.0084792425917525,0.0,48.3326653460003,48.3326653460003,45.31761624099542,-0.4519631024594923,0.0084792425917525,0.2821452330206206,592,62,5,7,3,3,1,1,0.42857142857142855,0.6,0.2,0.2,63.19025633684523,90.34053700065488,142,16,65.706152546546,91.38834315651604,128,14,50.010572040579646,48.16633922724296,778,45,63.47831795916028,90.9954158480681,133,15
837,225,89,"Ginn, Landon",701061.0,WAS_WIL3,Slider,L,35,79,49.92971956005911,51.46541617819461,44.47568912608194,31.68373151308305,0.0015500987375173,0.0,48.29351042986596,48.29351042986596,45.2521283562541,-0.0061285753323601,0.0015500987375173,0.2265580252133979,415,116,8,8,2,3,0,5,0.25,0.375,0.0,0.625,49.289356146281456,49.574328749181404,771,76,53.53283483417195,69.25343811394892,477,79,68.77486587891195,96.29993451211526,72,10,36.63346206825085,8.316961362148003,1404,132
838,226,137,"Bihm, Gage",815079.0,MIS_MUD,Slider,R,39,72,46.75701602239522,39.155920281359904,51.854624699608266,62.34357224118317,0.0057896730046692,-1.1102230246251563e-16,48.28629862555913,48.28629862555913,45.18664047151277,-0.2827937848014282,0.0057896730046692,0.2678664116150611,520,140,6,7,3,1,2,3,0.42857142857142855,0.16666666666666666,0.3333333333333333,0.5,36.418152266129816,6.221349050425671,1431,167,65.706152546546,91.38834315651604,130,25,37.501042815024775,10.31434184675835,1360,162,44.52900791851833,29.3713163064833,1078,130
839,258,141,"Simone, Andrew",1000132681.0,TRO_AIG,Four-Seam,R,99,187,41.25640828378725,18.405627198124268,64.67574109746272,91.80887372013652,0.0131560573042583,0.0089245287051706,48.28220812788989,48.28220812788989,45.121152586771444,-0.7624562474750438,0.0131560573042583,0.2654916449966336,697,207,28,24,8,6,4,18,0.3333333333333333,0.21428571428571427,0.14285714285714285,0.6428571428571429,39.360141724450195,13.621480026195155,1318,193,59.21371643327984,83.00589390962672,243,27,55.37179885153173,72.59332023575638,400,56,35.505526946784066,6.679764243614931,1425,228
840,259,142,"Vitas, Ben",1000076969.0,JOL_SLA,Four-Seam,R,137,293,49.46270161186753,49.35521688159437,45.48818804402924,36.177474402730375,0.0021318309284649,-0.0007353852471701,48.270347541516045,48.270347541516045,45.05566470203012,-0.0468533442647182,0.0021318309284649,0.247206681308589,433,108,47,46,6,22,10,15,0.13043478260869565,0.46808510638297873,0.2127659574468085,0.3191489361702128,55.04031958209389,71.93844138834315,430,16,45.3820047137128,37.88474132285527,949,144,48.812851157281834,43.5494433529797,864,137,55.95235085082021,73.60838244924689,404,20
841,260,118,"McEvoy, Aidan",1000079355.0,FLO_Y'A,Four-Seam,L,36,62,53.45146372583165,66.47127784290738,36.180732916218325,5.346985210466439,-0.0032157760345379,-0.0028736309288294,48.27024448294765,48.27024448294765,44.9901768172888,0.3009735776905337,-0.0032157760345379,0.2043709625744366,287,55,12,8,0,5,2,5,0.0,0.4166666666666667,0.16666666666666666,0.4166666666666667,51.863596922311785,60.28159790438769,618,46,36.49019003684828,5.50098231827112,1515,245,53.137954346968364,63.0648330058939,594,72,49.79270515202998,50.75311067452522,761,72
842,261,143,"Helt, Robert",836007.0,LAK_ERI24,Four-Seam,R,243,480,44.76343285821923,30.128956623681123,56.43006155125271,75.54038680318543,0.0084184944849387,0.0,48.26342146612927,48.26342146612927,44.92468893254748,-0.4566376681529991,0.0084184944849387,0.260716925466266,597,174,78,73,7,31,13,34,0.0958904109589041,0.3974358974358974,0.16666666666666666,0.4358974358974359,50.67548579491317,54.06024885396201,703,48,43.02709489061627,24.885396201702683,1148,184,53.137954346968364,63.0648330058939,546,82,48.57800579045037,45.64505566470203,831,77
843,98,44,"Baker, Luke",694914.0,EVA_OTT,Curveball,L,37,59,47.57706864866991,42.43845252051583,49.70084027136812,54.55062571103527,0.004552214166877,0.0,48.214200135479366,48.214200135479366,44.85920104780616,-0.2112837842827531,0.004552214166877,0.2446985864651941,492,57,8,9,2,1,1,6,0.2222222222222222,0.125,0.125,0.75,33.84391149009949,2.8159790438768826,1485,75,51.63920763446932,63.42501637197119,561,49,57.04718222995426,78.42174197773411,329,19,28.737916217983376,1.4734774066797642,1505,76
844,227,138,"Hicks, Jackson",703104.0,DOW_EAS1,Slider,R,74,116,48.21146580442984,44.54865181711606,48.2172088108202,48.80546075085324,0.0036997923372783,0.0,48.21318870634695,48.21318870634695,44.79371316306484,-0.1559632603506188,0.0036997923372783,0.2698937957272838,474,128,17,22,4,7,3,7,0.18181818181818182,0.4117647058823529,0.17647058823529413,0.4117647058823529,51.560745066308215,58.808120497707925,630,72,48.88484079853823,53.208906352324824,717,123,52.218136021559914,58.51342501637197,634,82,50.10233440106008,51.997380484610346,731,82
845,228,90,"Bargo, Casey",1000057987.0,FLO_Y'A,Slider,L,26,101,50.25557241114212,52.87221570926143,43.409413260834,26.109215017064848,0.0009374689516971,0.0,48.201724666049685,48.201724666049685,44.72822527832351,0.0222863541530954,0.0009374689516971,0.222063735502908,403,112,5,5,0,1,1,3,0.0,0.2,0.2,0.6,38.47754488695408,11.100196463654225,1363,130,36.49019003684828,5.50098231827112,1478,140,50.010572040579646,48.16633922724296,807,79,38.21257123830435,11.42763588736084,1359,128
846,262,119,"Serrano, Elio",665939.0,NEW_JER6,Four-Seam,L,237,427,46.23710798006783,36.5767878077374,52.6837530498297,65.07394766780432,0.0062660494661166,0.004599973413151,48.17110150099639,48.17110150099639,44.662737393582184,-0.3281306609789844,0.0062660494661166,0.2347399919758464,542,152,101,60,12,24,23,54,0.2,0.2376237623762376,0.22772277227722773,0.5346534653465347,40.80200784511216,18.467583497053045,1246,170,50.12430587470722,58.08775376555337,638,70,47.409580815464274,36.607727570399476,969,142,42.34014372240457,22.265880812049772,1188,163
847,263,120,"Marklund, Brandon",647282.0,OTT_TIT,Four-Seam,L,126,279,49.30991371611975,48.76905041031653,45.50634978601199,36.29124004550626,0.00214226577414,0.0,48.16884453708742,48.16884453708742,44.59724950884086,-0.0601767117585881,0.00214226577414,0.2400405586826923,438,109,33,33,7,9,8,16,0.21212121212121213,0.2727272727272727,0.24242424242424243,0.48484848484848486,42.97076515057065,26.064178127046496,1130,141,50.950615925486545,61.263916175507525,593,63,46.030267286994004,31.696136214800262,1046,161,45.48604377915681,33.39882121807465,1019,127
848,264,144,"Peyton, Blake",1000017005.0,GAT_GRI,Four-Seam,R,175,234,50.578154745236645,54.86518171160609,42.54055871532054,23.03754266211604,0.0004382677679556,0.0,48.16687593626182,48.16687593626182,44.531761624099545,0.0504160889278099,0.0004382677679556,0.2091089296712811,386,95,45,39,6,9,8,28,0.15384615384615385,0.2,0.17777777777777778,0.6222222222222222,38.47754488695408,11.100196463654225,1364,212,46.977971450585926,45.2521283562541,843,119,52.095493578172125,57.531106745252124,650,98,36.808918642701244,8.97184020956123,1391,221
849,265,145,"Widener, Jacob",683179.0,SUS_COU1,Four-Seam,R,71,130,50.05942319640536,51.93434935521688,43.68594849786657,27.701934015927183,0.0010963525282241,0.0,48.147380786843726,48.147380786843726,44.46627373935822,0.0051818050081423,0.0010963525282241,0.260078517149679,411,101,22,18,2,7,9,6,0.1111111111111111,0.3181818181818182,0.4090909090909091,0.2727272727272727,45.77902781533101,36.05108055009823,978,104,44.0646988356588,30.648330058939095,1073,174,30.393355755050415,3.2416502946954813,1478,247,58.88454582809556,81.17223313686968,292,12
850,104,51,"Lefebvre, Charles",1000429097.0,TRO_AIG,Sinker,R,213,412,48.69945175037782,46.658851113716295,46.84418716716456,42.94653014789533,0.0029109214804071,0.0,48.14287237541384,48.14287237541384,44.4007858546169,-0.1134100459229427,0.0029109214804071,0.2405968891118411,456,59,80,66,4,41,9,30,0.06060606060606061,0.5125,0.1125,0.375,57.78435070718154,81.20497707924034,288,38,40.62174029074493,15.684348395546824,1289,85,58.219950594850026,81.40144073346431,285,27,52.424553768785806,61.55861165684349,589,76
851,106,44,"Delongchamp, Luke",802194.0,TRI_VAL,Changeup,R,115,286,46.126724396095646,36.10785463071512,52.8462323448706,65.8703071672355,0.006359402095549,0.004427728662351,48.14257678072813,48.14257678072813,44.335297969875576,-0.3377562994980172,0.006359402095549,0.2585911112985274,546,82,46,35,4,21,9,16,0.11428571428571428,0.45652173913043476,0.1956521739130435,0.34782608695652173,54.325914186340796,69.81008513425017,462,46,44.28111337276768,32.05631958087754,1038,60,50.41849147184774,50.52390307793059,756,53,54.14097677971352,66.83038637851998,507,49
852,105,52,"Martzolf, Max",10998500.0,JOL_SLA,Sinker,R,135,241,52.436431884402914,62.83704572098476,38.12077073440452,8.418657565415245,-0.0021011255094956,-7.66302579143785e-05,48.14173353940339,48.14173353940339,44.269810085134246,0.2124610540043678,-0.0021011255094956,0.2360337349653428,318,35,42,37,2,10,5,27,0.05405405405405406,0.23809523809523808,0.11904761904761904,0.6428571428571429,40.831136453610384,18.631303208906353,1244,118,40.17508620924259,13.916175507531106,1317,95,57.6056433560951,80.41912246234446,300,28,35.505526946784066,6.679764243614931,1428,126
853,107,63,"Delongchamp, Luke",802194.0,TRI_VAL,Changeup,L,171,286,46.126724396095646,36.10785463071512,52.79670314983152,65.58589306029579,0.006330945050672,0.0,48.127718022216406,48.127718022216406,44.20432220039292,-0.3377562994980172,0.006330945050672,0.2585911112985274,546,82,50,41,2,15,15,20,0.04878048780487805,0.3,0.3,0.4,44.655722749426864,31.761624099541585,1043,92,39.81558414364315,12.999345121152587,1328,91,40.62842512141349,15.553372626064178,1287,98,50.845444598732314,55.10805500982319,678,63
854,266,146,"Webster, Evan",804248.0,FLO_Y'A,Four-Seam,R,332,508,52.16327802002533,61.89917936694022,38.70054363943005,9.840728100113768,-0.0017680164500052,0.0,48.124457705846744,48.124457705846744,44.13883431565161,0.1886415668672381,-0.0017680164500052,0.2171897090475571,326,72,115,92,24,31,24,60,0.2608695652173913,0.26956521739130435,0.20869565217391303,0.5217391304347826,42.775407747804714,25.278323510150624,1142,148,54.27381939057733,71.90569744597249,431,44,49.19473317804346,45.05566470203012,840,133,43.15586950977616,24.918140144073348,1148,151
855,267,147,"Wilcenski, Blaise",824656.0,WIN_CIT29,Four-Seam,R,28,58,53.89623126536211,67.99531066822978,34.595196314832464,3.6973833902161535,-0.0041267475571759,-0.0091342751918883,48.10592078020321,48.10592078020321,44.073346430910284,0.3397580726893451,-0.0041267475571759,0.2024319712230101,274,53,10,8,2,3,3,4,0.25,0.3,0.3,0.4,44.655722749426864,31.761624099541585,1053,126,53.53283483417195,69.25343811394892,495,56,40.62842512141349,15.553372626064178,1299,218,50.845444598732314,55.10805500982319,711,51
856,108,45,"Johnston, Spencer",800918.0,DOW_EAS1,Changeup,R,106,299,50.22701336644172,52.754982415005856,43.10194612051484,25.085324232081916,0.0007608134214918,0.0,48.08949319266365,48.08949319266365,44.00785854616896,0.0197959562982457,0.0007608134214918,0.2422324404733498,404,62,34,28,8,20,5,9,0.2857142857142857,0.5882352941176471,0.14705882352941177,0.2647058823529412,62.46341188243667,88.99803536345776,171,16,55.96749837664676,76.55533726260641,365,20,54.977590997785256,70.56319580877538,452,33,59.391211871962994,82.2527832351015,272,27
857,99,45,"Floyd, Conner",1000161370.0,QUE_CAP,Curveball,L,27,58,49.878464222410216,51.1137162954279,43.89569946247919,28.896473265073947,0.0012168651391855,0.0,48.08363479443091,48.08363479443091,43.94237066142764,-0.0105981289980896,0.0012168651391855,0.2517003831227823,418,55,3,3,1,2,1,0,0.3333333333333333,0.6666666666666666,0.3333333333333333,0.0,67.30904157849375,94.8264571054355,81,15,59.21371643327984,83.00589390962672,269,32,37.501042815024775,10.31434184675835,1381,65,76.11119131958824,98.91944990176817,21,7
858,109,46,"Sakurai, Masatoshi",1000429128.0,QUE_CAP,Changeup,R,132,145,48.66199848499945,46.189917936694016,46.69608132662966,41.9226393629124,0.002825827132572,0.0,48.07222333748851,48.07222333748851,43.876882776686315,-0.116676035130001,0.002825827132572,0.2620957309066307,460,71,32,31,5,14,9,9,0.16129032258064516,0.4375,0.28125,0.28125,53.150717310326954,65.88081204977078,522,54,47.48544474479904,47.053045186640475,810,47,42.387577668757146,20.072036673215454,1222,72,58.346213156486414,80.58284217419778,298,31
859,268,148,"Balzan, Jackson",827496.0,SUS_COU1,Four-Seam,R,181,298,46.10954962269018,35.990621336459554,52.60944177809479,64.6188850967008,0.0062233538561242,0.0013490157851663,48.059517269311556,48.059517269311556,43.811394891944985,-0.3392539693008838,0.0062233538561242,0.2473467935084296,547,155,66,46,7,13,17,36,0.15217391304347827,0.19696969696969696,0.25757575757575757,0.5454545454545454,38.29032737597006,9.986902423051735,1376,213,46.86397382652356,44.531761624099545,847,120,44.608729874999135,24.95088408644401,1147,191,41.657900336602886,19.810085134250162,1224,171
860,269,121,"Perdomo, Rafael",1000557553.0,QUE_CAP,Four-Seam,L,108,165,45.35031767217271,32.23915592028136,54.36965401274592,70.53469852104665,0.007234685425616,0.00013543338202,48.056118574344666,48.056118574344666,43.74590700720367,-0.4054603022065392,0.007234685425616,0.2263916515782618,579,163,34,23,3,7,11,16,0.13043478260869565,0.20588235294117646,0.3235294117647059,0.47058823529411764,38.84096711415836,12.213490504256711,1341,192,45.3820047137128,37.88474132285527,947,133,38.42086114043322,12.704649639816633,1334,218,46.38678341269891,36.313032089063526,974,111
861,33,17,"Parks, Pavin",682030.0,LAK_ERI24,Cutter,R,94,135,48.308271657250295,44.7831184056272,47.45585509279582,45.73378839590443,0.0032623558535235,0.0,48.052546687913946,48.052546687913946,43.68041912246235,-0.1475216233585528,0.0032623558535235,0.2539856110847988,472,23,30,25,3,6,8,16,0.12,0.2,0.26666666666666666,0.5333333333333333,38.47754488695408,11.100196463654225,1360,33,44.670659539563644,33.23510150622135,1021,25,43.75580742780221,23.18271119842829,1175,25,42.423529025113666,22.593320235756384,1184,28
862,110,47,"Moreno, Jose",1000306184.0,DOW_EAS1,Changeup,R,44,93,49.48517778893063,49.47245017584994,44.69126047230493,32.53697383390216,0.001673955454123,0.0,48.04700259394292,48.04700259394292,43.614931237721024,-0.0448933829379169,0.001673955454123,0.2305931960968368,432,66,9,6,1,2,5,2,0.16666666666666666,0.2222222222222222,0.5555555555555556,0.2222222222222222,39.850473300836924,15.160445317616242,1300,83,47.85195323506406,49.08316961362148,781,45,20.0,0.4256712508185986,1522,84,62.07466536355717,88.37590045841519,185,17
863,229,139,"Agosto, Justus",1000116159.0,TRI_VAL,Slider,R,31,54,50.73921002554059,55.45134818288394,41.73144987616739,18.77133105802048,-2.660646486812946e-05,-0.0007340344652101,48.03688198072862,48.03688198072862,43.5494433529797,0.0644603865851314,-2.660646486812946e-05,0.2283734212126386,381,107,8,8,2,2,2,4,0.25,0.25,0.25,0.5,41.566633818190475,21.31630648330059,1218,147,53.53283483417195,69.25343811394892,485,89,45.319498580996566,28.127046496398165,1122,130,44.52900791851833,29.3713163064833,1109,132
864,270,149,"Rivera, Matthew",681344.0,NEW_ENG23,Four-Seam,R,92,143,39.365795600497,12.778429073856977,68.24501448549697,94.53924914675768,0.0152067866347366,0.0091938047752886,48.02956126599699,48.02956126599699,43.48395546823838,-0.927320927656451,0.0152067866347366,0.2607187529432053,745,228,37,29,2,8,8,21,0.06896551724137931,0.21621621621621623,0.21621621621621623,0.5675675675675675,39.47941156735507,13.948919449901767,1315,192,41.1916092912824,18.07465618860511,1251,204,48.48914281044459,41.22462344466274,897,147,40.261145296752126,16.142763588736084,1281,187
865,271,150,"Foltz Jr., Michael",803189.0,WAS_WIL3,Four-Seam,R,153,284,49.833774711688335,50.76201641266119,43.775774754888005,28.2707622298066,0.0011479622873808,0.0,48.01637472464823,48.01637472464823,43.418467583497055,-0.0144951312544181,0.0011479622873808,0.2472450679517575,421,105,61,43,4,16,16,29,0.09302325581395349,0.26229508196721313,0.26229508196721313,0.47540983606557374,42.32624585046172,23.706614276358874,1166,156,42.83163926375941,24.03405370006549,1161,187,44.165955927000724,24.230517354289457,1158,195,46.08223005299718,34.9705304518664,994,109
866,272,151,"Parra, Andres",800365.0,LAK_ERI24,Four-Seam,R,177,241,49.65848263254625,49.941383352872215,44.16423969005627,29.92036405005688,0.001371155175626,0.0,48.01020974979926,48.01020974979926,43.352979698755725,-0.0297809022753759,0.001371155175626,0.2413701210848871,428,107,54,39,3,16,10,28,0.07692307692307693,0.2962962962962963,0.18518518518518517,0.5185185185185185,44.42690134711306,30.746561886051083,1058,128,41.7340807437171,20.13752455795678,1224,200,51.40051973230796,54.616895874263264,696,104,43.35929742218241,25.343811394891947,1141,149
867,34,18,"Ginn, Landon",701061.0,WAS_WIL3,Cutter,R,61,111,45.9240305091008,35.28722157092614,52.85525424578206,65.92718998862344,0.0063645856370725,0.0,48.00339763010518,48.00339763010518,43.28749181401441,-0.3554315553288289,0.0063645856370725,0.248270401157219,553,26,8,15,8,5,2,1,0.5333333333333333,0.625,0.25,0.125,64.73480080246343,92.40340537000655,113,3,72.84783227113877,97.18402095612312,44,1,45.319498580996566,28.127046496398165,1079,22,68.21564546932076,96.39816633922725,51,3
868,273,122,"House, Tristan",1000248636.0,MIS_MUD,Four-Seam,L,148,314,46.42454612349646,37.39742086752638,51.65873465261516,61.54721274175199,0.0056771241967622,0.0,47.99480268223206,47.99480268223206,43.222003929273086,-0.3117857322459456,0.0056771241967622,0.2497359021009245,535,148,55,44,3,23,14,18,0.06818181818181818,0.41818181818181815,0.2545454545454545,0.32727272727272727,51.9572056778038,61.0347085789129,596,41,41.13818407248201,17.94368041912246,1254,199,44.89303735739811,25.212835625409298,1143,181,55.439216729797025,73.21545514079895,410,27
869,230,140,"Simpson, Garret",1000073158.0,EVA_OTT,Slider,R,28,52,44.10880383192303,27.549824150058612,57.05266159904499,77.24687144482367,0.0087762099189666,0.0,47.99196116205961,47.99196116205961,43.15651604453176,-0.5137224460198051,0.0087762099189666,0.2904505067599369,619,152,7,4,0,1,1,5,0.0,0.14285714285714285,0.14285714285714285,0.7142857142857143,34.94715753696963,4.191224623444663,1461,171,36.49019003684828,5.50098231827112,1388,172,55.37179885153173,72.59332023575638,407,54,30.99378646091694,2.75049115913556,1484,174
870,274,152,"Simpson, Garret",1000073158.0,EVA_OTT,Four-Seam,R,187,370,48.00486707064505,44.07971864009379,47.92723619125292,47.098976109215016,0.0035331883001721,0.0,47.98157780682741,47.98157780682741,43.09102815979044,-0.1739790255426926,0.0035331883001721,0.2495588027589367,478,127,71,49,4,25,11,35,0.08163265306122448,0.352112676056338,0.15492957746478872,0.49295774647887325,47.875336565081696,45.121152586771444,839,74,42.05513527679071,21.152586771447282,1205,195,54.239145299922136,67.51800916830386,497,74,44.97382740304044,32.48199083169613,1032,121
871,111,48,"Gollert, Harley",8890793.0,QUE_CAP,Changeup,R,38,52,43.79163815430064,26.260257913247365,57.75461614986922,79.29465301478953,0.009179518556199,0.0,47.980531552971215,47.980531552971215,43.02554027504912,-0.541379839026782,0.009179518556199,0.2535624074982756,630,96,8,11,3,2,0,6,0.2727272727272727,0.25,0.0,0.75,41.566633818190475,21.31630648330059,1186,80,55.082166179383194,74.03405370006548,392,21,68.77486587891195,96.29993451211526,28,2,28.737916217983376,1.4734774066797642,1501,85
872,275,123,"Maietta, Dante",1000137704.0,WIN_CIT29,Four-Seam,L,187,431,47.57340287355787,42.32121922626026,48.92612969917859,51.42207053469852,0.0041071034901923,0.0,47.97922092124408,47.97922092124408,42.960052390307794,-0.2116034461822028,0.0041071034901923,0.2334961314505891,493,131,61,41,2,12,11,38,0.04878048780487805,0.19672131147540983,0.18032786885245902,0.6229508196721312,38.27498167834842,9.88867059593975,1377,200,39.81558414364315,12.999345121152587,1330,215,51.856240286972984,56.90897184020957,659,83,36.76289724612409,8.906352324819908,1392,217
873,112,64,"Harris, Ben",1000390130.0,GAT_GRI,Changeup,L,165,316,48.66394486800626,46.30715123094959,46.37873353475895,40.72810011376564,0.0026434946648676,0.0,47.97838146803206,47.97838146803206,42.89456450556647,-0.1165063071816144,0.0026434946648676,0.2486944522857092,459,70,44,47,5,28,4,12,0.10638297872340426,0.6363636363636364,0.09090909090909091,0.2727272727272727,65.43686646865352,93.35297969875573,105,9,43.74237931230516,28.945645055664706,1086,74,60.245641406942724,86.4112639161755,209,16,58.88454582809556,81.17223313686968,288,27
874,276,124,"Misla, Luis",695417.0,TRI_VAL,Four-Seam,L,116,280,45.25819784717079,32.12192262602579,54.29179688855801,70.25028441410694,0.0071899525428129,0.0019686470104279,47.96827755958695,47.96827755958695,42.82907662082515,-0.4134933095070495,0.0071899525428129,0.2647596055676912,580,164,43,40,4,13,7,23,0.1,0.3023255813953488,0.16279069767441862,0.5348837209302325,44.7994013043681,32.54747871643746,1031,120,43.307247955777754,26.39161755075311,1117,165,53.501603452362396,65.65160445317616,526,63,42.32559977425764,22.20039292730845,1189,164
875,113,49,"Thebiay, Nolan",1000338675.0,EVA_OTT,Changeup,R,32,113,50.30641377984048,52.989449003517,42.488187254897966,22.696245733788395,0.0004081776968703,0.0,47.96094582235772,47.96094582235772,42.763588736083825,0.0267198090137983,0.0004081776968703,0.2673485744132881,402,61,9,12,2,6,0,3,0.16666666666666666,0.6666666666666666,0.0,0.3333333333333333,67.30904157849375,94.8264571054355,84,8,47.85195323506406,49.08316961362148,785,46,68.77486587891195,96.29993451211526,81,8,55.05640238554163,70.43222003929273,470,43
876,231,91,"Conklin, MacCallan",1000187772.0,TRO_AIG,Slider,L,26,52,50.89953560348869,56.27198124267292,40.9206089119507,16.21160409556314,-0.0004924758917511,-0.0009249939043464,47.90585759602729,47.90585759602729,42.6981008513425,0.0784410529410317,-0.0004924758917511,0.2235312970964248,374,106,9,4,0,5,1,3,0.0,0.5555555555555556,0.1111111111111111,0.3333333333333333,60.444399509079545,85.85461689587426,220,27,36.49019003684828,5.50098231827112,1489,141,58.35025819094956,82.31827111984283,278,35,55.05640238554163,70.43222003929273,476,47
877,114,50,"Scott, Brandon",1000138331.0,LAK_ERI24,Changeup,R,202,239,48.15904637320506,44.4314185228605,47.3031696357854,45.051194539249146,0.0031746302828014,0.0,47.90228335197916,47.90228335197916,42.63261296660118,-0.1605343249798505,0.0031746302828014,0.274638854752566,475,72,56,60,9,33,9,14,0.15,0.5892857142857143,0.16071428571428573,0.25,62.528308708723145,89.19449901768172,166,15,46.715776915242486,44.073346430910284,856,50,53.696415473109205,66.11001964636543,518,38,60.32009961905328,84.61034708578913,236,22
878,115,51,"Peters, Garrett",833402.0,NEW_YOR13,Changeup,R,362,480,47.51731617392271,41.96951934349355,48.76303749497633,51.08077360637088,0.0040133987132337,0.0009462830881235,47.89103257023879,47.89103257023879,42.56712508185986,-0.2164943029290688,0.0040133987132337,0.2572438496575661,496,76,113,104,20,35,28,50,0.19230769230769232,0.30973451327433627,0.24778761061946902,0.4424778761061947,45.25713829356138,34.31565160445317,1004,74,49.59991680402034,56.12311722331369,670,36,45.52706820310201,30.97576948264571,1055,64,48.16235645138478,44.269810085134246,852,61
879,277,153,"Phelps, Travis",,FLO_Y'A,Four-Seam,R,35,53,40.44591214387641,15.70926143024619,65.19524363858633,92.37770193401592,0.0134545379703546,0.0,47.87071159228938,47.87071159228938,42.501637197118534,-0.8331329059337826,0.0134545379703546,0.2836330509497922,720,216,12,6,3,2,4,6,0.5,0.16666666666666666,0.3333333333333333,0.5,36.418152266129816,6.221349050425671,1425,229,70.57547963149563,95.87426326129666,53,4,37.501042815024775,10.31434184675835,1346,230,44.52900791851833,29.3713163064833,1043,124
880,100,55,"Misla, Luis",695417.0,TRI_VAL,Curveball,R,80,156,47.67743017878222,42.79015240328253,48.22778979711703,48.91922639362912,0.0037058716527539,0.0,47.842538064282664,47.842538064282664,42.43614931237721,-0.2025320861106626,0.0037058716527539,0.2557319512353878,489,56,19,18,2,7,4,8,0.1111111111111111,0.3684210526315789,0.21052631578947367,0.42105263157894735,48.88289707638193,48.23182711198428,790,65,44.0646988356588,30.648330058939095,1056,66,49.02297762803584,44.46627373935822,847,50,49.51566845552937,49.60707269155206,771,66
881,116,65,"Long, Jalon",809215.0,NEW_YOR13,Changeup,L,99,114,45.85697463131603,34.93552168815944,52.46453891198875,64.16382252559727,0.0061400997802133,0.0,47.83924391551784,47.83924391551784,42.37066142763589,-0.3612789432909312,0.0061400997802133,0.2719102656146036,556,84,27,26,7,12,10,5,0.2692307692307692,0.4444444444444444,0.37037037037037035,0.18518518518518517,53.579757439665336,67.3215455140799,494,54,54.84380751088916,73.14996725605762,411,24,34.02617358570398,6.221349050425671,1433,102,64.414086356229,91.97773411918794,122,9
882,35,19,"Morgan, Cooper",692707.0,QUE_CAP,Cutter,R,45,97,50.82487141126997,55.92028135990621,40.85568172484475,15.984072810011376,-0.0005297798672297,-0.0006126596294126,47.8341145053424,47.8341145053424,42.305173542894565,0.0719302068645526,-0.0005297798672297,0.2255201865910181,377,18,16,12,3,3,5,8,0.25,0.1875,0.3125,0.5,37.705272654144984,9.037328094302556,1396,34,53.53283483417195,69.25343811394892,489,9,39.45565675651772,13.621480026195155,1321,30,44.52900791851833,29.3713163064833,1112,25
883,278,154,"Maietta, Dante",1000137704.0,WIN_CIT29,Four-Seam,R,244,431,47.57340287355787,42.32121922626026,48.35732997058033,49.48805460750853,0.00378029907938,0.0,47.8085810026646,47.8085810026646,42.23968565815324,-0.2116034461822028,0.00378029907938,0.2334961314505891,493,131,83,62,6,25,14,44,0.0967741935483871,0.30120481927710846,0.1686746987951807,0.5301204819277109,44.73015862728799,32.48199083169613,1032,120,43.08734286161874,25.01637197118533,1145,183,52.949557822487115,60.90373280943025,598,88,42.626466749779176,23.248199083169613,1173,156
884,106,54,"Eldred, Zach",1000227712.0,NEW_ENG23,Sinker,L,53,100,48.392382846560245,45.25205158264947,46.24441151783341,39.93174061433447,0.002566319825652,0.0,47.7479914479422,47.7479914479422,42.17419777341192,-0.1401869828751674,0.002566319825652,0.2415869832426711,468,61,13,13,1,6,0,7,0.07692307692307693,0.46153846153846156,0.0,0.5384615384615384,54.63585621957522,70.6286836935167,451,44,41.7340807437171,20.13752455795678,1222,89,68.77486587891195,96.29993451211526,65,3,42.09960919535911,21.28356254092993,1207,109
885,232,92,"Matos, Dwayne",684228.0,OTT_TIT,Slider,L,60,143,47.52094815096405,42.08675263774912,48.27527898011782,49.20364050056883,0.0037331566068251,0.0,47.747247399710176,47.747247399710176,42.108709888670596,-0.2161775882795592,0.0037331566068251,0.2608034991662152,495,134,8,6,1,6,0,2,0.16666666666666666,0.75,0.0,0.25,72.4575231305544,97.60969220694172,35,3,47.85195323506406,49.08316961362148,774,108,68.77486587891195,96.29993451211526,54,8,60.32009961905328,84.61034708578913,235,21
886,279,125,"Ferguson, Francis",823799.0,WIN_CIT29,Four-Seam,L,50,162,48.60119288030104,45.838218053927314,45.718554674962895,37.37201365187713,0.0022641882896025,0.0,47.73640141869959,47.73640141869959,42.04322200392927,-0.1219783885207522,0.0022641882896025,0.2517631139617959,463,121,17,18,0,8,3,6,0.0,0.47058823529411764,0.17647058823529413,0.35294117647058826,55.194967338351034,72.52783235101506,422,21,36.49019003684828,5.50098231827112,1458,237,52.218136021559914,58.51342501637197,637,78,53.81788538942124,66.17550753110675,518,37
887,107,53,"Shoemaker, Adam",692248.0,QUE_CAP,Sinker,R,37,62,46.792181381052686,39.273153575615474,49.881958889235534,55.23321956769056,0.0046562760365006,0.0,47.71911463350754,47.71911463350754,41.97773411918795,-0.2797273049984696,0.0046562760365006,0.2645577991150927,519,68,8,12,4,5,1,2,0.3333333333333333,0.625,0.125,0.25,64.73480080246343,92.40340537000655,116,21,59.21371643327984,83.00589390962672,259,7,57.04718222995426,78.42174197773411,328,31,60.32009961905328,84.61034708578913,233,32
888,117,66,"Johnston, Spencer",800918.0,DOW_EAS1,Changeup,L,193,299,50.22701336644172,52.754982415005856,41.80969783922187,19.169510807736064,1.835097476761078e-05,0.0,47.70181870827576,47.70181870827576,41.91224623444663,0.0197959562982457,1.835097476761078e-05,0.2422324404733498,404,62,62,58,15,18,15,29,0.25862068965517243,0.2903225806451613,0.24193548387096775,0.46774193548387094,44.05783456918757,29.404060248853963,1080,95,54.12051224097622,71.51277013752456,436,26,46.076123332542224,31.92534381139489,1041,83,46.5665681379422,37.164374590700724,961,83
889,233,141,"Lovin, Xander",815234.0,GAT_GRI,Slider,R,90,157,43.98025451698733,27.080890973036343,56.35398295817222,75.36973833902162,0.0083747834588305,0.0,47.69237304934279,47.69237304934279,41.846758349705304,-0.5249321675464427,0.0083747834588305,0.2868814999915557,623,153,28,20,2,13,5,10,0.1,0.4642857142857143,0.17857142857142858,0.35714285714285715,54.805586380632164,71.41453831041258,437,43,43.307247955777754,26.39161755075311,1116,156,52.021032094686674,57.26915520628684,652,83,53.55248889025259,65.4551407989522,528,54
890,108,55,"Williams, Pierce",1000337420.0,NEW_ENG23,Sinker,L,29,83,41.95816557279176,19.81242672919109,61.07106132393227,86.17747440273038,0.0110849852022045,0.0171581267002089,47.69203429813391,47.69203429813391,41.78127046496398,-0.7012618039810149,0.0110849852022045,0.2741412512256161,685,101,10,10,1,7,2,1,0.1,0.7,0.2,0.1,69.36843419931802,96.1034708578913,58,6,43.307247955777754,26.39161755075311,1111,77,50.010572040579646,48.16633922724296,772,56,69.79475463937426,97.47871643745907,39,4
891,109,54,"Shears, Tanner",808632.0,SCH_BOO,Sinker,R,48,60,44.99021664028929,30.94958968347011,53.96971022607204,69.16951080773607,0.0070048973526081,0.0,47.68406471602411,47.68406471602411,41.71578258022266,-0.4368617320071344,0.0070048973526081,0.2679782621049218,590,81,10,11,0,5,1,4,0.0,0.5,0.1,0.4,57.012078474372444,77.60314341846758,324,44,36.49019003684828,5.50098231827112,1400,112,59.39271895974579,84.67583497053045,231,22,50.845444598732314,55.10805500982319,674,84
892,110,56,"De Jesus, Larry",692356.0,DOW_EAS1,Sinker,L,35,75,49.50945654481404,49.58968347010551,43.37623150315381,25.938566552901023,0.0009184043420934,0.0,47.669489032315965,47.669489032315965,41.650294695481335,-0.0427762336353142,0.0009184043420934,0.2290362133786434,431,55,5,6,0,4,1,0,0.0,0.8,0.2,0.0,75.54661206179081,98.5592665356909,24,2,36.49019003684828,5.50098231827112,1479,123,50.010572040579646,48.16633922724296,809,63,76.11119131958824,98.91944990176817,24,1
893,111,55,"Kostura, Brit",1000146015.0,WAS_WIL3,Sinker,R,98,133,49.82499646783368,50.64478311840562,42.57688641559922,23.151308304891923,0.0004591398817925,0.0,47.65056345216333,47.65056345216333,41.58480681074001,-0.0152606092280103,0.0004591398817925,0.2332811585589743,422,52,37,26,4,9,6,22,0.15384615384615385,0.24324324324324326,0.16216216216216217,0.5945945945945946,41.1491893680234,19.44990176817289,1231,117,46.977971450585926,45.2521283562541,842,35,53.56057357756143,65.78258022265881,524,48,38.55400024804564,12.508185985592664,1337,121
894,234,142,"Cook, Cole",1000161363.0,SCH_BOO,Slider,R,71,195,53.92059411662984,68.34701055099647,32.92343184795817,2.3321956769055743,-0.005087261379783,-1.1102230246251563e-16,47.62144543602834,47.62144543602834,41.51931892599869,0.3418825552542097,-0.005087261379783,0.2415546612739658,271,86,14,34,18,7,1,6,0.5294117647058824,0.5,0.07142857142857142,0.42857142857142855,57.012078474372444,77.60314341846758,395,37,72.58049666647487,97.02030124426982,47,6,62.073332365221844,89.9803536345776,160,18,49.04074840438546,47.511460379829735,820,96
895,36,17,"Langrell, Connor",815223.0,MIS_MUD,Cutter,L,111,262,49.416274272885694,49.12075029308324,43.359590106642685,25.82480091012514,0.0009088430123169,0.0,47.59926902301279,47.59926902301279,41.45383104125737,-0.0509018881365351,0.0009088430123169,0.2348708000258893,435,20,31,24,5,13,6,12,0.20833333333333334,0.41935483870967744,0.1935483870967742,0.3870967741935484,52.02967697237826,61.1984282907662,593,15,50.692394034618005,60.41257367387033,609,9,50.61587184181617,51.34250163719712,744,16,51.66046868650186,58.41519318925998,636,18
896,280,155,"Armstrong, Andrew",803262.0,NEW_YOR13,Four-Seam,R,84,129,43.922248568181,26.963657678780773,56.14083351383829,74.68714448236634,0.0082523182481979,0.0013490157851663,47.58782405187818,47.58782405187818,41.388343156516044,-0.5299903861245241,0.0082523182481979,0.2753862657188625,624,184,29,24,5,3,9,17,0.20833333333333334,0.10344827586206896,0.3103448275862069,0.5862068965517241,32.512407640428634,1.6371971185330716,1503,247,50.692394034618005,60.41257367387033,604,78,39.65785819874113,13.850687622789785,1316,225,39.083803883851104,13.457760314341845,1321,197
897,118,52,"Henderson, Drew",1000429021.0,DOW_EAS1,Changeup,R,44,144,46.93222884387711,39.85932004689332,49.07790579147899,51.990898748577926,0.0041943065845782,0.0,47.57593192815767,47.57593192815767,41.32285527177472,-0.267514925184861,0.0041943065845782,0.2467043231780351,514,79,10,10,3,6,1,3,0.3,0.6,0.1,0.3,63.19025633684523,90.34053700065488,148,13,56.94136379363668,78.68369351669942,327,18,59.39271895974579,84.67583497053045,233,23,57.1618812789463,76.85003274394238,349,33
898,281,126,"Esposito, Michael",1000059095.0,NEW_ENG23,Four-Seam,L,74,139,47.298187477023326,41.14888628370457,48.16960068955676,48.634812286689424,0.0036724390471182,0.0,47.55961144078335,47.55961144078335,41.2573673870334,-0.2356027024718104,0.0036724390471182,0.2501288168394009,503,135,20,19,4,4,8,8,0.21052631578947367,0.2,0.4,0.4,38.47754488695408,11.100196463654225,1359,196,50.841890918805056,60.90373280943025,597,65,31.246278202247336,3.9292730844793713,1464,238,50.845444598732314,55.10805500982319,685,57
899,112,56,"Wehrle, Tyler",806332.0,WIN_CIT29,Sinker,R,32,94,46.84991173133693,39.50762016412661,49.15473546568939,52.218430034129696,0.0042384491450451,0.0062541940644513,47.54135885164267,47.54135885164267,41.191879502292075,-0.274693119085886,0.0042384491450451,0.2472360834830847,517,67,11,9,0,7,2,2,0.0,0.6363636363636364,0.18181818181818182,0.18181818181818182,65.43686646865352,93.35297969875573,104,18,36.49019003684828,5.50098231827112,1431,117,51.71641693497349,55.95939751146039,673,60,64.62676099192646,92.5343811394892,115,15
900,113,57,"Sechrist, Zander",801415.0,WAS_WIL3,Sinker,L,32,98,40.163305277444906,14.536928487690504,64.67720114780195,91.86575654152446,0.0131568961775328,0.004084706246803,47.51747403855202,47.51747403855202,41.12639161755075,-0.8577767111209006,0.0131568961775328,0.2693160256814113,730,111,4,7,2,2,1,1,0.2857142857142857,0.5,0.25,0.25,57.012078474372444,77.60314341846758,296,26,55.96749837664676,76.55533726260641,350,14,45.319498580996566,28.127046496398165,1060,93,60.32009961905328,84.61034708578913,215,21
901,114,58,"Morgan, Cooper",692707.0,QUE_CAP,Sinker,L,55,103,47.32702155568272,41.38335287221571,47.96043875621647,47.44027303754266,0.0035522648646197,0.0,47.517046715842845,47.517046715842845,41.06090373280943,-0.2330883211823372,0.0035522648646197,0.2537142973475358,501,65,10,16,9,5,2,3,0.5625,0.5,0.2,0.3,57.012078474372444,77.60314341846758,347,29,74.83614083082654,98.00261951538965,32,1,50.010572040579646,48.16633922724296,797,61,57.1618812789463,76.85003274394238,350,36
902,235,93,"Barreto, Brayhans",810980.0,TRI_VAL,Slider,L,45,96,49.07921803412646,48.06565064478312,43.86989188954469,28.725824800910125,0.0012020373742565,0.0,47.51642019075193,47.51642019075193,40.995415848068106,-0.0802937723110779,0.0012020373742565,0.2605958677294571,444,123,14,9,1,7,3,4,0.1111111111111111,0.5,0.21428571428571427,0.2857142857142857,57.012078474372444,77.60314341846758,367,39,44.0646988356588,30.648330058939095,1071,124,48.67026533784162,42.403405370006546,884,83,58.06422937611972,79.56777996070727,316,30
903,236,143,"Rodriguez, Luis",693543.0,TRO_AIG,Slider,R,42,58,48.329316770739474,44.90035169988277,45.61224042966426,36.6325369738339,0.0022031053415122,-1.1102230246251563e-16,47.51419386841691,47.51419386841691,40.92992796332678,-0.1456864532386013,0.0022031053415122,0.2403487108261126,471,126,9,12,5,3,3,3,0.4166666666666667,0.3333333333333333,0.3333333333333333,0.3333333333333333,46.71511537025113,39.91486574983628,925,116,64.89459803238773,90.56974459724951,147,31,37.501042815024775,10.31434184675835,1375,164,55.05640238554163,70.43222003929273,459,48
904,282,127,"Forsyth, Braden",687732.0,MIS_MUD,Four-Seam,L,113,261,51.15107485623437,56.85814771395076,39.02219420130465,10.409556313993171,-0.0015832118218104,0.0,47.512410659755446,47.512410659755446,40.86444007858546,0.1003757087399214,-0.0015832118218104,0.2137303352903903,369,89,41,30,3,9,12,20,0.1,0.21951219512195122,0.2926829268292683,0.4878048780487805,39.68304300646096,14.178127046496398,1312,185,43.307247955777754,26.39161755075311,1136,170,41.31492367647443,17.4852652259332,1261,204,45.299305074641985,33.00589390962672,1024,129
905,115,57,"Cook, Avery",690004.0,WIN_CIT29,Sinker,R,56,113,50.42243159920517,53.81008206330598,40.67503057630227,15.47212741751991,-0.0006335731519197,0.0,47.4982112923343,47.4982112923343,40.79895219384414,0.036836762556931,-0.0006335731519197,0.2383509248657857,395,48,11,15,2,7,2,2,0.13333333333333333,0.6363636363636364,0.18181818181818182,0.18181818181818182,65.43686646865352,93.35297969875573,106,19,45.57960059542091,38.73608382449247,939,49,51.71641693497349,55.95939751146039,681,62,64.62676099192646,92.5343811394892,119,16
906,283,156,"Cook, Cole",1000161363.0,SCH_BOO,Four-Seam,R,148,268,44.79429022880946,30.246189917936693,53.69076097497132,68.25938566552901,0.0068446268020627,0.0,47.463231452658015,47.463231452658015,40.73346430910282,-0.4539468523245856,0.0068446268020627,0.2697358005853416,596,173,50,36,2,17,15,18,0.05555555555555555,0.34,0.3,0.36,47.12699389441598,42.59986902423052,878,87,40.277444436253546,14.505566470203012,1304,215,40.62842512141349,15.553372626064178,1285,216,53.37201927081791,64.89849377865094,536,36
907,284,157,"Smith, Donny",1000381366.0,JOL_SLA,Four-Seam,R,30,52,40.6569554807874,16.764361078546308,63.30691723790447,90.15927189988624,0.0123695982881277,0.0065868026405884,47.45194400792252,47.45194400792252,40.66797642436149,-0.8147295636988754,0.0123695982881277,0.2916576412939473,711,213,9,9,0,5,2,2,0.0,0.5555555555555556,0.2222222222222222,0.2222222222222222,60.444399509079545,85.85461689587426,213,6,36.49019003684828,5.50098231827112,1371,229,47.92565050298717,38.83431565160445,918,156,62.07466536355717,88.37590045841519,170,7
908,119,53,"Hill, Kaleb",1000371973.0,OTT_TIT,Changeup,R,175,234,44.28433731152001,28.604923798358733,54.798986438123,71.67235494880546,0.0074813587682066,0.0054030722115007,47.438732049500906,47.438732049500906,40.60248853962017,-0.4984156244636715,0.0074813587682066,0.2615511231279817,610,92,46,48,8,24,7,15,0.16666666666666666,0.5217391304347826,0.15217391304347827,0.32608695652173914,58.35516061838827,81.82711198428291,278,25,47.85195323506406,49.08316961362148,764,42,54.49768578452867,69.12246234446627,472,37,55.51411518845569,73.3464309102816,408,38
909,285,128,"Valdez, Alex",677678.0,EVA_OTT,Four-Seam,L,80,182,47.70408828983259,43.02461899179367,46.81513266707315,42.71899886234357,0.0028942281904732,0.0,47.43740160300476,47.43740160300476,40.537000654878845,-0.2002074529420585,0.0028942281904732,0.2397172890493193,487,129,31,26,3,14,5,12,0.11538461538461539,0.45161290322580644,0.16129032258064516,0.3870967741935484,54.022637573175935,69.05697445972496,474,27,44.35602609715151,32.220039292730846,1036,151,53.6423708479988,65.94629993451213,520,62,51.66046868650186,58.41519318925998,635,48
910,120,67,"Aldeano, Austin",699054.0,TRO_AIG,Changeup,L,46,51,49.16858806742276,48.41735052754982,43.36464271193182,25.88168373151308,0.0009117459913649,0.0,47.42740446077548,47.42740446077548,40.47151277013752,-0.0725005515803493,0.0009117459913649,0.2477493201344275,441,68,13,9,2,4,3,6,0.2222222222222222,0.3076923076923077,0.23076923076923078,0.46153846153846156,45.130967200386316,33.66077275703995,1018,91,51.63920763446932,63.42501637197119,568,36,47.123757603913134,35.52717747216765,995,78,46.958406641677556,38.867059593975114,940,80
911,116,58,"Eldred, Zach",1000227712.0,NEW_ENG23,Sinker,R,47,100,48.392382846560245,45.25205158264947,45.13905146709653,34.69852104664392,0.0019312341848646,0.0,47.41638343272113,47.41638343272113,40.4060248853962,-0.1401869828751674,0.0019312341848646,0.2415869832426711,468,61,17,14,2,10,1,6,0.14285714285714285,0.5882352941176471,0.058823529411764705,0.35294117647058826,62.46341188243667,88.99803536345776,169,26,46.228844206747524,41.87950229207596,898,42,63.255955926461276,91.15913555992141,138,17,53.81788538942124,66.17550753110675,519,63
912,121,68,"Agosto, Justus",1000116159.0,TRI_VAL,Changeup,L,33,53,49.431703669731526,49.2379835873388,42.7090570987716,23.60637087599545,0.000535078670208,0.0,47.414909698443545,47.414909698443545,40.340537000654884,-0.049556418173881,0.000535078670208,0.2687064860952191,434,67,11,9,1,3,2,6,0.1111111111111111,0.2727272727272727,0.18181818181818182,0.5454545454545454,42.97076515057065,26.064178127046496,1135,98,44.0646988356588,30.648330058939095,1077,71,51.71641693497349,55.95939751146039,680,56,41.657900336602886,19.810085134250162,1226,97
913,286,158,"Estrella, Noah",805762.0,TRI_VAL,Four-Seam,R,70,200,39.04734839578086,12.192262602579133,66.8612374008906,93.68600682593856,0.0144117362293069,0.0161560852099848,47.39151509731378,47.39151509731378,40.27504911591356,-0.9550900720318192,0.0144117362293069,0.2654840734041386,750,229,21,20,2,6,8,7,0.1,0.2857142857142857,0.38095238095238093,0.3333333333333333,43.773125911930755,28.323510150622134,1085,137,43.307247955777754,26.39161755075311,1107,179,33.03335380589803,5.0425671250818604,1451,244,55.05640238554163,70.43222003929273,421,22
914,117,59,"Gilleran, Jimmy",10103730.0,NEW_ENG23,Sinker,L,101,187,47.650008612145854,42.67291910902696,46.77491222355482,42.43458475540387,0.002871119497403,0.0,47.387479695568544,47.387479695568544,40.20956123117223,-0.2049232939204556,0.002871119497403,0.2397638516194057,490,64,32,21,3,6,11,15,0.14285714285714285,0.1875,0.34375,0.46875,37.705272654144984,9.037328094302556,1391,119,46.228844206747524,41.87950229207596,891,53,36.5237358442783,8.087753765553373,1404,123,46.5028943810852,36.96791093647675,963,97
915,237,144,"Sanchez, Dikember",699129.0,LAK_ERI24,Slider,R,71,111,40.41227699549557,15.357561547479484,63.64337118198928,90.61433447098976,0.0125629082132802,0.0,47.38160525144367,47.38160525144367,40.14407334643091,-0.8360659487667601,0.0125629082132802,0.2748422875900319,723,171,9,13,4,7,0,2,0.3076923076923077,0.7777777777777778,0.0,0.2222222222222222,74.17368364790796,98.23182711198429,27,3,57.46575286432357,79.99345121152587,302,59,68.77486587891195,96.29993451211526,13,8,62.07466536355717,88.37590045841519,169,18
916,122,69,"Heredia-Bustos, Rolando",837343.0,DOW_EAS1,Changeup,L,219,329,47.15998192511802,40.6799531066823,47.86477365612652,46.75767918088737,0.0034973003927708,0.0,47.37141944442057,47.37141944442057,40.078585461689585,-0.247654464482901,0.0034973003927708,0.2680847929627256,507,78,83,70,7,34,19,30,0.1,0.40963855421686746,0.2289156626506024,0.3614457831325301,51.4293876347886,58.41519318925998,636,72,43.307247955777754,26.39161755075311,1122,78,47.29766208804967,36.47675180091683,971,75,53.28069729471842,64.70203012442698,540,52
917,287,129,"Masick, Jason",1000183506.0,NEW_YOR13,Four-Seam,L,34,73,35.68578524944317,5.861664712778429,74.60441996201965,98.00910125142208,0.0188605889405028,0.0118954045010182,47.36137566321611,47.36137566321611,40.01309757694826,-1.2482241644499878,0.0188605889405028,0.2819275026258546,804,248,13,8,1,5,3,5,0.125,0.38461538461538464,0.23076923076923078,0.38461538461538464,49.88341170998077,52.030124426981004,723,55,45.01151243551012,35.59266535690897,960,135,47.123757603913134,35.52717747216765,975,144,51.817204087996004,59.13555992141454,616,45
918,288,130,"Whitesell, Max",1000223610.0,FLO_Y'A,Four-Seam,L,111,220,50.8413313170529,56.03751465416178,39.2112239272334,11.035267349260524,-0.001474604617724,-8.326672684688674e-17,47.35229910010705,47.35229910010705,39.94760969220694,0.0733655389802744,-0.001474604617724,0.2285913023270947,376,91,41,26,5,14,5,22,0.19230769230769232,0.34146341463414637,0.12195121951219512,0.5365853658536586,47.217406253379,42.79633267845448,876,85,49.59991680402034,56.12311722331369,673,77,57.333223294562984,80.2226588081205,303,33,42.218116450147356,22.036673215455142,1192,167
919,118,60,"Thompson, Ross",1000103401.0,SCH_BOO,Sinker,L,34,51,47.000846201329445,39.976553341148886,48.15344735672888,48.57792946530148,0.0036631581347828,-0.0001494998534518,47.34662654794927,47.34662654794927,39.88212180746562,-0.2615313735080654,0.0036631581347828,0.2223653844792457,513,66,8,5,2,2,0,6,0.4,0.25,0.0,0.75,41.566633818190475,21.31630648330059,1205,104,63.758421712566154,89.19449901768172,168,5,68.77486587891195,96.29993451211526,55,2,28.737916217983376,1.4734774066797642,1507,130
920,289,159,"Serratos, Oscar",8898893.0,WIN_CIT29,Four-Seam,R,44,81,40.386424761322864,15.123094958968348,63.55607389087872,90.386803185438,0.0125127514738296,0.0080780426049924,47.33731950018962,47.33731950018962,39.8166339227243,-0.8383203080845247,0.0125127514738296,0.2782764913371424,725,218,15,13,2,8,1,6,0.15384615384615385,0.5333333333333333,0.06666666666666667,0.4,59.071471095196706,83.33333333333334,254,8,46.977971450585926,45.2521283562541,829,117,62.52010126613452,90.63523248199084,142,11,50.845444598732314,55.10805500982319,663,47
921,123,70,"Correa, Nelvin",673388.0,QUE_CAP,Changeup,L,67,70,45.80933799645758,34.58382180539273,50.65542771143519,58.134243458475545,0.0051006732645787,0.0,47.26316491095086,47.26316491095086,39.75114603798297,-0.3654329398446772,0.0051006732645787,0.2469213570733285,559,85,16,14,2,7,4,5,0.14285714285714285,0.4375,0.25,0.3125,53.150717310326954,65.88081204977078,519,56,46.228844206747524,41.87950229207596,883,60,45.319498580996566,28.127046496398165,1088,85,56.37232669391955,74.59070072036673,388,39
922,124,71,"Villalobos, Jonaiker",665690.0,FLO_Y'A,Changeup,L,34,185,49.69235628324736,50.17584994138336,41.585381900230736,18.20250284414107,-0.0001105299557111,0.0,47.26026396834237,47.26026396834237,39.68565815324165,-0.0268270616295517,-0.0001105299557111,0.2415207670203857,426,65,17,16,1,7,5,5,0.0625,0.4117647058823529,0.29411764705882354,0.29411764705882354,51.560745066308215,58.808120497707925,633,71,40.7508512361792,16.30648330058939,1282,88,41.18031611665856,17.026850032743944,1271,97,57.53343637778241,78.12704649639817,339,35
923,125,54,"Harris, Ben",1000390130.0,GAT_GRI,Changeup,R,151,316,48.66394486800626,46.30715123094959,43.98130560963208,29.29465301478953,0.0012660502303092,0.0,47.259153090494,47.259153090494,39.620170268500324,-0.1165063071816144,0.0012660502303092,0.2486944522857092,459,70,38,40,9,17,9,12,0.225,0.4473684210526316,0.23684210526315788,0.3157894736842105,53.760405915176236,68.23837590045841,486,48,51.828570354439584,64.37459070072038,545,29,46.553991596676326,32.84217419777341,1027,62,56.16454917154409,74.09954158480681,397,36
924,37,20,"Langrell, Connor",815223.0,MIS_MUD,Cutter,R,151,262,49.416274272885694,49.12075029308324,42.21009725736693,20.875995449374287,0.0002484008312592,0.0,47.25442116823006,47.25442116823006,39.554682383759,-0.0509018881365351,0.0002484008312592,0.2348708000258893,435,20,66,43,6,24,11,31,0.13953488372093023,0.36363636363636365,0.16666666666666666,0.4696969696969697,48.58729048009137,47.2822527832351,809,21,46.00236387721498,40.20956123117223,914,22,53.137954346968364,63.0648330058939,584,14,46.44307963979529,36.86967910936477,965,23
925,290,131,"Encarnacion, J.D.",1000563022.0,EVA_OTT,Four-Seam,L,157,326,48.68636143150079,46.42438452520516,43.85437936429543,28.555176336746303,0.0011931246385089,-0.0002010836084112,47.23676681133918,47.23676681133918,39.489194499017685,-0.1145515442606018,0.0011931246385089,0.2306881937020868,458,120,56,51,6,14,11,31,0.11764705882352941,0.25,0.19642857142857142,0.5535714285714286,41.566633818190475,21.31630648330059,1216,161,44.510258176765305,32.678454485920106,1030,148,50.34564871626415,50.36018336607727,759,106,41.14520255411798,19.05697445972495,1237,177
926,38,18,"Binns, Malik",702238.0,NEW_JER6,Cutter,L,34,88,49.31263212129883,48.8862837045721,42.38919244594784,22.24118316268487,0.0003513001377123,0.0,47.235600218693534,47.235600218693534,39.42370661427636,-0.0599396621479438,0.0003513001377123,0.2124553206438986,437,21,6,7,0,4,0,2,0.0,0.6666666666666666,0.0,0.3333333333333333,67.30904157849375,94.8264571054355,85,1,36.49019003684828,5.50098231827112,1483,30,68.77486587891195,96.29993451211526,82,2,55.05640238554163,70.43222003929273,471,14
927,119,59,"Armstrong, Andrew",803262.0,NEW_YOR13,Sinker,R,59,90,48.61354333176371,46.07268464243845,44.01682407886815,29.465301478953357,0.0012864573997012,0.0,47.234527555895035,47.234527555895035,39.35821872953504,-0.1209014078951139,0.0012864573997012,0.258316529948925,461,60,20,13,1,11,1,8,0.07692307692307693,0.55,0.05,0.4,60.10116740560884,85.33071381794369,225,34,41.7340807437171,20.13752455795678,1225,80,64.08379241932887,91.84675834970531,126,14,50.845444598732314,55.10805500982319,694,87
928,120,61,"Orth, Harry",1000145875.0,SCH_BOO,Sinker,L,38,57,46.34230904327663,37.162954279015246,49.2744619763661,52.7872582480091,0.0043072381226291,0.0037190517528971,47.22195492320347,47.22195492320347,39.29273084479371,-0.3189569471908805,0.0043072381226291,0.2565654381060884,537,71,15,9,4,2,7,6,0.4444444444444444,0.13333333333333333,0.4666666666666667,0.4,34.358759645305554,3.4053700065487886,1476,129,66.78822523209035,92.63261296660119,111,3,24.991513589469903,1.2115258677144727,1510,130,50.845444598732314,55.10805500982319,684,67
929,291,132,"Primeaux, Parker",1000101108.0,SUS_COU1,Four-Seam,L,37,56,44.80846938166938,30.48065650644783,52.820775819696834,65.64277588168373,0.006344776025436,0.00027086676404,47.212161313077615,47.212161313077615,39.227242960052386,-0.4527104057894727,0.006344776025436,0.2534319428206254,594,172,12,5,1,3,4,5,0.2,0.25,0.3333333333333333,0.4166666666666667,41.566633818190475,21.31630648330059,1192,154,50.12430587470722,58.08775376555337,637,69,37.501042815024775,10.31434184675835,1357,222,49.79270515202998,50.75311067452522,750,70
930,238,94,"Leach, Landon",667743.0,TRO_AIG,Slider,L,26,54,51.49918842120995,58.14771395076201,37.20348740979889,6.71217292377702,-0.0026281514931128,0.0,47.21047811778663,47.21047811778663,39.16175507531106,0.1307318107928434,-0.0026281514931128,0.2399837551529784,358,100,6,3,1,1,0,5,0.3333333333333333,0.16666666666666666,0.0,0.8333333333333334,36.418152266129816,6.221349050425671,1442,136,59.21371643327984,83.00589390962672,284,49,68.77486587891195,96.29993451211526,106,17,23.47421898447172,0.29469548133595286,1524,146
931,292,160,"Escobar, Anthony",678673.0,TRO_AIG,Four-Seam,R,183,393,45.90669414872918,35.16998827667057,50.2511082062992,56.8259385665529,0.0048683711184762,0.0,47.210018366000185,47.210018366000185,39.09626719056975,-0.3569433157932734,0.0048683711184762,0.2496521341533893,554,156,51,52,17,18,12,21,0.3269230769230769,0.35294117647058826,0.23529411764705882,0.4117647058823529,47.9265227942654,45.31761624099542,834,72,58.776725541040776,81.33595284872298,286,29,46.69922606910924,33.49705304518664,1017,173,50.10233440106008,51.997380484610346,730,56
932,293,133,"De Los Santos, Enmanuel",679735.0,NEW_ENG23,Four-Seam,L,81,200,44.62587935146617,29.54279015240328,53.22828026982354,66.89419795221842,0.0065789080846323,0.0021876506933126,47.20659962697338,47.20659962697338,39.030779305828425,-0.4686325707044876,0.0065789080846323,0.2477894960878545,602,176,21,22,4,8,4,9,0.18181818181818182,0.38095238095238093,0.19047619047619047,0.42857142857142855,49.657104828571505,50.8513425016372,751,61,48.88484079853823,53.208906352324824,709,84,50.90410984240499,52.455795677799614,725,94,49.04074840438546,47.511460379829735,797,79
933,294,161,"Henderson, Drew",1000429021.0,DOW_EAS1,Four-Seam,R,225,440,45.11006525495814,31.770222743259087,52.07325382469986,63.13993174061433,0.0059152865709556,0.0,47.19902182588065,47.19902182588065,38.9652914210871,-0.4264107265197612,0.0059152865709556,0.2424741425445572,583,166,74,60,13,18,16,40,0.21666666666666667,0.24324324324324326,0.21621621621621623,0.5405405405405406,41.1491893680234,19.44990176817289,1230,173,51.2604821945288,62.14800261951539,579,73,48.48914281044459,41.22462344466274,899,148,41.968290345458605,20.6286836935167,1213,165
934,121,60,"Gordillo, Lucas",808851.0,TRI_VAL,Sinker,R,27,73,45.704948002582086,33.88042203985932,50.67832426420566,58.30489192263937,0.0051138285001767,0.0,47.19696088106916,47.19696088106916,38.89980353634578,-0.3745359269908712,0.0051138285001767,0.2607660327725034,565,75,7,8,0,5,1,1,0.0,0.7142857142857143,0.14285714285714285,0.14285714285714285,70.25103103681414,96.62737393582186,50,8,36.49019003684828,5.50098231827112,1418,116,55.37179885153173,72.59332023575638,419,39,67.08771034785399,95.31761624099542,69,7
935,101,46,"Misla, Luis",695417.0,TRI_VAL,Curveball,L,76,156,47.67743017878222,42.79015240328253,46.05368147157246,38.73720136518772,0.0024567357009441,0.0,47.19030556661929,47.19030556661929,38.83431565160445,-0.2025320861106626,0.0024567357009441,0.2557319512353878,489,56,15,13,3,4,5,6,0.23076923076923078,0.26666666666666666,0.3333333333333333,0.4,42.5963301286026,24.72167648984938,1153,64,52.22186215745475,65.38965291421087,530,47,37.501042815024775,10.31434184675835,1374,63,50.845444598732314,55.10805500982319,690,49
936,295,134,"Lovell, Justin",822485.0,WIN_CIT29,Four-Seam,L,103,185,43.302439123350894,23.563892145369287,56.258002159909054,75.19908987485779,0.0083196376023038,0.0021876506933126,47.18910803431834,47.18910803431834,38.768827766863126,-0.5840388365546231,0.0083196376023038,0.254030342903607,653,192,23,26,9,6,6,11,0.34615384615384615,0.2608695652173913,0.2608695652173913,0.4782608695652174,42.23817489019839,23.510150622134905,1168,149,60.087698217757975,84.90504256712508,231,14,44.299700002826334,24.459724950884087,1154,183,45.902146327260496,34.25016371971185,1004,123
937,122,61,"Duby, Bill",1000270408.0,NEW_JER6,Sinker,R,67,134,46.58440327969754,38.45252051582649,48.59497561470808,50.455062571103525,0.0039168386042892,0.0038598852717747,47.1875749802007,47.1875749802007,38.70333988212181,-0.2978459130726527,0.0039168386042892,0.258784731756855,526,69,26,17,1,11,6,9,0.058823529411764705,0.4230769230769231,0.23076923076923078,0.34615384615384615,52.25963396477799,61.95153896529142,583,71,40.50022410680679,15.324165029469548,1294,88,47.123757603913134,35.52717747216765,986,85,54.24660281115523,67.02685003274395,505,60
938,239,145,"Barreto, Brayhans",810980.0,TRI_VAL,Slider,R,51,96,49.07921803412646,48.06565064478312,42.77274795682363,23.947667804323096,0.0005716723116838,-1.1102230246251563e-16,47.18727701093562,47.18727701093562,38.63785199738049,-0.0802937723110779,0.0005716723116838,0.2605958677294571,444,123,11,8,1,3,4,4,0.125,0.2727272727272727,0.36363636363636365,0.36363636363636365,42.97076515057065,26.064178127046496,1134,136,45.01151243551012,35.59266535690897,998,144,34.65796799103503,6.614276358873608,1428,168,53.14233066426467,64.07989521938441,552,59
939,39,21,"Gamelin, Shaun",815222.0,JOL_SLA,Cutter,R,81,137,48.76990643745165,46.776084407971865,43.45474649956493,26.45051194539249,0.0009635152059915,0.0,47.17535845608563,47.17535845608563,38.572364112639164,-0.1072662759406669,0.0009635152059915,0.2447755049771246,455,22,17,17,5,9,6,2,0.29411764705882354,0.5294117647058824,0.35294117647058826,0.11764705882352941,58.829189610393854,82.87491814014408,264,9,56.540360386640835,77.70137524557956,344,6,35.661406164207875,7.400130975769483,1415,33,68.6800893428659,97.02030124426982,47,2
940,296,135,"Perozzi, John",1000377762.0,SUS_COU1,Four-Seam,L,123,207,47.442325135065495,41.61781946072685,46.524780740399294,41.41069397042093,0.0027274062221177,0.0,47.16706181666563,47.16706181666563,38.50687622789784,-0.2230336505950064,0.0027274062221177,0.2067862872487294,499,132,36,31,4,6,8,22,0.12903225806451613,0.16666666666666666,0.2222222222222222,0.6111111111111112,36.418152266129816,6.221349050425671,1436,221,45.28639380320889,37.55730189914866,955,134,47.92565050298717,38.83431565160445,936,134,37.51074494050279,10.183366077275705,1372,212
941,240,146,"Forsyth, Braden",687732.0,MIS_MUD,Slider,R,105,151,43.84044706976921,26.377491207502928,54.85295658528976,71.89988623435723,0.0075123673662412,0.0,47.14419992442538,47.14419992442538,38.44138834315652,-0.5371236175860568,0.0075123673662412,0.27662448135897,629,155,25,28,5,10,4,11,0.17857142857142858,0.4,0.16,0.44,50.83390061189966,55.664702030124424,663,78,48.66350774922233,52.06286836935167,733,125,53.763430808246106,66.30648330058939,515,67,48.31886992664672,44.72822527832351,843,100
942,241,95,"Gamelin, Shaun",815222.0,JOL_SLA,Slider,L,32,75,52.96413578869221,64.83001172332943,33.564217197206446,2.901023890784983,-0.0047190975639627,0.0,47.14416021124647,47.14416021124647,38.37590045841519,0.258477742763552,-0.0047190975639627,0.2424349213289683,301,91,6,6,1,0,2,4,0.16666666666666666,0.0,0.3333333333333333,0.6666666666666666,26.121189162008505,0.45841519318926005,1526,145,47.85195323506406,49.08316961362148,801,113,37.501042815024775,10.31434184675835,1397,126,34.001613451495025,4.715127701375246,1470,140
943,123,62,"Johnson, Caiden",1000147367.0,OTT_TIT,Sinker,R,51,84,50.88237527883944,56.15474794841735,38.3382885602508,8.816837315130831,-0.0019761504412198,0.0,47.11914926326284,47.11914926326284,38.31041257367387,0.0769446430945764,-0.0019761504412198,0.2397209104309366,375,47,16,9,0,7,2,7,0.0,0.4375,0.125,0.4375,53.150717310326954,65.88081204977078,526,67,36.49019003684828,5.50098231827112,1507,128,57.04718222995426,78.42174197773411,351,34,48.476780843652065,45.284872298624755,840,93
944,297,162,"Coles, Chad",694311.0,WAS_WIL3,Four-Seam,R,129,239,42.61613710678871,21.45369284876905,57.56530663345767,78.72582480091013,0.0090707505982316,0.0004699536674998,47.1008879647894,47.1008879647894,38.24492468893255,-0.6438855536894454,0.0090707505982316,0.2601913240162985,671,198,42,37,5,14,6,22,0.13513513513513514,0.3333333333333333,0.14285714285714285,0.5238095238095238,46.71511537025113,39.91486574983628,899,93,45.70243046783405,39.227242960052386,929,140,55.37179885153173,72.59332023575638,406,59,43.025094423229284,24.72167648984938,1150,152
945,298,163,"Wilson, Bradley",1000073000.0,FLO_Y'A,Four-Seam,R,38,60,51.90859866795091,60.25791324736225,35.85468637821021,5.005688282138794,-0.0034031063748911,-0.000367692623585,47.0924249810287,47.0924249810287,38.179436804191226,0.1664330890020181,-0.0034031063748911,0.2152996047330795,340,77,15,11,2,5,1,9,0.18181818181818182,0.3333333333333333,0.06666666666666667,0.6,46.71511537025113,39.91486574983628,950,96,48.88484079853823,53.208906352324824,727,102,62.52010126613452,90.63523248199084,146,12,38.21257123830435,11.42763588736084,1362,213
946,242,96,"Smith, Ethan",680733.0,WIN_CIT29,Slider,L,28,58,48.01178297689518,44.19695193434936,44.88877184622737,33.33333333333333,0.0017874357969188,0.0,47.074879637694835,47.074879637694835,38.1139489194499,-0.1733759466137454,0.0017874357969188,0.2818536590275605,477,130,6,9,3,3,2,1,0.3333333333333333,0.5,0.3333333333333333,0.16666666666666666,57.012078474372444,77.60314341846758,360,36,59.21371643327984,83.00589390962672,267,46,37.501042815024775,10.31434184675835,1378,123,65.58379685256494,93.77865094957433,97,11
947,126,72,"Miranda, Kevin",806656.0,OTT_TIT,Changeup,L,83,140,48.69046252353365,46.541617819460726,43.25386654516759,25.42662116040956,0.0008480994421644,0.0,47.05948373002383,47.05948373002383,38.04846103470858,-0.1141939219763729,0.0008480994421644,0.2544019107783909,457,69,21,23,4,9,2,10,0.17391304347826086,0.42857142857142855,0.09523809523809523,0.47619047619047616,52.59909428689188,63.78519973804846,564,60,48.345942939334314,51.21152586771447,748,51,59.83948786065847,85.75638506876227,219,18,46.03292141380737,34.70857891290111,996,86
948,299,164,"Perdomo, Rafael",1000557553.0,QUE_CAP,Four-Seam,R,57,165,45.35031767217271,32.23915592028136,51.01805472410257,59.38566552901023,0.0053090209505233,0.0,47.050638787751666,47.050638787751666,37.98297314996726,-0.4054603022065392,0.0053090209505233,0.2263916515782618,579,163,30,13,2,3,3,24,0.15384615384615385,0.1,0.1,0.8,32.2993670244813,1.4734774066797642,1505,249,46.977971450585926,45.2521283562541,836,118,59.39271895974579,84.67583497053045,232,28,25.57969787787638,0.5566470203012442,1520,251
949,300,136,"Parenteau, Matt",1000091037.0,EVA_OTT,Four-Seam,L,28,66,45.48803763018123,32.708089097303635,50.67711656083601,58.24800910125142,0.0051131346130872,0.0004411723287135,47.04476130937766,47.04476130937766,37.91748526522593,-0.3934508848190719,0.0051131346130872,0.2331404655004831,575,161,6,4,0,1,1,4,0.0,0.16666666666666666,0.16666666666666666,0.6666666666666666,36.418152266129816,6.221349050425671,1432,220,36.49019003684828,5.50098231827112,1419,228,53.137954346968364,63.0648330058939,557,69,34.001613451495025,4.715127701375246,1455,231
950,301,137,"Gartland, Chad",1000103698.0,SUS_COU1,Four-Seam,L,51,104,45.81158775287674,34.7010550996483,49.91277202610863,55.51763367463026,0.004673979752826,0.0021876506933126,47.041943034846305,47.041943034846305,37.85199738048461,-0.3652367572125551,0.004673979752826,0.2516071637599789,558,157,18,14,1,7,3,8,0.07142857142857142,0.3888888888888889,0.16666666666666666,0.4444444444444444,50.147436404958235,53.208906352324824,717,53,41.3595171217979,18.696791093647676,1239,192,53.137954346968364,63.0648330058939,559,70,48.038139407526096,43.28749181401441,868,97
951,127,55,"Webster, Evan",804248.0,FLO_Y'A,Changeup,R,130,166,45.7882178329434,34.46658851113716,49.89495670693245,55.2901023890785,0.0046637439446952,0.0,47.02023949514012,47.02023949514012,37.78650949574329,-0.3672746544559881,0.0046637439446952,0.2541672517284239,560,86,43,38,4,16,10,17,0.10526315789473684,0.37209302325581395,0.23255813953488372,0.3953488372093023,49.10975795260492,48.65749836280288,786,68,43.66604047782667,28.454485920104784,1094,62,46.95591955526973,34.51211525867714,1002,60,51.13923235130041,57.00720366732155,658,52
952,128,73,"Webster, Evan",804248.0,FLO_Y'A,Changeup,L,36,166,45.7882178329434,34.46658851113716,49.76669198117975,54.89192263936291,0.0045900493277323,0.0038926502449106,46.98176007741431,46.98176007741431,37.721021611001966,-0.3672746544559881,0.0045900493277323,0.2541672517284239,560,86,7,9,2,4,1,2,0.2222222222222222,0.5714285714285714,0.14285714285714285,0.2857142857142857,61.425062661853005,87.3608382449247,189,22,51.63920763446932,63.42501637197119,560,35,55.37179885153173,72.59332023575638,424,40,58.06422937611972,79.56777996070727,309,32
953,302,165,"Davis, Tyler",824623.0,WAS_WIL3,Four-Seam,R,71,119,46.43811921629354,37.74912075029309,48.191387625367,48.748577929465306,0.0036849567512641,0.0,46.96409973901558,46.96409973901558,37.65553372626064,-0.3106021351914872,0.0036849567512641,0.2534966597268117,532,147,25,16,5,5,5,15,0.3125,0.2,0.2,0.6,38.47754488695408,11.100196463654225,1358,210,57.79349603350287,80.55009823182712,299,31,50.010572040579646,48.16633922724296,795,122,38.21257123830435,11.42763588736084,1353,211
954,124,62,"Barreto, Brayhans",810980.0,TRI_VAL,Sinker,L,57,136,45.8387349836228,34.81828839390387,49.581162926570535,54.09556313993175,0.0044834534375944,0.0,46.96146336650712,46.96146336650712,37.59004584151932,-0.3628694719645945,0.0044834534375944,0.2708693080799791,557,74,14,18,3,7,5,2,0.16666666666666666,0.5,0.35714285714285715,0.14285714285714285,57.012078474372444,77.60314341846758,342,28,47.85195323506406,49.08316961362148,771,38,35.2671983104614,7.138179436804191,1418,125,67.08771034785399,95.31761624099542,70,5
955,40,19,"Morgan, Cooper",692707.0,QUE_CAP,Cutter,L,52,97,50.82487141126997,55.92028135990621,37.88607525603384,7.849829351535837,-0.0022359700139371,0.0,46.94323256469913,46.94323256469913,37.524557956778,0.0719302068645526,-0.0022359700139371,0.2255201865910181,377,18,21,14,2,7,4,10,0.14285714285714285,0.3333333333333333,0.19047619047619047,0.47619047619047616,46.71511537025113,39.91486574983628,946,20,46.228844206747524,41.87950229207596,908,17,50.90410984240499,52.455795677799614,730,15,46.03292141380737,34.70857891290111,1000,24
956,303,138,"Leach, Landon",667743.0,TRO_AIG,Four-Seam,L,121,178,48.45322559337696,45.48651817116061,43.4139261081981,26.16609783845279,0.0009400618123293,0.0,46.9414357478233,46.9414357478233,37.459070072036674,-0.1348813906277702,0.0009400618123293,0.2605757781182882,466,124,31,33,4,13,9,9,0.12121212121212122,0.41935483870967744,0.2903225806451613,0.2903225806451613,52.02967697237826,61.1984282907662,592,40,44.75329054464158,33.56254092992796,1016,146,41.536374823268275,17.87819253438114,1255,203,57.77314934477345,78.55271774721676,329,21
957,304,139,"Floyd, Conner",1000161370.0,QUE_CAP,Four-Seam,L,184,322,46.91480110869445,39.74208675263775,46.830923877591744,42.77588168373151,0.0029033010451004,0.0004411723287135,46.88963793936364,46.88963793936364,37.39358218729535,-0.2690346536901065,0.0029033010451004,0.233636015052402,515,141,45,44,15,8,10,27,0.3409090909090909,0.17777777777777778,0.2222222222222222,0.6,37.10461647307124,7.727570399476097,1410,212,59.73016021501692,84.67583497053045,235,15,47.92565050298717,38.83431565160445,935,133,38.21257123830435,11.42763588736084,1354,205
958,129,56,"Joven, Art",1000048892.0,MIS_MUD,Changeup,R,334,454,46.42995951676694,37.51465416178195,47.96074861169405,47.49715585893061,0.0035524428923713,0.0,46.889196245245074,46.889196245245074,37.32809430255403,-0.3113136750350096,0.0035524428923713,0.2583835140814994,534,80,106,94,11,44,26,36,0.11702127659574468,0.41509433962264153,0.24528301886792453,0.33962264150943394,51.766455760952155,59.52848722986247,619,57,44.46759823985085,32.38375900458415,1033,59,45.76205268095723,31.106745252128356,1053,63,54.659142216974715,67.68172888015717,494,46
959,243,97,"Wehrle, Tyler",806332.0,WIN_CIT29,Slider,L,53,146,50.39364564800783,53.57561547479485,38.69410202079264,9.726962457337883,-0.0017717174879587,0.0,46.88378255984327,46.88378255984327,37.262606417812705,0.0343265780649874,-0.0017717174879587,0.2307371110620058,397,111,23,15,2,9,2,12,0.13333333333333333,0.391304347826087,0.08695652173913043,0.5217391304347826,50.296667754293324,53.601833660772755,710,69,45.57960059542091,38.73608382449247,940,120,60.61647725355008,87.06614276358874,200,28,43.15586950977616,24.918140144073348,1149,106
960,244,147,"Serrano, Elio",665939.0,NEW_JER6,Slider,R,86,128,42.05418182549451,20.281359906213364,58.11191681692463,79.92036405005688,0.0093848059853397,0.0,46.87150232292354,46.87150232292354,37.19711853307138,-0.692889021478304,0.0093848059853397,0.2594753155015458,681,164,24,23,7,10,5,9,0.30434782608695654,0.4166666666666667,0.20833333333333334,0.375,51.863596922311785,60.28159790438769,599,69,57.23775761619884,79.60052390307794,312,60,49.22872646398246,45.21938441388343,836,102,52.424553768785806,61.55861165684349,579,64
961,130,74,"Matos, Dwayne",684228.0,OTT_TIT,Changeup,L,157,235,42.66245688845864,21.570926143024614,56.68785064543916,76.22298065984073,0.0085666074477333,0.0003736349277028,46.8700750155528,46.8700750155528,37.13163064833006,-0.6398463890003594,0.0085666074477333,0.2518668599600275,670,101,49,42,5,23,6,20,0.11904761904761904,0.46938775510204084,0.12244897959183673,0.40816326530612246,55.120799536880774,72.10216110019645,427,46,44.60573517843098,32.97314996725606,1024,68,57.28652271258605,80.12442698100851,304,28,50.32981711463321,52.68500327439424,723,67
962,305,140,"Helt, Robert",836007.0,LAK_ERI24,Four-Seam,L,237,480,44.76343285821923,30.128956623681123,51.70694972922554,61.83162684869169,0.005704826213679,0.00027086676404,46.846487919521124,46.846487919521124,37.066142763588736,-0.4566376681529991,0.005704826213679,0.260716925466266,597,174,77,66,4,25,18,34,0.06060606060606061,0.3246753246753247,0.23376623376623376,0.44155844155844154,46.180208196011066,36.93516699410609,964,101,40.62174029074493,15.684348395546824,1288,208,46.8425743795625,34.119187950229204,1007,154,48.22043195240962,44.46627373935822,849,95
963,306,166,"Cameron, Wyatt",1000179557.0,SCH_BOO,Four-Seam,R,107,185,46.5509443490957,38.21805392731536,47.51465394068986,45.90443686006826,0.0032961387860327,0.0,46.84005722657395,46.84005722657395,37.00065487884741,-0.3007635894119886,0.0032961387860327,0.261834966199182,528,144,29,29,6,9,5,15,0.20689655172413793,0.3103448275862069,0.1724137931034483,0.5172413793103449,45.29484459726888,34.446627373935826,1002,109,50.59444780015063,60.019646365422396,612,81,52.59875050103927,60.37982973149967,606,89,43.439967111584885,25.67125081859856,1138,146
964,102,56,"Peyton, Blake",1000017005.0,GAT_GRI,Curveball,R,62,90,44.686956932964414,30.011723329425557,51.83711638895159,62.22980659840728,0.0057796135885676,0.0,46.832004769760566,46.832004769760566,36.93516699410609,-0.463306500468654,0.0057796135885676,0.2254883052897323,598,63,12,10,1,7,2,3,0.1,0.5833333333333334,0.16666666666666666,0.25,62.1605600264331,88.53962017026849,175,21,43.307247955777754,26.39161755075311,1120,71,53.137954346968364,63.0648330058939,552,37,60.32009961905328,84.61034708578913,228,26
965,125,63,"Godwin, Connor",802684.0,NEW_YOR13,Sinker,R,81,149,45.5799456811903,33.528722157092616,49.71991559097222,54.60750853242321,0.0045631739094206,0.0,46.821936654124876,46.821936654124876,36.86967910936477,-0.3854363445752514,0.0045631739094206,0.2692954551468027,568,77,26,24,1,13,7,6,0.041666666666666664,0.5,0.2692307692307692,0.23076923076923078,57.012078474372444,77.60314341846758,340,48,39.33063083640223,12.14800261951539,1343,103,43.51523955808,22.4950884086444,1184,105,61.5347989806329,87.3608382449247,195,26
966,126,63,"Shinn, Nathan",1000490914.0,LAK_ERI24,Sinker,L,25,50,44.64004618895471,29.77725674091442,51.90761852652497,62.51422070534699,0.005820120657,0.0,46.82031789022579,46.82031789022579,36.804191224623445,-0.4673971980909573,0.005820120657,0.2410932286062289,600,82,13,6,0,5,3,5,0.0,0.38461538461538464,0.23076923076923078,0.38461538461538464,49.88341170998077,52.030124426981004,734,70,36.49019003684828,5.50098231827112,1409,116,47.123757603913134,35.52717747216765,983,82,51.817204087996004,59.13555992141454,625,60
967,307,141,"Cameron, Wyatt",1000179557.0,SCH_BOO,Four-Seam,L,78,185,46.5509443490957,38.21805392731536,47.41632457402402,45.676905574516496,0.0032396435573553,0.0003057389466935,46.81055841657419,46.81055841657419,36.73870333988212,-0.3007635894119886,0.0032396435573553,0.261834966199182,528,144,29,21,0,9,3,17,0.0,0.3103448275862069,0.10344827586206896,0.5862068965517241,45.29484459726888,34.446627373935826,1003,113,36.49019003684828,5.50098231827112,1444,235,59.069196652188346,83.9554682383759,247,24,39.083803883851104,13.457760314341845,1323,200
968,308,142,"Parra, Andres",800365.0,LAK_ERI24,Four-Seam,L,63,241,49.65848263254625,49.941383352872215,40.04343198448563,13.31058020477816,-0.0009964587077501,-0.0022685400535464,46.77396743812807,46.77396743812807,36.6732154551408,-0.0297809022753759,-0.0009964587077501,0.2413701210848871,428,107,22,17,2,6,10,6,0.11764705882352941,0.2727272727272727,0.45454545454545453,0.2727272727272727,42.97076515057065,26.064178127046496,1137,142,44.510258176765305,32.678454485920106,1031,149,26.1287435190658,1.5717092337917484,1506,244,58.88454582809556,81.17223313686968,293,19
969,309,143,"Turner, Eric",1000080978.0,JOL_SLA,Four-Seam,L,215,433,46.4465591716559,37.86635404454865,47.52006287254228,45.9613196814562,0.0032992464928375,0.0,46.76861028192181,46.76861028192181,36.607727570399476,-0.3098661565566996,0.0032992464928375,0.235214236496072,531,146,75,58,6,17,16,42,0.10344827586206896,0.22666666666666666,0.21333333333333335,0.56,40.12505898361349,16.371971185330715,1278,176,43.542318918499454,27.79960707269155,1103,162,48.759619118024155,43.28749181401441,867,124,40.73914591038994,17.41977734119188,1262,182
970,127,64,"Potteiger, Jack",1000565185.0,JOL_SLA,Sinker,L,46,79,46.55670818177749,38.33528722157092,47.26071019117828,44.766780432309446,0.0031502351695821,0.0,46.76790878459772,46.76790878459772,36.54223968565815,-0.3002609732811961,0.0031502351695821,0.2628030812760139,527,70,13,13,0,9,1,3,0.0,0.6923076923076923,0.07692307692307693,0.23076923076923078,68.89318974835857,95.87426326129666,64,7,36.49019003684828,5.50098231827112,1445,120,61.55782978724568,88.73608382449247,176,9,61.5347989806329,87.3608382449247,196,19
971,310,144,"Good, Ty",688612.0,GAT_GRI,Four-Seam,L,169,442,50.45776388166647,54.04454865181712,38.05393368618167,8.304891922639362,-0.0021395267974476,-8.326672684688674e-17,46.73661482302103,46.73661482302103,36.47675180091683,0.0399177984029,-0.0021395267974476,0.2153074731931688,393,97,58,41,5,16,11,31,0.12195121951219512,0.27586206896551724,0.1896551724137931,0.5344827586206896,43.1644384377955,26.85003274394237,1118,140,44.80367530383544,33.79174852652259,1012,144,50.98113896325201,52.91421087098887,720,93,42.35092630465144,22.331368696791092,1187,162
972,311,167,"Sparks, Alec",836152.0,GAT_GRI,Four-Seam,R,213,363,46.67577062392473,38.921453692848765,46.83585094233091,42.889647326507394,0.0029061318947091,0.0,46.72379471944658,46.72379471944658,36.41126391617551,-0.2898785233908987,0.0029061318947091,0.242654833663629,522,143,73,50,7,25,16,32,0.14,0.3424657534246575,0.2191780821917808,0.4383561643835616,47.27933252664134,43.09102815979044,870,84,46.03407112334954,40.27504911591356,913,130,48.21125619306833,40.242305173542896,913,152,48.42270176248586,44.9901768172888,841,78
973,128,65,"Burcham, Jacob",1000122547.0,GAT_GRI,Sinker,L,79,223,46.04350906004238,35.873388042203985,48.30539895089768,49.26052332195677,0.0037504620639298,0.0,46.722076027298975,46.722076027298975,36.345776031434184,-0.3450128200354412,0.0037504620639298,0.2734993392093639,548,72,27,21,2,13,9,5,0.09523809523809523,0.48148148148148145,0.3333333333333333,0.18518518518518517,55.8679714628034,73.60838244924689,403,39,42.98262615011444,24.49246889325475,1154,80,37.501042815024775,10.31434184675835,1370,119,64.414086356229,91.97773411918794,123,14
974,129,64,"Jones, Logan",1000577428.0,FLO_Y'A,Sinker,R,57,90,43.34027182324313,23.91559202813599,54.59022515798242,71.10352673492605,0.0073614147813751,0.0042041291484812,46.71525782366491,46.71525782366491,36.28028814669286,-0.5807397600048576,0.0073614147813751,0.2366385034893263,650,93,16,15,0,8,2,6,0.0,0.5,0.125,0.375,57.012078474372444,77.60314341846758,321,43,36.49019003684828,5.50098231827112,1398,111,57.04718222995426,78.42174197773411,320,30,52.424553768785806,61.55861165684349,581,75
975,131,75,"Scott, Brandon",1000138331.0,LAK_ERI24,Changeup,L,37,239,48.15904637320506,44.4314185228605,43.26775202204263,25.483503981797494,0.0008560773557618,0.0,46.691658067856324,46.691658067856324,36.21480026195154,-0.1605343249798505,0.0008560773557618,0.274638854752566,475,72,8,9,3,5,2,1,0.3333333333333333,0.625,0.25,0.125,64.73480080246343,92.40340537000655,120,11,59.21371643327984,83.00589390962672,272,11,45.319498580996566,28.127046496398165,1117,86,68.21564546932076,96.39816633922725,56,1
976,312,145,"Chapple, Bronson",1000218472.0,TRO_AIG,Four-Seam,L,46,95,40.416502530919246,15.474794841735054,61.21715943590476,86.40500568828215,0.0111689260077348,0.0069953001870912,46.656699602414896,46.656699602414896,36.14931237721022,-0.8356974748046547,0.0111689260077348,0.2954226844441627,722,217,16,14,1,5,6,5,0.07142857142857142,0.3125,0.375,0.3125,45.427994982235965,34.937786509495744,991,109,41.3595171217979,18.696791093647676,1235,191,33.59181493203887,5.599214145383105,1436,234,56.37232669391955,74.59070072036673,385,25
977,313,146,"Leak, Anthony",1000264276.0,NEW_YOR13,Four-Seam,L,75,156,43.49538962704008,24.6189917936694,54.01682030476506,69.28327645051195,0.0070319644919482,0.00027086676404,46.65181883035758,46.65181883035758,36.08382449246889,-0.567213220518769,0.0070319644919482,0.2257720377056706,644,190,31,24,3,4,4,23,0.125,0.12903225806451613,0.12903225806451613,0.7419354838709677,34.0930315651992,3.20890635232482,1479,234,45.01151243551012,35.59266535690897,975,139,56.66886985418143,76.55533726260641,359,37,29.24730627283934,2.030124426981008,1497,241
978,314,168,"Harris, Ben",1000390130.0,GAT_GRI,Four-Seam,R,297,488,44.13011374028092,27.667057444314185,52.53131806021453,64.3344709897611,0.0061784678016684,0.0,46.650475036261,46.650475036261,36.01833660772757,-0.5118641853315268,0.0061784678016684,0.2603451533825762,618,183,102,77,14,33,18,51,0.18181818181818182,0.3235294117647059,0.17647058823529413,0.5,46.10941165824399,36.804191224623445,965,100,48.88484079853823,53.208906352324824,711,101,52.218136021559914,58.51342501637197,629,94,44.52900791851833,29.3713163064833,1075,135
979,315,147,"Eckaus, David",824671.0,EVA_OTT,Four-Seam,L,113,232,46.527242280930544,37.98358733880422,46.916972288898286,43.40159271899886,0.0029527402395031,0.0,46.64416128332087,46.64416128332087,35.952848722986246,-0.3028304505529416,0.0029527402395031,0.2519889827616443,530,145,39,32,6,15,8,16,0.1875,0.38461538461538464,0.20512820512820512,0.41025641025641024,49.88341170998077,52.030124426981004,740,58,49.27217363484103,54.91159135559921,688,80,49.52943630113523,45.90700720366732,826,118,50.19760493922318,52.357563850687626,729,63
980,245,98,"Woolfolk, Dallas",663762.0,MIS_MUD,Slider,L,28,67,57.3671473479719,79.1324736225088,21.622336226037984,0.0568828213879408,-0.0115803163349192,-0.0078533423924231,46.64370401139172,46.64370401139172,35.88736083824492,0.6424279293731074,-0.0115803163349192,0.251667829775092,179,61,8,7,2,2,2,4,0.2857142857142857,0.25,0.25,0.5,41.566633818190475,21.31630648330059,1225,117,55.96749837664676,76.55533726260641,372,66,45.319498580996566,28.127046496398165,1141,108,44.52900791851833,29.3713163064833,1125,103
981,316,169,"Okumura, Shuto",1000232749.0,WAS_WIL3,Four-Seam,R,35,60,43.60749315694295,25.43962485345838,53.706264177073,68.31626848691695,0.0068535341811872,0.0089245287051706,46.63712446298196,46.63712446298196,35.8218729535036,-0.5574375997541394,0.0068535341811872,0.2752442451623981,637,188,13,13,0,5,1,7,0.0,0.38461538461538464,0.07692307692307693,0.5384615384615384,49.88341170998077,52.030124426981004,732,54,36.49019003684828,5.50098231827112,1403,238,61.55782978724568,88.73608382449247,172,18,42.09960919535911,21.28356254092993,1204,162
982,130,65,"Burcham, Jacob",1000122547.0,GAT_GRI,Sinker,R,144,223,46.04350906004238,35.873388042203985,48.009296685267145,47.72468714448237,0.0035803362330015,0.0,46.633245347609815,46.633245347609815,35.75638506876228,-0.3450128200354412,0.0035803362330015,0.2734993392093639,548,72,36,31,3,22,6,8,0.0967741935483871,0.6111111111111112,0.16666666666666666,0.2222222222222222,63.876720543786654,91.45383104125737,131,22,43.08734286161874,25.01637197118533,1146,67,53.137954346968364,63.0648330058939,565,50,62.07466536355717,88.37590045841519,180,23
983,41,22,"Wiltse, Ryan",813813.0,EVA_OTT,Cutter,R,47,51,44.80092279034948,30.363423212192263,50.85740917762189,58.81683731513083,0.0052167219030244,0.0,46.6178687065312,46.6178687065312,35.69089718402096,-0.4533684815420641,0.0052167219030244,0.26378384691915,595,30,11,12,2,7,0,4,0.16666666666666666,0.6363636363636364,0.0,0.36363636363636365,65.43686646865352,93.35297969875573,102,2,47.85195323506406,49.08316961362148,769,18,68.77486587891195,96.29993451211526,46,1,53.14233066426467,64.07989521938441,547,14
984,132,57,"Primeaux, Parker",1000101108.0,SUS_COU1,Changeup,R,76,102,50.60960976924866,54.98241500586166,37.24510083951682,6.769055745164961,-0.0026042424585316,-0.0005683596573113,46.60025709032911,46.60025709032911,35.62540929927963,0.0531590211633083,-0.0026042424585316,0.2489597374398668,385,58,18,18,1,9,6,3,0.05555555555555555,0.5,0.3333333333333333,0.16666666666666666,57.012078474372444,77.60314341846758,387,39,40.277444436253546,14.505566470203012,1312,75,37.501042815024775,10.31434184675835,1395,82,65.58379685256494,93.77865094957433,102,8
985,317,148,"Coles, Chad",694311.0,WAS_WIL3,Four-Seam,L,105,239,42.61613710678871,21.45369284876905,55.86190657516441,74.17519908987485,0.0080920605172781,0.0014968428176705,46.58986794730142,46.58986794730142,35.55992141453831,-0.6438855536894454,0.0080920605172781,0.2601913240162985,671,198,35,27,2,6,13,16,0.07407407407407407,0.17142857142857143,0.37142857142857144,0.45714285714285713,36.71235121196186,7.072691552062868,1420,216,41.53986256938863,19.384413883431563,1231,188,33.92689160772338,6.155861165684348,1434,233,47.23605221003861,39.94760969220694,918,104
986,246,99,"McKillican, Adam",1000570064.0,QUE_CAP,Slider,L,29,50,46.891250939602536,39.62485345838218,45.826549115926746,37.99772468714448,0.0023262365956683,0.0,46.571840392499794,46.571840392499794,35.494433529796986,-0.2710882689704184,0.0023262365956683,0.2428001961036882,516,139,6,3,0,2,0,4,0.0,0.3333333333333333,0.0,0.6666666666666666,46.71511537025113,39.91486574983628,924,87,36.49019003684828,5.50098231827112,1456,138,68.77486587891195,96.29993451211526,66,9,34.001613451495025,4.715127701375246,1460,138
987,133,58,"Marynczak, Arlo",837346.0,TRI_VAL,Changeup,R,25,120,49.73658536078306,50.293083235638925,39.17377628102496,10.921501706484642,-0.0014961201975321,-0.0059407084300133,46.56774263685563,46.56774263685563,35.42894564505566,-0.0229702099395732,-0.0014961201975321,0.2648286252638548,425,64,5,7,1,4,0,1,0.14285714285714285,0.8,0.0,0.2,75.54661206179081,98.5592665356909,25,3,46.228844206747524,41.87950229207596,907,54,68.77486587891195,96.29993451211526,98,9,63.47831795916028,90.9954158480681,145,11
988,318,170,"Willeman, Landon",812254.0,EVA_OTT,Four-Seam,R,261,554,41.98066872054856,19.929660023446655,57.26146721007452,77.81569965870307,0.0088961793761514,0.0013490157851663,46.56490826740634,46.56490826740634,35.36345776031434,-0.6992994907632997,0.0088961793761514,0.2630982844415119,684,203,93,78,9,27,18,48,0.11538461538461539,0.2903225806451613,0.1935483870967742,0.5161290322580645,44.05783456918757,29.404060248853963,1078,133,44.35602609715151,32.220039292730846,1035,168,50.61587184181617,51.34250163719712,743,115,43.5102278088064,25.867714472822527,1133,143
989,103,57,"Delaney, Carter",1000039247.0,WIN_CIT29,Curveball,R,47,71,43.726746799127376,26.143024618991795,53.18536273853953,66.60978384527873,0.0065542497772886,0.0,46.56433158095102,46.56433158095102,35.297969875573024,-0.5470384768914979,0.0065542497772886,0.2896605617354738,631,67,9,8,1,6,1,2,0.125,0.6666666666666666,0.1111111111111111,0.2222222222222222,67.30904157849375,94.8264571054355,74,7,45.01151243551012,35.59266535690897,978,62,58.35025819094956,82.31827111984283,267,20,62.07466536355717,88.37590045841519,175,18
990,131,66,"Duby, Bill",1000270408.0,NEW_JER6,Sinker,L,67,134,46.58440327969754,38.45252051582649,46.51657448439303,41.29692832764505,0.0027226913101297,0.0,46.56405464110618,46.56405464110618,35.2324819908317,-0.2978459130726527,0.0027226913101297,0.258784731756855,526,69,25,17,1,4,7,14,0.058823529411764705,0.16,0.28,0.56,36.00627374196497,5.304518664047151,1447,126,40.50022410680679,15.324165029469548,1295,100,42.50485450524672,20.268500327439423,1218,104,40.73914591038994,17.41977734119188,1263,112
991,247,148,"Sabatine, Gino",1000229070.0,TRI_VAL,Slider,R,112,138,40.45270697798401,16.060961313012896,60.74291817039638,85.6655290102389,0.0108964502494582,0.0,46.539770335707715,46.539770335707715,35.16699410609037,-0.8325403847040587,0.0108964502494582,0.2916704703988234,717,169,37,34,5,14,7,16,0.14705882352941177,0.3783783783783784,0.1891891891891892,0.43243243243243246,49.498078371365,50.55664702030125,756,93,46.51527521174456,43.5494433529797,862,136,51.02485819400301,53.07793058284217,716,87,48.79687054028453,46.037982973149965,824,97
992,319,171,"Hill, Kaleb",1000371973.0,OTT_TIT,Four-Seam,R,40,53,44.32636343089363,28.839390386869876,51.67897712290598,61.66097838452787,0.0056887545268137,0.0,46.53214753849733,46.53214753849733,35.10150622134905,-0.4947508745172472,0.0056887545268137,0.2545365065316142,608,180,12,14,5,3,4,5,0.35714285714285715,0.25,0.3333333333333333,0.4166666666666667,41.566633818190475,21.31630648330059,1196,167,60.83682546159638,85.59266535690897,223,25,37.501042815024775,10.31434184675835,1363,232,49.79270515202998,50.75311067452522,753,59
993,248,100,"Cerda, Junior",693702.0,EVA_OTT,Slider,L,30,84,49.41502183254881,49.00351699882767,39.799371471792,12.684869169510806,-0.0011366839013344,0.0014365789671385,46.53032672432177,46.53032672432177,35.036018336607725,-0.0510111030896618,-0.0011366839013344,0.2324291801792913,436,121,8,5,0,3,1,4,0.0,0.375,0.125,0.5,49.289356146281456,49.574328749181404,780,77,36.49019003684828,5.50098231827112,1498,142,57.04718222995426,78.42174197773411,349,46,44.52900791851833,29.3713163064833,1115,101
994,320,172,"Snyder, Jack",801389.0,SCH_BOO,Four-Seam,R,45,110,43.63464626525571,25.79132473622509,53.27860950183177,67.06484641638225,0.0066078247914909,0.0,46.527835236228526,46.527835236228526,34.9705304518664,-0.5550698019722461,0.0066078247914909,0.2821903988477068,634,187,14,16,2,6,3,5,0.125,0.42857142857142855,0.21428571428571427,0.35714285714285715,52.59909428689188,63.78519973804846,550,26,45.01151243551012,35.59266535690897,977,155,48.67026533784162,42.403405370006546,877,143,53.55248889025259,65.4551407989522,529,35
995,321,149,"Noriega, Branden",804447.0,LAK_ERI24,Four-Seam,L,62,177,45.07117834857252,31.65298944900352,49.90236294169032,55.40386803185437,0.004667999203734,0.0,46.52053372650786,46.52053372650786,34.905042567125086,-0.429801731690292,0.004667999203734,0.2298971351538184,584,167,17,13,2,9,3,5,0.15384615384615385,0.5294117647058824,0.17647058823529413,0.29411764705882354,58.829189610393854,82.87491814014408,261,12,46.977971450585926,45.2521283562541,837,115,52.218136021559914,58.51342501637197,630,76,57.53343637778241,78.12704649639817,337,22
996,322,173,"Blair, Davis",836357.0,DOW_EAS1,Four-Seam,R,111,204,43.86658778834153,26.846424384525204,52.62733844535101,64.67576791808874,0.0062336364028698,0.0,46.49481298544437,46.49481298544437,34.83955468238376,-0.5348441019320955,0.0062336364028698,0.2388963988840803,625,185,32,34,8,6,7,19,0.23529411764705882,0.1875,0.21875,0.59375,37.705272654144984,9.037328094302556,1388,219,52.53032631668233,66.50294695481335,514,61,48.25141949323599,40.4060248853962,911,151,38.607348530817724,12.639161755075312,1336,203
997,323,174,"Lefebvre, Charles",1000429097.0,TRO_AIG,Four-Seam,R,30,63,43.255615893376834,23.44665885111372,53.94840977934815,69.11262798634812,0.0069926591612172,0.0044713016780366,46.46345405916823,46.46345405916823,34.77406679764244,-0.5881219028023856,0.0069926591612172,0.2520136823311275,654,193,9,11,3,4,2,3,0.2727272727272727,0.4444444444444444,0.2222222222222222,0.3333333333333333,53.579757439665336,67.3215455140799,492,20,55.082166179383194,74.03405370006548,395,39,47.92565050298717,38.83431565160445,927,160,55.05640238554163,70.43222003929273,433,25
998,324,175,"Gordillo, Lucas",808851.0,TRI_VAL,Four-Seam,R,111,247,41.27444976632341,18.52286049237984,58.56865428084572,81.11490329920365,0.0096472249182047,0.0013490157851663,46.4627111206801,46.4627111206801,34.70857891290111,-0.7608829991441655,0.0096472249182047,0.2923745739682533,696,206,22,24,9,4,10,8,0.375,0.18181818181818182,0.45454545454545453,0.36363636363636365,37.35423982104994,8.284217419777342,1400,222,62.05415723283379,87.06614276358874,195,21,26.1287435190658,1.5717092337917484,1503,252,53.14233066426467,64.07989521938441,543,37
999,325,150,"Barker, Alex",1000106691.0,NEW_YOR13,Four-Seam,L,76,235,43.59264029355127,25.32239155920281,53.11463222386722,66.38225255972696,0.0065136114945825,0.0008748216637716,46.44923787264605,46.44923787264605,34.64309102815979,-0.5587327950072394,0.0065136114945825,0.2658149872460814,638,189,27,21,2,9,8,10,0.09523809523809523,0.3333333333333333,0.2962962962962963,0.37037037037037035,46.71511537025113,39.91486574983628,907,90,42.98262615011444,24.49246889325475,1152,174,40.97591204434557,16.470203012442695,1277,207,52.71698139286979,62.835625409299276,568,40
1000,42,23,"Campbell, Tyler",809429.0,MIS_MUD,Cutter,R,76,132,50.11678680904502,52.28604923798359,37.84513556039507,7.679180887372014,-0.0022594919539792,-8.326672684688674e-17,46.43529143445003,46.43529143445003,34.577603143418465,0.0101840107668749,-0.0022594919539792,0.2423585183972914,408,19,32,30,0,20,7,5,0.0,0.625,0.21875,0.15625,64.73480080246343,92.40340537000655,122,4,36.49019003684828,5.50098231827112,1511,35,48.25141949323599,40.4060248853962,912,21,66.2417590067539,94.62999345121152,83,5
1001,132,67,"Delongchamp, Luke",802194.0,TRI_VAL,Sinker,L,47,100,42.0471299344526,20.1641266119578,56.67013757363328,76.16609783845279,0.0085564303859237,0.0,46.4340322262068,46.4340322262068,34.51211525867714,-0.693503958515157,0.0085564303859237,0.283614224688171,682,100,20,13,2,9,3,8,0.15384615384615385,0.45,0.15,0.4,53.92298954313605,68.69679109364768,477,45,46.977971450585926,45.2521283562541,831,44,54.70164550016272,69.67910936476753,463,27,50.845444598732314,55.10805500982319,669,66
1002,43,20,"Gamelin, Shaun",815222.0,JOL_SLA,Cutter,L,56,137,48.76990643745165,46.776084407971865,40.95249902452828,16.32536973833902,-0.0004741533980373,0.0,46.424684213574636,46.424684213574636,34.446627373935826,-0.1072662759406669,-0.0004741533980373,0.2447755049771246,455,22,8,12,3,4,3,1,0.25,0.5,0.375,0.125,57.012078474372444,77.60314341846758,377,10,53.53283483417195,69.25343811394892,486,5,33.59181493203887,5.599214145383105,1445,30,68.21564546932076,96.39816633922725,58,2
1003,326,151,"Salata, Derek",1000057774.0,SCH_BOO,Four-Seam,L,286,539,42.601790972618176,21.33645955451348,55.32139108992109,73.32195676905575,0.0077815068446784,0.0031781265155526,46.41767100780905,46.41767100780905,34.3811394891945,-0.6451365612822586,0.0077815068446784,0.2560033895903947,672,199,100,69,12,24,27,49,0.17391304347826086,0.24,0.27,0.49,40.948816031943196,18.82776686313032,1240,166,48.345942939334314,51.21152586771447,745,90,43.44306919716334,22.331368696791092,1187,188,45.16065158653973,32.80943025540275,1027,130
1004,327,152,"Cooper, Garrett",1000327042.0,NEW_YOR13,Four-Seam,L,115,191,44.491120498695736,29.073856975381005,50.844262122954525,58.70307167235495,0.0052091682505902,0.0069953001870912,46.39706298597337,46.39706298597337,34.31565160445317,-0.4803837746184202,0.0052091682505902,0.2653779947066354,606,178,46,39,10,18,9,19,0.2564102564102564,0.391304347826087,0.1956521739130435,0.41304347826086957,50.296667754293324,53.601833660772755,709,51,53.96982572641102,71.18533071381793,442,41,50.41849147184774,50.52390307793059,757,104,50.02156155348701,51.66994106090373,739,66
1005,134,76,"Figueredo, Kevin",1000210447.0,WIN_CIT29,Changeup,L,37,111,51.373391843469165,57.444314185228606,34.746474117073376,3.981797497155859,-0.0040398307558051,-0.0004581049185942,46.38531652555042,46.38531652555042,34.25016371971185,0.119762132687724,-0.0040398307558051,0.2531630547393232,364,55,12,9,1,4,1,7,0.1111111111111111,0.3333333333333333,0.08333333333333333,0.5833333333333334,46.71511537025113,39.91486574983628,951,87,44.0646988356588,30.648330058939095,1080,72,60.956410112940155,87.59004584151931,196,15,39.265310685006675,13.948919449901767,1318,101
1006,133,66,"Delongchamp, Luke",802194.0,TRI_VAL,Sinker,R,53,100,42.0471299344526,20.1641266119578,56.482024755476665,75.82480091012515,0.0084483499920469,0.0023249313340922,46.37759838075982,46.37759838075982,34.18467583497053,-0.693503958515157,0.0084483499920469,0.283614224688171,682,100,11,13,3,7,2,2,0.23076923076923078,0.6363636363636364,0.18181818181818182,0.18181818181818182,65.43686646865352,93.35297969875573,97,15,52.22186215745475,65.38965291421087,524,19,51.71641693497349,55.95939751146039,665,57,64.62676099192646,92.5343811394892,110,13
1007,249,149,"Vitas, Ben",1000076969.0,JOL_SLA,Slider,R,73,154,40.44927150499024,15.943728018757328,60.16926547959673,84.52787258248009,0.0105668575647189,0.0,46.365269697372185,46.365269697372185,34.119187950229204,-0.8328399638623896,0.0105668575647189,0.2621510811766374,718,170,21,21,1,9,4,8,0.047619047619047616,0.42857142857142855,0.19047619047619047,0.38095238095238093,52.59909428689188,63.78519973804846,544,62,39.736408093481366,12.737393582187295,1334,164,50.90410984240499,52.455795677799614,723,90,52.04857539496355,60.216110019646365,608,68
1008,250,150,"Maher, Adam",1000133555.0,TRI_VAL,Slider,R,47,95,49.14241238377364,48.18288393903868,39.86955230567973,12.969283276450511,-0.0010963614382321,0.0,46.36055436034546,46.36055436034546,34.05370006548789,-0.0747831162491908,-0.0010963614382321,0.2617629129196296,443,122,7,7,0,1,3,3,0.0,0.14285714285714285,0.42857142857142855,0.42857142857142855,34.94715753696963,4.191224623444663,1467,172,36.49019003684828,5.50098231827112,1497,175,28.565664796771294,2.4230517354289454,1493,175,49.04074840438546,47.511460379829735,814,95
1009,328,153,"Balzan, Jackson",827496.0,SUS_COU1,Four-Seam,L,117,298,46.10954962269018,35.990621336459554,46.93848325706301,43.45847554038681,0.0029650993861827,0.0,46.358229713002025,46.358229713002025,33.988212180746565,-0.3392539693008838,0.0029650993861827,0.2473467935084296,547,155,41,30,4,11,8,22,0.13333333333333333,0.2682926829268293,0.1951219512195122,0.5365853658536586,42.69678830522818,24.95088408644401,1147,143,45.57960059542091,38.73608382449247,935,131,50.4682377439536,50.72036673215455,753,103,42.218116450147356,22.036673215455142,1191,166
1010,329,154,"Elliott, Eric",830233.0,MIS_MUD,Four-Seam,L,54,127,40.97005427964114,17.35052754982415,58.878778791244045,81.79749715585893,0.0098254072428498,0.0033938120532318,46.34267163312201,46.34267163312201,33.92272429600524,-0.7874268095205993,0.0098254072428498,0.2391584798730142,706,210,9,12,2,2,1,6,0.16666666666666666,0.2222222222222222,0.1111111111111111,0.6666666666666666,39.850473300836924,15.160445317616242,1285,179,47.85195323506406,49.08316961362148,759,94,58.35025819094956,82.31827111984283,262,29,34.001613451495025,4.715127701375246,1448,230
1011,104,58,"Debban, Caleb",1000551056.0,NEW_JER6,Curveball,R,104,206,46.03097322942226,35.756154747948415,47.05686909393359,44.08418657565416,0.0030331180783898,0.0,46.33874198877566,46.33874198877566,33.85723641126391,-0.346105966042691,0.0030331180783898,0.2767185283094162,549,59,21,30,10,11,3,7,0.3333333333333333,0.5238095238095238,0.14285714285714285,0.3333333333333333,58.48307320353263,81.99083169613621,275,33,59.21371643327984,83.00589390962672,262,31,55.37179885153173,72.59332023575638,427,28,55.05640238554163,70.43222003929273,453,53
1012,330,155,"Bargo, Casey",1000492781.0,NEW_ENG23,Four-Seam,L,80,147,44.63794975982701,29.66002344665885,50.30343694275576,57.110352673492606,0.0048984366424672,0.00013543338202,46.33759591470563,46.33759591470563,33.79174852652259,-0.467580010319351,0.0048984366424672,0.2526097780881596,601,175,26,20,2,9,5,12,0.1,0.34615384615384615,0.19230769230769232,0.46153846153846156,47.507189455183536,43.94237066142764,855,81,43.307247955777754,26.39161755075311,1121,167,50.73227564974627,51.7026850032744,740,96,46.958406641677556,38.867059593975114,932,106
1013,135,59,"Heredia-Bustos, Rolando",837343.0,DOW_EAS1,Changeup,R,110,329,47.15998192511802,40.6799531066823,44.40939104814609,31.513083048919228,0.0015120071154428,0.0,46.334804662026436,46.334804662026436,33.726260641781266,-0.247654464482901,0.0015120071154428,0.2680847929627256,507,78,33,27,3,17,5,11,0.1111111111111111,0.5151515151515151,0.15151515151515152,0.3333333333333333,57.948166029292565,81.27046496398165,287,29,44.0646988356588,30.648330058939095,1067,61,54.55949175896323,69.28618205631957,471,36,55.05640238554163,70.43222003929273,464,42
1014,134,67,"Noriega, Branden",804447.0,LAK_ERI24,Sinker,R,52,92,47.97762026854914,43.96248534583822,42.499523408121775,22.753128555176332,0.0004146908942031,0.0,46.334191210420926,46.334191210420926,33.66077275703995,-0.1763549935837461,0.0004146908942031,0.2709097771408122,479,62,19,17,0,9,4,6,0.0,0.47368421052631576,0.21052631578947367,0.3157894736842105,55.38624219477434,72.95350360183366,414,58,36.49019003684828,5.50098231827112,1482,124,49.02297762803584,44.46627373935822,854,75,56.16454917154409,74.09954158480681,398,53
1015,251,101,"Bradford, Ethan",688428.0,NEW_YOR13,Slider,L,70,145,43.5643695209126,25.205158264947247,52.76511566421911,65.47212741751991,0.0063127964315612,0.001560690367994,46.324593363904555,46.324593363904555,33.59528487229863,-0.5611980550421204,0.0063127964315612,0.287381421769494,639,157,16,17,4,6,5,5,0.23529411764705882,0.375,0.3125,0.3125,49.289356146281456,49.574328749181404,766,75,52.53032631668233,66.50294695481335,512,84,39.45565675651772,13.621480026195155,1319,120,56.37232669391955,74.59070072036673,387,39
1016,331,176,"Eckaus, David",824671.0,EVA_OTT,Four-Seam,R,118,232,46.527242280930544,37.98358733880422,45.8293468199018,38.05460750853242,0.002327844019078,0.0,46.31787364262192,46.31787364262192,33.529796987557305,-0.3028304505529416,0.002327844019078,0.2519889827616443,530,145,38,36,6,10,8,20,0.16666666666666666,0.2631578947368421,0.21052631578947367,0.5263157894736842,42.37955195798953,23.968565815324165,1162,155,47.85195323506406,49.08316961362148,776,110,49.02297762803584,44.46627373935822,850,134,42.86678773951465,24.49246889325475,1156,154
1017,135,68,"Godwin, Connor",802684.0,NEW_YOR13,Sinker,L,68,149,45.5799456811903,33.528722157092616,47.94067167507007,47.32650739476678,0.0035409076698414,0.0,46.28816347935423,46.28816347935423,33.46430910281598,-0.3854363445752514,0.0035409076698414,0.2692954551468027,568,77,22,22,4,11,5,6,0.18181818181818182,0.5,0.22727272727272727,0.2727272727272727,57.012078474372444,77.60314341846758,348,30,48.88484079853823,53.208906352324824,719,33,47.45180469898887,36.86967910936477,964,80,58.88454582809556,81.17223313686968,287,29
1018,332,177,"Pindel, Buddie",1000054422.0,SCH_BOO,Four-Seam,R,208,446,47.164623086756464,40.79718640093787,44.21534822044473,30.204778156996586,0.0014005196290905,-0.0009551861943045,46.27984062686294,46.27984062686294,33.39882121807465,-0.2472497471994749,0.0014005196290905,0.2496293214155367,506,138,89,63,9,36,18,35,0.14285714285714285,0.4044943820224719,0.20224719101123595,0.39325842696629215,51.11157152706697,57.3018991486575,653,44,46.228844206747524,41.87950229207596,902,129,49.799737278351195,46.16895874263262,823,126,51.27127179065685,57.236411263916175,654,44
1019,136,69,"Noriega, Branden",804447.0,LAK_ERI24,Sinker,L,40,92,47.97762026854914,43.96248534583822,42.30517215967078,21.729237770193404,0.0003030262044235,0.0,46.27588583588563,46.27588583588563,33.33333333333333,-0.1763549935837461,0.0003030262044235,0.2709097771408122,479,62,8,11,2,5,1,2,0.18181818181818182,0.625,0.125,0.25,64.73480080246343,92.40340537000655,121,9,48.88484079853823,53.208906352324824,721,34,57.04718222995426,78.42174197773411,345,18,60.32009961905328,84.61034708578913,247,25
1020,252,102,"Gollert, Harley",1000114236.0,TRO_AIG,Slider,L,32,71,40.88948517748506,17.23329425556858,58.80297539099027,81.45620022753128,0.0097818543290351,0.0,46.263532241536616,46.263532241536616,33.26784544859201,-0.7944525739073853,0.0097818543290351,0.2826116369946472,707,168,9,8,2,2,3,4,0.25,0.2222222222222222,0.3333333333333333,0.4444444444444444,39.850473300836924,15.160445317616242,1286,124,53.53283483417195,69.25343811394892,454,74,37.501042815024775,10.31434184675835,1349,121,48.038139407526096,43.28749181401441,857,84
1021,333,156,"Gollert, Harley",1000114236.0,TRO_AIG,Four-Seam,L,40,160,44.89941337940402,30.83235638921454,49.40744168936857,53.29920364050057,0.0043836417398827,0.0,46.25182187239338,46.25182187239338,33.20235756385069,-0.4447799326505508,0.0043836417398827,0.2335069470682833,591,171,14,10,0,4,4,6,0.0,0.2857142857142857,0.2857142857142857,0.42857142857142855,43.773125911930755,28.323510150622134,1098,134,36.49019003684828,5.50098231827112,1428,232,41.96873182415151,19.05697445972495,1238,199,49.04074840438546,47.511460379829735,802,83
1022,334,157,"Boies, Emiles",1000429129.0,QUE_CAP,Four-Seam,L,45,98,45.48663287220435,32.590855803048065,48.02159055747993,47.781569965870304,0.0035873996886663,0.00027086676404,46.247120177787025,46.247120177787025,33.13686967910937,-0.3935733821325818,0.0035873996886663,0.2540158260150428,576,162,14,12,2,1,5,8,0.16666666666666666,0.07142857142857142,0.35714285714285715,0.5714285714285714,30.53417334948907,0.9823182711198428,1513,245,47.85195323506406,49.08316961362148,775,99,35.2671983104614,7.138179436804191,1419,232,40.0172674326512,15.520628683693516,1295,191
1023,335,158,"Sparks, Alec",836152.0,GAT_GRI,Four-Seam,L,150,363,46.67577062392473,38.921453692848765,45.21502252513487,35.03981797497156,0.0019748834266148,-0.0011690328012485,46.23754619428777,46.23754619428777,33.071381794368044,-0.2898785233908987,0.0019748834266148,0.242654833663629,522,143,61,38,4,18,21,22,0.10526315789473684,0.29508196721311475,0.3442622950819672,0.36065573770491804,44.35187793651837,30.582842174197772,1061,128,43.66604047782667,28.454485920104784,1096,160,36.47567156702847,7.9240340537000655,1407,228,53.33060001389847,64.7675180091683,539,38
1024,253,151,"Reeves, Cobe",802696.0,NEW_YOR13,Slider,R,29,51,53.263296228876165,65.76787807737398,29.83363117341668,1.1376564277588168,-0.0068625092187006,-0.0122257716203849,46.234396712238315,46.234396712238315,33.00589390962672,0.2845650480745602,-0.0068625092187006,0.2708020867585675,293,88,3,7,5,1,1,1,0.7142857142857143,0.3333333333333333,0.3333333333333333,0.3333333333333333,46.71511537025113,39.91486574983628,956,119,80.0,99.73804846103471,5,2,37.501042815024775,10.31434184675835,1401,166,55.05640238554163,70.43222003929273,492,49
1025,105,47,"Foltz Jr., Michael",803189.0,WAS_WIL3,Curveball,L,47,76,44.817039204826,30.71512309495897,49.47443906594954,53.58361774744027,0.0044221351446413,0.0,46.214259163163064,46.214259163163064,32.94040602488539,-0.4519631024594923,0.0044221351446413,0.2821452330206206,592,62,6,10,6,5,1,0,0.6,0.8333333333333334,0.16666666666666666,0.0,77.60600468261507,98.98493778650949,15,2,77.39253755042509,98.75573018991487,19,4,53.137954346968364,63.0648330058939,561,28,76.11119131958824,98.91944990176817,8,3
1026,254,152,"Armstrong, Andrew",803262.0,NEW_YOR13,Slider,R,52,125,50.71243699306079,55.33411488862837,35.61020005089801,4.721274175199089,-0.0035435762206588,-1.1102230246251563e-16,46.181765910411954,46.181765910411954,32.874918140144075,0.0621257320700743,-0.0035435762206588,0.2793133288383257,382,108,13,10,4,6,1,6,0.4,0.46153846153846156,0.07692307692307693,0.46153846153846156,54.63585621957522,70.6286836935167,457,47,63.758421712566154,89.19449901768172,175,38,61.55782978724568,88.73608382449247,182,22,46.958406641677556,38.867059593975114,943,114
1027,336,159,"Dill, Austin",1000429156.0,TRI_VAL,Four-Seam,L,40,113,49.14873260897557,48.30011723329425,39.24139285115052,11.149032992036403,-0.001457271034549,-0.0010825494762389,46.17653068162805,46.17653068162805,32.80943025540275,-0.0742319817329569,-0.001457271034549,0.2206883518667296,442,112,15,12,1,3,1,11,0.08333333333333333,0.2,0.06666666666666667,0.7333333333333333,38.47754488695408,11.100196463654225,1369,197,42.171071635956174,21.676489849377862,1199,186,62.52010126613452,90.63523248199084,145,16,29.79065566468571,2.1938441388343155,1495,240
1028,337,160,"Catrambone, Ben",1000565186.0,JOL_SLA,Four-Seam,L,75,174,48.92876080625515,47.127784290738575,39.72106397909892,12.286689419795222,-0.0011816755437791,0.0,46.16645175810828,46.16645175810828,32.74394237066143,-0.0934139015544808,-0.0011816755437791,0.2278655517079721,452,117,30,26,5,13,1,16,0.19230769230769232,0.43333333333333335,0.03333333333333333,0.5333333333333333,52.89329323272392,65.19318925998691,532,36,49.59991680402034,56.12311722331369,672,76,65.64748357252323,92.5343811394892,115,11,42.423529025113666,22.593320235756384,1186,161
1029,338,178,"Salata, Derek",1000057774.0,SCH_BOO,Four-Seam,R,253,539,42.601790972618176,21.33645955451348,54.36555533988817,70.4778156996587,0.0072323305293299,0.0004699536674998,46.13092028279917,46.13092028279917,32.678454485920106,-0.6451365612822586,0.0072323305293299,0.2560033895903947,672,199,94,70,14,30,18,46,0.2,0.3191489361702128,0.19148936170212766,0.48936170212765956,45.838778084794,36.21480026195154,975,103,50.12430587470722,58.08775376555337,634,85,50.80905262944485,51.997380484610346,734,111,45.20096926747726,32.874918140144075,1026,118
1030,136,60,"Majick, Eli",828663.0,NEW_ENG23,Changeup,R,66,130,45.99591227645134,35.63892145369285,46.42575217467851,40.89874857792947,0.0026705092679758,0.0,46.12486424591949,46.12486424591949,32.61296660117878,-0.3491633414900758,0.0026705092679758,0.2683774451235844,550,83,16,20,1,10,2,4,0.05,0.625,0.125,0.25,64.73480080246343,92.40340537000655,119,12,39.89871899631302,13.392272429600524,1322,76,57.04718222995426,78.42174197773411,334,30,60.32009961905328,84.61034708578913,238,23
1031,339,179,"Fowler, Dalton",687096.0,SUS_COU1,Four-Seam,R,46,89,52.825258616227046,64.47831184056272,30.469130490864234,1.1945392491467577,-0.0064973824973467,0.0,46.118420178618194,46.118420178618194,32.54747871643746,0.2463674142836226,-0.0064973824973467,0.2325124562115568,304,64,8,10,0,7,1,0,0.0,0.875,0.125,0.0,80.0,99.44335297969874,10,1,36.49019003684828,5.50098231827112,1522,252,57.04718222995426,78.42174197773411,355,45,76.11119131958824,98.91944990176817,34,1
1032,106,48,"Martzolf, Max",824782.0,OTT_TIT,Curveball,L,56,71,43.1934177485751,22.860492379835872,52.84293081334651,65.7565415244596,0.0063575051975544,0.0,46.08827166800652,46.08827166800652,32.48199083169613,-0.5935456880870419,0.0063575051975544,0.2905010194801118,659,70,15,20,4,6,3,6,0.2,0.4,0.2,0.4,50.83390061189966,55.664702030124424,668,45,50.12430587470722,58.08775376555337,636,52,50.010572040579646,48.16633922724296,788,37,50.845444598732314,55.10805500982319,677,47
1033,340,161,"Garcia, Jorge",1000221236.0,SUS_COU1,Four-Seam,L,87,176,48.93235768565674,47.24501758499414,39.42099187734965,11.660978384527873,-0.0013540822477257,-0.0011690328012485,46.078947943164614,46.078947943164614,32.416502946954814,-0.0931002474795688,-0.0013540822477257,0.2261037490832986,451,116,27,18,5,6,6,15,0.2777777777777778,0.2222222222222222,0.2222222222222222,0.5555555555555556,39.850473300836924,15.160445317616242,1306,182,55.426462033874586,75.2128356254093,385,32,47.92565050298717,38.83431565160445,949,137,41.01987642951056,18.3366077275704,1256,181
1034,137,70,"Wehrle, Tyler",806332.0,WIN_CIT29,Sinker,L,62,94,46.84991173133693,39.50762016412661,44.18150852750903,30.034129692832767,0.0013810770021765,0.0,46.04939077018856,46.04939077018856,32.35101506221349,-0.274693119085886,0.0013810770021765,0.2472360834830847,517,67,16,16,4,3,3,10,0.25,0.1875,0.1875,0.625,37.705272654144984,9.037328094302556,1394,120,53.53283483417195,69.25343811394892,479,18,51.18334040547541,53.798297314996724,710,51,36.63346206825085,8.316961362148003,1405,121
1035,138,71,"Fauci, Sonny",688649.0,NEW_JER6,Sinker,L,45,69,42.30708806209969,20.75029308323564,54.773007643933454,71.55858930602957,0.0074664326279469,0.0,46.046863936649814,46.046863936649814,32.28552717747217,-0.6708351623339588,0.0074664326279469,0.2872120062798399,677,99,18,14,2,4,6,8,0.14285714285714285,0.2222222222222222,0.3333333333333333,0.4444444444444444,39.850473300836924,15.160445317616242,1290,111,46.228844206747524,41.87950229207596,878,48,37.501042815024775,10.31434184675835,1354,118,48.038139407526096,43.28749181401441,859,80
1036,255,103,"Drakeford, Dosie",836144.0,NEW_JER6,Slider,L,26,82,47.10031983754226,40.44548651817116,43.52587083032395,26.67804323094425,0.001004379756095,-0.0040639555206443,46.02798513537676,46.02798513537676,32.220039292730846,-0.2528571012122894,0.001004379756095,0.2956273456836605,509,136,8,10,4,0,2,6,0.4,0.0,0.25,0.75,26.121189162008505,0.45841519318926005,1523,144,63.758421712566154,89.19449901768172,172,31,45.319498580996566,28.127046496398165,1116,103,28.737916217983376,1.4734774066797642,1510,144
1037,341,180,"Steinhauer, Ryan",1000424762.0,NEW_JER6,Four-Seam,R,30,58,47.066362072699214,40.3282532239156,43.60308526511328,27.13310580204778,0.0010487433811088,0.0,46.02737903042343,46.02737903042343,32.15455140798952,-0.2558182767560718,0.0010487433811088,0.2695625482436188,510,140,12,14,1,4,2,6,0.07142857142857142,0.3333333333333333,0.16666666666666666,0.5,46.71511537025113,39.91486574983628,927,94,41.3595171217979,18.696791093647676,1246,203,53.137954346968364,63.0648330058939,580,86,44.52900791851833,29.3713163064833,1101,138
1038,139,72,"McKillican, Adam",1000570064.0,QUE_CAP,Sinker,L,40,59,45.54075670551481,33.29425556858148,47.10125940499142,44.31171786120592,0.0030586225727165,-0.0009425645084921,46.00890751535779,46.00890751535779,32.0890635232482,-0.3888536907077941,0.0030586225727165,0.2710128079372841,570,78,13,14,2,6,2,5,0.14285714285714285,0.46153846153846156,0.15384615384615385,0.38461538461538464,54.63585621957522,70.6286836935167,450,43,46.228844206747524,41.87950229207596,889,52,54.34079369557941,68.3366077275704,490,30,51.817204087996004,59.13555992141454,630,62
1039,342,162,"Hohenstein, Liam",1000116556.0,WIN_CIT29,Four-Seam,L,111,175,43.12572757782876,22.626025791324736,52.688200998936864,65.13083048919226,0.0062686050393953,0.0,45.99446960416119,45.99446960416119,32.02357563850688,-0.5994483874871644,0.0062686050393953,0.2540401206166697,661,195,36,28,4,12,10,14,0.14285714285714285,0.3333333333333333,0.2777777777777778,0.3888888888888889,46.71511537025113,39.91486574983628,908,91,46.228844206747524,41.87950229207596,879,126,42.71334665900597,20.726915520628683,1212,192,51.54727089653387,58.02226588081205,640,49
1040,107,49,"Andueza, Axel",672847.0,DOW_EAS1,Curveball,L,97,168,45.743522187460194,34.11488862837045,46.570060924568125,41.58134243458476,0.0027534219938643,0.0,45.99148380859258,45.99148380859258,31.95808775376555,-0.3711721916740637,0.0027534219938643,0.2430047506891675,563,61,19,22,3,10,4,5,0.13636363636363635,0.5263157894736842,0.21052631578947367,0.2631578947368421,58.63791475397054,82.31827111984283,272,25,45.786178108115735,39.45645055664702,927,64,49.02297762803584,44.46627373935822,848,41,59.488989529551446,82.41650294695482,270,29
1041,256,104,"Bell, Brendan",681141.0,NEW_ENG23,Slider,L,28,60,45.377927903411546,32.35638921453693,47.41232543613968,45.62002275312855,0.0032373458489804,0.0,45.988247163229985,45.988247163229985,31.89259986902423,-0.4030526425186731,0.0032373458489804,0.3038656128854263,578,150,4,8,4,3,1,0,0.5,0.75,0.25,0.0,72.4575231305544,97.60969220694172,36,4,70.57547963149563,95.87426326129666,67,11,45.319498580996566,28.127046496398165,1098,101,76.11119131958824,98.91944990176817,13,1
1042,257,153,"Escobar, Anthony",678673.0,TRO_AIG,Slider,R,149,249,42.05658478452606,20.39859320046893,55.09020051012528,72.4118316268487,0.007648676082959,0.0,45.96666950220582,45.96666950220582,31.827111984282908,-0.6926794793146833,0.007648676082959,0.280906804849984,680,163,47,40,5,22,12,13,0.125,0.46808510638297873,0.2553191489361702,0.2765957446808511,55.04031958209389,71.93844138834315,429,42,45.01151243551012,35.59266535690897,974,143,44.82044821295582,25.147347740667975,1144,132,58.64019624665595,80.68107400130977,296,27
1043,108,59,"Willeman, Landon",812254.0,EVA_OTT,Curveball,R,56,121,44.255566264881374,28.487690504103163,49.93242562282006,55.631399317406135,0.0046852717450171,0.0,45.95862407226298,45.95862407226298,31.761624099541585,-0.5009245092524421,0.0046852717450171,0.2874211978108381,611,65,11,10,4,6,4,1,0.4,0.5454545454545454,0.36363636363636365,0.09090909090909091,59.8203411391328,84.80681074001309,232,28,63.758421712566154,89.19449901768172,166,20,34.65796799103503,6.614276358873608,1425,77,70.36897615575734,97.57694826457104,38,6
1044,137,61,"Steinhauer, Ryan",1000424762.0,NEW_JER6,Changeup,R,57,93,39.67072464549598,13.36459554513482,60.57612482166258,85.3811149032992,0.0108006189764815,0.0068001536067861,45.94234469834596,45.94234469834596,31.696136214800262,-0.9007305900764184,0.0108006189764815,0.2606346343433212,740,108,10,10,1,3,1,6,0.1,0.3,0.1,0.6,44.655722749426864,31.761624099541585,1040,75,43.307247955777754,26.39161755075311,1112,64,59.39271895974579,84.67583497053045,228,22,38.21257123830435,11.42763588736084,1346,82
1045,343,163,"Armstrong, Andrew",803262.0,NEW_YOR13,Four-Seam,L,45,129,43.922248568181,26.963657678780773,50.51967987907714,57.62229806598407,0.0050226792217859,0.0,45.901477961449835,45.901477961449835,31.630648330058943,-0.5299903861245241,0.0050226792217859,0.2753862657188625,624,184,8,11,4,1,2,5,0.36363636363636365,0.125,0.25,0.625,33.84391149009949,2.8159790438768826,1484,236,61.279491560228166,86.18205631958088,212,11,45.319498580996566,28.127046496398165,1089,169,36.63346206825085,8.316961362148003,1396,218
1046,44,21,"Petschke, Ben",814386.0,EVA_OTT,Cutter,L,150,254,45.522197273777536,33.17702227432591,46.774238590669135,42.37770193401592,0.0028707324610047,0.0,45.897809668845014,45.897809668845014,31.565160445317613,-0.3904721051005231,0.0028707324610047,0.2409561434793856,571,28,51,38,5,23,11,17,0.13157894736842105,0.45098039215686275,0.21568627450980393,0.3333333333333333,53.983559914336766,68.95874263261297,475,12,45.46000308807127,38.24492468893255,944,18,48.53886271992613,41.42108709888671,896,20,55.05640238554163,70.43222003929273,455,12
1047,138,77,"Peters, Garrett",833402.0,NEW_YOR13,Changeup,L,118,480,47.51731617392271,41.96951934349355,42.100377451799176,20.30716723549488,0.0001853612153624,0.0,45.89223455728565,45.89223455728565,31.499672560576293,-0.2164943029290688,0.0001853612153624,0.2572438496575661,496,76,40,36,8,17,7,16,0.2222222222222222,0.425,0.175,0.4,52.37844507751785,62.3117223313687,577,61,51.63920763446932,63.42501637197119,570,37,52.356108770371186,59.43025540275049,621,54,50.845444598732314,55.10805500982319,698,66
1048,344,181,"Miranda, Kevin",806656.0,OTT_TIT,Four-Seam,R,93,189,48.43042295284274,45.36928487690504,39.94866772501647,13.196814562002276,-0.001050905600786,-0.0113634243560413,45.885896384494856,45.885896384494856,31.43418467583497,-0.1368698201311746,-0.001050905600786,0.2385891774889661,467,125,36,29,11,7,9,20,0.3793103448275862,0.19444444444444445,0.25,0.5555555555555556,38.13431278348337,9.823182711198427,1378,214,62.34799593623592,87.65553372626064,190,20,45.319498580996566,28.127046496398165,1127,189,41.01987642951056,18.3366077275704,1255,179
1049,258,154,"Kaminer, Brandon",690510.0,DOW_EAS1,Slider,R,88,133,48.29659889179508,44.66588511137163,40.16691434652528,13.879408418657563,-0.0009255118022873,-1.1102230246251563e-16,45.85769352821414,45.85769352821414,31.368696791093647,-0.1485395085978801,-0.0009255118022873,0.2369339326216542,473,127,25,24,3,10,5,10,0.125,0.4,0.2,0.4,50.83390061189966,55.664702030124424,693,83,45.01151243551012,35.59266535690897,999,145,50.010572040579646,48.16633922724296,815,101,50.845444598732314,55.10805500982319,700,79
1050,259,105,"Perdomo, Rafael",1000557553.0,QUE_CAP,Slider,L,38,84,47.4725948745652,41.73505275498242,42.08870038053128,20.25028441410694,0.0001786521432517,0.0001010093168719,45.85742652635503,45.85742652635503,31.303208906352324,-0.2203940772091411,0.0001786521432517,0.2607460522595014,498,135,12,10,2,3,3,6,0.2,0.25,0.25,0.5,41.566633818190475,21.31630648330059,1217,115,50.12430587470722,58.08775376555337,652,100,45.319498580996566,28.127046496398165,1120,104,44.52900791851833,29.3713163064833,1108,100
1051,345,164,"Bargo, Casey",1000057987.0,FLO_Y'A,Four-Seam,L,54,189,47.31485501755312,41.26611957796014,42.4422794016409,22.41183162684869,0.0003818012972678,-4.163336342344337e-17,45.85308233277945,45.85308233277945,31.237721021611005,-0.2341492642487723,0.0003818012972678,0.2558016326699746,502,134,18,12,4,3,5,10,0.3333333333333333,0.16666666666666666,0.2777777777777778,0.5555555555555556,36.418152266129816,6.221349050425671,1440,223,59.21371643327984,83.00589390962672,273,20,42.71334665900597,20.726915520628683,1217,194,41.01987642951056,18.3366077275704,1250,180
1052,109,60,"Bice, Emmett",828456.0,NEW_YOR13,Curveball,R,63,170,41.00179632167115,17.46776084407972,57.08331528995507,77.3037542662116,0.0087938220254663,0.0014562792449202,45.826252012156324,45.826252012156324,31.172233136869682,-0.7846588488199047,0.0087938220254663,0.2955604938881289,705,74,22,21,3,10,5,7,0.14285714285714285,0.45454545454545453,0.22727272727272727,0.3181818181818182,54.20381580961208,69.44990176817288,466,51,46.228844206747524,41.87950229207596,873,56,47.45180469898887,36.86967910936477,962,54,56.013438246180115,73.80484610347085,401,47
1053,110,61,"Reeves, Cobe",802696.0,NEW_YOR13,Curveball,R,29,51,46.60386129625304,38.68698710433763,43.97552351350252,29.23777019340159,0.0012627281216233,0.0,45.81535996142788,45.81535996142788,31.106745252128356,-0.2961491405370929,0.0012627281216233,0.2761951855228183,524,58,7,6,2,2,4,1,0.3333333333333333,0.2857142857142857,0.5714285714285714,0.14285714285714285,43.773125911930755,28.323510150622134,1103,78,59.21371643327984,83.00589390962672,268,32,20.0,0.3274394237066143,1523,86,67.08771034785399,95.31761624099542,73,7
1054,346,182,"Nova, Fraynel",805843.0,LAK_ERI24,Four-Seam,R,225,430,45.72682318084589,33.99765533411489,45.96924249039365,38.33902161547213,0.0024082212061118,-0.0008844308152409,45.799548973710216,45.799548973710216,31.041257367387033,-0.3726283737938325,0.0024082212061118,0.248069660237292,564,158,83,76,7,39,11,33,0.09210526315789473,0.46987951807228917,0.13253012048192772,0.39759036144578314,55.1511815278445,72.16764898493778,426,14,42.769059172704374,23.968565815324165,1162,188,56.34069526314958,76.16240995415848,365,47,50.99764789223144,56.90897184020957,659,46
1055,140,73,"Martinez, Gregory",1000051547.0,DOW_EAS1,Sinker,L,62,89,45.49854725218656,32.942555685814774,46.46752552566156,41.069397042093286,0.002694510185468,0.0,45.789240734229054,45.789240734229054,30.97576948264571,-0.3925344276906243,0.002694510185468,0.2401288865852603,573,79,22,17,1,6,3,13,0.058823529411764705,0.2727272727272727,0.13636363636363635,0.5909090909090909,42.97076515057065,26.064178127046496,1128,102,40.50022410680679,15.324165029469548,1296,101,55.98102917095811,75.18009168303864,380,21,38.78679275468744,12.999345121152587,1330,117
1056,347,165,"Blair, Davis",836357.0,DOW_EAS1,Four-Seam,L,93,204,43.86658778834153,26.846424384525204,50.27352122879598,56.88282138794085,0.0048812485413076,0.0,45.78866782047786,45.78866782047786,30.910281597904387,-0.5348441019320955,0.0048812485413076,0.2388963988840803,625,185,30,23,2,9,4,17,0.08695652173913043,0.3,0.13333333333333333,0.5666666666666667,44.655722749426864,31.761624099541585,1046,123,42.4180664880913,22.4950884086444,1183,182,56.26533665335708,75.8022265880812,371,40,40.31805013170901,16.30648330058939,1279,188
1057,348,166,"Nova, Fraynel",805843.0,LAK_ERI24,Four-Seam,L,203,430,45.72682318084589,33.99765533411489,45.92727760553769,38.1683731513083,0.0023841102426555,0.0,45.786959508253425,45.786959508253425,30.844793713163064,-0.3726283737938325,0.0023841102426555,0.248069660237292,564,158,67,52,3,31,13,23,0.057692307692307696,0.4626865671641791,0.19402985074626866,0.34328358208955223,54.70678822718111,71.28356254092992,439,23,40.4231080669999,14.996725605762935,1299,211,50.57070021485822,51.178781925343806,747,98,54.42790122333129,67.38703339882122,499,35
1058,260,106,"Toribio, Noe",672848.0,TRO_AIG,Slider,L,29,150,50.01917914973108,51.81711606096131,35.90912562359769,5.062571103526735,-0.0033718282560394,0.0,45.78616309189106,45.78616309189106,30.779305828421744,0.0016724548684754,-0.0033718282560394,0.2180676404052518,412,114,9,7,2,2,2,5,0.2857142857142857,0.2222222222222222,0.2222222222222222,0.5555555555555556,39.850473300836924,15.160445317616242,1308,126,55.96749837664676,76.55533726260641,369,64,47.92565050298717,38.83431565160445,951,88,41.01987642951056,18.3366077275704,1257,117
1059,139,78,"Long, Maddox",1000248716.0,WAS_WIL3,Changeup,L,57,61,42.86208510919685,22.039859320046894,52.54094093522901,64.44823663253698,0.0061839966334194,0.0,45.76574185700649,45.76574185700649,30.71381794368042,-0.6224384645438745,0.0061839966334194,0.2815696692855846,666,100,21,10,1,13,5,3,0.1,0.6190476190476191,0.23809523809523808,0.14285714285714285,64.36705212017338,91.91224623444663,124,12,43.307247955777754,26.39161755075311,1119,77,46.436420833278255,32.580222658808125,1030,82,67.08771034785399,95.31761624099542,67,3
1060,45,22,"Catrambone, Ben",1000565186.0,JOL_SLA,Cutter,L,25,61,45.89816168182087,35.05275498241501,45.45658247736458,36.00682593856656,0.0021136719208688,0.0,45.765687920483984,45.765687920483984,30.648330058939095,-0.3576873615941028,0.0021136719208688,0.2864869246080138,555,27,6,4,2,3,1,2,0.5,0.5,0.16666666666666666,0.3333333333333333,57.012078474372444,77.60314341846758,358,7,70.57547963149563,95.87426326129666,70,2,53.137954346968364,63.0648330058939,575,12,55.05640238554163,70.43222003929273,460,13
1061,349,167,"Kramer, Cameron",1000249123.0,TRO_AIG,Four-Seam,L,40,81,46.34207797046908,37.04572098475968,44.36742598073411,31.11490329920364,0.0014878960470988,0.0,45.74968237354859,45.74968237354859,30.582842174197772,-0.3189770971374307,0.0014878960470988,0.2562291655313264,538,149,10,6,1,1,1,8,0.16666666666666666,0.1,0.1,0.8,32.2993670244813,1.4734774066797642,1506,242,47.85195323506406,49.08316961362148,782,102,59.39271895974579,84.67583497053045,237,23,25.57969787787638,0.5566470203012442,1521,244
1062,46,23,"Parks, Pavin",682030.0,LAK_ERI24,Cutter,L,40,135,48.308271657250295,44.7831184056272,39.75634390071647,12.457337883959044,-0.0011614054321422,-1.1102230246251563e-16,45.742693330290145,45.742693330290145,30.51735428945645,-0.1475216233585528,-0.0011614054321422,0.2539856110847988,472,23,13,11,1,5,4,4,0.09090909090909091,0.38461538461538464,0.3076923076923077,0.3076923076923077,49.88341170998077,52.030124426981004,742,18,42.687515417693255,23.346430910281597,1177,24,39.90672151224686,14.276358873608382,1313,24,56.67600153431445,75.44204322200393,381,9
1063,141,68,"Peyton, Blake",1000017005.0,GAT_GRI,Sinker,R,62,77,50.39206898063309,53.45838218053928,34.885187671782084,4.09556313993174,-0.0039601327544893,0.0,45.740004587977786,45.740004587977786,30.451866404715126,0.034189089956086,-0.0039601327544893,0.1962918536716128,398,49,22,14,3,6,4,12,0.21428571428571427,0.2727272727272727,0.18181818181818182,0.5454545454545454,42.97076515057065,26.064178127046496,1139,109,51.09817129169714,61.62409954158481,591,21,51.71641693497349,55.95939751146039,686,64,41.657900336602886,19.810085134250162,1230,116
1064,142,74,"Gordillo, Lucas",808851.0,TRI_VAL,Sinker,L,46,73,45.704948002582086,33.88042203985932,45.818711568688215,37.82707622298066,0.0023217335256443,0.0,45.73907707241392,45.73907707241392,30.386378519973807,-0.3745359269908712,0.0023217335256443,0.2607660327725034,565,75,12,10,3,2,2,8,0.3,0.16666666666666666,0.16666666666666666,0.6666666666666666,36.418152266129816,6.221349050425671,1437,124,56.94136379363668,78.68369351669942,331,12,53.137954346968364,63.0648330058939,571,39,34.001613451495025,4.715127701375246,1461,127
1065,350,183,"Leak, Anthony",1000264276.0,NEW_YOR13,Four-Seam,R,81,156,43.49538962704008,24.6189917936694,50.92296923168857,59.15813424345847,0.0052543894928014,0.0004699536674998,45.723663508434626,45.723663508434626,30.320890635232484,-0.567213220518769,0.0052543894928014,0.2257720377056706,644,190,29,23,7,10,6,13,0.30434782608695654,0.3448275862068966,0.20689655172413793,0.4482758620689655,47.42525075674226,43.614931237721024,863,81,57.23775761619884,79.60052390307794,313,32,49.36352742546474,45.579567779960705,830,129,47.796130339318665,42.108709888670596,885,90
1066,111,50,"Figueredo, Kevin",1000210447.0,WIN_CIT29,Curveball,L,45,78,44.24433059101313,28.13599062133646,49.09543722110847,52.104664391353815,0.0042043792837071,0.0,45.69966258004173,45.69966258004173,30.25540275049116,-0.5019042793530463,0.0042043792837071,0.279016476664349,614,66,6,10,5,3,1,2,0.5,0.5,0.16666666666666666,0.3333333333333333,57.012078474372444,77.60314341846758,344,28,70.57547963149563,95.87426326129666,65,11,53.137954346968364,63.0648330058939,562,29,55.05640238554163,70.43222003929273,449,35
1067,143,69,"Leach, Landon",667743.0,TRO_AIG,Sinker,R,47,62,38.5035748761951,11.371629542790153,62.46671323458365,89.1353811149033,0.0118868582999352,0.0,45.69251638371166,45.69251638371166,30.189914865749834,-1.0025080589045223,0.0118868582999352,0.3052617443959906,757,116,16,10,0,3,4,9,0.0,0.1875,0.25,0.5625,37.705272654144984,9.037328094302556,1385,124,36.49019003684828,5.50098231827112,1372,107,45.319498580996566,28.127046496398165,1064,93,40.58123499338459,16.830386378519975,1267,118
1068,144,70,"Majick, Eli",828663.0,NEW_ENG23,Sinker,R,157,258,43.86495803437065,26.72919109026964,49.945408566119696,55.74516496018202,0.0046927311071129,0.0038598852717747,45.68909319389536,45.68909319389536,30.12442698100851,-0.534986219283554,0.0046927311071129,0.2762197451873108,626,87,45,44,9,12,8,25,0.20454545454545456,0.26666666666666666,0.17777777777777778,0.5555555555555556,42.5963301286026,24.72167648984938,1151,110,50.43417214374947,59.79043876882777,615,22,52.095493578172125,57.531106745252124,649,55,41.01987642951056,18.3366077275704,1246,117
1069,145,75,"Hernandez, Nyan",683466.0,NEW_JER6,Sinker,L,46,92,44.03603375761045,27.315357561547483,49.54605617904624,53.92491467576792,0.0044632828232932,0.0,45.689040484041186,45.689040484041186,30.05893909626719,-0.5200681217546366,0.0044632828232932,0.2585922691317121,621,86,19,15,3,4,4,11,0.2,0.21052631578947367,0.21052631578947367,0.5789473684210527,39.127879398793326,13.097576948264573,1328,115,50.12430587470722,58.08775376555337,643,27,49.02297762803584,44.46627373935822,846,69,39.54234738150729,14.440078585461691,1306,114
1070,112,51,"Shinn, Nathan",1000490914.0,LAK_ERI24,Curveball,L,29,88,40.51644865443884,16.412661195779602,57.75141637004725,79.23777019340159,0.0091776801197391,0.0,45.68693896912136,45.68693896912136,29.99345121152587,-0.8269820008024636,0.0091776801197391,0.2787768313596519,714,75,6,10,4,4,0,2,0.4,0.6666666666666666,0.0,0.3333333333333333,67.30904157849375,94.8264571054355,72,14,63.758421712566154,89.19449901768172,160,24,68.77486587891195,96.29993451211526,29,1,55.05640238554163,70.43222003929273,426,34
1071,146,71,"Martinez, Gregory",1000051547.0,DOW_EAS1,Sinker,R,27,89,45.49854725218656,32.942555685814774,46.081187300238525,38.96473265073948,0.0024725392002764,0.0,45.67333926660215,45.67333926660215,29.927963326784546,-0.3925344276906243,0.0024725392002764,0.2401288865852603,573,79,8,9,1,4,2,2,0.1111111111111111,0.5,0.25,0.25,57.012078474372444,77.60314341846758,354,49,44.0646988356588,30.648330058939095,1061,58,45.319498580996566,28.127046496398165,1104,96,60.32009961905328,84.61034708578913,239,33
1072,261,107,"Pardinho, Eric",672078.0,OTT_TIT,Slider,L,30,151,53.2014027495426,65.65064478311841,28.067577984331194,0.6825938566552902,-0.0078771967139717,-0.0094199864343464,45.661255319979176,45.661255319979176,29.862475442043223,0.2791678301431308,-0.0078771967139717,0.2369978175316875,294,89,11,12,4,7,1,3,0.3333333333333333,0.6363636363636364,0.09090909090909091,0.2727272727272727,65.43686646865352,93.35297969875573,108,11,59.21371643327984,83.00589390962672,285,50,60.245641406942724,86.4112639161755,216,32,58.88454582809556,81.17223313686968,295,28
1073,47,24,"Campbell, AJ",1000132168.0,WIN_CIT29,Cutter,L,31,51,46.43372357743403,37.63188745603752,43.60814055472447,27.303754266211605,0.0010516479024365,0.0,45.58604867062115,45.58604867062115,29.7969875573019,-0.3109854424659873,0.0010516479024365,0.2624455747145326,533,25,9,10,1,5,2,2,0.1,0.5555555555555556,0.2222222222222222,0.2222222222222222,60.444399509079545,85.85461689587426,218,6,43.307247955777754,26.39161755075311,1133,22,47.92565050298717,38.83431565160445,941,21,62.07466536355717,88.37590045841519,186,3
1074,140,79,"Hohenstein, Liam",1000116556.0,WIN_CIT29,Changeup,L,61,84,46.14443324541216,36.22508792497069,44.27680718432488,30.71672354948805,0.0014358309337029,0.0,45.58414542708598,45.58414542708598,29.731499672560574,-0.3362120573564348,0.0014358309337029,0.2859925512815546,545,81,20,17,0,8,3,9,0.0,0.4,0.15,0.45,50.83390061189966,55.664702030124424,685,77,36.49019003684828,5.50098231827112,1473,101,54.70164550016272,69.67910936476753,466,43,47.68722625862532,41.87950229207596,890,76
1075,147,76,"Estrella, Noah",805762.0,TRI_VAL,Sinker,L,35,56,43.563911092970685,25.08792497069168,50.28138357227542,56.996587030716725,0.0048857658580348,0.0,45.579152836762105,45.579152836762105,29.66601178781925,-0.5612380307477198,0.0048857658580348,0.2954810853298037,640,89,11,8,1,3,5,3,0.125,0.2727272727272727,0.45454545454545453,0.2727272727272727,42.97076515057065,26.064178127046496,1126,101,45.01151243551012,35.59266535690897,982,58,26.1287435190658,1.5717092337917484,1504,129,58.88454582809556,81.17223313686968,286,28
1076,48,24,"Catrambone, Ben",1000565186.0,JOL_SLA,Cutter,R,36,61,45.89816168182087,35.05275498241501,44.82168858501341,32.8782707622298,0.0017488930470647,0.0,45.57521975277864,45.57521975277864,29.60052390307793,-0.3576873615941028,0.0017488930470647,0.2864869246080138,555,27,15,10,1,6,4,5,0.1,0.4,0.26666666666666666,0.3333333333333333,50.83390061189966,55.664702030124424,684,18,43.307247955777754,26.39161755075311,1128,26,43.75580742780221,23.18271119842829,1177,26,55.05640238554163,70.43222003929273,462,10
1077,351,168,"Hicks, Jackson",703104.0,DOW_EAS1,Four-Seam,L,49,72,41.693623211552456,18.99179366940211,54.592993257731926,71.160409556314,0.0073630051956496,0.0,45.5634342254063,45.5634342254063,29.53503601833661,-0.7243303532220211,0.0073630051956496,0.2802621182116349,692,204,15,14,0,3,6,6,0.0,0.2,0.4,0.4,38.47754488695408,11.100196463654225,1353,193,36.49019003684828,5.50098231827112,1397,222,31.246278202247336,3.9292730844793713,1462,237,50.845444598732314,55.10805500982319,672,54
1078,352,169,"Kelly, Aiden",1000062337.0,TRI_VAL,Four-Seam,L,89,148,45.55718101854839,33.41148886283705,45.56142099427856,36.51877133105802,0.0021739069878492,0.0,45.55845301126744,45.55845301126744,29.469548133595286,-0.3874214623410782,0.0021739069878492,0.252107283690274,569,159,39,31,3,15,7,17,0.0967741935483871,0.38461538461538464,0.1794871794871795,0.4358974358974359,49.88341170998077,52.030124426981004,741,59,43.08734286161874,25.01637197118533,1147,173,51.935114998357314,57.07269155206287,656,82,48.57800579045037,45.64505566470203,832,89
1079,148,72,"Donnan, Blake",1000557509.0,FLO_Y'A,Sinker,R,84,170,38.09148778277879,10.902696365767875,62.96545286202417,89.76109215017065,0.0121734096147471,0.0158201316178038,45.5536773065524,45.5536773065524,29.404060248853963,-1.0384427627512838,0.0121734096147471,0.2949345860181447,761,118,17,21,1,5,7,5,0.047619047619047616,0.29411764705882354,0.4117647058823529,0.29411764705882354,44.29230052222259,30.12442698100851,1063,106,39.736408093481366,12.737393582187295,1332,101,30.142496211757205,3.143418467583497,1480,129,57.53343637778241,78.12704649639817,330,45
1080,262,108,"Bihm, Gage",815079.0,MIS_MUD,Slider,L,33,72,46.75701602239522,39.155920281359904,42.72856784508563,23.72013651877133,0.000546288587571,0.0,45.54848156920234,45.54848156920234,29.338572364112643,-0.2827937848014282,0.000546288587571,0.2678664116150611,520,140,7,9,4,2,3,2,0.4444444444444444,0.2857142857142857,0.42857142857142855,0.2857142857142857,43.773125911930755,28.323510150622134,1105,105,66.78822523209035,92.63261296660119,116,22,28.565664796771294,2.4230517354289454,1491,140,58.06422937611972,79.56777996070727,318,31
1081,353,170,"Barreto, Brayhans",810980.0,TRI_VAL,Four-Seam,L,60,127,40.448353562122094,15.826494724501758,57.399723987738376,78.38452787258248,0.0089756149357931,0.0006114778933871,45.53376468980697,45.53376468980697,29.273084479371313,-0.8329200100604922,0.0089756149357931,0.2844638337966136,719,215,17,11,1,2,6,9,0.09090909090909091,0.11764705882352941,0.35294117647058826,0.5294117647058824,33.38963370609414,2.357563850687623,1493,239,42.687515417693255,23.346430910281597,1167,179,35.661406164207875,7.400130975769483,1414,230,42.671232424337745,23.64112639161755,1162,155
1082,354,184,"Sanchez, Dikember",699129.0,LAK_ERI24,Four-Seam,R,92,131,38.54905628128151,11.606096131301287,61.82666379939307,88.05460750853243,0.0115191173042184,0.0009094847263331,45.532338536714974,45.532338536714974,29.20759659462999,-0.9985420020965664,0.0115191173042184,0.2783388224172117,755,231,33,29,2,9,8,16,0.06896551724137931,0.2727272727272727,0.24242424242424243,0.48484848484848486,42.97076515057065,26.064178127046496,1122,145,41.1916092912824,18.07465618860511,1252,205,46.030267286994004,31.696136214800262,1042,178,45.48604377915681,33.39882121807465,1017,114
1083,355,185,"Villalobos, Jonaiker",665690.0,FLO_Y'A,Four-Seam,R,271,464,46.81520068094787,39.39038686987104,42.43718148098913,22.29806598407281,0.0003788722822363,-0.0007353852471701,45.50179492096025,45.50179492096025,29.14210870988867,-0.2777199824258655,0.0003788722822363,0.2451699526440826,518,142,92,67,13,21,28,43,0.19402985074626866,0.22826086956521738,0.30434782608695654,0.4673913043478261,40.22355167417465,16.633922724296006,1274,183,49.71731734223382,56.385068762278976,667,88,40.220505690145394,14.767518009168304,1303,220,46.588715531631586,37.262606417812705,959,101
1084,149,73,"Kemlage, Joe",703240.0,NEW_ENG23,Sinker,R,96,179,43.64289603108824,25.908558030480656,49.82916165241628,55.062571103526736,0.0046259413351923,0.0,45.49877571748665,45.49877571748665,29.076620825147348,-0.5543504081918211,0.0046259413351923,0.2727618039489237,633,88,29,25,3,13,3,13,0.12,0.4482758620689655,0.10344827586206896,0.4482758620689655,53.81646923516238,68.36935166994105,483,62,44.670659539563644,33.23510150622135,1020,55,59.069196652188346,83.9554682383759,246,23,47.796130339318665,42.108709888670596,886,96
1085,263,109,"Galva, Claudio",669996.0,GAT_GRI,Slider,L,99,192,40.2316813556525,14.77139507620164,57.74997851627686,79.18088737201366,0.0091768539995237,0.0023861547913532,45.487170503839806,45.487170503839806,29.011132940406025,-0.8518141994095466,0.0091768539995237,0.268623019793436,728,173,26,33,12,11,5,10,0.36363636363636365,0.4230769230769231,0.19230769230769232,0.38461538461538464,52.25963396477799,61.95153896529142,580,58,61.279491560228166,86.18205631958088,211,39,50.73227564974627,51.7026850032744,738,76,51.817204087996004,59.13555992141454,623,65
1086,150,74,"Smith, Jackson",1000333915.0,MIS_MUD,Sinker,R,217,451,45.9573991914593,35.52168815943728,44.346016098041694,31.00113765642776,0.001475594979171,0.0,45.47398426343402,45.47398426343402,28.945645055664706,-0.3525217487916505,0.001475594979171,0.2673026202852772,551,73,49,54,6,24,7,18,0.1111111111111111,0.4897959183673469,0.14285714285714285,0.3673469387755102,56.381652161875216,74.13228552717747,396,53,44.0646988356588,30.648330058939095,1068,60,55.37179885153173,72.59332023575638,436,40,52.90795453512871,63.52324819908317,558,69
1087,264,155,"Bell, Brendan",681141.0,NEW_ENG23,Slider,R,32,60,45.377927903411546,32.35638921453693,45.67700371504078,37.03071672354949,0.0022403151471003,-5.551115123125783e-17,45.46765064690032,45.46765064690032,28.880157170923383,-0.4030526425186731,0.0022403151471003,0.3038656128854263,578,150,10,11,3,4,4,2,0.2727272727272727,0.4,0.4,0.2,50.83390061189966,55.664702030124424,680,81,55.082166179383194,74.03405370006548,402,79,31.246278202247336,3.9292730844793713,1466,173,63.47831795916028,90.9954158480681,136,11
1088,356,186,"Hines, Carter",809552.0,FLO_Y'A,Four-Seam,R,36,53,46.23578294806912,36.45955451348183,43.6715137598345,27.588168373151305,0.0010880590361202,0.0,45.46650219159873,45.46650219159873,28.814669286182053,-0.3282462060499699,0.0010880590361202,0.2704610797898455,543,153,8,8,4,3,1,4,0.5,0.375,0.125,0.5,49.289356146281456,49.574328749181404,772,62,70.57547963149563,95.87426326129666,71,5,57.04718222995426,78.42174197773411,343,44,44.52900791851833,29.3713163064833,1100,137
1089,151,77,"Sanchez, Edwin",835958.0,LAK_ERI24,Sinker,L,67,217,41.94915489028527,19.69519343493552,53.6585098378729,68.20250284414107,0.0068260968813761,0.0,45.461961374561554,45.461961374561554,28.749181401440733,-0.7020475510051296,0.0068260968813761,0.2553036100607792,686,102,18,17,0,10,5,3,0.0,0.5555555555555556,0.2777777777777778,0.16666666666666666,60.444399509079545,85.85461689587426,214,17,36.49019003684828,5.50098231827112,1404,113,42.71334665900597,20.726915520628683,1210,103,65.58379685256494,93.77865094957433,90,8
1090,357,187,"Gollert, Harley",1000114236.0,TRO_AIG,Four-Seam,R,118,160,44.89941337940402,30.83235638921454,46.75396721013756,42.26393629124004,0.0028590855205476,0.0,45.45577952862408,45.45577952862408,28.68369351669941,-0.4447799326505508,0.0028590855205476,0.2335069470682833,591,171,39,27,11,9,6,24,0.4074074074074074,0.23076923076923078,0.15384615384615385,0.6153846153846154,40.37852269079186,17.25605762933857,1267,182,64.26338896582018,89.94760969220694,155,13,54.34079369557941,68.3366077275704,491,72,37.24081174904066,9.528487229862476,1384,219
1091,358,188,"Masick, Jason",1000183506.0,NEW_YOR13,Four-Seam,R,39,73,35.68578524944317,5.861664712778429,68.24809224564743,94.59613196814564,0.0152085549646813,0.0205283741949419,45.454477348304444,45.454477348304444,28.618205631958087,-1.2482241644499878,0.0152085549646813,0.2819275026258546,804,248,11,9,3,4,4,3,0.3333333333333333,0.36363636363636365,0.36363636363636365,0.2727272727272727,48.58729048009137,47.2822527832351,799,65,59.21371643327984,83.00589390962672,242,26,34.65796799103503,6.614276358873608,1424,240,58.88454582809556,81.17223313686968,282,11
1092,359,171,"Henderson, Drew",1000429021.0,DOW_EAS1,Four-Seam,L,215,440,45.11006525495814,31.770222743259087,46.24783648321116,39.98862343572241,0.0025682876426815,0.0,45.45139662343404,45.45139662343404,28.552717747216764,-0.4264107265197612,0.0025682876426815,0.2424741425445572,583,166,73,49,3,19,17,37,0.061224489795918366,0.2602739726027397,0.2328767123287671,0.5068493150684932,42.20137811912946,23.37917485265226,1171,151,40.6638989668051,15.782580222658806,1287,207,46.9260305877031,34.3811394891945,1003,151,44.096375269188606,26.326129666011788,1126,144
1093,113,62,"Brouwer, Adam",10998502.0,LAK_ERI24,Curveball,R,42,65,43.36549770385853,24.15005861664713,50.302703784721935,57.05346985210467,0.0048980154058399,0.0,45.44665952811755,45.44665952811755,28.487229862475445,-0.5785400197953958,0.0048980154058399,0.2666374794157224,648,69,12,10,2,6,2,4,0.2,0.5,0.16666666666666666,0.3333333333333333,57.012078474372444,77.60314341846758,335,40,50.12430587470722,58.08775376555337,641,50,53.137954346968364,63.0648330058939,558,38,55.05640238554163,70.43222003929273,445,51
1094,141,80,"Westcott, Zac",686170.0,FLO_Y'A,Changeup,L,128,196,42.43394412415955,21.101992966002346,52.47629145876665,64.22070534698521,0.0061468522168482,0.0,45.446648324541684,45.446648324541684,28.421741977734122,-0.6597730953725888,0.0061468522168482,0.2634398706388808,674,102,48,33,1,15,8,25,0.030303030303030304,0.3125,0.16666666666666666,0.5208333333333334,45.427994982235965,34.937786509495744,995,89,38.55596516379661,11.132940406024886,1358,94,53.137954346968364,63.0648330058939,551,45,43.213083610140416,25.147347740667975,1144,95
1095,152,75,"Vega, Lucas",837223.0,TRO_AIG,Sinker,R,114,257,43.49059562162413,24.501758499413835,49.99222139172756,56.02957906712172,0.0047196274594177,0.0034488844332683,45.441083352655156,45.441083352655156,28.356254092992796,-0.5676312660426739,0.0047196274594177,0.253035228239172,645,91,40,29,1,17,7,16,0.034482758620689655,0.425,0.175,0.4,52.37844507751785,62.3117223313687,576,70,38.84089966406534,11.26391617550753,1356,105,52.356108770371186,59.43025540275049,620,54,50.845444598732314,55.10805500982319,683,85
1096,360,189,"Boies, Emiles",1000429129.0,QUE_CAP,Four-Seam,R,53,98,45.48663287220435,32.590855803048065,45.30783414428413,35.60864618885097,0.0020282084283467,-0.0061676356248427,45.432993253828286,45.432993253828286,28.290766208251473,-0.3935733821325818,0.0020282084283467,0.2540158260150428,576,162,18,13,3,4,3,11,0.23076923076923078,0.2222222222222222,0.16666666666666666,0.6111111111111112,39.850473300836924,15.160445317616242,1299,191,52.22186215745475,65.38965291421087,531,65,53.137954346968364,63.0648330058939,576,84,37.51074494050279,10.183366077275705,1374,215
1097,265,156,"Parsons, Billy",698892.0,SUS_COU1,Slider,R,130,241,40.33264344311366,14.88862837045721,57.29024242746463,77.98634812286689,0.0089127122039506,0.0,45.419923138418945,45.419923138418945,28.22527832351015,-0.8430101316029323,0.0089127122039506,0.2506879075748935,727,172,37,34,8,13,7,17,0.23529411764705882,0.35135135135135137,0.1891891891891892,0.4594594594594595,47.828300570696676,44.95743287491814,840,103,52.53032631668233,66.50294695481335,511,97,51.02485819400301,53.07793058284217,717,88,47.08972549157805,39.620170268500324,922,110
1098,153,76,"Barreto, Brayhans",810980.0,TRI_VAL,Sinker,R,79,136,45.8387349836228,34.81828839390387,44.37879266099398,31.285551763367465,0.0014944267837685,0.0,45.400752286834155,45.400752286834155,28.159790438768827,-0.3628694719645945,0.0014944267837685,0.2708693080799791,557,74,27,25,1,12,7,8,0.04,0.4444444444444444,0.25925925925925924,0.2962962962962963,53.579757439665336,67.3215455140799,504,66,39.21701320442007,11.853307138179437,1348,104,44.450781273666365,24.787164374590702,1150,100,57.39582337821348,77.70137524557956,342,46
1099,361,190,"Soto, Carlos",666728.0,JOL_SLA,Four-Seam,R,82,166,45.01745662272599,31.18405627198124,46.27176147968646,40.27303754266212,0.0025820337715626,0.0,45.393748079814124,45.393748079814124,28.094302554027507,-0.4344863586521025,0.0025820337715626,0.2888885960937861,588,170,34,23,0,13,5,16,0.0,0.38235294117647056,0.14705882352941177,0.47058823529411764,49.74363393028681,51.14603798297315,747,56,36.49019003684828,5.50098231827112,1451,244,54.977590997785256,70.56319580877538,451,65,46.38678341269891,36.313032089063526,976,106
1100,362,172,"Harris, Ben",1000390130.0,GAT_GRI,Four-Seam,L,191,488,44.13011374028092,27.667057444314185,48.25494231970611,49.08987485779295,0.0037214721597525,0.0,45.367562314108476,45.367562314108476,28.028814669286184,-0.5118641853315268,0.0037214721597525,0.2603451533825762,618,183,60,49,9,22,15,23,0.1836734693877551,0.36666666666666664,0.25,0.38333333333333336,48.77450799107539,47.969875573018996,795,69,49.01131682671873,54.223968565815326,700,82,45.319498580996566,28.127046496398165,1097,172,51.89818404543464,59.79043876882777,615,44
1101,363,173,"Soto, Carlos",666728.0,JOL_SLA,Four-Seam,L,83,166,45.01745662272599,31.18405627198124,46.15534865956934,39.362912400455066,0.0025151486779583,0.0,45.35882423377899,45.35882423377899,27.96332678454486,-0.4344863586521025,0.0025151486779583,0.2888885960937861,588,170,21,21,2,9,3,9,0.09523809523809523,0.42857142857142855,0.14285714285714285,0.42857142857142855,52.59909428689188,63.78519973804846,559,38,42.98262615011444,24.49246889325475,1156,176,55.37179885153173,72.59332023575638,429,48,49.04074840438546,47.511460379829735,803,84
1102,364,174,"Andueza, Axel",672847.0,DOW_EAS1,Four-Seam,L,264,452,46.23284219533381,36.34232121922626,43.311766653818914,25.54038680318544,0.0008813660032094,0.0,45.35651953287934,45.35651953287934,27.897838899803535,-0.3285026447502306,0.0008813660032094,0.2439202540445187,544,154,90,57,8,32,19,39,0.14035087719298245,0.35555555555555557,0.2111111111111111,0.43333333333333335,48.08804378413397,45.61231172233137,831,74,46.05799062481947,40.340537000654884,912,127,48.96811127178341,44.00785854616896,856,122,48.73996570532765,45.90700720366732,827,87
1103,266,110,"Maietta, Dante",1000137704.0,WIN_CIT29,Slider,L,25,92,46.64394633528095,38.8042203985932,42.34438124831336,21.956769055745166,0.0003255538226133,0.0023861547913532,45.35407680919067,45.35407680919067,27.832351015062212,-0.29265365613788,0.0003255538226133,0.2737812688265385,523,142,13,6,2,3,6,4,0.3333333333333333,0.23076923076923078,0.46153846153846156,0.3076923076923077,40.37852269079186,17.25605762933857,1271,123,59.21371643327984,83.00589390962672,274,47,25.47264932891432,1.37524557956778,1507,142,56.67600153431445,75.44204322200393,380,38
1104,49,25,"Jones, Breyln",690202.0,NEW_JER6,Cutter,R,44,69,41.04966660076381,17.584994138335286,55.33948809959985,73.37883959044369,0.0077919044983484,0.0009422391603143,45.33661305041461,45.33661305041461,27.76686313032089,-0.7804844780867775,0.0077919044983484,0.2826879002534042,704,33,10,8,2,3,3,4,0.25,0.3,0.3,0.4,44.655722749426864,31.761624099541585,1042,27,53.53283483417195,69.25343811394892,457,8,40.62842512141349,15.553372626064178,1284,29,50.845444598732314,55.10805500982319,670,20
1105,267,111,"Scafidi, Christian",690280.0,LAK_ERI24,Slider,L,61,177,49.84620975966918,50.87924970691676,34.76941273696922,4.0386803185438,-0.0040266513505013,0.0,45.32317065285919,45.32317065285919,27.70137524557957,-0.0134107736667845,-0.0040266513505013,0.240131133940951,420,118,13,12,3,5,3,5,0.25,0.38461538461538464,0.23076923076923078,0.38461538461538464,49.88341170998077,52.030124426981004,744,72,53.53283483417195,69.25343811394892,494,82,47.123757603913134,35.52717747216765,998,93,51.817204087996004,59.13555992141454,634,67
1106,365,175,"Smith, Ethan",680733.0,WIN_CIT29,Four-Seam,L,85,169,44.33471542717045,28.95662368112544,47.58309293629802,46.07508532423208,0.0033354604743384,0.0006114778933871,45.30922867990872,45.30922867990872,27.635887360838247,-0.4940225660661167,0.0033354604743384,0.245208937507726,607,179,29,19,5,7,7,15,0.2631578947368421,0.2413793103448276,0.2413793103448276,0.5172413793103449,41.03403227832213,18.99148657498363,1238,165,54.429816139294246,72.13490504256713,426,36,46.1283043498902,32.121807465618865,1039,159,43.439967111584885,25.67125081859856,1137,147
1107,366,191,"Belton, Hunter",10294453.0,MIS_MUD,Four-Seam,R,61,129,40.118879942824265,14.419695193434936,57.34414332301702,78.15699658703072,0.0089436810134061,0.0,45.286458956882086,45.286458956882086,27.570399476096924,-0.8616506767664918,0.0089436810134061,0.2967973512686597,731,220,17,16,0,9,3,5,0.0,0.5294117647058824,0.17647058823529413,0.29411764705882354,58.829189610393854,82.87491814014408,259,9,36.49019003684828,5.50098231827112,1386,234,52.218136021559914,58.51342501637197,623,91,57.53343637778241,78.12704649639817,333,15
1108,154,77,"Dill, Austin",1000429156.0,TRI_VAL,Sinker,R,106,197,45.46709536792067,32.4736225087925,44.86060614187593,33.21956769055745,0.0017712531654003,0.0005762810207968,45.28514860010725,45.28514860010725,27.5049115913556,-0.3952770861348561,0.0017712531654003,0.2649667780015314,577,80,42,29,0,15,8,19,0.0,0.35714285714285715,0.19047619047619047,0.4523809523809524,48.186110099411316,46.10347085789129,827,95,36.49019003684828,5.50098231827112,1467,120,50.90410984240499,52.455795677799614,727,67,47.53683490909641,41.55206286836935,894,97
1109,367,176,"Wiltse, Ryan",813813.0,EVA_OTT,Four-Seam,L,229,474,39.47662170252275,13.012895662368113,58.82974710460415,81.6268486916951,0.0097972360418843,0.0021876506933126,45.28255932314717,45.28255932314717,27.439423706614274,-0.9176567008014668,0.0097972360418843,0.2618101242915823,743,227,67,58,11,20,11,36,0.1896551724137931,0.29850746268656714,0.16417910447761194,0.5373134328358209,44.563511139539216,31.041257367387033,1054,126,49.4190929865421,55.337262606417816,683,79,53.3713410862511,65.29142108709888,531,64,42.17212856022953,21.938441388343158,1193,168
1110,368,177,"Escobar, Anthony",678673.0,TRO_AIG,Four-Seam,L,210,393,45.90669414872918,35.16998827667057,43.73774184569341,28.04323094425484,0.0011261104441821,-4.163336342344337e-17,45.256008457818446,45.256008457818446,27.37393582187295,-0.3569433157932734,0.0011261104441821,0.2496521341533893,554,156,69,49,10,11,18,40,0.20408163265306123,0.15942028985507245,0.2608695652173913,0.5797101449275363,35.97045821812454,5.239030779305828,1448,224,50.40255313670434,59.72495088408645,616,67,44.299700002826334,24.459724950884087,1155,184,39.494167086463705,14.276358873608382,1310,196
1111,268,157,"Thiels, Brenton",816364.0,MIS_MUD,Slider,R,39,86,36.34172757158134,6.916764361078546,65.92820083752098,93.00341296928327,0.0138756592077693,0.0,45.21766955136323,45.21766955136323,27.308447937131632,-1.1910248649252653,0.0138756592077693,0.3225964415857088,795,179,6,11,3,1,1,4,0.2727272727272727,0.16666666666666666,0.16666666666666666,0.6666666666666666,36.418152266129816,6.221349050425671,1424,166,55.082166179383194,74.03405370006548,390,76,53.137954346968364,63.0648330058939,537,72,34.001613451495025,4.715127701375246,1444,167
1112,50,26,"Petschke, Ben",814386.0,EVA_OTT,Cutter,R,104,254,45.522197273777536,33.17702227432591,44.481958259235775,31.797497155858927,0.0015537006737764,0.0,45.210125569415005,45.210125569415005,27.24296005239031,-0.3904721051005231,0.0015537006737764,0.2409561434793856,571,28,36,32,2,15,9,12,0.0625,0.4166666666666667,0.25,0.3333333333333333,51.863596922311785,60.28159790438769,614,16,40.7508512361792,16.30648330058939,1280,29,45.319498580996566,28.127046496398165,1112,23,55.05640238554163,70.43222003929273,463,11
1113,114,63,"Andueza, Axel",672847.0,DOW_EAS1,Curveball,R,71,168,45.743522187460194,34.11488862837045,43.96411407239143,29.067121729237773,0.0012561728166671,0.0,45.209699752939564,45.209699752939564,27.177472167648986,-0.3711721916740637,0.0012561728166671,0.2430047506891675,563,61,18,19,2,6,5,7,0.10526315789473684,0.3333333333333333,0.2777777777777778,0.3888888888888889,46.71511537025113,39.91486574983628,926,71,43.66604047782667,28.454485920104784,1097,69,42.71334665900597,20.726915520628683,1216,69,51.54727089653387,58.02226588081205,643,61
1114,369,192,"Duncan, Tanner",677365.0,DOW_EAS1,Four-Seam,R,105,190,43.65149921099703,26.025791324736225,48.6921013171587,50.85324232081911,0.003972642266577,-0.0010259415733682,45.163679842845525,45.163679842845525,27.111984282907663,-0.5536001960956353,0.003972642266577,0.2696224788400013,632,186,36,24,5,8,13,15,0.20833333333333334,0.2222222222222222,0.3611111111111111,0.4166666666666667,39.850473300836924,15.160445317616242,1297,190,50.692394034618005,60.41257367387033,607,79,34.89489089303417,6.8762278978389,1423,239,49.79270515202998,50.75311067452522,756,60
1115,115,64,"Good, Ty",688612.0,GAT_GRI,Curveball,R,93,155,43.06756787125804,22.50879249706917,50.04725018136181,56.31399317406144,0.0047512443014624,0.0,45.16147256428917,45.16147256428917,27.04649639816634,-0.6045200140069538,0.0047512443014624,0.257987444705734,662,71,7,20,10,3,1,3,0.5,0.42857142857142855,0.14285714285714285,0.42857142857142855,52.59909428689188,63.78519973804846,554,56,70.57547963149563,95.87426326129666,63,8,55.37179885153173,72.59332023575638,423,26,49.04074840438546,47.511460379829735,800,68
1116,269,112,"Hopewell, Chase",803045.0,FLO_Y'A,Slider,L,43,147,46.60315952180543,38.56975381008206,41.76991880219355,18.99886234357224,-4.504107795029498e-06,0.0,45.15318730592186,45.15318730592186,26.981008513425014,-0.2962103364768473,-4.504107795029498e-06,0.2743581512287967,525,143,9,11,2,5,2,2,0.18181818181818182,0.5555555555555556,0.2222222222222222,0.2222222222222222,60.444399509079545,85.85461689587426,219,26,48.88484079853823,53.208906352324824,724,104,47.92565050298717,38.83431565160445,944,87,62.07466536355717,88.37590045841519,187,17
1117,370,178,"Garcia, Hector",815312.0,WAS_WIL3,Four-Seam,L,101,199,45.1918015144452,32.00468933177022,45.05782014065177,34.30034129692833,0.0018845626510302,0.0,45.15160710230717,45.15160710230717,26.91552062868369,-0.4192831840047564,0.0018845626510302,0.2535912600595626,581,165,34,26,5,12,6,16,0.19230769230769232,0.35294117647058826,0.17647058823529413,0.47058823529411764,47.9265227942654,45.31761624099542,836,76,49.59991680402034,56.12311722331369,671,75,52.218136021559914,58.51342501637197,639,79,46.38678341269891,36.313032089063526,978,114
1118,270,158,"Chabot, Henry",836182.0,LAK_ERI24,Slider,R,59,69,37.47587694266237,9.495896834701057,63.007963840724784,89.93174061433447,0.0121978343369275,0.0,45.13550301208109,45.13550301208109,26.85003274394237,-1.092125087623543,0.0121978343369275,0.3349720343162398,773,176,9,17,7,1,4,4,0.4117647058823529,0.1111111111111111,0.4444444444444444,0.4444444444444444,32.985831231422715,1.899148657498363,1497,174,64.56042852655786,90.17681728880157,150,33,27.076435127062382,1.899148657498363,1497,176,48.038139407526096,43.28749181401441,855,102
1119,116,52,"Peyton, Blake",1000017005.0,GAT_GRI,Curveball,L,27,90,44.686956932964414,30.011723329425557,46.15104132458015,39.24914675767919,0.0025126738946514,0.0,45.12618225044913,45.12618225044913,26.78454485920105,-0.463306500468654,0.0025126738946514,0.2254883052897323,598,63,6,6,0,3,1,2,0.0,0.5,0.16666666666666666,0.3333333333333333,57.012078474372444,77.60314341846758,353,30,36.49019003684828,5.50098231827112,1454,75,53.137954346968364,63.0648330058939,569,30,55.05640238554163,70.43222003929273,456,36
1120,117,53,"Moore, Kyle",1000517760.0,SCH_BOO,Curveball,L,30,110,51.37820435350701,57.561547479484176,30.4972022065994,1.2514220705346986,-0.0064812538670748,-0.0045007318585672,45.11390370943472,45.11390370943472,26.719056974459725,0.1201817918465094,-0.0064812538670748,0.2488675858406791,363,49,8,11,5,3,4,1,0.45454545454545453,0.375,0.5,0.125,49.289356146281456,49.574328749181404,783,54,67.47681694107314,93.68041912246234,102,19,21.864131283081186,0.8185985592665358,1520,74,68.21564546932076,96.39816633922725,64,17
1121,155,78,"Kemlage, Joe",703240.0,NEW_ENG23,Sinker,L,83,179,43.64289603108824,25.908558030480656,48.504928557442646,50.05688282138794,0.0038651019841478,0.0,45.10150578899456,45.10150578899456,26.653569089718403,-0.5543504081918211,0.0038651019841478,0.2727618039489237,633,88,18,21,4,11,3,4,0.19047619047619047,0.6111111111111112,0.16666666666666666,0.2222222222222222,63.876720543786654,91.45383104125737,130,11,49.4750622633806,55.631958087753766,681,30,53.137954346968364,63.0648330058939,563,36,62.07466536355717,88.37590045841519,179,18
1122,118,54,"Willeman, Landon",812254.0,EVA_OTT,Curveball,L,65,121,44.255566264881374,28.487690504103163,47.02523350028319,43.74288964732651,0.0030149418187613,0.0,45.08646643550192,45.08646643550192,26.588081204977076,-0.5009245092524421,0.0030149418187613,0.2874211978108381,611,65,17,17,3,8,3,6,0.17647058823529413,0.47058823529411764,0.17647058823529413,0.35294117647058826,55.194967338351034,72.52783235101506,421,35,48.52029224672381,51.7026850032744,736,57,52.218136021559914,58.51342501637197,636,33,53.81788538942124,66.17550753110675,517,39
1123,156,79,"Vailes, Gage",1000050773.0,GAT_GRI,Sinker,L,184,387,47.814625877675,43.14185228604924,38.71258837306684,9.954493742889648,-0.0017610961371399,-0.0002989997069037,45.08401462629255,45.08401462629255,26.522593320235753,-0.1905683850204643,-0.0017610961371399,0.2654440918385719,486,63,60,56,6,29,11,20,0.10714285714285714,0.48333333333333334,0.18333333333333332,0.3333333333333333,55.98238216396031,73.87033398821218,400,38,43.79418066427271,29.10936476751801,1084,74,51.574263193774,55.0098231827112,688,48,55.05640238554163,70.43222003929273,481,46
1124,371,179,"Townes, Holland",830218.0,SCH_BOO,Four-Seam,L,79,149,42.41953859221411,20.984759671746776,51.28116806075973,60.12514220705347,0.00546019296176,0.0006114778933871,45.078027432777795,45.078027432777795,26.457105435494434,-0.6610292825536113,0.00546019296176,0.2622401948521602,675,200,36,19,2,10,9,17,0.10526315789473684,0.2777777777777778,0.25,0.4722222222222222,43.282794335544025,27.079240340537,1113,138,43.66604047782667,28.454485920104784,1093,159,45.319498580996566,28.127046496398165,1086,167,46.28357366302222,35.69089718402096,984,117
1125,372,180,"Huter, Blayne",1000145980.0,SUS_COU1,Four-Seam,L,61,142,48.943537367789816,47.36225087924971,36.04369040682832,5.233219567690557,-0.0032945139352183,-0.0079294186524205,45.073583279501364,45.073583279501364,26.39161755075311,-0.0921253599546469,-0.0032945139352183,0.2418913908846826,450,115,28,19,3,10,3,15,0.15789473684210525,0.35714285714285715,0.10714285714285714,0.5357142857142857,48.186110099411316,46.10347085789129,830,73,47.25396569831587,46.29993451211526,826,111,58.72256560837678,83.33333333333334,256,27,42.27313767558476,22.134905042567123,1190,165
1126,51,27,"Williams, Brian",1000079778.0,MIS_MUD,Cutter,R,88,144,45.01238330139062,31.06682297772567,45.21357868021511,34.98293515358362,0.001974053864179,0.0,45.072741915037966,45.072741915037966,26.326129666011788,-0.434928761004951,0.001974053864179,0.2687296217838505,589,29,26,30,6,12,5,9,0.2,0.46153846153846156,0.19230769230769232,0.34615384615384615,54.63585621957522,70.6286836935167,452,11,50.12430587470722,58.08775376555337,647,14,50.73227564974627,51.7026850032744,742,19,54.24660281115523,67.02685003274395,506,12
1127,142,81,"Chapple, Bronson",1000218472.0,TRO_AIG,Changeup,L,39,51,44.67674744075804,29.89449003516999,45.9665336674004,38.28213879408418,0.0024066648493525,0.0,45.06368330875075,45.06368330875075,26.260641781270465,-0.4641967857620379,0.0024066648493525,0.2831992382952626,599,90,11,7,1,5,3,3,0.14285714285714285,0.45454545454545453,0.2727272727272727,0.2727272727272727,54.20381580961208,69.44990176817288,470,51,46.228844206747524,41.87950229207596,894,61,43.18719246300426,21.807465618860512,1194,92,58.88454582809556,81.17223313686968,289,28
1128,373,181,"Sechrist, Zander",801415.0,WAS_WIL3,Four-Seam,L,36,135,44.14941844148232,27.90152403282532,47.18345335878283,44.53924914675768,0.0031058471849843,0.0,45.059628916672466,45.059628916672466,26.195153896529145,-0.5101807821587376,0.0031058471849843,0.251887420614457,616,182,5,10,2,4,1,0,0.2,0.8,0.2,0.0,75.54661206179081,98.5592665356909,22,1,50.12430587470722,58.08775376555337,644,71,50.010572040579646,48.16633922724296,798,113,76.11119131958824,98.91944990176817,14,1
1129,374,193,"Campbell, AJ",1000132168.0,WIN_CIT29,Four-Seam,R,184,408,40.04078068689702,13.95076201641266,56.76294764224247,76.45051194539249,0.0086097544967914,0.0,45.057430773500656,45.057430773500656,26.129666011787815,-0.8684610663109231,0.0086097544967914,0.2803716648135547,735,221,70,59,8,23,23,24,0.13559322033898305,0.32857142857142857,0.32857142857142857,0.34285714285714286,46.42091642441909,37.262606417812705,959,98,45.73365840149841,39.29273084479371,928,139,37.94781171593745,12.442698100851342,1338,228,54.45483698742601,67.4852652259332,498,29
1130,375,194,"Galva, Claudio",669996.0,GAT_GRI,Four-Seam,R,75,109,46.27180547910983,36.811254396248536,42.20588412374015,20.762229806598405,0.0002459801714322,0.0,45.052029072498925,45.052029072498925,26.064178127046496,-0.3251049793397926,0.0002459801714322,0.2579183229151192,540,150,34,25,2,11,6,17,0.08,0.3235294117647059,0.17647058823529413,0.5,46.10941165824399,36.804191224623445,966,101,41.94383637199186,20.988867059593975,1208,197,52.218136021559914,58.51342501637197,641,95,44.52900791851833,29.3713163064833,1107,139
1131,271,113,"Estrella, Noah",805762.0,TRI_VAL,Slider,L,85,146,46.53165912274791,38.10082063305979,41.59207021703088,18.31626848691695,-0.0001066871770997,0.0,45.0497824510328,45.0497824510328,25.998690242305173,-0.3024452943440218,-0.0001066871770997,0.2266510566180211,529,144,12,20,7,8,1,3,0.35,0.6666666666666666,0.08333333333333333,0.25,67.30904157849375,94.8264571054355,88,8,60.34989275310142,85.0687622789784,230,42,60.956410112940155,87.59004584151931,195,27,60.32009961905328,84.61034708578913,249,23
1132,157,80,"Smith, Jackson",1000333915.0,MIS_MUD,Sinker,L,234,451,45.9573991914593,35.52168815943728,42.926806479009024,24.34584755403868,0.0006601867782738,0.0,45.04822137772422,45.04822137772422,25.93320235756385,-0.3525217487916505,0.0006601867782738,0.2673026202852772,551,73,67,61,3,31,14,22,0.04918032786885246,0.4626865671641791,0.208955223880597,0.3283582089552239,54.70678822718111,71.28356254092992,440,42,39.84284147238736,13.163064833005894,1327,106,49.17037977916178,44.9901768172888,841,68,55.37065296664681,73.0844793713163,412,43
1133,376,182,"Sanders, Brayden",695550.0,MIS_MUD,Four-Seam,L,99,207,45.05006758805798,31.41852286049238,44.98712579066458,33.73151308304892,0.0018439451467774,0.0,45.03118504883996,45.03118504883996,25.867714472822527,-0.4316426263438495,0.0018439451467774,0.2750019402060659,586,169,36,23,0,10,7,19,0.0,0.2777777777777778,0.19444444444444445,0.5277777777777778,43.282794335544025,27.079240340537,1115,139,36.49019003684828,5.50098231827112,1465,239,50.53180242497776,50.982318271119844,751,101,42.774442174014446,24.132285527177473,1161,154
1134,272,114,"Willeman, Landon",812254.0,EVA_OTT,Slider,L,31,101,45.58778993793146,33.64595545134818,43.678710058502254,27.64505119453925,0.001092193676184,0.0054138947882192,45.0150659741027,45.0150659741027,25.802226588081208,-0.3847523118855726,0.001092193676184,0.2351862838200284,567,148,10,9,1,3,4,3,0.1111111111111111,0.3,0.4,0.3,44.655722749426864,31.761624099541585,1052,99,44.0646988356588,30.648330058939095,1074,125,31.246278202247336,3.9292730844793713,1470,134,57.1618812789463,76.85003274394238,357,36
1135,143,82,"Lefebvre, Charles",1000429097.0,TRO_AIG,Changeup,L,99,115,41.18609122855822,17.936694021101992,53.88665012709231,68.88509670079635,0.0069571750958201,0.0036353422899811,44.99625889811844,44.99625889811844,25.736738703339885,-0.7685880157235555,0.0069571750958201,0.2749287063118124,701,105,35,26,1,16,9,10,0.038461538461538464,0.45714285714285713,0.2571428571428571,0.2857142857142857,54.3642879618841,69.87557301899149,461,49,39.112135390282695,11.591355599214145,1351,92,44.649345229627556,25.01637197118533,1146,88,58.06422937611972,79.56777996070727,304,31
1136,158,78,"Boies, Emiles",1000429129.0,QUE_CAP,Sinker,R,96,205,45.63528310828784,33.76318874560375,43.49721426772729,26.50739476678044,0.0009879151015172,0.0,44.99386245611967,44.99386245611967,25.67125081859856,-0.3806108256833445,0.0009879151015172,0.2570094420016265,566,76,41,32,2,14,10,17,0.0625,0.34146341463414637,0.24390243902439024,0.4146341463414634,47.217406253379,42.79633267845448,874,101,40.7508512361792,16.30648330058939,1281,83,45.891580710214015,31.303208906352324,1050,91,49.92108801138392,51.37524557956779,744,90
1137,377,195,"Anibal, Trevor",822669.0,NEW_ENG23,Four-Seam,R,115,222,44.2470987755902,28.3704572098476,46.7232360757652,42.03640500568828,0.0028414289188349,0.0004699536674998,44.9899399656427,44.9899399656427,25.605762933857235,-0.5016628888932158,0.0028414289188349,0.2749642787455255,612,181,44,24,3,10,13,21,0.125,0.22727272727272727,0.29545454545454547,0.4772727272727273,40.16250248581029,16.470203012442695,1277,185,45.01151243551012,35.59266535690897,994,158,41.05488634501195,16.568434839554683,1275,212,45.96456170947605,34.446627373935826,1002,110
1138,144,62,"Pindel, Buddie",1000054422.0,SCH_BOO,Changeup,R,27,123,39.42665954558391,12.895662368112545,57.92828776141812,79.69283276450511,0.0092793017414458,0.0019819844606727,44.97714801033417,44.97714801033417,25.540275049115913,-0.9220134868834046,0.0092793017414458,0.2839984692419895,744,109,5,7,2,1,4,0,0.2857142857142857,0.2,0.8,0.0,38.47754488695408,11.100196463654225,1351,84,55.96749837664676,76.55533726260641,355,19,20.0,0.06548788474132286,1527,85,76.11119131958824,98.91944990176817,3,1
1139,145,83,"Gregory, Ben",833406.0,GAT_GRI,Changeup,L,54,76,39.26397907277786,12.661195779601403,58.25321859715382,80.31854379977247,0.0094659910540252,0.0062390402589753,44.96075093009064,44.96075093009064,25.47478716437459,-0.9361995041242576,0.0094659910540252,0.2788243045660309,746,110,5,6,1,3,1,1,0.16666666666666666,0.6,0.2,0.2,63.19025633684523,90.34053700065488,139,14,47.85195323506406,49.08316961362148,760,52,50.010572040579646,48.16633922724296,775,63,63.47831795916028,90.9954158480681,132,12
1140,273,115,"Hicks, Jackson",703104.0,DOW_EAS1,Slider,L,42,116,48.21146580442984,44.54865181711606,37.30608110467674,6.825938566552901,-0.0025692061907122,0.0,44.93985039450391,44.93985039450391,25.409299279633267,-0.1559632603506188,-0.0025692061907122,0.2698937957272838,474,128,10,10,0,4,2,4,0.0,0.4,0.2,0.4,50.83390061189966,55.664702030124424,698,67,36.49019003684828,5.50098231827112,1513,143,50.010572040579646,48.16633922724296,819,80,50.845444598732314,55.10805500982319,707,71
1141,378,196,"Noriega, Branden",804447.0,LAK_ERI24,Four-Seam,R,115,177,45.07117834857252,31.65298944900352,44.57759927550447,32.13879408418658,0.0016086513082435,0.0,44.923104626652105,44.923104626652105,25.343811394891947,-0.429801731690292,0.0016086513082435,0.2298971351538184,584,167,32,29,4,6,11,15,0.13793103448275862,0.1875,0.34375,0.46875,37.705272654144984,9.037328094302556,1393,220,45.89302854571652,39.88212180746562,922,135,36.5237358442783,8.087753765553373,1405,235,46.5028943810852,36.96791093647675,964,102
1142,146,63,"Smith, Jackson",1000333915.0,MIS_MUD,Changeup,R,45,118,44.309486000546656,28.722157092614303,46.28174355928835,40.32992036405006,0.0025877689846419,0.0035849402100538,44.901163268169164,44.901163268169164,25.278323510150624,-0.4962226154936148,0.0025877689846419,0.2822867665132053,609,91,19,11,0,11,4,4,0.0,0.5789473684210527,0.21052631578947367,0.21052631578947367,61.88958731316675,88.24492468893254,180,17,36.49019003684828,5.50098231827112,1450,82,49.02297762803584,44.46627373935822,849,56,62.813429887558804,90.11132940406024,152,13
1143,159,81,"Armstrong, Andrew",803262.0,NEW_YOR13,Sinker,L,31,90,48.61354333176371,46.07268464243845,36.23307526603148,5.460750853242321,-0.0031857026889802,-0.0015758181277581,44.89940291204403,44.89940291204403,25.212835625409298,-0.1209014078951139,-0.0031857026889802,0.258316529948925,461,60,8,8,3,4,1,3,0.375,0.5,0.125,0.375,57.012078474372444,77.60314341846758,390,37,62.05415723283379,87.06614276358874,206,7,57.04718222995426,78.42174197773411,353,19,52.424553768785806,61.55861165684349,602,57
1144,147,64,"Miranda, Kevin",806656.0,OTT_TIT,Changeup,R,57,140,48.69046252353365,46.541617819460726,36.02021569944105,5.176336746302616,-0.0033080013500868,0.0,44.88938847630586,44.88938847630586,25.147347740667975,-0.1141939219763729,-0.0033080013500868,0.2544019107783909,457,69,10,20,8,6,1,3,0.4,0.6,0.1,0.3,63.19025633684523,90.34053700065488,159,14,63.758421712566154,89.19449901768172,174,8,59.39271895974579,84.67583497053045,244,24,57.1618812789463,76.85003274394238,364,34
1145,274,159,"Tiburcio, David",696010.0,DOW_EAS1,Slider,R,52,89,35.08652374574589,4.9237983587338805,67.75526297496842,94.19795221843005,0.0149253994508201,0.0009751432146248,44.887145514512646,44.887145514512646,25.081859855926652,-1.3004807990453633,0.0149253994508201,0.3021992644765354,812,181,9,11,3,3,3,3,0.2727272727272727,0.3333333333333333,0.3333333333333333,0.3333333333333333,46.71511537025113,39.91486574983628,887,113,55.082166179383194,74.03405370006548,389,75,37.501042815024775,10.31434184675835,1344,160,55.05640238554163,70.43222003929273,420,44
1146,119,55,"Debban, Caleb",1000551056.0,NEW_JER6,Curveball,L,102,206,46.03097322942226,35.756154747948415,42.19421487123657,20.648464163822524,0.0002392755915998,0.0,44.87994572196655,44.87994572196655,25.01637197118533,-0.346105966042691,0.0002392755915998,0.2767185283094162,549,59,21,29,9,10,1,10,0.3103448275862069,0.47619047619047616,0.047619047619047616,0.47619047619047616,55.541083745212255,73.0844793713163,413,34,57.646576681801804,80.35363457760315,301,35,64.30717686978521,92.07596594629993,123,11,46.03292141380737,34.70857891290111,997,60
1147,379,197,"Drakeford, Dosie",836144.0,NEW_JER6,Four-Seam,R,47,130,40.35622256537015,15.005861664712777,55.24101155021353,73.09442548350398,0.0077353247057027,0.0066029093839349,44.82165926082316,44.82165926082316,24.95088408644401,-0.8409539915568345,0.0077353247057027,0.252360063894697,726,219,17,10,2,4,3,10,0.2,0.23529411764705882,0.17647058823529413,0.5882352941176471,40.65807825017977,18.14014407334643,1250,179,50.12430587470722,58.08775376555337,631,84,52.218136021559914,58.51342501637197,625,92,38.95568143597658,13.195808775376555,1327,199
1148,148,65,"Morel, Yohanse",678353.0,OTT_TIT,Changeup,R,48,103,45.757951487282014,34.34935521688159,42.56159196247822,23.094425483503983,0.0004503524395882,0.0,44.799043629840874,44.799043629840874,24.885396201702683,-0.3699139318933104,0.0004503524395882,0.2594218581860558,561,87,12,17,7,4,2,6,0.4117647058823529,0.3333333333333333,0.16666666666666666,0.5,46.71511537025113,39.91486574983628,929,71,64.56042852655786,90.17681728880157,152,6,53.137954346968364,63.0648330058939,581,42,44.52900791851833,29.3713163064833,1105,78
1149,149,84,"Martzolf, Max",824782.0,OTT_TIT,Changeup,L,91,194,44.81540684445705,30.5978898007034,44.75381022771848,32.65073947667804,0.0017098934740211,0.0003736349277028,44.79692785943548,44.79692785943548,24.81990831696136,-0.4521054470933486,0.0017098934740211,0.2470345759963518,593,89,26,20,3,11,7,8,0.15,0.4230769230769231,0.2692307692307692,0.3076923076923077,52.25963396477799,61.95153896529142,584,62,46.715776915242486,44.073346430910284,858,57,43.51523955808,22.4950884086444,1186,90,56.67600153431445,75.44204322200393,378,38
1150,150,85,"Joven, Art",1000048892.0,MIS_MUD,Changeup,L,120,454,46.42995951676694,37.51465416178195,40.79461428992545,15.813424345847556,-0.0005648662185151,0.0002240736237382,44.73935594871449,44.73935594871449,24.75442043222004,-0.3113136750350096,-0.0005648662185151,0.2583835140814994,534,80,42,38,5,24,7,11,0.13157894736842105,0.5714285714285714,0.16666666666666666,0.2619047619047619,61.425062661853005,87.3608382449247,199,24,45.46000308807127,38.24492468893255,945,62,53.137954346968364,63.0648330058939,585,48,59.56814287140876,82.61296660117878,267,25
1151,120,65,"Figueredo, Kevin",1000210447.0,WIN_CIT29,Curveball,R,33,78,44.24433059101313,28.13599062133646,45.79904635310549,37.77019340159272,0.00231043485782,0.0,44.710745319640836,44.710745319640836,24.688932547478718,-0.5019042793530463,0.00231043485782,0.279016476664349,614,66,6,7,0,4,1,1,0.0,0.6666666666666666,0.16666666666666666,0.16666666666666666,67.30904157849375,94.8264571054355,79,8,36.49019003684828,5.50098231827112,1457,85,53.137954346968364,63.0648330058939,572,39,65.58379685256494,93.77865094957433,95,9
1152,380,198,"Williams, Brian",1000079778.0,MIS_MUD,Four-Seam,R,297,606,40.59840119337846,16.64712778429074,54.2631271552591,70.13651877133105,0.007173480320996,0.0,44.697818981942646,44.697818981942646,24.62344466273739,-0.8198355983469268,0.007173480320996,0.2621527875974373,712,214,99,67,2,24,20,55,0.029850746268656716,0.24242424242424243,0.20202020202020202,0.5555555555555556,41.098590040730414,19.22069417157826,1234,175,38.52513269921529,11.067452521283561,1359,225,49.82103371898033,46.234446627373934,822,125,41.01987642951056,18.3366077275704,1241,176
1153,275,116,"Johnston, Spencer",800918.0,DOW_EAS1,Slider,L,93,190,53.5298730402028,66.94021101992966,24.078694994689084,0.2844141069397042,-0.0101690131296401,-0.0106872012512249,44.69451962654868,44.69451962654868,24.557956777996072,0.3078110048649586,-0.0101690131296401,0.2137163523533808,283,87,39,25,3,17,8,14,0.12,0.4358974358974359,0.20512820512820512,0.358974358974359,53.0517080497104,65.48788474132286,528,54,44.670659539563644,33.23510150622135,1023,123,49.52943630113523,45.90700720366732,828,82,53.43680323676882,65.0294695481336,535,54
1154,381,199,"Austin, Zack",813186.0,SUS_COU1,Four-Seam,R,92,179,42.8431987592494,21.805392731535758,48.995787470073,51.70648464163823,0.0041471254269674,0.0,44.68897537249647,44.68897537249647,24.49246889325475,-0.6240853867672366,0.0041471254269674,0.2462339199994236,668,197,19,19,3,5,6,8,0.15789473684210525,0.2631578947368421,0.3157894736842105,0.42105263157894735,42.37955195798953,23.968565815324165,1161,154,47.25396569831587,46.29993451211526,821,116,39.14703350259778,13.326784544859201,1325,226,49.51566845552937,49.60707269155206,770,66
1155,382,200,"Allemann, Braeden",1000367619.0,QUE_CAP,Four-Seam,R,269,575,42.39053718709109,20.86752637749121,49.9612794967033,55.91581342434585,0.0047018497649773,0.0,44.66175987997475,44.66175987997475,24.426981008513422,-0.6635582549987227,0.0047018497649773,0.259939079222361,676,201,80,65,11,25,18,37,0.16923076923076924,0.3125,0.225,0.4625,45.427994982235965,34.937786509495744,996,108,48.02674959195969,50.687622789783894,754,108,47.665035310788106,37.39358218729535,957,163,46.89767167359857,38.24492468893255,944,97
1156,151,86,"Cook, Cole",1000161363.0,SCH_BOO,Changeup,L,29,241,44.246444126817,28.25322391559203,45.61861432234779,36.74630261660978,0.0022067674674561,0.0,44.658095185476235,44.658095185476235,24.361493123772103,-0.5017199753930458,0.0022067674674561,0.2612353850510743,613,93,10,12,3,6,2,2,0.25,0.6,0.2,0.2,63.19025633684523,90.34053700065488,151,16,53.53283483417195,69.25343811394892,475,28,50.010572040579646,48.16633922724296,802,68,63.47831795916028,90.9954158480681,137,13
1157,160,82,"Moore, Kyle",1000517760.0,SCH_BOO,Sinker,L,42,86,43.17934284321067,22.743259085580306,48.05607115082376,48.00910125142208,0.0036072105455033,0.0,44.64236133549459,44.64236133549459,24.29600523903078,-0.594773044061113,0.0036072105455033,0.2994597999227183,660,96,15,10,0,6,3,6,0.0,0.4,0.2,0.4,50.83390061189966,55.664702030124424,675,65,36.49019003684828,5.50098231827112,1438,117,50.010572040579646,48.16633922724296,796,60,50.845444598732314,55.10805500982319,686,68
1158,383,201,"Linderman, Greyson",1000124562.0,JOL_SLA,Four-Seam,R,36,68,44.519022385089,29.19109026963657,44.8996823878887,33.503981797497154,0.0017937044587342,0.0,44.63322038592891,44.63322038592891,24.230517354289457,-0.4779506820990796,0.0017937044587342,0.2643451313813831,605,177,12,12,0,5,2,5,0.0,0.4166666666666667,0.16666666666666666,0.4166666666666667,51.863596922311785,60.28159790438769,612,35,36.49019003684828,5.50098231827112,1466,247,53.137954346968364,63.0648330058939,578,85,49.79270515202998,50.75311067452522,758,62
1159,384,183,"Maryniak, Connor",831880.0,NEW_JER6,Four-Seam,L,73,125,41.35185833581866,18.640093786635404,52.27699750912621,63.70875995449374,0.0060323476935229,0.0,44.62940008781092,44.62940008781092,24.165029469548134,-0.7541328386454408,0.0060323476935229,0.250142734908138,695,205,18,11,0,7,5,6,0.0,0.3888888888888889,0.2777777777777778,0.3333333333333333,50.147436404958235,53.208906352324824,714,52,36.49019003684828,5.50098231827112,1406,224,42.71334665900597,20.726915520628683,1213,193,55.05640238554163,70.43222003929273,438,30
1160,152,87,"Zaffiro, Cole",10994263.0,SCH_BOO,Changeup,L,44,59,45.1721564869115,31.887456037514657,43.314588334348585,25.59726962457337,0.0008829872023707,0.0,44.614886041142626,44.614886041142626,24.09954158480681,-0.4209962642195056,0.0008829872023707,0.2394459535849543,582,88,10,8,1,4,1,5,0.125,0.4,0.1,0.5,50.83390061189966,55.664702030124424,688,78,45.01151243551012,35.59266535690897,997,67,59.39271895974579,84.67583497053045,239,23,44.52900791851833,29.3713163064833,1102,92
1161,161,79,"Bargo, Casey",1000057987.0,FLO_Y'A,Sinker,R,61,111,44.131573110971104,27.784290738569755,45.72285734799613,37.42889647326507,0.0022666603943783,0.0,44.60895838207861,44.60895838207861,24.03405370006549,-0.5117369256954152,0.0022666603943783,0.2568585136690881,617,85,23,22,2,8,8,7,0.09090909090909091,0.34782608695652173,0.34782608695652173,0.30434782608695654,47.610503466261676,44.368041912246234,851,98,42.687515417693255,23.346430910281597,1175,71,36.14131137746446,7.694826457105436,1411,120,56.887253597197855,75.99869024230517,367,50
1162,153,66,"Cook, Cole",1000161363.0,SCH_BOO,Changeup,R,212,241,44.246444126817,28.25322391559203,45.45305062643216,35.94994311717861,0.0021116426926449,0.0001357495181603,44.60842607670155,44.60842607670155,23.968565815324165,-0.5017199753930458,0.0021116426926449,0.2612353850510743,613,93,60,56,9,31,13,16,0.16071428571428573,0.5166666666666667,0.21666666666666667,0.26666666666666666,58.04177478478458,81.40144073346431,285,28,47.44617597798493,46.95481335952849,811,48,48.446880887385284,41.06090373280943,901,58,59.267360172350955,81.9253438113949,277,28
1163,385,202,"Sechrist, Zander",801415.0,WAS_WIL3,Four-Seam,R,99,135,44.14941844148232,27.90152403282532,45.65812223593761,36.91695108077361,0.0022294667757961,0.0,44.602029579818904,44.602029579818904,23.903077930582842,-0.5101807821587376,0.0022294667757961,0.251887420614457,616,182,35,29,4,9,5,21,0.13793103448275862,0.2571428571428571,0.14285714285714285,0.6,42.00793223693853,23.21545514079895,1174,157,45.89302854571652,39.88212180746562,921,134,55.37179885153173,72.59332023575638,431,63,38.21257123830435,11.42763588736084,1356,212
1164,386,184,"Brito, Richard",695870.0,NEW_ENG23,Four-Seam,L,48,61,41.20719919562114,18.05392731535756,52.49810457066381,64.27758816837316,0.0061593849604891,-0.0004928371728836,44.59447080813394,44.59447080813394,23.83759004584152,-0.7667473646637876,0.0061593849604891,0.296156257327946,700,209,19,13,2,3,6,10,0.15384615384615385,0.15789473684210525,0.3157894736842105,0.5263157894736842,35.87620683959712,5.140798952193844,1449,225,46.977971450585926,45.2521283562541,835,114,39.14703350259778,13.326784544859201,1322,214,42.86678773951465,24.49246889325475,1153,151
1165,387,185,"Gamelin, Shaun",815222.0,JOL_SLA,Four-Seam,L,218,387,43.30624893442817,23.681125439624854,47.52618763605087,46.01820250284414,0.0033027654813833,0.0,44.57223054491497,44.57223054491497,23.772102161100197,-0.5837066144710849,0.0033027654813833,0.2435341390541545,652,191,79,55,9,15,14,50,0.16363636363636364,0.189873417721519,0.17721518987341772,0.6329113924050633,37.85190662239987,9.561231172233137,1382,202,47.64537572236923,47.31499672560576,806,108,52.14827640190864,57.69482645710543,647,81,36.133743976461766,7.269155206286837,1417,225
1166,388,203,"Sabatine, Gino",1000229070.0,TRI_VAL,Four-Seam,R,41,63,35.64369302114544,5.627198124267292,65.37353197349478,92.66211604095564,0.013556973698283,0.0004699536674998,44.562644706850236,44.562644706850236,23.706614276358874,-1.2518946792083845,0.013556973698283,0.317496548030755,806,249,10,11,1,2,3,5,0.09090909090909091,0.2,0.3,0.5,38.47754488695408,11.100196463654225,1346,205,42.687515417693255,23.346430910281597,1164,190,40.62842512141349,15.553372626064178,1282,215,44.52900791851833,29.3713163064833,1042,123
1167,389,186,"Baird, Dustin",1000027580.0,MIS_MUD,Four-Seam,L,40,81,50.11118575346483,52.16881594372802,31.55875858097273,1.763367463026166,-0.0058713356691072,-0.0001005418042056,44.545457601717196,44.545457601717196,23.64112639161755,0.009695589079521,-0.0058713356691072,0.2493641891587235,409,100,13,10,1,2,4,7,0.1,0.15384615384615385,0.3076923076923077,0.5384615384615384,35.626078181197414,4.944335297969875,1453,228,43.307247955777754,26.39161755075311,1143,172,39.90672151224686,14.276358873608382,1314,212,42.09960919535911,21.28356254092993,1211,172
1168,162,83,"Fowler, Dalton",687096.0,SUS_COU1,Sinker,L,26,51,43.53780125758946,24.85345838218054,46.8902942708487,43.23094425483504,0.0029374123595271,0.0,44.54354916156723,44.54354916156723,23.575638506876228,-0.5635148533342609,0.0029374123595271,0.2852806602156753,642,90,4,9,1,2,1,1,0.1111111111111111,0.5,0.25,0.25,57.012078474372444,77.60314341846758,349,31,44.0646988356588,30.648330058939095,1058,70,45.319498580996566,28.127046496398165,1101,96,60.32009961905328,84.61034708578913,237,23
1169,163,84,"Andueza, Axel",672847.0,DOW_EAS1,Sinker,L,55,88,44.19121977591846,28.01875732708089,45.30082124909771,35.49488054607509,0.0020241791629229,0.0,44.52410021787223,44.52410021787223,23.510150622134905,-0.5065356338457696,0.0020241791629229,0.2722809806494055,615,84,17,13,1,9,4,4,0.07692307692307693,0.5294117647058824,0.23529411764705882,0.23529411764705882,58.829189610393854,82.87491814014408,263,25,41.7340807437171,20.13752455795678,1223,90,46.69922606910924,33.49705304518664,1020,88,61.24898736614358,86.83693516699411,203,20
1170,164,85,"Potteiger, Jack",1000095892.0,JOL_SLA,Sinker,L,42,74,43.45700549342968,24.384525205158265,46.999086848352846,43.68600682593857,0.0029999192356812,-0.0004543521901355,44.519629899906626,44.519629899906626,23.444662737393582,-0.5705603830379083,0.0029999192356812,0.2601122684074262,646,92,12,14,1,10,1,1,0.07142857142857142,0.8333333333333334,0.08333333333333333,0.08333333333333333,77.60600468261507,98.98493778650949,16,1,41.3595171217979,18.696791093647676,1244,93,60.956410112940155,87.59004584151931,193,11,70.84749408607658,97.67518009168303,36,3
1171,276,117,"Forsyth, Braden",687732.0,MIS_MUD,Slider,L,46,151,43.84044706976921,26.377491207502928,45.99483730398701,38.395904436860064,0.0024229267299643,0.0,44.48676414003455,44.48676414003455,23.37917485265226,-0.5371236175860568,0.0024229267299643,0.27662448135897,629,155,13,10,1,3,2,8,0.1,0.23076923076923078,0.15384615384615385,0.6153846153846154,40.37852269079186,17.25605762933857,1269,121,43.307247955777754,26.39161755075311,1126,127,54.34079369557941,68.3366077275704,492,52,37.24081174904066,9.528487229862476,1385,131
1172,277,118,"Turner, Eric",1000080978.0,JOL_SLA,Slider,L,79,203,47.94132955931789,43.72801875732708,36.40101165891157,5.688282138794084,-0.0030892146789308,0.0,44.479234189196,44.479234189196,23.313686967910936,-0.1795196058937372,-0.0030892146789308,0.2519404239079043,481,131,22,19,4,7,5,10,0.21052631578947367,0.3181818181818182,0.22727272727272727,0.45454545454545453,45.77902781533101,36.05108055009823,979,96,50.841890918805056,60.90373280943025,601,93,47.45180469898887,36.86967910936477,968,89,47.40011550043378,40.76620825147348,915,88
1173,278,160,"Gartland, Chad",1000103698.0,TRI_VAL,Slider,R,58,85,36.95791526233468,8.206330597889801,61.99254469081836,88.33902161547212,0.0116144243240034,0.0,44.46830409087978,44.46830409087978,23.248199083169613,-1.1372922376845678,0.0116144243240034,0.2497805945032739,784,178,15,13,2,3,4,8,0.15384615384615385,0.2,0.26666666666666666,0.5333333333333333,38.47754488695408,11.100196463654225,1348,161,46.977971450585926,45.2521283562541,830,134,43.75580742780221,23.18271119842829,1169,134,42.423529025113666,22.593320235756384,1181,138
1174,154,88,"Sechrist, Zander",801415.0,WAS_WIL3,Changeup,L,29,207,37.016736362740886,8.440797186400937,61.85356510622294,88.11149032992036,0.0115345734749699,0.0073829923095156,44.4677849857855,44.4677849857855,23.18271119842829,-1.132162936483906,0.0115345734749699,0.2936109520093749,782,114,7,7,0,3,1,3,0.0,0.42857142857142855,0.14285714285714285,0.42857142857142855,52.59909428689188,63.78519973804846,541,59,36.49019003684828,5.50098231827112,1374,96,55.37179885153173,72.59332023575638,401,37,49.04074840438546,47.511460379829735,787,73
1175,52,25,"Cook, Cole",1000161363.0,SCH_BOO,Cutter,L,33,109,42.97078414244407,22.27432590855803,47.93757560960041,47.269624573378834,0.0035391288225587,0.0012304693021061,44.46082158259097,44.46082158259097,23.117223313686967,-0.6129597217475744,0.0035391288225587,0.2273541446567092,664,32,12,11,1,3,5,4,0.09090909090909091,0.25,0.4166666666666667,0.3333333333333333,41.566633818190475,21.31630648330059,1206,26,42.687515417693255,23.346430910281597,1172,23,29.682587049052977,2.9469548133595285,1484,32,55.05640238554163,70.43222003929273,452,11
1176,390,204,"Gartland, Chad",1000103698.0,SUS_COU1,Four-Seam,R,53,104,45.81158775287674,34.7010550996483,41.30375259215459,17.34926052332196,-0.0002723403354736,-0.0008844308152409,44.4592372046601,44.4592372046601,23.051735428945644,-0.3652367572125551,-0.0002723403354736,0.2516071637599789,558,157,17,15,2,6,3,8,0.13333333333333333,0.35294117647058826,0.17647058823529413,0.47058823529411764,47.9265227942654,45.31761624099542,837,73,45.57960059542091,38.73608382449247,937,142,52.218136021559914,58.51342501637197,643,96,46.38678341269891,36.313032089063526,980,108
1177,391,205,"Gilleran, Jimmy",10103730.0,NEW_ENG23,Four-Seam,R,63,101,36.70045933046438,7.502930832356388,62.478974921383205,89.19226393629124,0.011893903263441,0.0,44.43401400774003,44.43401400774003,22.98624754420432,-1.15974283808715,0.011893903263441,0.2812967441612246,790,243,14,10,1,6,3,5,0.1,0.42857142857142855,0.21428571428571427,0.35714285714285715,52.59909428689188,63.78519973804846,540,23,43.307247955777754,26.39161755075311,1110,180,48.67026533784162,42.403405370006546,871,141,53.55248889025259,65.4551407989522,527,34
1178,392,206,"Lovell, Justin",822485.0,WIN_CIT29,Four-Seam,R,82,185,43.302439123350894,23.563892145369287,47.05422062289727,43.97042093287827,0.0030315963969032,0.0,44.42797357321481,44.42797357321481,22.920759659463,-0.5840388365546231,0.0030315963969032,0.254030342903607,653,192,24,18,8,5,9,10,0.4444444444444444,0.20833333333333334,0.375,0.4166666666666667,38.992393042160145,12.639161755075312,1336,200,66.78822523209035,92.63261296660119,114,9,33.59181493203887,5.599214145383105,1441,242,49.79270515202998,50.75311067452522,757,61
1179,393,187,"Milburn, Isaac",830926.0,FLO_Y'A,Four-Seam,L,73,236,40.85768324210077,17.11606096131301,52.72000906275844,65.30147895335608,0.0062868803919203,0.0044024877862688,44.416380988298066,44.416380988298066,22.85527177472168,-0.7972257574116635,0.0062868803919203,0.2696216898629398,708,211,28,23,2,13,4,11,0.08695652173913043,0.4642857142857143,0.14285714285714285,0.39285714285714285,54.805586380632164,71.41453831041258,438,22,42.4180664880913,22.4950884086444,1182,181,55.37179885153173,72.59332023575638,416,45,51.29661864731902,57.36738703339882,652,51
1180,394,188,"Austin, Zack",813186.0,SUS_COU1,Four-Seam,L,87,179,42.8431987592494,21.805392731535758,48.058464841604,48.06598407281001,0.0036085858427578,0.0,44.407778583955775,44.407778583955775,22.789783889980352,-0.6240853867672366,0.0036085858427578,0.2462339199994236,668,197,19,19,0,6,5,8,0.0,0.3157894736842105,0.2631578947368421,0.42105263157894735,45.63122451718573,35.72364112639162,983,106,36.49019003684828,5.50098231827112,1437,233,44.08500556531681,24.03405370006549,1162,185,49.51566845552937,49.60707269155206,772,77
1181,395,189,"Serratos, Oscar",8898893.0,WIN_CIT29,Four-Seam,L,36,81,40.386424761322864,15.123094958968348,53.72176220837225,68.43003412969283,0.0068624385894224,0.0021876506933126,44.387025995437675,44.387025995437675,22.72429600523903,-0.8383203080845247,0.0068624385894224,0.2782764913371424,725,218,16,9,0,6,6,4,0.0,0.375,0.375,0.25,49.289356146281456,49.574328749181404,764,65,36.49019003684828,5.50098231827112,1402,223,33.59181493203887,5.599214145383105,1437,235,60.32009961905328,84.61034708578913,225,11
1182,121,56,"Barker, Alex",1000106691.0,NEW_YOR13,Curveball,L,33,90,41.22313072862279,18.17116060961313,51.7562527508374,62.00227531285552,0.005733153310404,0.0,44.38306733528717,44.38306733528717,22.65880812049771,-0.7653581075640497,0.005733153310404,0.2630199711799771,699,73,9,8,1,2,2,5,0.125,0.2222222222222222,0.2222222222222222,0.5555555555555556,39.850473300836924,15.160445317616242,1292,66,45.01151243551012,35.59266535690897,979,65,47.92565050298717,38.83431565160445,930,43,41.01987642951056,18.3366077275704,1245,66
1183,396,207,"Sakurai, Masatoshi",1000429128.0,QUE_CAP,Four-Seam,R,290,489,48.57048970526402,45.720984759671744,34.60044715271478,3.754266211604096,-0.004123730683408,-0.0091342751918883,44.37947693949924,44.37947693949924,22.593320235756384,-0.124655758231518,-0.004123730683408,0.2386310925158917,464,122,109,79,17,33,18,58,0.21518987341772153,0.30275229357798167,0.1651376146788991,0.5321100917431193,44.82576434197199,32.61296660117878,1030,119,51.159808343405366,61.95153896529142,582,74,53.28141225093115,65.22593320235757,532,80,42.50079430560558,22.85527177472168,1179,158
1184,397,190,"Binns, Malik",702238.0,NEW_JER6,Four-Seam,L,51,100,46.248075208149146,36.694021101992966,39.94324873144851,13.139931740614337,-0.0010540190885588,-8.326672684688674e-17,44.356627265138954,44.356627265138954,22.52783235101506,-0.3271742998130599,-0.0010540190885588,0.2673137522200731,541,151,15,12,2,6,6,3,0.16666666666666666,0.4,0.4,0.2,50.83390061189966,55.664702030124424,694,50,47.85195323506406,49.08316961362148,795,105,31.246278202247336,3.9292730844793713,1472,239,63.47831795916028,90.9954158480681,144,6
1185,165,86,"Boies, Emiles",1000429129.0,QUE_CAP,Sinker,L,109,205,45.63528310828784,33.76318874560375,41.31945214051325,17.4061433447099,-0.0002633201454253,0.0,44.34053381795546,44.34053381795546,22.46234446627374,-0.3806108256833445,-0.0002633201454253,0.2570094420016265,566,76,38,26,4,10,6,22,0.15384615384615385,0.2631578947368421,0.15789473684210525,0.5789473684210527,42.37955195798953,23.968565815324165,1164,103,46.977971450585926,45.2521283562541,844,47,53.960949690754866,66.86313032089063,509,33,39.54234738150729,14.440078585461691,1308,115
1186,279,161,"Sanchez, Edwin",835958.0,LAK_ERI24,Slider,R,31,72,50.57609474585376,54.74794841735052,29.769289802037434,1.0807736063708762,-0.0068994766132109,-0.0154135942511821,44.334053262708856,44.334053262708856,22.39685658153242,0.0502364534358686,-0.0068994766132109,0.2570893084274762,387,109,11,5,0,2,3,6,0.0,0.18181818181818182,0.2727272727272727,0.5454545454545454,37.35423982104994,8.284217419777342,1404,163,36.49019003684828,5.50098231827112,1523,176,43.18719246300426,21.807465618860512,1202,138,41.657900336602886,19.810085134250162,1231,145
1187,166,80,"Vitas, Ben",1000076969.0,JOL_SLA,Sinker,R,121,236,44.57155306346883,29.425556858147715,43.702580253663456,27.92946530147895,0.0011059083189193,0.0,44.310861220527215,44.310861220527215,22.331368696791092,-0.4733699165264446,0.0011059083189193,0.2521256340890823,603,83,39,26,3,10,11,18,0.11538461538461539,0.2564102564102564,0.28205128205128205,0.46153846153846156,41.96267086065668,23.051735428945644,1176,112,44.35602609715151,32.220039292730846,1037,56,42.312400209468954,19.94106090373281,1224,107,46.958406641677556,38.867059593975114,938,100
1188,280,119,"Lovin, Xander",815234.0,GAT_GRI,Slider,L,67,157,43.98025451698733,27.080890973036343,45.04205260429096,34.18657565415245,0.0018755033984123,0.0,44.29879394317842,44.29879394317842,22.265880812049772,-0.5249321675464427,0.0018755033984123,0.2868814999915557,623,153,13,19,3,7,3,3,0.15789473684210525,0.5384615384615384,0.23076923076923078,0.23076923076923078,59.38830072916967,83.9554682383759,250,28,47.25396569831587,46.29993451211526,822,114,47.123757603913134,35.52717747216765,990,91,61.5347989806329,87.3608382449247,197,18
1189,398,191,"Duncan, Tanner",677365.0,DOW_EAS1,Four-Seam,L,85,190,43.65149921099703,26.025791324736225,45.75978861280024,37.599544937428895,0.0022878792867723,0.0,44.28398603153799,44.28398603153799,22.20039292730845,-0.5536001960956353,0.0022878792867723,0.2696224788400013,632,186,25,26,4,6,8,11,0.15384615384615385,0.24,0.32,0.44,40.948816031943196,18.82776686313032,1241,167,46.977971450585926,45.2521283562541,840,118,38.75199573758026,12.999345121152587,1329,216,48.31886992664672,44.72822527832351,845,93
1190,399,192,"Anibal, Trevor",822669.0,NEW_ENG23,Four-Seam,L,107,222,44.2470987755902,28.3704572098476,44.3609199654226,31.058020477815703,0.0014841580099766,0.0,44.28124513253992,44.28124513253992,22.134905042567123,-0.5016628888932158,0.0014841580099766,0.2749642787455255,612,181,39,30,5,12,9,18,0.16666666666666666,0.3076923076923077,0.23076923076923078,0.46153846153846156,45.130967200386316,33.66077275703995,1016,116,47.85195323506406,49.08316961362148,783,103,47.123757603913134,35.52717747216765,992,147,46.958406641677556,38.867059593975114,936,107
1191,122,66,"Milburn, Isaac",830926.0,FLO_Y'A,Curveball,R,104,154,45.747348605545874,34.23212192262602,40.82905267504528,15.870307167235495,-0.0005450796124523,0.0,44.2718598263957,44.2718598263957,22.069417157825804,-0.370838521430808,-0.0005450796124523,0.3169124419563188,562,60,15,19,2,5,5,5,0.10526315789473684,0.3333333333333333,0.3333333333333333,0.3333333333333333,46.71511537025113,39.91486574983628,941,72,43.66604047782667,28.454485920104784,1099,70,37.501042815024775,10.31434184675835,1392,76,55.05640238554163,70.43222003929273,477,55
1192,167,81,"Morgan, Cooper",692707.0,QUE_CAP,Sinker,R,48,103,47.32702155568272,41.38335287221571,36.89612231086871,6.313993174061433,-0.0028047483953436,0.0,44.19775178223852,44.19775178223852,22.00392927308448,-0.2330883211823372,-0.0028047483953436,0.2537142973475358,501,65,11,11,4,4,2,5,0.36363636363636365,0.36363636363636365,0.18181818181818182,0.45454545454545453,48.58729048009137,47.2822527832351,811,93,61.279491560228166,86.18205631958088,216,3,51.71641693497349,55.95939751146039,685,63,47.40011550043378,40.76620825147348,914,99
1193,155,67,"Sanchez, Edwin",835958.0,LAK_ERI24,Changeup,R,99,115,40.44508929969499,15.59202813599062,52.84566660142273,65.81342434584755,0.0063590770471271,0.0009462830881235,44.16526249021331,44.16526249021331,21.938441388343158,-0.8332046593627151,0.0063590770471271,0.2854908971011835,721,107,24,26,7,9,7,8,0.2692307692307692,0.375,0.2916666666666667,0.3333333333333333,49.289356146281456,49.574328749181404,765,67,54.84380751088916,73.14996725605762,410,23,41.41027069801067,17.68172888015717,1258,75,55.05640238554163,70.43222003929273,437,40
1194,400,208,"Barker, Alex",1000106691.0,NEW_YOR13,Four-Seam,R,159,235,43.59264029355127,25.32239155920281,45.499244822216376,36.23435722411832,0.0021381836106116,0.0,44.1646216521508,44.1646216521508,21.872953503601835,-0.5587327950072394,0.0021381836106116,0.2658149872460814,638,189,68,41,2,20,15,33,0.04878048780487805,0.29411764705882354,0.22058823529411764,0.4852941176470588,44.29230052222259,30.12442698100851,1072,131,39.81558414364315,12.999345121152587,1331,218,48.07895355722191,40.078585461689585,916,155,45.45789566560862,33.26784544859201,1020,116
1195,281,120,"Thompson, Ross",1000103401.0,SCH_BOO,Slider,L,27,223,52.779542805344434,64.12661195779602,24.060770600277795,0.2275312855517633,-0.0101793116070482,-0.0074567038340077,44.163911143824436,44.163911143824436,21.807465618860512,0.2423809168867687,-0.0101793116070482,0.2296368267941927,307,92,10,8,0,6,0,4,0.0,0.6,0.0,0.4,63.19025633684523,90.34053700065488,160,18,36.49019003684828,5.50098231827112,1527,146,68.77486587891195,96.29993451211526,114,21,50.845444598732314,55.10805500982319,712,74
1196,401,209,"Lawson, Nathan",1000569348.0,FLO_Y'A,Four-Seam,R,39,80,35.80400486016407,6.213364595545135,63.67017679573555,90.78498293515358,0.0125783094034819,0.0089426033560733,44.16385644083552,44.16385644083552,21.74197773411919,-1.2379152109107825,0.0125783094034819,0.3136032549311123,801,247,16,10,2,2,6,8,0.2,0.125,0.375,0.5,33.84391149009949,2.8159790438768826,1481,242,50.12430587470722,58.08775376555337,620,82,33.59181493203887,5.599214145383105,1435,241,44.52900791851833,29.3713163064833,1049,126
1197,156,89,"Bargo, Casey",1000057987.0,FLO_Y'A,Changeup,L,43,53,43.03923937969967,22.3915592028136,46.69254346107623,41.865756541524455,0.002823794448642,0.0,44.135230604112635,44.135230604112635,21.676489849377862,-0.6069903072309824,0.002823794448642,0.2678836298634862,663,98,10,10,3,6,0,4,0.3,0.6,0.0,0.4,63.19025633684523,90.34053700065488,149,15,56.94136379363668,78.68369351669942,330,16,68.77486587891195,96.29993451211526,62,6,50.845444598732314,55.10805500982319,689,65
1198,402,210,"Barreto, Brayhans",810980.0,TRI_VAL,Four-Seam,R,67,127,40.448353562122094,15.826494724501758,52.68143720568789,65.01706484641639,0.0062647188957203,0.0,44.11827865519183,44.11827865519183,21.611001964636543,-0.8329200100604922,0.0062647188957203,0.2844638337966136,719,215,20,20,3,3,5,12,0.15,0.15,0.25,0.6,35.38845595571769,4.682383759004584,1456,234,46.715776915242486,44.073346430910284,855,123,45.319498580996566,28.127046496398165,1080,186,38.21257123830435,11.42763588736084,1350,210
1199,403,211,"Cooper, Garrett",1000327042.0,NEW_YOR13,Four-Seam,R,76,191,44.491120498695736,29.073856975381005,43.071737603852064,24.857792946530147,0.0007434570902681,0.0,44.065305630242634,44.065305630242634,21.54551407989522,-0.4803837746184202,0.0007434570902681,0.2653779947066354,606,178,30,18,0,12,6,12,0.0,0.4,0.2,0.4,50.83390061189966,55.664702030124424,689,46,36.49019003684828,5.50098231827112,1480,249,50.010572040579646,48.16633922724296,810,124,50.845444598732314,55.10805500982319,696,50
1200,404,212,"Walsh, John",1000208173.0,MIS_MUD,Four-Seam,R,46,79,38.72353461952022,11.840562719812429,56.46209542862472,75.71103526734926,0.0084368995788483,0.0,44.04510286225157,44.04510286225157,21.480026195153897,-0.9833271906830257,0.0084368995788483,0.2398138193794269,753,230,15,9,0,6,4,5,0.0,0.4,0.26666666666666666,0.3333333333333333,50.83390061189966,55.664702030124424,661,45,36.49019003684828,5.50098231827112,1391,235,43.75580742780221,23.18271119842829,1171,200,55.05640238554163,70.43222003929273,429,24
1201,405,193,"Bohnert, Matthew",810066.0,WIN_CIT29,Four-Seam,L,151,320,41.99877002830126,20.046893317702228,48.60352481156367,50.56882821387941,0.0039217505532597,0.0,43.98019646327998,43.98019646327998,21.414538310412574,-0.6977210255705665,0.0039217505532597,0.2510312259549775,683,202,48,42,9,15,15,18,0.21428571428571427,0.3125,0.3125,0.375,45.427994982235965,34.937786509495744,998,112,51.09817129169714,61.62409954158481,587,60,39.45565675651772,13.621480026195155,1320,213,52.424553768785806,61.55861165684349,585,41
1202,123,57,"Milburn, Isaac",830926.0,FLO_Y'A,Curveball,L,50,154,45.747348605545874,34.23212192262602,39.81486861867853,12.741751990898749,-0.0011277800012393,0.0,43.96760460948567,43.96760460948567,21.34905042567125,-0.370838521430808,-0.0011277800012393,0.3169124419563188,562,60,5,11,5,1,2,2,0.45454545454545453,0.2,0.4,0.4,38.47754488695408,11.100196463654225,1367,72,67.47681694107314,93.68041912246234,100,18,31.246278202247336,3.9292730844793713,1473,70,50.845444598732314,55.10805500982319,701,52
1203,168,87,"Bargo, Casey",1000057987.0,FLO_Y'A,Sinker,L,50,111,44.131573110971104,27.784290738569755,43.55589692839951,26.791808873720136,0.0010216312785504,0.0,43.958870256199624,43.958870256199624,21.28356254092993,-0.5117369256954152,0.0010216312785504,0.2568585136690881,617,85,17,14,1,4,4,9,0.07142857142857142,0.23529411764705882,0.23529411764705882,0.5294117647058824,40.65807825017977,18.14014407334643,1251,107,41.3595171217979,18.696791093647676,1247,94,46.69922606910924,33.49705304518664,1021,89,42.671232424337745,23.64112639161755,1168,108
1204,169,82,"Hernandez, Nyan",683466.0,NEW_JER6,Sinker,R,46,92,44.03603375761045,27.315357561547483,43.64795712407062,27.417519908987487,0.0010745245492271,0.0,43.9196107675485,43.9196107675485,21.218074656188605,-0.5200681217546366,0.0010745245492271,0.2585922691317121,621,86,12,11,3,7,2,3,0.2727272727272727,0.5833333333333334,0.16666666666666666,0.25,62.1605600264331,88.53962017026849,177,27,55.082166179383194,74.03405370006548,404,13,53.137954346968364,63.0648330058939,579,52,60.32009961905328,84.61034708578913,246,35
1205,170,83,"Fuenmayor, Liu",673884.0,OTT_TIT,Sinker,R,53,65,43.23059406863071,23.212192262602574,45.4828425694304,36.12059158134244,0.0021287596810838,0.0011525620415936,43.90626861887061,43.90626861887061,21.152586771447282,-0.5903038489888182,0.0021287596810838,0.2482388416350776,656,94,18,10,2,8,3,7,0.2,0.4444444444444444,0.16666666666666666,0.3888888888888889,53.579757439665336,67.3215455140799,500,64,50.12430587470722,58.08775376555337,646,26,53.137954346968364,63.0648330058939,574,51,51.54727089653387,58.02226588081205,642,81
1206,53,28,"Lovell, Justin",822485.0,WIN_CIT29,Cutter,R,39,61,47.855111460069374,43.49355216881594,34.65661745582514,3.9249146757679183,-0.0040914579837385,-0.0006641197613455,43.8955632587961,43.8955632587961,21.08709888670596,-0.1870379725502641,-0.0040914579837385,0.2364670193346327,483,24,11,11,2,4,3,4,0.18181818181818182,0.36363636363636365,0.2727272727272727,0.36363636363636365,48.58729048009137,47.2822527832351,812,22,48.88484079853823,53.208906352324824,728,17,43.18719246300426,21.807465618860512,1200,28,53.14233066426467,64.07989521938441,556,15
1207,157,68,"Gorgen, Grady",1000138303.0,NEW_YOR13,Changeup,R,59,68,47.89393899233991,43.61078546307151,34.45440807248016,3.4698521046643918,-0.0042076375721986,-0.0059407084300133,43.862079716381984,43.862079716381984,21.021611001964637,-0.1836521449047646,-0.0042076375721986,0.2689208505260241,482,74,18,10,1,8,4,6,0.1,0.4444444444444444,0.2222222222222222,0.3333333333333333,53.579757439665336,67.3215455140799,512,50,43.307247955777754,26.39161755075311,1141,66,47.92565050298717,38.83431565160445,953,59,55.05640238554163,70.43222003929273,488,45
1208,171,84,"Webster, Evan",804248.0,FLO_Y'A,Sinker,R,30,63,52.15668728871536,61.78194607268465,24.496115310587257,0.3412969283276451,-0.0099291839005819,-0.0023470960242746,43.85851569527693,43.85851569527693,20.956123117223314,0.1880668437527776,-0.0099291839005819,0.2388692141527766,327,40,15,10,3,2,4,9,0.3,0.13333333333333333,0.26666666666666666,0.6,34.358759645305554,3.4053700065487886,1478,128,56.94136379363668,78.68369351669942,335,10,43.75580742780221,23.18271119842829,1181,104,38.21257123830435,11.42763588736084,1365,122
1209,172,88,"Leduc, Zachary",824497.0,TRO_AIG,Sinker,L,54,67,42.717588493130464,21.688159437280188,46.41459545762913,40.84186575654152,0.0026640991658632,0.0,43.82669058248006,43.82669058248006,20.89063523248199,-0.6350388181782435,0.0026640991658632,0.2620582376173324,669,97,13,12,1,3,5,5,0.08333333333333333,0.23076923076923078,0.38461538461538464,0.38461538461538464,40.37852269079186,17.25605762933857,1268,109,42.171071635956174,21.676489849377862,1195,83,32.68968542058059,4.846103470857891,1455,128,51.817204087996004,59.13555992141454,631,63
1210,124,67,"Eldred, Zach",1000227712.0,NEW_ENG23,Curveball,R,25,81,37.64058766312566,10.199296600234469,58.25445147185032,80.3754266211604,0.0094666994033238,0.002364712758358,43.824746805743054,43.824746805743054,20.825147347740668,-1.0777620292924357,0.0094666994033238,0.3160762291068887,767,81,4,5,0,3,0,1,0.0,0.75,0.0,0.25,72.4575231305544,97.60969220694172,33,5,36.49019003684828,5.50098231827112,1383,82,68.77486587891195,96.29993451211526,22,1,60.32009961905328,84.61034708578913,219,23
1211,282,162,"Voytko, Fawster",1000207039.0,TRO_AIG,Slider,R,34,51,32.40282067004224,2.9308323563892147,70.4378597184761,96.30261660978384,0.0164666878940645,-0.0008570181018505,43.8133323845724,43.8133323845724,20.759659462999345,-1.5345043265442604,0.0164666878940645,0.3102214560933291,829,183,9,14,4,4,3,2,0.2857142857142857,0.4444444444444444,0.3333333333333333,0.2222222222222222,53.579757439665336,67.3215455140799,487,52,55.96749837664676,76.55533726260641,347,65,37.501042815024775,10.31434184675835,1341,158,62.07466536355717,88.37590045841519,167,17
1212,158,90,"Majick, Eli",828663.0,NEW_ENG23,Changeup,L,64,130,45.99591227645134,35.63892145369285,38.69115447700837,9.670079635949945,-0.0017734110019695,0.0,43.80448493661845,43.80448493661845,20.694171578258022,-0.3491633414900758,-0.0017734110019695,0.2683774451235844,550,83,22,19,1,12,4,6,0.05263157894736842,0.5454545454545454,0.18181818181818182,0.2727272727272727,59.8203411391328,84.80681074001309,239,27,40.07811525733747,13.719711853307137,1319,90,51.71641693497349,55.95939751146039,684,57,58.88454582809556,81.17223313686968,294,29
1213,406,194,"Cohn, Cooper",1000301881.0,NIU_HUS,Four-Seam,L,32,72,49.25868614519926,48.53458382180539,30.998928360233275,1.5358361774744027,-0.0061929866408728,-0.0005845164006242,43.78075880970946,43.78075880970946,20.6286836935167,-0.0646438441178077,-0.0061929866408728,0.2157455415211882,440,111,15,12,2,5,3,7,0.16666666666666666,0.3333333333333333,0.2,0.4666666666666667,46.71511537025113,39.91486574983628,955,99,47.85195323506406,49.08316961362148,802,106,50.010572040579646,48.16633922724296,821,116,46.63448681192299,37.6882776686313,958,110
1214,159,91,"Hernandez, Nyan",683466.0,NEW_JER6,Changeup,L,124,173,44.0826239748682,27.43259085580305,43.050451963288566,24.80091012514221,0.0007312274057705,0.0,43.7729723713943,43.7729723713943,20.563195808775376,-0.5160053746168076,0.0007312274057705,0.2453790780214031,620,94,41,28,3,10,4,27,0.10714285714285714,0.24390243902439024,0.0975609756097561,0.6585365853658537,41.18991565584457,19.58087753765553,1229,101,43.79418066427271,29.10936476751801,1083,73,59.621551811432774,85.36345776031435,224,20,34.5151448889108,5.73018991486575,1440,104
1215,407,195,"Gordillo, Lucas",808851.0,TRI_VAL,Four-Seam,L,136,247,41.27444976632341,18.52286049237984,49.55194382462609,53.98179749715586,0.0044666655755134,0.0,43.75769798381421,43.75769798381421,20.497707924034053,-0.7608829991441655,0.0044666655755134,0.2923745739682533,696,206,28,33,10,5,9,14,0.30303030303030304,0.17857142857142858,0.32142857142857145,0.5,37.153649630709914,7.858546168958743,1409,211,57.14794130633152,79.40406024885395,315,24,38.61796506730646,12.868369351669942,1331,217,44.52900791851833,29.3713163064833,1082,137
1216,408,196,"Villers, Ian",677351.0,QUE_CAP,Four-Seam,L,76,162,42.84408600556174,21.922626025791324,45.8371386668853,38.111490329920365,0.0023323208319782,0.0,43.74200180395881,43.74200180395881,20.43222003929273,-0.6240080173616358,0.0023323208319782,0.2752542059112729,667,196,26,14,1,3,8,15,0.07142857142857142,0.11538461538461539,0.3076923076923077,0.5769230769230769,33.24985592640019,2.1938441388343155,1495,240,41.3595171217979,18.696791093647676,1245,196,39.90672151224686,14.276358873608382,1311,211,39.670210472199884,14.767518009168304,1302,194
1217,173,85,"Grounds, Jackson",805984.0,TRO_AIG,Sinker,R,30,55,43.23055168706419,23.094958968347008,44.89166238889605,33.44709897610921,0.0017890965608859,0.0,43.728884897613746,43.728884897613746,20.36673215455141,-0.5903075447343669,0.0017890965608859,0.2730532517298558,657,95,9,7,1,4,3,2,0.14285714285714285,0.4444444444444444,0.3333333333333333,0.2222222222222222,53.579757439665336,67.3215455140799,501,65,46.228844206747524,41.87950229207596,899,43,37.501042815024775,10.31434184675835,1377,119,62.07466536355717,88.37590045841519,184,25
1218,409,213,"Elliott, Eric",830233.0,MIS_MUD,Four-Seam,R,73,127,40.97005427964114,17.35052754982415,50.14990643041639,56.59840728100114,0.0048102255444232,0.0,43.72400992487371,43.72400992487371,20.301244269810084,-0.7874268095205993,0.0048102255444232,0.2391584798730142,706,210,18,19,0,5,5,8,0.0,0.2777777777777778,0.2777777777777778,0.4444444444444444,43.282794335544025,27.079240340537,1114,142,36.49019003684828,5.50098231827112,1422,241,42.71334665900597,20.726915520628683,1215,204,48.038139407526096,43.28749181401441,867,83
1219,410,214,"Misla, Luis",695417.0,TRI_VAL,Four-Seam,R,164,280,45.25819784717079,32.12192262602579,40.14305161123514,13.765642775881684,-0.0009392221589468,-0.000367692623585,43.72365397639009,43.72365397639009,20.23575638506876,-0.4134933095070495,-0.0009392221589468,0.2647596055676912,580,164,61,47,9,23,13,25,0.19148936170212766,0.3770491803278688,0.21311475409836064,0.4098360655737705,49.41595815166,50.45841519318927,758,58,49.544130732670666,55.89390962671905,675,89,48.780126542984085,43.38572364112639,866,139,50.224155744940774,52.455795677799614,727,54
1220,160,92,"Bell, Brendan",681141.0,NEW_ENG23,Changeup,L,42,56,41.87348677730366,19.577960140679952,47.981920487800274,47.55403868031854,0.0035646072133947,0.0014814818863833,43.706016890452645,43.706016890452645,20.170268500327442,-0.7086459407001215,0.0035646072133947,0.2497020774996648,687,104,11,9,0,6,0,5,0.0,0.5454545454545454,0.0,0.45454545454545453,59.8203411391328,84.80681074001309,235,26,36.49019003684828,5.50098231827112,1439,100,68.77486587891195,96.29993451211526,57,5,47.40011550043378,40.76620825147348,904,77
1221,54,26,"Williams, Brian",1000079778.0,MIS_MUD,Cutter,L,56,144,45.01238330139062,31.06682297772567,40.64299789725787,15.415244596131968,-0.0006519775573291,-1.1102230246251563e-16,43.701567680150795,43.701567680150795,20.104780615586115,-0.434928761004951,-0.0006519775573291,0.2687296217838505,589,29,18,10,2,9,2,7,0.2,0.5,0.1111111111111111,0.3888888888888889,57.012078474372444,77.60314341846758,378,11,50.12430587470722,58.08775376555337,657,11,58.35025819094956,82.31827111984283,279,7,51.54727089653387,58.02226588081205,645,19
1222,174,89,"Figueredo, Kevin",1000210447.0,WIN_CIT29,Sinker,L,97,209,41.58955460493664,18.75732708089097,48.57495278107502,50.39817974971559,0.0039053344666828,0.0,43.68517405777815,43.68517405777815,20.039292730844792,-0.7334053148459869,0.0039053344666828,0.2718199847447606,694,104,28,25,1,12,9,7,0.04,0.42857142857142855,0.32142857142857145,0.25,52.59909428689188,63.78519973804846,558,54,39.21701320442007,11.853307138179437,1346,108,38.61796506730646,12.868369351669942,1332,115,60.32009961905328,84.61034708578913,234,22
1223,161,93,"Pindel, Buddie",1000054422.0,SCH_BOO,Changeup,L,96,123,39.42665954558391,12.895662368112545,53.58309201459934,67.9749715585893,0.0067827655011724,0.0,43.67358928628853,43.67358928628853,19.97380484610347,-0.9220134868834046,0.0067827655011724,0.2839984692419895,744,109,27,27,4,16,5,6,0.14814814814814814,0.5925925925925926,0.18518518518518517,0.2222222222222222,62.73261353221761,89.42370661427636,162,17,46.58953510192897,43.68041912246235,861,58,51.40051973230796,54.616895874263264,692,58,62.07466536355717,88.37590045841519,173,16
1224,125,68,"Dima, Josh",1000098214.0,GAT_GRI,Curveball,R,30,54,41.6472831485824,18.874560375146544,48.31352257833188,49.31740614334471,0.0037551295015951,0.0,43.64715497750724,43.64715497750724,19.90831696136215,-0.7283712864753882,0.0037551295015951,0.2773512720938241,693,72,4,10,4,4,0,0,0.4,1.0,0.0,0.0,80.0,99.77079240340537,1,1,63.758421712566154,89.19449901768172,167,21,68.77486587891195,96.29993451211526,53,7,76.11119131958824,98.91944990176817,12,3
1225,411,197,"Willeman, Landon",812254.0,EVA_OTT,Four-Seam,L,291,554,41.98066872054856,19.929660023446655,47.49291919432669,45.84755403868032,0.0032836510673819,0.0,43.634343862681995,43.634343862681995,19.842829076620824,-0.6992994907632997,0.0032836510673819,0.2630982844415119,684,203,76,68,10,15,18,43,0.14705882352941177,0.19736842105263158,0.23684210526315788,0.5657894736842105,38.31496125899427,10.085134250163721,1374,198,46.51527521174456,43.5494433529797,864,121,46.553991596676326,32.84217419777341,1026,156,40.37345747100913,16.437459070072038,1277,186
1226,283,163,"Misla, Luis",695417.0,TRI_VAL,Slider,R,25,69,48.60767517607637,45.95545134818288,32.009643775646666,1.9340159271899888,-0.0056122791629577,-1.1102230246251563e-16,43.62826575594745,43.62826575594745,19.7773411918795,-0.1214131211715549,-0.0056122791629577,0.2613442475461185,462,124,4,5,1,1,1,2,0.2,0.25,0.25,0.5,41.566633818190475,21.31630648330059,1224,148,50.12430587470722,58.08775376555337,664,116,45.319498580996566,28.127046496398165,1140,131,44.52900791851833,29.3713163064833,1122,134
1227,412,215,"Esposito, Michael",1000059095.0,NEW_ENG23,Four-Seam,R,65,139,47.298187477023326,41.14888628370457,35.007586621174475,4.152445961319681,-0.0038898083247664,-0.0088002484227821,43.61100722026867,43.61100722026867,19.71185330713818,-0.2356027024718104,-0.0038898083247664,0.2501288168394009,503,135,19,14,4,3,2,14,0.2857142857142857,0.15789473684210525,0.10526315789473684,0.7368421052631579,35.87620683959712,5.140798952193844,1450,233,55.96749837664676,76.55533726260641,370,37,58.89892175347389,83.66077275703995,252,29,29.569026307485217,2.0956123117223315,1496,244
1228,284,121,"Foy, Corbin",813822.0,LAK_ERI24,Slider,L,37,78,47.05433587535024,40.211019929660026,35.535632583084464,4.607508532423208,-0.0035864190283455,0.0,43.59872488767051,43.59872488767051,19.646365422396855,-0.256866981864876,-0.0035864190283455,0.2703142446294685,511,137,8,8,4,4,4,0,0.5,0.5,0.5,0.0,57.012078474372444,77.60314341846758,393,46,70.57547963149563,95.87426326129666,79,15,21.864131283081186,0.8185985592665358,1519,146,76.11119131958824,98.91944990176817,32,4
1229,413,216,"Maher, Adam",1000133555.0,TRI_VAL,Four-Seam,R,134,191,45.06749149077537,31.535756154747947,40.14908528738519,13.822525597269625,-0.0009357555047272,0.0,43.59196962975831,43.59196962975831,19.58087753765553,-0.430123232036172,-0.0009357555047272,0.2570621650251433,585,168,39,37,9,10,8,21,0.24324324324324326,0.2564102564102564,0.20512820512820512,0.5384615384615384,41.96267086065668,23.051735428945644,1177,159,53.07222281262266,67.58349705304518,496,57,49.52943630113523,45.90700720366732,827,127,42.09960919535911,21.28356254092993,1209,164
1230,414,217,"Gamelin, Shaun",815222.0,JOL_SLA,Four-Seam,R,169,387,43.30624893442817,23.681125439624854,44.23425490749944,30.37542662116041,0.0014113824836466,0.0,43.584650726349544,43.584650726349544,19.515389652914212,-0.5837066144710849,0.0014113824836466,0.2435341390541545,652,191,59,50,16,14,13,32,0.32,0.23728813559322035,0.22033898305084745,0.5423728813559322,40.78127222550326,18.402095612311722,1247,177,58.30477537742258,81.04125736738703,291,30,48.102338768884835,40.14407334643091,915,154,41.852551698088675,20.43222003929273,1216,168
1231,415,218,"Bohnert, Matthew",810066.0,WIN_CIT29,Four-Seam,R,169,320,41.99877002830126,20.046893317702228,47.26607516403593,44.82366325369738,0.0031533176197058,0.0,43.57896156902166,43.57896156902166,19.44990176817289,-0.6977210255705665,0.0031533176197058,0.2510312259549775,683,202,46,40,6,16,8,22,0.15,0.34782608695652173,0.17391304347826086,0.4782608695652174,47.610503466261676,44.368041912246234,850,76,46.715776915242486,44.073346430910284,857,124,52.45808862818821,59.82318271119843,615,90,45.902146327260496,34.25016371971185,1005,111
1232,285,164,"Andueza, Axel",672847.0,DOW_EAS1,Slider,R,46,116,40.19479283138514,14.654161781946073,51.46490662842728,61.09215017064847,0.0055657601259675,0.0,43.575826970497786,43.575826970497786,19.384413883431563,-0.8550309422196698,0.0055657601259675,0.2821495015153323,729,174,13,18,2,5,4,4,0.1111111111111111,0.38461538461538464,0.3076923076923077,0.3076923076923077,49.88341170998077,52.030124426981004,736,90,44.0646988356588,30.648330058939095,1049,152,39.90672151224686,14.276358873608382,1310,152,56.67600153431445,75.44204322200393,375,35
1233,286,165,"Sakurai, Masatoshi",1000429128.0,QUE_CAP,Slider,R,67,138,51.49210080712515,58.03048065650644,25.08601043346328,0.4550625711035267,-0.0095902591114516,-0.0133736756389888,43.570273695026586,43.570273695026586,19.318925998690244,0.1301137586451623,-0.0095902591114516,0.2443458889517334,359,101,25,22,5,12,7,6,0.22727272727272727,0.48,0.28,0.24,55.776442901877886,73.44466273739359,407,39,51.98350348896071,64.70203012442698,542,101,42.50485450524672,20.268500327439423,1219,141,60.951743287074684,86.47675180091683,208,23
1234,287,166,"Encarnacion, J.D.",1000563022.0,EVA_OTT,Slider,R,78,143,43.62365675208855,25.67409144196952,43.34047925291404,25.7679180887372,0.0008978628536092,-0.0040440649351679,43.5387035023362,43.5387035023362,19.25343811394892,-0.556028106436014,0.0008978628536092,0.2529212321374398,635,156,29,23,3,12,5,12,0.13043478260869565,0.41379310344827586,0.1724137931034483,0.41379310344827586,51.686063075689006,59.299279633267844,624,71,45.3820047137128,37.88474132285527,951,141,52.59875050103927,60.37982973149967,610,78,49.97421195318556,51.53896529142109,742,85
1235,175,86,"Fowler, Dalton",687096.0,SUS_COU1,Sinker,R,25,51,43.53780125758946,24.85345838218054,43.447735132375406,26.33674630261661,0.0009594868184798,0.0,43.51078142002524,43.51078142002524,19.187950229207594,-0.5635148533342609,0.0009594868184798,0.2852806602156753,642,90,6,7,0,4,0,2,0.0,0.6666666666666666,0.0,0.3333333333333333,67.30904157849375,94.8264571054355,82,14,36.49019003684828,5.50098231827112,1476,122,68.77486587891195,96.29993451211526,75,6,55.05640238554163,70.43222003929273,467,58
1236,416,198,"Simone, Andrew",1000132681.0,TRO_AIG,Four-Seam,L,88,187,41.25640828378725,18.405627198124268,48.75166951368325,51.02389078498294,0.0040068672290543,0.0,43.504986652756045,43.504986652756045,19.122462344466275,-0.7624562474750438,0.0040068672290543,0.2654916449966336,697,207,29,27,7,5,7,17,0.25925925925925924,0.1724137931034483,0.2413793103448276,0.5862068965517241,36.77321995937538,7.138179436804191,1419,215,54.16404390073949,71.67648984937787,432,38,46.1283043498902,32.121807465618865,1038,158,39.083803883851104,13.457760314341845,1322,199
1237,288,122,"Burcham, Jacob",1000122547.0,GAT_GRI,Slider,L,38,117,43.33345906010588,23.798358733880423,43.85309159173123,28.498293515358363,0.0011923847475896,0.0005674532857956,43.48934881959348,43.48934881959348,19.05697445972495,-0.5813338446768276,0.0011923847475896,0.2532894097089036,651,161,17,13,3,8,2,7,0.23076923076923078,0.47058823529411764,0.11764705882352941,0.4117647058823529,55.194967338351034,72.52783235101506,424,49,52.22186215745475,65.38965291421087,532,85,57.73704597401059,80.74656188605108,297,37,50.10233440106008,51.997380484610346,737,76
1238,176,90,"Vega, Lucas",837223.0,TRO_AIG,Sinker,L,143,257,43.49059562162413,24.501758499413835,43.42361451743142,26.22298065984073,0.0009456282968264,0.0,43.470501290366315,43.470501290366315,18.99148657498363,-0.5676312660426739,0.0009456282968264,0.253035228239172,645,91,47,37,2,20,5,22,0.05405405405405406,0.425531914893617,0.10638297872340426,0.46808510638297873,52.411307725722494,62.40995415848069,575,57,40.17508620924259,13.916175507531106,1316,105,58.7938585180969,83.43156516044532,254,14,46.54489196539513,37.066142763588736,962,96
1239,55,27,"Ginn, Landon",701061.0,WAS_WIL3,Cutter,L,50,111,45.9240305091008,35.28722157092614,37.73436762676672,7.451649601820249,-0.0023231337728238,-5.551115123125783e-17,43.467131644400574,43.467131644400574,18.925998690242306,-0.3554315553288289,-0.0023231337728238,0.248270401157219,553,26,10,11,3,6,1,3,0.2727272727272727,0.6,0.1,0.3,63.19025633684523,90.34053700065488,157,3,55.082166179383194,74.03405370006548,408,4,59.39271895974579,84.67583497053045,243,6,57.1618812789463,76.85003274394238,362,8
1240,417,219,"Maryniak, Connor",831880.0,NEW_JER6,Four-Seam,R,52,125,41.35185833581866,18.640093786635404,48.24826593682426,49.032992036405005,0.0037176362377849,0.0,43.42078061612034,43.42078061612034,18.860510805500983,-0.7541328386454408,0.0037176362377849,0.250142734908138,695,205,24,17,0,6,5,13,0.0,0.25,0.20833333333333334,0.5416666666666666,41.566633818190475,21.31630648330059,1203,168,36.49019003684828,5.50098231827112,1435,242,49.22872646398246,45.21938441388343,837,132,41.89715930176251,20.530451866404714,1215,167
1241,418,199,"Lefebvre, Charles",1000429097.0,TRO_AIG,Four-Seam,L,33,63,43.255615893376834,23.44665885111372,43.7693856958899,28.213879408418656,0.0011442914476168,-0.0017412383943626,43.40974683413076,43.40974683413076,18.79502292075966,-0.5881219028023856,0.0011442914476168,0.2520136823311275,654,193,10,9,0,3,2,5,0.0,0.3,0.2,0.5,44.655722749426864,31.761624099541585,1051,125,36.49019003684828,5.50098231827112,1475,240,50.010572040579646,48.16633922724296,805,115,44.52900791851833,29.3713163064833,1099,141
1242,162,69,"Hernandez, Nyan",683466.0,NEW_JER6,Changeup,R,49,173,44.0826239748682,27.43259085580305,41.712934857379935,18.543799772468716,-3.7244286058593816e-05,0.0,43.37171723962172,43.37171723962172,18.729535036018337,-0.5160053746168076,-3.7244286058593816e-05,0.2453790780214031,620,94,17,19,2,8,3,6,0.10526315789473684,0.47058823529411764,0.17647058823529413,0.35294117647058826,55.194967338351034,72.52783235101506,425,43,43.66604047782667,28.454485920104784,1098,63,52.218136021559914,58.51342501637197,642,46,53.81788538942124,66.17550753110675,520,50
1243,419,200,"Smith, Ben",814168.0,NEW_ENG23,Four-Seam,L,45,89,34.028841776341295,3.868698710433764,65.08781530312318,92.320819112628,0.0133928149207285,0.0108924376502401,43.34653383437586,43.34653383437586,18.664047151277014,-1.3927124873021366,0.0133928149207285,0.2825947250551092,821,253,15,10,1,2,5,8,0.1,0.13333333333333333,0.3333333333333333,0.5333333333333333,34.358759645305554,3.4053700065487886,1475,233,43.307247955777754,26.39161755075311,1108,163,37.501042815024775,10.31434184675835,1347,221,42.423529025113666,22.593320235756384,1180,159
1244,420,201,"Peters, Andrew",687107.0,NEW_JER6,Four-Seam,L,144,270,39.86248751389781,13.599062133645957,51.414846791579606,60.92150170648464,0.0055369982003479,0.0010541603555288,43.32819529720235,43.32819529720235,18.59855926653569,-0.8840085378818265,0.0055369982003479,0.2741055644082178,738,223,45,33,6,15,13,17,0.18181818181818182,0.3333333333333333,0.28888888888888886,0.37777777777777777,46.71511537025113,39.91486574983628,911,93,48.88484079853823,53.208906352324824,713,85,41.67088589020973,18.10740013097577,1251,201,52.24909719433542,60.576293385723645,603,43
1245,126,69,"Shinn, Nathan",1000490914.0,LAK_ERI24,Curveball,R,59,88,40.51644865443884,16.412661195779602,49.84925354968409,55.11945392491467,0.004637485153374,0.0,43.316290123012415,43.316290123012415,18.533071381794368,-0.8269820008024636,0.004637485153374,0.2787768313596519,714,75,13,12,5,6,3,4,0.4166666666666667,0.46153846153846156,0.23076923076923078,0.3076923076923077,54.63585621957522,70.6286836935167,448,50,64.89459803238773,90.56974459724951,146,17,47.123757603913134,35.52717747216765,985,55,56.67600153431445,75.44204322200393,376,44
1246,127,58,"Sakurai, Masatoshi",1000429128.0,QUE_CAP,Curveball,L,105,177,43.61266793874337,25.55685814771395,42.49970801404037,22.81001137656428,0.0004147969597046,0.0,43.27877996133247,43.27877996133247,18.467583497053045,-0.5569863498741002,0.0004147969597046,0.2811991376442024,636,68,38,31,6,21,7,10,0.1935483870967742,0.5526315789473685,0.18421052631578946,0.2631578947368421,60.26375103356865,85.49443352979699,222,23,49.68449568638919,56.31958087753765,668,56,51.49196365939535,54.94433529796987,689,35,59.488989529551446,82.41650294695482,271,30
1247,421,220,"Villers, Ian",677351.0,QUE_CAP,Four-Seam,R,86,162,42.84408600556174,21.922626025791324,44.259805433838025,30.602957906712174,0.001426062562216,0.0,43.26880183404462,43.26880183404462,18.402095612311722,-0.6240080173616358,0.001426062562216,0.2752542059112729,667,196,29,22,2,17,6,6,0.09090909090909091,0.5862068965517241,0.20689655172413793,0.20689655172413793,62.338093873055875,88.8015717092338,172,5,42.687515417693255,23.346430910281597,1176,192,49.36352742546474,45.579567779960705,833,130,63.042701636386894,90.30779305828422,149,5
1248,289,123,"Sanchez, Dikember",699129.0,LAK_ERI24,Slider,L,40,111,40.41227699549557,15.357561547479484,49.805386881618496,55.0056882821388,0.0046122815186134,0.0,43.23020996133244,43.23020996133244,18.3366077275704,-0.8360659487667601,0.0046122815186134,0.2748422875900319,723,171,6,10,6,3,1,2,0.6,0.5,0.16666666666666666,0.3333333333333333,57.012078474372444,77.60314341846758,339,34,77.39253755042509,98.75573018991487,18,2,53.137954346968364,63.0648330058939,560,59,55.05640238554163,70.43222003929273,446,44
1249,422,221,"Lovin, Xander",815234.0,GAT_GRI,Four-Seam,R,173,314,37.49261349704063,9.730363423212191,56.54935665680569,75.93856655290102,0.0084870355983093,0.0,43.209636444970144,43.209636444970144,18.271119842829076,-1.0906656312741287,0.0084870355983093,0.2864328604059873,771,235,56,52,2,19,8,29,0.038461538461538464,0.3392857142857143,0.14285714285714285,0.5178571428571429,47.082864052541176,42.46889325474787,879,88,39.112135390282695,11.591355599214145,1350,223,55.37179885153173,72.59332023575638,410,60,43.40107279705154,25.47478716437459,1139,147
1250,423,222,"Gollert, Harley",8890793.0,QUE_CAP,Four-Seam,R,57,81,47.24664675126926,40.91441969519343,33.781794812658504,3.0716723549488054,-0.0045940881435135,-0.0130404296089063,43.207191169686034,43.207191169686034,18.205631958087753,-0.2400971424715328,-0.0045940881435135,0.2477718812851558,505,137,19,11,1,2,5,12,0.09090909090909091,0.10526315789473684,0.2631578947368421,0.631578947368421,32.624534280400916,1.7026850032743943,1502,246,42.687515417693255,23.346430910281597,1179,193,44.08500556531681,24.03405370006549,1163,199,36.21790702349993,7.400130975769483,1415,224
1251,56,29,"Cook, Cole",1000161363.0,SCH_BOO,Cutter,R,76,109,42.97078414244407,22.27432590855803,43.60662614412169,27.189988623435724,0.0010507777964222,0.0,43.16153674294735,43.16153674294735,18.14014407334643,-0.6129597217475744,0.0010507777964222,0.2273541446567092,664,32,26,21,2,9,1,16,0.09523809523809523,0.34615384615384615,0.038461538461538464,0.6153846153846154,47.507189455183536,43.94237066142764,858,23,42.98262615011444,24.49246889325475,1157,27,65.16634783307882,92.43614931237721,116,3,37.24081174904066,9.528487229862476,1386,33
1252,128,70,"Huter, Blayne",1000145980.0,SUS_COU1,Curveball,R,56,103,44.54106838060248,29.308323563892145,39.754419332485874,12.400455062571105,-0.0011625111946013,0.0,43.1050736661675,43.1050736661675,18.07465618860511,-0.4760282333438509,-0.0011625111946013,0.2717872372501975,604,64,20,15,1,7,3,10,0.06666666666666667,0.35,0.15,0.5,47.74481168066326,44.72822527832351,845,68,41.034895316134595,17.452521283562543,1266,77,54.70164550016272,69.67910936476753,467,31,44.52900791851833,29.3713163064833,1117,79
1253,424,202,"Snyder, Jack",801389.0,SCH_BOO,Four-Seam,L,65,110,43.63464626525571,25.79132473622509,41.80095504266518,19.112627986348123,1.3327792909558254e-05,0.0,43.08453889847855,43.08453889847855,18.009168303863785,-0.5550698019722461,1.3327792909558254e-05,0.2821903988477068,634,187,22,12,0,3,9,10,0.0,0.13636363636363635,0.4090909090909091,0.45454545454545453,34.54597715628958,3.6345776031434185,1473,231,36.49019003684828,5.50098231827112,1487,241,30.393355755050415,3.2416502946954813,1479,240,47.40011550043378,40.76620825147348,911,101
1254,425,203,"Campbell, AJ",1000132168.0,WIN_CIT29,Four-Seam,L,224,408,40.04078068689702,13.95076201641266,50.113350122293085,56.484641638225256,0.0047892220837374,0.0,43.062551517515836,43.062551517515836,17.94368041912246,-0.8684610663109231,0.0047892220837374,0.2803716648135547,735,221,70,58,8,27,13,30,0.13793103448275862,0.38571428571428573,0.18571428571428572,0.42857142857142855,49.95130377440354,52.848722986247544,721,54,45.89302854571652,39.88212180746562,920,129,51.350878743317665,54.35494433529797,698,88,49.04074840438546,47.511460379829735,799,81
1255,426,223,"Bice, Emmett",828456.0,NEW_YOR13,Four-Seam,R,65,201,39.768577282700576,13.481828839390388,50.73462320042172,58.36177474402731,0.0051461751061161,-0.0007353852471701,43.058391058016916,43.058391058016916,17.87819253438114,-0.8921976716842878,0.0051461751061161,0.2812753181030819,739,224,19,18,2,6,5,8,0.1111111111111111,0.3157894736842105,0.2631578947368421,0.42105263157894735,45.63122451718573,35.72364112639162,982,105,44.0646988356588,30.648330058939095,1053,172,44.08500556531681,24.03405370006549,1161,198,49.51566845552937,49.60707269155206,769,65
1256,427,204,"Lawson, Nathan",1000569348.0,FLO_Y'A,Four-Seam,L,41,80,35.80400486016407,6.213364595545135,59.84544403264579,83.95904436860067,0.0103808056524932,0.0069836896051324,43.01643661190859,43.01643661190859,17.812704649639816,-1.2379152109107825,0.0103808056524932,0.3136032549311123,801,247,13,16,4,4,4,5,0.25,0.3076923076923077,0.3076923076923077,0.38461538461538464,45.130967200386316,33.66077275703995,1011,114,53.53283483417195,69.25343811394892,453,42,39.90672151224686,14.276358873608382,1306,210,51.817204087996004,59.13555992141454,621,46
1257,163,94,"Simpson, Garret",1000073158.0,EVA_OTT,Changeup,L,67,88,43.36012544889855,24.03282532239156,42.067421845432,20.07963594994312,0.0001664265412051,0.0,42.97231436785859,42.97231436785859,17.747216764898493,-0.5790084896748466,0.0001664265412051,0.2933573117927652,649,97,22,23,3,13,5,4,0.13043478260869565,0.5909090909090909,0.22727272727272727,0.18181818181818182,62.628603803893164,89.29273084479371,165,18,45.3820047137128,37.88474132285527,952,63,47.45180469898887,36.86967910936477,966,74,64.62676099192646,92.5343811394892,118,8
1258,177,87,"Tiburcio, David",696010.0,DOW_EAS1,Sinker,R,56,173,39.25776324551698,12.54396248534584,51.58085451290896,61.31968145620023,0.0056323780903718,0.0,42.95469062573457,42.95469062573457,17.68172888015717,-0.9367415349603372,0.0056323780903718,0.2749571310171187,747,112,20,20,0,10,5,5,0.0,0.5,0.25,0.25,57.012078474372444,77.60314341846758,331,46,36.49019003684828,5.50098231827112,1413,113,45.319498580996566,28.127046496398165,1085,95,60.32009961905328,84.61034708578913,230,31
1259,428,205,"Anderson, Nathan",1000570089.0,EVA_OTT,Four-Seam,L,31,52,41.24034793897168,18.2883939038687,46.908537437190446,43.28782707622298,0.0029478939876431,0.0,42.940804788437305,42.940804788437305,17.61624099541585,-0.7638567371866719,0.0029478939876431,0.2898161351359906,698,208,12,11,1,4,2,6,0.09090909090909091,0.3333333333333333,0.16666666666666666,0.5,46.71511537025113,39.91486574983628,919,95,42.687515417693255,23.346430910281597,1173,180,53.137954346968364,63.0648330058939,568,71,44.52900791851833,29.3713163064833,1090,138
1260,178,91,"Dill, Austin",1000429156.0,TRI_VAL,Sinker,L,91,197,45.46709536792067,32.4736225087925,36.85630707591719,6.257110352673492,-0.0028276242754565,-0.0018851290169842,42.88385888031962,42.88385888031962,17.550753110674524,-0.3952770861348561,-0.0028276242754565,0.2649667780015314,577,80,43,32,1,9,15,19,0.03125,0.20930232558139536,0.3488372093023256,0.4418604651162791,39.05225910671899,12.901113294040604,1331,116,38.620520636513746,11.19842829076621,1357,110,36.04644639344862,7.596594629993452,1412,124,48.20135482561948,44.368041912246234,851,79
1261,179,92,"Majick, Eli",828663.0,NEW_ENG23,Sinker,L,101,258,43.86495803437065,26.72919109026964,40.5863234500516,15.130830489192263,-0.0006845399134557,-0.0015758181277581,42.88136765907493,42.88136765907493,17.4852652259332,-0.534986219283554,-0.0006845399134557,0.2762197451873108,626,87,37,35,4,20,11,6,0.11428571428571428,0.5405405405405406,0.2972972972972973,0.16216216216216217,59.51674517537493,84.34839554682384,240,21,44.28111337276768,32.05631958087754,1039,66,40.88199665976933,16.30648330058939,1280,108,65.86832102734935,94.4007858546169,87,7
1262,429,224,"Nakata, Yuto",1000432352.0,QUE_CAP,Four-Seam,R,115,243,36.701966691973226,7.620164126611957,57.29461250528247,78.04323094425484,0.0089152230362079,0.0013490157851663,42.879760435966,42.879760435966,17.41977734119188,-1.1596113935690475,0.0089152230362079,0.2930729818077922,789,242,45,27,5,10,10,25,0.18518518518518517,0.2222222222222222,0.2222222222222222,0.5555555555555556,39.850473300836924,15.160445317616242,1289,188,49.11437136819915,54.420432220039295,697,95,47.92565050298717,38.83431565160445,925,159,41.01987642951056,18.3366077275704,1240,175
1263,164,95,"Wehrle, Tyler",806332.0,WIN_CIT29,Changeup,L,51,65,43.988529154859386,27.198124267291917,40.24495292065978,14.050056882821387,-0.0008806746672495,0.0,42.8654562845995,42.8654562845995,17.354289456450555,-0.5242106048813603,-0.0008806746672495,0.2681730228578,622,95,15,14,0,10,0,5,0.0,0.6666666666666666,0.0,0.3333333333333333,67.30904157849375,94.8264571054355,89,7,36.49019003684828,5.50098231827112,1495,104,68.77486587891195,96.29993451211526,93,8,55.05640238554163,70.43222003929273,478,46
1264,290,124,"Escobar, Anthony",678673.0,TRO_AIG,Slider,L,100,249,42.05658478452606,20.39859320046893,44.53758405201056,32.081911262798634,0.0015856605245284,0.0,42.80088456477141,42.80088456477141,17.288801571709232,-0.6926794793146833,0.0015856605245284,0.280906804849984,680,163,27,21,3,13,4,10,0.14285714285714285,0.48148148148148145,0.14814814814814814,0.37037037037037035,55.8679714628034,73.60838244924689,405,47,46.228844206747524,41.87950229207596,901,117,54.87538896162876,70.17026850032744,457,51,52.71698139286979,62.835625409299276,571,59
1265,430,206,"Drakeford, Dosie",836144.0,NEW_JER6,Four-Seam,L,83,130,40.35622256537015,15.005861664712777,48.50168095225917,50.0,0.0038632360695821,0.0,42.799860081436854,42.799860081436854,17.223313686967913,-0.8409539915568345,0.0038632360695821,0.252360063894697,726,219,28,16,1,6,6,16,0.0625,0.21428571428571427,0.21428571428571427,0.5714285714285714,39.360141724450195,13.621480026195155,1322,188,40.7508512361792,16.30648330058939,1279,205,48.67026533784162,42.403405370006546,879,125,40.0172674326512,15.520628683693516,1294,190
1266,431,225,"Peters, Andrew",687107.0,NEW_JER6,Four-Seam,R,126,270,39.86248751389781,13.599062133645957,49.56251206766159,54.0386803185438,0.0044727375693364,0.0,42.77249488002694,42.77249488002694,17.157825802226586,-0.8840085378818265,0.0044727375693364,0.2741055644082178,738,223,40,30,6,11,11,18,0.2,0.275,0.275,0.45,43.11117828380867,26.751800916830387,1119,143,50.12430587470722,58.08775376555337,642,86,42.973961851205026,21.218074656188605,1204,202,47.68722625862532,41.87950229207596,888,91
1267,129,59,"Williams, Pierce",1000337420.0,NEW_ENG23,Curveball,L,65,151,38.75117611821981,11.957796014067997,52.12569919866515,63.25369738339022,0.0059454191091353,0.0,42.763533042353416,42.763533042353416,17.092337917485263,-0.9809168044187636,0.0059454191091353,0.2793889335315876,752,79,10,12,3,3,3,4,0.25,0.3,0.3,0.4,44.655722749426864,31.761624099541585,1044,63,53.53283483417195,69.25343811394892,464,43,40.62842512141349,15.553372626064178,1288,57,50.845444598732314,55.10805500982319,679,48
1268,165,70,"Hampton, Ky",673132.0,OTT_TIT,Changeup,R,90,228,47.64068261874467,42.555685814771394,31.29745954196492,1.5927189988623434,-0.0060214652739493,-0.009704131288885,42.73771569571074,42.73771569571074,17.026850032743944,-0.2057365365973134,-0.0060214652739493,0.2620034723612878,491,75,26,26,8,22,1,3,0.3076923076923077,0.8461538461538461,0.038461538461538464,0.11538461538461539,78.39807876754747,99.14865749836281,14,2,57.46575286432357,79.99345121152587,311,17,65.16634783307882,92.43614931237721,117,10,68.82299515011056,97.11853307138179,45,3
1269,291,125,"Soto, Carlos",666728.0,JOL_SLA,Slider,L,31,96,37.42434124340399,9.378663540445489,55.10120532972496,72.46871444823664,0.0076549989122512,0.0,42.72740046930028,42.72740046930028,16.96136214800262,-1.0966190893041896,0.0076549989122512,0.3017557437434074,774,177,4,5,0,0,2,2,0.0,0.0,0.5,0.5,26.121189162008505,0.45841519318926005,1519,143,36.49019003684828,5.50098231827112,1396,135,21.864131283081186,0.8185985592665358,1514,145,44.52900791851833,29.3713163064833,1071,96
1270,130,71,"Fauci, Sonny",688649.0,NEW_JER6,Curveball,R,48,99,40.04820995611314,14.06799531066823,48.72121472854198,50.96700796359499,0.0039893694040482,0.0,42.65011138784179,42.65011138784179,16.895874263261295,-0.8678132212477214,0.0039893694040482,0.3276736155274415,734,76,8,12,6,5,3,0,0.5,0.625,0.375,0.0,64.73480080246343,92.40340537000655,117,12,70.57547963149563,95.87426326129666,66,9,33.59181493203887,5.599214145383105,1439,78,76.11119131958824,98.91944990176817,10,2
1271,180,88,"Harper, Scott",1000241275.0,NEW_YOR13,Sinker,R,133,215,41.80072407759023,19.343493552168816,44.62836778927232,32.25255972696246,0.0016378204048439,0.0,42.649017191094856,42.649017191094856,16.830386378519975,-0.7149909733572143,0.0016378204048439,0.2669945285618291,689,103,37,35,5,17,7,13,0.14285714285714285,0.4594594594594595,0.1891891891891892,0.35135135135135137,54.50741177336997,70.00654878847413,459,61,46.228844206747524,41.87950229207596,900,44,51.02485819400301,53.07793058284217,719,65,53.918305686403976,66.4702030124427,513,62
1272,181,89,"Kaftan, Eddie",1000557510.0,FLO_Y'A,Sinker,R,73,128,41.05895760372726,17.702227432590856,46.24269612302213,39.87485779294653,0.0025653342439746,0.0,42.61407915951572,42.61407915951572,16.764898493778652,-0.7796742866363173,0.0025653342439746,0.2642203321147341,703,106,29,20,1,12,6,11,0.05,0.41379310344827586,0.20689655172413793,0.3793103448275862,51.686063075689006,59.299279633267844,623,76,39.89871899631302,13.392272429600524,1323,97,49.36352742546474,45.579567779960705,832,72,52.152293567052446,60.478061558611664,605,77
1273,292,167,"Parra, Andres",800365.0,LAK_ERI24,Slider,R,100,161,46.682638373945686,39.038686987104334,33.09084800595609,2.502844141069397,-0.0049910722711668,-0.0021395232497564,42.605101263548804,42.605101263548804,16.699410609037326,-0.2892796437680239,-0.0049910722711668,0.2663956530196988,521,141,40,30,4,14,9,17,0.13333333333333333,0.35,0.225,0.425,47.74481168066326,44.72822527832351,846,105,45.57960059542091,38.73608382449247,942,140,47.665035310788106,37.39358218729535,958,114,49.266335428678815,48.853962017026845,782,89
1274,432,226,"Gartland, Chad",1000103698.0,TRI_VAL,Four-Seam,R,43,119,36.26634165395979,6.565064478311841,57.39463316777852,78.32764505119454,0.0089726900004707,0.0,42.604829108105406,42.604829108105406,16.633922724296006,-1.197598646699134,0.0089726900004707,0.2763081842340134,798,244,17,13,1,5,4,8,0.07692307692307693,0.29411764705882354,0.23529411764705882,0.47058823529411764,44.29230052222259,30.12442698100851,1065,129,41.7340807437171,20.13752455795678,1215,198,46.69922606910924,33.49705304518664,1013,170,46.38678341269891,36.313032089063526,971,104
1275,166,96,"Hill, Kaleb",1000371973.0,OTT_TIT,Changeup,L,59,234,44.28433731152001,28.604923798358733,38.65575096932692,9.613196814562002,-0.0017937521200939,-0.0034256887810173,42.59576140886208,42.59576140886208,16.568434839554683,-0.4984156244636715,-0.0017937521200939,0.2615511231279817,610,92,16,12,1,9,3,4,0.08333333333333333,0.5625,0.1875,0.25,60.873439638417935,86.34577603143418,210,25,42.171071635956174,21.676489849377862,1200,83,51.18334040547541,53.798297314996724,713,61,60.32009961905328,84.61034708578913,255,23
1276,182,90,"Sanchez, Edwin",835958.0,LAK_ERI24,Sinker,R,150,217,41.94915489028527,19.69519343493552,44.08515748149548,29.522184300341294,0.001325718419462,0.0,42.58995566764833,42.58995566764833,16.50294695481336,-0.7020475510051296,0.001325718419462,0.2553036100607792,686,102,48,35,6,11,14,23,0.17142857142857143,0.22916666666666666,0.2916666666666667,0.4791666666666667,40.279513430175314,16.764898493778652,1272,122,48.17657504072737,50.81859855926653,752,31,41.41027069801067,17.68172888015717,1260,113,45.84493222689624,34.05370006548789,1008,109
1277,57,28,"Simpson, Garret",1000073158.0,EVA_OTT,Cutter,L,78,143,43.85711111025763,26.611957796014067,39.605224571409856,12.002275312855518,-0.0012482311827418,0.0,42.5815451486033,42.5815451486033,16.437459070072038,-0.535670484572651,-0.0012482311827418,0.2814552856764618,627,31,20,17,3,9,5,6,0.17647058823529413,0.45,0.25,0.3,53.92298954313605,68.69679109364768,481,13,48.52029224672381,51.7026850032744,740,13,45.319498580996566,28.127046496398165,1129,23,57.1618812789463,76.85003274394238,361,7
1278,293,168,"Soto, Carlos",666728.0,JOL_SLA,Slider,R,65,96,37.42434124340399,9.378663540445489,54.5605557997237,70.98976109215018,0.0073443682241117,0.0,42.5652056102999,42.5652056102999,16.371971185330715,-1.0966190893041896,0.0073443682241117,0.3017557437434074,774,177,18,16,1,9,5,4,0.0625,0.5,0.2777777777777778,0.2222222222222222,57.012078474372444,77.60314341846758,322,33,40.7508512361792,16.30648330058939,1276,162,42.71334665900597,20.726915520628683,1209,140,62.07466536355717,88.37590045841519,172,19
1279,433,227,"Wiltse, Ryan",813813.0,EVA_OTT,Four-Seam,R,245,474,39.47662170252275,13.012895662368113,49.694499643285816,54.436860068259385,0.0045485711531405,0.0,42.541985084751666,42.541985084751666,16.30648330058939,-0.9176567008014668,0.0045485711531405,0.2618101242915823,743,227,101,77,5,31,29,41,0.06493506493506493,0.3069306930693069,0.2871287128712871,0.40594059405940597,45.08391329435072,33.13686967910937,1022,114,40.91685102316612,16.96136214800262,1269,210,41.83602819021706,18.205631958087753,1250,207,50.47021073654138,53.24165029469549,715,52
1280,434,207,"Woolfolk, Dallas",663762.0,SCH_BOO,Four-Seam,L,49,101,37.38028669399957,9.14419695193435,54.41973371669778,70.70534698521047,0.0072634587658986,0.0,42.49212080080903,42.49212080080903,16.240995415848065,-1.1004607218407143,0.0072634587658986,0.2387968967889891,776,237,15,13,1,3,4,8,0.07692307692307693,0.2,0.26666666666666666,0.5333333333333333,38.47754488695408,11.100196463654225,1354,194,41.7340807437171,20.13752455795678,1216,187,43.75580742780221,23.18271119842829,1172,187,42.423529025113666,22.593320235756384,1183,160
1281,167,97,"Sabatine, Gino",1000229070.0,TRI_VAL,Changeup,L,199,287,37.06304698169807,8.558030480656505,55.131083346549175,72.75312855517633,0.0076721653544865,0.0036353422899811,42.4834578911534,42.4834578911534,16.175507531106746,-1.1281245707991423,0.0076721653544865,0.2940500996613491,781,113,58,57,2,29,10,19,0.03508771929824561,0.5,0.1724137931034483,0.3275862068965517,57.012078474372444,77.60314341846758,317,36,38.88214018384108,11.329404060248855,1355,93,52.59875050103927,60.37982973149967,603,52,55.41941598785278,73.14996725605762,411,42
1282,183,93,"Bradford, Ethan",688428.0,NEW_YOR13,Sinker,L,86,239,41.11669485869689,17.819460726846426,45.63735582260306,36.86006825938566,0.0022175354137837,0.0,42.47289314786874,42.47289314786874,16.110019646365423,-0.7746394986232829,0.0022175354137837,0.2597418561034753,702,105,28,23,4,16,6,6,0.17391304347826086,0.5714285714285714,0.21428571428571427,0.21428571428571427,61.425062661853005,87.3608382449247,193,16,48.345942939334314,51.21152586771447,746,35,48.67026533784162,42.403405370006546,881,72,62.57596986198685,89.62017026850033,160,16
1283,58,29,"Jones, Breyln",690202.0,NEW_JER6,Cutter,L,25,69,41.04966660076381,17.584994138335286,45.73517839632503,37.48577929465301,0.0022737394641058,0.0,42.455320139432175,42.455320139432175,16.0445317616241,-0.7804844780867775,0.0022737394641058,0.2826879002534042,704,33,5,7,1,3,2,0,0.14285714285714285,0.6,0.4,0.0,63.19025633684523,90.34053700065488,150,2,46.228844206747524,41.87950229207596,896,16,31.246278202247336,3.9292730844793713,1465,31,76.11119131958824,98.91944990176817,20,1
1284,131,60,"Kassebaum, Torin",10120793.0,LON_ISL22,Curveball,L,25,55,39.88130284214297,13.716295427901525,48.39460704752719,49.65870307167236,0.0038017166584608,0.0054012835032482,42.43529410375824,42.43529410375824,15.979043876882775,-0.8823678088731495,0.0038017166584608,0.3077671977260148,737,77,8,7,0,1,2,5,0.0,0.125,0.25,0.625,33.84391149009949,2.8159790438768826,1486,76,36.49019003684828,5.50098231827112,1434,74,45.319498580996566,28.127046496398165,1096,47,36.63346206825085,8.316961362148003,1398,72
1285,184,94,"Harper, Scott",1000241275.0,NEW_YOR13,Sinker,L,82,215,41.80072407759023,19.343493552168816,43.898658387171295,28.95335608646189,0.0012185651921075,0.0,42.43010437046455,42.43010437046455,15.913555992141454,-0.7149909733572143,0.0012185651921075,0.2669945285618291,689,103,29,24,2,13,6,10,0.08333333333333333,0.4482758620689655,0.20689655172413793,0.3448275862068966,53.81646923516238,68.36935166994105,485,48,42.171071635956174,21.676489849377862,1198,84,49.36352742546474,45.579567779960705,834,66,54.33037518091933,67.28880157170923,501,49
1286,168,71,"Trizuto, Colin",1000218135.0,WAG_SEA,Changeup,R,60,69,40.49119621833833,16.295427901524032,46.946994149672165,43.51535836177474,0.0029699893274129,6.787475908019702e-05,42.427935597738475,42.427935597738475,15.848068107400131,-0.8291840566959354,0.0029699893274129,0.2699457435542493,715,106,22,18,1,9,2,11,0.05555555555555555,0.4090909090909091,0.09090909090909091,0.5,51.39555314485173,58.08775376555337,642,59,40.277444436253546,14.505566470203012,1306,74,60.245641406942724,86.4112639161755,208,20,44.52900791851833,29.3713163064833,1089,76
1287,435,228,"Thiels, Brenton",816364.0,MIS_MUD,Four-Seam,R,82,193,37.47762093663343,9.613130128956625,53.73687948111436,68.48691695108077,0.006871124232476,0.0,42.3553984999777,42.3553984999777,15.782580222658806,-1.0919730083474342,0.006871124232476,0.2820715521246748,772,236,26,24,0,11,6,9,0.0,0.4230769230769231,0.23076923076923078,0.34615384615384615,52.25963396477799,61.95153896529142,581,31,36.49019003684828,5.50098231827112,1401,237,47.123757603913134,35.52717747216765,980,167,54.24660281115523,67.02685003274395,503,31
1288,436,208,"Rivera, Matthew",681344.0,NEW_ENG23,Four-Seam,L,51,143,39.365795600497,12.778429073856977,49.24508633786264,52.61660978384528,0.0042903603223232,0.0,42.329582821706694,42.329582821706694,15.717092337917485,-0.927320927656451,0.0042903603223232,0.2607187529432053,745,228,19,14,1,1,6,12,0.07142857142857142,0.05263157894736842,0.3157894736842105,0.631578947368421,29.37286172120471,0.9168303863785201,1514,246,41.3595171217979,18.696791093647676,1242,195,39.14703350259778,13.326784544859201,1324,215,36.21790702349993,7.400130975769483,1414,223
1289,437,209,"Williams, Brian",1000079778.0,MIS_MUD,Four-Seam,L,309,606,40.59840119337846,16.64712778429074,46.28186252852437,40.386803185438,0.0025878373385266,0.0,42.30343959392223,42.30343959392223,15.651604453176162,-0.8198355983469268,0.0025878373385266,0.2621527875974373,712,214,113,94,11,33,31,49,0.11702127659574468,0.2920353982300885,0.2743362831858407,0.4336283185840708,44.16365548604408,29.60052390307793,1076,131,44.46759823985085,32.38375900458415,1034,150,43.03623273783666,21.28356254092993,1203,191,48.72133314874885,45.841519318926,828,88
1290,294,126,"Parsons, Billy",698892.0,SUS_COU1,Slider,L,111,241,40.33264344311366,14.88862837045721,46.78963091120604,42.54835039817975,0.0028795761330235,0.0,42.269739683541374,42.269739683541374,15.586116568434841,-0.8430101316029323,0.0028795761330235,0.2506879075748935,727,172,24,29,10,3,9,12,0.3448275862068966,0.125,0.375,0.5,33.84391149009949,2.8159790438768826,1487,138,59.99728630901886,84.80681074001309,233,44,33.59181493203887,5.599214145383105,1442,131,44.52900791851833,29.3713163064833,1091,97
1291,438,229,"Woolfolk, Dallas",663762.0,SCH_BOO,Four-Seam,R,52,101,37.38028669399957,9.14419695193435,53.65596424673839,68.14562002275312,0.0068246343096324,0.0,42.26298995982121,42.26298995982121,15.520628683693516,-1.1004607218407143,0.0068246343096324,0.2387968967889891,776,237,16,15,1,4,3,9,0.06666666666666667,0.25,0.1875,0.5625,41.566633818190475,21.31630648330059,1190,164,41.034895316134595,17.452521283562543,1260,209,51.18334040547541,53.798297314996724,702,106,40.58123499338459,16.830386378519975,1271,183
1292,185,95,"Hill, Kaleb",1000371973.0,OTT_TIT,Sinker,L,130,379,40.45278780294699,16.178194607268466,46.47457946517589,41.12627986348123,0.0026985630329484,-0.0006038520435873,42.25932530161566,42.25932530161566,15.455140798952193,-0.8325333366281675,0.0026985630329484,0.2795350438911454,716,109,49,43,7,28,7,14,0.16279069767441862,0.5714285714285714,0.14285714285714285,0.2857142857142857,61.425062661853005,87.3608382449247,191,15,47.58772618394276,47.21676489849378,807,40,55.37179885153173,72.59332023575638,428,24,58.06422937611972,79.56777996070727,314,30
1293,132,61,"Nova, Fraynel",805843.0,LAK_ERI24,Curveball,L,25,51,39.25652126255652,12.42672919109027,49.24617427431464,52.67349260523322,0.0042909853972192,0.0,42.25341716608395,42.25341716608395,15.389652914210872,-0.9368498380122406,0.0042909853972192,0.2904253315400061,748,78,8,7,1,4,1,3,0.14285714285714285,0.5,0.125,0.375,57.012078474372444,77.60314341846758,343,27,46.228844206747524,41.87950229207596,885,63,57.04718222995426,78.42174197773411,330,20,52.424553768785806,61.55861165684349,584,42
1294,439,230,"Rodriguez, Esteban",701454.0,WAS_WIL3,Four-Seam,R,108,167,37.84645604749249,10.433763188745605,52.38361614374287,63.93629124004551,0.0060936055287778,0.0,42.2076040763676,42.2076040763676,15.324165029469548,-1.059809951826715,0.0060936055287778,0.2899858229507072,765,234,29,29,4,10,10,9,0.13793103448275862,0.3448275862068966,0.3448275862068966,0.3103448275862069,47.42525075674226,43.614931237721024,862,80,45.89302854571652,39.88212180746562,919,133,36.42263512316659,7.858546168958743,1408,236,56.50845679478623,74.98362802881466,382,18
1295,440,231,"Milburn, Isaac",830926.0,FLO_Y'A,Four-Seam,R,163,236,40.85768324210077,17.11606096131301,45.06911790939577,34.35722411831627,0.0018910537945245,0.0,42.12111364228927,42.12111364228927,15.258677144728225,-0.7972257574116635,0.0018910537945245,0.2696216898629398,708,211,61,53,3,21,13,27,0.05660377358490566,0.3442622950819672,0.21311475409836064,0.4426229508196721,47.39032606560335,43.352979698755725,866,82,40.348902066431,14.931237721021612,1300,214,48.780126542984085,43.38572364112639,865,138,48.153192898968975,44.20432220039292,853,81
1296,295,169,"Barker, Alex",1000106691.0,NEW_YOR13,Slider,R,71,166,45.94824316496049,35.40445486518171,33.14262260405454,2.5597269624573378,-0.0049613251278827,-1.1102230246251563e-16,42.1065569966887,42.1065569966887,15.193189259986903,-0.3533201700620675,-0.0049613251278827,0.2434771860771506,552,147,23,21,3,11,5,7,0.14285714285714285,0.4782608695652174,0.21739130434782608,0.30434782608695654,55.66899633035662,73.28094302554028,410,40,46.228844206747524,41.87950229207596,910,138,48.37889431550727,40.79895219384414,907,109,56.887253597197855,75.99869024230517,369,33
1297,59,30,"Thiels, Brenton",816364.0,MIS_MUD,Cutter,R,28,51,40.05884936172218,14.1852286049238,46.81274480131821,42.66211604095563,0.0028928562399924,0.0,42.085017993600985,42.085017993600985,15.12770137524558,-0.8668854467656404,0.0028928562399924,0.3143048178857885,733,34,5,5,0,2,0,3,0.0,0.4,0.0,0.6,50.83390061189966,55.664702030124424,677,17,36.49019003684828,5.50098231827112,1447,33,68.77486587891195,96.29993451211526,60,2,38.21257123830435,11.42763588736084,1355,32
1298,441,210,"Rodriguez, Leonardo",673164.0,NEW_JER6,Four-Seam,L,94,181,48.81898341882994,46.89331770222744,26.34129915314473,0.5688282138794084,-0.0088690318150783,-0.0048486603942834,42.07567813912437,42.07567813912437,15.062213490504256,-0.1029866786912081,-0.0088690318150783,0.2260439888391112,454,119,34,27,2,11,6,17,0.07407407407407407,0.3235294117647059,0.17647058823529413,0.5,46.10941165824399,36.804191224623445,967,102,41.53986256938863,19.384413883431563,1234,190,52.218136021559914,58.51342501637197,646,80,44.52900791851833,29.3713163064833,1123,143
1299,169,72,"Martzolf, Max",824782.0,OTT_TIT,Changeup,R,103,194,44.81540684445705,30.5978898007034,35.63133279893377,4.835039817974971,-0.0035314343807045,0.0,42.060184630800066,42.060184630800066,14.996725605762935,-0.4521054470933486,-0.0035314343807045,0.2470345759963518,593,89,40,26,0,8,7,25,0.0,0.2,0.175,0.625,38.47754488695408,11.100196463654225,1371,85,36.49019003684828,5.50098231827112,1517,85,52.356108770371186,59.43025540275049,622,45,36.63346206825085,8.316961362148003,1409,83
1300,186,91,"Jones, Logan",814785.0,TRI_VAL,Sinker,R,45,109,36.697098697431954,7.38569753810082,54.53871103202252,70.87599544937429,0.0073318172925993,0.0,42.04958239780912,42.04958239780912,14.931237721021612,-1.1600358910720343,0.0073318172925993,0.2879689896233329,791,125,17,18,1,7,1,9,0.05555555555555555,0.4117647058823529,0.058823529411764705,0.5294117647058824,51.560745066308215,58.808120497707925,629,77,40.277444436253546,14.505566470203012,1303,90,63.255955926461276,91.15913555992141,136,16,42.671232424337745,23.64112639161755,1165,115
1301,187,96,"Jones, Logan",1000577428.0,FLO_Y'A,Sinker,L,33,90,43.34027182324313,23.91559202813599,38.96041904578895,10.18202502844141,-0.0016187047946198,0.0,42.02631599000687,42.02631599000687,14.865749836280287,-0.5807397600048576,-0.0016187047946198,0.2366385034893263,650,93,10,11,0,4,2,4,0.0,0.4,0.2,0.4,50.83390061189966,55.664702030124424,696,68,36.49019003684828,5.50098231827112,1505,126,50.010572040579646,48.16633922724296,818,65,50.845444598732314,55.10805500982319,705,70
1302,188,92,"Andueza, Axel",672847.0,DOW_EAS1,Sinker,R,33,88,44.19121977591846,28.01875732708089,36.974505423769344,6.484641638225256,-0.0027597133052386,-0.0030061068759664,42.02620547027372,42.02620547027372,14.800261951538966,-0.5065356338457696,-0.0027597133052386,0.2722809806494055,615,84,10,13,2,8,0,2,0.15384615384615385,0.8,0.0,0.2,75.54661206179081,98.5592665356909,26,4,46.977971450585926,45.2521283562541,846,36,68.77486587891195,96.29993451211526,107,9,63.47831795916028,90.9954158480681,147,18
1303,189,93,"Townes, Holland",830218.0,SCH_BOO,Sinker,R,45,94,37.5446706555455,9.964830011723327,52.46145195191024,64.10693970420934,0.0061383261644415,0.0120169811274563,42.01970504445492,42.01970504445492,14.734774066797643,-1.086126157449631,0.0061383261644415,0.2725612429782565,769,122,18,13,3,3,7,8,0.23076923076923078,0.16666666666666666,0.3888888888888889,0.4444444444444444,36.418152266129816,6.221349050425671,1430,127,52.22186215745475,65.38965291421087,525,20,32.28873897104357,4.616895874263261,1457,127,48.038139407526096,43.28749181401441,862,95
1304,190,94,"Escobar, Anthony",678673.0,TRO_AIG,Sinker,R,71,153,37.98185520425716,10.785463071512307,51.4049324693973,60.80773606370876,0.0055313019173568,0.0,42.008778383799196,42.008778383799196,14.669286182056322,-1.0480029123023678,0.0055313019173568,0.3325776752883596,762,119,21,20,0,14,4,3,0.0,0.6666666666666666,0.19047619047619047,0.14285714285714285,67.30904157849375,94.8264571054355,77,12,36.49019003684828,5.50098231827112,1415,115,50.90410984240499,52.455795677799614,726,66,67.08771034785399,95.31761624099542,68,6
1305,191,97,"Morel, Yohanse",678353.0,OTT_TIT,Sinker,L,111,242,39.02714524002029,12.075029308323565,48.94987212563983,51.5358361774744,0.0041207447233027,0.0,42.00396330570615,42.00396330570615,14.603798297314995,-0.956851821988624,0.0041207447233027,0.3014976968877054,751,114,38,32,2,13,11,14,0.0625,0.34210526315789475,0.2894736842105263,0.3684210526315789,47.25706079678383,42.99279633267846,872,78,40.7508512361792,16.30648330058939,1278,97,41.61601953395729,17.976424361493123,1254,106,52.84010881353673,63.261296660117885,561,53
1306,296,127,"Encarnacion, J.D.",1000563022.0,EVA_OTT,Slider,L,65,143,43.62365675208855,25.67409144196952,38.06277369329913,8.361774744027302,-0.0021344477631718,0.0,41.955391834451724,41.955391834451724,14.538310412573674,-0.556028106436014,-0.0021344477631718,0.2529212321374398,635,156,19,12,1,4,8,7,0.08333333333333333,0.21052631578947367,0.42105263157894735,0.3684210526315789,39.127879398793326,13.097576948264573,1330,128,42.171071635956174,21.676489849377862,1202,130,29.27108937715973,2.75049115913556,1486,138,52.84010881353673,63.261296660117885,565,58
1307,297,128,"Godwin, Connor",802684.0,NEW_YOR13,Slider,L,42,93,43.40982297074021,24.267291910902696,38.37884711625523,8.930602957906713,-0.0019528474853075,0.0,41.90053021439471,41.90053021439471,14.472822527832353,-0.5746747802288833,-0.0019528474853075,0.2623689242486543,647,160,11,9,2,3,4,4,0.2222222222222222,0.2727272727272727,0.36363636363636365,0.36363636363636365,42.97076515057065,26.064178127046496,1138,110,51.63920763446932,63.42501637197119,571,91,34.65796799103503,6.614276358873608,1430,129,53.14233066426467,64.07989521938441,555,56
1308,170,98,"Martinez, Mason",809209.0,TRI_VAL,Changeup,L,65,76,38.14572898850354,11.019929660023449,50.64734569132108,58.02047781569966,0.0050960297324376,0.0098887516728869,41.8962139993488,41.8962139993488,14.407334643091026,-1.0337128362499433,0.0050960297324376,0.2852049728994919,760,111,19,21,4,8,6,5,0.19047619047619047,0.42105263157894735,0.3157894736842105,0.2631578947368421,52.13456963557814,61.55861165684349,589,63,49.4750622633806,55.631958087753766,680,46,39.14703350259778,13.326784544859201,1323,99,59.488989529551446,82.41650294695482,268,26
1309,133,72,"Sakurai, Masatoshi",1000429128.0,QUE_CAP,Curveball,R,72,177,43.61266793874337,25.55685814771395,37.82392906607925,7.622298065984073,-0.0022716761649269,0.0,41.87604627694413,41.87604627694413,14.341846758349705,-0.5569863498741002,-0.0022716761649269,0.2811991376442024,636,68,16,22,6,9,4,3,0.2727272727272727,0.5625,0.25,0.1875,60.873439638417935,86.34577603143418,211,25,55.082166179383194,74.03405370006548,407,43,45.319498580996566,28.127046496398165,1134,63,64.26787254418703,91.78127046496398,127,14
1310,442,232,"Bell, Jacob",1000200105.0,SCH_BOO,Four-Seam,R,59,98,35.12391561013628,5.041031652989449,57.61613706281608,78.89647326507395,0.0090999552684918,0.0,41.871582045940215,41.871582045940215,14.276358873608382,-1.2972201641101422,0.0090999552684918,0.2819670302239442,811,250,22,20,5,9,2,11,0.25,0.4090909090909091,0.09090909090909091,0.5,51.39555314485173,58.08775376555337,639,41,53.53283483417195,69.25343811394892,455,52,60.245641406942724,86.4112639161755,203,22,44.52900791851833,29.3713163064833,1066,132
1311,443,233,"Smith, Ben",814168.0,NEW_ENG23,Four-Seam,R,44,89,34.028841776341295,3.868698710433764,60.09494528013376,84.30034129692832,0.010524156825292,0.0007105637641731,41.848672827479035,41.848672827479035,14.210870988867061,-1.3927124873021366,0.010524156825292,0.2825947250551092,821,253,11,10,0,4,5,2,0.0,0.36363636363636365,0.45454545454545453,0.18181818181818182,48.58729048009137,47.2822527832351,804,67,36.49019003684828,5.50098231827112,1379,232,26.1287435190658,1.5717092337917484,1502,251,64.62676099192646,92.5343811394892,109,4
1312,444,211,"Allemann, Braeden",1000367619.0,QUE_CAP,Four-Seam,L,306,575,42.39053718709109,20.86752637749121,40.55049924834377,14.96018202502844,-0.0007051227417225,-4.163336342344337e-17,41.838525805466894,41.838525805466894,14.145383104125736,-0.6635582549987227,-0.0007051227417225,0.259939079222361,676,201,96,80,19,20,25,51,0.2375,0.20833333333333334,0.2604166666666667,0.53125,38.992393042160145,12.639161755075312,1338,191,52.68070259430577,66.86313032089063,507,49,44.34219161025009,24.62344466273739,1152,182,42.55512145595146,23.051735428945644,1177,158
1313,134,62,"Fauci, Sonny",688649.0,NEW_JER6,Curveball,L,51,99,40.04820995611314,14.06799531066823,46.00692136869895,38.45278725824801,0.0024298696405352,0.0,41.83582337988888,41.83582337988888,14.079895219384413,-0.8678132212477214,0.0024298696405352,0.3276736155274415,734,76,4,10,6,1,1,2,0.6,0.25,0.25,0.5,41.566633818190475,21.31630648330059,1211,65,77.39253755042509,98.75573018991487,21,5,45.319498580996566,28.127046496398165,1107,49,44.52900791851833,29.3713163064833,1094,63
1314,298,129,"Serrano, Elio",665939.0,NEW_JER6,Slider,L,42,128,42.05418182549451,20.281359906213364,41.248595544620336,17.235494880546078,-0.0003040308682135,0.0011930773956766,41.81250594123225,41.81250594123225,14.014407334643092,-0.692889021478304,-0.0003040308682135,0.2594753155015458,681,164,15,15,4,3,4,8,0.26666666666666666,0.2,0.26666666666666666,0.5333333333333333,38.47754488695408,11.100196463654225,1365,131,54.66901115399353,72.65880812049771,419,71,43.75580742780221,23.18271119842829,1178,110,42.423529025113666,22.593320235756384,1185,110
1315,135,73,"Quigley, Michael",808828.0,NEW_ENG23,Curveball,R,42,79,38.548486225117216,11.48886283704572,49.404802985715214,53.24232081911264,0.004382125670255,0.0,41.805381253296616,41.805381253296616,13.948919449901767,-0.998591711975296,0.004382125670255,0.2955601733006193,756,80,6,7,0,2,2,2,0.0,0.3333333333333333,0.3333333333333333,0.3333333333333333,46.71511537025113,39.91486574983628,914,70,36.49019003684828,5.50098231827112,1429,84,37.501042815024775,10.31434184675835,1366,74,55.05640238554163,70.43222003929273,447,52
1316,192,98,"Vitas, Ben",1000076969.0,JOL_SLA,Sinker,L,114,236,44.57155306346883,29.425556858147715,35.27689350262881,4.493742889647327,-0.0037350778066308,-0.0013969166986276,41.78315519521682,41.78315519521682,13.883431565160445,-0.4733699165264446,-0.0037350778066308,0.2521256340890823,603,83,41,36,3,6,8,27,0.08333333333333333,0.14634146341463414,0.1951219512195122,0.6585365853658537,35.16242505831015,4.518664047151278,1459,127,42.171071635956174,21.676489849377862,1203,85,50.4682377439536,50.72036673215455,755,55,34.5151448889108,5.73018991486575,1441,125
1317,136,63,"Bice, Emmett",828456.0,NEW_YOR13,Curveball,L,107,170,41.00179632167115,17.46776084407972,43.56324724796225,26.905574516496017,0.0010258544114621,0.0,41.77023159955848,41.77023159955848,13.817943680419123,-0.7846588488199047,0.0010258544114621,0.2955604938881289,705,74,17,15,1,10,5,2,0.06666666666666667,0.5882352941176471,0.29411764705882354,0.11764705882352941,62.46341188243667,88.99803536345776,170,19,41.034895316134595,17.452521283562543,1264,72,41.18031611665856,17.026850032743944,1270,56,68.6800893428659,97.02030124426982,46,13
1318,445,234,"Thompson, Ross",1000103401.0,SCH_BOO,Four-Seam,R,191,464,39.91748338368587,13.833528722157093,46.07695482518741,38.907849829351534,0.0024701074278163,-0.0061676356248427,41.76532481613633,41.76532481613633,13.7524557956778,-0.8792128033752071,0.0024701074278163,0.2633609825827501,736,222,73,55,7,23,16,34,0.12727272727272726,0.3150684931506849,0.2191780821917808,0.4657534246575342,45.58668105747071,35.494433529796986,986,106,45.16644557003124,37.262606417812705,959,148,48.21125619306833,40.242305173542896,914,153,46.692171165166954,38.1139489194499,946,98
1319,299,170,"Galva, Claudio",669996.0,GAT_GRI,Slider,R,93,192,40.2316813556525,14.77139507620164,44.99114515797598,33.8452787258248,0.0018462544779884,-1.1102230246251563e-16,41.659520496349536,41.659520496349536,13.686967910936476,-0.8518141994095466,0.0018462544779884,0.268623019793436,728,173,28,23,4,12,6,10,0.17391304347826086,0.42857142857142855,0.21428571428571427,0.35714285714285715,52.59909428689188,63.78519973804846,562,65,48.345942939334314,51.21152586771447,747,128,48.67026533784162,42.403405370006546,882,107,53.55248889025259,65.4551407989522,531,55
1320,193,95,"Jensik, CJ",10009752.0,WIN_CIT29,Sinker,R,35,62,42.51786908211534,21.21922626025792,39.61545844352157,12.05915813424346,-0.0012423513020428,0.0,41.6471458905372,41.6471458905372,13.621480026195155,-0.652454694583835,-0.0012423513020428,0.2574450149970101,673,98,8,10,0,6,1,1,0.0,0.75,0.125,0.125,72.4575231305544,97.60969220694172,45,6,36.49019003684828,5.50098231827112,1500,125,57.04718222995426,78.42174197773411,350,33,68.21564546932076,96.39816633922725,60,5
1321,60,31,"Simpson, Garret",1000073158.0,EVA_OTT,Cutter,R,65,143,43.85711111025763,26.611957796014067,36.42333472788603,5.7451649601820245,-0.0030763889389789,0.0,41.626978195546144,41.626978195546144,13.555992141453832,-0.535670484572651,-0.0030763889389789,0.2814552856764618,627,31,30,24,1,16,5,9,0.041666666666666664,0.5333333333333333,0.16666666666666666,0.3,59.071471095196706,83.33333333333334,258,7,39.33063083640223,12.14800261951539,1344,30,53.137954346968364,63.0648330058939,592,15,57.1618812789463,76.85003274394238,363,9
1322,137,74,"Kassebaum, Torin",10120793.0,LON_ISL22,Curveball,R,30,55,39.88130284214297,13.716295427901525,45.63436202701999,36.803185437997726,0.002215815325759,0.0,41.60722059760607,41.60722059760607,13.490504256712507,-0.8823678088731495,0.002215815325759,0.3077671977260148,737,77,8,8,0,4,2,2,0.0,0.5,0.25,0.25,57.012078474372444,77.60314341846758,357,43,36.49019003684828,5.50098231827112,1459,86,45.319498580996566,28.127046496398165,1109,59,60.32009961905328,84.61034708578913,240,28
1323,171,73,"Reeves, Cobe",802696.0,NEW_YOR13,Changeup,R,52,62,37.206100616258375,8.792497069167643,51.60858572908906,61.43344709897611,0.0056483110863091,0.0017417289677719,41.52684615010758,41.52684615010758,13.425016371971186,-1.1156500476358209,0.0056483110863091,0.3098085753975951,779,112,12,12,2,6,3,3,0.16666666666666666,0.5,0.25,0.25,57.012078474372444,77.60314341846758,330,33,47.85195323506406,49.08316961362148,767,43,45.319498580996566,28.127046496398165,1084,65,60.32009961905328,84.61034708578913,229,21
1324,138,64,"Good, Ty",688612.0,GAT_GRI,Curveball,L,62,155,43.06756787125804,22.50879249706917,37.8948154142638,7.906712172923777,-0.0022309483479321,0.0,41.515742134159765,41.515742134159765,13.359528487229863,-0.6045200140069538,-0.0022309483479321,0.257987444705734,662,71,10,16,6,4,0,6,0.375,0.4,0.0,0.6,50.83390061189966,55.664702030124424,697,49,62.05415723283379,87.06614276358874,205,29,68.77486587891195,96.29993451211526,102,9,38.21257123830435,11.42763588736084,1361,71
1325,194,96,"Toribio, Noe",672848.0,TRO_AIG,Sinker,R,175,428,36.62187657715529,7.268464243845251,52.91149086218522,66.04095563139933,0.0063968964371058,0.0023249313340922,41.50876086266427,41.50876086266427,13.294040602488538,-1.1665953894354946,0.0063968964371058,0.2854579120999856,792,126,59,52,7,23,14,22,0.1346153846153846,0.3898305084745763,0.23728813559322035,0.3728813559322034,50.20561133774988,53.503601833660774,711,85,45.66699877386872,39.16175507531106,930,47,46.512144375805825,32.74394237066143,1028,87,52.55837657980729,62.540929927963326,573,74
1326,172,74,"Westcott, Zac",686170.0,FLO_Y'A,Changeup,R,68,196,42.43394412415955,21.101992966002346,39.16664972833456,10.864618885096702,-0.00150021476498,-0.0046630334257994,41.45375580541205,41.45375580541205,13.228552717747217,-0.6597730953725888,-0.00150021476498,0.2634398706388808,674,102,30,22,1,13,5,12,0.045454545454545456,0.43333333333333335,0.16666666666666666,0.4,52.89329323272392,65.19318925998691,533,55,39.58885272727077,12.508185985592664,1337,77,53.137954346968364,63.0648330058939,587,43,50.845444598732314,55.10805500982319,703,54
1327,195,97,"Bradford, Ethan",688428.0,NEW_YOR13,Sinker,R,153,239,41.11669485869689,17.819460726846426,42.16031844306431,20.42093287827076,0.0002198003674031,0.0,41.42978193400712,41.42978193400712,13.163064833005894,-0.7746394986232829,0.0002198003674031,0.2597418561034753,702,105,45,30,7,16,8,21,0.23333333333333334,0.35555555555555557,0.17777777777777778,0.4666666666666667,48.08804378413397,45.61231172233137,832,96,52.39665851435038,66.0445317616241,521,18,52.095493578172125,57.531106745252124,651,56,46.63448681192299,37.6882776686313,956,102
1328,446,212,"Maher, Adam",1000133555.0,TRI_VAL,Four-Seam,L,57,191,45.06749149077537,31.535756154747947,32.89749320812652,2.2753128555176336,-0.0051021644493191,-0.0041701183256513,41.41649200598071,41.41649200598071,13.097576948264573,-0.430123232036172,-0.0051021644493191,0.2570621650251433,585,168,17,18,4,4,6,7,0.2222222222222222,0.23529411764705882,0.35294117647058826,0.4117647058823529,40.65807825017977,18.14014407334643,1254,171,51.63920763446932,63.42501637197119,573,56,35.661406164207875,7.400130975769483,1416,231,50.10233440106008,51.997380484610346,738,65
1329,196,99,"Tiburcio, David",696010.0,DOW_EAS1,Sinker,L,117,173,39.25776324551698,12.54396248534584,46.42758076692989,40.95563139931741,0.0026715598873472,0.0,41.40870850194086,41.40870850194086,13.032089063523248,-0.9367415349603372,0.0026715598873472,0.2749571310171187,747,112,33,37,2,11,7,15,0.05405405405405406,0.3333333333333333,0.21212121212121213,0.45454545454545453,46.71511537025113,39.91486574983628,921,83,40.17508620924259,13.916175507531106,1315,104,48.87334211098375,43.811394891944985,860,70,47.40011550043378,40.76620825147348,908,85
1330,197,98,"Potteiger, Jack",1000565185.0,JOL_SLA,Sinker,R,33,79,46.55670818177749,38.33528722157092,29.309107789036617,0.9101251422070534,-0.0071638746149395,0.0,41.382428063955224,41.382428063955224,12.966601178781925,-0.3002609732811961,-0.0071638746149395,0.2628030812760139,527,70,10,6,0,4,4,2,0.0,0.4,0.4,0.2,50.83390061189966,55.664702030124424,701,84,36.49019003684828,5.50098231827112,1524,130,31.246278202247336,3.9292730844793713,1477,128,63.47831795916028,90.9954158480681,148,19
1331,173,75,"Noble, Nick",1000397875.0,FDU_KNI,Changeup,R,25,71,42.113674217383945,20.5158264947245,39.60285368632368,11.945392491467576,-0.0012495933769636,-0.004425792180389,41.360428058065864,41.360428058065864,12.901113294040604,-0.6877011825048505,-0.0012495933769636,0.3031559944317546,679,103,9,9,0,5,3,1,0.0,0.5555555555555556,0.3333333333333333,0.1111111111111111,60.444399509079545,85.85461689587426,221,19,36.49019003684828,5.50098231827112,1501,84,37.501042815024775,10.31434184675835,1393,81,69.0929283415727,97.2822527832351,44,2
1332,198,99,"Marynczak, Arlo",837346.0,TRI_VAL,Sinker,R,27,53,38.5506596751456,11.72332942555686,47.87602017716437,46.81456200227531,0.0035037620918481,0.0,41.34826782575123,41.34826782575123,12.83562540929928,-0.9984021833917917,0.0035037620918481,0.281418128648012,754,115,8,8,1,2,1,5,0.125,0.25,0.125,0.625,41.566633818190475,21.31630648330059,1207,116,45.01151243551012,35.59266535690897,989,51,57.04718222995426,78.42174197773411,333,32,36.63346206825085,8.316961362148003,1400,125
1333,300,130,"Pindel, Buddie",1000054422.0,SCH_BOO,Slider,L,34,173,43.53533660532092,24.73622508792497,35.9299961889281,5.119453924914676,-0.0033598370534012,-0.0012692291121662,41.253734480403075,41.253734480403075,12.770137524557956,-0.5637297752543353,-0.0033598370534012,0.2609443328983073,643,159,11,5,0,1,3,7,0.0,0.09090909090909091,0.2727272727272727,0.6363636363636364,31.73771449152922,1.309757694826457,1508,140,36.49019003684828,5.50098231827112,1516,145,43.18719246300426,21.807465618860512,1199,112,35.915685172771994,7.039947609692207,1423,134
1334,301,131,"Smith, Donny",1000381366.0,JOL_SLA,Slider,L,37,66,43.55796034814886,24.970691676436108,35.806669457472424,4.948805460750854,-0.0034306945411678,0.0,41.232573080945926,41.232573080945926,12.704649639816633,-0.5617569459388443,-0.0034306945411678,0.2454593995465367,641,158,6,10,5,3,1,2,0.5,0.5,0.16666666666666666,0.3333333333333333,57.012078474372444,77.60314341846758,391,45,70.57547963149563,95.87426326129666,78,14,53.137954346968364,63.0648330058939,595,65,55.05640238554163,70.43222003929273,486,50
1335,447,235,"Almonte, Dawil",805044.0,EVA_OTT,Four-Seam,R,89,142,36.92260972571478,8.089097303634233,51.20542627588768,59.954493742889646,0.0054166754491199,0.0,41.207454690766646,41.207454690766646,12.639161755075312,-1.1403709412471317,0.0054166754491199,0.2967107535501,785,240,18,16,4,4,6,8,0.25,0.2222222222222222,0.3333333333333333,0.4444444444444444,39.850473300836924,15.160445317616242,1294,189,53.53283483417195,69.25343811394892,466,53,37.501042815024775,10.31434184675835,1365,233,48.038139407526096,43.28749181401441,864,82
1336,139,65,"Huter, Blayne",1000145980.0,SUS_COU1,Curveball,L,47,103,44.54106838060248,29.308323563892145,33.28491257170496,2.6166097838452784,-0.0048795722951992,-0.0037463203345091,41.164221637933224,41.164221637933224,12.573673870333987,-0.4760282333438509,-0.0048795722951992,0.2717872372501975,604,64,17,15,3,7,4,6,0.2,0.4117647058823529,0.23529411764705882,0.35294117647058826,51.560745066308215,58.808120497707925,634,44,50.12430587470722,58.08775376555337,662,55,46.69922606910924,33.49705304518664,1024,46,53.81788538942124,66.17550753110675,521,40
1337,448,236,"Carroll, Jake",1000088275.0,JOL_SLA,Four-Seam,R,111,241,36.7891773017256,7.854630715123095,51.33683145935755,60.40955631399317,0.0054921744189724,0.0,41.15347354901518,41.15347354901518,12.508185985592664,-1.1520064782882362,0.0054921744189724,0.2933236544580169,787,241,29,34,10,7,7,15,0.29411764705882354,0.2413793103448276,0.2413793103448276,0.5172413793103449,41.03403227832213,18.99148657498363,1237,176,56.540360386640835,77.70137524557956,341,36,46.1283043498902,32.121807465618865,1037,177,43.439967111584885,25.67125081859856,1136,145
1338,199,100,"Williams, Pierce",1000337420.0,NEW_ENG23,Sinker,R,54,83,41.95816557279176,19.81242672919109,39.10026387334344,10.580204778156997,-0.0015383568194429,-0.0014236462675568,41.10079506295726,41.10079506295726,12.442698100851342,-0.7012618039810149,-0.0015383568194429,0.2741412512256161,685,101,23,18,1,6,6,11,0.05555555555555555,0.2608695652173913,0.2608695652173913,0.4782608695652174,42.23817489019839,23.510150622134905,1170,111,40.277444436253546,14.505566470203012,1311,93,44.299700002826334,24.459724950884087,1156,101,45.902146327260496,34.25016371971185,1007,108
1339,140,75,"Voytko, Fawster",1000207039.0,TRO_AIG,Curveball,R,33,65,33.90533473993612,3.751465416178194,57.87133778745015,79.63594994311718,0.0092465810811631,0.0014562792449202,41.09513565419033,41.09513565419033,12.37721021611002,-1.4034825134619402,0.0092465810811631,0.3306389582429181,822,85,8,9,2,4,0,4,0.2222222222222222,0.5,0.0,0.5,57.012078474372444,77.60314341846758,311,34,51.63920763446932,63.42501637197119,552,47,68.77486587891195,96.29993451211526,26,3,44.52900791851833,29.3713163064833,1065,76
1340,141,76,"Barker, Alex",1000106691.0,NEW_YOR13,Curveball,R,57,90,41.22313072862279,18.17116060961313,40.74550433344143,15.642775881683733,-0.0005930823894921,0.0,41.079842810068385,41.079842810068385,12.311722331368696,-0.7653581075640497,-0.0005930823894921,0.2630199711799771,699,73,19,15,2,7,3,9,0.13333333333333333,0.3684210526315789,0.15789473684210525,0.47368421052631576,48.88289707638193,48.23182711198428,793,66,45.57960059542091,38.73608382449247,938,60,53.960949690754866,66.86313032089063,510,36,46.191228097522014,35.396201702685005,988,74
1341,200,101,"Pindel, Buddie",1000054422.0,SCH_BOO,Sinker,R,96,188,39.23230906625554,12.3094958968347,45.346896642761465,35.665529010238906,0.0020506518230213,0.0,41.06668533920732,41.06668533920732,12.246234446627374,-0.9389611832046906,0.0020506518230213,0.2815955398109875,749,113,29,29,3,14,8,7,0.10344827586206896,0.4827586206896552,0.27586206896551724,0.2413793103448276,55.946875394635754,73.7721021611002,402,55,43.542318918499454,27.79960707269155,1104,63,42.89308127431567,21.152586771447282,1205,106,60.86462002252001,86.37851997380484,209,30
1342,142,77,"Nova, Fraynel",805843.0,LAK_ERI24,Curveball,R,26,51,39.25652126255652,12.42672919109027,45.273890115757865,35.43799772468714,0.0020087058553225,0.0,41.06173191851692,41.06173191851692,12.180746561886052,-0.9368498380122406,0.0020087058553225,0.2904253315400061,748,78,5,7,1,2,2,1,0.14285714285714285,0.4,0.4,0.2,50.83390061189966,55.664702030124424,681,60,46.228844206747524,41.87950229207596,897,59,31.246278202247336,3.9292730844793713,1467,80,63.47831795916028,90.9954158480681,138,17
1343,302,171,"Bradford, Ethan",688428.0,NEW_YOR13,Slider,R,75,145,43.5643695209126,25.205158264947247,35.21112434243765,4.379977246871445,-0.0037728655385252,-0.0007340344652101,41.05839596737012,41.05839596737012,12.115258677144729,-0.5611980550421204,-0.0037728655385252,0.287381421769494,639,157,18,23,10,11,4,3,0.43478260869565216,0.6111111111111112,0.2222222222222222,0.16666666666666666,63.876720543786654,91.45383104125737,133,11,66.12957229306336,91.87950229207597,125,23,47.92565050298717,38.83431565160445,952,113,65.58379685256494,93.77865094957433,104,8
1344,449,213,"Lovin, Xander",815234.0,GAT_GRI,Four-Seam,L,141,314,37.49261349704063,9.730363423212191,49.34697725521551,53.07167235494881,0.004348901843246,0.0,41.04892262449309,41.04892262449309,12.049770792403406,-1.0906656312741287,0.004348901843246,0.2864328604059873,771,235,37,41,2,21,9,7,0.04878048780487805,0.5675675675675675,0.24324324324324326,0.1891891891891892,61.18652297604324,86.70595939751145,204,7,39.81558414364315,12.999345121152587,1329,214,45.95342742688617,31.43418467583497,1047,162,64.16117597864287,91.683038637852,128,5
1345,19,11,"Nakata, Yuto",1000432352.0,QUE_CAP,Splitter,L,80,110,42.23221238899739,20.63305978898007,38.22944193756038,8.589306029579067,-0.0020386883690857,0.0,41.03138125356628,41.03138125356628,11.984282907662083,-0.6773644499074953,-0.0020386883690857,0.2991443010643028,678,11,21,27,12,5,7,9,0.4444444444444444,0.23809523809523808,0.3333333333333333,0.42857142857142855,40.831136453610384,18.631303208906353,1243,12,66.78822523209035,92.63261296660119,120,7,37.501042815024775,10.31434184675835,1394,14,49.04074840438546,47.511460379829735,818,11
1346,450,214,"Baker, Luke",694914.0,EVA_OTT,Four-Seam,L,49,87,37.94312284207818,10.66822977725674,48.19060877414217,48.69169510807736,0.0036845092615716,0.0,41.01736862169738,41.01736862169738,11.91879502292076,-1.0513804409520724,0.0036845092615716,0.3087907328786404,763,233,16,12,3,4,6,6,0.25,0.25,0.375,0.375,41.566633818190475,21.31630648330059,1204,157,53.53283483417195,69.25343811394892,470,45,33.59181493203887,5.599214145383105,1440,236,52.424553768785806,61.55861165684349,587,42
1347,174,76,"Matos, Dwayne",684228.0,OTT_TIT,Changeup,R,78,235,42.66245688845864,21.570926143024614,37.1568919231882,6.598407281001138,-0.0026549229730955,0.0,41.01078739887751,41.01078739887751,11.853307138179437,-0.6398463890003594,-0.0026549229730955,0.2518668599600275,670,101,15,13,3,6,4,5,0.23076923076923078,0.4,0.26666666666666666,0.3333333333333333,50.83390061189966,55.664702030124424,699,63,52.22186215745475,65.38965291421087,537,28,43.75580742780221,23.18271119842829,1180,69,55.05640238554163,70.43222003929273,485,44
1348,303,132,"Thiels, Brenton",816364.0,MIS_MUD,Slider,L,47,86,36.34172757158134,6.916764361078546,51.79459418568466,62.116040955631405,0.0057551824173022,0.0,40.977587555812335,40.977587555812335,11.787819253438114,-1.1910248649252653,0.0057551824173022,0.3225964415857088,795,179,9,9,2,5,2,2,0.2222222222222222,0.5555555555555556,0.2222222222222222,0.2222222222222222,60.444399509079545,85.85461689587426,215,25,51.63920763446932,63.42501637197119,557,88,47.92565050298717,38.83431565160445,929,86,62.07466536355717,88.37590045841519,177,16
1349,304,172,"Gollert, Harley",1000114236.0,TRO_AIG,Slider,R,39,71,40.88948517748506,17.23329425556858,41.143313154843845,16.89419795221843,-0.000364520962758,-1.1102230246251563e-16,40.96563357069269,40.96563357069269,11.722331368696791,-0.7944525739073853,-0.000364520962758,0.2826116369946472,707,168,9,10,2,1,3,5,0.2,0.1111111111111111,0.3333333333333333,0.5555555555555556,32.985831231422715,1.899148657498363,1501,175,50.12430587470722,58.08775376555337,655,115,37.501042815024775,10.31434184675835,1391,165,41.01987642951056,18.3366077275704,1254,147
1350,201,102,"Matos, Dwayne",684228.0,OTT_TIT,Sinker,R,131,342,37.52118255252142,9.84759671746776,48.98119610733124,51.59271899886234,0.0041387419459915,0.0,40.95918661896436,40.95918661896436,11.656843483955468,-1.0881743604619982,0.0041387419459915,0.2875420893978875,770,123,44,44,4,18,7,19,0.09090909090909091,0.4090909090909091,0.1590909090909091,0.4318181818181818,51.39555314485173,58.08775376555337,640,78,42.687515417693255,23.346430910281597,1171,70,53.848723052965795,66.53569089718403,512,46,48.8356692913915,46.16895874263262,823,92
1351,451,215,"Frey, Hayden",839374.0,TOL_ROC,Four-Seam,L,26,55,39.60743565748325,13.130128956623684,43.984264160736,29.408418657565417,0.0012677500685857,-4.163336342344337e-17,40.92048420845907,40.92048420845907,11.591355599214145,-0.9062494987666768,0.0012677500685857,0.3228829543118137,742,226,8,10,1,6,1,1,0.1,0.75,0.125,0.125,72.4575231305544,97.60969220694172,40,2,43.307247955777754,26.39161755075311,1131,169,57.04718222995426,78.42174197773411,341,35,68.21564546932076,96.39816633922725,54,3
1352,305,133,"Thornton, Tyler",1000429124.0,NEW_ENG23,Slider,L,63,138,40.08455319829605,14.302461899179368,42.78804888993301,24.00455062571104,0.0005804634769714,0.0,40.89560190578713,40.89560190578713,11.525867714472822,-0.8646440279739236,0.0005804634769714,0.2923168921570344,732,175,17,17,3,9,3,5,0.17647058823529413,0.5294117647058824,0.17647058823529413,0.29411764705882354,58.829189610393854,82.87491814014408,265,29,48.52029224672381,51.7026850032744,738,106,52.218136021559914,58.51342501637197,640,69,57.53343637778241,78.12704649639817,338,34
1353,20,9,"Nakata, Yuto",1000432352.0,QUE_CAP,Splitter,R,30,110,42.23221238899739,20.63305978898007,37.76979930353489,7.508532423208192,-0.0023027764701245,0.0,40.893488463358636,40.893488463358636,11.4603798297315,-0.6773644499074953,-0.0023027764701245,0.2991443010643028,678,11,7,9,4,7,0,0,0.4444444444444444,1.0,0.0,0.0,80.0,99.77079240340537,6,1,66.78822523209035,92.63261296660119,121,5,68.77486587891195,96.29993451211526,104,2,76.11119131958824,98.91944990176817,29,1
1354,452,216,"Okumura, Shuto",1000232749.0,WAS_WIL3,Four-Seam,L,25,60,43.60749315694295,25.43962485345838,34.4790717692285,3.526734926052332,-0.0041934670223916,0.0,40.868966740628615,40.868966740628615,11.394891944990176,-0.5574375997541394,-0.0041934670223916,0.2752442451623981,637,188,9,6,0,2,4,3,0.0,0.2222222222222222,0.4444444444444444,0.3333333333333333,39.850473300836924,15.160445317616242,1309,183,36.49019003684828,5.50098231827112,1519,246,27.076435127062382,1.899148657498363,1501,243,55.05640238554163,70.43222003929273,487,34
1355,202,103,"Morel, Yohanse",678353.0,OTT_TIT,Sinker,R,131,242,39.02714524002029,12.075029308323565,45.10636619426021,34.58475540386804,0.0019124548310878,0.0,40.850911526292265,40.850911526292265,11.329404060248855,-0.956851821988624,0.0019124548310878,0.3014976968877054,751,114,37,36,2,22,9,6,0.05555555555555555,0.5945945945945946,0.24324324324324326,0.16216216216216217,62.85630077671157,89.52193844138834,161,25,40.277444436253546,14.505566470203012,1308,92,45.95342742688617,31.43418467583497,1048,90,65.86832102734935,94.4007858546169,86,11
1356,143,78,"Brodsky, Jack",1000302079.0,WAS_WIL3,Curveball,R,32,83,36.33404978222284,6.799531066822978,51.31332254375082,60.352673492605234,0.0054786673497397,0.0,40.82783161068124,40.82783161068124,11.26391617550753,-1.1916943813726455,0.0054786673497397,0.3268322966023865,796,84,7,5,2,3,2,2,0.4,0.42857142857142855,0.2857142857142857,0.2857142857142857,52.59909428689188,63.78519973804846,552,55,63.758421712566154,89.19449901768172,165,19,41.96873182415151,19.05697445972495,1237,70,58.06422937611972,79.56777996070727,306,35
1357,203,104,"Campbell, Tyler",809429.0,MIS_MUD,Sinker,R,100,124,37.71351814823189,10.316529894490037,48.05264688519788,47.95221843003413,0.0036052431305168,0.0,40.815256769321685,40.815256769321685,11.19842829076621,-1.0714023654602918,0.0036052431305168,0.2745376611276992,766,121,27,28,2,13,4,10,0.07142857142857142,0.48148148148148145,0.14814814814814814,0.37037037037037035,55.8679714628034,73.60838244924689,404,56,41.3595171217979,18.696791093647676,1243,81,54.87538896162876,70.17026850032744,455,43,52.71698139286979,62.835625409299276,570,73
1358,61,32,"Salata, Derek",1000057774.0,SCH_BOO,Cutter,R,72,139,36.83232118325858,7.971864009378664,50.0243320835834,56.20022753128555,0.0047380766871601,0.0,40.78992445335602,40.78992445335602,11.132940406024886,-1.148244257557578,0.0047380766871601,0.3080258294668335,786,36,20,18,0,6,7,7,0.0,0.3,0.35,0.35,44.655722749426864,31.761624099541585,1047,28,36.49019003684828,5.50098231827112,1424,31,35.93735166183042,7.531106745252128,1413,32,54.003662938839305,66.633922724296,511,13
1359,204,100,"Pindel, Buddie",1000054422.0,SCH_BOO,Sinker,L,92,188,39.23230906625554,12.3094958968347,44.4019790788908,31.456200227531284,0.0015077485616432,0.0,40.78321007004612,40.78321007004612,11.067452521283561,-0.9389611832046906,0.0015077485616432,0.2815955398109875,749,113,41,28,1,14,8,19,0.03571428571428571,0.34146341463414637,0.1951219512195122,0.4634146341463415,47.217406253379,42.79633267845448,873,79,38.92485357932309,11.42763588736084,1354,109,50.4682377439536,50.72036673215455,754,54,46.8398993868893,38.179436804191226,945,92
1360,306,134,"Gorgen, Grady",1000138303.0,NEW_YOR13,Slider,L,53,124,34.388211996494675,4.220398593200469,55.62186497079594,73.83390216154721,0.0079541443911938,0.0,40.758307888785055,40.758307888785055,11.00196463654224,-1.361374785542303,0.0079541443911938,0.3091498441928842,818,182,12,15,3,5,3,4,0.2,0.4166666666666667,0.25,0.3333333333333333,51.863596922311785,60.28159790438769,602,60,50.12430587470722,58.08775376555337,630,98,45.319498580996566,28.127046496398165,1071,96,55.05640238554163,70.43222003929273,430,43
1361,205,101,"Linderman, Greyson",1000124562.0,JOL_SLA,Sinker,L,48,78,35.56784956467473,5.509964830011723,52.82722110476684,65.69965870307168,0.0063484791699417,0.0,40.745661026702365,40.745661026702365,10.936476751800917,-1.258508359157434,0.0063484791699417,0.3102578484283272,807,132,17,19,3,8,4,5,0.15789473684210525,0.47058823529411764,0.23529411764705882,0.29411764705882354,55.194967338351034,72.52783235101506,417,40,47.25396569831587,46.29993451211526,820,41,46.69922606910924,33.49705304518664,1015,87,57.53343637778241,78.12704649639817,336,35
1362,453,217,"Almonte, Dawil",805044.0,EVA_OTT,Four-Seam,L,53,142,36.92260972571478,8.089097303634233,49.523595514700254,53.811149032992034,0.0044503780277931,0.00027086676404,40.70290546241042,40.70290546241042,10.870988867059594,-1.1403709412471317,0.0044503780277931,0.2967107535501,785,240,22,14,1,7,5,10,0.07142857142857142,0.3181818181818182,0.22727272727272727,0.45454545454545453,45.77902781533101,36.05108055009823,976,104,41.3595171217979,18.696791093647676,1240,193,47.45180469898887,36.86967910936477,963,141,47.40011550043378,40.76620825147348,900,99
1363,206,105,"Parsons, Billy",698892.0,SUS_COU1,Sinker,R,30,61,40.394820792022,15.240328253223916,41.40955100609629,17.633674630261662,-0.0002115537587671,-0.0067679978557471,40.69923985624429,40.69923985624429,10.805500982318271,-0.8375881597559743,-0.0002115537587671,0.2578462734309096,724,110,13,12,2,4,1,8,0.16666666666666666,0.3076923076923077,0.07692307692307693,0.6153846153846154,45.130967200386316,33.66077275703995,1019,105,47.85195323506406,49.08316961362148,792,32,61.55782978724568,88.73608382449247,179,20,37.24081174904066,9.528487229862476,1387,123
1364,454,218,"Thompson, Ross",1000103401.0,SCH_BOO,Four-Seam,L,272,464,39.91748338368587,13.833528722157093,42.45241741502041,22.468714448236632,0.0003876261022435,-0.0028736309288294,40.67796359308623,40.67796359308623,10.740013097576949,-0.8792128033752071,0.0003876261022435,0.2633609825827501,736,222,76,62,17,25,17,34,0.27419354838709675,0.32894736842105265,0.2236842105263158,0.4473684210526316,46.44414265698478,37.32809430255403,958,100,55.182123040364566,74.7871643745907,386,33,47.78848461235608,37.59004584151932,954,138,47.85344827652569,42.2724296005239,883,98
1365,207,102,"Kaftan, Eddie",1000557510.0,FLO_Y'A,Sinker,L,55,128,41.05895760372726,17.702227432590856,39.77329116588498,12.571103526734923,-0.0011516683652453,0.0,40.673257672374575,40.673257672374575,10.674525212835626,-0.7796742866363173,-0.0011516683652453,0.2642203321147341,703,106,18,16,1,5,4,9,0.0625,0.2777777777777778,0.2222222222222222,0.5,43.282794335544025,27.079240340537,1117,99,40.7508512361792,16.30648330058939,1284,99,47.92565050298717,38.83431565160445,947,77,44.52900791851833,29.3713163064833,1116,105
1366,455,237,"Martzolf, Max",824782.0,OTT_TIT,Four-Seam,R,51,71,43.25334199196142,23.329425556858148,34.607898034654006,3.811149032992037,-0.0041194497722898,-0.0014785854978673,40.659708804769195,40.659708804769195,10.609037328094303,-0.5883201909197404,-0.0041194497722898,0.2473538426480245,655,194,21,17,3,2,4,15,0.17647058823529413,0.09523809523809523,0.19047619047619047,0.7142857142857143,32.005168078649255,1.37524557956778,1507,250,48.52029224672381,51.7026850032744,742,106,50.90410984240499,52.455795677799614,732,109,30.99378646091694,2.75049115913556,1490,242
1367,208,106,"Linderman, Greyson",1000124562.0,JOL_SLA,Sinker,R,30,78,35.56784956467473,5.509964830011723,52.53669302166213,64.39135381114903,0.0061815559907457,0.0,40.65850260177095,40.65850260177095,10.54354944335298,-1.258508359157434,0.0061815559907457,0.3102578484283272,807,132,7,10,2,5,2,0,0.2,0.7142857142857143,0.2857142857142857,0.0,70.25103103681414,96.62737393582186,49,7,50.12430587470722,58.08775376555337,639,24,41.96873182415151,19.05697445972495,1235,109,76.11119131958824,98.91944990176817,5,1
1368,456,219,"Bell, Jacob",1000200105.0,SCH_BOO,Four-Seam,L,39,98,35.12391561013628,5.041031652989449,53.5309928925102,67.80432309442548,0.0067528319023289,0.0,40.64603879484845,40.64603879484845,10.478061558611657,-1.2972201641101422,0.0067528319023289,0.2819670302239442,811,250,12,11,2,2,5,5,0.18181818181818182,0.16666666666666666,0.4166666666666667,0.4166666666666667,36.418152266129816,6.221349050425671,1428,219,48.88484079853823,53.208906352324824,708,83,29.682587049052977,2.9469548133595285,1482,241,49.79270515202998,50.75311067452522,748,69
1369,457,238,"Morrissey, Joe",1000570088.0,EVA_OTT,Four-Seam,R,79,151,40.780594748474805,16.881594372801874,40.10317811695129,13.48122866894198,-0.000962131512013,-0.0061676356248427,40.57736975901775,40.57736975901775,10.412573673870334,-0.8039480067436597,-0.000962131512013,0.26899243974167,710,212,26,21,2,9,6,11,0.09523809523809523,0.34615384615384615,0.23076923076923078,0.4230769230769231,47.507189455183536,43.94237066142764,859,78,42.98262615011444,24.49246889325475,1159,186,47.123757603913134,35.52717747216765,996,168,49.38780536483678,49.115913555992144,780,69
1370,307,135,"Vitas, Ben",1000076969.0,JOL_SLA,Slider,L,81,154,40.44927150499024,15.943728018757328,40.85270354208466,15.927189988623436,-0.0005314909848925,0.0,40.570301116118564,40.570301116118564,10.347085789129011,-0.8328399638623896,-0.0005314909848925,0.2621510811766374,718,170,14,18,5,4,6,4,0.2777777777777778,0.2857142857142857,0.42857142857142855,0.2857142857142857,43.773125911930755,28.323510150622134,1106,106,55.426462033874586,75.2128356254093,384,70,28.565664796771294,2.4230517354289454,1492,141,58.06422937611972,79.56777996070727,323,32
1371,144,66,"Villalobos, Jonaiker",665690.0,FLO_Y'A,Curveball,L,51,110,37.40399940680408,9.26143024618992,47.93150362128377,47.2127417519909,0.0035356401560483,0.0,40.562250671147986,40.562250671147986,10.281597904387688,-1.0983929324688877,0.0035356401560483,0.2738555979657646,775,82,9,3,1,3,1,5,0.3333333333333333,0.3333333333333333,0.1111111111111111,0.5555555555555556,46.71511537025113,39.91486574983628,917,56,59.21371643327984,83.00589390962672,261,31,58.35025819094956,82.31827111984283,272,14,41.01987642951056,18.3366077275704,1247,67
1372,458,220,"Gilleran, Jimmy",10103730.0,NEW_ENG23,Four-Seam,L,38,101,36.70045933046438,7.502930832356388,49.39347825386573,53.18543799772469,0.0043756190350835,0.0006114778933871,40.508365007484784,40.508365007484784,10.216110019646365,-1.15974283808715,0.0043756190350835,0.2812967441612246,790,243,16,14,1,5,4,7,0.07142857142857142,0.3125,0.25,0.4375,45.427994982235965,34.937786509495744,997,111,41.3595171217979,18.696791093647676,1241,194,45.319498580996566,28.127046496398165,1092,171,48.476780843652065,45.284872298624755,838,92
1373,308,173,"Catrambone, Ben",1000565186.0,JOL_SLA,Slider,R,77,108,30.855652260099347,2.344665885111372,62.99720352141088,89.87485779294653,0.0121916519855009,0.0034406039099376,40.4981176384928,40.4981176384928,10.150622134905042,-1.669420074939698,0.0121916519855009,0.3471820909201246,834,185,17,19,5,4,5,8,0.2631578947368421,0.23529411764705882,0.29411764705882354,0.47058823529411764,40.65807825017977,18.14014407334643,1249,150,54.429816139294246,72.13490504256713,425,81,41.18031611665856,17.026850032743944,1264,146,46.38678341269891,36.313032089063526,967,116
1374,459,221,"Estrella, Noah",805762.0,TRI_VAL,Four-Seam,L,130,200,39.04734839578086,12.192262602579133,43.73418500388283,27.986348122866893,0.0011240668574259,-0.0004928371728837,40.453399378211444,40.453399378211444,10.085134250163721,-0.9550900720318192,0.0011240668574259,0.2654840734041386,750,229,51,36,2,11,8,32,0.05555555555555555,0.21568627450980393,0.1568627450980392,0.6274509803921569,39.4466708261655,13.883431565160445,1316,186,40.277444436253546,14.505566470203012,1309,212,54.05777267237681,67.19056974459725,502,57,36.4786474437358,7.727570399476097,1410,221
1375,209,107,"Shinn, Nathan",1000490914.0,LAK_ERI24,Sinker,R,25,50,44.64004618895471,29.77725674091442,30.65347604050496,1.3083048919226392,-0.0063914665910844,-0.0114513926370058,40.444075144419784,40.444075144419784,10.019646365422396,-0.4673971980909573,-0.0063914665910844,0.2410932286062289,600,82,7,8,1,6,0,1,0.125,0.8571428571428571,0.0,0.14285714285714285,79.07699941177526,99.27963326784544,13,3,45.01151243551012,35.59266535690897,1008,54,68.77486587891195,96.29993451211526,113,11,67.08771034785399,95.31761624099542,78,8
1376,210,108,"Perez, Kelvin",692487.0,WAS_WIL3,Sinker,R,52,109,40.83278692757572,16.998827667057444,39.30678237176009,11.319681456200229,-0.0014197014249278,0.0,40.37498556083103,40.37498556083103,9.954158480681075,-0.7993967588907847,-0.0014197014249278,0.3024615397944516,709,107,21,20,1,15,0,6,0.05,0.7142857142857143,0.0,0.2857142857142857,70.25103103681414,96.62737393582186,56,9,39.89871899631302,13.392272429600524,1326,100,68.77486587891195,96.29993451211526,96,7,58.06422937611972,79.56777996070727,324,43
1377,460,222,"Rodriguez, Esteban",701454.0,WAS_WIL3,Four-Seam,L,58,167,37.84645604749249,10.433763188745605,46.26669064521235,40.1023890784983,0.0025791203189195,0.0,40.37252642680844,40.37252642680844,9.88867059593975,-1.059809951826715,0.0025791203189195,0.2899858229507072,765,234,20,17,0,9,5,6,0.0,0.45,0.25,0.3,53.92298954313605,68.69679109364768,480,29,36.49019003684828,5.50098231827112,1452,236,45.319498580996566,28.127046496398165,1103,174,57.1618812789463,76.85003274394238,354,23
1378,461,223,"Hickey, Matt",806277.0,GAT_GRI,Four-Seam,L,55,89,36.148616822989865,6.330597889800703,50.22687387270165,56.76905574516496,0.0048544472596651,0.0,40.3720939379034,40.3720939379034,9.823182711198427,-1.2078644545924195,0.0048544472596651,0.2831965546382545,800,246,16,14,3,3,2,11,0.21428571428571427,0.1875,0.125,0.6875,37.705272654144984,9.037328094302556,1389,203,51.09817129169714,61.62409954158481,586,59,57.04718222995426,78.42174197773411,326,34,32.685689143117116,3.43811394891945,1475,234
1379,211,109,"O'Brien, Keenan",1000245579.0,SUS_COU1,Sinker,R,28,60,32.59164896289366,3.048065650644783,58.412766825273415,80.65984072810012,0.0095576596362435,0.005378852917824,40.33798432160758,40.33798432160758,9.757694826457106,-1.5180381743887734,0.0095576596362435,0.2683119043229376,828,137,10,10,3,5,3,2,0.3,0.5,0.3,0.2,57.012078474372444,77.60314341846758,310,42,56.94136379363668,78.68369351669942,319,8,40.62842512141349,15.553372626064178,1283,116,63.47831795916028,90.9954158480681,131,17
1380,462,239,"Nettleton, Blake",10067637.0,WIN_CIT29,Four-Seam,R,96,231,34.02941710825736,3.985932004689332,54.96716050051389,72.12741751990899,0.0075779833314936,0.0,40.310740125934316,40.310740125934316,9.692206941715781,-1.3926623173687722,0.0075779833314936,0.3138298884868497,820,252,37,31,2,11,5,21,0.06451612903225806,0.2972972972972973,0.13513513513513514,0.5675675675675675,44.488744969360035,30.97576948264571,1055,127,40.888291920028585,16.863130320890633,1270,211,56.09628896111985,75.44204322200393,376,48,40.261145296752126,16.142763588736084,1282,188
1381,309,136,"Kostura, Brit",1000146015.0,WAS_WIL3,Slider,L,29,56,41.79087753198302,19.22626025791325,36.84845007617288,6.200227531285552,-0.0028321385219357,0.0,40.30814929523998,40.30814929523998,9.62671905697446,-0.7158496090824327,-0.0028321385219357,0.2728850677446217,690,166,7,5,2,3,2,2,0.4,0.42857142857142855,0.2857142857142857,0.2857142857142857,52.59909428689188,63.78519973804846,572,56,63.758421712566154,89.19449901768172,173,32,41.96873182415151,19.05697445972495,1247,118,58.06422937611972,79.56777996070727,326,33
1382,463,240,"Oe, Ryoya",1000551188.0,OTT_TIT,Four-Seam,R,40,58,38.413466334273,11.254396248534585,44.72473506371864,32.593856655290104,0.0016931883116195,0.0,40.306846953106685,40.306846953106685,9.561231172233137,-1.0103656788585722,0.0016931883116195,0.2831818358357408,758,232,17,11,0,7,2,8,0.0,0.4117647058823529,0.11764705882352941,0.47058823529411764,51.560745066308215,58.808120497707925,632,39,36.49019003684828,5.50098231827112,1468,248,57.73704597401059,80.74656188605108,295,35,46.38678341269891,36.313032089063526,979,107
1383,175,77,"Sechrist, Zander",801415.0,WAS_WIL3,Changeup,R,178,207,37.016736362740886,8.440797186400937,47.83743403226332,46.70079635949943,0.0034815923865619,0.0,40.26294566359761,40.26294566359761,9.495743287491814,-1.132162936483906,0.0034815923865619,0.2936109520093749,782,114,52,48,10,18,17,17,0.20833333333333334,0.34615384615384615,0.3269230769230769,0.3269230769230769,47.507189455183536,43.94237066142764,856,70,50.692394034618005,60.41257367387033,608,32,38.10246248933029,12.508185985592664,1337,77,55.46130217273483,73.28094302554028,409,39
1384,310,137,"Gartland, Chad",1000103698.0,TRI_VAL,Slider,L,27,85,36.95791526233468,8.206330597889801,47.94624029766195,47.38339021615472,0.0035441071271085,0.0,40.25441277293286,40.25441277293286,9.430255402750491,-1.1372922376845678,0.0035441071271085,0.2497805945032739,784,178,6,7,0,1,1,4,0.0,0.16666666666666666,0.16666666666666666,0.6666666666666666,36.418152266129816,6.221349050425671,1435,135,36.49019003684828,5.50098231827112,1440,137,53.137954346968364,63.0648330058939,567,60,34.001613451495025,4.715127701375246,1458,137
1385,21,12,"Eldred, Zach",1000227712.0,NEW_ENG23,Splitter,L,45,80,37.55963037768712,10.0820633059789,46.52267970156159,41.35381114903299,0.0027261990683078,0.0,40.24854517484946,40.24854517484946,9.364767518009169,-1.0848216439296077,0.0027261990683078,0.3091475669928873,768,12,8,15,9,8,0,0,0.6,1.0,0.0,0.0,80.0,99.77079240340537,3,1,77.39253755042509,98.75573018991487,20,2,68.77486587891195,96.29993451211526,64,2,76.11119131958824,98.91944990176817,19,1
1386,311,138,"Delaney, Carter",1000039247.0,WIN_CIT29,Slider,L,28,73,41.70825874358695,19.10902696365768,36.83920873351136,6.143344709897611,-0.00283744814392,0.0,40.247543740564275,40.247543740564275,9.299279633267846,-0.723054109637347,-0.00283744814392,0.2980121739522219,691,167,5,8,4,3,0,2,0.5,0.6,0.0,0.4,63.19025633684523,90.34053700065488,158,17,70.57547963149563,95.87426326129666,77,13,68.77486587891195,96.29993451211526,108,18,50.845444598732314,55.10805500982319,708,72
1387,212,110,"Potteiger, Jack",1000095892.0,JOL_SLA,Sinker,R,32,74,43.45700549342968,24.384525205158265,32.33991512021276,2.04778156996587,-0.0054225214560842,0.0,40.121878381464605,40.121878381464605,9.233791748526523,-0.5705603830379083,-0.0054225214560842,0.2601122684074262,646,92,7,10,1,7,0,0,0.1,1.0,0.0,0.0,80.0,99.77079240340537,8,2,43.307247955777754,26.39161755075311,1142,66,68.77486587891195,96.29993451211526,110,10,76.11119131958824,98.91944990176817,33,3
1388,213,111,"Nova, Fraynel",805843.0,LAK_ERI24,Sinker,R,33,126,37.91245983353162,10.550996483001173,45.24361653969076,35.153583617747444,0.0019913121441578,0.0,40.11180684537936,40.11180684537936,9.1683038637852,-1.0540543080757343,0.0019913121441578,0.2942436651661658,764,120,14,14,0,5,5,4,0.0,0.35714285714285715,0.35714285714285715,0.2857142857142857,48.186110099411316,46.10347085789129,826,94,36.49019003684828,5.50098231827112,1462,119,35.2671983104614,7.138179436804191,1420,121,58.06422937611972,79.56777996070727,315,41
1389,145,79,"Williams, Pierce",1000337420.0,NEW_ENG23,Curveball,R,86,151,38.75117611821981,11.957796014067997,43.08521148214258,24.914675767918087,0.0007511985195177,0.0,40.05138672739664,40.05138672739664,9.102815979043877,-0.9809168044187636,0.0007511985195177,0.2793889335315876,752,79,28,26,1,16,7,5,0.038461538461538464,0.5714285714285714,0.25,0.17857142857142858,61.425062661853005,87.3608382449247,196,23,39.112135390282695,11.591355599214145,1352,80,45.319498580996566,28.127046496398165,1118,60,64.83184010492042,92.99279633267845,108,13
1390,464,224,"Walsh, John",1000208173.0,MIS_MUD,Four-Seam,L,33,79,38.72353461952022,11.840562719812429,43.08604038101424,25.02844141069397,0.000751674764132,-0.0070117221442892,40.03228634796843,40.03228634796843,9.037328094302556,-0.9833271906830257,0.000751674764132,0.2398138193794269,753,230,9,5,1,4,0,5,0.2,0.4444444444444444,0.0,0.5555555555555556,53.579757439665336,67.3215455140799,505,31,50.12430587470722,58.08775376555337,651,73,68.77486587891195,96.29993451211526,78,8,41.01987642951056,18.3366077275704,1249,179
1391,214,112,"Figueredo, Kevin",1000210447.0,WIN_CIT29,Sinker,R,112,209,41.58955460493664,18.75732708089097,36.37023414064603,5.517633674630262,-0.0031068979305523,-0.0008328947190632,40.02375846564946,40.02375846564946,8.97184020956123,-0.7334053148459869,-0.0031068979305523,0.2718199847447606,694,104,47,35,3,19,11,17,0.08571428571428572,0.40425531914893614,0.23404255319148937,0.3617021276595745,51.09680179753679,57.236411263916175,654,81,42.33338253878783,22.20039292730845,1189,73,46.816649685118826,34.05370006548789,1008,86,53.26450545498447,64.63654223968565,541,66
1392,312,139,"Sabatine, Gino",1000229070.0,TRI_VAL,Slider,L,26,138,40.45270697798401,16.060961313012896,39.01631081185271,10.352673492605232,-0.0015865921286684,0.0,40.021788128144614,40.021788128144614,8.906352324819908,-0.8325403847040587,-0.0015865921286684,0.2916704703988234,717,169,11,12,2,2,4,5,0.16666666666666666,0.18181818181818182,0.36363636363636365,0.45454545454545453,37.35423982104994,8.284217419777342,1403,134,47.85195323506406,49.08316961362148,797,111,34.65796799103503,6.614276358873608,1429,128,47.40011550043378,40.76620825147348,913,87
1393,465,225,"Belton, Hunter",10294453.0,MIS_MUD,Four-Seam,L,68,129,40.118879942824265,14.419695193434936,39.74196055353205,12.343572241183162,-0.0011696693975869,0.0,40.005804126036594,40.005804126036594,8.840864440078585,-0.8616506767664918,-0.0011696693975869,0.2967973512686597,731,220,21,23,0,8,3,10,0.0,0.38095238095238093,0.14285714285714285,0.47619047619047616,49.657104828571505,50.8513425016372,753,62,36.49019003684828,5.50098231827112,1499,243,55.37179885153173,72.59332023575638,446,51,46.03292141380737,34.70857891290111,998,121
1394,215,113,"Whitesell, Max",1000223610.0,FLO_Y'A,Sinker,R,45,73,40.581125867802754,16.529894490035172,38.60688901731976,9.49943117178612,-0.001821825799869,0.0,39.98885481265785,39.98885481265785,8.775376555337262,-0.8213420364721127,-0.001821825799869,0.286187641766315,713,108,17,11,0,4,5,8,0.0,0.23529411764705882,0.29411764705882354,0.47058823529411764,40.65807825017977,18.14014407334643,1253,119,36.49019003684828,5.50098231827112,1506,127,41.18031611665856,17.026850032743944,1273,115,46.38678341269891,36.313032089063526,981,103
1395,216,103,"Donnan, Blake",1000557509.0,FLO_Y'A,Sinker,L,86,170,38.09148778277879,10.902696365767875,44.39871806763567,31.399317406143343,0.0015058749446067,0.0,39.983656868235855,39.983656868235855,8.70988867059594,-1.0384427627512838,0.0015058749446067,0.2949345860181447,761,118,19,22,0,6,6,7,0.0,0.3157894736842105,0.3157894736842105,0.3684210526315789,45.63122451718573,35.72364112639162,984,92,36.49019003684828,5.50098231827112,1471,122,39.14703350259778,13.326784544859201,1326,113,52.84010881353673,63.261296660117885,563,54
1396,466,241,"Voytko, Fawster",1000207039.0,TRO_AIG,Four-Seam,R,65,144,37.26159729002913,8.909730363423213,46.08636760507843,39.02161547212742,0.0024755155492195,-0.0008844308152409,39.909028384543916,39.909028384543916,8.644400785854616,-1.1108106421599069,0.0024755155492195,0.2922584243395486,778,238,22,16,3,9,3,10,0.1875,0.4090909090909091,0.13636363636363635,0.45454545454545453,51.39555314485173,58.08775376555337,643,42,49.27217363484103,54.91159135559921,690,92,55.98102917095811,75.18009168303864,381,50,47.40011550043378,40.76620825147348,909,93
1397,217,114,"Moore, Kyle",1000517760.0,SCH_BOO,Sinker,R,44,86,43.17934284321067,22.743259085580306,32.16347293024767,1.9908987485779293,-0.0055238964797258,-0.0031167003299919,39.874581869321766,39.874581869321766,8.578912901113293,-0.594773044061113,-0.0055238964797258,0.2994597999227183,660,96,13,14,2,6,5,2,0.14285714285714285,0.46153846153846156,0.38461538461538464,0.15384615384615385,54.63585621957522,70.6286836935167,458,60,46.228844206747524,41.87950229207596,911,46,32.68968542058059,4.846103470857891,1456,126,66.39359642695135,94.79371316306484,82,9
1398,467,226,"Carroll, Jake",1000088275.0,JOL_SLA,Four-Seam,L,130,241,36.7891773017256,7.854630715123095,47.061861367564525,44.141069397042095,0.0030359863938276,0.0,39.87098252147727,39.87098252147727,8.513425016371972,-1.1520064782882362,0.0030359863938276,0.2933236544580169,787,241,23,29,7,7,5,11,0.2413793103448276,0.30434782608695654,0.21739130434782608,0.4782608695652174,44.924339178230035,32.80943025540275,1027,119,52.94515742736769,67.35428945645056,500,48,48.37889431550727,40.79895219384414,905,130,45.902146327260496,34.25016371971185,1006,124
1399,218,104,"Perez, Kelvin",692487.0,WAS_WIL3,Sinker,L,57,109,40.83278692757572,16.998827667057444,37.3281165054746,6.882821387940842,-0.0025565457307776,-0.0122046449353653,39.78138580094538,39.78138580094538,8.447937131630647,-0.7993967588907847,-0.0025565457307776,0.3024615397944516,709,107,18,17,2,11,4,3,0.11764705882352941,0.6111111111111112,0.2222222222222222,0.16666666666666666,63.876720543786654,91.45383104125737,132,12,44.510258176765305,32.678454485920106,1032,65,47.92565050298717,38.83431565160445,950,78,65.58379685256494,93.77865094957433,101,11
1400,468,242,"Gaskey, Blake",1000362764.0,NIU_HUS,Four-Seam,R,33,62,29.26384685154089,1.7584994138335288,64.31927799638945,91.29692832764503,0.0129512510994282,0.0094450061945038,39.78047619499546,39.78047619499546,8.382449246889326,-1.808228246445408,0.0129512510994282,0.3458713210116838,839,260,10,10,3,3,2,5,0.3,0.3,0.2,0.5,44.655722749426864,31.761624099541585,1036,122,56.94136379363668,78.68369351669942,318,33,50.010572040579646,48.16633922724296,768,117,44.52900791851833,29.3713163064833,1047,125
1401,469,227,"Bice, Emmett",828456.0,NEW_YOR13,Four-Seam,L,136,201,39.768577282700576,13.481828839390388,39.62616797267096,12.1160409556314,-0.0012361981321522,-8.326672684688674e-17,39.72585448969169,39.72585448969169,8.316961362148003,-0.8921976716842878,-0.0012361981321522,0.2812753181030819,739,224,56,46,4,19,13,24,0.08695652173913043,0.3392857142857143,0.23214285714285715,0.42857142857142855,47.082864052541176,42.46889325474787,880,86,42.4180664880913,22.4950884086444,1184,183,46.9948819594191,34.64309102815979,999,149,49.04074840438546,47.511460379829735,816,85
1402,219,115,"Sechrist, Zander",801415.0,WAS_WIL3,Sinker,R,66,98,40.163305277444906,14.536928487690504,38.5776570114007,9.385665529010238,-0.0018386210759406,-3.831512895718925e-05,39.68761079763164,39.68761079763164,8.25147347740668,-0.8577767111209006,-0.0018386210759406,0.2693160256814113,730,111,32,22,1,11,8,13,0.045454545454545456,0.34375,0.25,0.40625,47.35867556425871,43.222003929273086,869,100,39.58885272727077,12.508185985592664,1338,102,45.319498580996566,28.127046496398165,1131,98,50.45066730621894,53.143418467583494,717,89
1403,220,105,"Nova, Fraynel",805843.0,LAK_ERI24,Sinker,L,93,126,37.91245983353162,10.550996483001173,43.69901558589802,27.87258248009101,0.0011038602357535,0.0,39.648426559241535,39.648426559241535,8.185985592665357,-1.0540543080757343,0.0011038602357535,0.2942436651661658,764,120,28,23,1,17,5,6,0.043478260869565216,0.6071428571428571,0.17857142857142858,0.21428571428571427,63.631554755593285,91.15913555992141,136,13,39.454128262469794,12.311722331368696,1340,107,52.021032094686674,57.26915520628684,655,44,62.57596986198685,89.62017026850033,161,17
1404,313,174,"Eldred, Zach",1000227712.0,NEW_ENG23,Slider,R,77,169,35.46936660434287,5.275498241500586,49.36853318206221,53.12855517633675,0.004361286820978,-0.0014422936605476,39.63911657765867,39.63911657765867,8.120497707924033,-1.2670962428111994,0.004361286820978,0.297289045753675,809,180,20,18,4,9,1,10,0.2222222222222222,0.45,0.05,0.5,53.92298954313605,68.69679109364768,479,51,51.63920763446932,63.42501637197119,563,105,64.08379241932887,91.84675834970531,125,16,44.52900791851833,29.3713163064833,1083,131
1405,176,99,"Steinhauer, Ryan",1000424762.0,NEW_JER6,Changeup,L,36,93,39.67072464549598,13.36459554513482,39.38056315304504,11.490329920364047,-0.0013773106087146,0.0,39.583676197760695,39.583676197760695,8.055009823182711,-0.9007305900764184,-0.0013773106087146,0.2606346343433212,740,108,14,10,0,7,4,3,0.0,0.5,0.2857142857142857,0.21428571428571427,57.012078474372444,77.60314341846758,382,43,36.49019003684828,5.50098231827112,1503,106,41.96873182415151,19.05697445972495,1246,95,62.57596986198685,89.62017026850033,162,15
1406,314,175,"Miranda, Kevin",806656.0,OTT_TIT,Slider,R,46,78,31.56666570578544,2.696365767878077,58.27767894140007,80.48919226393629,0.0094800447674638,0.0,39.57996967646983,39.57996967646983,7.989521938441388,-1.6074184786509664,0.0094800447674638,0.3380501686634028,831,184,10,4,0,2,4,4,0.0,0.2,0.4,0.4,38.47754488695408,11.100196463654225,1350,162,36.49019003684828,5.50098231827112,1382,171,31.246278202247336,3.9292730844793713,1461,172,50.845444598732314,55.10805500982319,666,78
1407,221,116,"Rodriguez, Joe Joe",689487.0,NEW_JER6,Sinker,R,94,192,36.95941201468904,8.32356389214537,45.61376426207383,36.689419795221845,0.0022039808608343,0.0011525620415936,39.55571768890448,39.55571768890448,7.9240340537000655,-1.1371617183029976,0.0022039808608343,0.2881565312326467,783,124,37,31,2,18,8,11,0.06451612903225806,0.4864864864864865,0.21621621621621623,0.2972972972972973,56.17718957403828,74.06679764243614,397,54,40.888291920028585,16.863130320890633,1271,82,48.48914281044459,41.22462344466274,900,80,57.33259578381694,77.60314341846758,343,47
1408,222,117,"Hill, Kaleb",1000371973.0,OTT_TIT,Sinker,R,249,379,40.45278780294699,16.178194607268466,37.42003092735813,6.996587030716723,-0.0025037362145656,-7.66302579143785e-05,39.54296074027033,39.54296074027033,7.858546168958743,-0.8325333366281675,-0.0025037362145656,0.2795350438911454,716,109,92,73,4,32,34,26,0.0547945205479452,0.34782608695652173,0.3695652173913043,0.2826086956521739,47.610503466261676,44.368041912246234,852,99,40.225564239001415,14.079895219384413,1313,94,34.101714221124,6.286836935166994,1432,124,58.260392005940034,80.48461034708579,299,40
1409,315,140,"Valdez, Alex",677678.0,EVA_OTT,Slider,L,63,129,43.21646681048463,22.97772567409144,30.90387161041995,1.4789533560864618,-0.0062476015845069,0.0,39.52268825046522,39.52268825046522,7.7930582842174205,-0.5915357702155601,-0.0062476015845069,0.2414279903158341,658,162,7,13,6,4,0,3,0.46153846153846156,0.5714285714285714,0.0,0.42857142857142855,61.425062661853005,87.3608382449247,203,22,67.95353427806121,94.10609037328095,92,19,68.77486587891195,96.29993451211526,111,20,49.04074840438546,47.511460379829735,821,80
1410,146,67,"Eldred, Zach",1000227712.0,NEW_ENG23,Curveball,L,56,81,37.64058766312566,10.199296600234469,43.74606893802421,28.10011376564277,0.0011308947827922,0.0,39.47223204559522,39.47223204559522,7.727570399476097,-1.0777620292924357,0.0011308947827922,0.3160762291068887,767,81,9,10,1,2,2,5,0.1,0.2222222222222222,0.2222222222222222,0.5555555555555556,39.850473300836924,15.160445317616242,1301,68,43.307247955777754,26.39161755075311,1132,69,47.92565050298717,38.83431565160445,940,45,41.01987642951056,18.3366077275704,1248,68
1411,470,228,"Morrissey, Joe",1000570088.0,EVA_OTT,Four-Seam,L,72,151,40.780594748474805,16.881594372801874,36.38734445946039,5.631399317406143,-0.0030970671810322,-0.0038761406154162,39.462619661770475,39.462619661770475,7.662082514734774,-0.8039480067436597,-0.0030970671810322,0.26899243974167,710,212,21,23,2,5,6,10,0.08695652173913043,0.23809523809523808,0.2857142857142857,0.47619047619047616,40.831136453610384,18.631303208906353,1245,169,42.4180664880913,22.4950884086444,1188,184,41.96873182415151,19.05697445972495,1248,200,46.03292141380737,34.70857891290111,1001,122
1412,223,106,"Chapple, Bronson",1000218472.0,TRO_AIG,Sinker,L,54,128,38.355186926118776,11.137162954279017,42.044884607844935,19.96587030716724,0.0001534777504784,0.0,39.462096230636625,39.462096230636625,7.596594629993452,-1.015447743562479,0.0001534777504784,0.291522004392305,759,117,21,15,1,8,5,8,0.06666666666666667,0.38095238095238093,0.23809523809523808,0.38095238095238093,49.657104828571505,50.8513425016372,752,72,41.034895316134595,17.452521283562543,1265,96,46.436420833278255,32.580222658808125,1032,90,52.04857539496355,60.216110019646365,611,59
1413,471,243,"Grills, Evan",592361.0,OTT_TIT,Four-Seam,R,37,51,37.16546057958868,8.675263774912075,44.81202848029804,32.76450511945392,0.0017433428249546,-0.0010259415733682,39.45943094980149,39.45943094980149,7.531106745252128,-1.1191939287846815,0.0017433428249546,0.264279491725494,780,239,10,14,3,2,4,4,0.21428571428571427,0.2,0.4,0.4,38.47754488695408,11.100196463654225,1362,211,51.09817129169714,61.62409954158481,590,76,31.246278202247336,3.9292730844793713,1469,246,50.845444598732314,55.10805500982319,692,49
1414,177,78,"McEvoy, Aidan",1000079355.0,FLO_Y'A,Changeup,R,54,54,34.668097185343726,4.454865181711607,50.5487195900304,57.79294653014789,0.0050393640146068,0.0,39.432283906749724,39.432283906749724,7.465618860510806,-1.336968315325036,0.0050393640146068,0.2761635903114985,816,117,16,15,1,7,2,7,0.06666666666666667,0.4375,0.125,0.4375,53.150717310326954,65.88081204977078,520,53,41.034895316134595,17.452521283562543,1261,72,57.04718222995426,78.42174197773411,325,29,48.476780843652065,45.284872298624755,836,60
1415,224,118,"Chapple, Bronson",1000218472.0,TRO_AIG,Sinker,R,74,128,38.355186926118776,11.137162954279017,41.53409818527881,18.031854379977247,-0.0001399950616288,-0.0015413685669404,39.30886030386679,39.30886030386679,7.400130975769483,-1.015447743562479,-0.0001399950616288,0.291522004392305,759,117,28,20,1,12,6,10,0.05,0.42857142857142855,0.21428571428571427,0.35714285714285715,52.59909428689188,63.78519973804846,568,69,39.89871899631302,13.392272429600524,1324,98,48.67026533784162,42.403405370006546,888,78,53.55248889025259,65.4551407989522,532,64
1416,472,229,"Sohosky, Zac",1000224033.0,MIA_RED,Four-Seam,L,34,58,39.61308461627964,13.247362250879249,38.566527192334966,9.328782707622295,-0.0018450157237917,-0.0048353285233915,39.29911738909624,39.29911738909624,7.334643091028161,-0.9057568998364166,-0.0018450157237917,0.2714320342626657,741,225,16,10,1,7,4,5,0.1,0.4375,0.25,0.3125,53.150717310326954,65.88081204977078,525,33,43.307247955777754,26.39161755075311,1138,171,45.319498580996566,28.127046496398165,1132,178,56.37232669391955,74.59070072036673,392,26
1417,225,119,"Heredia-Bustos, Rolando",837343.0,DOW_EAS1,Sinker,R,50,135,34.639731318461315,4.337631887456038,49.946445922138345,55.80204778156996,0.0046933271209741,0.0,39.23174569956443,39.23174569956443,7.269155206286837,-1.339441867741652,0.0046933271209741,0.2731996911836082,817,134,14,15,2,8,3,3,0.13333333333333333,0.5714285714285714,0.21428571428571427,0.21428571428571427,61.425062661853005,87.3608382449247,188,30,45.57960059542091,38.73608382449247,933,48,48.67026533784162,42.403405370006546,878,77,62.57596986198685,89.62017026850033,159,21
1418,473,230,"Nakata, Yuto",1000432352.0,QUE_CAP,Four-Seam,L,128,243,36.701966691973226,7.620164126611957,45.13093135693349,34.641638225255974,0.0019265687680507,0.0,39.230656091461306,39.230656091461306,7.203667321545513,-1.1596113935690475,0.0019265687680507,0.2930729818077922,789,242,49,36,6,17,12,20,0.16666666666666666,0.3469387755102041,0.24489795918367346,0.40816326530612246,47.555683786914095,44.20432220039292,853,80,47.85195323506406,49.08316961362148,778,100,45.798179546260144,31.172233136869682,1052,163,50.32981711463321,52.68500327439424,724,60
1419,474,244,"Frey, Hayden",839374.0,TOL_ROC,Four-Seam,R,29,55,39.60743565748325,13.130128956623684,38.27106063842033,8.75995449374289,-0.002014776305965,-0.0088002484227821,39.20652315176437,39.20652315176437,7.138179436804191,-0.9062494987666768,-0.002014776305965,0.3228829543118137,742,226,7,6,0,1,3,3,0.0,0.14285714285714285,0.42857142857142855,0.42857142857142855,34.94715753696963,4.191224623444663,1468,238,36.49019003684828,5.50098231827112,1508,251,28.565664796771294,2.4230517354289454,1494,250,49.04074840438546,47.511460379829735,817,75
1420,178,79,"Thornton, Tyler",1000429124.0,NEW_ENG23,Changeup,R,72,187,34.25654505727154,4.103165298944901,50.47392716384864,57.45164960182025,0.0049963919568813,0.001257614507785,39.12175968924467,39.12175968924467,7.072691552062868,-1.372856369272986,0.0049963919568813,0.2914525052007559,819,118,27,19,0,14,2,11,0.0,0.5185185185185185,0.07407407407407407,0.4074074074074074,58.15618548594148,81.56516044531762,283,26,36.49019003684828,5.50098231827112,1421,80,61.825127420270356,89.45645055664701,161,13,50.37756040019794,52.91421087098887,720,55
1421,179,100,"Belton, Hunter",10294453.0,MIS_MUD,Changeup,L,40,55,32.100760155120376,2.813599062133646,55.2868281112658,73.20819112627987,0.0077616486532844,0.0,39.056580541963996,39.056580541963996,7.007203667321546,-1.560844523364139,0.0077616486532844,0.3355842955721556,830,119,10,14,4,4,2,4,0.2857142857142857,0.4,0.2,0.4,50.83390061189966,55.664702030124424,662,73,55.96749837664676,76.55533726260641,356,18,50.010572040579646,48.16633922724296,780,64,50.845444598732314,55.10805500982319,671,61
1422,475,245,"Burcham, Jacob",1000122547.0,GAT_GRI,Four-Seam,R,36,89,36.17598526636243,6.447831184056271,45.68693685280884,37.08759954493743,0.0022460222406037,-0.0008806634102691,39.029270742296355,39.029270742296355,6.941715782580222,-1.2054778792226677,0.0022460222406037,0.2888469255634291,799,245,12,11,3,3,5,4,0.2727272727272727,0.25,0.4166666666666667,0.3333333333333333,41.566633818190475,21.31630648330059,1212,170,55.082166179383194,74.03405370006548,401,40,29.682587049052977,2.9469548133595285,1485,249,55.05640238554163,70.43222003929273,458,28
1423,226,107,"Jensik, CJ",10009752.0,WIN_CIT29,Sinker,L,27,62,42.51786908211534,21.21922626025792,30.8665303410072,1.422070534698521,-0.0062690560454285,0.0,39.022467459782895,39.022467459782895,6.8762278978389,-0.652454694583835,-0.0062690560454285,0.2574450149970101,673,98,6,7,0,4,0,2,0.0,0.6666666666666666,0.0,0.3333333333333333,67.30904157849375,94.8264571054355,92,8,36.49019003684828,5.50098231827112,1521,129,68.77486587891195,96.29993451211526,112,4,55.05640238554163,70.43222003929273,491,48
1424,227,108,"Jones, Logan",814785.0,TRI_VAL,Sinker,L,64,109,36.697098697431954,7.38569753810082,44.37342388912686,31.171786120591584,0.0014913421509204,0.0,38.99999625494043,38.99999625494043,6.810740013097577,-1.1600358910720343,0.0014913421509204,0.2879689896233329,791,125,28,27,2,11,10,7,0.07407407407407407,0.39285714285714285,0.35714285714285715,0.25,50.392602193151596,53.765553372626066,708,69,41.53986256938863,19.384413883431563,1233,91,35.2671983104614,7.138179436804191,1421,126,60.32009961905328,84.61034708578913,244,24
1425,147,80,"Villalobos, Jonaiker",665690.0,FLO_Y'A,Curveball,R,59,110,37.40399940680408,9.26143024618992,42.61228219260138,23.208191126279864,0.000479476558248,0.0,38.966484242543274,38.966484242543274,6.745252128356253,-1.0983929324688877,0.000479476558248,0.2738555979657646,775,82,14,16,3,7,3,4,0.1875,0.5,0.21428571428571427,0.2857142857142857,57.012078474372444,77.60314341846758,372,44,49.27217363484103,54.91159135559921,693,51,48.67026533784162,42.403405370006546,886,51,58.06422937611972,79.56777996070727,320,38
1426,22,10,"Eldred, Zach",1000227712.0,NEW_ENG23,Splitter,R,35,80,37.55963037768712,10.0820633059789,41.68032109454577,18.43003412969283,-5.5982553697466105e-05,0.0,38.79583759274472,38.79583759274472,6.679764243614931,-1.0848216439296077,-5.5982553697466105e-05,0.3091475669928873,768,12,9,13,8,3,4,2,0.6153846153846154,0.3333333333333333,0.4444444444444444,0.2222222222222222,46.71511537025113,39.91486574983628,935,10,78.44131569179885,99.05042567125082,16,3,27.076435127062382,1.899148657498363,1499,11,62.07466536355717,88.37590045841519,188,4
1427,228,109,"Matos, Dwayne",684228.0,OTT_TIT,Sinker,L,211,342,37.52118255252142,9.84759671746776,41.76447426540632,18.941979522184297,-7.632271448134684e-06,0.0,38.79417006638688,38.79417006638688,6.614276358873608,-1.0881743604619982,-7.632271448134684e-06,0.2875420893978875,770,123,87,60,8,19,28,40,0.13333333333333333,0.21839080459770116,0.3218390804597701,0.45977011494252873,39.61376150533988,14.014407334643092,1314,112,45.57960059542091,38.73608382449247,936,56,38.57945050688295,12.770137524557956,1333,116,47.07010313469637,39.489194499017685,925,88
1428,148,68,"Quigley, Michael",808828.0,NEW_ENG23,Curveball,L,37,79,38.548486225117216,11.48886283704572,39.3486396967151,11.433447098976108,-0.0013956522601122,0.0,38.788532266596576,38.788532266596576,6.548788474132286,-0.998591711975296,-0.0013956522601122,0.2955601733006193,756,80,5,6,2,1,2,2,0.3333333333333333,0.2,0.4,0.4,38.47754488695408,11.100196463654225,1368,73,59.21371643327984,83.00589390962672,282,34,31.246278202247336,3.9292730844793713,1474,71,50.845444598732314,55.10805500982319,702,53
1429,476,246,"Baker, Luke",694914.0,EVA_OTT,Four-Seam,R,38,87,37.94312284207818,10.66822977725674,40.73684943220819,15.585893060295792,-0.0005980550710106,0.0,38.78124081911719,38.78124081911719,6.4833005893909625,-1.0513804409520724,-0.0005980550710106,0.3087907328786404,763,233,14,13,0,5,3,6,0.0,0.35714285714285715,0.21428571428571427,0.42857142857142855,48.186110099411316,46.10347085789129,829,71,36.49019003684828,5.50098231827112,1490,250,48.67026533784162,42.403405370006546,889,144,49.04074840438546,47.511460379829735,813,74
1430,229,110,"Townes, Holland",830218.0,SCH_BOO,Sinker,L,49,94,37.5446706555455,9.964830011723327,41.62187799901277,18.37315130830489,-8.956108835812345e-05,0.0,38.76783285858568,38.76783285858568,6.41781270464964,-1.086126157449631,-8.956108835812345e-05,0.2725612429782565,769,122,18,15,3,3,4,11,0.2,0.16666666666666666,0.2222222222222222,0.6111111111111112,36.418152266129816,6.221349050425671,1441,125,50.12430587470722,58.08775376555337,654,28,47.92565050298717,38.83431565160445,945,76,37.51074494050279,10.183366077275705,1375,119
1431,477,231,"Nettleton, Blake",10067637.0,WIN_CIT29,Four-Seam,L,135,231,34.02941710825736,3.985932004689332,49.699825736117496,54.49374288964732,0.0045516312647092,0.0,38.7305396966154,38.7305396966154,6.352324819908317,-1.3926623173687722,0.0045516312647092,0.3138298884868497,820,252,33,39,2,15,6,12,0.05128205128205128,0.45454545454545453,0.18181818181818182,0.36363636363636365,54.20381580961208,69.44990176817288,467,25,39.986117174760835,13.621480026195155,1320,213,51.71641693497349,55.95939751146039,671,84,53.14233066426467,64.07989521938441,548,39
1432,230,120,"Harris, Ben",1000390130.0,GAT_GRI,Sinker,R,39,111,35.79978672170842,6.096131301289566,45.54503179461157,36.40500568828214,0.002164490558003,0.0042041291484812,38.723360243579364,38.723360243579364,6.286836935166994,-1.2382830398445444,0.002164490558003,0.2976850111964785,802,129,11,10,2,3,4,4,0.2,0.2727272727272727,0.36363636363636365,0.36363636363636365,42.97076515057065,26.064178127046496,1129,108,50.12430587470722,58.08775376555337,645,25,34.65796799103503,6.614276358873608,1426,123,53.14233066426467,64.07989521938441,550,67
1433,180,80,"Gwin, Riley",1000429384.0,QUE_CAP,Changeup,R,27,52,35.03850151901649,4.689331770222744,47.0535950494391,43.91353811149033,0.0030312369730935,0.0,38.64302957814327,38.64302957814327,6.221349050425671,-1.3046684198739522,0.0030312369730935,0.2939084126685368,814,116,9,7,1,2,5,2,0.14285714285714285,0.2222222222222222,0.5555555555555556,0.2222222222222222,39.850473300836924,15.160445317616242,1298,82,46.228844206747524,41.87950229207596,890,52,20.0,0.4256712508185986,1521,83,62.07466536355717,88.37590045841519,182,16
1434,231,121,"Peters, Garrett",833402.0,NEW_YOR13,Sinker,R,41,62,32.7378697864704,3.2825322391559206,52.40029959477662,64.0500568828214,0.0061031910210192,0.0090271591063059,38.63659872896226,38.63659872896226,6.155861165684348,-1.5052874668917269,0.0061031910210192,0.2824168717082924,826,136,8,10,4,1,2,5,0.4,0.125,0.25,0.625,33.84391149009949,2.8159790438768826,1482,129,63.758421712566154,89.19449901768172,163,2,45.319498580996566,28.127046496398165,1081,94,36.63346206825085,8.316961362148003,1395,124
1435,62,33,"Glickstein, Aaron",1000292360.0,SCH_BOO,Cutter,R,31,58,37.33718620136961,9.02696365767878,41.50743599180288,17.918088737201366,-0.0001553138495814,0.0,38.58826113849959,38.58826113849959,6.090373280943026,-1.1042191589843464,-0.0001553138495814,0.2508071316134013,777,35,9,6,1,3,4,2,0.16666666666666666,0.3333333333333333,0.4444444444444444,0.2222222222222222,46.71511537025113,39.91486574983628,936,25,47.85195323506406,49.08316961362148,791,20,27.076435127062382,1.899148657498363,1500,35,62.07466536355717,88.37590045841519,189,8
1436,181,81,"Givens-Craig, Hayden",1000146243.0,SUS_COU1,Changeup,R,35,85,30.868010950039032,2.46189917936694,56.429154058715966,75.4835039817975,0.0084179730842613,0.0,38.53635388264211,38.53635388264211,6.024885396201703,-1.6683423759046838,0.0084179730842613,0.3313643617244136,833,121,6,5,1,3,2,1,0.2,0.5,0.3333333333333333,0.16666666666666666,57.012078474372444,77.60314341846758,314,30,50.12430587470722,58.08775376555337,629,33,37.501042815024775,10.31434184675835,1353,78,65.58379685256494,93.77865094957433,88,5
1437,63,30,"Glickstein, Aaron",1000292360.0,SCH_BOO,Cutter,L,27,58,37.33718620136961,9.02696365767878,41.0925275223362,16.780432309442546,-0.0003936998949462,-1.1102230246251563e-16,38.46378859765959,38.46378859765959,5.95939751146038,-1.1042191589843464,-0.0003936998949462,0.2508071316134013,777,35,12,5,1,3,0,9,0.2,0.25,0.0,0.75,41.566633818190475,21.31630648330059,1219,27,50.12430587470722,58.08775376555337,656,10,68.77486587891195,96.29993451211526,90,3,28.737916217983376,1.4734774066797642,1511,33
1438,232,111,"O'Brien, Keenan",1000245579.0,SUS_COU1,Sinker,L,32,60,32.59164896289366,3.048065650644783,52.11367132145829,63.19681456200228,0.0059385084811475,0.0062171556890582,38.44825567046304,38.44825567046304,5.893909626719057,-1.5180381743887734,0.0059385084811475,0.2683119043229376,828,137,9,7,0,4,1,4,0.0,0.4444444444444444,0.1111111111111111,0.4444444444444444,53.579757439665336,67.3215455140799,495,51,36.49019003684828,5.50098231827112,1408,115,58.35025819094956,82.31827111984283,269,15,48.038139407526096,43.28749181401441,863,81
1439,64,31,"Salata, Derek",1000057774.0,SCH_BOO,Cutter,L,67,139,36.83232118325858,7.971864009378664,42.158928468802415,20.36405005688282,0.0002190017564037,0.0,38.43030336892173,38.43030336892173,5.828421741977734,-1.148244257557578,0.0002190017564037,0.3080258294668335,786,36,24,18,2,7,9,8,0.1111111111111111,0.2916666666666667,0.375,0.3333333333333333,44.140874594220804,29.53503601833661,1077,22,44.0646988356588,30.648330058939095,1079,21,33.59181493203887,5.599214145383105,1444,29,55.05640238554163,70.43222003929273,475,15
1440,149,81,"Gorgen, Grady",1000138303.0,NEW_YOR13,Curveball,R,30,75,36.75540627040609,7.737397420867527,42.330105038941326,21.843003412969285,0.0003173514132979,0.0,38.42781590096666,38.42781590096666,5.762933857236411,-1.1549513703473528,0.0003173514132979,0.2830896743001224,788,83,8,14,6,3,2,3,0.42857142857142855,0.375,0.25,0.375,49.289356146281456,49.574328749181404,775,62,65.706152546546,91.38834315651604,136,16,45.319498580996566,28.127046496398165,1119,61,52.424553768785806,61.55861165684349,596,60
1441,233,112,"Marynczak, Arlo",837346.0,TRI_VAL,Sinker,L,26,53,38.5506596751456,11.72332942555686,38.02170497881334,8.13424345847554,-0.002158043831112,-0.0090483433535271,38.39197326624592,38.39197326624592,5.697445972495088,-0.9984021833917917,-0.002158043831112,0.281418128648012,754,115,12,8,0,5,2,5,0.0,0.4166666666666667,0.16666666666666666,0.4166666666666667,51.863596922311785,60.28159790438769,617,60,36.49019003684828,5.50098231827112,1509,127,53.137954346968364,63.0648330058939,589,40,49.79270515202998,50.75311067452522,760,73
1442,478,232,"Cox, Carter",10156934.0,NIU_HUS,Four-Seam,L,54,75,32.61021079665478,3.1652989449003512,51.794442074043495,62.05915813424346,0.0057550950214179,0.0010938253466563,38.3654801798714,38.3654801798714,5.631958087753765,-1.5164195505354297,0.0057550950214179,0.2985215200845604,827,256,12,10,4,3,4,5,0.4,0.25,0.3333333333333333,0.4166666666666667,41.566633818190475,21.31630648330059,1195,155,63.758421712566154,89.19449901768172,164,8,37.501042815024775,10.31434184675835,1362,226,49.79270515202998,50.75311067452522,752,71
1443,234,113,"Escobar, Anthony",678673.0,TRO_AIG,Sinker,L,82,153,37.98185520425716,10.785463071512307,39.2227102094168,11.092150170648464,-0.0014680051636585,-0.0018851290169842,38.35411170580505,38.35411170580505,5.566470203012443,-1.0480029123023678,-0.0014680051636585,0.3325776752883596,762,119,28,23,2,12,6,10,0.08695652173913043,0.42857142857142855,0.21428571428571427,0.35714285714285715,52.59909428689188,63.78519973804846,570,55,42.4180664880913,22.4950884086444,1186,82,48.67026533784162,42.403405370006546,890,74,53.55248889025259,65.4551407989522,533,52
1444,235,114,"Rodriguez, Joe Joe",689487.0,NEW_JER6,Sinker,L,98,192,36.95941201468904,8.32356389214537,41.50749571628381,17.974971558589306,-0.0001552795348256,0.0,38.32383712516747,38.32383712516747,5.50098231827112,-1.1371617183029976,-0.0001552795348256,0.2881565312326467,783,124,38,29,3,21,6,11,0.10344827586206896,0.5526315789473685,0.15789473684210525,0.2894736842105263,60.26375103356865,85.49443352979699,223,18,43.542318918499454,27.79960707269155,1106,76,53.960949690754866,66.86313032089063,508,32,57.826769350547764,78.65094957432875,327,32
1445,479,233,"Thiels, Brenton",816364.0,MIS_MUD,Four-Seam,L,111,193,37.47762093663343,9.613130128956625,40.06631309255063,13.3674630261661,-0.0009833123459219,-8.326672684688674e-17,38.25422858340859,38.25422858340859,5.435494433529797,-1.0919730083474342,-0.0009833123459219,0.2820715521246748,772,236,27,33,4,5,3,19,0.12121212121212122,0.18518518518518517,0.1111111111111111,0.7037037037037037,37.56225927769886,8.546168958742632,1398,207,44.75329054464158,33.56254092992796,1017,147,58.35025819094956,82.31827111984283,280,31,31.662192458823178,3.143418467583497,1480,237
1446,480,234,"Gartland, Chad",1000103698.0,TRI_VAL,Four-Seam,L,76,119,36.26634165395979,6.565064478311841,42.62922516480616,23.321956769055745,0.0004892111586185,0.0,38.175206707213704,38.175206707213704,5.370006548788474,-1.197598646699134,0.0004892111586185,0.2763081842340134,798,244,21,17,1,5,5,11,0.058823529411764705,0.23809523809523808,0.23809523809523808,0.5238095238095238,40.831136453610384,18.631303208906353,1242,168,40.50022410680679,15.324165029469548,1298,210,46.436420833278255,32.580222658808125,1031,157,43.025094423229284,24.72167648984938,1151,150
1447,481,247,"Beriguete, Randy",691335.0,LAK_ERI24,Four-Seam,R,67,102,30.222088191537438,1.875732708089097,56.6505524829186,76.10921501706484,0.0085451777539165,0.0004699536674998,38.15062747895178,38.15062747895178,5.304518664047151,-1.7246679522342223,0.0085451777539165,0.3260454939611103,838,259,12,12,2,3,5,4,0.16666666666666666,0.25,0.4166666666666667,0.3333333333333333,41.566633818190475,21.31630648330059,1189,163,47.85195323506406,49.08316961362148,762,109,29.682587049052977,2.9469548133595285,1481,248,55.05640238554163,70.43222003929273,428,23
1448,482,235,"Voytko, Fawster",1000207039.0,TRO_AIG,Four-Seam,L,79,144,37.26159729002913,8.909730363423213,40.21699095478549,13.993174061433448,-0.0008967402406372,-0.0002010836084112,38.148215389456034,38.148215389456034,5.239030779305828,-1.1108106421599069,-0.0008967402406372,0.2922584243395486,778,238,28,22,4,8,13,7,0.18181818181818182,0.2857142857142857,0.4642857142857143,0.25,43.773125911930755,28.323510150622134,1107,136,48.88484079853823,53.208906352324824,725,88,25.21489803992624,1.309757694826457,1508,245,60.32009961905328,84.61034708578913,251,15
1449,483,248,"Cosentino, Nick",700818.0,JOL_SLA,Four-Seam,R,30,84,35.083018825433,4.806565064478312,45.27260677284615,35.381114903299206,0.0020079685094641,0.0,38.13989520965695,38.13989520965695,5.1735428945645054,-1.3007864341294566,0.0020079685094641,0.2778225256035262,813,251,8,8,0,2,3,3,0.0,0.25,0.375,0.375,41.566633818190475,21.31630648330059,1213,171,36.49019003684828,5.50098231827112,1461,246,33.59181493203887,5.599214145383105,1443,243,52.424553768785806,61.55861165684349,591,39
1450,316,141,"Hampton, Ky",673132.0,OTT_TIT,Slider,L,43,105,41.84900924794994,19.460726846424382,29.399837376506856,0.9670079635949944,-0.0071117458464369,-0.0042498018802329,38.11425768651701,38.11425768651701,5.1080550098231825,-0.7107804233914723,-0.0071117458464369,0.2616683380981641,688,165,14,12,1,6,3,5,0.08333333333333333,0.42857142857142855,0.21428571428571427,0.35714285714285715,52.59909428689188,63.78519973804846,574,57,42.171071635956174,21.676489849377862,1204,131,48.67026533784162,42.403405370006546,893,84,53.55248889025259,65.4551407989522,534,53
1451,236,115,"Whitesell, Max",1000223610.0,FLO_Y'A,Sinker,L,28,73,40.581125867802754,16.529894490035172,32.3444820605589,2.1046643913538112,-0.005419897516279,-0.0091560918896486,38.1101327256296,38.1101327256296,5.0425671250818604,-0.8213420364721127,-0.005419897516279,0.286187641766315,713,108,11,10,3,8,1,2,0.3,0.7272727272727273,0.09090909090909091,0.18181818181818182,71.05339179817423,96.95481335952849,48,4,56.94136379363668,78.68369351669942,334,13,60.245641406942724,86.4112639161755,215,12,64.62676099192646,92.5343811394892,121,13
1452,237,122,"Biddinger, Tyler",1000324948.0,WIN_CIT29,Sinker,R,55,118,34.871972189200946,4.572098475967175,45.54806939979555,36.46188850967008,0.0021662358168745,0.0,38.074801352379325,38.074801352379325,4.9770792403405375,-1.3191900640708398,0.0021662358168745,0.3240523670409264,815,133,15,12,1,7,2,6,0.08333333333333333,0.4666666666666667,0.13333333333333333,0.4,54.95268585354818,71.67648984937787,431,59,42.171071635956174,21.676489849377862,1196,75,56.26533665335708,75.8022265880812,373,37,50.845444598732314,55.10805500982319,691,86
1453,317,176,"Kostura, Brit",1000146015.0,WAS_WIL3,Slider,R,27,56,41.79087753198302,19.22626025791325,29.17502025332016,0.8532423208191127,-0.0072409147327593,-0.0133736756389888,38.00612034838416,38.00612034838416,4.911591355599214,-0.7158496090824327,-0.0072409147327593,0.2728850677446217,690,166,13,8,1,2,4,7,0.125,0.15384615384615385,0.3076923076923077,0.5384615384615384,35.626078181197414,4.944335297969875,1454,169,45.01151243551012,35.59266535690897,1009,147,39.90672151224686,14.276358873608382,1315,153,42.09960919535911,21.28356254092993,1212,143
1454,484,249,"Hickey, Matt",806277.0,GAT_GRI,Four-Seam,R,34,89,36.148616822989865,6.330597889800703,42.24440360115391,21.160409556313997,0.0002681115728519,-0.0061946829647047,37.97735285643908,37.97735285643908,4.846103470857891,-1.2078644545924195,0.0002681115728519,0.2831965546382545,800,246,9,13,7,3,2,4,0.5384615384615384,0.3333333333333333,0.2222222222222222,0.4444444444444444,46.71511537025113,39.91486574983628,934,95,73.19742498493002,97.34774066797642,42,3,47.92565050298717,38.83431565160445,943,162,48.038139407526096,43.28749181401441,871,84
1455,318,142,"Andueza, Axel",672847.0,DOW_EAS1,Slider,L,70,116,40.19479283138514,14.654161781946073,32.69161510591378,2.1615472127417523,-0.0052204519036022,0.0,37.94383951374373,37.94383951374373,4.780615586116569,-0.8550309422196698,-0.0052204519036022,0.2821495015153323,729,174,18,21,6,4,6,8,0.2857142857142857,0.2222222222222222,0.3333333333333333,0.4444444444444444,39.850473300836924,15.160445317616242,1310,127,55.96749837664676,76.55533726260641,371,65,37.501042815024775,10.31434184675835,1400,127,48.038139407526096,43.28749181401441,880,85
1456,238,116,"Biddinger, Tyler",1000324948.0,WIN_CIT29,Sinker,L,63,118,34.871972189200946,4.572098475967175,45.02181864913395,34.01592718998862,0.0018638779607389,0.0,37.916926127180844,37.916926127180844,4.715127701375246,-1.3191900640708398,0.0018638779607389,0.3240523670409264,815,133,24,25,2,5,8,11,0.08,0.20833333333333334,0.3333333333333333,0.4583333333333333,38.992393042160145,12.639161755075312,1337,117,41.94383637199186,20.988867059593975,1206,86,37.501042815024775,10.31434184675835,1376,120,47.160856535274156,39.8166339227243,921,87
1457,239,117,"Tomczak, Anthony",687088.0,EVA_OTT,Sinker,L,44,70,36.38844005955349,7.033997655334115,41.14966690430487,16.95108077360637,-0.0003608704101212,-0.0053544759052703,37.816808112978904,37.816808112978904,4.649639816633923,-1.186951455570683,-0.0003608704101212,0.2701999096022144,794,128,12,12,4,4,3,5,0.3333333333333333,0.3333333333333333,0.25,0.4166666666666667,46.71511537025113,39.91486574983628,938,86,59.21371643327984,83.00589390962672,277,9,45.319498580996566,28.127046496398165,1124,97,49.79270515202998,50.75311067452522,759,72
1458,485,236,"O'Hanlon, Michael",1000061333.0,WAS_WIL3,Four-Seam,L,62,141,33.76378403842879,3.6342321219226257,47.26689662923428,44.88054607508533,0.0031537895932962,0.0,37.814717815670434,37.814717815670434,4.5841519318926,-1.4158259782761335,0.0031537895932962,0.3226652098220027,823,254,17,18,2,7,3,7,0.1111111111111111,0.4117647058823529,0.17647058823529413,0.4117647058823529,51.560745066308215,58.808120497707925,631,47,44.0646988356588,30.648330058939095,1057,153,52.218136021559914,58.51342501637197,635,77,50.10233440106008,51.997380484610346,732,64
1459,240,118,"Toribio, Noe",672848.0,TRO_AIG,Sinker,L,253,428,36.62187657715529,7.268464243845251,40.57411827813917,15.073947667804324,-0.0006915524062808,0.0,37.807549087450454,37.807549087450454,4.518664047151278,-1.1665953894354946,-0.0006915524062808,0.2854579120999856,792,126,86,64,4,28,21,37,0.0625,0.32558139534883723,0.2441860465116279,0.43023255813953487,46.236186853780374,37.066142763588736,963,90,40.7508512361792,16.30648330058939,1283,98,45.86497223908762,31.237721021611005,1051,92,48.935824207039715,46.234446627373934,822,77
1460,182,82,"Puccetti, Dominic",1000266076.0,OTT_TIT,Changeup,R,97,162,35.49953889810839,5.3927315357561545,42.97516945767346,24.516496018202503,0.0006879737724527,0.0,37.74222806597791,37.74222806597791,4.453176162409954,-1.264465166861082,0.0006879737724527,0.2923788701279094,808,115,25,26,8,8,5,12,0.3076923076923077,0.32,0.2,0.48,45.89135832192142,36.444007858546165,973,73,57.46575286432357,79.99345121152587,309,16,50.010572040579646,48.16633922724296,812,54,45.792295254561125,33.92272429600524,1011,71
1461,183,83,"Sabatine, Gino",1000229070.0,TRI_VAL,Changeup,R,88,287,37.06304698169807,8.558030480656505,39.27162746224328,11.262798634812286,-0.0014398997107464,0.0,37.72562112586163,37.72562112586163,4.387688277668631,-1.1281245707991423,-0.0014398997107464,0.2940500996613491,781,113,30,23,2,17,6,7,0.08695652173913043,0.5666666666666667,0.2,0.23333333333333334,61.13086371602097,86.64047151277013,205,18,42.4180664880913,22.4950884086444,1185,68,50.010572040579646,48.16633922724296,817,55,61.37283906575561,87.06614276358874,199,18
1462,150,69,"Gorgen, Grady",1000138303.0,NEW_YOR13,Curveball,L,45,75,36.75540627040609,7.737397420867527,39.923327962156094,13.083048919226394,-0.0010654645850038,0.0,37.70578277793109,37.70578277793109,4.322200392927308,-1.1549513703473528,-0.0010654645850038,0.2830896743001224,788,83,11,13,1,7,2,2,0.07692307692307693,0.6363636363636364,0.18181818181818182,0.18181818181818182,65.43686646865352,93.35297969875573,107,17,41.7340807437171,20.13752455795678,1226,71,51.71641693497349,55.95939751146039,683,34,64.62676099192646,92.5343811394892,120,21
1463,241,119,"Grounds, Jackson",805984.0,TRO_AIG,Sinker,L,25,55,43.23055168706419,23.094958968347008,24.65202577294572,0.3981797497155858,-0.0098396054000505,-0.0170979252678425,37.656993912828646,37.656993912828646,4.256712508185986,-0.5903075447343669,-0.0098396054000505,0.2730532517298558,657,95,14,5,0,3,4,7,0.0,0.21428571428571427,0.2857142857142857,0.5,39.360141724450195,13.621480026195155,1323,114,36.49019003684828,5.50098231827112,1526,130,41.96873182415151,19.05697445972495,1249,105,44.52900791851833,29.3713163064833,1124,107
1464,242,120,"Miner, Jace",701731.0,DOW_EAS1,Sinker,L,34,115,35.65717176438085,5.74443141852286,42.22979127101496,21.046643913538112,0.0002597160450386,-0.000787909063879,37.62895761637108,37.62895761637108,4.191224623444663,-1.250719309598102,0.0002597160450386,0.3081541817252199,805,131,6,9,1,3,2,1,0.1111111111111111,0.5,0.3333333333333333,0.16666666666666666,57.012078474372444,77.60314341846758,374,36,44.0646988356588,30.648330058939095,1078,73,37.501042815024775,10.31434184675835,1388,122,65.58379685256494,93.77865094957433,98,9
1465,319,177,"Gorgen, Grady",1000138303.0,NEW_YOR13,Slider,R,71,124,34.388211996494675,4.220398593200469,45.15403712119389,34.8122866894198,0.001939844206304,-1.1102230246251563e-16,37.61795953390444,37.61795953390444,4.12573673870334,-1.361374785542303,0.001939844206304,0.3091498441928842,818,182,20,24,2,8,8,4,0.08333333333333333,0.4,0.4,0.2,50.83390061189966,55.664702030124424,683,82,42.171071635956174,21.676489849377862,1197,158,31.246278202247336,3.9292730844793713,1468,174,63.47831795916028,90.9954158480681,139,12
1466,486,237,"Burcham, Jacob",1000122547.0,GAT_GRI,Four-Seam,L,53,89,36.17598526636243,6.447831184056271,40.893506099963496,16.097838452787258,-0.0005080478374774,-8.326672684688674e-17,37.59124151644275,37.59124151644275,4.060248853962016,-1.2054778792226677,-0.0005080478374774,0.2888469255634291,799,245,21,14,1,11,4,6,0.07142857142857142,0.5238095238095238,0.19047619047619047,0.2857142857142857,58.48307320353263,81.99083169613621,276,13,41.3595171217979,18.696791093647676,1249,197,50.90410984240499,52.455795677799614,728,95,58.06422937611972,79.56777996070727,322,20
1467,151,70,"Brodsky, Jack",1000302079.0,WAS_WIL3,Curveball,L,51,83,36.33404978222284,6.799531066822978,40.135889005048526,13.651877133105804,-0.0009433374409643,0.0,37.47460154907055,37.47460154907055,3.994760969220694,-1.1916943813726455,-0.0009433374409643,0.3268322966023865,796,84,8,11,5,3,3,2,0.45454545454545453,0.375,0.375,0.25,49.289356146281456,49.574328749181404,778,53,67.47681694107314,93.68041912246234,99,17,33.59181493203887,5.599214145383105,1447,68,60.32009961905328,84.61034708578913,252,26
1468,243,123,"Manning, Noah",828538.0,WIN_CIT29,Sinker,R,25,55,36.50786161086205,7.151230949589683,39.15930030032326,10.80773606370876,-0.00150443738565,0.0,37.303293217700414,37.303293217700414,3.9292730844793713,-1.1765376907434058,-0.00150443738565,0.3242120470393249,793,127,5,4,0,3,0,2,0.0,0.6,0.0,0.4,63.19025633684523,90.34053700065488,156,24,36.49019003684828,5.50098231827112,1504,126,68.77486587891195,96.29993451211526,99,8,50.845444598732314,55.10805500982319,704,88
1469,487,238,"Sanchez, Dikember",699129.0,LAK_ERI24,Four-Seam,L,39,131,38.54905628128151,11.606096131301287,34.1409369102998,3.299203640500569,-0.0043877427187244,-0.0079294186524205,37.226620469987,37.226620469987,3.8637851997380483,-0.9985420020965664,-0.0043877427187244,0.2783388224172117,755,231,12,14,1,8,3,1,0.07142857142857142,0.6666666666666666,0.25,0.08333333333333333,67.30904157849375,94.8264571054355,91,4,41.3595171217979,18.696791093647676,1250,198,45.319498580996566,28.127046496398165,1138,179,70.84749408607658,97.67518009168303,37,2
1470,184,101,"Smith, Ethan",680733.0,WIN_CIT29,Changeup,L,45,52,26.836850713372208,1.172332942555686,61.35960153470484,87.08759954493743,0.0112507662475112,0.0055387285471538,37.193675959771994,37.193675959771994,3.798297314996726,-2.019866487136963,0.0112507662475112,0.3187068261968515,844,122,13,11,0,6,5,2,0.0,0.46153846153846156,0.38461538461538464,0.15384615384615385,54.63585621957522,70.6286836935167,443,47,36.49019003684828,5.50098231827112,1376,97,32.68968542058059,4.846103470857891,1452,104,66.39359642695135,94.79371316306484,80,5
1471,244,121,"Parsons, Billy",698892.0,SUS_COU1,Sinker,L,31,61,40.394820792022,15.240328253223916,29.64653454736725,1.023890784982935,-0.0069700057584611,-0.0002989997069037,37.17033491862558,37.17033491862558,3.732809430255403,-0.8375881597559743,-0.0069700057584611,0.2578462734309096,724,110,11,11,1,4,2,5,0.09090909090909091,0.36363636363636365,0.18181818181818182,0.45454545454545453,48.58729048009137,47.2822527832351,814,76,42.687515417693255,23.346430910281597,1180,81,51.71641693497349,55.95939751146039,687,47,47.40011550043378,40.76620825147348,916,86
1472,23,13,"Duby, Bill",1000270408.0,NEW_JER6,Splitter,L,43,60,35.20432139224907,5.1582649472450175,40.95617723568214,16.38225255972696,-0.0004720400784126,0.0,36.92987814527899,36.92987814527899,3.6673215455140804,-1.290208641512245,-0.0004720400784126,0.3140220604519361,810,13,17,15,4,6,2,9,0.26666666666666666,0.35294117647058826,0.11764705882352941,0.5294117647058824,47.9265227942654,45.31761624099542,838,11,54.66901115399353,72.65880812049771,420,12,57.73704597401059,80.74656188605108,299,4,42.671232424337745,23.64112639161755,1169,13
1473,152,71,"Voytko, Fawster",1000207039.0,TRO_AIG,Curveball,L,32,65,33.90533473993612,3.751465416178194,43.86611685114996,28.668941979522184,0.0011998684224509,0.0,36.893569373300274,36.893569373300274,3.6018336607727566,-1.4034825134619402,0.0011998684224509,0.3306389582429181,822,85,10,9,1,4,3,3,0.1111111111111111,0.4,0.3,0.3,50.83390061189966,55.664702030124424,686,47,44.0646988356588,30.648330058939095,1072,68,40.62842512141349,15.553372626064178,1294,59,57.1618812789463,76.85003274394238,356,31
1474,185,102,"Givens-Craig, Hayden",1000146243.0,SUS_COU1,Changeup,L,50,85,30.868010950039032,2.46189917936694,50.92293983931896,59.10125142207053,0.0052543726053882,0.0,36.884489616823004,36.884489616823004,3.536345776031434,-1.6683423759046838,0.0052543726053882,0.3313643617244136,833,121,12,14,4,5,2,5,0.2857142857142857,0.4166666666666667,0.16666666666666666,0.4166666666666667,51.863596922311785,60.28159790438769,610,66,55.96749837664676,76.55533726260641,361,19,53.137954346968364,63.0648330058939,555,46,49.79270515202998,50.75311067452522,754,69
1475,245,122,"Heredia-Bustos, Rolando",837343.0,DOW_EAS1,Sinker,L,85,135,34.639731318461315,4.337631887456038,41.8517832177377,19.397042093287823,4.253116796772525e-05,0.0,36.80334688824423,36.80334688824423,3.470857891290111,-1.339441867741652,4.253116796772525e-05,0.2731996911836082,817,134,24,18,1,10,5,9,0.05555555555555555,0.4166666666666667,0.20833333333333334,0.375,51.863596922311785,60.28159790438769,615,59,40.277444436253546,14.505566470203012,1310,103,49.22872646398246,45.21938441388343,838,67,52.424553768785806,61.55861165684349,598,56
1476,488,250,"O'Hanlon, Michael",1000061333.0,WAS_WIL3,Four-Seam,R,78,141,33.76378403842879,3.6342321219226257,43.82335413595287,28.441410693970425,0.0011752990648333,0.0,36.78165506768601,36.78165506768601,3.4053700065487886,-1.4158259782761335,0.0011752990648333,0.3226652098220027,823,254,26,25,2,7,8,11,0.08,0.2692307692307692,0.3076923076923077,0.4230769230769231,42.75474494558909,25.180091683038636,1144,149,41.94383637199186,20.988867059593975,1207,196,39.90672151224686,14.276358873608382,1312,224,49.38780536483678,49.115913555992144,779,68
1477,246,124,"Kramer, Cameron",1000249123.0,TRO_AIG,Sinker,R,31,69,30.430982368983194,1.992966002344666,51.4139458954273,60.8646188850967,0.0055364805896293,0.0,36.72587142691642,36.72587142691642,3.3398821218074657,-1.7064520204039024,0.0055364805896293,0.2831672550393362,837,138,11,10,0,7,2,2,0.0,0.6363636363636364,0.18181818181818182,0.18181818181818182,65.43686646865352,93.35297969875573,100,17,36.49019003684828,5.50098231827112,1414,114,51.71641693497349,55.95939751146039,670,59,64.62676099192646,92.5343811394892,112,14
1478,186,103,"Gwin, Riley",1000429384.0,QUE_CAP,Changeup,L,25,52,35.03850151901649,4.689331770222744,40.37058151328141,14.505119453924914,-0.0008084946430183,0.0,36.63812551729596,36.63812551729596,3.274394237066143,-1.3046684198739522,-0.0008084946430183,0.2939084126685368,814,116,8,8,0,4,3,1,0.0,0.5,0.375,0.125,57.012078474372444,77.60314341846758,379,42,36.49019003684828,5.50098231827112,1492,103,33.59181493203887,5.599214145383105,1446,103,68.21564546932076,96.39816633922725,59,2
1479,187,104,"Thornton, Tyler",1000429124.0,NEW_ENG23,Changeup,L,115,187,34.25654505727154,4.103165298944901,42.084244598252674,20.13651877133106,0.0001760920694172,0.0,36.604854919565874,36.604854919565874,3.20890635232482,-1.372856369272986,0.0001760920694172,0.2914525052007559,819,118,31,30,3,13,6,12,0.1,0.41935483870967744,0.1935483870967742,0.3870967741935484,52.02967697237826,61.1984282907662,594,64,43.307247955777754,26.39161755075311,1135,81,50.61587184181617,51.34250163719712,745,62,51.66046868650186,58.41519318925998,637,59
1480,247,123,"Harris, Ben",1000390130.0,GAT_GRI,Sinker,L,72,111,35.79978672170842,6.096131301289566,38.26419267307847,8.64618885096701,-0.0020187223018123,-0.0015758181277581,36.53910850711944,36.53910850711944,3.143418467583497,-1.2382830398445444,-0.0020187223018123,0.2976850111964785,802,129,20,16,2,9,6,5,0.125,0.45,0.3,0.25,53.92298954313605,68.69679109364768,482,47,45.01151243551012,35.59266535690897,1004,63,40.62842512141349,15.553372626064178,1298,111,60.32009961905328,84.61034708578913,256,26
1481,248,124,"Hampton, Ky",673132.0,OTT_TIT,Sinker,L,79,155,35.69562797088905,5.978898007033997,38.506222898636615,9.215017064846416,-0.0018796636115819,0.0,36.53880644921332,36.53880644921332,3.077930582842174,-1.247365862198219,-0.0018796636115819,0.2944319368848739,803,130,27,19,3,11,7,9,0.15789473684210525,0.4074074074074074,0.25925925925925924,0.3333333333333333,51.29154341652727,57.629338572364105,650,62,47.25396569831587,46.29993451211526,825,42,44.450781273666365,24.787164374590702,1151,99,55.05640238554163,70.43222003929273,483,47
1482,249,125,"Tomczak, Anthony",687088.0,EVA_OTT,Sinker,R,26,70,36.38844005955349,7.033997655334115,36.716880240812486,5.915813424345847,-0.0029077320926844,-0.0043346734005544,36.48697211393119,36.48697211393119,3.0124426981008514,-1.186951455570683,-0.0029077320926844,0.2701999096022144,794,128,8,8,1,4,2,2,0.125,0.5,0.25,0.25,57.012078474372444,77.60314341846758,389,52,45.01151243551012,35.59266535690897,1007,53,45.319498580996566,28.127046496398165,1136,99,60.32009961905328,84.61034708578913,258,36
1483,250,126,"Miner, Jace",701731.0,DOW_EAS1,Sinker,R,81,115,35.65717176438085,5.74443141852286,38.39086004088982,8.987485779294653,-0.001945945448334,0.0,36.47727824733354,36.47727824733354,2.9469548133595285,-1.250719309598102,-0.001945945448334,0.3081541817252199,805,131,22,24,2,9,5,8,0.08333333333333333,0.4090909090909091,0.22727272727272727,0.36363636363636365,51.39555314485173,58.08775376555337,645,79,42.171071635956174,21.676489849377862,1201,76,47.45180469898887,36.86967910936477,967,84,53.14233066426467,64.07989521938441,554,68
1484,251,127,"Galva, Claudio",669996.0,GAT_GRI,Sinker,R,128,182,33.29370104444964,3.5169988276670576,43.79988897994889,28.327645051194537,0.0011618171377209,0.0,36.445557425099416,36.445557425099416,2.8814669286182055,-1.4568180244768476,0.0011618171377209,0.291754459478216,824,135,45,38,3,23,10,12,0.07894736842105263,0.5111111111111111,0.2222222222222222,0.26666666666666666,57.69854268131386,81.10674525212835,290,39,41.87207786758207,20.792403405370006,1211,78,47.92565050298717,38.83431565160445,939,83,59.267360172350955,81.9253438113949,279,38
1485,489,239,"Benitez, Jorge",1000561771.0,NEW_JER6,Four-Seam,L,34,85,30.75638971557338,2.2274325908558037,49.50838465888802,53.69738339021616,0.0044416386164999,0.00569889398668,36.38198819856777,36.38198819856777,2.8159790438768826,-1.6780759396770415,0.0044416386164999,0.3177931889757109,835,257,11,13,3,6,3,2,0.23076923076923078,0.5454545454545454,0.2727272727272727,0.18181818181818182,59.8203411391328,84.80681074001309,233,10,52.22186215745475,65.38965291421087,528,50,43.18719246300426,21.807465618860512,1191,189,64.62676099192646,92.5343811394892,113,4
1486,320,143,"Eldred, Zach",1000227712.0,NEW_ENG23,Slider,L,92,169,35.46936660434287,5.275498241500586,38.340166566662894,8.873720136518772,-0.0019750714308965,0.0,36.33060659303888,36.33060659303888,2.75049115913556,-1.2670962428111994,-0.0019750714308965,0.297289045753675,809,180,15,17,6,7,4,4,0.35294117647058826,0.4666666666666667,0.26666666666666666,0.26666666666666666,54.95268585354818,71.67648984937787,436,50,60.55039445659935,85.29796987557302,226,41,43.75580742780221,23.18271119842829,1179,111,59.267360172350955,81.9253438113949,281,27
1487,490,240,"Gaskey, Blake",1000362764.0,NIU_HUS,Four-Seam,L,29,62,29.26384685154089,1.7584994138335288,52.658812582476266,64.84641638225256,0.0062517198975022,0.0,36.2823365708215,36.2823365708215,2.685003274394237,-1.808228246445408,0.0062517198975022,0.3458713210116838,839,260,12,10,1,5,4,3,0.1,0.4166666666666667,0.3333333333333333,0.25,51.863596922311785,60.28159790438769,606,43,43.307247955777754,26.39161755075311,1118,166,37.501042815024775,10.31434184675835,1358,223,60.32009961905328,84.61034708578913,226,12
1488,252,128,"Thornton, Tyler",1000429124.0,NEW_ENG23,Sinker,R,63,121,29.220318736786837,1.6412661195779603,52.731188491096496,65.35836177474403,0.0062933035428248,0.0076597470329272,36.27357966307973,36.27357966307973,2.619515389652914,-1.8120239729743013,0.0062933035428248,0.3263047048770487,840,139,19,21,2,8,4,7,0.09523809523809523,0.42105263157894735,0.21052631578947367,0.3684210526315789,52.13456963557814,61.55861165684349,586,72,42.98262615011444,24.49246889325475,1153,68,49.02297762803584,44.46627373935822,845,73,52.84010881353673,63.261296660117885,560,70
1489,321,144,"Tiburcio, David",696010.0,DOW_EAS1,Slider,L,37,89,35.08652374574589,4.9237983587338805,37.3916530408183,6.939704209328783,-0.0025200407555568,0.0,35.77806253426761,35.77806253426761,2.5540275049115913,-1.3004807990453633,-0.0025200407555568,0.3021992644765354,812,181,6,7,2,6,0,0,0.2857142857142857,1.0,0.0,0.0,80.0,99.77079240340537,7,1,55.96749837664676,76.55533726260641,368,63,68.77486587891195,96.29993451211526,105,16,76.11119131958824,98.91944990176817,30,3
1490,65,34,"Lawson, Nathan",1000569348.0,FLO_Y'A,Cutter,R,41,71,36.295441138188295,6.682297772567409,34.256077816415086,3.35608646188851,-0.0043215884044877,0.0,35.68363214165633,35.68363214165633,2.4885396201702688,-1.1950611215872071,-0.0043215884044877,0.2590026468113292,797,37,17,10,2,5,3,9,0.2,0.29411764705882354,0.17647058823529413,0.5294117647058824,44.29230052222259,30.12442698100851,1074,30,50.12430587470722,58.08775376555337,661,15,52.218136021559914,58.51342501637197,645,17,42.671232424337745,23.64112639161755,1172,27
1491,253,125,"Manning, Noah",828538.0,WIN_CIT29,Sinker,L,30,55,36.50786161086205,7.151230949589683,33.72411937704325,3.0147895335608648,-0.0046272256184575,-0.0018225963013943,35.67273894071641,35.67273894071641,2.4230517354289454,-1.1765376907434058,-0.0046272256184575,0.3242120470393249,793,127,8,9,2,3,3,2,0.2222222222222222,0.375,0.375,0.25,49.289356146281456,49.574328749181404,781,73,51.63920763446932,63.42501637197119,572,23,33.59181493203887,5.599214145383105,1450,127,60.32009961905328,84.61034708578913,260,27
1492,254,129,"Hampton, Ky",673132.0,OTT_TIT,Sinker,R,76,155,35.69562797088905,5.978898007033997,35.56503097569347,4.6643913538111486,-0.0035695281546471,-0.0048309522120906,35.65644887233037,35.65644887233037,2.357563850687623,-1.247365862198219,-0.0035695281546471,0.2944319368848739,803,130,28,19,0,16,6,6,0.0,0.5714285714285714,0.21428571428571427,0.21428571428571427,61.425062661853005,87.3608382449247,201,32,36.49019003684828,5.50098231827112,1518,129,48.67026533784162,42.403405370006546,891,79,62.57596986198685,89.62017026850033,163,22
1493,66,32,"Lawson, Nathan",1000569348.0,FLO_Y'A,Cutter,L,30,71,36.295441138188295,6.682297772567409,33.40787611125813,2.7872582480091013,-0.0048089234796765,-0.002168741884948,35.429171630109245,35.429171630109245,2.2920759659463,-1.1950611215872071,-0.0048089234796765,0.2590026468113292,797,37,12,9,0,4,4,4,0.0,0.3333333333333333,0.3333333333333333,0.3333333333333333,46.71511537025113,39.91486574983628,953,21,36.49019003684828,5.50098231827112,1520,33,37.501042815024775,10.31434184675835,1398,27,55.05640238554163,70.43222003929273,489,16
1494,491,241,"Rybarczyk, Ty",1000084463.0,JOL_SLA,Four-Seam,L,46,61,30.61874506053558,2.1101992966002343,45.0483077744839,34.243458475540386,0.0018790973122394,0.0,34.947613874720076,34.947613874720076,2.226588081204977,-1.6900787905158472,0.0018790973122394,0.3219027219940174,836,258,10,9,1,3,2,5,0.1111111111111111,0.3,0.2,0.5,44.655722749426864,31.761624099541585,1049,124,44.0646988356588,30.648330058939095,1063,154,50.010572040579646,48.16633922724296,804,114,44.52900791851833,29.3713163064833,1096,139
1495,188,105,"Puccetti, Dominic",1000266076.0,OTT_TIT,Changeup,L,65,162,35.49953889810839,5.3927315357561545,33.05101132757473,2.4459613196814565,-0.0050139604716222,0.0,34.76498062694829,34.76498062694829,2.161100196463654,-1.264465166861082,-0.0050139604716222,0.2923788701279094,808,115,12,13,1,4,4,4,0.07692307692307693,0.3333333333333333,0.3333333333333333,0.3333333333333333,46.71511537025113,39.91486574983628,954,88,41.7340807437171,20.13752455795678,1228,87,37.501042815024775,10.31434184675835,1399,100,55.05640238554163,70.43222003929273,490,48
1496,255,126,"Galva, Claudio",669996.0,GAT_GRI,Sinker,L,54,182,33.29370104444964,3.5169988276670576,37.9805164434201,7.963594994311718,-0.0021817087422655,-0.0015758181277581,34.69974566414078,34.69974566414078,2.0956123117223315,-1.4568180244768476,-0.0021817087422655,0.291754459478216,824,135,21,15,2,7,4,10,0.13333333333333333,0.3333333333333333,0.19047619047619047,0.47619047619047616,46.71511537025113,39.91486574983628,945,87,45.57960059542091,38.73608382449247,941,57,50.90410984240499,52.455795677799614,729,53,46.03292141380737,34.70857891290111,999,98
1497,492,242,"Beriguete, Randy",691335.0,LAK_ERI24,Four-Seam,L,35,102,30.222088191537438,1.875732708089097,44.88944891132828,33.39021615472127,0.0017878248052995,0.0,34.62229640747469,34.62229640747469,2.030124426981008,-1.7246679522342223,0.0017878248052995,0.3260454939611103,838,259,9,9,2,4,2,3,0.2222222222222222,0.4444444444444444,0.2222222222222222,0.3333333333333333,53.579757439665336,67.3215455140799,502,30,51.63920763446932,63.42501637197119,566,55,47.92565050298717,38.83431565160445,938,136,55.05640238554163,70.43222003929273,461,33
1498,153,82,"Cameron, Wyatt",1000179557.0,SCH_BOO,Curveball,R,62,109,26.82630075170301,1.0550996483001172,51.98593738126476,62.91240045506257,0.0058651188275192,0.0,34.37419174057153,34.37419174057153,1.9646365422396856,-2.020786461953535,0.0058651188275192,0.3594628372911083,845,86,7,15,8,2,3,2,0.5333333333333333,0.2857142857142857,0.42857142857142855,0.2857142857142857,43.773125911930755,28.323510150622134,1095,76,72.84783227113877,97.18402095612312,45,5,28.565664796771294,2.4230517354289454,1487,81,58.06422937611972,79.56777996070727,305,34
1499,493,243,"McKillican, Adam",1000570064.0,QUE_CAP,Four-Seam,L,37,52,33.03380097118213,3.399765533411489,37.49079905673331,7.1103526734926055,-0.0024630763202971,-0.0002010836084112,34.37090039684748,34.37090039684748,1.899148657498363,-1.4794817582162207,-0.0024630763202971,0.3201850589678118,825,255,8,8,1,1,5,2,0.125,0.125,0.625,0.25,33.84391149009949,2.8159790438768826,1490,237,45.01151243551012,35.59266535690897,1006,142,20.0,0.19646365422396855,1525,246,60.32009961905328,84.61034708578913,257,16
1500,154,83,"Johnston, Spencer",800918.0,DOW_EAS1,Curveball,R,34,66,25.232090194485917,0.7033997655334115,55.1091798306201,72.52559726962457,0.0076595806691254,0.0003819533883877,34.19521708532617,34.19521708532617,1.8336607727570402,-2.159804366562117,0.0076595806691254,0.3230673372652575,848,87,12,12,2,6,3,3,0.16666666666666666,0.5,0.25,0.25,57.012078474372444,77.60314341846758,318,37,47.85195323506406,49.08316961362148,763,52,45.319498580996566,28.127046496398165,1074,57,60.32009961905328,84.61034708578913,224,25
1501,67,35,"Townes, Holland",830218.0,SCH_BOO,Cutter,R,35,61,28.649457414070397,1.406799531066823,46.91598589049685,43.344709897610926,0.0029521735033881,0.0018844783206287,34.12941595699833,34.12941595699833,1.768172888015717,-1.861804062904615,0.0029521735033881,0.298917094116977,842,38,9,8,0,4,3,2,0.0,0.4444444444444444,0.3333333333333333,0.2222222222222222,53.579757439665336,67.3215455140799,499,12,36.49019003684828,5.50098231827112,1446,32,37.501042815024775,10.31434184675835,1372,31,62.07466536355717,88.37590045841519,183,7
1502,155,72,"Cameron, Wyatt",1000179557.0,SCH_BOO,Curveball,L,47,109,26.82630075170301,1.0550996483001172,50.45307339045245,57.33788395904437,0.0049844104020645,0.0,33.91433254332784,33.91433254332784,1.7026850032743943,-2.020786461953535,0.0049844104020645,0.3594628372911083,845,86,3,10,5,1,2,0,0.5,0.3333333333333333,0.6666666666666666,0.0,46.71511537025113,39.91486574983628,913,55,70.57547963149563,95.87426326129666,62,10,20.0,0.13097576948264572,1526,76,76.11119131958824,98.91944990176817,6,1
1503,189,84,"Duby, Bill",1000270408.0,NEW_JER6,Changeup,R,79,163,30.944726144806754,2.5791324736225087,40.34134318928118,14.391353811149031,-0.0008252935491493,0.0001357495181603,33.76371125814908,33.76371125814908,1.6371971185330716,-1.6616526788756636,-0.0008252935491493,0.286064055091173,832,120,27,20,3,11,5,11,0.15,0.4074074074074074,0.18518518518518517,0.4074074074074074,51.29154341652727,57.629338572364105,649,61,46.715776915242486,44.073346430910284,859,51,51.40051973230796,54.616895874263264,697,50,50.37756040019794,52.91421087098887,722,56
1504,494,244,"Miranda, Agnel",695064.0,NEW_JER6,Four-Seam,L,26,50,26.70693821841578,0.9378663540445484,50.113624422602335,56.5415244596132,0.0047893796832341,-4.163336342344337e-17,33.72894407967175,33.72894407967175,1.5717092337917484,-2.0311950803077687,0.0047893796832341,0.277126719064393,846,261,7,6,0,3,1,3,0.0,0.42857142857142855,0.14285714285714285,0.42857142857142855,52.59909428689188,63.78519973804846,553,37,36.49019003684828,5.50098231827112,1423,230,55.37179885153173,72.59332023575638,422,47,49.04074840438546,47.511460379829735,798,80
1505,322,145,"Miranda, Kevin",806656.0,OTT_TIT,Slider,L,32,78,31.56666570578544,2.696365767878077,38.46721299706833,9.101251422070536,-0.0019020767866537,-0.00256183598883,33.63682989317031,33.63682989317031,1.5062213490504257,-1.6074184786509664,-0.0019020767866537,0.3380501686634028,831,184,8,10,2,4,3,1,0.2,0.5,0.375,0.125,57.012078474372444,77.60314341846758,383,42,50.12430587470722,58.08775376555337,659,101,33.59181493203887,5.599214145383105,1449,132,68.21564546932076,96.39816633922725,62,7
1506,256,127,"Smith, Donny",1000381366.0,JOL_SLA,Sinker,L,67,146,25.572860438957697,0.8206330597889802,52.2296271898414,63.48122866894198,0.0060051310327098,0.0,33.56989046422281,33.56989046422281,1.4407334643091028,-2.1300886146967435,0.0060051310327098,0.3282152471866574,847,141,22,21,0,4,7,11,0.0,0.18181818181818182,0.3181818181818182,0.5,37.35423982104994,8.284217419777342,1401,121,36.49019003684828,5.50098231827112,1407,114,38.922580227019644,13.097576948264573,1328,114,44.52900791851833,29.3713163064833,1076,101
1507,257,128,"Foy, Corbin",813822.0,LAK_ERI24,Sinker,L,43,57,28.67799825011895,1.5240328253223916,44.68576910205438,32.48009101251422,0.0016708003822602,0.0,33.48032950569958,33.48032950569958,1.37524557956778,-1.8593152528755477,0.0016708003822602,0.3346731759451721,841,140,10,9,1,5,1,4,0.1111111111111111,0.5,0.1,0.4,57.012078474372444,77.60314341846758,362,34,44.0646988356588,30.648330058939095,1065,71,59.39271895974579,84.67583497053045,235,13,50.845444598732314,55.10805500982319,693,69
1508,68,33,"Townes, Holland",830218.0,SCH_BOO,Cutter,L,26,61,28.649457414070397,1.406799531066823,42.46662712286728,22.525597269624573,0.000395790303046,0.0,32.794608326709465,32.794608326709465,1.309757694826457,-1.861804062904615,0.000395790303046,0.298917094116977,842,38,6,6,1,1,1,4,0.16666666666666666,0.16666666666666666,0.16666666666666666,0.6666666666666666,36.418152266129816,6.221349050425671,1439,31,47.85195323506406,49.08316961362148,786,14,53.137954346968364,63.0648330058939,582,13,34.001613451495025,4.715127701375246,1463,31
1509,495,245,"Cosentino, Nick",700818.0,JOL_SLA,Four-Seam,L,54,84,35.083018825433,4.806565064478312,27.246807482657644,0.6257110352673493,-0.008348771165796,-0.0020850591628257,32.73215542260039,32.73215542260039,1.2442698100851344,-1.3007864341294566,-0.008348771165796,0.2778225256035262,813,251,19,15,1,5,2,12,0.06666666666666667,0.2631578947368421,0.10526315789473684,0.631578947368421,42.37955195798953,23.968565815324165,1165,148,41.034895316134595,17.452521283562543,1268,202,58.89892175347389,83.66077275703995,253,26,36.21790702349993,7.400130975769483,1416,224
1510,24,11,"Andueza, Axel",672847.0,DOW_EAS1,Splitter,R,26,96,28.466567748977983,1.2895662368112544,41.99000867538656,19.681456200227533,0.0001219487326657,0.0,32.52360002690055,32.52360002690055,1.1787819253438114,-1.877752356497712,0.0001219487326657,0.3382889973000277,843,14,3,8,3,0,1,2,0.375,0.0,0.3333333333333333,0.6666666666666666,26.121189162008505,0.45841519318926005,1524,11,62.05415723283379,87.06614276358874,202,7,37.501042815024775,10.31434184675835,1389,10,34.001613451495025,4.715127701375246,1464,11
1511,25,14,"Andueza, Axel",672847.0,DOW_EAS1,Splitter,L,70,96,28.466567748977983,1.2895662368112544,41.734548404345446,18.828213879408416,-2.4826202633986192e-05,0.0,32.44696194558822,32.44696194558822,1.1132940406024885,-1.877752356497712,-2.4826202633986192e-05,0.3382889973000277,843,14,9,17,8,2,3,4,0.47058823529411764,0.2222222222222222,0.3333333333333333,0.4444444444444444,39.850473300836924,15.160445317616242,1305,13,68.57046259651636,94.5645055664702,85,5,37.501042815024775,10.31434184675835,1390,13,48.038139407526096,43.28749181401441,873,12
1512,156,73,"Johnston, Spencer",800918.0,DOW_EAS1,Curveball,L,32,66,25.232090194485917,0.7033997655334115,48.78810212114086,51.13765642775881,0.004027799617408,0.0,32.2988937724824,32.2988937724824,1.0478061558611658,-2.159804366562117,0.004027799617408,0.3230673372652575,848,87,6,9,4,3,2,1,0.4444444444444444,0.5,0.3333333333333333,0.16666666666666666,57.012078474372444,77.60314341846758,346,29,66.78822523209035,92.63261296660119,113,20,37.501042815024775,10.31434184675835,1368,61,65.58379685256494,93.77865094957433,93,20
1513,157,84,"Plumadore, Carson",1000207816.0,WIN_CIT29,Curveball,R,41,77,21.852417042178736,0.4689331770222743,56.475484910245775,75.76791808873719,0.0084445925179132,0.0023223837023161,32.23933740259885,32.23933740259885,0.9823182711198428,-2.4545176826724946,0.0084445925179132,0.3662622831997464,850,88,4,9,4,2,2,0,0.4444444444444444,0.5,0.5,0.0,57.012078474372444,77.60314341846758,313,35,66.78822523209035,92.63261296660119,109,13,21.864131283081186,0.8185985592665358,1513,85,76.11119131958824,98.91944990176817,4,1
1514,258,129,"Thornton, Tyler",1000429124.0,NEW_ENG23,Sinker,L,58,121,29.220318736786837,1.6412661195779603,37.87715923284144,7.792946530147896,-0.0022410927233191,0.0,31.817370885603218,31.817370885603218,0.9168303863785201,-1.8120239729743013,-0.0022410927233191,0.3263047048770487,840,139,24,16,0,8,4,12,0.0,0.3333333333333333,0.16666666666666666,0.5,46.71511537025113,39.91486574983628,947,88,36.49019003684828,5.50098231827112,1510,128,53.137954346968364,63.0648330058939,590,41,44.52900791851833,29.3713163064833,1120,106
1515,259,130,"Kramer, Cameron",1000249123.0,TRO_AIG,Sinker,L,38,69,30.430982368983194,1.992966002344666,34.57767824940552,3.6405005688282137,-0.0041368125778898,-0.0030139279987775,31.67499113310989,31.67499113310989,0.8513425016371972,-1.7064520204039024,-0.0041368125778898,0.2831672550393362,837,138,14,12,2,6,2,6,0.16666666666666666,0.42857142857142855,0.14285714285714285,0.42857142857142855,52.59909428689188,63.78519973804846,573,56,47.85195323506406,49.08316961362148,800,39,55.37179885153173,72.59332023575638,447,26,49.04074840438546,47.511460379829735,819,76
1516,323,146,"Catrambone, Ben",1000565186.0,JOL_SLA,Slider,L,31,108,30.855652260099347,2.344665885111372,33.33803769069227,2.6734926052332195,-0.0048490492088877,0.0,31.600367889277223,31.600367889277223,0.7858546168958742,-1.669420074939698,-0.0048490492088877,0.3471820909201246,834,185,5,7,1,0,2,3,0.14285714285714285,0.0,0.4,0.6,26.121189162008505,0.45841519318926005,1527,146,46.228844206747524,41.87950229207596,909,119,31.246278202247336,3.9292730844793713,1476,137,38.21257123830435,11.42763588736084,1364,130
1517,190,106,"Duby, Bill",1000270408.0,NEW_JER6,Changeup,L,84,163,30.944726144806754,2.5791324736225087,32.98561961310479,2.389078498293516,-0.005051531341728,-0.0007021417230688,31.556994185296162,31.556994185296162,0.7203667321545514,-1.6616526788756636,-0.005051531341728,0.286064055091173,832,120,32,25,5,12,4,16,0.2,0.375,0.125,0.5,49.289356146281456,49.574328749181404,782,81,50.12430587470722,58.08775376555337,663,44,57.04718222995426,78.42174197773411,354,30,44.52900791851833,29.3713163064833,1121,93
1518,496,251,"Benitez, Jorge",1000561771.0,NEW_JER6,Four-Seam,R,51,85,30.75638971557338,2.2274325908558037,31.471501152000464,1.706484641638225,-0.0059214695057293,-0.0083807520764855,30.970923146501505,30.970923146501505,0.6548788474132285,-1.6780759396770415,-0.0059214695057293,0.3177931889757109,835,257,17,13,1,7,5,5,0.07692307692307693,0.4117647058823529,0.29411764705882354,0.29411764705882354,51.560745066308215,58.808120497707925,635,40,41.7340807437171,20.13752455795678,1229,201,41.18031611665856,17.026850032743944,1274,211,57.53343637778241,78.12704649639817,340,16
1519,497,252,"Nabholz, Nate",1000113106.0,TRI_VAL,Four-Seam,R,39,99,20.0,0.1172332942555685,53.3602905917717,67.29237770193402,0.0066547547373579,0.0089245287051706,30.00808717753151,30.00808717753151,0.5893909626719057,-2.665754214419017,0.0066547547373579,0.3576297446376179,853,262,12,14,5,5,3,4,0.35714285714285715,0.4166666666666667,0.25,0.3333333333333333,51.863596922311785,60.28159790438769,603,33,60.83682546159638,85.59266535690897,222,24,45.319498580996566,28.127046496398165,1077,185,55.05640238554163,70.43222003929273,435,26
1520,191,85,"Anderson, Colt",1000568252.0,WAS_WIL3,Changeup,R,42,51,23.9571170510564,0.5861664712778429,42.26071667833494,21.444823663253697,0.0002774842664532,0.0,29.448196939239963,29.448196939239963,0.5239030779305829,-2.270984219204161,0.0002774842664532,0.3200850384911073,849,123,11,8,0,5,1,5,0.0,0.45454545454545453,0.09090909090909091,0.45454545454545453,54.20381580961208,69.44990176817288,471,47,36.49019003684828,5.50098231827112,1484,83,60.245641406942724,86.4112639161755,211,21,47.40011550043378,40.76620825147348,910,66
1521,260,130,"Smith, Donny",1000381366.0,JOL_SLA,Sinker,R,79,146,25.572860438957697,0.8206330597889802,37.78372848866887,7.565415244596132,-0.0022947734439065,0.0,29.236120853871046,29.236120853871046,0.45841519318926005,-2.1300886146967435,-0.0022947734439065,0.3282152471866574,847,141,21,20,2,11,4,6,0.1,0.5238095238095238,0.19047619047619047,0.2857142857142857,58.48307320353263,81.99083169613621,277,36,43.307247955777754,26.39161755075311,1139,65,50.90410984240499,52.455795677799614,731,68,58.06422937611972,79.56777996070727,325,44
1522,158,85,"Westcott, Zac",686170.0,FLO_Y'A,Curveball,R,117,163,20.652486520241805,0.2344665885111371,46.70251468653522,41.979522184300336,0.0028295234254635,0.0,28.467494970129827,28.467494970129827,0.3929273084479371,-2.559153689554011,0.0028295234254635,0.3776156514861383,852,90,34,32,3,17,9,8,0.09375,0.5,0.2647058823529412,0.23529411764705882,57.012078474372444,77.60314341846758,352,41,42.88118183584466,24.09954158480681,1160,74,43.939771092883895,23.772102161100197,1165,64,61.24898736614358,86.83693516699411,202,21
1523,159,86,"Lovin, Xander",815234.0,GAT_GRI,Curveball,R,29,65,21.092845762738747,0.3516998827667058,44.24681178852708,30.43230944254835,0.0014185970512696,-0.0005944208886825,28.03903557047525,28.03903557047525,0.3274394237066143,-2.52075360564426,0.0014185970512696,0.3545862741525802,851,89,11,10,1,3,5,3,0.1,0.2727272727272727,0.45454545454545453,0.2727272727272727,42.97076515057065,26.064178127046496,1133,79,43.307247955777754,26.39161755075311,1130,72,26.1287435190658,1.5717092337917484,1505,84,58.88454582809556,81.17223313686968,291,33
1524,498,246,"Nabholz, Nate",1000113106.0,TRI_VAL,Four-Seam,L,60,99,20.0,0.1172332942555685,43.625718510286525,27.360637087599542,0.001061747333083,0.0,27.087715553085957,27.087715553085957,0.26195153896529144,-2.665754214419017,0.001061747333083,0.3576297446376179,853,262,14,15,5,4,2,8,0.3333333333333333,0.2857142857142857,0.14285714285714285,0.5714285714285714,43.773125911930755,28.323510150622134,1104,135,59.21371643327984,83.00589390962672,270,19,55.37179885153173,72.59332023575638,438,49,40.0172674326512,15.520628683693516,1297,192
1525,160,74,"Westcott, Zac",686170.0,FLO_Y'A,Curveball,L,46,163,20.652486520241805,0.2344665885111371,40.14174363191958,13.708759954493743,-0.0009399736596738,0.0,26.49926365374514,26.49926365374514,0.19646365422396855,-2.559153689554011,-0.0009399736596738,0.3776156514861383,852,90,10,8,1,5,5,0,0.125,0.5,0.5,0.0,57.012078474372444,77.60314341846758,380,31,45.01151243551012,35.59266535690897,1000,66,21.864131283081186,0.8185985592665358,1517,73,76.11119131958824,98.91944990176817,27,9
1526,161,75,"Lovin, Xander",815234.0,GAT_GRI,Curveball,L,36,65,21.092845762738747,0.3516998827667058,38.91007477652434,10.12514220705347,-0.0016476301411479,0.0,26.438014466874424,26.438014466874424,0.13097576948264572,-2.52075360564426,-0.0016476301411479,0.3545862741525802,851,89,5,8,1,1,3,1,0.125,0.2,0.6,0.2,38.47754488695408,11.100196463654225,1370,74,45.01151243551012,35.59266535690897,1002,67,20.0,0.26195153896529144,1524,75,63.47831795916028,90.9954158480681,146,23
1527,162,76,"Plumadore, Carson",1000207816.0,WIN_CIT29,Curveball,L,36,77,21.852417042178736,0.4689331770222743,36.372417102779465,5.5745164960182025,-0.0031056437076369,0.0,26.208417060358954,26.208417060358954,0.06548788474132286,-2.4545176826724946,-0.0031056437076369,0.3662622831997464,850,88,9,8,2,2,3,4,0.25,0.2222222222222222,0.3333333333333333,0.4444444444444444,39.850473300836924,15.160445317616242,1307,69,53.53283483417195,69.25343811394892,493,46,37.501042815024775,10.31434184675835,1396,67,48.038139407526096,43.28749181401441,878,59
