pitcher_name,pitcher_id,pitcher_team,pitch_type,batter_side,pitch_count,batted_ball_count,final_pitch_score_20_80,final_pitch_score_0_100,overall_rank,pitch_type_rank,pitch_type_batter_side_rank,archetype,cluster,IVB,HB,velocity,spin_rate,extension,release_height,release_side,stuff_plus_raw,stuff_plus_20_80,stuff_plus_0_100,stuff_plus_rank,stuff_plus_pitch_type_rank,stuff_plus_model_type,stuff_plus_model_pitch_type
"Harris, Everette",810834.0,TRI_VAL,Slider,L,29,13,57.936198994257865,85.92010478061559,216,85,22,Tight High-Spin Breakers,1,1.2359558490566038,-8.731807547169812,80.46415150943396,2861.77099245283,6.146983018867925,3.951598867924528,3.9641062264150944,60.25560160091313,80.0,100.0,1,1,pitch_type_specific,Slider
"Vega, Lucas",837223.0,TRO_AIG,Slider,R,94,36,67.14630157926732,98.10085134250164,30,17,11,Tight High-Spin Breakers,1,6.615676940298508,-9.30305156716418,79.20904149253732,2697.287079104478,5.9418859701492535,5.111311268656716,2.42052776119403,58.74605148634589,80.0,99.90176817288801,2,2,pitch_type_specific,Slider
"Vega, Lucas",837223.0,TRO_AIG,Slider,L,40,36,56.95554802828151,83.30058939096267,256,98,27,Tight High-Spin Breakers,1,6.615676940298508,-9.30305156716418,79.20904149253732,2697.287079104478,5.9418859701492535,5.111311268656716,2.42052776119403,58.74605148634589,80.0,99.90176817288801,3,3,pitch_type_specific,Slider
"Harper, Scott",1000241275.0,NEW_YOR13,Slider,R,166,33,71.53387576495524,99.27963326784544,12,8,7,Tight High-Spin Breakers,1,3.346564575471698,-16.631781981132075,79.80554976415094,2665.492833018868,5.580029716981132,4.163122358490567,1.882955424528302,58.33169087300057,80.0,99.77079240340537,4,4,pitch_type_specific,Slider
"Harper, Scott",1000241275.0,NEW_YOR13,Slider,L,46,33,66.40464798291379,97.77341191879503,35,20,7,Tight High-Spin Breakers,1,3.346564575471698,-16.631781981132075,79.80554976415094,2665.492833018868,5.580029716981132,4.163122358490567,1.882955424528302,58.33169087300057,80.0,99.77079240340537,5,5,pitch_type_specific,Slider
"Plumadore, Carson",1000207816.0,WIN_CIT29,Slider,R,78,32,62.84376882186204,94.95743287491814,78,39,30,Tight High-Spin Breakers,1,2.7306585217391306,-4.919322347826087,76.00303965217392,2439.3928669565216,5.505934956521739,4.30432347826087,4.090954173913043,57.65829116399325,78.91081333116739,99.63981663392273,6,6,pitch_type_specific,Slider
"Plumadore, Carson",1000207816.0,WIN_CIT29,Slider,L,37,32,57.51311768659782,85.0687622789784,229,91,25,Tight High-Spin Breakers,1,2.7306585217391306,-4.919322347826087,76.00303965217392,2439.3928669565216,5.505934956521739,4.30432347826087,4.090954173913043,57.65829116399325,78.91081333116739,99.63981663392273,7,7,pitch_type_specific,Slider
"Petery, Dylan",10998503.0,WIN_CIT29,Slider,R,31,14,49.84086377429536,52.455795677799614,727,205,126,Tight High-Spin Breakers,1,-0.5979070370370371,-11.955870185185184,78.10627685185185,2605.649588888889,5.739516666666667,5.073017407407408,1.840908703703704,57.25644938294012,77.4432150999352,99.54158480681073,8,8,pitch_type_specific,Slider
"Saturria, Michael",800014.0,NEW_ENG23,Slider,R,146,73,54.55956128868678,75.76948264571054,371,127,90,Tight High-Spin Breakers,1,3.8921608870967743,-7.299194717741935,80.70209439516128,2706.3011431451614,5.903183185483871,5.639853629032258,3.240599677419355,56.89883683390425,76.13714995395654,99.44335297969874,9,9,pitch_type_specific,Slider
"Saturria, Michael",800014.0,NEW_ENG23,Slider,L,102,73,53.60025695309399,71.57825802226589,435,140,44,Tight High-Spin Breakers,1,3.8921608870967743,-7.299194717741935,80.70209439516128,2706.3011431451614,5.903183185483871,5.639853629032258,3.240599677419355,56.89883683390425,76.13714995395654,99.44335297969874,10,10,pitch_type_specific,Slider
"Conklin, MacCallan",1000187772.0,TRO_AIG,Slider,R,26,15,49.37610381191655,50.36018336607727,759,212,129,Soft-Speed Separation,0,9.27115,0.5093811538461538,84.09500384615384,2526.428848076923,6.587994807692308,5.629135384615385,1.4304273076923075,56.88261000061948,76.07788664946686,99.31237721021611,11,11,pitch_type_specific,Slider
"Conklin, MacCallan",1000187772.0,TRO_AIG,Slider,L,26,15,47.90585759602729,42.6981008513425,876,231,91,Soft-Speed Separation,0,9.27115,0.5093811538461538,84.09500384615384,2526.428848076923,6.587994807692308,5.629135384615385,1.4304273076923075,56.88261000061948,76.07788664946686,99.31237721021611,12,12,pitch_type_specific,Slider
"Campbell, Tyler",809429.0,MIS_MUD,Slider,L,88,69,54.05444584107535,73.41191879502293,407,135,41,Tight High-Spin Breakers,1,8.124262763819095,3.905476432160804,74.30017939698492,2210.51016080402,5.6952886934673375,4.578440854271357,-2.731977638190955,56.88233988036116,76.07690012185321,99.18140144073347,13,13,pitch_type_specific,Slider
"Campbell, Tyler",809429.0,MIS_MUD,Slider,R,111,69,48.8066464518872,48.1335952848723,793,218,133,Tight High-Spin Breakers,1,8.124262763819095,3.905476432160804,74.30017939698492,2210.51016080402,5.6952886934673375,4.578440854271357,-2.731977638190955,56.88233988036116,76.07690012185321,99.18140144073347,14,14,pitch_type_specific,Slider
"Duby, Bill",1000270408.0,NEW_JER6,Slider,R,57,33,61.88601790771137,93.90962671905696,94,45,35,Soft-Speed Separation,0,7.817823375000001,0.28990375,79.702603875,2041.42106875,6.55806175,5.484541125,3.0356905000000003,56.766297400701454,75.6530921807027,99.08316961362148,15,15,pitch_type_specific,Slider
"Good, Ty",688612.0,GAT_GRI,Cutter,R,40,23,57.05254402747928,83.62802881466929,251,11,6,Soft-Speed Separation,0,16.98774172413793,7.63505775862069,88.4158974137931,2058.7278965517244,6.143794137931034,7.015577241379311,-0.3371765517241379,56.75865322922143,75.62517429592248,99.01768172888016,16,1,pitch_type_specific,Cutter
"Widener, Jacob",683179.0,SUS_COU1,Slider,R,37,12,61.00933322734049,92.79633267845448,111,51,41,Tight High-Spin Breakers,1,3.328754725274725,16.16417824175824,80.48753791208792,2854.309386813187,6.1079559340659335,4.210423846153846,-4.4429272527472525,56.689257722438484,75.37172946312485,98.91944990176817,17,16,pitch_type_specific,Slider
"Widener, Jacob",683179.0,SUS_COU1,Slider,L,54,12,59.31360873134852,89.19449901768172,166,69,16,Tight High-Spin Breakers,1,3.328754725274725,16.16417824175824,80.48753791208792,2854.309386813187,6.1079559340659335,4.210423846153846,-4.4429272527472525,56.689257722438484,75.37172946312485,98.91944990176817,18,17,pitch_type_specific,Slider
"Voytko, Fawster",1000207039.0,TRO_AIG,Slider,R,34,14,43.8133323845724,20.759659462999345,1211,282,162,Tight High-Spin Breakers,1,0.6686503921568628,-11.88242549019608,78.54973352941177,2333.728417647059,6.233185294117647,6.036168627450981,1.7088492156862745,56.65977986877526,75.26407105641738,98.82121807465619,19,18,pitch_type_specific,Slider
"Morin, Jacob",822351.0,QUE_CAP,Slider,R,60,20,65.34791700145557,97.18402095612312,44,25,18,Tight High-Spin Breakers,1,7.428107882352942,-6.154813882352941,77.36671694117646,2494.7016129411763,5.495547738095238,5.236946823529412,1.0600265882352942,56.65879997042555,75.26049229195677,98.72298624754421,20,19,pitch_type_specific,Slider
"Morin, Jacob",822351.0,QUE_CAP,Slider,L,25,20,58.91917269473958,88.01571709233792,184,79,19,Tight High-Spin Breakers,1,7.428107882352942,-6.154813882352941,77.36671694117646,2494.7016129411763,5.495547738095238,5.236946823529412,1.0600265882352942,56.65879997042555,75.26049229195677,98.72298624754421,21,20,pitch_type_specific,Slider
"Whitesell, Max",1000223610.0,FLO_Y'A,Slider,R,111,49,60.59106157062687,92.20694171578258,120,56,44,Tight High-Spin Breakers,1,6.181611337579618,-4.490326242038217,80.25933649681528,2081.241484076433,6.293946305732485,5.041165987261147,2.9359119108280254,56.49251861744151,74.65320297802154,98.59201047806155,22,21,pitch_type_specific,Slider
"Whitesell, Max",1000223610.0,FLO_Y'A,Slider,L,46,49,52.62278196676863,66.7976424361493,508,154,54,Tight High-Spin Breakers,1,6.181611337579618,-4.490326242038217,80.25933649681528,2081.241484076433,6.293946305732485,5.041165987261147,2.9359119108280254,56.49251861744151,74.65320297802154,98.59201047806155,23,22,pitch_type_specific,Slider
"Godwin, Connor",802684.0,NEW_YOR13,Slider,R,51,19,50.51730624869587,55.92665356908972,674,192,120,Tight High-Spin Breakers,1,0.0053965591397849,-10.206982043010752,82.4243435483871,2535.119165591398,6.105867741935484,5.0952276344086025,2.834425376344086,56.37619931597962,74.22838403401764,98.46103470857891,24,23,pitch_type_specific,Slider
"Godwin, Connor",802684.0,NEW_YOR13,Slider,L,42,19,41.90053021439471,14.472822527832353,1307,297,128,Tight High-Spin Breakers,1,0.0053965591397849,-10.206982043010752,82.4243435483871,2535.119165591398,6.105867741935484,5.0952276344086025,2.834425376344086,56.37619931597962,74.22838403401764,98.46103470857891,25,24,pitch_type_specific,Slider
"Morgan, Marcus",808861.0,JOL_SLA,Slider,L,42,13,50.30015744384558,54.813359528487226,691,196,74,Tight High-Spin Breakers,1,6.985688484848485,-9.187018030303031,84.86028803030304,2844.3510515151515,5.708886363636363,5.194676818181819,2.761155454545454,56.13733543511523,73.35601031483117,98.36280288146693,26,25,pitch_type_specific,Slider
"Martinez, Mason",809209.0,TRI_VAL,Slider,R,89,35,63.28818714552854,95.48133595284872,70,37,29,Soft-Speed Separation,0,6.419207196969697,0.1009975757575757,83.26583098484849,2349.487888636364,6.400489545454546,5.254459696969697,2.712698636363636,56.035718462608656,72.98488691217507,98.26457105435495,27,26,pitch_type_specific,Slider
"Martinez, Mason",809209.0,TRI_VAL,Slider,L,43,35,55.59497822621756,78.71643745907008,326,116,34,Soft-Speed Separation,0,6.419207196969697,0.1009975757575757,83.26583098484849,2349.487888636364,6.400489545454546,5.254459696969697,2.712698636363636,56.035718462608656,72.98488691217507,98.26457105435495,28,27,pitch_type_specific,Slider
"McKillican, Adam",1000570064.0,QUE_CAP,Slider,L,29,11,46.571840392499794,35.494433529796986,986,246,99,Tight High-Spin Breakers,1,3.333513,-3.4941902,80.10179720000001,2162.12909,6.4447396,5.7142468,1.7126068,55.96544734259966,72.72824418288587,98.16633922724296,29,28,pitch_type_specific,Slider
"Smith, Jackson",1000333915.0,MIS_MUD,Slider,R,82,41,58.0527662142739,86.05108055009823,214,84,63,Tight High-Spin Breakers,1,1.747934651162791,-8.950132248062015,78.49606480620155,2641.610608527132,4.86505465116279,3.939166046511628,4.080162170542636,55.90547298201031,72.50920706511893,98.06810740013098,30,29,pitch_type_specific,Slider
"Smith, Jackson",1000333915.0,MIS_MUD,Slider,L,47,41,55.995143059709896,80.55009823182712,298,109,32,Tight High-Spin Breakers,1,1.747934651162791,-8.950132248062015,78.49606480620155,2641.610608527132,4.86505465116279,3.939166046511628,4.080162170542636,55.90547298201031,72.50920706511893,98.06810740013098,31,30,pitch_type_specific,Slider
"Ronne, Andrew",701809.0,GAT_GRI,Slider,R,86,21,58.10951398674516,86.18205631958088,212,83,62,Tight High-Spin Breakers,1,0.0040616197183098,-14.627805140845073,81.36710788732394,2592.8159471830986,5.93883161971831,5.905030985915493,2.088601971830986,55.90255112962954,72.49853593636101,97.93713163064834,32,31,pitch_type_specific,Slider
"Ronne, Andrew",701809.0,GAT_GRI,Slider,L,56,21,53.18349987722303,69.48264571054355,467,146,49,Tight High-Spin Breakers,1,0.0040616197183098,-14.627805140845073,81.36710788732394,2592.8159471830986,5.93883161971831,5.905030985915493,2.088601971830986,55.90255112962954,72.49853593636101,97.93713163064834,33,32,pitch_type_specific,Slider
"Burcham, Jacob",1000122547.0,GAT_GRI,Slider,R,79,39,49.02984014748286,49.115913555992144,778,215,131,Tight High-Spin Breakers,1,0.1858009401709401,-9.894548717948718,80.79375760683762,2394.828323076923,5.838870854700854,4.920252222222222,3.263764017094017,55.81835124494463,72.19102286116588,97.80615586116569,34,33,pitch_type_specific,Slider
"Burcham, Jacob",1000122547.0,GAT_GRI,Slider,L,38,39,43.48934881959348,19.05697445972495,1237,288,122,Tight High-Spin Breakers,1,0.1858009401709401,-9.894548717948718,80.79375760683762,2394.828323076923,5.838870854700854,4.920252222222222,3.263764017094017,55.81835124494463,72.19102286116588,97.80615586116569,35,34,pitch_type_specific,Slider
"Brothers, Kellen",1000131959.0,SUS_COU1,Slider,R,67,26,51.89850247776429,63.39227242960053,560,166,107,Soft-Speed Separation,0,8.02144554054054,-1.8229205405405404,82.34459216216216,2357.264375675676,6.254926351351352,5.975808243243243,2.674166756756757,55.56253071144366,71.25672040636647,97.70792403405369,36,35,pitch_type_specific,Slider
"Gregory, Ben",833406.0,GAT_GRI,Slider,R,80,21,50.79433205494757,57.43287491814014,651,188,117,Tight High-Spin Breakers,1,1.634831145833333,-4.266093958333333,79.81607770833334,2335.863434375,6.024938645833333,5.550297812499999,2.35021,55.474465306579184,70.93508975842059,97.64243614931237,37,36,pitch_type_specific,Slider
"Kirby, Zach",813716.0,WAS_WIL3,Slider,R,126,42,74.19895008530361,99.93451211525868,2,2,2,Tight High-Spin Breakers,1,5.775077874015748,-13.35486874015748,77.95873236220473,2204.134622047244,5.682268267716535,6.0299599212598425,2.182132125984252,55.4640752472208,70.89714339879416,97.57694826457104,38,37,pitch_type_specific,Slider
"Garcia, Hector",815312.0,WAS_WIL3,Slider,R,36,12,64.06486739941515,96.52914210870988,54,30,22,Tight High-Spin Breakers,1,2.037762321428571,-7.141664821428571,77.30437321428572,2355.122507142857,5.7208942857142855,5.858875892857143,0.9214630357142858,55.39885955576725,70.65896400098497,97.51146037982973,39,38,pitch_type_specific,Slider
"Forsyth, Braden",687732.0,MIS_MUD,Slider,R,105,38,47.14419992442538,38.44138834315652,941,240,146,Tight High-Spin Breakers,1,3.3509714569536424,-6.896817814569537,80.57996052980133,2364.03069602649,6.059830728476821,5.962852052980133,1.8710404635761588,55.364279352226305,70.53267089771596,97.41322855271774,40,39,pitch_type_specific,Slider
"Forsyth, Braden",687732.0,MIS_MUD,Slider,L,46,38,44.48676414003455,23.37917485265226,1171,276,117,Tight High-Spin Breakers,1,3.3509714569536424,-6.896817814569537,80.57996052980133,2364.03069602649,6.059830728476821,5.962852052980133,1.8710404635761588,55.364279352226305,70.53267089771596,97.41322855271774,41,40,pitch_type_specific,Slider
"Thiels, Brenton",816364.0,MIS_MUD,Slider,R,39,15,45.21766955136323,27.308447937131632,1111,268,157,Soft-Speed Separation,0,6.46357488372093,1.2534546511627906,83.18918744186047,2273.145709302325,6.722257093023256,6.524864651162791,2.653061511627907,55.276087586747344,70.21057875815058,97.2822527832351,42,41,pitch_type_specific,Slider
"Thiels, Brenton",816364.0,MIS_MUD,Slider,L,47,15,40.977587555812335,11.787819253438114,1348,303,132,Soft-Speed Separation,0,6.46357488372093,1.2534546511627906,83.18918744186047,2273.145709302325,6.722257093023256,6.524864651162791,2.653061511627907,55.276087586747344,70.21057875815058,97.2822527832351,43,42,pitch_type_specific,Slider
"Webster, Evan",804248.0,FLO_Y'A,Cutter,L,95,28,62.88635048744496,95.15389652914212,75,2,1,Soft-Speed Separation,0,5.525402255639098,-0.30936,84.43182969924811,2041.1666165413533,6.940279774436091,5.767698421052631,-2.710446541353384,55.20271762120556,69.94261848937889,97.15127701375246,44,2,pitch_type_specific,Cutter
"Webster, Evan",804248.0,FLO_Y'A,Cutter,R,38,28,60.82268868310823,92.46889325474788,116,5,3,Soft-Speed Separation,0,5.525402255639098,-0.30936,84.43182969924811,2041.1666165413533,6.940279774436091,5.767698421052631,-2.710446541353384,55.20271762120556,69.94261848937889,97.15127701375246,45,3,pitch_type_specific,Cutter
"Vecerka, Boris",807828.0,QUE_CAP,Slider,R,53,14,72.51595880501057,99.60707269155206,7,5,5,Tight High-Spin Breakers,1,2.426795945945946,-11.944781081081082,82.50820932432433,2472.224535135135,5.605426216216216,4.850712567567568,2.8310578378378377,55.17539180018573,69.84281969172632,97.05304518664047,46,43,pitch_type_specific,Slider
"McEvoy, Aidan",1000079355.0,FLO_Y'A,Slider,L,69,27,67.91986018121654,98.23182711198427,28,15,5,Tight High-Spin Breakers,1,6.701510841121495,10.204575327102804,78.7969293457944,2219.9121457943925,6.030421214953272,4.804508971962616,-2.838291775700935,55.04600157555439,69.37026339280185,96.95481335952849,47,44,pitch_type_specific,Slider
"McEvoy, Aidan",1000079355.0,FLO_Y'A,Slider,R,38,27,60.33501332400543,91.683038637852,128,58,46,Tight High-Spin Breakers,1,6.701510841121495,10.204575327102804,78.7969293457944,2219.9121457943925,6.030421214953272,4.804508971962616,-2.838291775700935,55.04600157555439,69.37026339280185,96.95481335952849,48,45,pitch_type_specific,Slider
"Marklund, Brandon",647282.0,OTT_TIT,Slider,R,72,19,60.28430873564261,91.55206286836936,130,59,47,Tight High-Spin Breakers,1,6.360011370967742,-14.17492435483871,79.64491620967742,2707.040933870968,4.872112016129032,5.508189596774193,2.485900483870968,54.91626268754373,68.89643371270368,96.82383759004584,49,46,pitch_type_specific,Slider
"Marklund, Brandon",647282.0,OTT_TIT,Slider,L,52,19,53.54622384001392,70.98886705959397,444,141,45,Tight High-Spin Breakers,1,6.360011370967742,-14.17492435483871,79.64491620967742,2707.040933870968,4.872112016129032,5.508189596774193,2.485900483870968,54.91626268754373,68.89643371270368,96.82383759004584,50,47,pitch_type_specific,Slider
"Baird, Dustin",1000027580.0,MIS_MUD,Slider,R,34,10,62.48840374986318,94.69548133595283,82,41,32,Tight High-Spin Breakers,1,8.174804912280702,-9.034650350877191,81.25810350877194,2365.160880701754,5.868118596491228,6.392287894736842,1.968627719298245,54.8820422827734,68.77145465905383,96.72560576293385,51,48,pitch_type_specific,Slider
"Cooper, Garrett",1000327042.0,NEW_YOR13,Changeup,L,166,75,54.80312651642439,76.29338572364112,363,49,29,Soft-Speed Separation,0,8.736615179856114,7.959253417266187,77.6797042086331,1400.1979223021583,6.393319712230215,5.684597877697842,1.8326051798561152,54.80455099151031,68.48844256982917,96.62737393582186,52,1,pitch_type_specific,Changeup
"Cooper, Garrett",1000327042.0,NEW_YOR13,Changeup,R,112,75,53.72476856361379,72.29862475442044,424,58,23,Soft-Speed Separation,0,8.736615179856114,7.959253417266187,77.6797042086331,1400.1979223021583,6.393319712230215,5.684597877697842,1.8326051798561152,54.80455099151031,68.48844256982917,96.62737393582186,53,2,pitch_type_specific,Changeup
"Allemann, Braeden",1000367619.0,QUE_CAP,Slider,R,65,14,63.88460674717979,96.46365422396856,55,31,23,Tight High-Spin Breakers,1,3.537479295774648,-2.8837460563380284,83.40599971830986,2261.191594366197,6.188419154929578,5.104654647887323,1.8400442253521123,54.77815874956426,68.39205337033687,96.52914210870989,54,49,pitch_type_specific,Slider
"Webster, Evan",804248.0,FLO_Y'A,Slider,L,76,21,59.61797032517106,89.91486574983628,155,66,14,Soft-Speed Separation,0,3.0114554954954955,0.90914981981982,81.35040387387387,1957.212591891892,6.822232972972973,5.823404234234235,-2.632387207207207,54.709572176108885,68.14156290708641,96.4309102815979,55,50,pitch_type_specific,Slider
"Webster, Evan",804248.0,FLO_Y'A,Slider,R,35,21,54.4054464868309,75.24557956777997,379,130,91,Soft-Speed Separation,0,3.0114554954954955,0.90914981981982,81.35040387387387,1957.212591891892,6.822232972972973,5.823404234234235,-2.632387207207207,54.709572176108885,68.14156290708641,96.4309102815979,56,51,pitch_type_specific,Slider
"Matos, Dwayne",684228.0,OTT_TIT,Slider,R,83,27,55.4059729670464,78.25802226588081,333,118,84,Tight High-Spin Breakers,1,4.425626153846154,-0.7831709090909091,81.52348272727272,2025.559358041958,6.170998881118881,4.856444895104896,1.414832027972028,54.69159099120544,68.07589239594495,96.29993451211526,57,52,pitch_type_specific,Slider
"Matos, Dwayne",684228.0,OTT_TIT,Slider,L,60,27,47.747247399710176,42.1087098886706,885,232,92,Tight High-Spin Breakers,1,4.425626153846154,-0.7831709090909091,81.52348272727272,2025.559358041958,6.170998881118881,4.856444895104896,1.414832027972028,54.69159099120544,68.07589239594495,96.29993451211526,58,53,pitch_type_specific,Slider
"Cohn, Cooper",1000301881.0,NIU_HUS,Slider,R,27,12,62.08376665864037,94.10609037328096,91,44,34,Tight High-Spin Breakers,1,-1.2188149206349206,-13.693016031746032,78.92597190476191,2533.865233333333,5.400379047619047,5.697465555555556,0.9187114285714284,54.67524724635334,68.01620210945012,96.16895874263261,59,54,pitch_type_specific,Slider
"Cohn, Cooper",1000301881.0,NIU_HUS,Slider,L,36,12,51.83387670583379,62.99934512115259,566,167,60,Tight High-Spin Breakers,1,-1.2188149206349206,-13.693016031746032,78.92597190476191,2533.865233333333,5.400379047619047,5.697465555555556,0.9187114285714284,54.67524724635334,68.01620210945012,96.16895874263261,60,55,pitch_type_specific,Slider
"Gartland, Chad",1000103698.0,TRI_VAL,Slider,R,58,21,44.46830409087978,23.248199083169613,1173,278,160,Tight High-Spin Breakers,1,4.889458352941177,-1.3174570588235297,82.3083851764706,2221.889451764706,6.068781294117647,5.189871058823529,2.0092949411764702,54.65514686359515,67.94279190778892,96.03798297314997,61,56,pitch_type_specific,Slider
"Gartland, Chad",1000103698.0,TRI_VAL,Slider,L,27,21,40.25441277293286,9.430255402750491,1384,310,137,Tight High-Spin Breakers,1,4.889458352941177,-1.3174570588235297,82.3083851764706,2221.889451764706,6.068781294117647,5.189871058823529,2.0092949411764702,54.65514686359515,67.94279190778892,96.03798297314997,62,57,pitch_type_specific,Slider
"Vail, Tyler",592821.0,NEW_YOR13,Slider,R,147,31,64.58770166584883,96.85658153241651,49,28,20,Tight High-Spin Breakers,1,1.293727157360406,-1.8601186802030456,80.59861035532995,2267.2700670050763,5.965532741116751,5.343406497461929,1.6797649238578678,54.514937737810875,67.43072304211661,95.90700720366732,63,58,pitch_type_specific,Slider
"Vail, Tyler",592821.0,NEW_YOR13,Slider,L,50,31,58.96128748616711,88.21218074656188,181,76,18,Tight High-Spin Breakers,1,1.293727157360406,-1.8601186802030456,80.59861035532995,2267.2700670050763,5.965532741116751,5.343406497461929,1.6797649238578678,54.514937737810875,67.43072304211661,95.90700720366732,64,59,pitch_type_specific,Slider
"Smith, Ethan",680733.0,WIN_CIT29,Slider,R,30,12,57.60824808382662,85.46168958742632,223,88,65,Tight High-Spin Breakers,1,-0.1680501724137931,-6.41851224137931,80.64356672413793,2422.812703448276,5.906365862068966,5.950621724137931,1.9861691379310344,54.507117135744814,67.40216080120368,95.77603143418467,65,60,pitch_type_specific,Slider
"Smith, Ethan",680733.0,WIN_CIT29,Slider,L,28,12,47.07487963769484,38.1139489194499,946,242,96,Tight High-Spin Breakers,1,-0.1680501724137931,-6.41851224137931,80.64356672413793,2422.812703448276,5.906365862068966,5.950621724137931,1.9861691379310344,54.507117135744814,67.40216080120368,95.77603143418467,66,61,pitch_type_specific,Slider
"Donnan, Blake",1000557509.0,FLO_Y'A,Slider,R,52,10,68.16496627471382,98.2973149967256,27,14,10,Tight High-Spin Breakers,1,4.95090523076923,-7.336028307692308,80.50229584615384,2367.13478,5.415160461538462,5.295732,3.730530615384615,54.49010194979389,67.34001829143224,95.67779960707269,67,62,pitch_type_specific,Slider
"Foy, Corbin",813822.0,LAK_ERI24,Slider,R,41,19,50.86242504586916,58.28421741977734,638,186,115,Tight High-Spin Breakers,1,-1.088219615384615,-7.589457179487179,82.37805910256411,2653.261687179487,5.562568461538461,5.180362564102564,1.9183505128205127,54.413336917645815,67.05965863070772,95.57956777996071,68,63,pitch_type_specific,Slider
"Foy, Corbin",813822.0,LAK_ERI24,Slider,L,37,19,43.59872488767051,19.64636542239685,1228,284,121,Tight High-Spin Breakers,1,-1.088219615384615,-7.589457179487179,82.37805910256411,2653.261687179487,5.562568461538461,5.180362564102564,1.9183505128205127,54.413336917645815,67.05965863070772,95.57956777996071,69,64,pitch_type_specific,Slider
"Brito, Richard",695870.0,NEW_ENG23,Slider,R,36,10,59.41745145297307,89.45645055664701,162,68,53,Tight High-Spin Breakers,1,3.550484383561644,-6.026810547945206,81.67084835616438,2286.71134520548,6.091779726027397,6.295780684931507,2.214177534246576,54.28327405097076,66.58464572244057,95.44859201047807,70,65,pitch_type_specific,Slider
"Brito, Richard",695870.0,NEW_ENG23,Slider,L,37,10,56.62163645182384,81.99083169613621,276,104,30,Tight High-Spin Breakers,1,3.550484383561644,-6.026810547945206,81.67084835616438,2286.71134520548,6.091779726027397,6.295780684931507,2.214177534246576,54.28327405097076,66.58464572244057,95.44859201047807,71,66,pitch_type_specific,Slider
"Maietta, Dante",1000137704.0,WIN_CIT29,Slider,R,67,26,53.78822445549258,72.56057629338572,420,139,96,Soft-Speed Separation,0,7.144856521739131,-1.899624239130435,80.5391297826087,2032.727791304348,6.274175217391304,6.404218152173914,1.1304332608695653,54.209221852663845,66.31419381729206,95.31761624099542,72,67,pitch_type_specific,Slider
"Maietta, Dante",1000137704.0,WIN_CIT29,Slider,L,25,26,45.35407680919067,27.83235101506221,1103,266,110,Soft-Speed Separation,0,7.144856521739131,-1.899624239130435,80.5391297826087,2032.727791304348,6.274175217391304,6.404218152173914,1.1304332608695653,54.209221852663845,66.31419381729206,95.31761624099542,73,68,pitch_type_specific,Slider
"Wehrle, Tyler",806332.0,WIN_CIT29,Slider,R,93,51,53.453829597633,70.66142763588736,449,144,97,Tight High-Spin Breakers,1,2.396837602739726,-10.030007876712329,80.74909369863013,2521.35212260274,5.32943,5.455058904109588,1.8898822602739729,54.20013558096523,66.2810091239572,95.18664047151277,74,69,pitch_type_specific,Slider
"Wehrle, Tyler",806332.0,WIN_CIT29,Slider,L,53,51,46.88378255984327,37.26260641781271,959,243,97,Tight High-Spin Breakers,1,2.396837602739726,-10.030007876712329,80.74909369863013,2521.35212260274,5.32943,5.455058904109588,1.8898822602739729,54.20013558096523,66.2810091239572,95.18664047151277,75,70,pitch_type_specific,Slider
"Escobar, Anthony",678673.0,TRO_AIG,Slider,R,149,74,45.96666950220582,31.827111984282908,1042,257,153,Tight High-Spin Breakers,1,3.520823534136546,-4.963092048192771,81.82471373493975,2167.666697188756,6.073633614457831,5.703475140562249,1.8983295180722888,54.18182051109726,66.21411920506254,95.05566470203013,76,71,pitch_type_specific,Slider
"Escobar, Anthony",678673.0,TRO_AIG,Slider,L,100,74,42.80088456477141,17.288801571709232,1264,290,124,Tight High-Spin Breakers,1,3.520823534136546,-4.963092048192771,81.82471373493975,2167.666697188756,6.073633614457831,5.703475140562249,1.8983295180722888,54.18182051109726,66.21411920506254,95.05566470203013,77,72,pitch_type_specific,Slider
"Boies, Emiles",1000429129.0,QUE_CAP,Slider,R,55,22,57.42969667412636,84.67583497053045,235,92,67,Tight High-Spin Breakers,1,5.03359698630137,-0.1175820547945205,80.45324794520548,2127.22368630137,5.940962191780822,5.549593150684931,2.443508630136986,54.161993224118824,66.14170639815276,94.95743287491814,78,73,pitch_type_specific,Slider
"McCartney, Seth",823530.0,MIS_MUD,Slider,R,36,10,59.02173680969741,88.60510805500982,175,74,57,Tight High-Spin Breakers,1,4.150951578947368,-3.011914736842105,81.93111140350877,2474.273214035088,5.4526545614035085,5.0330589473684215,3.1844436842105264,54.1609595907696,66.1379313838397,94.89194499017681,79,74,pitch_type_specific,Slider
"Belton, Hunter",10294453.0,MIS_MUD,Slider,R,75,22,58.95763222259111,88.14669286182057,182,77,59,Tight High-Spin Breakers,1,6.451122525252525,-2.5553682828282827,78.51569595959596,2107.5793404040405,5.822019595959596,6.092227070707071,1.0429552525252526,54.15535086488921,66.11744731132748,94.8264571054355,80,75,pitch_type_specific,Slider
"Perozzi, John",1000377762.0,SUS_COU1,Slider,R,63,30,65.91327917176034,97.51146037982971,39,21,14,Tight High-Spin Breakers,1,7.925089206349206,-4.0081879365079365,83.14051785714287,2405.3542984126984,5.92807865079365,6.055508492063492,0.5295843650793651,54.13990413184033,66.06103307276464,94.7282252783235,81,76,pitch_type_specific,Slider
"Perozzi, John",1000377762.0,SUS_COU1,Slider,L,63,30,56.9336314588703,83.1041257367387,259,99,28,Tight High-Spin Breakers,1,7.925089206349206,-4.0081879365079365,83.14051785714287,2405.3542984126984,5.92807865079365,6.055508492063492,0.5295843650793651,54.13990413184033,66.06103307276464,94.7282252783235,82,77,pitch_type_specific,Slider
"Eldred, Zach",1000227712.0,NEW_ENG23,Slider,R,77,35,39.63911657765867,8.120497707924033,1404,313,174,Tight High-Spin Breakers,1,1.8631746745562128,-7.328088816568048,82.34226786982248,2412.697319526628,5.857898579881657,5.805535266272189,1.5755713609467457,54.079565713007256,65.84066634901906,94.59724950884086,83,78,pitch_type_specific,Slider
"Eldred, Zach",1000227712.0,NEW_ENG23,Slider,L,92,35,36.33060659303888,2.75049115913556,1486,320,143,Tight High-Spin Breakers,1,1.8631746745562128,-7.328088816568048,82.34226786982248,2412.697319526628,5.857898579881657,5.805535266272189,1.5755713609467457,54.079565713007256,65.84066634901906,94.59724950884086,84,79,pitch_type_specific,Slider
"Heredia-Bustos, Rolando",837343.0,DOW_EAS1,Slider,R,267,152,60.05807520627229,91.29011132940406,134,60,48,Tight High-Spin Breakers,1,6.677663585746103,-3.89654434298441,78.51777966592428,2320.950694432071,5.257680935412027,5.485934966592428,1.6842910913140312,54.071840531432926,65.81245260085001,94.46627373935821,85,80,pitch_type_specific,Slider
"Heredia-Bustos, Rolando",837343.0,DOW_EAS1,Slider,L,182,152,49.28220770307797,49.836280288146696,767,214,84,Tight High-Spin Breakers,1,6.677663585746103,-3.89654434298441,78.51777966592428,2320.950694432071,5.257680935412027,5.485934966592428,1.6842910913140312,54.071840531432926,65.81245260085001,94.46627373935821,86,81,pitch_type_specific,Slider
"Rodriguez, Leonardo",673164.0,NEW_JER6,Slider,R,39,11,56.84861399337295,82.84217419777342,263,102,74,Tight High-Spin Breakers,1,2.451980882352941,-3.2101670588235294,83.67553279411766,2587.306188235294,5.941848088235294,6.0623925,2.513836029411765,54.05995364270838,65.76903955200954,94.33529796987557,87,82,pitch_type_specific,Slider
"Rodriguez, Leonardo",673164.0,NEW_JER6,Slider,L,29,11,50.138824034056725,53.83104125736738,706,199,76,Tight High-Spin Breakers,1,2.451980882352941,-3.2101670588235294,83.67553279411766,2587.306188235294,5.941848088235294,6.0623925,2.513836029411765,54.05995364270838,65.76903955200954,94.33529796987557,88,83,pitch_type_specific,Slider
"Sechrist, Zander",801415.0,WAS_WIL3,Slider,L,48,21,57.6243508763304,85.59266535690897,221,87,23,Tight High-Spin Breakers,1,2.9612495,7.620507999999999,69.49829650000001,1875.322385,5.13515925,4.935714875,-2.676068625,54.05663143240538,65.75690624433885,94.20432220039294,89,84,pitch_type_specific,Slider
"Sechrist, Zander",801415.0,WAS_WIL3,Slider,R,32,21,52.23733607043634,64.89849377865094,537,161,103,Tight High-Spin Breakers,1,2.9612495,7.620507999999999,69.49829650000001,1875.322385,5.13515925,4.935714875,-2.676068625,54.05663143240538,65.75690624433885,94.20432220039294,90,85,pitch_type_specific,Slider
"Drakeford, Dosie",836144.0,NEW_JER6,Slider,R,56,15,53.877899456194015,72.88801571709233,415,138,95,Tight High-Spin Breakers,1,1.9163086585365847,-6.736264756097561,79.72581219512195,2396.2052536585365,5.4440204878048775,5.490165853658537,1.385305243902439,54.00908603898564,65.58326194308381,94.07334643091028,91,86,pitch_type_specific,Slider
"Drakeford, Dosie",836144.0,NEW_JER6,Slider,L,26,15,46.02798513537676,32.220039292730846,1036,255,103,Tight High-Spin Breakers,1,1.9163086585365847,-6.736264756097561,79.72581219512195,2396.2052536585365,5.4440204878048775,5.490165853658537,1.385305243902439,54.00908603898564,65.58326194308381,94.07334643091028,92,87,pitch_type_specific,Slider
"Lefebvre, Charles",1000429097.0,TRO_AIG,Slider,R,88,18,60.730954095620106,92.33791748526524,118,54,43,Tight High-Spin Breakers,1,2.302575981308411,-1.5854656074766356,81.88061046728971,2171.420394392524,6.434301495327103,6.401549065420561,0.9056160747663552,53.97550890607477,65.46063223359792,93.97511460379829,93,88,pitch_type_specific,Slider
"Armstrong, Andrew",803262.0,NEW_YOR13,Slider,L,73,28,52.35938446076169,65.81532416502947,523,158,57,Tight High-Spin Breakers,1,2.63821904,7.1372960800000005,80.09140784,2355.5343792,5.89112024,5.10550504,-2.4151512,53.96776140789539,65.43233698118604,93.87688277668632,94,89,pitch_type_specific,Slider
"Armstrong, Andrew",803262.0,NEW_YOR13,Slider,R,52,28,46.181765910411954,32.874918140144075,1026,254,152,Tight High-Spin Breakers,1,2.63821904,7.1372960800000005,80.09140784,2355.5343792,5.89112024,5.10550504,-2.4151512,53.96776140789539,65.43233698118604,93.87688277668632,95,90,pitch_type_specific,Slider
"Parra, Andres",800365.0,LAK_ERI24,Slider,L,61,56,48.38499497645546,45.57956777996071,832,224,88,Tight High-Spin Breakers,1,2.8346978260869564,1.9820952795031053,79.58493440993789,2288.452653416149,5.705054844720497,4.969709937888198,-2.358585217391304,53.94513415336531,65.3496981907672,93.74590700720367,96,91,pitch_type_specific,Slider
"Parra, Andres",800365.0,LAK_ERI24,Slider,R,100,56,42.6051012635488,16.699410609037326,1273,292,167,Tight High-Spin Breakers,1,2.8346978260869564,1.9820952795031053,79.58493440993789,2288.452653416149,5.705054844720497,4.969709937888198,-2.358585217391304,53.94513415336531,65.3496981907672,93.74590700720367,97,92,pitch_type_specific,Slider
"Salata, Derek",1000057774.0,SCH_BOO,Slider,R,163,46,55.8586576560662,80.02619515389652,306,111,79,Tight High-Spin Breakers,1,3.211134301675978,-9.314757821229051,81.39240798882682,2552.7709424581008,5.568625083798883,6.248013240223464,1.1664256424581003,53.93205305520214,65.30192367494524,93.64767518009168,98,93,pitch_type_specific,Slider
"Harris, Everette",810834.0,TRI_VAL,Changeup,L,56,27,63.77593467795047,96.39816633922725,56,9,5,Soft-Speed Separation,0,2.1159272916666665,16.571247500000002,82.585815,2144.114373958333,6.542310416666666,4.118579375,3.734389270833333,53.89237482297743,65.15701165688981,93.5494433529797,99,3,pitch_type_specific,Changeup
"Harris, Everette",810834.0,TRI_VAL,Changeup,R,40,27,62.3636703482663,94.49901768172889,85,12,5,Soft-Speed Separation,0,2.1159272916666665,16.571247500000002,82.585815,2144.114373958333,6.542310416666666,4.118579375,3.734389270833333,53.89237482297743,65.15701165688981,93.5494433529797,100,4,pitch_type_specific,Changeup
"Ryan, Dillon",1000132418.0,NEW_ENG23,Slider,R,61,25,76.71053557939213,100.0,1,1,1,Tight High-Spin Breakers,1,-2.01103968,-8.11029016,85.42472872,2493.8227768,5.81927264,4.58534544,1.91527248,53.89111544566732,65.15241218515759,93.41846758349706,101,94,pitch_type_specific,Slider
"Ryan, Dillon",1000132418.0,NEW_ENG23,Slider,L,64,25,71.34706248041982,99.08316961362148,15,10,2,Tight High-Spin Breakers,1,-2.01103968,-8.11029016,85.42472872,2493.8227768,5.81927264,4.58534544,1.91527248,53.89111544566732,65.15241218515759,93.41846758349706,102,95,pitch_type_specific,Slider
"Kines, Gunnar",665129.0,JOL_SLA,Changeup,L,93,110,48.65283916331087,47.34774066797642,805,102,60,Tight High-Spin Breakers,1,12.158733344155843,-12.525682272727272,75.38369866883116,1909.2736165584413,6.010165194805195,5.963889155844156,-1.4076664935064935,53.88900028799822,65.1446872501202,93.28749181401442,103,5,pitch_type_specific,Changeup
"Kines, Gunnar",665129.0,JOL_SLA,Changeup,R,215,110,48.47111123452079,46.234446627373934,822,105,43,Tight High-Spin Breakers,1,12.158733344155843,-12.525682272727272,75.38369866883116,1909.2736165584413,6.010165194805195,5.963889155844156,-1.4076664935064935,53.88900028799822,65.1446872501202,93.28749181401442,104,6,pitch_type_specific,Changeup
"Johnston, Spencer",800918.0,DOW_EAS1,Slider,R,97,79,52.00668250665058,64.04715127701375,550,164,105,Tight High-Spin Breakers,1,6.700544052631579,0.9268259473684212,78.38964263157895,2082.510500526316,5.960686052631579,6.5191972105263165,1.7160375789473683,53.87905624962919,65.10836983911467,93.15651604453176,105,96,pitch_type_specific,Slider
"Johnston, Spencer",800918.0,DOW_EAS1,Slider,L,93,79,44.69451962654868,24.557956777996072,1153,275,116,Tight High-Spin Breakers,1,6.700544052631579,0.9268259473684212,78.38964263157895,2082.510500526316,5.960686052631579,6.5191972105263165,1.7160375789473683,53.87905624962919,65.10836983911467,93.15651604453176,106,97,pitch_type_specific,Slider
"Leak, Anthony",1000264276.0,NEW_YOR13,Slider,R,166,64,63.51647805528461,96.00523903077932,62,34,26,Tight High-Spin Breakers,1,4.957099846153847,-5.965352192307692,83.20074015384616,2301.5605538461537,5.808046615384615,5.5301575000000005,1.8221638846153847,53.75659427280203,64.6611167433472,93.02554027504911,107,98,pitch_type_specific,Slider
"Leak, Anthony",1000264276.0,NEW_YOR13,Slider,L,94,64,52.36885974417025,65.88081204977078,522,157,56,Tight High-Spin Breakers,1,4.957099846153847,-5.965352192307692,83.20074015384616,2301.5605538461537,5.808046615384615,5.5301575000000005,1.8221638846153847,53.75659427280203,64.6611167433472,93.02554027504911,108,99,pitch_type_specific,Slider
"Campbell, Tyler",809429.0,MIS_MUD,Changeup,R,72,30,58.8495810906931,87.81925343811395,187,24,8,Tight High-Spin Breakers,1,11.86471762886598,-7.897400515463918,74.78519402061855,1851.364412371134,6.2702549484536085,4.656040618556701,-2.4679407216494846,53.75521437725684,64.65607711741258,92.89456450556646,109,7,pitch_type_specific,Changeup
"Campbell, Tyler",809429.0,MIS_MUD,Changeup,L,25,30,54.34981169333844,74.91814014407335,384,52,31,Tight High-Spin Breakers,1,11.86471762886598,-7.897400515463918,74.78519402061855,1851.364412371134,6.2702549484536085,4.656040618556701,-2.4679407216494846,53.75521437725684,64.65607711741258,92.89456450556646,110,8,pitch_type_specific,Changeup
"Soto, Carlos",666728.0,JOL_SLA,Slider,L,31,22,42.72740046930028,16.96136214800262,1269,291,125,Tight High-Spin Breakers,1,-1.7849722916666666,-8.824135520833334,78.17907510416667,2509.1589645833333,5.0900718750000005,5.435427604166667,2.3053117708333333,53.75508786218164,64.65561506167487,92.76358873608382,111,100,pitch_type_specific,Slider
"Soto, Carlos",666728.0,JOL_SLA,Slider,R,65,22,42.5652056102999,16.371971185330715,1278,293,168,Tight High-Spin Breakers,1,-1.7849722916666666,-8.824135520833334,78.17907510416667,2509.1589645833333,5.0900718750000005,5.435427604166667,2.3053117708333333,53.75508786218164,64.65561506167487,92.76358873608382,112,101,pitch_type_specific,Slider
"Long, Maddox",1000248716.0,WAS_WIL3,Slider,R,137,45,61.73930502185402,93.84413883431564,95,46,36,Tight High-Spin Breakers,1,2.8225514666666665,-8.621003333333334,82.76038799999999,2597.513281777778,5.5207641333333335,5.857793066666667,1.5228258222222222,53.73762671186666,64.59184381008826,92.63261296660119,113,102,pitch_type_specific,Slider
"Long, Maddox",1000248716.0,WAS_WIL3,Slider,L,88,45,53.90458498033469,73.0844793713163,412,136,42,Tight High-Spin Breakers,1,2.8225514666666665,-8.621003333333334,82.76038799999999,2597.513281777778,5.5207641333333335,5.857793066666667,1.5228258222222222,53.73762671186666,64.59184381008826,92.63261296660119,114,103,pitch_type_specific,Slider
"Brothers, Kellen",1000131959.0,SUS_COU1,Changeup,R,47,36,55.94707429931304,80.41912246234446,300,38,15,Soft-Speed Separation,0,10.543361355932204,11.98751220338983,79.86815881355932,1497.0705192090395,6.0553035028248585,5.79957779661017,2.8630001694915257,53.733872414425655,64.57813244272,92.50163719711854,115,9,pitch_type_specific,Changeup
"Brothers, Kellen",1000131959.0,SUS_COU1,Changeup,L,130,36,55.3688717385664,78.12704649639817,335,43,26,Soft-Speed Separation,0,10.543361355932204,11.98751220338983,79.86815881355932,1497.0705192090395,6.0553035028248585,5.79957779661017,2.8630001694915257,53.733872414425655,64.57813244272,92.50163719711854,116,10,pitch_type_specific,Changeup
"Hensey, Rob",802996.0,SUS_COU1,Slider,L,81,30,59.02691903639227,88.67059593975115,174,73,17,Tight High-Spin Breakers,1,5.018913148148148,-0.5265919444444445,82.79833601851851,2206.216725,6.212140833333333,5.631746018518519,-2.634714629629629,53.72468273686303,64.54457009262998,92.3706614276359,117,104,pitch_type_specific,Slider
"Hensey, Rob",802996.0,SUS_COU1,Slider,R,27,30,52.43462830929875,66.01178781925344,520,156,101,Tight High-Spin Breakers,1,5.018913148148148,-0.5265919444444445,82.79833601851851,2206.216725,6.212140833333333,5.631746018518519,-2.634714629629629,53.72468273686303,64.54457009262998,92.3706614276359,118,105,pitch_type_specific,Slider
"Calderon, Jean",703300.0,LAK_ERI24,Slider,R,36,11,55.70289366483564,79.109364767518,320,114,82,Tight High-Spin Breakers,1,1.284540410958904,-9.690706027397262,86.37330150684932,2592.9492821917806,6.05198397260274,6.015726164383562,1.923070684931507,53.71600151315468,64.51286470717724,92.23968565815323,119,106,pitch_type_specific,Slider
"Calderon, Jean",703300.0,LAK_ERI24,Slider,L,37,11,54.38787520512419,75.11460379829732,381,131,40,Tight High-Spin Breakers,1,1.284540410958904,-9.690706027397262,86.37330150684932,2592.9492821917806,6.05198397260274,6.015726164383562,1.923070684931507,53.71600151315468,64.51286470717724,92.23968565815323,120,107,pitch_type_specific,Slider
"Debban, Caleb",1000551056.0,NEW_JER6,Cutter,L,60,25,52.30618981204953,65.29142108709888,531,18,10,Soft-Speed Separation,0,10.712544964539006,-0.4317314893617021,85.92811460992907,2337.185275177305,6.587756382978723,5.329030921985816,-2.345341063829787,53.71520114299542,64.50994161185604,92.10870988867059,121,4,pitch_type_specific,Cutter
"Debban, Caleb",1000551056.0,NEW_JER6,Cutter,R,81,25,51.95643984294345,63.71971185330714,555,20,9,Soft-Speed Separation,0,10.712544964539006,-0.4317314893617021,85.92811460992907,2337.185275177305,6.587756382978723,5.329030921985816,-2.345341063829787,53.71520114299542,64.50994161185604,92.10870988867059,122,5,pitch_type_specific,Cutter
"Williams, Brian",1000079778.0,MIS_MUD,Splitter,L,57,15,54.36022237777612,74.98362802881466,383,12,7,Tight High-Spin Breakers,1,2.4934814851485148,5.033453762376237,78.63613118811881,1727.788031980198,6.046263762376237,6.13826405940594,2.7271363366336634,53.69735145247657,64.44475134178293,91.97773411918794,123,1,pooled_fixed_effects,Pooled
"Williams, Brian",1000079778.0,MIS_MUD,Splitter,R,44,15,53.66330654227295,71.97118533071382,429,14,6,Tight High-Spin Breakers,1,2.4934814851485148,5.033453762376237,78.63613118811881,1727.788031980198,6.046263762376237,6.13826405940594,2.7271363366336634,53.69735145247657,64.44475134178293,91.97773411918794,124,2,pooled_fixed_effects,Pooled
"Biddinger, Tyler",1000324948.0,WIN_CIT29,Slider,R,48,16,51.45917706419701,61.10019646365422,595,177,110,Tight High-Spin Breakers,1,-0.0822036363636363,-10.978551212121213,79.9559446969697,2649.4172742424244,4.821361818181818,4.897509393939393,1.7702066666666667,53.68492212218263,64.39935719907587,91.87950229207597,125,108,pitch_type_specific,Slider
"Thiels, Brenton",816364.0,MIS_MUD,Cutter,R,28,13,42.085017993600985,15.12770137524558,1297,59,30,Soft-Speed Separation,0,9.388899411764706,4.471438431372549,86.27479862745098,2311.3968156862743,6.840171764705883,6.420407843137255,2.597102156862745,53.60632436427423,64.11230409528244,91.81401440733464,126,6,pitch_type_specific,Cutter
"Leduc, Zachary",824497.0,TRO_AIG,Slider,R,46,14,71.51877492372853,99.21414538310412,13,9,8,Tight High-Spin Breakers,1,1.526656153846154,-4.498997051282051,83.37863025641026,2118.1753705128203,6.150140641025641,5.33877358974359,1.6219705128205129,53.598514521065944,64.08378114764707,91.71578258022267,127,109,pitch_type_specific,Slider
"Leduc, Zachary",824497.0,TRO_AIG,Slider,L,32,14,71.02422987837113,98.95219384413883,17,11,3,Tight High-Spin Breakers,1,1.526656153846154,-4.498997051282051,83.37863025641026,2118.1753705128203,6.150140641025641,5.33877358974359,1.6219705128205129,53.598514521065944,64.08378114764707,91.71578258022267,128,110,pitch_type_specific,Slider
"Encarnacion, J.D.",1000563022.0,EVA_OTT,Slider,R,78,48,43.5387035023362,19.25343811394892,1234,287,166,Tight High-Spin Breakers,1,2.467041818181818,-5.401181468531469,81.18388,2352.325237762238,5.432684895104895,5.194782027972028,2.460218461538461,53.58678373798958,64.04093822462218,91.58480681074002,129,111,pitch_type_specific,Slider
"Encarnacion, J.D.",1000563022.0,EVA_OTT,Slider,L,65,48,41.95539183445173,14.538310412573674,1306,296,127,Tight High-Spin Breakers,1,2.467041818181818,-5.401181468531469,81.18388,2352.325237762238,5.432684895104895,5.194782027972028,2.460218461538461,53.58678373798958,64.04093822462218,91.58480681074002,130,112,pitch_type_specific,Slider
"Rohde, Isaac",1000135938.0,NEW_YOR13,Changeup,R,551,233,57.6204464032687,85.52717747216765,222,30,12,Tight High-Spin Breakers,1,4.044897278401997,-20.365290624219725,76.29892560549314,1976.6103645443195,6.1867179875,4.842662322097378,-2.5139099250936328,53.574595597401576,63.99642494996447,91.45383104125737,131,11,pitch_type_specific,Changeup
"Rohde, Isaac",1000135938.0,NEW_YOR13,Changeup,L,250,233,53.5487664484254,71.0543549443353,443,62,38,Tight High-Spin Breakers,1,4.044897278401997,-20.365290624219725,76.29892560549314,1976.6103645443195,6.1867179875,4.842662322097378,-2.5139099250936328,53.574595597401576,63.99642494996447,91.45383104125737,132,12,pitch_type_specific,Changeup
"Daly, Ryan",831333.0,JOL_SLA,Changeup,L,162,66,55.80816487940535,79.89521938441388,308,39,24,Soft-Speed Separation,0,5.113206322314049,16.168216487603306,78.99656834710743,2100.1291037190085,6.807861487603306,5.305808966942148,2.094117561983471,53.53154698976461,63.8392037166237,91.32285527177471,133,13,pitch_type_specific,Changeup
"Daly, Ryan",831333.0,JOL_SLA,Changeup,R,80,66,51.42805253692276,60.90373280943025,598,84,36,Soft-Speed Separation,0,5.113206322314049,16.168216487603306,78.99656834710743,2100.1291037190085,6.807861487603306,5.305808966942148,2.094117561983471,53.53154698976461,63.8392037166237,91.32285527177471,134,14,pitch_type_specific,Changeup
"Garcia, Hector",815312.0,WAS_WIL3,Splitter,L,59,13,64.7207633292321,96.92206941715784,48,1,1,Soft-Speed Separation,0,11.710719032258064,7.632015645161291,78.2026027419355,1216.2821867741936,5.923504193548387,5.863632580645162,0.8772966129032258,53.488187020174706,63.68084533360627,91.22462344466274,135,3,pooled_fixed_effects,Pooled
"Morgan, Cooper",692707.0,QUE_CAP,Slider,L,42,24,60.89809125164136,92.5343811394892,115,53,11,Tight High-Spin Breakers,1,3.6478673015873015,10.353168412698412,79.17343222222222,2470.6186603174606,5.497435079365079,4.829967777777777,-3.978508095238095,53.47674628287146,63.639061709747565,91.15913555992141,136,113,pitch_type_specific,Slider
"Majick, Eli",828663.0,NEW_ENG23,Slider,L,69,49,53.89445034111827,73.01899148657498,413,137,43,Tight High-Spin Breakers,1,3.737916074766355,8.010916542056075,79.57169943925234,2539.5087392523365,5.6063518224299065,5.569136728971963,-3.612090981308411,53.405604020470335,63.37923741225386,91.06090373280942,137,114,pitch_type_specific,Slider
"Majick, Eli",828663.0,NEW_ENG23,Slider,R,145,49,49.9551489674144,52.91421087098887,720,203,124,Tight High-Spin Breakers,1,3.737916074766355,8.010916542056075,79.57169943925234,2539.5087392523365,5.6063518224299065,5.569136728971963,-3.612090981308411,53.405604020470335,63.37923741225386,91.06090373280942,138,115,pitch_type_specific,Slider
"Thompson, Ross",1000103401.0,SCH_BOO,Changeup,L,76,14,49.8830608729279,52.652259332023576,724,96,55,Soft-Speed Separation,0,5.418215058823529,9.02392788235294,79.74955011764706,1094.9700738823528,5.674852,5.389236,2.5164337647058823,53.391302545470666,63.32700586142179,90.96267190569745,139,15,pitch_type_specific,Changeup
"Nakata, Yuto",1000432352.0,QUE_CAP,Slider,R,89,22,69.82475447471923,98.69024230517354,21,13,9,Tight High-Spin Breakers,1,4.0611030927835055,-7.841880824742269,81.69406206185567,2417.3009226804124,5.593586391752578,6.155616907216495,1.0316586597938144,53.389252356537725,63.319518203857186,90.89718402095612,140,116,pitch_type_specific,Slider
"Cameron, Zach",1000084075.0,WIN_CIT29,Slider,R,89,54,60.37245439420316,91.81401440733464,126,57,45,Tight High-Spin Breakers,1,7.335190704225353,-1.516621267605634,81.688675,2341.683656338028,5.41480838028169,5.302405704225352,1.4447391549295776,53.388932945994014,63.318351659283955,90.79895219384414,141,117,pitch_type_specific,Slider
"Cameron, Zach",1000084075.0,WIN_CIT29,Slider,L,53,54,54.50994408315703,75.6385068762279,373,128,38,Tight High-Spin Breakers,1,7.335190704225353,-1.516621267605634,81.688675,2341.683656338028,5.41480838028169,5.302405704225352,1.4447391549295776,53.388932945994014,63.318351659283955,90.79895219384414,142,118,pitch_type_specific,Slider
"Thebiay, Nolan",1000338675.0,EVA_OTT,Slider,R,43,10,51.46048272741044,61.16568434839554,594,176,109,Tight High-Spin Breakers,1,-0.5499211111111111,-1.034125925925926,79.15531685185185,1825.6519925925925,6.174861296296297,5.543454814814815,1.6085403703703705,53.369229885261966,63.24639254889868,90.70072036673216,143,119,pitch_type_specific,Slider
"Hickey, Matt",806277.0,GAT_GRI,Slider,R,71,25,71.68314953939993,99.34512115258676,11,7,6,Tight High-Spin Breakers,1,-1.6870622093023258,-6.467294767441861,79.90204895348838,2258.34131744186,5.339807441860465,4.8321068604651165,2.834942558139535,53.34807718373207,63.16913909041138,90.63523248199084,144,120,pitch_type_specific,Slider
"Sparks, Alec",836152.0,GAT_GRI,Slider,L,46,34,51.49907044262943,61.36214800261951,591,174,66,Tight High-Spin Breakers,1,0.674631963190184,-7.250045889570552,80.11763042944786,2595.696060736196,5.442501472392638,6.54508208588957,1.4791489570552148,53.3462867390892,63.16260006556406,90.53700065487885,145,121,pitch_type_specific,Slider
"Sparks, Alec",836152.0,GAT_GRI,Slider,R,117,34,51.17161932273259,59.79043876882777,615,181,112,Tight High-Spin Breakers,1,0.674631963190184,-7.250045889570552,80.11763042944786,2595.696060736196,5.442501472392638,6.54508208588957,1.4791489570552148,53.3462867390892,63.16260006556406,90.53700065487885,146,122,pitch_type_specific,Slider
"Escobar, Anthony",678673.0,TRO_AIG,Changeup,L,142,38,70.39077706412536,98.8212180746562,19,4,2,Soft-Speed Separation,0,10.283557142857145,11.688844421768708,79.10254224489796,1630.3477190476192,6.207827074829932,5.630306802721088,1.9668485034013603,53.334591125723975,63.119885588629884,90.43876882776686,147,16,pitch_type_specific,Changeup
"Perez, Kelvin",692487.0,WAS_WIL3,Slider,R,103,33,56.933006001339024,83.03863785199738,260,100,72,Tight High-Spin Breakers,1,4.09943168,-4.51449992,81.51188176000001,2241.1031576,5.7647912,5.91080232,1.37509616,53.31572551402015,63.05098499224321,90.37328094302553,148,123,pitch_type_specific,Slider
"Parsons, Billy",698892.0,SUS_COU1,Slider,R,130,61,45.41992313841895,28.22527832351015,1097,265,156,Tight High-Spin Breakers,1,5.884564066390041,-6.30481867219917,82.92120141078838,2486.4327369294606,5.447357593360996,5.778145643153527,1.324033195020747,53.25881695180179,62.84314471979879,90.27504911591355,149,124,pitch_type_specific,Slider
"Parsons, Billy",698892.0,SUS_COU1,Slider,L,111,61,42.269739683541374,15.58611656843484,1290,294,126,Tight High-Spin Breakers,1,5.884564066390041,-6.30481867219917,82.92120141078838,2486.4327369294606,5.447357593360996,5.778145643153527,1.324033195020747,53.25881695180179,62.84314471979879,90.27504911591355,150,125,pitch_type_specific,Slider
"Williams, Brian",1000079778.0,MIS_MUD,Slider,R,156,62,53.10656715065634,69.08971840209561,473,147,98,Tight High-Spin Breakers,1,4.298808189300412,-0.7828008230452675,81.71305781893004,2165.45538271605,5.943004238683128,6.04394950617284,2.944957448559671,53.23617421127319,62.760449371736826,90.14407334643091,151,126,pitch_type_specific,Slider
"Williams, Brian",1000079778.0,MIS_MUD,Slider,L,87,62,50.41049139213028,55.468238375900455,681,195,73,Tight High-Spin Breakers,1,4.298808189300412,-0.7828008230452675,81.71305781893004,2165.45538271605,5.943004238683128,6.04394950617284,2.944957448559671,53.23617421127319,62.760449371736826,90.14407334643091,152,127,pitch_type_specific,Slider
"Miranda, Kevin",806656.0,OTT_TIT,Slider,R,46,18,39.57996967646983,7.989521938441388,1406,314,175,Tight High-Spin Breakers,1,3.7319808974358977,-0.2546297435897436,81.08986346153847,2221.9014282051285,5.597923076923077,5.191458205128205,1.3638641025641025,53.20804848414286,62.65772917355232,90.01309757694827,153,128,pitch_type_specific,Slider
"Miranda, Kevin",806656.0,OTT_TIT,Slider,L,32,18,33.63682989317031,1.5062213490504257,1505,322,145,Tight High-Spin Breakers,1,3.7319808974358977,-0.2546297435897436,81.08986346153847,2221.9014282051285,5.597923076923077,5.191458205128205,1.3638641025641025,53.20804848414286,62.65772917355232,90.01309757694827,154,129,pitch_type_specific,Slider
"Delaney, Carter",1000039247.0,WIN_CIT29,Slider,R,45,17,51.50337259195696,61.42763588736084,590,173,108,Tight High-Spin Breakers,1,-0.3392471232876712,-7.402167945205479,80.00837123287671,2303.6031602739727,5.473462602739726,5.667056164383562,1.7603917808219178,53.15515752613462,62.46456191200567,89.88212180746562,155,130,pitch_type_specific,Slider
"Delaney, Carter",1000039247.0,WIN_CIT29,Slider,L,28,17,40.24754374056428,9.299279633267846,1386,311,138,Tight High-Spin Breakers,1,-0.3392471232876712,-7.402167945205479,80.00837123287671,2303.6031602739727,5.473462602739726,5.667056164383562,1.7603917808219178,53.15515752613462,62.46456191200567,89.88212180746562,156,131,pitch_type_specific,Slider
"Misla, Luis",695417.0,TRI_VAL,Slider,L,44,12,50.6724035891927,56.84348395546824,660,191,72,Tight High-Spin Breakers,1,1.188968115942029,10.287819855072463,78.6473563768116,2719.74253768116,5.250529565217391,5.409457826086957,-1.8494827536231884,53.15240034959172,62.454492208932606,89.75114603798298,157,132,pitch_type_specific,Slider
"Misla, Luis",695417.0,TRI_VAL,Slider,R,25,12,43.62826575594745,19.7773411918795,1226,283,163,Tight High-Spin Breakers,1,1.188968115942029,10.287819855072463,78.6473563768116,2719.74253768116,5.250529565217391,5.409457826086957,-1.8494827536231884,53.15240034959172,62.454492208932606,89.75114603798298,158,133,pitch_type_specific,Slider
"Jones, Logan",1000577428.0,FLO_Y'A,Slider,R,33,10,65.66771014705004,97.4459724950884,40,22,15,Tight High-Spin Breakers,1,-1.4067864705882354,-0.0757617647058823,81.4900774509804,2446.124776470588,5.660185098039216,5.547476274509804,2.517845098039216,53.13775649372994,62.401010221806104,89.65291421087099,159,134,pitch_type_specific,Slider
"Hampton, Ky",673132.0,OTT_TIT,Slider,R,62,34,48.69183199860972,47.47871643745907,803,220,135,Tight High-Spin Breakers,1,1.4267476190476192,-4.490036666666667,83.55969819047618,2286.4545495238094,5.82060180952381,5.397300761904762,2.333586095238095,53.116784932998804,62.32441832199288,89.55468238375902,160,135,pitch_type_specific,Slider
"Hampton, Ky",673132.0,OTT_TIT,Slider,L,43,34,38.11425768651701,5.108055009823183,1450,316,141,Tight High-Spin Breakers,1,1.4267476190476192,-4.490036666666667,83.55969819047618,2286.4545495238094,5.82060180952381,5.397300761904762,2.333586095238095,53.116784932998804,62.32441832199288,89.55468238375902,161,136,pitch_type_specific,Slider
"Smith, Donny",1000381366.0,JOL_SLA,Slider,R,29,10,51.12953339813318,59.46299934512115,620,182,113,Tight High-Spin Breakers,1,-2.396975,-5.369761212121213,78.45787833333334,2475.636813636364,5.158817424242424,5.62883409090909,2.559520909090909,53.11573315178222,62.32057702841446,89.42370661427636,162,137,pitch_type_specific,Slider
"Smith, Donny",1000381366.0,JOL_SLA,Slider,L,37,10,41.232573080945926,12.704649639816632,1334,301,131,Tight High-Spin Breakers,1,-2.396975,-5.369761212121213,78.45787833333334,2475.636813636364,5.158817424242424,5.62883409090909,2.559520909090909,53.11573315178222,62.32057702841446,89.42370661427636,163,138,pitch_type_specific,Slider
"Turner, Eric",1000080978.0,JOL_SLA,Slider,R,124,64,55.002968445001045,77.27570399476097,348,121,86,Tight High-Spin Breakers,1,1.3466694581280787,-7.690902758620689,78.31995389162562,2354.218493596059,4.980701379310345,5.446138965517241,2.768950295566502,53.0768252037976,62.17847822650924,89.29273084479371,164,139,pitch_type_specific,Slider
"Turner, Eric",1000080978.0,JOL_SLA,Slider,L,79,64,44.479234189196,23.313686967910936,1172,277,118,Tight High-Spin Breakers,1,1.3466694581280787,-7.690902758620689,78.31995389162562,2354.218493596059,4.980701379310345,5.446138965517241,2.768950295566502,53.0768252037976,62.17847822650924,89.29273084479371,165,140,pitch_type_specific,Slider
"Riedel, Caleb",1000120428.0,SCH_BOO,Sinker,R,44,22,63.6248577036924,96.33267845448592,57,3,3,Soft-Speed Separation,0,16.308531558441558,-15.89098064935065,88.79448974025975,2308.1979571428574,5.996884415584416,5.203270389610389,-1.5337025974025975,53.06270516639468,62.12690931831073,89.16175507531106,166,1,pitch_type_specific,Sinker
"Riedel, Caleb",1000120428.0,SCH_BOO,Sinker,L,33,22,62.99963835506239,95.28487229862476,73,4,1,Soft-Speed Separation,0,16.308531558441558,-15.89098064935065,88.79448974025975,2308.1979571428574,5.996884415584416,5.203270389610389,-1.5337025974025975,53.06270516639468,62.12690931831073,89.16175507531106,167,2,pitch_type_specific,Sinker
"Johnston, Spencer",800918.0,DOW_EAS1,Changeup,R,106,96,48.08949319266365,44.00785854616896,856,108,45,Soft-Speed Separation,0,8.663244214046822,9.954650869565215,77.58606826086957,1617.5169100668895,5.933721003344481,6.302708829431438,1.7089626421404682,53.05509378414599,62.099111185682176,89.03077930582842,168,17,pitch_type_specific,Changeup
"Johnston, Spencer",800918.0,DOW_EAS1,Changeup,L,193,96,47.70181870827576,41.91224623444663,888,117,66,Soft-Speed Separation,0,8.663244214046822,9.954650869565215,77.58606826086957,1617.5169100668895,5.933721003344481,6.302708829431438,1.7089626421404682,53.05509378414599,62.099111185682176,89.03077930582842,169,18,pitch_type_specific,Changeup
"Hagan, Jack",699522.0,DOW_EAS1,Slider,R,129,51,63.53400702565852,96.13621480026195,60,33,25,Tight High-Spin Breakers,1,3.826883380952381,-3.7215594285714286,84.37078480952381,2436.003659047619,5.701178619047619,5.608927761904762,2.106518142857143,53.02035544483504,61.97224054222872,88.89980353634577,170,141,pitch_type_specific,Slider
"Hagan, Jack",699522.0,DOW_EAS1,Slider,L,81,51,50.017121482743306,53.307138179436805,714,202,79,Tight High-Spin Breakers,1,3.826883380952381,-3.7215594285714286,84.37078480952381,2436.003659047619,5.701178619047619,5.608927761904762,2.106518142857143,53.02035544483504,61.97224054222872,88.89980353634577,171,142,pitch_type_specific,Slider
"DeCastro, Justin",1000214319.0,LON_ISL22,Changeup,L,40,42,52.9322488112422,68.23837590045841,486,69,42,Tight High-Spin Breakers,1,9.643628606557376,18.62042606557377,79.36659270491803,1978.5691647540984,5.055832459016393,4.95726106557377,3.529784344262295,53.00250139616092,61.90703435539121,88.76882776686314,172,19,pitch_type_specific,Changeup
"DeCastro, Justin",1000214319.0,LON_ISL22,Changeup,R,82,42,52.52101024561357,66.14276358873609,518,75,32,Tight High-Spin Breakers,1,9.643628606557376,18.62042606557377,79.36659270491803,1978.5691647540984,5.055832459016393,4.95726106557377,3.529784344262295,53.00250139616092,61.90703435539121,88.76882776686314,173,20,pitch_type_specific,Changeup
"Nova, Fraynel",805843.0,LAK_ERI24,Slider,R,145,62,63.485515793623605,95.87426326129666,64,35,27,Tight High-Spin Breakers,1,-0.5980220723684211,-6.97434144736842,80.61499151315789,2283.711817763158,5.605847894736843,5.792111052631579,1.3888478289473685,52.992027799718564,61.86878290335663,88.6378519973805,174,143,pitch_type_specific,Slider
"Nova, Fraynel",805843.0,LAK_ERI24,Slider,L,159,62,51.717241941901904,62.47544204322201,574,169,62,Tight High-Spin Breakers,1,-0.5980220723684211,-6.97434144736842,80.61499151315789,2283.711817763158,5.605847894736843,5.792111052631579,1.3888478289473685,52.992027799718564,61.86878290335663,88.6378519973805,175,144,pitch_type_specific,Slider
"Helt, Robert",836007.0,LAK_ERI24,Slider,R,144,45,62.164931278707016,94.2370661427636,89,43,33,Tight High-Spin Breakers,1,-1.1939930131004366,-5.093774978165939,81.06342270742357,2405.3268205240174,5.753646768558952,6.3778263318777295,2.1640714847161573,52.97874437709351,61.82026946232483,88.50687622789783,176,145,pitch_type_specific,Slider
"Helt, Robert",836007.0,LAK_ERI24,Slider,L,85,45,51.50416831913583,61.493123772102166,589,172,65,Tight High-Spin Breakers,1,-1.1939930131004366,-5.093774978165939,81.06342270742357,2405.3268205240174,5.753646768558952,6.3778263318777295,2.1640714847161573,52.97874437709351,61.82026946232483,88.50687622789783,177,146,pitch_type_specific,Slider
"Westcott, Zac",686170.0,FLO_Y'A,Changeup,L,128,78,45.44664832454168,28.42174197773412,1094,141,80,Tight High-Spin Breakers,1,6.474995255102041,16.659901428571427,76.47350831632653,1914.5474619387755,5.725955867346939,5.741133418367348,1.899042448979592,52.97181657886601,61.794967901102474,88.37590045841519,178,21,pitch_type_specific,Changeup
"Westcott, Zac",686170.0,FLO_Y'A,Changeup,R,68,78,41.45375580541205,13.228552717747217,1326,172,74,Tight High-Spin Breakers,1,6.474995255102041,16.659901428571427,76.47350831632653,1914.5474619387755,5.725955867346939,5.741133418367348,1.899042448979592,52.97181657886601,61.794967901102474,88.37590045841519,179,22,pitch_type_specific,Changeup
"Sanchez, Edwin",835958.0,LAK_ERI24,Slider,L,41,20,53.47239525167312,70.79240340537001,447,142,46,Tight High-Spin Breakers,1,-0.8525447222222222,4.245444722222222,76.85932694444445,2396.9424736111114,5.130195694444445,4.928524861111111,-1.674556388888889,52.96772499465953,61.780024701994016,88.24492468893254,180,147,pitch_type_specific,Slider
"Sanchez, Edwin",835958.0,LAK_ERI24,Slider,R,31,20,44.334053262708856,22.39685658153242,1186,279,161,Tight High-Spin Breakers,1,-0.8525447222222222,4.245444722222222,76.85932694444445,2396.9424736111114,5.130195694444445,4.928524861111111,-1.674556388888889,52.96772499465953,61.780024701994016,88.24492468893254,181,148,pitch_type_specific,Slider
"Garcia, Brett",702286.0,OTT_TIT,Curveball,R,67,20,63.4867415623514,95.939751146038,63,5,2,Tight High-Spin Breakers,1,-17.118636260869565,-8.163383826086957,81.28957095652174,2143.607625217391,5.367431391304348,6.10192947826087,1.1809460869565216,52.9641842967003,61.76709343822979,88.1139489194499,182,1,pitch_type_specific,Curveball
"Garcia, Brett",702286.0,OTT_TIT,Curveball,L,48,20,59.863438339909806,90.8316961362148,141,20,5,Tight High-Spin Breakers,1,-17.118636260869565,-8.163383826086957,81.28957095652174,2143.607625217391,5.367431391304348,6.10192947826087,1.1809460869565216,52.9641842967003,61.76709343822979,88.1139489194499,183,2,pitch_type_specific,Curveball
"VanMarter, Luke",1000565948.0,LEM_COL,Changeup,R,29,17,56.67266508583992,82.05631958087753,275,35,14,Soft-Speed Separation,0,12.858843584905662,11.666221698113208,77.5559003773585,1755.574466037736,6.55444,6.129383584905661,0.8336458490566038,52.95456766830402,61.73197178714659,88.01571709233792,184,23,pitch_type_specific,Changeup
"Pindel, Buddie",1000054422.0,SCH_BOO,Slider,R,139,38,50.807670302125246,57.498362802881466,650,187,116,Tight High-Spin Breakers,1,1.7631443352601155,-7.018621271676301,81.59744005780347,2466.4690757225435,5.359896531791907,5.892075202312139,2.5398548554913294,52.90235086728673,61.541266667801494,87.91748526522593,185,149,pitch_type_specific,Slider
"Pindel, Buddie",1000054422.0,SCH_BOO,Slider,L,34,38,41.25373448040308,12.770137524557956,1333,300,130,Tight High-Spin Breakers,1,1.7631443352601155,-7.018621271676301,81.59744005780347,2466.4690757225435,5.359896531791907,5.892075202312139,2.5398548554913294,52.90235086728673,61.541266667801494,87.91748526522593,186,150,pitch_type_specific,Slider
"Harris, Ben",1000390130.0,GAT_GRI,Curveball,R,156,22,58.98499029762561,88.40864440078585,178,26,19,Tight High-Spin Breakers,1,-14.147693801652892,-7.238222520661157,77.88448061983472,2131.005173553719,4.955133016528926,6.463299710743802,0.6444353719008264,52.90089934398673,61.53596544446407,87.78650949574329,187,3,pitch_type_specific,Curveball
"Harris, Ben",1000390130.0,GAT_GRI,Curveball,L,86,22,55.89975716135577,80.2226588081205,303,44,17,Tight High-Spin Breakers,1,-14.147693801652892,-7.238222520661157,77.88448061983472,2131.005173553719,4.955133016528926,6.463299710743802,0.6444353719008264,52.90089934398673,61.53596544446407,87.78650949574329,188,4,pitch_type_specific,Curveball
"Campbell, AJ",1000132168.0,WIN_CIT29,Slider,R,231,106,59.071974663649925,88.73608382449247,173,72,56,Tight High-Spin Breakers,1,5.181384289544236,-9.23986707774799,80.25676327077748,2571.1299782841825,4.874937372654156,5.934544691689007,1.8192363806970508,52.86159564836626,61.39242130123856,87.65553372626064,189,151,pitch_type_specific,Slider
"Campbell, AJ",1000132168.0,WIN_CIT29,Slider,L,142,106,50.283393292293695,54.616895874263264,694,198,75,Tight High-Spin Breakers,1,5.181384289544236,-9.23986707774799,80.25676327077748,2571.1299782841825,4.874937372654156,5.934544691689007,1.8192363806970508,52.86159564836626,61.39242130123856,87.65553372626064,190,152,pitch_type_specific,Slider
"Petschke, Ben",814386.0,EVA_OTT,Slider,R,86,42,65.56339538769478,97.31499672560577,42,24,17,Tight High-Spin Breakers,1,-1.72902625,-13.48878722222222,81.05430777777778,2628.153921527778,5.040848680555556,5.794823680555556,1.8442963194444444,52.83834055597781,61.30748953439492,87.524557956778,191,153,pitch_type_specific,Slider
"Petschke, Ben",814386.0,EVA_OTT,Slider,L,58,42,56.34792976112616,81.33595284872298,286,106,31,Tight High-Spin Breakers,1,-1.72902625,-13.48878722222222,81.05430777777778,2628.153921527778,5.040848680555556,5.794823680555556,1.8442963194444444,52.83834055597781,61.30748953439492,87.524557956778,192,154,pitch_type_specific,Slider
"Cooper, Garrett",1000327042.0,NEW_YOR13,Slider,R,62,26,61.38455062220477,93.25474787164374,104,48,38,Tight High-Spin Breakers,1,2.0104424175824174,-3.422083626373626,80.86745934065934,2118.453851648352,5.691682857142857,5.550034725274725,1.5887141758241758,52.83700121715992,61.3025980288999,87.39358218729535,193,155,pitch_type_specific,Slider
"Cooper, Garrett",1000327042.0,NEW_YOR13,Slider,L,29,26,53.46581726959703,70.72691552062868,448,143,47,Tight High-Spin Breakers,1,2.0104424175824174,-3.422083626373626,80.86745934065934,2118.453851648352,5.691682857142857,5.550034725274725,1.5887141758241758,52.83700121715992,61.3025980288999,87.39358218729535,194,156,pitch_type_specific,Slider
"Garcia, Andrew",1000190083.0,EVA_OTT,Slider,R,150,40,59.72291025281096,90.04584151931893,153,65,52,Tight High-Spin Breakers,1,2.190588678414097,-7.195437136563876,82.23062114537444,2337.8379991189427,5.377475418502203,5.299277709251101,1.9560762114537444,52.83071511943011,61.27964007294657,87.2626064178127,195,157,pitch_type_specific,Slider
"Garcia, Andrew",1000190083.0,EVA_OTT,Slider,L,77,40,52.654716391715866,67.12508185985592,503,153,53,Tight High-Spin Breakers,1,2.190588678414097,-7.195437136563876,82.23062114537444,2337.8379991189427,5.377475418502203,5.299277709251101,1.9560762114537444,52.83071511943011,61.27964007294657,87.2626064178127,196,158,pitch_type_specific,Slider
"Willeman, Landon",812254.0,EVA_OTT,Slider,R,70,24,54.81149907750946,76.42436149312377,361,124,87,Tight High-Spin Breakers,1,0.3964261386138614,-4.973636336633663,80.63801455445545,2250.536286138614,5.497047722772277,5.53169495049505,2.159770198019802,52.82598545059128,61.262366474357634,87.13163064833006,197,159,pitch_type_specific,Slider
"Willeman, Landon",812254.0,EVA_OTT,Slider,L,31,24,45.0150659741027,25.802226588081208,1134,272,114,Tight High-Spin Breakers,1,0.3964261386138614,-4.973636336633663,80.63801455445545,2250.536286138614,5.497047722772277,5.53169495049505,2.159770198019802,52.82598545059128,61.262366474357634,87.13163064833006,198,160,pitch_type_specific,Slider
"Sakurai, Masatoshi",1000429128.0,QUE_CAP,Slider,L,71,50,48.89234032242166,48.722986247544206,784,216,85,Tight High-Spin Breakers,1,-0.6897042753623189,4.440031376811595,78.91613760869565,2271.8175753623186,5.76592347826087,5.71576384057971,-1.859189927536232,52.803948712418475,61.18188435555012,87.00065487884741,199,161,pitch_type_specific,Slider
"Sakurai, Masatoshi",1000429128.0,QUE_CAP,Slider,R,67,50,43.570273695026586,19.318925998690244,1233,286,165,Tight High-Spin Breakers,1,-0.6897042753623189,4.440031376811595,78.91613760869565,2271.8175753623186,5.76592347826087,5.71576384057971,-1.859189927536232,52.803948712418475,61.18188435555012,87.00065487884741,200,162,pitch_type_specific,Slider
"Joven, Art",1000048892.0,MIS_MUD,Slider,L,192,68,51.46726930706214,61.23117223313687,593,175,67,Tight High-Spin Breakers,1,2.088090098360656,0.0086996393442623,77.54524029508197,2240.62414,5.177451409836065,5.073387245901639,-2.1455590163934426,52.79440180496639,61.1470173378555,86.86967910936477,201,163,pitch_type_specific,Slider
"Joven, Art",1000048892.0,MIS_MUD,Slider,R,113,68,50.78225246573412,57.3018991486575,653,189,118,Tight High-Spin Breakers,1,2.088090098360656,0.0086996393442623,77.54524029508197,2240.62414,5.177451409836065,5.073387245901639,-2.1455590163934426,52.79440180496639,61.1470173378555,86.86967910936477,202,164,pitch_type_specific,Slider
"Zentko, Dylan",1000303828.0,EVA_OTT,Slider,L,45,10,52.74497875691449,67.64898493778651,495,150,50,Tight High-Spin Breakers,1,3.679246567164179,1.069638208955224,77.36635373134328,1950.7263059701493,5.633379850746269,5.622530447761194,-1.4532780597014925,52.79385679505108,61.14502686392912,86.77144728225278,203,165,pitch_type_specific,Slider
"Plumadore, Carson",1000207816.0,WIN_CIT29,Changeup,L,192,76,58.85913661076715,87.88474132285528,186,23,16,Soft-Speed Separation,0,8.585652342007435,18.75669364312268,83.28592286245353,2259.39018401487,5.927276579925651,4.4538593308550185,4.055048252788104,52.76543397944649,61.04122164537119,86.67321545514079,204,24,pitch_type_specific,Changeup
"Plumadore, Carson",1000207816.0,WIN_CIT29,Changeup,R,77,76,55.02212784799798,77.34119187950229,347,46,19,Soft-Speed Separation,0,8.585652342007435,18.75669364312268,83.28592286245353,2259.39018401487,5.927276579925651,4.4538593308550185,4.055048252788104,52.76543397944649,61.04122164537119,86.67321545514079,205,25,pitch_type_specific,Changeup
"Agosto, Justus",1000116159.0,TRI_VAL,Slider,R,31,12,48.03688198072862,43.5494433529797,863,229,139,Soft-Speed Separation,0,8.572091666666667,-1.457692037037037,84.8213935185185,2249.2710944444443,5.796443703703704,5.636435,1.5310153703703704,52.763678296995394,61.03480957828079,86.57498362802882,206,166,pitch_type_specific,Slider
"Smith, Ben",814168.0,NEW_ENG23,Slider,L,40,21,53.32059682155801,70.00654878847413,459,145,48,Tight High-Spin Breakers,1,0.1102258928571428,13.552734821428572,78.69252991071428,2314.1059080357145,5.469497410714285,4.471845,-1.881363482142857,52.74868270047375,60.98004297120036,86.47675180091683,207,167,pitch_type_specific,Slider
"Smith, Ben",814168.0,NEW_ENG23,Slider,R,72,21,48.82427879724071,48.26457105435495,791,217,132,Tight High-Spin Breakers,1,0.1102258928571428,13.552734821428572,78.69252991071428,2314.1059080357145,5.469497410714285,4.471845,-1.881363482142857,52.74868270047375,60.98004297120036,86.47675180091683,208,168,pitch_type_specific,Slider
"Aldeano, Austin",699054.0,TRO_AIG,Changeup,L,46,16,47.42740446077548,40.47151277013752,910,120,67,Soft-Speed Separation,0,7.136313137254902,17.634729607843138,81.30798705882353,1856.19651372549,6.278166078431372,5.532447450980392,3.271941960784314,52.741165084646084,60.95258729035291,86.37851997380484,209,26,pitch_type_specific,Changeup
"Bargo, Casey",1000492781.0,NEW_ENG23,Slider,R,29,16,74.14333873777065,99.86902423051735,3,3,3,Tight High-Spin Breakers,1,1.4834028571428572,-4.979310535714285,83.56961232142858,2415.5824839285715,5.66463625,5.811873571428571,2.415990178571428,52.71948095165271,60.873392948879825,86.28028814669287,210,169,pitch_type_specific,Slider
"Bargo, Casey",1000492781.0,NEW_ENG23,Slider,L,27,16,63.2694008709266,95.4158480681074,71,38,9,Tight High-Spin Breakers,1,1.4834028571428572,-4.979310535714285,83.56961232142858,2415.5824839285715,5.66463625,5.811873571428571,2.415990178571428,52.71948095165271,60.873392948879825,86.28028814669287,211,170,pitch_type_specific,Slider
"Carroll, Jake",1000088275.0,JOL_SLA,Slider,L,50,12,70.34471521381505,98.75573018991489,20,12,4,Tight High-Spin Breakers,1,-6.190376029411764,7.896394411764707,75.33091602941177,2033.3071691176472,6.09733,6.212077794117647,-1.9373477941176471,52.713765333256035,60.85251848573321,86.18205631958088,212,171,pitch_type_specific,Slider
"Fauci, Sonny",688649.0,NEW_JER6,Slider,R,82,24,57.05134204219624,83.56254092992796,252,97,71,Tight High-Spin Breakers,1,-1.7088833858267716,-6.120146929133858,83.82432732283465,2336.5685897637795,5.95739409448819,5.934096771653543,2.069027165354331,52.71043204667361,60.84034472550415,86.08382449246889,213,172,pitch_type_specific,Slider
"Fauci, Sonny",688649.0,NEW_JER6,Slider,L,45,24,51.12003546873882,59.39751146037983,621,183,70,Tight High-Spin Breakers,1,-1.7088833858267716,-6.120146929133858,83.82432732283465,2336.5685897637795,5.95739409448819,5.934096771653543,2.069027165354331,52.71043204667361,60.84034472550415,86.08382449246889,214,173,pitch_type_specific,Slider
"Odonnell, Brendan",1000423478.0,NEW_ENG23,Slider,L,85,41,57.1550039221297,83.9554682383759,246,96,26,Tight High-Spin Breakers,1,-1.3660203333333332,11.962691428571429,84.27737466666667,2644.994116190476,6.120261809523809,5.560862380952381,-1.564045095238095,52.69863361823766,60.797254749497824,85.95284872298625,215,174,pitch_type_specific,Slider
"Odonnell, Brendan",1000423478.0,NEW_ENG23,Slider,R,125,41,50.454470709486415,55.79567779960707,676,193,121,Tight High-Spin Breakers,1,-1.3660203333333332,11.962691428571429,84.27737466666667,2644.994116190476,6.120261809523809,5.560862380952381,-1.564045095238095,52.69863361823766,60.797254749497824,85.95284872298625,216,175,pitch_type_specific,Slider
"Zeplin, Blane",830954.0,JOL_SLA,Slider,R,77,16,56.86995774608809,82.90766208251473,262,101,73,Tight High-Spin Breakers,1,-0.7359081481481481,-6.8807256481481485,77.66854666666667,2272.876202777778,5.317516759259259,6.256682592592592,1.3656897222222224,52.66117683796369,60.66045587225398,85.8218729535036,217,176,pitch_type_specific,Slider
"Zeplin, Blane",830954.0,JOL_SLA,Slider,L,31,16,52.57396813241319,66.33922724296005,515,155,55,Tight High-Spin Breakers,1,-0.7359081481481481,-6.8807256481481485,77.66854666666667,2272.876202777778,5.317516759259259,6.256682592592592,1.3656897222222224,52.66117683796369,60.66045587225398,85.8218729535036,218,177,pitch_type_specific,Slider
"Scott, Brandon",1000138331.0,LAK_ERI24,Slider,L,67,41,59.47125242658314,89.58742632612967,160,67,15,Tight High-Spin Breakers,1,-0.276571448275862,6.873440206896552,77.91838434482759,2404.874122068966,5.408854275862069,5.511559862068966,-1.812185793103448,52.651761033723574,60.626067666995176,85.69089718402095,219,178,pitch_type_specific,Slider
"Scott, Brandon",1000138331.0,LAK_ERI24,Slider,R,78,41,55.78229722389398,79.76424361493125,310,113,81,Tight High-Spin Breakers,1,-0.276571448275862,6.873440206896552,77.91838434482759,2404.874122068966,5.408854275862069,5.511559862068966,-1.812185793103448,52.651761033723574,60.626067666995176,85.69089718402095,220,179,pitch_type_specific,Slider
"Wiltse, Ryan",813813.0,EVA_OTT,Changeup,R,51,45,61.47988528997514,93.45121152586772,101,15,6,Soft-Speed Separation,0,13.950589866666666,10.170820266666666,78.47568233333332,1837.68382,6.3202576666666666,6.321837533333333,1.2366138,52.64723463202432,60.609536436444046,85.55992141453831,221,27,pitch_type_specific,Changeup
"Wiltse, Ryan",813813.0,EVA_OTT,Changeup,L,99,45,59.57254759654886,89.78388998035363,157,21,14,Soft-Speed Separation,0,13.950589866666666,10.170820266666666,78.47568233333332,1837.68382,6.3202576666666666,6.321837533333333,1.2366138,52.64723463202432,60.609536436444046,85.55992141453831,222,28,pitch_type_specific,Changeup
"Eckaus, David",824671.0,EVA_OTT,Slider,L,115,24,59.76991381219085,90.30779305828422,149,64,13,Tight High-Spin Breakers,1,1.969790857142857,4.856202457142857,82.48779457142857,2593.816619428572,5.562136342857143,5.513320114285714,-1.5144532,52.58655012206981,60.38790572587176,85.42894564505566,223,180,pitch_type_specific,Slider
"Eckaus, David",824671.0,EVA_OTT,Slider,R,60,24,54.63768293870617,75.90045841519319,369,125,88,Tight High-Spin Breakers,1,1.969790857142857,4.856202457142857,82.48779457142857,2593.816619428572,5.562136342857143,5.513320114285714,-1.5144532,52.58655012206981,60.38790572587176,85.42894564505566,224,181,pitch_type_specific,Slider
"Plumadore, Carson",1000207816.0,WIN_CIT29,Sinker,R,49,38,53.71327745654742,72.16764898493778,426,36,19,Soft-Speed Separation,0,13.71564632,18.47853024,87.25796448818899,2383.5795511811025,5.813197007874016,4.676818110236221,3.991245590551181,52.582057731894054,60.37149871150241,85.29796987557302,225,3,pitch_type_specific,Sinker
"Plumadore, Carson",1000207816.0,WIN_CIT29,Sinker,L,78,38,52.64411738019769,67.05959397511461,504,53,28,Soft-Speed Separation,0,13.71564632,18.47853024,87.25796448818899,2383.5795511811025,5.813197007874016,4.676818110236221,3.991245590551181,52.582057731894054,60.37149871150241,85.29796987557302,226,4,pitch_type_specific,Sinker
"Maietta, Dante",1000137704.0,WIN_CIT29,Changeup,L,150,52,63.42392939563644,95.67779960707269,67,11,7,Soft-Speed Separation,0,15.18677227799228,13.707251505791506,77.85949741312741,1858.0681127413127,6.30840945945946,6.351437953667953,1.2229924710424709,52.554187656127915,60.26971219793606,85.16699410609037,227,29,pitch_type_specific,Changeup
"Maietta, Dante",1000137704.0,WIN_CIT29,Changeup,R,109,52,58.275882916945726,86.50949574328749,207,26,10,Soft-Speed Separation,0,15.18677227799228,13.707251505791506,77.85949741312741,1858.0681127413127,6.30840945945946,6.351437953667953,1.2229924710424709,52.554187656127915,60.26971219793606,85.16699410609037,228,30,pitch_type_specific,Changeup
"Alpern, Liam",1000137537.0,FLO_Y'A,Slider,L,38,16,71.96487149265788,99.47609692206942,9,6,1,Tight High-Spin Breakers,1,-4.042234102564103,11.5085708974359,76.82941141025641,2219.105,5.546514358974359,4.826601153846154,-2.125199871794872,52.52943569411892,60.17931359486218,85.03601833660774,229,182,pitch_type_specific,Slider
"Alpern, Liam",1000137537.0,FLO_Y'A,Slider,R,40,16,64.9841360582653,97.1185330713818,45,26,19,Tight High-Spin Breakers,1,-4.042234102564103,11.5085708974359,76.82941141025641,2219.105,5.546514358974359,4.826601153846154,-2.125199871794872,52.52943569411892,60.17931359486218,85.03601833660774,230,183,pitch_type_specific,Slider
"Harajli, Ahmad",800677.0,FLO_Y'A,Slider,R,54,20,62.73081217462779,94.8264571054355,80,40,31,Tight High-Spin Breakers,1,-2.467593026315789,-2.8510598684210526,80.48607394736841,2056.258269473684,5.993008815789473,6.0324672368421055,1.8526755263157888,52.50658106398548,60.09584438797333,84.93778650949574,231,184,pitch_type_specific,Slider
"Rodriguez, Luis",693543.0,TRO_AIG,Four-Seam,L,177,56,51.055527575405456,58.87360838244925,629,176,78,Soft-Speed Separation,0,20.62839224637681,7.015231123188406,95.11551010869564,2360.035705072464,6.061004202898551,6.06359018115942,2.0642217753623187,52.49653427107368,60.059151698954594,84.83955468238375,232,1,pitch_type_specific,Four-Seam
"Rodriguez, Luis",693543.0,TRO_AIG,Four-Seam,R,99,56,49.82998508221089,52.39030779305829,728,211,119,Soft-Speed Separation,0,20.62839224637681,7.015231123188406,95.11551010869564,2360.035705072464,6.061004202898551,6.06359018115942,2.0642217753623187,52.49653427107368,60.059151698954594,84.83955468238375,233,2,pitch_type_specific,Four-Seam
"Vilchez, Michael",699074.0,OTT_TIT,Slider,R,81,17,59.1995787115513,88.93254747871644,170,70,54,Tight High-Spin Breakers,1,1.5639231313131314,-4.675408787878788,82.75545454545455,2302.5541707070706,5.73943707070707,5.988726363636364,1.2005440404040404,52.472029428679754,59.969655621021396,84.74132285527178,234,185,pitch_type_specific,Slider
"Toribio, Noe",672848.0,TRO_AIG,Slider,R,121,38,51.447044823655474,61.0347085789129,596,178,111,Tight High-Spin Breakers,1,2.9590080666666667,0.9077586666666668,82.4596768,2222.8511106666665,5.795991533333333,5.815342866666667,2.281895333333333,52.470708607866975,59.96483174660115,84.64309102815979,235,186,pitch_type_specific,Slider
"Toribio, Noe",672848.0,TRO_AIG,Slider,L,29,38,45.78616309189106,30.779305828421744,1058,260,106,Tight High-Spin Breakers,1,2.9590080666666667,0.9077586666666668,82.4596768,2222.8511106666665,5.795991533333333,5.815342866666667,2.281895333333333,52.470708607866975,59.96483174660115,84.64309102815979,236,187,pitch_type_specific,Slider
"Majick, Eli",828663.0,NEW_ENG23,Cutter,R,42,23,59.72791841236655,90.11132940406024,152,7,4,Tight High-Spin Breakers,1,5.611513676470588,-0.936989705882353,82.84884058823529,2499.9568970588234,5.726695294117647,5.653343970588235,-3.5733725,52.450483037846254,59.890964338612164,84.51211525867714,237,7,pitch_type_specific,Cutter
"Majick, Eli",828663.0,NEW_ENG23,Cutter,L,26,23,59.63898862192056,89.9803536345776,154,8,4,Tight High-Spin Breakers,1,5.611513676470588,-0.936989705882353,82.84884058823529,2499.9568970588234,5.726695294117647,5.653343970588235,-3.5733725,52.450483037846254,59.890964338612164,84.51211525867714,238,8,pitch_type_specific,Cutter
"Grounds, Jackson",805984.0,DOW_EAS1,Curveball,R,43,10,73.27249406090203,99.80353634577604,4,1,1,Tight High-Spin Breakers,1,-10.500080243902438,-12.01293524390244,81.40860719512196,1945.774660975609,5.351570975609756,6.060410609756097,2.076265,52.42740947415312,59.8066955471104,84.3811394891945,239,5,pitch_type_specific,Curveball
"Grounds, Jackson",805984.0,DOW_EAS1,Curveball,L,39,10,69.56779107615371,98.6247544204322,22,3,2,Tight High-Spin Breakers,1,-10.500080243902438,-12.01293524390244,81.40860719512196,1945.774660975609,5.351570975609756,6.060410609756097,2.076265,52.42740947415312,59.8066955471104,84.3811394891945,240,6,pitch_type_specific,Curveball
"Foster, Kobe",816330.0,WAS_WIL3,Slider,L,122,37,60.61807176014986,92.27242960052388,119,55,12,Tight High-Spin Breakers,1,5.119130555555556,5.390152083333334,78.27802458333333,2327.506882638889,5.339945416666667,5.988653611111111,-1.4655147222222222,52.393722589887254,59.68366500599856,84.28290766208252,241,188,pitch_type_specific,Slider
"Duby, Bill",1000270408.0,NEW_JER6,Changeup,R,79,59,33.76371125814908,1.6371971185330716,1503,189,84,Soft-Speed Separation,0,11.482166134969326,13.20139055214724,83.73611779141105,1945.019871165644,6.613927975460123,5.440199877300613,3.056266073619632,52.38873947844721,59.66546578958985,84.18467583497053,242,31,pitch_type_specific,Changeup
"Duby, Bill",1000270408.0,NEW_JER6,Changeup,L,84,59,31.55699418529616,0.7203667321545514,1517,190,106,Soft-Speed Separation,0,11.482166134969326,13.20139055214724,83.73611779141105,1945.019871165644,6.613927975460123,5.440199877300613,3.056266073619632,52.38873947844721,59.66546578958985,84.18467583497053,243,32,pitch_type_specific,Changeup
"Bice, Emmett",828456.0,NEW_YOR13,Slider,R,133,81,61.07304540114891,92.99279633267844,108,50,40,Tight High-Spin Breakers,1,2.0523036996337,-2.6018112454212456,82.82060106227105,2380.160267765568,5.660225970695971,6.025641391941392,1.491862673992674,52.376117835091065,59.61936928509952,84.05370006548787,244,189,pitch_type_specific,Slider
"Bice, Emmett",828456.0,NEW_YOR13,Slider,L,140,81,51.83013439606369,62.933857236411264,567,168,61,Tight High-Spin Breakers,1,2.0523036996337,-2.6018112454212456,82.82060106227105,2380.160267765568,5.660225970695971,6.025641391941392,1.491862673992674,52.376117835091065,59.61936928509952,84.05370006548787,245,190,pitch_type_specific,Slider
"Kostura, Brit",1000146015.0,WAS_WIL3,Slider,L,29,20,40.30814929523998,9.62671905697446,1381,309,136,Tight High-Spin Breakers,1,-0.719455,5.142615714285715,74.76155339285715,2157.0713196428574,5.042401607142857,5.029548392857143,-1.6405464285714284,52.37029619135563,59.598107598406315,83.92272429600524,246,191,pitch_type_specific,Slider
"Kostura, Brit",1000146015.0,WAS_WIL3,Slider,R,27,20,38.00612034838416,4.911591355599214,1453,317,176,Tight High-Spin Breakers,1,-0.719455,5.142615714285715,74.76155339285715,2157.0713196428574,5.042401607142857,5.029548392857143,-1.6405464285714284,52.37029619135563,59.598107598406315,83.92272429600524,247,192,pitch_type_specific,Slider
"Duby, Bill",1000270408.0,NEW_JER6,Splitter,L,43,25,36.92987814527899,3.66732154551408,1472,23,13,Soft-Speed Separation,0,6.694032333333333,4.0922168333333335,78.78725200000001,985.1683775,6.0671,5.905969499999999,2.7936505,52.359249365329184,59.557762609155446,83.82449246889325,248,4,pooled_fixed_effects,Pooled
"Noble, Nick",1000397875.0,FDU_KNI,Changeup,L,46,23,48.85446099182899,48.395546823837584,789,100,58,Tight High-Spin Breakers,1,0.1866509859154929,17.648167746478872,77.31426,1611.7838492957746,4.998100985915492,4.158600845070423,1.900377183098592,52.35846615244422,59.55490217527613,83.72626064178127,249,33,pitch_type_specific,Changeup
"Noble, Nick",1000397875.0,FDU_KNI,Changeup,R,25,23,41.36042805806586,12.901113294040604,1331,173,75,Tight High-Spin Breakers,1,0.1866509859154929,17.648167746478872,77.31426,1611.7838492957746,4.998100985915492,4.158600845070423,1.900377183098592,52.35846615244422,59.55490217527613,83.72626064178127,250,34,pitch_type_specific,Changeup
"Gilleran, Jimmy",10103730.0,NEW_ENG23,Slider,R,90,42,60.003988308593264,91.1591355599214,136,61,49,Tight High-Spin Breakers,1,3.80620432,-3.41993552,80.78545032000001,2238.3018536,5.33476176,5.63050072,1.10320928,52.28402186427288,59.28301828764436,83.59528487229862,251,193,pitch_type_specific,Slider
"Gilleran, Jimmy",10103730.0,NEW_ENG23,Slider,L,35,42,51.520278973106166,61.62409954158481,587,171,64,Tight High-Spin Breakers,1,3.80620432,-3.41993552,80.78545032000001,2238.3018536,5.33476176,5.63050072,1.10320928,52.28402186427288,59.28301828764436,83.59528487229862,252,194,pitch_type_specific,Slider
"Glickstein, Aaron",1000292360.0,SCH_BOO,Slider,R,32,16,56.46379647081142,81.6633922724296,281,105,75,Tight High-Spin Breakers,1,7.460648727272726,-0.4678549090909091,84.85907345454545,2240.4119945454545,5.581444363636364,5.235963636363636,2.4111254545454543,52.27973116139033,59.267347871430616,83.49705304518665,253,195,pitch_type_specific,Slider
"Smith, Jackson",1000333915.0,MIS_MUD,Changeup,L,73,37,52.092163787518025,64.11263916175508,549,79,46,Tight High-Spin Breakers,1,-1.1124062711864406,18.048417118644068,81.70776635593221,2242.305961864407,5.11816220338983,3.8878054237288135,3.892649237288136,52.264338358215994,59.21113059443877,83.39882121807466,254,35,pitch_type_specific,Changeup
"Smith, Jackson",1000333915.0,MIS_MUD,Changeup,R,45,37,44.90116326816917,25.278323510150624,1142,146,63,Tight High-Spin Breakers,1,-1.1124062711864406,18.048417118644068,81.70776635593221,2242.305961864407,5.11816220338983,3.8878054237288135,3.892649237288136,52.264338358215994,59.21113059443877,83.39882121807466,255,36,pitch_type_specific,Changeup
"Maryniak, Connor",831880.0,NEW_JER6,Curveball,R,83,46,60.20884073703793,91.42108709888672,132,18,15,Tight High-Spin Breakers,1,-9.795399166666666,-4.588740666666667,81.53824272222222,2515.2550855555555,4.765186055555556,6.131989222222222,1.5980840555555555,52.252623782539814,59.168346863745214,83.26784544859201,256,7,pitch_type_specific,Curveball
"Maryniak, Connor",831880.0,NEW_JER6,Curveball,L,97,46,56.51114930338906,81.85985592665357,278,41,15,Tight High-Spin Breakers,1,-9.795399166666666,-4.588740666666667,81.53824272222222,2515.2550855555555,4.765186055555556,6.131989222222222,1.5980840555555555,52.252623782539814,59.168346863745214,83.26784544859201,257,8,pitch_type_specific,Curveball
"Maher, Adam",1000133555.0,TRI_VAL,Slider,L,48,20,52.73774694955753,67.58349705304518,496,151,51,Tight High-Spin Breakers,1,4.74299147368421,1.0697843157894735,79.38959852631578,1935.0687082105264,5.6622890526315794,5.580068105263159,-0.8648762105263158,52.24056647848044,59.12431142754793,83.13686967910937,258,196,pitch_type_specific,Slider
"Maher, Adam",1000133555.0,TRI_VAL,Slider,R,47,20,46.36055436034546,34.05370006548789,1008,250,150,Tight High-Spin Breakers,1,4.74299147368421,1.0697843157894735,79.38959852631578,1935.0687082105264,5.6622890526315794,5.580068105263159,-0.8648762105263158,52.24056647848044,59.12431142754793,83.13686967910937,259,197,pitch_type_specific,Slider
"Dill, Austin",1000429156.0,TRI_VAL,Slider,R,62,20,63.57415354491893,96.20170268500328,59,32,24,Tight High-Spin Breakers,1,1.59681375,-3.645549027777778,79.30477763888888,2564.647165277778,4.9712025,6.152320138888888,1.66865875,52.224682059207936,59.066298680422975,83.03863785199738,260,198,pitch_type_specific,Slider
"Balzan, Jackson",827496.0,SUS_COU1,Slider,L,75,26,64.93748119084619,97.05304518664047,46,27,8,Tight High-Spin Breakers,1,5.794310989010989,0.8201474725274726,79.73090791208791,2186.795797802198,5.258004065934066,5.34296978021978,-1.0319606593406594,52.220160309601205,59.0497844401478,82.97314996725605,261,199,pitch_type_specific,Slider
"Gordillo, Lucas",808851.0,TRI_VAL,Slider,R,39,23,50.28930335207168,54.68238375900458,693,197,123,Tight High-Spin Breakers,1,2.9873560344827585,-5.852284310344827,80.7788374137931,2016.312581034483,5.582904137931035,5.827829310344828,2.3184062068965514,52.21993445715862,59.04895958653407,82.90766208251473,262,200,pitch_type_specific,Slider
"Simone, Andrew",1000132681.0,TRO_AIG,Slider,R,66,37,56.28660328074565,81.20497707924034,288,107,76,Tight High-Spin Breakers,1,3.497551834862385,-3.7025588990825686,84.25357403669724,2160.039791743119,5.7241029357798165,5.224311100917432,0.9715178899082568,52.21914449817644,59.04607451469819,82.80943025540275,263,201,pitch_type_specific,Slider
"Simone, Andrew",1000132681.0,TRO_AIG,Slider,L,43,37,51.06190150657415,58.93909626719057,628,185,71,Tight High-Spin Breakers,1,3.497551834862385,-3.7025588990825686,84.25357403669724,2160.039791743119,5.7241029357798165,5.224311100917432,0.9715178899082568,52.21914449817644,59.04607451469819,82.80943025540275,264,202,pitch_type_specific,Slider
"Jones, Logan",814785.0,TRI_VAL,Slider,L,33,17,67.65761414677581,98.16633922724296,29,16,6,Tight High-Spin Breakers,1,2.4548069230769234,2.3349756923076925,83.46183384615384,2341.4368646153844,5.692705692307692,5.695370615384616,3.0107698461538464,52.208271996643326,59.00636618975186,82.6784544859201,265,203,pitch_type_specific,Slider
"Jones, Logan",814785.0,TRI_VAL,Slider,R,32,17,65.6631772478154,97.38048461034708,41,23,16,Tight High-Spin Breakers,1,2.4548069230769234,2.3349756923076925,83.46183384615384,2341.4368646153844,5.692705692307692,5.695370615384616,3.0107698461538464,52.208271996643326,59.00636618975186,82.6784544859201,266,204,pitch_type_specific,Slider
"Lawson, Nathan",1000569348.0,FLO_Y'A,Changeup,L,40,17,72.47144707837312,99.54158480681072,8,1,1,Soft-Speed Separation,0,7.926957333333333,10.181488333333334,79.55500699999999,1409.310765,5.770329,5.595756166666666,1.6743098333333333,52.182217454948336,58.91121033212322,82.58022265880813,267,37,pitch_type_specific,Changeup
"Shinn, Nathan",1000490914.0,LAK_ERI24,Curveball,L,29,19,45.68693896912136,29.99345121152587,1070,112,51,Tight High-Spin Breakers,1,-5.922693863636363,0.5793327272727273,79.59403977272727,2112.7616534090907,5.288632727272727,5.773768977272727,-2.1058332954545453,52.175651280937856,58.88722948737758,82.48199083169614,268,9,pitch_type_specific,Curveball
"Shinn, Nathan",1000490914.0,LAK_ERI24,Curveball,R,59,19,43.316290123012415,18.533071381794368,1245,126,69,Tight High-Spin Breakers,1,-5.922693863636363,0.5793327272727273,79.59403977272727,2112.7616534090907,5.288632727272727,5.773768977272727,-2.1058332954545453,52.175651280937856,58.88722948737758,82.48199083169614,269,10,pitch_type_specific,Curveball
"Cameron, Wyatt",1000179557.0,SCH_BOO,Curveball,R,62,10,34.37419174057153,1.9646365422396856,1498,153,82,Tight High-Spin Breakers,1,-13.509119357798165,-9.739935963302752,81.13361513761468,2296.2515633027524,5.243387706422019,5.685811467889908,1.3693156880733943,52.1755322100124,58.88679461900941,82.35101506221349,270,11,pitch_type_specific,Curveball
"Cameron, Wyatt",1000179557.0,SCH_BOO,Curveball,L,47,10,33.91433254332784,1.7026850032743943,1502,155,72,Tight High-Spin Breakers,1,-13.509119357798165,-9.739935963302752,81.13361513761468,2296.2515633027524,5.243387706422019,5.685811467889908,1.3693156880733943,52.1755322100124,58.88679461900941,82.35101506221349,271,12,pitch_type_specific,Curveball
"McEvoy, Aidan",1000079355.0,FLO_Y'A,Cutter,L,36,23,54.03000549910304,73.3464309102816,408,14,8,Soft-Speed Separation,0,7.6209845,1.43872475,83.0309455,2150.84445,6.098228875,4.96159675,-2.656831625,52.149156894351975,58.790467237346945,82.22003929273085,272,9,pitch_type_specific,Cutter
"McEvoy, Aidan",1000079355.0,FLO_Y'A,Cutter,R,44,23,51.20242101454622,59.921414538310415,613,23,12,Soft-Speed Separation,0,7.6209845,1.43872475,83.0309455,2150.84445,6.098228875,4.96159675,-2.656831625,52.149156894351975,58.790467237346945,82.22003929273085,273,10,pitch_type_specific,Cutter
"Gorgen, Grady",1000138303.0,NEW_YOR13,Slider,L,53,32,40.758307888785055,11.00196463654224,1360,306,134,Tight High-Spin Breakers,1,1.507399193548387,0.864365806451613,83.18856516129031,2152.465109677419,5.954752661290322,5.350461370967742,-2.495112419354838,52.117742746146135,58.675737135808646,82.0890635232482,274,205,pitch_type_specific,Slider
"Gorgen, Grady",1000138303.0,NEW_YOR13,Slider,R,71,32,37.61795953390444,4.12573673870334,1465,319,177,Tight High-Spin Breakers,1,1.507399193548387,0.864365806451613,83.18856516129031,2152.465109677419,5.954752661290322,5.350461370967742,-2.495112419354838,52.117742746146135,58.675737135808646,82.0890635232482,275,206,pitch_type_specific,Slider
"Thompson, Ross",1000103401.0,SCH_BOO,Slider,R,196,65,60.9456799637411,92.66535690897184,113,52,42,Tight High-Spin Breakers,1,3.5324036771300444,-2.261990852017937,79.84828094170403,2054.007332959641,5.248015470852018,5.233253183856503,2.7367689686098657,52.112723407498166,58.65740561114137,81.95808775376555,276,207,pitch_type_specific,Slider
"Thompson, Ross",1000103401.0,SCH_BOO,Slider,L,27,65,44.16391114382444,21.807465618860512,1195,281,120,Tight High-Spin Breakers,1,3.5324036771300444,-2.261990852017937,79.84828094170403,2054.007332959641,5.248015470852018,5.233253183856503,2.7367689686098657,52.112723407498166,58.65740561114137,81.95808775376555,277,208,pitch_type_specific,Slider
"Cerda, Junior",693702.0,EVA_OTT,Slider,R,54,13,57.34578678662858,84.47937131630648,238,93,68,Tight High-Spin Breakers,1,-2.044590357142857,-8.04135238095238,81.59920476190476,2592.885539285714,4.870795238095238,5.1351828571428575,2.2323141666666664,52.11189329976068,58.65437390885279,81.82711198428291,278,209,pitch_type_specific,Slider
"Cerda, Junior",693702.0,EVA_OTT,Slider,L,30,13,46.53032672432177,35.036018336607725,993,248,100,Tight High-Spin Breakers,1,-2.044590357142857,-8.04135238095238,81.59920476190476,2592.885539285714,4.870795238095238,5.1351828571428575,2.2323141666666664,52.11189329976068,58.65437390885279,81.82711198428291,279,210,pitch_type_specific,Slider
"Rodriguez, Luis",693543.0,TRO_AIG,Slider,R,42,11,47.51419386841691,40.92992796332678,903,236,143,Tight High-Spin Breakers,1,2.2499439655172413,-1.5669056896551723,87.6607924137931,2524.6238293103447,5.91916224137931,5.793295172413793,2.328310344827586,52.098960272570636,58.60714017477257,81.72888015717092,280,211,pitch_type_specific,Slider
"Correa, Nelvin",673388.0,QUE_CAP,Slider,R,74,36,53.081210263823706,68.89325474787165,476,148,99,Tight High-Spin Breakers,1,4.20812048,-7.27274304,83.43676352,2415.9376304,5.46360792,6.27442024,1.60981904,52.09345119325852,58.58702002939347,81.63064833005895,281,212,pitch_type_specific,Slider
"Correa, Nelvin",673388.0,QUE_CAP,Slider,L,51,36,51.35845178597285,60.70726915520629,601,179,68,Tight High-Spin Breakers,1,4.20812048,-7.27274304,83.43676352,2415.9376304,5.46360792,6.27442024,1.60981904,52.09345119325852,58.58702002939347,81.63064833005895,282,213,pitch_type_specific,Slider
"Kaftan, Eddie",1000557510.0,FLO_Y'A,Slider,R,38,16,55.92979985517606,80.35363457760315,301,110,78,Tight High-Spin Breakers,1,1.0900816129032258,-6.313425322580645,77.08446870967742,2437.369164516129,4.720545806451613,6.051520483870968,1.7006190322580643,52.074804203201715,58.51891787845873,81.53241650294696,283,214,pitch_type_specific,Slider
"Villers, Ian",677351.0,QUE_CAP,Slider,R,52,11,63.439457641607845,95.74328749181402,66,36,28,Tight High-Spin Breakers,1,-0.3208289393939394,-5.14844893939394,82.26092181818181,2117.433587878788,5.93743,6.259329999999999,1.4097289393939394,52.04458568400753,58.40855442843714,81.46692861820564,284,215,pitch_type_specific,Slider
"Lovin, Xander",815234.0,GAT_GRI,Curveball,R,29,16,28.03903557047525,0.3274394237066143,1523,159,86,Tight High-Spin Breakers,1,-9.327256307692307,-12.321054307692307,76.90244276923076,2633.5320676923075,4.6360255384615385,6.110786307692308,0.6780167692307693,52.04174355812144,58.39817447513205,81.36869679109365,285,13,pitch_type_specific,Curveball
"Lovin, Xander",815234.0,GAT_GRI,Curveball,L,36,16,26.438014466874424,0.1309757694826457,1526,161,75,Tight High-Spin Breakers,1,-9.327256307692307,-12.321054307692307,76.90244276923076,2633.5320676923075,4.6360255384615385,6.110786307692308,0.6780167692307693,52.04174355812144,58.39817447513205,81.36869679109365,286,14,pitch_type_specific,Curveball
"Tokar, Heitor",677573.0,OTT_TIT,Slider,R,97,51,59.08762120146973,88.8015717092338,172,71,55,Tight High-Spin Breakers,1,3.849304255319149,-3.452706524822695,81.93023673758866,2106.9547063829787,5.915921418439716,6.822942836879433,2.4655747517730497,52.03126424096452,58.35990213002221,81.237721021611,287,216,pitch_type_specific,Slider
"Tokar, Heitor",677573.0,OTT_TIT,Slider,L,44,51,55.025655489986974,77.40667976424362,346,120,35,Tight High-Spin Breakers,1,3.849304255319149,-3.452706524822695,81.93023673758866,2106.9547063829787,5.915921418439716,6.822942836879433,2.4655747517730497,52.03126424096452,58.35990213002221,81.237721021611,288,217,pitch_type_specific,Slider
"Pindel, Buddie",1000054422.0,SCH_BOO,Splitter,R,31,29,59.00965686907588,88.53962017026849,176,5,3,Soft-Speed Separation,0,4.889661460674157,7.200838202247191,80.31152078651685,1104.5250556179774,5.757585168539325,5.779596629213483,2.219971460674157,52.02305498275528,58.329920447191654,81.10674525212835,289,5,pooled_fixed_effects,Pooled
"Pindel, Buddie",1000054422.0,SCH_BOO,Splitter,L,58,29,59.00391810553099,88.47413228552718,177,6,3,Soft-Speed Separation,0,4.889661460674157,7.200838202247191,80.31152078651685,1104.5250556179774,5.757585168539325,5.779596629213483,2.219971460674157,52.02305498275528,58.329920447191654,81.10674525212835,290,6,pooled_fixed_effects,Pooled
"Barker, Alex",1000106691.0,NEW_YOR13,Slider,L,95,48,51.233349280982935,60.1833660772757,609,180,69,Tight High-Spin Breakers,1,3.615744819277108,4.119975421686747,81.77007295180722,2236.360831325301,5.876355843373494,6.072333132530121,-2.4062785542168674,52.014278813194345,58.29786830246228,80.97576948264572,291,218,pitch_type_specific,Slider
"Barker, Alex",1000106691.0,NEW_YOR13,Slider,R,71,48,42.1065569966887,15.193189259986903,1296,295,169,Tight High-Spin Breakers,1,3.615744819277108,4.119975421686747,81.77007295180722,2236.360831325301,5.876355843373494,6.072333132530121,-2.4062785542168674,52.014278813194345,58.29786830246228,80.97576948264572,292,219,pitch_type_specific,Slider
"Salata, Derek",1000057774.0,SCH_BOO,Splitter,L,90,28,52.14739780448786,64.37459070072038,545,15,9,Soft-Speed Separation,0,7.139617717391304,9.182968369565216,83.18252869565217,1133.289354347826,5.7883101086956525,6.1873857608695655,1.1993870652173912,52.01352517033522,58.295115863618975,80.87753765553373,293,7,pooled_fixed_effects,Pooled
"Bell, Brendan",681141.0,NEW_ENG23,Slider,L,28,14,45.98824716322999,31.89259986902423,1041,256,104,Tight High-Spin Breakers,1,-1.648084,-9.064994,82.384054,2408.4679616666667,5.511316,6.190061,1.0894008333333334,51.983238820574925,58.184504684208505,80.77930582842174,294,220,pitch_type_specific,Slider
"Bell, Brendan",681141.0,NEW_ENG23,Slider,R,32,14,45.46765064690032,28.880157170923383,1087,264,155,Tight High-Spin Breakers,1,-1.648084,-9.064994,82.384054,2408.4679616666667,5.511316,6.190061,1.0894008333333334,51.983238820574925,58.184504684208505,80.77930582842174,295,221,pitch_type_specific,Slider
"Bell, Brendan",681141.0,NEW_ENG23,Cutter,R,39,27,58.46829400535782,86.96791093647676,200,10,5,Soft-Speed Separation,0,9.346934352941176,-0.3246998823529412,92.01963388235296,2392.3157011764706,5.794958117647059,6.208824588235294,1.059274470588235,51.97058900430294,58.13830528717834,80.6483300589391,296,11,pitch_type_specific,Cutter
"Bell, Brendan",681141.0,NEW_ENG23,Cutter,L,46,27,54.7569052366493,76.16240995415848,365,13,7,Soft-Speed Separation,0,9.346934352941176,-0.3246998823529412,92.01963388235296,2392.3157011764706,5.794958117647059,6.208824588235294,1.059274470588235,51.97058900430294,58.13830528717834,80.6483300589391,297,12,pitch_type_specific,Cutter
"Langhorne, Miles",695680.0,SUS_COU1,Slider,R,31,14,58.951147973254166,88.08120497707924,183,78,60,Tight High-Spin Breakers,1,0.0200218032786885,-3.07087,86.8480781967213,2486.6170918032785,5.895105081967213,5.775641639344262,1.883611147540984,51.970268873178384,58.137136110914675,80.51735428945645,298,222,pitch_type_specific,Slider
"Langhorne, Miles",695680.0,SUS_COU1,Slider,L,30,14,54.81962496846008,76.55533726260641,359,123,37,Tight High-Spin Breakers,1,0.0200218032786885,-3.07087,86.8480781967213,2486.6170918032785,5.895105081967213,5.775641639344262,1.883611147540984,51.970268873178384,58.137136110914675,80.51735428945645,299,223,pitch_type_specific,Slider
"Good, Ty",688612.0,GAT_GRI,Slider,R,154,34,61.52002615062383,93.58218729535037,99,47,37,Tight High-Spin Breakers,1,3.8919752910052914,-0.2024317989417989,79.21318322751323,2041.526953968254,5.81740037037037,6.851287989417989,0.1697951851851852,51.96251676191435,58.10882401069057,80.3863785199738,300,224,pitch_type_specific,Slider
"Good, Ty",688612.0,GAT_GRI,Slider,L,35,34,54.89864479731669,76.8172888015717,355,122,36,Tight High-Spin Breakers,1,3.8919752910052914,-0.2024317989417989,79.21318322751323,2041.526953968254,5.81740037037037,6.851287989417989,0.1697951851851852,51.96251676191435,58.10882401069057,80.3863785199738,301,225,pitch_type_specific,Slider
"Gregory, Ben",833406.0,GAT_GRI,Changeup,L,54,10,44.96075093009064,25.47478716437459,1139,145,83,Soft-Speed Separation,0,9.09109447368421,13.605266842105262,82.09014513157895,1914.1822763157893,6.535925921052631,5.644046842105263,2.3527094736842105,51.95468293515423,58.08021347082386,80.28814669286182,302,38,pitch_type_specific,Changeup
"Kirby, Zach",813716.0,WAS_WIL3,Changeup,L,119,37,54.687113161844096,76.03143418467585,367,51,30,Soft-Speed Separation,0,9.930012213114754,15.441075573770492,79.81976139344262,1690.2108459016397,6.066626639344262,6.000082704918032,2.113271393442623,51.95167438205735,58.06922569550596,80.2226588081205,303,39,pitch_type_specific,Changeup
"Marynczak, Arlo",837346.0,TRI_VAL,Changeup,L,95,31,52.992703705537465,68.56581532416503,481,68,41,Soft-Speed Separation,0,7.316843083333333,12.58705575,81.57731533333335,1660.4606541666665,6.22301075,5.937060083333334,2.510685583333333,51.90265422498832,57.890195292991095,80.12442698100851,304,40,pitch_type_specific,Changeup
"Marynczak, Arlo",837346.0,TRI_VAL,Changeup,R,25,31,46.56774263685563,35.42894564505566,987,133,58,Soft-Speed Separation,0,7.316843083333333,12.58705575,81.57731533333335,1660.4606541666665,6.22301075,5.937060083333334,2.510685583333333,51.90265422498832,57.890195292991095,80.12442698100851,305,41,pitch_type_specific,Changeup
"Miranda, Kevin",806656.0,OTT_TIT,Changeup,L,83,31,47.05948373002383,38.04846103470858,947,126,72,Soft-Speed Separation,0,8.387016000000001,12.622013571428573,79.35606564285715,1414.3645342857142,6.0842984285714286,5.379112214285714,1.1164105714285717,51.89906835830204,57.8770990649373,79.99345121152587,306,42,pitch_type_specific,Changeup
"Miranda, Kevin",806656.0,OTT_TIT,Changeup,R,57,31,44.88938847630586,25.14734774066797,1144,147,64,Soft-Speed Separation,0,8.387016000000001,12.622013571428573,79.35606564285715,1414.3645342857142,6.0842984285714286,5.379112214285714,1.1164105714285717,51.89906835830204,57.8770990649373,79.99345121152587,307,43,pitch_type_specific,Changeup
"Snyder, Jack",801389.0,SCH_BOO,Slider,L,25,22,49.565474814019325,51.21152586771447,746,208,81,Tight High-Spin Breakers,1,5.693447692307692,-4.749796307692308,84.13137,2457.593152307692,5.194688615384616,5.520379076923077,1.5584586153846154,51.89898449132116,57.87679276768648,79.86247544204322,308,226,pitch_type_specific,Slider
"Snyder, Jack",801389.0,SCH_BOO,Slider,R,40,22,49.496575901886814,50.884086444007856,751,209,128,Tight High-Spin Breakers,1,5.693447692307692,-4.749796307692308,84.13137,2457.593152307692,5.194688615384616,5.520379076923077,1.5584586153846154,51.89898449132116,57.87679276768648,79.86247544204322,309,227,pitch_type_specific,Slider
"Floyd, Conner",1000161370.0,QUE_CAP,Four-Seam,R,138,81,48.79957074273581,48.00261951538965,795,240,133,Soft-Speed Separation,0,20.654819068322983,10.667749813664596,92.5973558074534,2394.036210248447,5.4990882298136645,5.9341796273291925,2.7345446273291927,51.894397926617344,57.860041811055964,79.73149967256057,310,3,pitch_type_specific,Four-Seam
"Floyd, Conner",1000161370.0,QUE_CAP,Four-Seam,L,184,81,46.88963793936364,37.39358218729535,957,304,139,Soft-Speed Separation,0,20.654819068322983,10.667749813664596,92.5973558074534,2394.036210248447,5.4990882298136645,5.9341796273291925,2.7345446273291927,51.894397926617344,57.860041811055964,79.73149967256057,311,4,pitch_type_specific,Four-Seam
"Perdomo, Rafael",1000557553.0,QUE_CAP,Slider,R,46,19,57.23081641219565,84.15193189259988,243,95,70,Tight High-Spin Breakers,1,3.106925357142857,0.8218128571428571,82.91480273809523,2183.587358333333,5.80386369047619,5.97112619047619,1.5299208333333334,51.89229265423778,57.852352978868296,79.60052390307794,312,228,pitch_type_specific,Slider
"Perdomo, Rafael",1000557553.0,QUE_CAP,Slider,L,38,19,45.85742652635503,31.303208906352324,1050,259,105,Tight High-Spin Breakers,1,3.106925357142857,0.8218128571428571,82.91480273809523,2183.587358333333,5.80386369047619,5.97112619047619,1.5299208333333334,51.89229265423778,57.852352978868296,79.60052390307794,313,229,pitch_type_specific,Slider
"Walsh, John",1000208173.0,MIS_MUD,Slider,L,42,25,56.69590130061187,82.12180746561886,274,103,29,Tight High-Spin Breakers,1,-0.989249104477612,11.130387164179105,73.16056895522388,2213.244262686567,4.957960298507462,5.42201895522388,-2.1784616417910447,51.8827440598052,57.81747980001844,79.46954813359528,314,230,pitch_type_specific,Slider
"Walsh, John",1000208173.0,MIS_MUD,Slider,R,25,25,49.94958928925011,52.7177472167649,723,204,125,Tight High-Spin Breakers,1,-0.989249104477612,11.130387164179105,73.16056895522388,2213.244262686567,4.957960298507462,5.42201895522388,-2.1784616417910447,51.8827440598052,57.81747980001844,79.46954813359528,315,231,pitch_type_specific,Slider
"Martinez, Mason",809209.0,TRI_VAL,Changeup,L,65,23,41.8962139993488,14.407334643091026,1308,170,98,Soft-Speed Separation,0,8.220691184210526,17.518039736842105,82.33722210526317,2179.6286789473684,6.66550947368421,5.350771578947368,2.6163319736842103,51.87404133136256,57.78569587542047,79.3713163064833,316,44,pitch_type_specific,Changeup
"Villers, Ian",677351.0,QUE_CAP,Splitter,R,25,20,59.4823229916489,89.65291421087099,159,4,2,Soft-Speed Separation,0,7.53466078125,11.53408984375,83.1173184375,1085.56345953125,5.9820428125,6.5333834375,1.1023403125,51.855881639384414,57.719373424437386,79.27308447937132,317,8,pooled_fixed_effects,Pooled
"Villers, Ian",677351.0,QUE_CAP,Splitter,L,39,20,58.47005981255141,87.03339882121807,199,7,4,Soft-Speed Separation,0,7.53466078125,11.53408984375,83.1173184375,1085.56345953125,5.9820428125,6.5333834375,1.1023403125,51.855881639384414,57.719373424437386,79.27308447937132,318,9,pooled_fixed_effects,Pooled
"Long, Jalon",809215.0,NEW_YOR13,Slider,R,122,37,57.800923641862326,85.72364112639161,219,86,64,Tight High-Spin Breakers,1,5.092917161290322,-1.8429329032258064,84.07523561290323,2158.0604122580644,5.804666,5.97080606451613,1.3071472903225807,51.816170680847776,57.57434188402323,79.14210870988867,319,232,pitch_type_specific,Slider
"Long, Jalon",809215.0,NEW_YOR13,Slider,L,33,37,49.4454904945556,50.62213490504257,755,211,83,Tight High-Spin Breakers,1,5.092917161290322,-1.8429329032258064,84.07523561290323,2158.0604122580644,5.804666,5.97080606451613,1.3071472903225807,51.816170680847776,57.57434188402323,79.14210870988867,320,233,pitch_type_specific,Slider
"Moore, Kyle",1000517760.0,SCH_BOO,Curveball,R,80,27,52.976094871212055,68.5003274394237,482,62,37,Tight High-Spin Breakers,1,-8.711098818181819,-8.069276272727274,76.81865827272728,2530.011769090909,4.100271363636364,6.186868272727273,2.253581,51.80504139830342,57.5336957487852,79.01113294040603,321,15,pitch_type_specific,Curveball
"Moore, Kyle",1000517760.0,SCH_BOO,Curveball,L,30,27,45.11390370943472,26.719056974459725,1120,117,53,Tight High-Spin Breakers,1,-8.711098818181819,-8.069276272727274,76.81865827272728,2530.011769090909,4.100271363636364,6.186868272727273,2.253581,51.80504139830342,57.5336957487852,79.01113294040603,322,16,pitch_type_specific,Curveball
"Vailes, Gage",1000050773.0,GAT_GRI,Slider,R,220,88,64.1016604107628,96.5946299934512,53,29,21,Tight High-Spin Breakers,1,5.794683523809524,-11.610845746031746,81.67189209523809,2553.360271428571,4.590833238095239,5.669540158730159,1.6268355873015874,51.803829385574126,57.5292692609942,78.88015717092338,323,234,pitch_type_specific,Slider
"Vailes, Gage",1000050773.0,GAT_GRI,Slider,L,95,88,49.47148371731517,50.68762278978389,754,210,82,Tight High-Spin Breakers,1,5.794683523809524,-11.610845746031746,81.67189209523809,2553.360271428571,4.590833238095239,5.669540158730159,1.6268355873015874,51.803829385574126,57.5292692609942,78.88015717092338,324,235,pitch_type_specific,Slider
"Morgan, Cooper",692707.0,QUE_CAP,Cutter,R,45,37,47.8341145053424,42.305173542894565,882,35,19,Soft-Speed Separation,0,8.740714226804124,-2.890495257731959,86.26378402061856,2134.0976927835054,5.868698659793814,4.930495154639176,-4.173547422680413,51.80260093131009,57.52478272577049,78.74918140144074,325,13,pitch_type_specific,Cutter
"Morgan, Cooper",692707.0,QUE_CAP,Cutter,L,52,37,46.94323256469913,37.524557956778,955,40,19,Soft-Speed Separation,0,8.740714226804124,-2.890495257731959,86.26378402061856,2134.0976927835054,5.868698659793814,4.930495154639176,-4.173547422680413,51.80260093131009,57.52478272577049,78.74918140144074,326,14,pitch_type_specific,Cutter
"Sechrist, Zander",801415.0,WAS_WIL3,Changeup,L,29,59,44.4677849857855,23.18271119842829,1174,154,88,Tight High-Spin Breakers,1,7.591416618357488,-14.72184536231884,76.76855381642513,1674.238663285024,5.656064251207729,5.112564830917874,-2.55948231884058,51.789142232158696,57.475629143438894,78.61820563195808,327,45,pitch_type_specific,Changeup
"Sechrist, Zander",801415.0,WAS_WIL3,Changeup,R,178,59,40.26294566359761,9.495743287491814,1383,175,77,Tight High-Spin Breakers,1,7.591416618357488,-14.72184536231884,76.76855381642513,1674.238663285024,5.656064251207729,5.112564830917874,-2.55948231884058,51.789142232158696,57.475629143438894,78.61820563195808,328,46,pitch_type_specific,Changeup
"Cook, Cole",1000161363.0,SCH_BOO,Slider,L,124,41,55.664191478923605,78.97838899803537,322,115,33,Tight High-Spin Breakers,1,3.615150615384616,5.145870666666667,79.8867238974359,2496.7448964102564,5.113445230769231,5.718048051282051,-1.216207948717949,51.78330521996242,57.454311328371276,78.48722986247544,329,236,pitch_type_specific,Slider
"Cook, Cole",1000161363.0,SCH_BOO,Slider,R,71,41,47.62144543602834,41.51931892599869,894,234,142,Tight High-Spin Breakers,1,3.615150615384616,5.145870666666667,79.8867238974359,2496.7448964102564,5.113445230769231,5.718048051282051,-1.216207948717949,51.78330521996242,57.454311328371276,78.48722986247544,330,237,pitch_type_specific,Slider
"Eldred, Zach",1000227712.0,NEW_ENG23,Splitter,L,45,17,40.24854517484946,9.364767518009169,1385,21,12,Soft-Speed Separation,0,5.044801,4.167051625,84.247314875,968.120881875,6.090571,5.8855265,1.42338025,51.76571860114943,57.39008184333451,78.3562540929928,331,10,pooled_fixed_effects,Pooled
"Eldred, Zach",1000227712.0,NEW_ENG23,Splitter,R,35,17,38.79583759274472,6.679764243614931,1426,22,10,Soft-Speed Separation,0,5.044801,4.167051625,84.247314875,968.120881875,6.090571,5.8855265,1.42338025,51.76571860114943,57.39008184333451,78.3562540929928,332,11,pooled_fixed_effects,Pooled
"Barreto, Brayhans",810980.0,TRI_VAL,Slider,L,45,25,47.51642019075193,40.995415848068106,902,235,93,Tight High-Spin Breakers,1,3.979276354166666,0.2800575,81.04165364583334,1928.8843791666663,6.190876979166667,6.8310453125,-1.5134758333333334,51.7532157751545,57.34441928115027,78.22527832351015,333,238,pitch_type_specific,Slider
"Barreto, Brayhans",810980.0,TRI_VAL,Slider,R,51,25,47.18727701093562,38.63785199738049,938,239,145,Tight High-Spin Breakers,1,3.979276354166666,0.2800575,81.04165364583334,1928.8843791666663,6.190876979166667,6.8310453125,-1.5134758333333334,51.7532157751545,57.34441928115027,78.22527832351015,334,239,pitch_type_specific,Slider
"Bargo, Casey",1000057987.0,FLO_Y'A,Slider,R,75,25,55.20260843130377,77.79960707269156,340,119,85,Tight High-Spin Breakers,1,0.1219640594059406,-3.940400594059406,81.41343465346534,2277.705577227722,5.34610693069307,5.790104257425742,2.7779858415841585,51.732641246738964,57.26927741453814,78.09430255402751,335,240,pitch_type_specific,Slider
"Bargo, Casey",1000057987.0,FLO_Y'A,Slider,L,26,25,48.201724666049685,44.72822527832351,845,228,90,Tight High-Spin Breakers,1,0.1219640594059406,-3.940400594059406,81.41343465346534,2277.705577227722,5.34610693069307,5.790104257425742,2.7779858415841585,51.732641246738964,57.26927741453814,78.09430255402751,336,241,pitch_type_specific,Slider
"Boies, Emiles",1000429129.0,QUE_CAP,Changeup,R,60,72,53.77080067661567,72.4950884086444,421,57,22,Soft-Speed Separation,0,11.764471627906977,15.043749860465116,82.51881288372093,1931.1503939534884,6.213109395348837,5.534133395348838,2.6817988372093025,51.732573707250666,57.26903074821761,77.96332678454486,337,47,pitch_type_specific,Changeup
"Boies, Emiles",1000429129.0,QUE_CAP,Changeup,L,155,72,52.86990614889111,67.84544859201048,492,70,43,Soft-Speed Separation,0,11.764471627906977,15.043749860465116,82.51881288372093,1931.1503939534884,6.213109395348837,5.534133395348838,2.6817988372093025,51.732573707250666,57.26903074821761,77.96332678454486,338,48,pitch_type_specific,Changeup
"Hopewell, Chase",803045.0,FLO_Y'A,Slider,R,104,34,50.44274193196935,55.66470203012442,678,194,122,Tight High-Spin Breakers,1,0.229259387755102,-2.067129047619048,81.0299644217687,1915.468149659864,6.142407006802721,6.611653265306122,0.7531634693877551,51.719310249015095,57.220590220715636,77.83235101506222,339,242,pitch_type_specific,Slider
"Hopewell, Chase",803045.0,FLO_Y'A,Slider,L,43,34,45.15318730592186,26.981008513425014,1116,269,112,Tight High-Spin Breakers,1,0.229259387755102,-2.067129047619048,81.0299644217687,1915.468149659864,6.142407006802721,6.611653265306122,0.7531634693877551,51.719310249015095,57.220590220715636,77.83235101506222,340,243,pitch_type_specific,Slider
"Simpson, Garret",1000073158.0,EVA_OTT,Slider,R,28,14,47.99196116205961,43.15651604453176,869,230,140,Tight High-Spin Breakers,1,-0.1969375,-4.460731730769231,81.85697884615385,2431.674115384616,5.1029075,5.428793846153846,2.021182115384616,51.68705576603765,57.10279106592654,77.73411918795023,341,244,pitch_type_specific,Slider
"Sabatine, Gino",1000229070.0,TRI_VAL,Slider,R,112,48,46.53977033570772,35.16699410609037,991,247,148,Tight High-Spin Breakers,1,4.210606304347826,-3.5732639855072463,79.9349852173913,2321.761015217392,4.887013623188405,5.626147608695652,2.0917452173913045,51.67926962851945,57.07435469572159,77.63588736083824,342,245,pitch_type_specific,Slider
"Sabatine, Gino",1000229070.0,TRI_VAL,Slider,L,26,48,40.02178812814461,8.906352324819908,1392,312,139,Tight High-Spin Breakers,1,4.210606304347826,-3.5732639855072463,79.9349852173913,2321.761015217392,4.887013623188405,5.626147608695652,2.0917452173913045,51.67926962851945,57.07435469572159,77.63588736083824,343,246,pitch_type_specific,Slider
"Thompson, Ross",1000103401.0,SCH_BOO,Splitter,L,145,39,51.84288073765489,63.0648330058939,565,17,10,Soft-Speed Separation,0,3.942754742857143,9.263652171428571,79.48051960000001,1054.9223585142856,5.440935485714286,5.413494971428571,2.6094057714285714,51.6604553064867,57.00564141840949,77.5049115913556,344,12,pooled_fixed_effects,Pooled
"Thompson, Ross",1000103401.0,SCH_BOO,Splitter,R,30,39,49.512002578480434,51.0150622134905,749,18,8,Soft-Speed Separation,0,3.942754742857143,9.263652171428571,79.48051960000001,1054.9223585142856,5.440935485714286,5.413494971428571,2.6094057714285714,51.6604553064867,57.00564141840949,77.5049115913556,345,13,pooled_fixed_effects,Pooled
"O'Hanlon, Michael",1000061333.0,WAS_WIL3,Slider,R,51,15,66.77333270830376,97.90438768827768,33,19,13,Tight High-Spin Breakers,1,2.9477984126984125,-2.4958184126984126,83.36747285714286,2498.765141269841,5.382356825396825,6.063546825396825,0.5287493650793651,51.65914703704628,57.000863383851446,77.40667976424362,346,247,pitch_type_specific,Slider
"Balzan, Jackson",827496.0,SUS_COU1,Sinker,L,51,50,49.10723091451504,49.312377210216106,775,95,50,Soft-Speed Separation,0,17.33875957746479,-14.55704084507042,86.06093316901408,2223.6250753521126,5.284821126760564,5.412078873239437,-1.062925352112676,51.65415282782867,56.982623636369325,77.30844793713163,347,5,pitch_type_specific,Sinker
"Balzan, Jackson",827496.0,SUS_COU1,Sinker,R,91,50,48.78397475180718,47.93713163064833,796,99,48,Soft-Speed Separation,0,17.33875957746479,-14.55704084507042,86.06093316901408,2223.6250753521126,5.284821126760564,5.412078873239437,-1.062925352112676,51.65415282782867,56.982623636369325,77.30844793713163,348,6,pitch_type_specific,Sinker
"Johnson, Preston",699980.0,MIS_MUD,Four-Seam,R,28,34,57.51973674873131,85.19973804846104,227,40,23,Soft-Speed Separation,0,20.290158295454543,6.92373840909091,92.15110443181818,2368.1672693181818,6.333238977272727,6.025896022727273,2.3214998863636365,51.65138589245971,56.97251829231382,77.17747216764899,349,5,pitch_type_specific,Four-Seam
"Johnson, Preston",699980.0,MIS_MUD,Four-Seam,L,60,34,51.13265547466618,59.52848722986247,619,172,75,Soft-Speed Separation,0,20.290158295454543,6.92373840909091,92.15110443181818,2368.1672693181818,6.333238977272727,6.025896022727273,2.3214998863636365,51.65138589245971,56.97251829231382,77.17747216764899,350,6,pitch_type_specific,Four-Seam
"Scafidi, Christian",690280.0,LAK_ERI24,Slider,R,116,39,54.31466350548845,74.72167648984937,387,132,92,Tight High-Spin Breakers,1,4.112708361581921,-2.006878474576271,84.20664175141243,2383.8699463276835,5.642769604519774,6.329265197740113,1.2401638983050849,51.61486290244326,56.83912978451112,77.04649639816634,351,248,pitch_type_specific,Slider
"Scafidi, Christian",690280.0,LAK_ERI24,Slider,L,61,39,45.32317065285919,27.70137524557957,1105,267,111,Tight High-Spin Breakers,1,4.112708361581921,-2.006878474576271,84.20664175141243,2383.8699463276835,5.642769604519774,6.329265197740113,1.2401638983050849,51.61486290244326,56.83912978451112,77.04649639816634,352,249,pitch_type_specific,Slider
"Widener, Jacob",683179.0,SUS_COU1,Sinker,L,58,42,59.321326233837965,89.32547478716437,164,12,5,Soft-Speed Separation,0,8.995283669064749,-11.35849071942446,88.90938323741007,2363.7378863309355,6.940390647482015,4.302227697841726,-4.389258057553956,51.60292971626535,56.79554764907025,76.9155206286837,353,7,pitch_type_specific,Sinker
"Widener, Jacob",683179.0,SUS_COU1,Sinker,R,81,42,56.33846531595401,81.27046496398165,287,20,10,Soft-Speed Separation,0,8.995283669064749,-11.35849071942446,88.90938323741007,2363.7378863309355,6.940390647482015,4.302227697841726,-4.389258057553956,51.60292971626535,56.79554764907025,76.9155206286837,354,8,pitch_type_specific,Sinker
"Burcham, Jacob",1000122547.0,GAT_GRI,Changeup,L,62,25,56.25367350065535,81.07400130975769,290,36,22,Soft-Speed Separation,0,3.672745051546392,17.84469670103093,83.40982041237113,1898.610675257732,6.183741134020619,4.797400824742268,3.239520721649485,51.5990734945314,56.78146403591,76.78454485920105,355,49,pitch_type_specific,Changeup
"Burcham, Jacob",1000122547.0,GAT_GRI,Changeup,R,35,25,52.620221779370496,66.66666666666666,510,73,30,Soft-Speed Separation,0,3.672745051546392,17.84469670103093,83.40982041237113,1898.610675257732,6.183741134020619,4.797400824742268,3.239520721649485,51.5990734945314,56.78146403591,76.78454485920105,356,50,pitch_type_specific,Changeup
"Foster, Kobe",816330.0,WAS_WIL3,Changeup,R,181,57,53.108460410974224,69.15520628683693,472,66,26,Tight High-Spin Breakers,1,15.838415,-13.989157263157894,79.43011294736843,1869.102185263158,5.781502947368422,5.87056952631579,-1.3856588421052631,51.596952977606,56.773719527907716,76.68631303208906,357,51,pitch_type_specific,Changeup
"Zentko, Dylan",1000303828.0,EVA_OTT,Changeup,R,57,13,71.82828235951638,99.41060903732809,10,2,1,Tight High-Spin Breakers,1,7.292533731343283,-11.416610746268656,78.82124104477612,1310.721452238806,5.821523582089553,5.6739347761194034,-1.3377485074626865,51.586623781161144,56.7359954505537,76.62082514734774,358,52,pitch_type_specific,Changeup
"Barraza, Chris",696511.0,MIS_MUD,Four-Seam,R,279,147,53.37791888439395,70.26850032743943,455,119,68,Soft-Speed Separation,0,19.94369295169946,10.313031037567084,93.22018066189624,2453.160391234347,5.863959588550984,5.986977370304115,2.2031508228980323,51.58057859613101,56.713917350973205,76.52259332023576,359,7,pitch_type_specific,Four-Seam
"Barraza, Chris",696511.0,MIS_MUD,Four-Seam,L,280,147,52.31128016197917,65.35690897184021,530,139,57,Soft-Speed Separation,0,19.94369295169946,10.313031037567084,93.22018066189624,2453.160391234347,5.863959588550984,5.986977370304115,2.2031508228980323,51.58057859613101,56.713917350973205,76.52259332023576,360,8,pitch_type_specific,Four-Seam
"Sesar, Jorden",813853.0,SUS_COU1,Changeup,L,57,22,62.26547252595219,94.36804191224624,87,13,8,Soft-Speed Separation,0,12.1512228,11.572518933333336,83.15649373333333,1988.41702,6.454868533333333,5.666801333333334,2.2764984,51.50446015167901,56.43591914444244,76.42436149312377,361,53,pitch_type_specific,Changeup
"Eisenbarger, Jack",1000570067.0,QUE_CAP,Changeup,L,25,29,53.60144115102929,71.6437459070072,434,60,36,Tight High-Spin Breakers,1,14.64599060240964,-14.57625873493976,78.78692795180723,2316.7682674698794,6.023914156626506,5.976705662650603,-1.8050627710843368,51.472267444672305,56.318345606574375,76.3261296660118,362,54,pitch_type_specific,Changeup
"Eisenbarger, Jack",1000570067.0,QUE_CAP,Changeup,R,141,29,52.643966960624375,66.99410609037328,505,71,28,Tight High-Spin Breakers,1,14.64599060240964,-14.57625873493976,78.78692795180723,2316.7682674698794,6.023914156626506,5.976705662650603,-1.8050627710843368,51.472267444672305,56.318345606574375,76.3261296660118,363,55,pitch_type_specific,Changeup
"Jones, Breyln",690202.0,NEW_JER6,Slider,R,57,34,59.87372683060386,90.89718402095612,140,62,50,Soft-Speed Separation,0,8.093293195876289,-0.7096163917525774,86.06651907216495,2077.8277185567013,5.851521958762887,5.6994878350515465,1.560795773195876,51.47215115331137,56.3179208896742,76.19515389652915,364,250,pitch_type_specific,Slider
"Jones, Breyln",690202.0,NEW_JER6,Slider,L,40,34,52.21109301394891,64.70203012442698,540,163,59,Soft-Speed Separation,0,8.093293195876289,-0.7096163917525774,86.06651907216495,2077.8277185567013,5.851521958762887,5.6994878350515465,1.560795773195876,51.47215115331137,56.3179208896742,76.19515389652915,365,251,pitch_type_specific,Slider
"Serrano, Elio",665939.0,NEW_JER6,Slider,R,86,39,46.87150232292354,37.19711853307138,960,244,147,Tight High-Spin Breakers,1,5.5800440625,-2.1068684375,82.682575,2245.73870703125,5.303711015625,5.77897,1.871376484375,51.465875776593805,56.29500208877977,76.0641781270465,366,252,pitch_type_specific,Slider
"Serrano, Elio",665939.0,NEW_JER6,Slider,L,42,39,41.81250594123225,14.014407334643092,1314,298,129,Tight High-Spin Breakers,1,5.5800440625,-2.1068684375,82.682575,2245.73870703125,5.303711015625,5.77897,1.871376484375,51.465875776593805,56.29500208877977,76.0641781270465,367,253,pitch_type_specific,Slider
"Bradford, Ethan",688428.0,NEW_YOR13,Slider,L,70,34,46.32459336390456,33.59528487229863,1015,251,101,Tight High-Spin Breakers,1,-1.125127172413793,5.854505103448275,82.16861862068966,2428.343182758621,5.431816620689656,4.958519655172414,-2.956198,51.46000689831459,56.27356789306393,75.93320235756386,368,254,pitch_type_specific,Slider
"Bradford, Ethan",688428.0,NEW_YOR13,Slider,R,75,34,41.05839596737012,12.115258677144729,1343,302,171,Tight High-Spin Breakers,1,-1.125127172413793,5.854505103448275,82.16861862068966,2428.343182758621,5.431816620689656,4.958519655172414,-2.956198,51.46000689831459,56.27356789306393,75.93320235756386,369,255,pitch_type_specific,Slider
"Hocom, Quinn",1000152021.0,TRI_VAL,Changeup,L,74,22,60.56265360090089,92.14145383104125,121,18,11,Tight High-Spin Breakers,1,6.186089603960395,17.049710693069308,78.26181386138613,1965.0629702970296,5.6154785148514845,6.081764950495049,2.0336316831683168,51.450872195058565,56.24020631899804,75.8022265880812,370,56,pitch_type_specific,Changeup
"Hocom, Quinn",1000152021.0,TRI_VAL,Changeup,R,27,22,58.0252523884988,85.98559266535692,215,28,11,Tight High-Spin Breakers,1,6.186089603960395,17.049710693069308,78.26181386138613,1965.0629702970296,5.6154785148514845,6.081764950495049,2.0336316831683168,51.450872195058565,56.24020631899804,75.8022265880812,371,57,pitch_type_specific,Changeup
"Pierson, Kenny",1000055344.0,LAK_ERI24,Slider,R,68,20,54.617452029617525,75.83497053045186,370,126,89,Tight High-Spin Breakers,1,-1.3777285714285714,7.379599387755102,72.29369653061224,2087.7154326530613,4.624448775510205,4.852250102040816,-2.84215193877551,51.44648888607301,56.22419768869265,75.67125081859855,372,256,pitch_type_specific,Slider
"Pierson, Kenny",1000055344.0,LAK_ERI24,Slider,L,30,20,52.34754875204829,65.68434839554682,525,160,58,Tight High-Spin Breakers,1,-1.3777285714285714,7.379599387755102,72.29369653061224,2087.7154326530613,4.624448775510205,4.852250102040816,-2.84215193877551,51.44648888607301,56.22419768869265,75.67125081859855,373,257,pitch_type_specific,Slider
"MacMillan, Blake",832350.0,TRO_AIG,Four-Seam,R,87,48,56.04749162935656,80.8120497707924,294,65,38,Soft-Speed Separation,0,21.87218317567568,-5.797008986486486,88.32724331081081,2200.269570945946,5.555323378378378,6.7237446621621615,-0.0080522972972972,51.43732655464461,56.19073521158775,75.5402750491159,374,9,pitch_type_specific,Four-Seam
"MacMillan, Blake",832350.0,TRO_AIG,Four-Seam,L,61,48,53.44742053413657,70.59593975114605,450,116,49,Soft-Speed Separation,0,21.87218317567568,-5.797008986486486,88.32724331081081,2200.269570945946,5.555323378378378,6.7237446621621615,-0.0080522972972972,51.43732655464461,56.19073521158775,75.5402750491159,375,10,pitch_type_specific,Four-Seam
"Pardinho, Eric",672078.0,OTT_TIT,Slider,R,121,41,57.592682541681,85.396201702685,224,89,66,Tight High-Spin Breakers,1,5.25727536423841,1.8913447682119204,86.38063549668874,2347.166440397351,5.689697947019868,5.527325165562914,1.4370545033112585,51.43352510812174,56.176851647319076,75.40929927963327,376,258,pitch_type_specific,Slider
"Pardinho, Eric",672078.0,OTT_TIT,Slider,L,30,41,45.661255319979176,29.862475442043223,1072,261,107,Tight High-Spin Breakers,1,5.25727536423841,1.8913447682119204,86.38063549668874,2347.166440397351,5.689697947019868,5.527325165562914,1.4370545033112585,51.43352510812174,56.176851647319076,75.40929927963327,377,259,pitch_type_specific,Slider
"Gorgen, Grady",1000138303.0,NEW_YOR13,Cutter,R,37,21,51.24740529794368,60.314341846758346,607,21,10,Soft-Speed Separation,0,8.026608243243244,-3.489297027027028,86.53688567567568,2123.330813513513,6.251392297297297,5.480205540540541,-2.338096081081081,51.432672491039995,56.17373773686951,75.27832351015063,378,15,pitch_type_specific,Cutter
"Gorgen, Grady",1000138303.0,NEW_YOR13,Cutter,L,37,21,50.56423484147636,56.385068762278976,667,26,13,Soft-Speed Separation,0,8.026608243243244,-3.489297027027028,86.53688567567568,2123.330813513513,6.251392297297297,5.480205540540541,-2.338096081081081,51.432672491039995,56.17373773686951,75.27832351015063,379,16,pitch_type_specific,Cutter
"Hicks, Jackson",703104.0,DOW_EAS1,Slider,R,74,27,48.21318870634695,44.79371316306484,844,227,138,Tight High-Spin Breakers,1,2.3563193965517244,-1.0359124137931035,79.97272956896552,2195.1752689655173,5.232338189655173,5.843667327586207,1.2643851724137931,51.42677065751137,56.152183182674236,75.14734774066798,380,260,pitch_type_specific,Slider
"Hicks, Jackson",703104.0,DOW_EAS1,Slider,L,42,27,44.93985039450391,25.409299279633267,1140,273,115,Tight High-Spin Breakers,1,2.3563193965517244,-1.0359124137931035,79.97272956896552,2195.1752689655173,5.232338189655173,5.843667327586207,1.2643851724137931,51.42677065751137,56.152183182674236,75.14734774066798,381,261,pitch_type_specific,Slider
"Bohnert, Matthew",810066.0,WIN_CIT29,Curveball,L,46,12,64.304725667637,96.72560576293384,51,4,3,Tight High-Spin Breakers,1,-16.324807525773195,13.26497474226804,78.32111402061857,2811.993493814433,4.787054329896908,5.468030927835051,-2.2466636082474225,51.42377667978013,56.141248639204925,75.01637197118534,382,17,pitch_type_specific,Curveball
"Bohnert, Matthew",810066.0,WIN_CIT29,Curveball,R,51,12,62.97306092393748,95.21938441388345,74,10,7,Tight High-Spin Breakers,1,-16.324807525773195,13.26497474226804,78.32111402061857,2811.993493814433,4.787054329896908,5.468030927835051,-2.2466636082474225,51.42377667978013,56.141248639204925,75.01637197118534,383,18,pitch_type_specific,Curveball
"Turner, Eric",1000080978.0,JOL_SLA,Changeup,L,123,45,54.059273908709045,73.47740667976424,406,56,35,Tight High-Spin Breakers,1,4.649703926380369,15.448164417177914,79.65323582822086,1658.4125938650309,5.142043435582822,5.530996441717791,2.5981742331288347,51.40429054423919,56.07008177851041,74.88539620170268,384,58,pitch_type_specific,Changeup
"Turner, Eric",1000080978.0,JOL_SLA,Changeup,R,40,45,53.71071254404329,72.10216110019645,427,59,24,Tight High-Spin Breakers,1,4.649703926380369,15.448164417177914,79.65323582822086,1658.4125938650309,5.142043435582822,5.530996441717791,2.5981742331288347,51.40429054423919,56.07008177851041,74.88539620170268,385,59,pitch_type_specific,Changeup
"Hernandez, Nyan",683466.0,NEW_JER6,Changeup,L,124,58,43.7729723713943,20.563195808775376,1214,159,91,Soft-Speed Separation,0,12.017914913294796,15.772164335260117,82.26940780346821,1926.6294381502887,6.320414219653179,5.647303005780347,2.324446936416185,51.377655162774445,55.972804589902985,74.75442043222003,386,60,pitch_type_specific,Changeup
"Hernandez, Nyan",683466.0,NEW_JER6,Changeup,R,49,58,43.37171723962172,18.729535036018337,1242,162,69,Soft-Speed Separation,0,12.017914913294796,15.772164335260117,82.26940780346821,1926.6294381502887,6.320414219653179,5.647303005780347,2.324446936416185,51.377655162774445,55.972804589902985,74.75442043222003,387,61,pitch_type_specific,Changeup
"Messina, Chris",10179238.0,FDU_KNI,Changeup,R,52,16,60.94430761241669,92.59986902423051,114,17,7,Tight High-Spin Breakers,1,11.89090161764706,-17.96177794117647,79.82614985294117,1836.169319117647,5.177092058823529,5.326267647058823,-1.3016126470588234,51.34899753301176,55.86814178793949,74.65618860510806,388,62,pitch_type_specific,Changeup
"Estrella, Noah",805762.0,TRI_VAL,Slider,R,61,26,49.66679761437993,51.735428945645054,738,206,127,Tight High-Spin Breakers,1,-2.565408150684932,0.6196022602739726,85.25510212328767,2572.8408493150687,5.5913881506849314,5.665054726027397,1.6629479452054794,51.337816133184454,55.82730531103992,74.55795677799607,389,262,pitch_type_specific,Slider
"Estrella, Noah",805762.0,TRI_VAL,Slider,L,85,26,45.0497824510328,25.998690242305173,1131,271,113,Tight High-Spin Breakers,1,-2.565408150684932,0.6196022602739726,85.25510212328767,2572.8408493150687,5.5913881506849314,5.665054726027397,1.6629479452054794,51.337816133184454,55.82730531103992,74.55795677799607,390,263,pitch_type_specific,Slider
"Sanchez, Dikember",699129.0,LAK_ERI24,Slider,R,71,15,47.38160525144367,40.14407334643091,915,237,144,Tight High-Spin Breakers,1,2.081785045045045,-3.666299549549549,85.93030765765766,2555.0023990990994,5.319878648648649,5.499674054054054,1.5293935135135135,51.33333979214362,55.81095691098878,74.42698100851342,391,264,pitch_type_specific,Slider
"Sanchez, Dikember",699129.0,LAK_ERI24,Slider,L,40,15,43.23020996133244,18.3366077275704,1248,289,123,Tight High-Spin Breakers,1,2.081785045045045,-3.666299549549549,85.93030765765766,2555.0023990990994,5.319878648648649,5.499674054054054,1.5293935135135135,51.33333979214362,55.81095691098878,74.42698100851342,392,265,pitch_type_specific,Slider
"Perozzi, John",1000377762.0,SUS_COU1,Four-Seam,R,84,64,51.3174688973795,60.44531761624099,605,167,94,Soft-Speed Separation,0,21.667275120772945,9.011753816425122,91.43061869565216,2193.4214033816424,5.992211111111111,6.165604347826087,0.4399928502415459,51.321207653364155,55.7666481649765,74.29600523903078,393,11,pitch_type_specific,Four-Seam
"Perozzi, John",1000377762.0,SUS_COU1,Four-Seam,L,123,64,47.16706181666563,38.50687622789784,940,296,135,Soft-Speed Separation,0,21.667275120772945,9.011753816425122,91.43061869565216,2193.4214033816424,5.992211111111111,6.165604347826087,0.4399928502415459,51.321207653364155,55.7666481649765,74.29600523903078,394,12,pitch_type_specific,Four-Seam
"Reeves, Cobe",802696.0,NEW_YOR13,Curveball,R,29,12,45.81535996142788,31.10674525212836,1053,110,61,Tight High-Spin Breakers,1,-7.906393529411765,6.925416078431372,80.09903098039216,2372.992125490196,5.523774705882353,6.272203725490196,-1.2387803921568628,51.309004254391795,55.722079163963414,74.1977734119188,395,19,pitch_type_specific,Curveball
"Kemlage, Joe",703240.0,NEW_ENG23,Slider,R,45,17,58.9661010273541,88.27766863130321,180,75,58,Tight High-Spin Breakers,1,-2.723260843373494,14.14620409638554,82.15564277108433,2605.087104819277,5.523382168674699,5.125508554216868,-2.9909946987951805,51.30540804331792,55.70894515635145,74.09954158480681,396,266,pitch_type_specific,Slider
"Kemlage, Joe",703240.0,NEW_ENG23,Slider,L,38,17,58.75995508535769,87.62278978388997,190,82,21,Tight High-Spin Breakers,1,-2.723260843373494,14.14620409638554,82.15564277108433,2605.087104819277,5.523382168674699,5.125508554216868,-2.9909946987951805,51.30540804331792,55.70894515635145,74.09954158480681,397,267,pitch_type_specific,Slider
"Sittinger, Brandyn",670087.0,LAK_ERI24,Slider,R,80,45,54.105337231042256,73.73935821872954,402,134,94,Tight High-Spin Breakers,1,3.743865652173913,-0.8738592028985507,87.6400931884058,2462.225110869565,5.722004637681159,5.776031811594203,1.808289782608696,51.28481345118716,55.63373001345407,73.96856581532415,398,268,pitch_type_specific,Slider
"Sittinger, Brandyn",670087.0,LAK_ERI24,Slider,L,58,45,48.6007886265967,46.6928618205632,815,223,87,Tight High-Spin Breakers,1,3.743865652173913,-0.8738592028985507,87.6400931884058,2462.225110869565,5.722004637681159,5.776031811594203,1.808289782608696,51.28481345118716,55.63373001345407,73.96856581532415,399,269,pitch_type_specific,Slider
"Pindel, Buddie",1000054422.0,SCH_BOO,Changeup,R,27,32,44.97714801033417,25.54027504911592,1138,144,62,Soft-Speed Separation,0,3.5451744715447155,11.551868699186992,80.91822097560976,1379.4530612195124,5.495612845528455,5.713309024390244,2.362789756097561,51.25175048117522,55.512978119060115,73.83759004584152,400,63,pitch_type_specific,Changeup
"Pindel, Buddie",1000054422.0,SCH_BOO,Changeup,L,96,32,43.67358928628853,19.97380484610347,1223,161,93,Soft-Speed Separation,0,3.5451744715447155,11.551868699186992,80.91822097560976,1379.4530612195124,5.495612845528455,5.713309024390244,2.362789756097561,51.25175048117522,55.512978119060115,73.83759004584152,401,64,pitch_type_specific,Changeup
"Agosto, Justus",1000116159.0,TRI_VAL,Changeup,L,33,20,47.414909698443545,40.34053700065488,912,121,68,Soft-Speed Separation,0,10.366566603773586,9.597310188679243,80.68125830188679,1718.2250981132077,5.86806358490566,5.692448113207547,1.386825283018868,51.24111221515859,55.47412526421642,73.73935821872954,402,65,pitch_type_specific,Changeup
"Moreno, Jose",1000306184.0,DOW_EAS1,Changeup,L,49,23,50.309563072338335,54.87884741322855,690,94,53,Soft-Speed Separation,0,7.14976064516129,11.00087258064516,81.64836387096774,1766.1259215053765,5.6487646236559135,5.749769247311828,2.4396418279569896,51.23527841958275,55.45281919682334,73.64112639161755,403,66,pitch_type_specific,Changeup
"Moreno, Jose",1000306184.0,DOW_EAS1,Changeup,R,44,23,48.04700259394292,43.614931237721024,862,110,47,Soft-Speed Separation,0,7.14976064516129,11.00087258064516,81.64836387096774,1766.1259215053765,5.6487646236559135,5.749769247311828,2.4396418279569896,51.23527841958275,55.45281919682334,73.64112639161755,404,67,pitch_type_specific,Changeup
"Sanchez, Edwin",835958.0,LAK_ERI24,Changeup,R,99,25,44.16526249021331,21.93844138834316,1193,155,67,Tight High-Spin Breakers,1,6.4701503478260864,-15.706568782608697,80.01015634782608,1942.7435860869568,5.794717043478261,4.84593,-1.739465739130435,51.2345219846998,55.450056561008466,73.54289456450557,405,68,pitch_type_specific,Changeup
"Foltz Jr., Michael",803189.0,WAS_WIL3,Curveball,R,28,11,48.3326653460003,45.31761624099542,836,97,54,Tight High-Spin Breakers,1,-5.944006315789474,4.473983157894737,79.18256776315789,2315.027436842105,5.340513866666667,5.866903157894737,-1.622408947368421,51.22093733459558,55.4004429832152,73.44466273739359,406,20,pitch_type_specific,Curveball
"Foltz Jr., Michael",803189.0,WAS_WIL3,Curveball,L,47,11,46.21425916316306,32.94040602488539,1025,105,47,Tight High-Spin Breakers,1,-5.944006315789474,4.473983157894737,79.18256776315789,2315.027436842105,5.340513866666667,5.866903157894737,-1.622408947368421,51.22093733459558,55.4004429832152,73.44466273739359,407,21,pitch_type_specific,Curveball
"Davis, Tyler",824623.0,WAS_WIL3,Four-Seam,L,48,40,53.66465994026966,72.03667321545514,428,112,48,Soft-Speed Separation,0,18.485444789915967,-11.169257647058824,92.59514,2340.1088529411763,5.878876806722689,5.820906722689076,-1.589240924369748,51.215338605836514,55.37999542198246,73.31368696791094,408,13,pitch_type_specific,Four-Seam
"Davis, Tyler",824623.0,WAS_WIL3,Four-Seam,R,71,40,46.96409973901558,37.65553372626064,953,302,165,Soft-Speed Separation,0,18.485444789915967,-11.169257647058824,92.59514,2340.1088529411763,5.878876806722689,5.820906722689076,-1.589240924369748,51.215338605836514,55.37999542198246,73.31368696791094,409,14,pitch_type_specific,Four-Seam
"Ginn, Landon",701061.0,WAS_WIL3,Slider,R,44,16,51.1044726708641,59.26653569089718,623,184,114,Tight High-Spin Breakers,1,1.6165372151898734,-3.380046582278481,85.30224253164558,2876.3881620253164,5.123207341772152,6.319233037974684,1.0513044303797467,51.20311215270651,55.335342223052244,73.1827111984283,410,270,pitch_type_specific,Slider
"Ginn, Landon",701061.0,WAS_WIL3,Slider,L,35,16,48.29351042986596,45.2521283562541,837,225,89,Tight High-Spin Breakers,1,1.6165372151898734,-3.380046582278481,85.30224253164558,2876.3881620253164,5.123207341772152,6.319233037974684,1.0513044303797467,51.20311215270651,55.335342223052244,73.1827111984283,411,271,pitch_type_specific,Slider
"Gollert, Harley",1000114236.0,TRO_AIG,Curveball,R,58,21,55.69659944097717,79.04387688277669,321,47,30,Tight High-Spin Breakers,1,-5.657758720930232,5.839787093023256,77.1206288372093,2235.380730232558,4.847207325581395,5.622212441860465,-1.760525930232558,51.186189205940785,55.273536587322866,73.05173542894565,412,22,pitch_type_specific,Curveball
"Gollert, Harley",1000114236.0,TRO_AIG,Curveball,L,28,21,55.62725054342653,78.84741322855272,324,48,18,Tight High-Spin Breakers,1,-5.657758720930232,5.839787093023256,77.1206288372093,2235.380730232558,4.847207325581395,5.622212441860465,-1.760525930232558,51.186189205940785,55.273536587322866,73.05173542894565,413,23,pitch_type_specific,Curveball
"Whitesell, Max",1000223610.0,FLO_Y'A,Changeup,L,42,15,54.34529131204152,74.85265225933202,385,53,32,Soft-Speed Separation,0,8.873554915254239,10.639642033898305,85.16333033898304,1626.3917271186442,6.383806610169492,5.281005762711865,2.732512542372881,51.17882497765464,55.246641105278144,72.95350360183366,414,69,pitch_type_specific,Changeup
"Townes, Holland",830218.0,SCH_BOO,Curveball,R,56,11,63.294079396572016,95.54682383759004,69,8,5,Tight High-Spin Breakers,1,-9.354153902439023,-13.480905609756098,78.0887780487805,2305.714942682927,4.964985365853659,5.857552682926829,2.574584268292683,51.1528015450372,55.1515988635783,72.85527177472167,415,24,pitch_type_specific,Curveball
"Townes, Holland",830218.0,SCH_BOO,Curveball,L,26,11,58.198220616836345,86.44400785854617,208,31,11,Tight High-Spin Breakers,1,-9.354153902439023,-13.480905609756098,78.0887780487805,2305.714942682927,4.964985365853659,5.857552682926829,2.574584268292683,51.1528015450372,55.1515988635783,72.85527177472167,416,25,pitch_type_specific,Curveball
"Sesar, Jorden",813853.0,SUS_COU1,Four-Seam,R,274,176,50.44275244931582,55.73018991486575,677,192,108,Soft-Speed Separation,0,19.56699644404332,8.17817725631769,91.7002219494585,2484.6680752707584,6.274796678700361,5.808125992779783,1.9839013537906136,51.12529805589899,55.051151190103006,72.72429600523903,417,15,pitch_type_specific,Four-Seam
"Sesar, Jorden",813853.0,SUS_COU1,Four-Seam,L,280,176,49.23330675280169,49.70530451866404,769,228,103,Soft-Speed Separation,0,19.56699644404332,8.17817725631769,91.7002219494585,2484.6680752707584,6.274796678700361,5.808125992779783,1.9839013537906136,51.12529805589899,55.051151190103006,72.72429600523903,418,16,pitch_type_specific,Four-Seam
"Long, Jalon",809215.0,NEW_YOR13,Four-Seam,R,116,78,53.59013428613605,71.31630648330058,439,114,66,Soft-Speed Separation,0,20.375628732394368,8.20663544600939,91.9713540375587,2128.7651234741784,6.093419295774648,6.0666245070422535,1.0321656807511737,51.12422527826755,55.04723321385307,72.59332023575638,419,17,pitch_type_specific,Four-Seam
"Long, Jalon",809215.0,NEW_YOR13,Four-Seam,L,97,78,51.859664226091326,63.130320890635225,564,155,65,Soft-Speed Separation,0,20.375628732394368,8.20663544600939,91.9713540375587,2128.7651234741784,6.093419295774648,6.0666245070422535,1.0321656807511737,51.12422527826755,55.04723321385307,72.59332023575638,420,18,pitch_type_specific,Four-Seam
"Andueza, Axel",672847.0,DOW_EAS1,Curveball,L,97,37,45.99148380859258,31.95808775376555,1040,107,49,Tight High-Spin Breakers,1,-3.5199226190476187,-3.142384047619048,79.36595059523809,2201.639180357143,5.087519464285714,6.078131071428572,0.9108114285714286,51.08948324381396,54.92034907507617,72.46234446627375,421,26,pitch_type_specific,Curveball
"Andueza, Axel",672847.0,DOW_EAS1,Curveball,R,71,37,45.20969975293957,27.177472167648983,1113,114,63,Tight High-Spin Breakers,1,-3.5199226190476187,-3.142384047619048,79.36595059523809,2201.639180357143,5.087519464285714,6.078131071428572,0.9108114285714286,51.08948324381396,54.92034907507617,72.46234446627375,422,27,pitch_type_specific,Curveball
"Morgan, Marcus",808861.0,JOL_SLA,Sinker,L,60,23,56.95343757752279,83.23510150622135,257,17,8,Soft-Speed Separation,0,10.338318842105265,15.246999894736842,91.90567178947369,2455.207531578947,6.196234736842105,5.086414421052631,2.7535417894736844,51.08098907385617,54.88932684345764,72.3313686967911,423,9,pitch_type_specific,Sinker
"Morgan, Marcus",808861.0,JOL_SLA,Sinker,R,35,23,54.93846732042952,76.88277668631304,354,25,14,Soft-Speed Separation,0,10.338318842105265,15.246999894736842,91.90567178947369,2455.207531578947,6.196234736842105,5.086414421052631,2.7535417894736844,51.08098907385617,54.88932684345764,72.3313686967911,424,10,pitch_type_specific,Sinker
"Bargo, Casey",1000057987.0,FLO_Y'A,Changeup,L,43,15,44.13523060411264,21.676489849377862,1197,156,89,Soft-Speed Separation,0,5.129368867924528,12.093149622641509,82.96338547169812,1489.3751490566035,6.119850566037736,5.860594339622641,2.598785849056604,51.06043594415713,54.814263128794735,72.2331368696791,425,70,pitch_type_specific,Changeup
"Dima, Josh",1000098214.0,GAT_GRI,Slider,L,75,28,58.82237414663263,87.75376555337263,188,81,20,Tight High-Spin Breakers,1,2.4284144537815124,2.0827973109243696,81.9078662184874,1923.4803571428567,6.000028151260504,6.280326722689075,-0.856516218487395,51.010236067797756,54.63092417991787,72.13490504256713,426,272,pitch_type_specific,Slider
"Dima, Josh",1000098214.0,GAT_GRI,Slider,R,44,28,52.213377097115774,64.7675180091683,539,162,104,Tight High-Spin Breakers,1,2.4284144537815124,2.0827973109243696,81.9078662184874,1923.4803571428567,6.000028151260504,6.280326722689075,-0.856516218487395,51.010236067797756,54.63092417991787,72.13490504256713,427,273,pitch_type_specific,Slider
"Gorgen, Grady",1000138303.0,NEW_YOR13,Curveball,R,30,19,38.42781590096666,5.762933857236411,1440,149,81,Tight High-Spin Breakers,1,-7.201583466666666,6.869187866666667,79.9540664,2124.120146666666,5.659860266666667,5.2734356,-2.5133712,51.006419234542655,54.616984420544384,72.00392927308448,428,28,pitch_type_specific,Curveball
"Gorgen, Grady",1000138303.0,NEW_YOR13,Curveball,L,45,19,37.70578277793109,4.322200392927308,1462,150,69,Tight High-Spin Breakers,1,-7.201583466666666,6.869187866666667,79.9540664,2124.120146666666,5.659860266666667,5.2734356,-2.5133712,51.006419234542655,54.616984420544384,72.00392927308448,429,29,pitch_type_specific,Curveball
"Ortiz, Julio",683650.0,GAT_GRI,Four-Seam,R,176,78,57.26588402147557,84.34839554682384,240,46,28,Soft-Speed Separation,0,18.18065766666667,8.237864393939393,95.34616230303033,2173.389793030304,6.117812818181818,6.613646848484848,1.3558175454545454,50.99800675520805,54.58626053772816,71.87295350360183,430,19,pitch_type_specific,Four-Seam
"Ortiz, Julio",683650.0,GAT_GRI,Four-Seam,L,154,78,56.0214652664157,80.61558611656844,297,67,28,Soft-Speed Separation,0,18.18065766666667,8.237864393939393,95.34616230303033,2173.389793030304,6.117812818181818,6.613646848484848,1.3558175454545454,50.99800675520805,54.58626053772816,71.87295350360183,431,20,pitch_type_specific,Four-Seam
"Maher, Adam",1000133555.0,TRI_VAL,Four-Seam,R,134,56,43.59196962975831,19.58087753765553,1229,413,216,Soft-Speed Separation,0,20.308395654450266,-9.67446837696335,88.00113303664922,2041.0667418848168,5.781747329842932,5.839748167539267,-0.4815891623036649,50.967972773395594,54.47657105131063,71.74197773411919,432,21,pitch_type_specific,Four-Seam
"Maher, Adam",1000133555.0,TRI_VAL,Four-Seam,L,57,56,41.41649200598071,13.097576948264573,1328,446,212,Soft-Speed Separation,0,20.308395654450266,-9.67446837696335,88.00113303664922,2041.0667418848168,5.781747329842932,5.839748167539267,-0.4815891623036649,50.967972773395594,54.47657105131063,71.74197773411919,433,22,pitch_type_specific,Four-Seam
"Flontek, Zac",1000563032.0,DOW_EAS1,Cutter,R,30,15,50.37107725270859,55.20628683693517,685,27,14,Soft-Speed Separation,0,8.12367431372549,-1.5812952941176472,88.64233901960785,2644.417521568628,6.045392549019608,6.049677647058824,1.0471907843137254,50.946338620508484,54.39755924614661,71.6437459070072,434,17,pitch_type_specific,Cutter
"Kaminer, Brandon",690510.0,DOW_EAS1,Slider,L,45,40,50.0647982204886,53.50360183366077,711,201,78,Tight High-Spin Breakers,1,6.103685112781955,2.269862631578947,83.84740390977443,2473.620367669173,5.283926466165413,5.934541127819548,-1.4352727819548872,50.941727413303084,54.38071829068212,71.54551407989523,435,274,pitch_type_specific,Slider
"Kaminer, Brandon",690510.0,DOW_EAS1,Slider,R,88,40,45.85769352821414,31.368696791093647,1049,258,154,Tight High-Spin Breakers,1,6.103685112781955,2.269862631578947,83.84740390977443,2473.620367669173,5.283926466165413,5.934541127819548,-1.4352727819548872,50.941727413303084,54.38071829068212,71.54551407989523,436,275,pitch_type_specific,Slider
"Gordillo, Lucas",808851.0,TRI_VAL,Changeup,L,41,16,54.3133468778079,74.65618860510806,388,54,33,Soft-Speed Separation,0,10.7667592,16.491882399999998,80.2934418,2144.560978,6.0174896,5.9894174,1.8671238,50.941466791502855,54.3797664531404,71.44728225278324,437,71,pitch_type_specific,Changeup
"Vega, Lucas",837223.0,TRO_AIG,Changeup,L,65,19,55.70903458238223,79.17485265225933,319,41,25,Soft-Speed Separation,0,8.626175,14.684891891891892,83.5608791891892,1967.1293283783784,6.237007162162162,5.175994594594594,2.4575221621621623,50.93805510677153,54.367306368815434,71.38179436804192,438,72,pitch_type_specific,Changeup
"Garcia, Jorge",1000221236.0,SUS_COU1,Changeup,L,35,13,54.991179094324366,77.14472822527833,350,47,28,Soft-Speed Separation,0,12.57973245283019,9.434644905660376,81.85717566037735,1509.8080735849055,5.957079811320755,5.408495094339623,1.2061681132075472,50.92725043025071,54.327845752974454,71.31630648330058,439,73,pitch_type_specific,Changeup
"Dima, Josh",1000098214.0,GAT_GRI,Curveball,R,30,12,43.64715497750724,19.90831696136215,1224,125,68,Tight High-Spin Breakers,1,-3.6270153703703705,2.077807037037037,80.29891055555555,1960.9120185185184,5.989126851851852,6.260276296296296,-0.7869318518518519,50.911225325970605,54.26931919897812,71.25081859855926,440,30,pitch_type_specific,Curveball
"Barraza, Chris",696511.0,MIS_MUD,Slider,R,34,21,67.1344437334318,98.03536345776033,31,18,12,Tight High-Spin Breakers,1,3.302952105263158,-3.7934935087719297,84.0767747368421,2319.639049122807,5.3130305263157895,5.9410338596491234,2.2503240350877194,50.88612981670921,54.17766589974334,71.18533071381793,441,276,pitch_type_specific,Slider
"Balzan, Jackson",827496.0,SUS_COU1,Changeup,R,229,112,51.74749736365096,62.60641781270465,572,80,34,Tight High-Spin Breakers,1,9.810783015873016,-13.847725904761903,80.08765095238095,1879.7037453968253,5.347880984126984,5.437334634920635,-1.0836808253968255,50.88487998042801,54.173101273559354,71.08709888670596,442,74,pitch_type_specific,Changeup
"Balzan, Jackson",827496.0,SUS_COU1,Changeup,L,86,112,48.646528767498765,47.151277013752456,808,103,61,Tight High-Spin Breakers,1,9.810783015873016,-13.847725904761903,80.08765095238095,1879.7037453968253,5.347880984126984,5.437334634920635,-1.0836808253968255,50.88487998042801,54.173101273559354,71.08709888670596,443,75,pitch_type_specific,Changeup
"Heredia-Bustos, Rolando",837343.0,DOW_EAS1,Changeup,L,219,116,47.37141944442057,40.07858546168959,916,122,69,Soft-Speed Separation,0,9.053282796352583,17.60673537993921,79.43104981762917,2063.622396352584,5.6204605775076,5.442262796352584,1.6611943161094225,50.87234423397595,54.12731847996332,70.95612311722331,444,76,pitch_type_specific,Changeup
"Heredia-Bustos, Rolando",837343.0,DOW_EAS1,Changeup,R,110,116,46.33480466202644,33.726260641781266,1013,135,59,Soft-Speed Separation,0,9.053282796352583,17.60673537993921,79.43104981762917,2063.622396352584,5.6204605775076,5.442262796352584,1.6611943161094225,50.87234423397595,54.12731847996332,70.95612311722331,445,77,pitch_type_specific,Changeup
"Petschke, Ben",814386.0,EVA_OTT,Curveball,R,80,40,54.18654329270618,74.06679764243614,397,52,32,Tight High-Spin Breakers,1,-9.65743301775148,-15.80096147928994,77.19077035502958,2766.7447644970416,4.964109053254438,5.774500650887574,1.8002736094674556,50.849994819759885,54.04569441218567,70.82514734774067,446,31,pitch_type_specific,Curveball
"Petschke, Ben",814386.0,EVA_OTT,Curveball,L,89,40,52.930979706898384,68.17288801571709,487,63,26,Tight High-Spin Breakers,1,-9.65743301775148,-15.80096147928994,77.19077035502958,2766.7447644970416,4.964109053254438,5.774500650887574,1.8002736094674556,50.849994819759885,54.04569441218567,70.82514734774067,447,32,pitch_type_specific,Curveball
"Blair, Davis",836357.0,DOW_EAS1,Slider,R,61,19,59.80551709694872,90.56974459724952,145,63,51,Tight High-Spin Breakers,1,3.5963564646464645,-5.853289090909091,81.92703404040404,2145.676063131313,5.11264797979798,5.611588080808081,0.9594122222222222,50.840352144189744,54.010477632153496,70.69417157825802,448,277,pitch_type_specific,Slider
"Blair, Davis",836357.0,DOW_EAS1,Slider,L,38,19,48.63542494749965,47.08578912901113,809,222,86,Tight High-Spin Breakers,1,3.5963564646464645,-5.853289090909091,81.92703404040404,2145.676063131313,5.11264797979798,5.611588080808081,0.9594122222222222,50.840352144189744,54.010477632153496,70.69417157825802,449,278,pitch_type_specific,Slider
"Serrano, Elio",665939.0,NEW_JER6,Curveball,R,37,14,49.79470177282321,52.25933202357563,730,87,49,Tight High-Spin Breakers,1,-10.34459101265823,-13.944305949367088,75.60930696202531,2293.2893164556963,5.097878734177215,5.857123797468355,1.7316896202531646,50.83357026635224,53.9857089983577,70.56319580877538,450,33,pitch_type_specific,Curveball
"Serrano, Elio",665939.0,NEW_JER6,Curveball,L,42,14,49.00550846443607,48.919449901768175,781,91,40,Tight High-Spin Breakers,1,-10.34459101265823,-13.944305949367088,75.60930696202531,2293.2893164556963,5.097878734177215,5.857123797468355,1.7316896202531646,50.83357026635224,53.9857089983577,70.56319580877538,451,34,pitch_type_specific,Curveball
"Woolfolk, Dallas",663762.0,MIS_MUD,Four-Seam,L,84,74,49.999709564421,53.04518664047151,718,208,91,Soft-Speed Separation,0,19.83537206185567,12.98330469072165,92.79727850515464,2413.61542371134,5.44450262886598,6.492762422680412,1.158112731958763,50.83273678817351,53.982664986613415,70.43222003929273,452,23,pitch_type_specific,Four-Seam
"Woolfolk, Dallas",663762.0,MIS_MUD,Four-Seam,R,110,74,49.06964024768255,49.24688932547478,776,232,127,Soft-Speed Separation,0,19.83537206185567,12.98330469072165,92.79727850515464,2413.61542371134,5.44450262886598,6.492762422680412,1.158112731958763,50.83273678817351,53.982664986613415,70.43222003929273,453,24,pitch_type_specific,Four-Seam
"Kemlage, Joe",703240.0,NEW_ENG23,Sinker,R,96,47,45.49877571748665,29.076620825147348,1084,149,73,Soft-Speed Separation,0,8.443879776536313,-15.328908770949722,90.89651905027932,2428.5607,5.870691173184358,5.180529273743017,-2.978599553072625,50.82826244390467,53.966323879131586,70.30124426981008,454,11,pitch_type_specific,Sinker
"Kemlage, Joe",703240.0,NEW_ENG23,Sinker,L,83,47,45.10150578899456,26.653569089718403,1121,155,78,Soft-Speed Separation,0,8.443879776536313,-15.328908770949722,90.89651905027932,2428.5607,5.870691173184358,5.180529273743017,-2.978599553072625,50.82826244390467,53.966323879131586,70.30124426981008,455,12,pitch_type_specific,Sinker
"Tokar, Heitor",677573.0,OTT_TIT,Changeup,L,38,25,59.219096558561176,89.06352324819909,168,22,15,Soft-Speed Separation,0,9.491884142857142,13.208437428571427,82.064708,1391.3683157142857,6.076950428571428,6.654209428571429,2.4305472857142854,50.81660314662965,53.92374203507003,70.17026850032744,456,78,pitch_type_specific,Changeup
"Tokar, Heitor",677573.0,OTT_TIT,Changeup,R,32,25,55.71415982789139,79.30582842174198,317,40,16,Soft-Speed Separation,0,9.491884142857142,13.208437428571427,82.064708,1391.3683157142857,6.076950428571428,6.654209428571429,2.4305472857142854,50.81660314662965,53.92374203507003,70.17026850032744,457,79,pitch_type_specific,Changeup
"Castro, Alexander",669418.0,TRO_AIG,Changeup,L,65,16,48.617389429984485,46.95481335952849,811,104,62,Soft-Speed Separation,0,5.883334029850746,10.51877552238806,83.34030223880598,1308.3376462686567,6.103394925373134,5.739641492537313,2.264170597014925,50.8165644604762,53.92360074630152,70.07203667321545,458,80,pitch_type_specific,Changeup
"Villalobos, Jonaiker",665690.0,FLO_Y'A,Changeup,R,151,69,50.85140820805663,58.153241650294696,640,88,38,Tight High-Spin Breakers,1,7.792071297297298,-13.181684,79.95551291891891,1583.2351497297298,5.822159135135135,5.7327995135135135,-1.4498834594594594,50.814456587447914,53.915902416078445,69.97380484610348,459,81,pitch_type_specific,Changeup
"Villalobos, Jonaiker",665690.0,FLO_Y'A,Changeup,L,34,69,47.26026396834237,39.68565815324165,922,124,71,Tight High-Spin Breakers,1,7.792071297297298,-13.181684,79.95551291891891,1583.2351497297298,5.822159135135135,5.7327995135135135,-1.4498834594594594,50.814456587447914,53.915902416078445,69.97380484610348,460,82,pitch_type_specific,Changeup
"Foltz Jr., Michael",803189.0,WAS_WIL3,Four-Seam,L,129,93,49.29720272139343,49.96725605762934,765,226,102,Soft-Speed Separation,0,18.93786204225352,-4.085595211267606,92.48178894366195,2190.680379577465,6.011850812720848,6.233836830985916,-1.3042854929577463,50.80369741390271,53.876607985262716,69.84282907662083,461,25,pitch_type_specific,Four-Seam
"Foltz Jr., Michael",803189.0,WAS_WIL3,Four-Seam,R,153,93,48.01637472464823,43.418467583497055,865,271,150,Soft-Speed Separation,0,18.93786204225352,-4.085595211267606,92.48178894366195,2190.680379577465,6.011850812720848,6.233836830985916,-1.3042854929577463,50.80369741390271,53.876607985262716,69.84282907662083,462,26,pitch_type_specific,Four-Seam
"Williams, Pierce",1000337420.0,NEW_ENG23,Changeup,L,149,124,51.23670913518614,60.24885396201702,608,86,49,Tight High-Spin Breakers,1,10.572530371134022,-13.84315668041237,79.75233645360824,1791.5785682474227,5.95030787628866,5.96119012371134,-1.6795495257731958,50.80220095198164,53.87114263802402,69.71185330713818,463,83,pitch_type_specific,Changeup
"Williams, Pierce",1000337420.0,NEW_ENG23,Changeup,R,336,124,50.54473080780171,56.05762933857237,672,91,40,Tight High-Spin Breakers,1,10.572530371134022,-13.84315668041237,79.75233645360824,1791.5785682474227,5.95030787628866,5.96119012371134,-1.6795495257731958,50.80220095198164,53.87114263802402,69.71185330713818,464,84,pitch_type_specific,Changeup
"Hocom, Quinn",1000152021.0,TRI_VAL,Four-Seam,R,147,93,50.99702257937919,58.61165684348395,633,178,100,Soft-Speed Separation,0,21.077067398648648,10.280329864864864,88.98668408783783,2173.374555067568,5.985393851351351,6.096020101351352,1.958527533783784,50.799787309791725,53.862327584000866,69.58087753765554,465,27,pitch_type_specific,Four-Seam
"Hocom, Quinn",1000152021.0,TRI_VAL,Four-Seam,L,149,93,49.50507984536148,50.94957432874918,750,218,96,Soft-Speed Separation,0,21.077067398648648,10.280329864864864,88.98668408783783,2173.374555067568,5.985393851351351,6.096020101351352,1.958527533783784,50.799787309791725,53.862327584000866,69.58087753765554,466,28,pitch_type_specific,Four-Seam
"Pardinho, Eric",672078.0,OTT_TIT,Four-Seam,R,171,126,49.33118803535726,50.1637197118533,762,225,124,Soft-Speed Separation,0,19.32370971346705,12.931464785100289,92.72466914040116,2249.5308730659026,5.501081747851003,5.63391452722063,1.2377896275071634,50.78639120935227,53.81340262338867,69.44990176817288,467,29,pitch_type_specific,Four-Seam
"Pardinho, Eric",672078.0,OTT_TIT,Four-Seam,L,178,126,48.40009202588784,45.71054354944336,830,255,116,Soft-Speed Separation,0,19.32370971346705,12.931464785100289,92.72466914040116,2249.5308730659026,5.501081747851003,5.63391452722063,1.2377896275071634,50.78639120935227,53.81340262338867,69.44990176817288,468,30,pitch_type_specific,Four-Seam
"Campbell, AJ",1000132168.0,WIN_CIT29,Changeup,L,64,14,50.80814584421389,57.56385068762279,649,90,51,Tight High-Spin Breakers,1,6.888852739726028,9.351789178082193,80.324241369863,2070.406983561644,5.356237397260275,5.802735342465753,1.802890410958904,50.78299388552321,53.80099498765359,69.3516699410609,469,85,pitch_type_specific,Changeup
"Peyton, Blake",1000017005.0,GAT_GRI,Curveball,R,62,18,46.832004769760566,36.93516699410609,964,102,56,Tight High-Spin Breakers,1,-5.750386629213483,8.631627078651684,77.81589011235955,2673.438815730337,5.237054494382022,6.416401348314606,-1.7735468539325845,50.76719538044989,53.743296014587735,69.25343811394892,470,35,pitch_type_specific,Curveball
"Peyton, Blake",1000017005.0,GAT_GRI,Curveball,L,27,18,45.12618225044913,26.78454485920105,1119,116,52,Tight High-Spin Breakers,1,-5.750386629213483,8.631627078651684,77.81589011235955,2673.438815730337,5.237054494382022,6.416401348314606,-1.7735468539325845,50.76719538044989,53.743296014587735,69.25343811394892,471,36,pitch_type_specific,Curveball
"Smith, Ethan",680733.0,WIN_CIT29,Changeup,L,45,17,37.193675959772,3.798297314996726,1470,184,101,Soft-Speed Separation,0,9.073606346153849,14.571873846153846,82.6722298076923,1999.9674442307687,6.381520192307692,5.802246346153846,2.1563153846153846,50.7658473975781,53.738372939458046,69.15520628683693,472,86,pitch_type_specific,Changeup
"Bice, Emmett",828456.0,NEW_YOR13,Curveball,R,63,39,45.82625201215632,31.17223313686968,1052,109,60,Tight High-Spin Breakers,1,-10.29606988235294,-13.291223352941175,79.07691388235294,2985.981494117647,5.509459352941176,6.173228352941177,1.302294470588235,50.76370628541357,53.73055321394992,69.05697445972496,473,37,pitch_type_specific,Curveball
"Bice, Emmett",828456.0,NEW_YOR13,Curveball,L,107,39,41.77023159955848,13.817943680419123,1317,136,63,Tight High-Spin Breakers,1,-10.29606988235294,-13.291223352941175,79.07691388235294,2985.981494117647,5.509459352941176,6.173228352941177,1.302294470588235,50.76370628541357,53.73055321394992,69.05697445972496,474,38,pitch_type_specific,Curveball
"Good, Ty",688612.0,GAT_GRI,Curveball,R,93,17,45.16147256428917,27.04649639816634,1115,115,64,Tight High-Spin Breakers,1,-7.586697225806451,-4.52402264516129,75.02848612903226,2127.9908748387097,5.619308322580645,6.83166329032258,0.2025247741935484,50.75394288885353,53.69489553921838,68.92599869024231,475,39,pitch_type_specific,Curveball
"Good, Ty",688612.0,GAT_GRI,Curveball,L,62,17,41.515742134159765,13.359528487229865,1324,138,64,Tight High-Spin Breakers,1,-7.586697225806451,-4.52402264516129,75.02848612903226,2127.9908748387097,5.619308322580645,6.83166329032258,0.2025247741935484,50.75394288885353,53.69489553921838,68.92599869024231,476,40,pitch_type_specific,Curveball
"Garcia, Hector",815312.0,WAS_WIL3,Four-Seam,R,96,63,50.08784054040585,53.63457760314342,709,205,116,Soft-Speed Separation,0,19.503132060301507,4.551671809045226,90.97448165829144,2221.308033165829,6.048331105527638,6.064986030150753,0.9469291959798994,50.751981470757784,53.687732088667076,68.79502292075966,477,31,pitch_type_specific,Four-Seam
"Garcia, Hector",815312.0,WAS_WIL3,Four-Seam,L,101,63,45.15160710230717,26.91552062868369,1117,370,178,Soft-Speed Separation,0,19.503132060301507,4.551671809045226,90.97448165829144,2221.308033165829,6.048331105527638,6.064986030150753,0.9469291959798994,50.751981470757784,53.687732088667076,68.79502292075966,478,32,pitch_type_specific,Four-Seam
"Davis, Tyler",824623.0,WIN_CIT29,Four-Seam,R,33,19,71.45453820339374,99.1486574983628,14,2,2,Soft-Speed Separation,0,21.23184789473684,5.648621842105263,89.31716763157894,2170.9824881578947,5.858615394736842,6.558214736842106,0.4845959210526316,50.74640918852395,53.66738111488612,68.66404715127702,479,33,pitch_type_specific,Four-Seam
"Davis, Tyler",824623.0,WIN_CIT29,Four-Seam,L,43,19,66.26803814812031,97.70792403405368,36,6,2,Soft-Speed Separation,0,21.23184789473684,5.648621842105263,89.31716763157894,2170.9824881578947,5.858615394736842,6.558214736842106,0.4845959210526316,50.74640918852395,53.66738111488612,68.66404715127702,480,34,pitch_type_specific,Four-Seam
"Serrano, Elio",665939.0,NEW_JER6,Changeup,L,56,15,69.42064618289106,98.5592665356909,23,5,3,Soft-Speed Separation,0,11.05590365079365,11.707401746031747,82.11190253968255,1828.504955555556,5.921837142857143,5.737638253968254,1.873010476190476,50.737360368623854,53.634333202234245,68.56581532416503,481,87,pitch_type_specific,Changeup
"Eisenbarger, Jack",1000570067.0,QUE_CAP,Four-Seam,L,171,78,50.55400622208136,56.188605108055015,670,190,83,Soft-Speed Separation,0,18.78417815625,-13.648701249999998,89.80079853125,2545.0466515625003,5.82572353125,5.94248875,-1.95205459375,50.72665256433976,53.595226381170164,68.46758349705304,482,35,pitch_type_specific,Four-Seam
"Eisenbarger, Jack",1000570067.0,QUE_CAP,Four-Seam,R,149,78,50.41344555666512,55.53372626064178,680,194,109,Soft-Speed Separation,0,18.78417815625,-13.648701249999998,89.80079853125,2545.0466515625003,5.82572353125,5.94248875,-1.95205459375,50.72665256433976,53.595226381170164,68.46758349705304,483,36,pitch_type_specific,Four-Seam
"Leach, Landon",667743.0,TRO_AIG,Slider,R,28,10,55.78622251682939,79.82973149967256,309,112,80,Tight High-Spin Breakers,1,2.779878148148148,-6.459180925925926,82.15749055555555,2078.8717111111114,5.352960185185185,6.055594074074073,1.1456944444444443,50.72472857625953,53.588199631746406,68.3366077275704,484,279,pitch_type_specific,Slider
"Leach, Landon",667743.0,TRO_AIG,Slider,L,26,10,47.21047811778663,39.16175507531106,930,238,94,Tight High-Spin Breakers,1,2.779878148148148,-6.459180925925926,82.15749055555555,2078.8717111111114,5.352960185185185,6.055594074074073,1.1456944444444443,50.72472857625953,53.588199631746406,68.3366077275704,485,280,pitch_type_specific,Slider
"Floyd, Conner",1000161370.0,QUE_CAP,Curveball,R,31,13,50.160549997011216,53.896529142108704,705,83,47,Tight High-Spin Breakers,1,-2.707421379310345,-17.35237844827586,77.31883603448276,2113.200144827586,5.020208793103448,5.937433793103448,2.792927931034483,50.71808448180818,53.56393420758023,68.20563195808775,486,41,pitch_type_specific,Curveball
"Floyd, Conner",1000161370.0,QUE_CAP,Curveball,L,27,13,48.08363479443091,43.94237066142764,857,99,45,Tight High-Spin Breakers,1,-2.707421379310345,-17.35237844827586,77.31883603448276,2113.200144827586,5.020208793103448,5.937433793103448,2.792927931034483,50.71808448180818,53.56393420758023,68.20563195808775,487,42,pitch_type_specific,Curveball
"Figueredo, Kevin",1000210447.0,WIN_CIT29,Curveball,L,45,12,45.69966258004173,30.25540275049116,1066,111,50,Tight High-Spin Breakers,1,-3.519105384615385,4.930871153846154,75.75797012820513,2324.06502948718,4.998615384615385,5.241857564102564,-3.2362719230769232,50.71016564880762,53.53501320968253,68.0746561886051,488,43,pitch_type_specific,Curveball
"Figueredo, Kevin",1000210447.0,WIN_CIT29,Curveball,R,33,12,44.71074531964084,24.68893254747872,1151,120,65,Tight High-Spin Breakers,1,-3.519105384615385,4.930871153846154,75.75797012820513,2324.06502948718,4.998615384615385,5.241857564102564,-3.2362719230769232,50.71016564880762,53.53501320968253,68.0746561886051,489,44,pitch_type_specific,Curveball
"Coles, Chad",694311.0,WAS_WIL3,Splitter,L,38,11,61.503692735501865,93.51669941060904,100,2,2,Soft-Speed Separation,0,2.295153015873016,7.1285719047619045,86.19068015873016,1031.1558957142856,5.594046349206349,6.178649206349207,1.3745484126984129,50.706155653287794,53.520367987085926,67.94368041912247,490,14,pooled_fixed_effects,Pooled
"Coles, Chad",694311.0,WAS_WIL3,Splitter,R,25,11,60.020906704640765,91.22462344466274,135,3,1,Soft-Speed Separation,0,2.295153015873016,7.1285719047619045,86.19068015873016,1031.1558957142856,5.594046349206349,6.178649206349207,1.3745484126984129,50.706155653287794,53.520367987085926,67.94368041912247,491,15,pooled_fixed_effects,Pooled
"Sanchez, Edwin",835958.0,LAK_ERI24,Sinker,L,67,66,45.461961374561554,28.749181401440733,1089,151,77,Soft-Speed Separation,0,15.483987649769588,-13.959489216589862,87.11585235023041,2107.944105990784,5.977477649769585,5.029720737327189,-1.5866876497695852,50.69692672092985,53.486662271445354,67.81270464963983,492,13,pitch_type_specific,Sinker
"Sanchez, Edwin",835958.0,LAK_ERI24,Sinker,R,150,66,42.58995566764833,16.50294695481336,1276,182,90,Soft-Speed Separation,0,15.483987649769588,-13.959489216589862,87.11585235023041,2107.944105990784,5.977477649769585,5.029720737327189,-1.5866876497695852,50.69692672092985,53.486662271445354,67.81270464963983,493,14,pitch_type_specific,Sinker
"Leak, Anthony",1000264276.0,NEW_YOR13,Changeup,L,63,17,62.12878710168283,94.17157825802228,90,14,9,Soft-Speed Separation,0,6.023474,11.3061148,83.13092533333334,1728.3934786666666,6.5227254666666665,5.539693066666667,1.705528266666667,50.68572120182994,53.445737706637864,67.71447282252782,494,88,pitch_type_specific,Changeup
"Nabholz, Nate",1000113106.0,TRI_VAL,Slider,R,48,31,54.19162075400118,74.13228552717747,396,133,93,Tight High-Spin Breakers,1,6.364354387755102,-1.623308469387755,83.35422806122449,1991.927945918368,5.677173775510204,6.343409591836735,0.7929161224489797,50.663416440418175,53.36427671890738,67.61624099541585,495,281,pitch_type_specific,Slider
"Nabholz, Nate",1000113106.0,TRI_VAL,Slider,L,50,31,51.6460148175346,62.08251473477407,580,170,63,Tight High-Spin Breakers,1,6.364354387755102,-1.623308469387755,83.35422806122449,1991.927945918368,5.677173775510204,6.343409591836735,0.7929161224489797,50.663416440418175,53.36427671890738,67.61624099541585,496,282,pitch_type_specific,Slider
"Fuenmayor, Liu",673884.0,OTT_TIT,Sinker,R,53,21,43.90626861887061,21.15258677144728,1205,170,83,Tight High-Spin Breakers,1,9.979330923076924,-20.584100923076925,90.79114984615386,2247.8631800000003,4.573714153846154,4.967470769230769,-1.8050333846153843,50.64621735633073,53.301462580169996,67.51800916830386,497,15,pitch_type_specific,Sinker
"Martzolf, Max",10998500.0,JOL_SLA,Sinker,L,106,68,49.95045063867973,52.78323510150622,722,84,46,Tight High-Spin Breakers,1,10.298118796680498,-19.73666804979253,84.85605518672199,2128.4262269709543,5.459532904564315,4.825876639004149,-1.455124937759336,50.64407110924206,53.293624100998265,67.41977734119187,498,16,pitch_type_specific,Sinker
"Martzolf, Max",10998500.0,JOL_SLA,Sinker,R,135,68,48.14173353940339,44.269810085134246,852,105,52,Tight High-Spin Breakers,1,10.298118796680498,-19.73666804979253,84.85605518672199,2128.4262269709543,5.459532904564315,4.825876639004149,-1.455124937759336,50.64407110924206,53.293624100998265,67.41977734119187,499,17,pitch_type_specific,Sinker
"Nakata, Yuto",1000432352.0,QUE_CAP,Splitter,L,80,28,41.03138125356628,11.984282907662084,1345,19,11,Soft-Speed Separation,0,3.0603035454545457,6.818626,84.0123560909091,1006.1431950909092,5.482248727272728,6.237826272727273,0.9281016363636364,50.63501942382649,53.260565722970114,67.28880157170923,500,16,pooled_fixed_effects,Pooled
"Nakata, Yuto",1000432352.0,QUE_CAP,Splitter,R,30,28,40.89348846335864,11.4603798297315,1353,20,9,Soft-Speed Separation,0,3.0603035454545457,6.818626,84.0123560909091,1006.1431950909092,5.482248727272728,6.237826272727273,0.9281016363636364,50.63501942382649,53.260565722970114,67.28880157170923,501,17,pooled_fixed_effects,Pooled
"Langrell, Connor",815223.0,MIS_MUD,Curveball,R,59,21,57.09080606304716,83.82449246889325,248,37,24,Tight High-Spin Breakers,1,-15.61073210526316,-11.626739736842104,77.53287061403509,2717.908247368421,6.005564122807018,6.373112105263157,1.030462543859649,50.63353475520203,53.255143446965064,67.15782580222658,502,45,pitch_type_specific,Curveball
"Langrell, Connor",815223.0,MIS_MUD,Curveball,L,55,21,54.95754024524864,76.94826457105435,353,50,20,Tight High-Spin Breakers,1,-15.61073210526316,-11.626739736842104,77.53287061403509,2717.908247368421,6.005564122807018,6.373112105263157,1.030462543859649,50.63353475520203,53.255143446965064,67.15782580222658,503,46,pitch_type_specific,Curveball
"Vitas, Ben",1000076969.0,JOL_SLA,Splitter,L,91,25,58.12510827637803,86.2475442043222,211,10,6,Tight High-Spin Breakers,1,0.7070250393700788,6.621399842519685,81.38856944881888,1082.3250738582676,4.959658188976378,5.456822047244095,1.8571528346456687,50.630422670229976,53.24377755467667,67.02685003274395,504,18,pooled_fixed_effects,Pooled
"Vitas, Ben",1000076969.0,JOL_SLA,Splitter,R,36,25,56.770539198302494,82.38375900458415,270,11,5,Tight High-Spin Breakers,1,0.7070250393700788,6.621399842519685,81.38856944881888,1082.3250738582676,4.959658188976378,5.456822047244095,1.8571528346456687,50.630422670229976,53.24377755467667,67.02685003274395,505,19,pooled_fixed_effects,Pooled
"Vecerka, Boris",807828.0,QUE_CAP,Sinker,R,81,49,54.49489492023109,75.50753110674525,375,28,15,Soft-Speed Separation,0,10.20937707762557,17.709173424657532,93.34635283105024,2433.686282648402,5.874193073394496,4.920188310502283,2.825651506849315,50.606197137528895,53.15530156581959,66.8958742632613,506,18,pitch_type_specific,Sinker
"Vecerka, Boris",807828.0,QUE_CAP,Sinker,L,138,49,53.51067144082244,70.85789129011133,446,41,20,Soft-Speed Separation,0,10.20937707762557,17.709173424657532,93.34635283105024,2433.686282648402,5.874193073394496,4.920188310502283,2.825651506849315,50.606197137528895,53.15530156581959,66.8958742632613,507,19,pitch_type_specific,Sinker
"Hocom, Quinn",1000152021.0,TRI_VAL,Curveball,R,65,23,54.13365201946752,73.87033398821218,400,53,33,Tight High-Spin Breakers,1,-13.42794,-11.618688113207549,76.83339632075472,2372.729483018868,5.476471226415094,6.065943773584906,2.1344704716981133,50.59995288680802,53.13249644264571,66.76489849377865,508,47,pitch_type_specific,Curveball
"Hocom, Quinn",1000152021.0,TRI_VAL,Curveball,L,41,23,53.62353042646947,71.70923379174853,433,58,23,Tight High-Spin Breakers,1,-13.42794,-11.618688113207549,76.83339632075472,2372.729483018868,5.476471226415094,6.065943773584906,2.1344704716981133,50.59995288680802,53.13249644264571,66.76489849377865,509,48,pitch_type_specific,Curveball
"Gamelin, Shaun",815222.0,JOL_SLA,Four-Seam,L,218,138,44.57223054491497,23.7721021611002,1165,387,185,Soft-Speed Separation,0,20.18537630490956,10.113219741602068,90.11718062015504,2110.393779328165,4.88567788113695,6.148083979328166,1.281562351421189,50.597301279574346,53.12281229761763,66.633922724296,510,37,pitch_type_specific,Four-Seam
"Gamelin, Shaun",815222.0,JOL_SLA,Four-Seam,R,169,138,43.58465072634954,19.51538965291421,1230,414,217,Soft-Speed Separation,0,20.18537630490956,10.113219741602068,90.11718062015504,2110.393779328165,4.88567788113695,6.148083979328166,1.281562351421189,50.597301279574346,53.12281229761763,66.633922724296,511,38,pitch_type_specific,Four-Seam
"Quigley, Michael",808828.0,NEW_ENG23,Curveball,R,42,11,41.805381253296616,13.948919449901767,1315,135,73,Tight High-Spin Breakers,1,-12.300337088607597,-12.739853037974685,78.84740455696202,2567.118589873417,5.415449620253164,5.440492784810126,1.754776329113924,50.58831273355914,53.08998451599997,66.50294695481335,512,49,pitch_type_specific,Curveball
"Quigley, Michael",808828.0,NEW_ENG23,Curveball,L,37,11,38.788532266596576,6.548788474132286,1428,148,68,Tight High-Spin Breakers,1,-12.300337088607597,-12.739853037974685,78.84740455696202,2567.118589873417,5.415449620253164,5.440492784810126,1.754776329113924,50.58831273355914,53.08998451599997,66.50294695481335,513,50,pitch_type_specific,Curveball
"Primeaux, Parker",1000101108.0,SUS_COU1,Changeup,L,26,24,51.66745383281139,62.21349050425671,578,83,48,Soft-Speed Separation,0,0.7963100980392157,17.74079460784314,85.86330284313725,2013.653287254902,5.568377647058823,4.099335294117648,4.016456372549019,50.57921528895456,53.0567590172093,66.37197118533071,514,89,pitch_type_specific,Changeup
"Primeaux, Parker",1000101108.0,SUS_COU1,Changeup,R,76,24,46.60025709032911,35.62540929927963,984,132,57,Soft-Speed Separation,0,0.7963100980392157,17.74079460784314,85.86330284313725,2013.653287254902,5.568377647058823,4.099335294117648,4.016456372549019,50.57921528895456,53.0567590172093,66.37197118533071,515,90,pitch_type_specific,Changeup
"Hampton, Ky",673132.0,OTT_TIT,Curveball,R,39,15,59.80950717114632,90.63523248199084,144,22,17,Tight High-Spin Breakers,1,-5.037240576923077,-13.632066730769232,81.56834442307692,2194.525544230769,5.563555961538461,5.397843653846153,2.4303053846153846,50.57012800049587,53.02357061048436,66.27373935821873,516,51,pitch_type_specific,Curveball
"Reeves, Cobe",802696.0,NEW_YOR13,Slider,R,29,10,46.23439671223832,33.00589390962672,1024,253,151,Tight High-Spin Breakers,1,-0.1536503921568628,3.422285294117647,82.81551450980392,2214.645163529412,5.7357209803921565,6.114715294117647,-1.3054705882352942,50.569104465300406,53.01983247643934,66.2082514734774,517,283,pitch_type_specific,Slider
"Lovell, Justin",822485.0,WIN_CIT29,Cutter,R,39,13,43.8955632587961,21.08709888670596,1206,53,28,Soft-Speed Separation,0,10.621729180327868,-9.134763770491803,91.48298278688524,2277.1813311475407,6.352753278688525,5.107398852459016,-2.8087639344262296,50.5599390591667,52.986358769959395,66.14276358873609,518,18,pitch_type_specific,Cutter
"Woolfolk, Dallas",663762.0,SCH_BOO,Four-Seam,L,49,31,42.49212080080903,16.240995415848065,1280,434,207,Soft-Speed Separation,0,19.40939673267327,13.357714356435643,92.5025510891089,2326.546137623762,5.6328073267326735,6.33825198019802,1.172923663366337,50.54539968524447,52.933258369608865,66.0445317616241,519,39,pitch_type_specific,Four-Seam
"Woolfolk, Dallas",663762.0,SCH_BOO,Four-Seam,R,52,31,42.26298995982121,15.520628683693516,1291,438,229,Soft-Speed Separation,0,19.40939673267327,13.357714356435643,92.5025510891089,2326.546137623762,5.6328073267326735,6.33825198019802,1.172923663366337,50.54539968524447,52.933258369608865,66.0445317616241,520,40,pitch_type_specific,Four-Seam
"Langrell, Connor",815223.0,MIS_MUD,Cutter,L,111,97,47.59926902301279,41.45383104125737,895,36,17,Soft-Speed Separation,0,9.840095190839696,-0.6066572900763358,86.51971125954198,2310.045165648855,6.134400038167939,6.39228641221374,0.9001146183206107,50.54496850088092,52.93168360700548,65.91355599214145,521,19,pitch_type_specific,Cutter
"Langrell, Connor",815223.0,MIS_MUD,Cutter,R,151,97,47.25442116823006,39.554682383759,924,37,20,Soft-Speed Separation,0,9.840095190839696,-0.6066572900763358,86.51971125954198,2310.045165648855,6.134400038167939,6.39228641221374,0.9001146183206107,50.54496850088092,52.93168360700548,65.91355599214145,522,20,pitch_type_specific,Cutter
"Foster, Kobe",816330.0,WAS_WIL3,Four-Seam,L,180,159,60.45981630780934,92.01047806155862,123,16,6,Soft-Speed Separation,0,20.646588299319728,-9.807966371882086,86.66293326530612,2207.132843537415,5.718578866213152,6.186918344671201,-1.2161994331065755,50.52928076633731,52.87438918777435,65.78258022265881,523,41,pitch_type_specific,Four-Seam
"Foster, Kobe",816330.0,WAS_WIL3,Four-Seam,R,261,159,59.225180850894816,89.1290111329404,167,28,17,Soft-Speed Separation,0,20.646588299319728,-9.807966371882086,86.66293326530612,2207.132843537415,5.718578866213152,6.186918344671201,-1.2161994331065755,50.52928076633731,52.87438918777435,65.78258022265881,524,42,pitch_type_specific,Four-Seam
"Chapple, Bronson",1000218472.0,TRO_AIG,Changeup,L,39,16,45.06368330875075,26.260641781270465,1127,142,81,Soft-Speed Separation,0,3.654326862745098,14.517365882352944,83.19794803921567,1827.8935058823529,6.33970137254902,4.8985062745098045,1.8803619607843136,50.5219835340455,52.84773838711276,65.68434839554682,525,91,pitch_type_specific,Changeup
"Fauci, Sonny",688649.0,NEW_JER6,Curveball,R,48,12,42.65011138784179,16.895874263261295,1270,130,71,Tight High-Spin Breakers,1,-14.943594848484848,-6.6253987878787886,78.56859626262627,2324.3835222222224,5.899224545454546,6.108847878787879,1.6729675757575757,50.518621943569826,52.8354612559909,65.58611656843483,526,52,pitch_type_specific,Curveball
"Fauci, Sonny",688649.0,NEW_JER6,Curveball,L,51,12,41.83582337988888,14.079895219384412,1313,134,62,Tight High-Spin Breakers,1,-14.943594848484848,-6.6253987878787886,78.56859626262627,2324.3835222222224,5.899224545454546,6.108847878787879,1.6729675757575757,50.518621943569826,52.8354612559909,65.58611656843483,527,53,pitch_type_specific,Curveball
"Castro, Alexander",669418.0,TRO_AIG,Four-Seam,R,66,40,55.56285752656839,78.5199738048461,329,78,45,Soft-Speed Separation,0,18.24250652173913,14.576942434782609,93.23366782608696,2256.876042608696,5.184303304347826,5.970514782608696,2.0477405217391307,50.51309726056965,52.81528412314542,65.4551407989522,528,43,pitch_type_specific,Four-Seam
"Castro, Alexander",669418.0,TRO_AIG,Four-Seam,L,49,40,51.93029063434047,63.58873608382449,557,152,64,Soft-Speed Separation,0,18.24250652173913,14.576942434782609,93.23366782608696,2256.876042608696,5.184303304347826,5.970514782608696,2.0477405217391307,50.51309726056965,52.81528412314542,65.4551407989522,529,44,pitch_type_specific,Four-Seam
"Henderson, Drew",1000429021.0,DOW_EAS1,Curveball,R,159,76,52.61696054374991,66.60117878192534,511,65,39,Tight High-Spin Breakers,1,-7.995878210116732,-4.877271478599222,76.80352042801556,2302.5683350194554,5.128219649805447,5.954908093385214,1.1766573151750974,50.497436767538964,52.75808919480365,65.32416502946955,530,54,pitch_type_specific,Curveball
"Henderson, Drew",1000429021.0,DOW_EAS1,Curveball,L,98,76,48.65080749638308,47.2822527832351,806,94,42,Tight High-Spin Breakers,1,-7.995878210116732,-4.877271478599222,76.80352042801556,2302.5683350194554,5.128219649805447,5.954908093385214,1.1766573151750974,50.497436767538964,52.75808919480365,65.32416502946955,531,55,pitch_type_specific,Curveball
"Almonte, Lisandro",1000570068.0,NEW_JER6,Four-Seam,R,84,54,54.22237535119548,74.26326129666012,394,100,59,Soft-Speed Separation,0,16.38449419047619,12.659336714285711,96.55209204761906,2194.595610952381,5.6668662380952375,5.815835904761905,1.457266238095238,50.49497765704056,52.749108082365794,65.19318925998691,532,45,pitch_type_specific,Four-Seam
"Almonte, Lisandro",1000570068.0,NEW_JER6,Four-Seam,L,126,54,50.26031181672462,54.35494433529797,698,200,87,Soft-Speed Separation,0,16.38449419047619,12.659336714285711,96.55209204761906,2194.595610952381,5.6668662380952375,5.815835904761905,1.457266238095238,50.49497765704056,52.749108082365794,65.19318925998691,533,46,pitch_type_specific,Four-Seam
"Sanders, Brayden",695550.0,MIS_MUD,Four-Seam,R,108,68,49.29003228711546,49.90176817288802,766,227,125,Soft-Speed Separation,0,18.90196787439613,10.916247874396134,91.63980671497583,2009.379715458937,4.932786956521739,5.968200144927536,1.6463414009661834,50.49238458572505,52.73963772100584,65.06221349050426,534,47,pitch_type_specific,Four-Seam
"Sanders, Brayden",695550.0,MIS_MUD,Four-Seam,L,99,68,45.03118504883996,25.867714472822527,1133,376,182,Soft-Speed Separation,0,18.90196787439613,10.916247874396134,91.63980671497583,2009.379715458937,4.932786956521739,5.968200144927536,1.6463414009661834,50.49238458572505,52.73963772100584,65.06221349050426,535,48,pitch_type_specific,Four-Seam
"Coles, Chad",694311.0,WAS_WIL3,Four-Seam,R,129,77,47.1008879647894,38.24492468893255,944,297,162,Soft-Speed Separation,0,17.870092100840335,9.815718697478992,93.23442966386554,2391.028036554622,5.798150546218487,6.043533361344538,1.5170384453781514,50.49035153453414,52.732212653547805,64.9312377210216,536,49,pitch_type_specific,Four-Seam
"Coles, Chad",694311.0,WAS_WIL3,Four-Seam,L,105,77,46.58986794730142,35.55992141453831,985,317,148,Soft-Speed Separation,0,17.870092100840335,9.815718697478992,93.23442966386554,2391.028036554622,5.798150546218487,6.043533361344538,1.5170384453781514,50.49035153453414,52.732212653547805,64.9312377210216,537,50,pitch_type_specific,Four-Seam
"Chabot, Henry",836182.0,LAK_ERI24,Slider,R,59,10,45.13550301208109,26.85003274394237,1118,270,158,Tight High-Spin Breakers,1,3.9866413043478266,-1.5382713043478262,84.28300260869565,2412.968147826088,5.10807231884058,5.80858463768116,1.8356468115942028,50.48506069800617,52.7128895699455,64.83300589390963,538,284,pitch_type_specific,Slider
"Gollert, Harley",8890793.0,QUE_CAP,Slider,R,35,22,56.16702551829713,80.87753765553373,293,108,77,Tight High-Spin Breakers,1,0.9863563157894736,5.10749,79.37657543859649,2221.548757894737,5.088315438596491,5.615387543859649,-1.1260180701754383,50.47330504129002,52.669955803928474,64.7675180091683,539,285,pitch_type_specific,Slider
"Linderman, Greyson",1000124562.0,JOL_SLA,Slider,R,30,11,50.72914187072308,57.236411263916175,654,190,119,Tight High-Spin Breakers,1,-3.965017272727273,-13.660645,81.2415631818182,2206.523787878788,4.960424090909091,5.6762986363636365,1.627238787878788,50.46700070926579,52.64693125306268,64.66928618205631,540,286,pitch_type_specific,Slider
"Linderman, Greyson",1000124562.0,JOL_SLA,Slider,L,36,11,50.06786025274476,53.5690897184021,710,200,77,Tight High-Spin Breakers,1,-3.965017272727273,-13.660645,81.2415631818182,2206.523787878788,4.960424090909091,5.6762986363636365,1.627238787878788,50.46700070926579,52.64693125306268,64.66928618205631,541,287,pitch_type_specific,Slider
"Anibal, Trevor",822669.0,NEW_ENG23,Curveball,R,59,21,55.77143439643103,79.69875573018992,311,45,28,Tight High-Spin Breakers,1,-15.30616242990654,-9.32620355140187,75.99956177570094,2495.95363364486,5.442271775700935,5.599241028037383,0.8522303738317757,50.465752665105796,52.642373172026645,64.53831041257368,542,56,pitch_type_specific,Curveball
"Anibal, Trevor",822669.0,NEW_ENG23,Curveball,L,48,21,50.69798842833503,57.03994760969221,657,79,34,Tight High-Spin Breakers,1,-15.30616242990654,-9.32620355140187,75.99956177570094,2495.95363364486,5.442271775700935,5.599241028037383,0.8522303738317757,50.465752665105796,52.642373172026645,64.53831041257368,543,57,pitch_type_specific,Curveball
"Oe, Ryoya",1000551188.0,OTT_TIT,Curveball,R,35,10,51.08155817054832,59.07007203667322,626,75,44,Tight High-Spin Breakers,1,-4.58283,5.030341403508772,73.28509754385965,2302.9197701754383,4.902640175438597,6.291187719298247,-1.6277936842105265,50.456592040941125,52.608916930154976,64.44007858546169,544,58,pitch_type_specific,Curveball
"Rybarczyk, Ty",1000084463.0,JOL_SLA,Four-Seam,L,46,14,34.94761387472008,2.226588081204977,1494,491,241,Soft-Speed Separation,0,18.951962,11.688086666666669,91.2967135,2308.903646666666,5.501394333333334,5.424913833333333,1.3472491666666668,50.44617201024589,52.57086110983277,64.37459070072038,545,51,pitch_type_specific,Four-Seam
"Sittinger, Brandyn",670087.0,LAK_ERI24,Four-Seam,R,127,88,50.82297118736233,57.82580222658809,645,181,102,Soft-Speed Separation,0,17.276612943548386,13.450209637096773,94.69635395161288,2293.8347411290324,5.674050483870968,5.878079153225806,1.7425842741935484,50.44360334330812,52.561479877635826,64.27635887360839,546,52,pitch_type_specific,Four-Seam
"Sittinger, Brandyn",670087.0,LAK_ERI24,Four-Seam,L,121,88,49.41510467820535,50.491159135559926,757,221,99,Soft-Speed Separation,0,17.276612943548386,13.450209637096773,94.69635395161288,2293.8347411290324,5.674050483870968,5.878079153225806,1.7425842741935484,50.44360334330812,52.561479877635826,64.27635887360839,547,53,pitch_type_specific,Four-Seam
"Vail, Tyler",592821.0,NEW_YOR13,Changeup,R,160,29,50.82187673025645,57.760314341846765,646,89,39,Soft-Speed Separation,0,6.444457149532711,13.076122710280377,83.0811008411215,1798.1058929906544,6.210422429906543,5.338255981308412,1.8932940654205608,50.43810307381246,52.54139190728595,64.14538310412574,548,92,pitch_type_specific,Changeup
"Vail, Tyler",592821.0,NEW_YOR13,Changeup,L,54,29,49.22777196687809,49.57432874918141,771,99,57,Soft-Speed Separation,0,6.444457149532711,13.076122710280377,83.0811008411215,1798.1058929906544,6.210422429906543,5.338255981308412,1.8932940654205608,50.43810307381246,52.54139190728595,64.14538310412574,549,93,pitch_type_specific,Changeup
"Binns, Malik",702238.0,NEW_JER6,Cutter,R,54,25,48.3916291689101,45.64505566470203,831,32,16,Soft-Speed Separation,0,9.54317625,-1.8800857954545456,88.88493931818182,2228.6934613636363,6.181986704545454,6.036046136363637,0.8775472727272727,50.431476701215715,52.5171912065102,64.01440733464308,550,21,pitch_type_specific,Cutter
"Binns, Malik",702238.0,NEW_JER6,Cutter,L,34,25,47.235600218693534,39.42370661427636,926,38,18,Soft-Speed Separation,0,9.54317625,-1.8800857954545456,88.88493931818182,2228.6934613636363,6.181986704545454,6.036046136363637,0.8775472727272727,50.431476701215715,52.5171912065102,64.01440733464308,551,22,pitch_type_specific,Cutter
"Petschke, Ben",814386.0,EVA_OTT,Cutter,L,150,87,45.89780966884501,31.565160445317613,1046,44,21,Soft-Speed Separation,0,10.057817874015749,2.6567014173228345,89.20182413385827,2257.07850511811,5.446814960629921,6.022119488188976,1.528819566929134,50.42890330605374,52.50779270599072,63.88343156516044,552,23,pitch_type_specific,Cutter
"Petschke, Ben",814386.0,EVA_OTT,Cutter,R,104,87,45.210125569415005,27.24296005239031,1112,50,26,Soft-Speed Separation,0,10.057817874015749,2.6567014173228345,89.20182413385827,2257.07850511811,5.446814960629921,6.022119488188976,1.528819566929134,50.42890330605374,52.50779270599072,63.88343156516044,553,24,pitch_type_specific,Cutter
"Noriega, Branden",804447.0,LAK_ERI24,Curveball,L,42,12,51.864516963416094,63.19580877537656,563,71,29,Tight High-Spin Breakers,1,-9.66361625,7.737502166666667,79.26009733333333,2842.558115,5.2485774166666666,5.80614125,-1.0337744166666667,50.4269882617295,52.50079862076737,63.7524557956778,554,59,pitch_type_specific,Curveball
"Noriega, Branden",804447.0,LAK_ERI24,Curveball,R,78,12,49.745487842052846,52.12835625409299,732,89,51,Tight High-Spin Breakers,1,-9.66361625,7.737502166666667,79.26009733333333,2842.558115,5.2485774166666666,5.80614125,-1.0337744166666667,50.4269882617295,52.50079862076737,63.7524557956778,555,60,pitch_type_specific,Curveball
"Dima, Josh",1000098214.0,GAT_GRI,Four-Seam,L,92,57,57.08846004897235,83.75900458415192,249,48,20,Soft-Speed Separation,0,18.13139205882353,-10.79171668067227,90.30145663865548,2054.07728697479,6.221668109243698,6.284960042016807,-0.8887323109243698,50.416883792456986,52.46389528733844,63.62148002619515,556,54,pitch_type_specific,Four-Seam
"Dima, Josh",1000098214.0,GAT_GRI,Four-Seam,R,146,57,53.88803392046317,72.95350360183366,414,106,62,Soft-Speed Separation,0,18.13139205882353,-10.79171668067227,90.30145663865548,2054.07728697479,6.221668109243698,6.284960042016807,-0.8887323109243698,50.416883792456986,52.46389528733844,63.62148002619515,557,55,pitch_type_specific,Four-Seam
"Still, Stephen",1000338771.0,TRI_VAL,Sinker,R,50,18,64.78147344179271,96.98755730189916,47,2,2,Soft-Speed Separation,0,14.06653524590164,-18.149606885245905,90.6449337704918,2325.112870491804,5.390428524590164,5.599262786885245,-3.091156557377049,50.41381066930288,52.45267169059471,63.52324819908317,558,20,pitch_type_specific,Sinker
"Rodriguez, Joe Joe",689487.0,NEW_JER6,Changeup,L,92,19,66.83336134863951,97.969875573019,32,6,4,Soft-Speed Separation,0,8.351364960000002,15.15388872,81.74460791999999,1810.1429784,5.32289112,5.69049856,2.57886792,50.4129595000564,52.449563067899135,63.42501637197119,559,94,pitch_type_specific,Changeup
"Rodriguez, Joe Joe",689487.0,NEW_JER6,Changeup,R,33,19,64.386428889706,96.79109364767515,50,8,4,Soft-Speed Separation,0,8.351364960000002,15.15388872,81.74460791999999,1810.1429784,5.32289112,5.69049856,2.57886792,50.4129595000564,52.449563067899135,63.42501637197119,560,95,pitch_type_specific,Changeup
"Willeman, Landon",812254.0,EVA_OTT,Curveball,R,56,28,45.95862407226298,31.761624099541585,1043,108,59,Tight High-Spin Breakers,1,-8.18927388429752,-9.945699008264462,77.56337371900825,2099.045376033058,5.353781157024793,5.637520743801653,1.857679917355372,50.41129799087293,52.44349493846658,63.29404060248854,561,61,pitch_type_specific,Curveball
"Willeman, Landon",812254.0,EVA_OTT,Curveball,L,65,28,45.08646643550192,26.58808120497708,1122,118,54,Tight High-Spin Breakers,1,-8.18927388429752,-9.945699008264462,77.56337371900825,2099.045376033058,5.353781157024793,5.637520743801653,1.857679917355372,50.41129799087293,52.44349493846658,63.29404060248854,562,62,pitch_type_specific,Curveball
"Majick, Eli",828663.0,NEW_ENG23,Curveball,R,34,14,61.65522254827341,93.713163064833,97,14,11,Tight High-Spin Breakers,1,-1.0043090384615383,4.532636730769231,77.03830807692307,2168.536096153846,5.675356153846153,5.483793076923077,-3.545516346153846,50.40991313104581,52.43843718208431,63.19580877537656,563,63,pitch_type_specific,Curveball
"Drakeford, Dosie",836144.0,NEW_JER6,Four-Seam,R,47,45,44.82165926082316,24.95088408644401,1147,379,197,Soft-Speed Separation,0,19.062128769230767,10.084416307692308,91.35111315384616,2340.1286546153847,5.831051692307692,5.882957,1.0104940769230768,50.38245593930385,52.33815859500086,63.09757694826457,564,56,pitch_type_specific,Four-Seam
"Drakeford, Dosie",836144.0,NEW_JER6,Four-Seam,L,83,45,42.79986008143685,17.223313686967913,1265,430,206,Soft-Speed Separation,0,19.062128769230767,10.084416307692308,91.35111315384616,2340.1286546153847,5.831051692307692,5.882957,1.0104940769230768,50.38245593930385,52.33815859500086,63.09757694826457,565,57,pitch_type_specific,Four-Seam
"Salata, Derek",1000057774.0,SCH_BOO,Curveball,R,72,25,62.17086209623142,94.30255402750493,88,12,9,Tight High-Spin Breakers,1,-12.961901393442622,-13.334424180327868,74.32438614754098,2669.9803942622952,5.48809,6.297186885245901,1.0558496721311474,50.367756489683735,52.284473569501436,62.96660117878192,566,64,pitch_type_specific,Curveball
"Salata, Derek",1000057774.0,SCH_BOO,Curveball,L,50,25,59.96416073338725,91.02815979043876,138,19,4,Tight High-Spin Breakers,1,-12.961901393442622,-13.334424180327868,74.32438614754098,2669.9803942622952,5.48809,6.297186885245901,1.0558496721311474,50.367756489683735,52.284473569501436,62.96660117878192,567,65,pitch_type_specific,Curveball
"Milburn, Isaac",830926.0,FLO_Y'A,Slider,L,79,31,57.53638000842119,85.26522593320236,226,90,24,Tight High-Spin Breakers,1,-1.7632585,15.814427,78.60343716666667,2651.888697777778,4.827874444444444,5.477800555555556,-1.970682,50.36604451033697,52.27822111398366,62.835625409299276,568,288,pitch_type_specific,Slider
"Milburn, Isaac",830926.0,FLO_Y'A,Slider,R,101,31,52.3566379791837,65.74983628028815,524,159,102,Tight High-Spin Breakers,1,-1.7632585,15.814427,78.60343716666667,2651.888697777778,4.827874444444444,5.477800555555556,-1.970682,50.36604451033697,52.27822111398366,62.835625409299276,569,289,pitch_type_specific,Slider
"Elliott, Eric",830233.0,MIS_MUD,Four-Seam,L,54,27,46.34267163312201,33.92272429600524,1010,329,154,Soft-Speed Separation,0,21.16333118110236,-3.85306937007874,87.23082858267716,2227.8720251968502,6.24320748031496,6.622020787401574,-1.1119302362204724,50.349672732258085,52.2184284451185,62.70464963981664,570,58,pitch_type_specific,Four-Seam
"Elliott, Eric",830233.0,MIS_MUD,Four-Seam,R,73,27,43.72400992487371,20.301244269810084,1218,409,213,Soft-Speed Separation,0,21.16333118110236,-3.85306937007874,87.23082858267716,2227.8720251968502,6.24320748031496,6.622020787401574,-1.1119302362204724,50.349672732258085,52.2184284451185,62.70464963981664,571,59,pitch_type_specific,Four-Seam
"Brouwer, Adam",10998502.0,LAK_ERI24,Four-Seam,R,97,74,57.086188110899286,83.69351669941061,250,49,29,Soft-Speed Separation,0,19.273713575757576,10.33521909090909,90.38074848484848,2257.3623084848487,5.920770606060606,5.945202606060606,1.6584303636363635,50.34847635881607,52.214059074808645,62.57367387033399,572,60,pitch_type_specific,Four-Seam
"Brouwer, Adam",10998502.0,LAK_ERI24,Four-Seam,L,68,74,50.55269453323493,56.12311722331369,671,191,84,Soft-Speed Separation,0,19.273713575757576,10.33521909090909,90.38074848484848,2257.3623084848487,5.920770606060606,5.945202606060606,1.6584303636363635,50.34847635881607,52.214059074808645,62.57367387033399,573,61,pitch_type_specific,Four-Seam
"Allemann, Braeden",1000367619.0,QUE_CAP,Four-Seam,R,269,176,44.66175987997475,24.426981008513422,1155,382,200,Soft-Speed Separation,0,18.85134711304348,12.721971252173912,91.09141273043478,2342.5447862608694,6.318183373913044,5.234944278260869,1.6494382434782608,50.338954511585314,52.179283581535394,62.442698100851345,574,62,pitch_type_specific,Four-Seam
"Allemann, Braeden",1000367619.0,QUE_CAP,Four-Seam,L,306,176,41.838525805466894,14.145383104125736,1312,444,211,Soft-Speed Separation,0,18.85134711304348,12.721971252173912,91.09141273043478,2342.5447862608694,6.318183373913044,5.234944278260869,1.6494382434782608,50.338954511585314,52.179283581535394,62.442698100851345,575,63,pitch_type_specific,Four-Seam
"Riedel, Caleb",1000120428.0,SCH_BOO,Four-Seam,L,106,71,54.83406787645604,76.62082514734774,358,90,40,Soft-Speed Separation,0,17.30253021645022,-15.0527329004329,89.34577047619048,2338.044358008658,5.84159077922078,5.194113203463203,-1.468304502164502,50.336855366013275,52.1716171255473,62.3117223313687,576,64,pitch_type_specific,Four-Seam
"Riedel, Caleb",1000120428.0,SCH_BOO,Four-Seam,R,125,71,52.62129760912674,66.73215455140799,509,134,78,Soft-Speed Separation,0,17.30253021645022,-15.0527329004329,89.34577047619048,2338.044358008658,5.84159077922078,5.194113203463203,-1.468304502164502,50.336855366013275,52.1716171255473,62.3117223313687,577,65,pitch_type_specific,Four-Seam
"Cartwright, Eli",1000304859.0,GAT_GRI,Four-Seam,L,61,46,59.77106731603856,90.37328094302552,148,22,8,Soft-Speed Separation,0,18.38738309178744,-8.608634927536231,90.25465444444444,2099.5454492753624,6.396943719806763,5.168267632850242,-1.93416961352657,50.33593253857406,52.16824679428416,62.180746561886046,578,66,pitch_type_specific,Four-Seam
"Cartwright, Eli",1000304859.0,GAT_GRI,Four-Seam,R,146,46,56.27893475738098,81.13948919449902,289,64,37,Soft-Speed Separation,0,18.38738309178744,-8.608634927536231,90.25465444444444,2099.5454492753624,6.396943719806763,5.168267632850242,-1.93416961352657,50.33593253857406,52.16824679428416,62.180746561886046,579,67,pitch_type_specific,Four-Seam
"Parsons, Billy",698892.0,SUS_COU1,Changeup,L,43,17,63.52134990199536,96.07072691552064,61,10,6,Tight High-Spin Breakers,1,1.6910075409836065,7.823362295081967,80.85193262295081,1427.7513065573771,5.489640983606558,5.6674139344262295,1.362876393442623,50.33131353814772,52.15137737657951,62.082514734774065,580,96,pitch_type_specific,Changeup
"Thornton, Tyler",1000429124.0,NEW_ENG23,Splitter,L,69,33,53.74893250140172,72.42960052390308,422,13,8,Tight High-Spin Breakers,1,4.881960336134453,11.50141294117647,77.5621606722689,952.0327880672268,4.848027058823529,6.273718319327731,1.8104853781512604,50.311597043334956,52.079369202522855,61.98428290766208,581,20,pooled_fixed_effects,Pooled
"Thornton, Tyler",1000429124.0,NEW_ENG23,Splitter,R,50,33,52.12184718170945,64.1781270464964,548,16,7,Tight High-Spin Breakers,1,4.881960336134453,11.50141294117647,77.5621606722689,952.0327880672268,4.848027058823529,6.273718319327731,1.8104853781512604,50.311597043334956,52.079369202522855,61.98428290766208,582,21,pooled_fixed_effects,Pooled
"Cook, Cole",1000161363.0,SCH_BOO,Curveball,R,65,22,57.72848247050612,85.6581532416503,220,33,22,Tight High-Spin Breakers,1,-3.681559210526316,6.07133201754386,76.9402597368421,2490.141424561404,4.9208,5.840694122807017,-1.0480707894736845,50.30776772100396,52.065383830805025,61.85330713817944,583,66,pitch_type_specific,Curveball
"Cook, Cole",1000161363.0,SCH_BOO,Curveball,L,49,22,57.519026401363206,85.13425016371971,228,34,12,Tight High-Spin Breakers,1,-3.681559210526316,6.07133201754386,76.9402597368421,2490.141424561404,4.9208,5.840694122807017,-1.0480707894736845,50.30776772100396,52.065383830805025,61.85330713817944,584,67,pitch_type_specific,Curveball
"Perdomo, Rafael",1000557553.0,QUE_CAP,Four-Seam,L,108,64,48.056118574344666,43.74590700720367,860,269,121,Soft-Speed Separation,0,20.22198103030303,11.06078296969697,89.1027596969697,2307.07612969697,5.877393515151516,6.100307818181818,1.4527278181818182,50.299886146800894,52.03659890871595,61.72233136869679,585,68,pitch_type_specific,Four-Seam
"Perdomo, Rafael",1000557553.0,QUE_CAP,Four-Seam,R,57,64,47.05063878775167,37.98297314996726,948,299,164,Soft-Speed Separation,0,20.22198103030303,11.06078296969697,89.1027596969697,2307.07612969697,5.877393515151516,6.100307818181818,1.4527278181818182,50.299886146800894,52.03659890871595,61.72233136869679,586,69,pitch_type_specific,Four-Seam
"Jones, Breyln",690202.0,NEW_JER6,Curveball,R,33,12,63.234468141465776,95.35036018336608,72,9,6,Tight High-Spin Breakers,1,-16.815580555555556,-9.627128888888889,74.0695574074074,2166.084687037037,5.561098703703704,5.747544814814814,1.1978727777777778,50.29799324017699,52.02968567434335,61.62409954158481,587,68,pitch_type_specific,Curveball
"Brouwer, Adam",840585.0,LAK_ERI24,Four-Seam,R,41,29,58.64929857749263,87.29535036018336,195,33,20,Soft-Speed Separation,0,18.5958938,8.3506638,91.00004,2132.780454,5.919800800000001,5.9070908,1.5450236000000002,50.29623853791583,52.02327718708235,61.55861165684349,588,70,pitch_type_specific,Four-Seam
"Puccetti, Dominic",1000266076.0,OTT_TIT,Four-Seam,R,183,93,49.15445208844153,49.44335297969876,773,231,126,Soft-Speed Separation,0,20.358699755351683,-5.08797868501529,87.93422296636086,1869.4648348623853,5.632306666666667,6.95744871559633,-0.6076192048929664,50.29345540499826,52.01311268667523,61.4603798297315,589,71,pitch_type_specific,Four-Seam
"Puccetti, Dominic",1000266076.0,OTT_TIT,Four-Seam,L,144,93,48.597918320962776,46.62737393582187,816,245,111,Soft-Speed Separation,0,20.358699755351683,-5.08797868501529,87.93422296636086,1869.4648348623853,5.632306666666667,6.95744871559633,-0.6076192048929664,50.29345540499826,52.01311268667523,61.4603798297315,590,72,pitch_type_specific,Four-Seam
"Flontek, Zac",1000563032.0,DOW_EAS1,Four-Seam,R,179,71,55.86023875761207,80.09168303863785,305,69,40,Soft-Speed Separation,0,18.14112536231884,5.08051084057971,91.60729611594202,2595.12971652174,6.487419913043478,6.20073379710145,0.8669820289855071,50.28239061356664,51.972702084543606,61.32940406024885,591,73,pitch_type_specific,Four-Seam
"Flontek, Zac",1000563032.0,DOW_EAS1,Four-Seam,L,166,71,51.804265086939694,62.737393582187295,570,156,66,Soft-Speed Separation,0,18.14112536231884,5.08051084057971,91.60729611594202,2595.12971652174,6.487419913043478,6.20073379710145,0.8669820289855071,50.28239061356664,51.972702084543606,61.32940406024885,592,74,pitch_type_specific,Four-Seam
"Vitas, Ben",1000076969.0,JOL_SLA,Slider,R,73,35,46.365269697372185,34.119187950229204,1007,249,149,Tight High-Spin Breakers,1,1.7128453896103897,-3.9294964935064938,81.43399694805196,2116.372978246753,4.948880584415584,5.391833766233766,1.9758868831168832,50.275720915670874,51.94834315200795,61.1984282907662,593,290,pitch_type_specific,Slider
"Vitas, Ben",1000076969.0,JOL_SLA,Slider,L,81,35,40.57030111611856,10.347085789129013,1370,307,135,Tight High-Spin Breakers,1,1.7128453896103897,-3.9294964935064938,81.43399694805196,2116.372978246753,4.948880584415584,5.391833766233766,1.9758868831168832,50.275720915670874,51.94834315200795,61.1984282907662,594,291,pitch_type_specific,Slider
"Quigley, Michael",808828.0,NEW_ENG23,Four-Seam,R,157,89,50.59901631734037,56.51604453176162,665,187,105,Soft-Speed Separation,0,17.710949212328767,12.552858424657536,92.75112130136986,2298.4815691780823,5.929012705479452,5.441875273972602,1.7165036301369865,50.27504077875663,51.94585917005436,61.06745252128356,595,75,pitch_type_specific,Four-Seam
"Quigley, Michael",808828.0,NEW_ENG23,Four-Seam,L,135,89,50.40213406887743,55.337262606417816,683,195,86,Soft-Speed Separation,0,17.710949212328767,12.552858424657536,92.75112130136986,2298.4815691780823,5.929012705479452,5.441875273972602,1.7165036301369865,50.27504077875663,51.94585917005436,61.06745252128356,596,76,pitch_type_specific,Four-Seam
"Andueza, Axel",672847.0,DOW_EAS1,Splitter,R,26,12,32.52360002690055,1.1787819253438114,1510,24,11,Soft-Speed Separation,0,3.4059228125,7.895667499999999,81.67210989583333,900.0080111458333,5.1903375,6.0407461458333325,1.0045845833333331,50.26706627306264,51.916734845498596,60.93647675180092,597,22,pooled_fixed_effects,Pooled
"Andueza, Axel",672847.0,DOW_EAS1,Splitter,L,70,12,32.44696194558822,1.1132940406024885,1511,25,14,Soft-Speed Separation,0,3.4059228125,7.895667499999999,81.67210989583333,900.0080111458333,5.1903375,6.0407461458333325,1.0045845833333331,50.26706627306264,51.916734845498596,60.93647675180092,598,23,pooled_fixed_effects,Pooled
"Gwin, Riley",1000429384.0,QUE_CAP,Changeup,R,27,17,38.64302957814327,6.221349050425671,1433,180,80,Soft-Speed Separation,0,13.006262307692309,-10.664403461538464,82.82483576923076,1783.840155,6.252548653846153,5.7063190384615385,-0.957646346153846,50.25862356456483,51.8859005603585,60.80550098231827,599,97,pitch_type_specific,Changeup
"Gwin, Riley",1000429384.0,QUE_CAP,Changeup,L,25,17,36.63812551729596,3.274394237066143,1478,186,103,Soft-Speed Separation,0,13.006262307692309,-10.664403461538464,82.82483576923076,1783.840155,6.252548653846153,5.7063190384615385,-0.957646346153846,50.25862356456483,51.8859005603585,60.80550098231827,600,98,pitch_type_specific,Changeup
"Belton, Hunter",10294453.0,MIS_MUD,Changeup,L,40,13,39.056580541964,7.007203667321546,1421,179,100,Soft-Speed Separation,0,11.38073381818182,13.899348000000002,80.96629854545455,2005.9941509090909,6.103409818181818,5.807629454545455,1.1127369090909092,50.25851352106758,51.88549866177667,60.70726915520629,601,99,pitch_type_specific,Changeup
"Ryan, Dillon",1000132418.0,NEW_ENG23,Sinker,R,100,55,51.13646248870904,59.65946299934512,617,66,33,Soft-Speed Separation,0,12.506852545454546,16.281647727272727,91.238502,2323.336629090909,6.320213363636364,4.789293045454545,1.7383554090909092,50.23876496166224,51.813373382079035,60.6090373280943,602,21,pitch_type_specific,Sinker
"Ryan, Dillon",1000132418.0,NEW_ENG23,Sinker,L,120,55,49.01822962600217,48.9849377865095,780,96,51,Soft-Speed Separation,0,12.506852545454546,16.281647727272727,91.238502,2323.336629090909,6.320213363636364,4.789293045454545,1.7383554090909092,50.23876496166224,51.813373382079035,60.6090373280943,603,22,pitch_type_specific,Sinker
"Kirby, Zach",813716.0,WAS_WIL3,Four-Seam,L,163,140,54.199043659560296,74.1977734119188,395,101,42,Soft-Speed Separation,0,20.23035471428572,7.237524942857143,87.8447874,2174.366733142857,6.123339457142857,6.287446685714285,1.7813043714285717,50.23851495184767,51.812460301411576,60.478061558611664,604,77,pitch_type_specific,Four-Seam
"Kirby, Zach",813716.0,WAS_WIL3,Four-Seam,R,187,140,49.642092967053216,51.604453176162416,740,214,121,Soft-Speed Separation,0,20.23035471428572,7.237524942857143,87.8447874,2174.366733142857,6.123339457142857,6.287446685714285,1.7813043714285717,50.23851495184767,51.812460301411576,60.478061558611664,605,78,pitch_type_specific,Four-Seam
"Milburn, Isaac",830926.0,FLO_Y'A,Curveball,R,104,20,44.2718598263957,22.069417157825804,1191,122,66,Tight High-Spin Breakers,1,-9.382739935064937,13.701664935064937,76.57027292207792,2577.7746941558444,4.961457662337662,5.803329610389611,-1.637973051948052,50.22515991901753,51.763685327071684,60.347085789129004,606,69,pitch_type_specific,Curveball
"Milburn, Isaac",830926.0,FLO_Y'A,Curveball,L,50,20,43.96760460948567,21.34905042567125,1202,123,57,Tight High-Spin Breakers,1,-9.382739935064937,13.701664935064937,76.57027292207792,2577.7746941558444,4.961457662337662,5.803329610389611,-1.637973051948052,50.22515991901753,51.763685327071684,60.347085789129004,607,70,pitch_type_specific,Curveball
"Duncan, Tanner",677365.0,DOW_EAS1,Four-Seam,R,105,61,45.163679842845525,27.111984282907663,1114,369,192,Soft-Speed Separation,0,16.082697,8.96344705263158,93.9776755263158,2290.1546357894736,5.870053631578947,6.000840368421053,2.4917825263157893,50.22287588318621,51.75534361870745,60.216110019646365,608,79,pitch_type_specific,Four-Seam
"Duncan, Tanner",677365.0,DOW_EAS1,Four-Seam,L,85,61,44.28398603153799,22.20039292730845,1189,398,191,Soft-Speed Separation,0,16.082697,8.96344705263158,93.9776755263158,2290.1546357894736,5.870053631578947,6.000840368421053,2.4917825263157893,50.22287588318621,51.75534361870745,60.216110019646365,609,80,pitch_type_specific,Four-Seam
"Nova, Fraynel",805843.0,LAK_ERI24,Curveball,L,25,13,42.25341716608395,15.389652914210872,1293,132,61,Tight High-Spin Breakers,1,-4.494085294117647,-6.4011917647058825,80.11299215686275,2301.1388333333334,5.607421568627451,5.832746862745098,1.4580796078431373,50.21387630433337,51.72247554318864,60.08513425016372,610,71,pitch_type_specific,Curveball
"Nova, Fraynel",805843.0,LAK_ERI24,Curveball,R,26,13,41.06173191851692,12.180746561886052,1342,142,77,Tight High-Spin Breakers,1,-4.494085294117647,-6.4011917647058825,80.11299215686275,2301.1388333333334,5.607421568627451,5.832746862745098,1.4580796078431373,50.21387630433337,51.72247554318864,60.08513425016372,611,72,pitch_type_specific,Curveball
"Balzan, Jackson",827496.0,SUS_COU1,Curveball,R,51,17,52.60020886648348,66.53569089718403,512,66,40,Tight High-Spin Breakers,1,-4.929426,4.88289425,76.17792887499999,2103.5845325,5.107533999999999,5.41982275,-1.230718375,50.21327839753308,51.72029188035437,59.95415848068107,612,73,pitch_type_specific,Curveball
"Balzan, Jackson",827496.0,SUS_COU1,Curveball,L,29,17,52.59398576137424,66.4702030124427,513,67,27,Tight High-Spin Breakers,1,-4.929426,4.88289425,76.17792887499999,2103.5845325,5.107533999999999,5.41982275,-1.230718375,50.21327839753308,51.72029188035437,59.95415848068107,613,74,pitch_type_specific,Curveball
"Forsyth, Braden",687732.0,MIS_MUD,Four-Seam,R,148,94,52.210355225153904,64.63654223968565,541,145,85,Soft-Speed Separation,0,19.257865287356324,9.831748275862068,90.43286877394635,2232.8849107279693,6.565712643678161,6.188167624521073,1.439456896551724,50.19313050329752,51.64670815825938,59.82318271119843,614,81,pitch_type_specific,Four-Seam
"Forsyth, Braden",687732.0,MIS_MUD,Four-Seam,L,113,94,47.512410659755446,40.86444007858546,904,282,127,Soft-Speed Separation,0,19.257865287356324,9.831748275862068,90.43286877394635,2232.8849107279693,6.565712643678161,6.188167624521073,1.439456896551724,50.19313050329752,51.64670815825938,59.82318271119843,615,82,pitch_type_specific,Four-Seam
"Givens-Craig, Hayden",1000146243.0,SUS_COU1,Changeup,R,35,18,38.53635388264211,6.024885396201703,1436,181,81,Soft-Speed Separation,0,7.942773176470588,11.560001176470587,80.61832494117647,1665.6105011764705,5.7972447058823535,5.515812352941176,0.8573101176470588,50.19042642449637,51.63683237765918,59.69220694171579,616,100,pitch_type_specific,Changeup
"Givens-Craig, Hayden",1000146243.0,SUS_COU1,Changeup,L,50,18,36.88448961682301,3.536345776031434,1474,185,102,Soft-Speed Separation,0,7.942773176470588,11.560001176470587,80.61832494117647,1665.6105011764705,5.7972447058823535,5.515812352941176,0.8573101176470588,50.19042642449637,51.63683237765918,59.69220694171579,617,101,pitch_type_specific,Changeup
"Peyton, Blake",1000017005.0,GAT_GRI,Four-Seam,L,59,62,51.94216791153848,63.654223968565816,556,151,63,Soft-Speed Separation,0,18.302874316239315,-13.394760512820511,89.28088867521367,2257.519785042736,5.921218803418803,6.292811923076924,-1.953733931623932,50.187172547656616,51.62494863604785,59.56123117223314,618,83,pitch_type_specific,Four-Seam
"Peyton, Blake",1000017005.0,GAT_GRI,Four-Seam,R,175,62,48.16687593626182,44.531761624099545,848,264,144,Soft-Speed Separation,0,18.302874316239315,-13.394760512820511,89.28088867521367,2257.519785042736,5.921218803418803,6.292811923076924,-1.953733931623932,50.187172547656616,51.62494863604785,59.56123117223314,619,84,pitch_type_specific,Four-Seam
"Delaney, Carter",1000039247.0,WIN_CIT29,Curveball,R,47,13,46.56433158095102,35.297969875573024,989,103,57,Tight High-Spin Breakers,1,-5.450293521126761,-7.6348836619718305,79.87092042253522,2296.386816901409,5.55717014084507,5.7078333802816905,1.7014102816901409,50.179375173838956,51.596471228862704,59.46299934512115,620,75,pitch_type_specific,Curveball
"Salata, Derek",1000057774.0,SCH_BOO,Cutter,R,72,44,40.78992445335602,11.132940406024886,1358,61,32,Soft-Speed Separation,0,11.58820654676259,0.1920905035971223,87.59140697841727,2345.568151079137,5.833555539568346,6.308154316546762,1.0746563309352517,50.17249802132299,51.57135463485922,59.36476751800917,621,25,pitch_type_specific,Cutter
"Salata, Derek",1000057774.0,SCH_BOO,Cutter,L,67,44,38.43030336892173,5.828421741977734,1439,64,31,Soft-Speed Separation,0,11.58820654676259,0.1920905035971223,87.59140697841727,2345.568151079137,5.833555539568346,6.308154316546762,1.0746563309352517,50.17249802132299,51.57135463485922,59.36476751800917,622,26,pitch_type_specific,Cutter
"Drakeford, Dosie",836144.0,NEW_JER6,Changeup,L,66,15,61.29097816255215,93.05828421741975,107,16,10,Soft-Speed Separation,0,9.920160476190476,14.791810357142856,81.03244654761905,1849.503775,6.110769523809523,5.756659404761905,1.1500441666666663,50.171916485347595,51.56923076121261,59.26653569089718,623,102,pitch_type_specific,Changeup
"Campbell, AJ",1000132168.0,WIN_CIT29,Curveball,R,39,11,49.78172963525434,52.19384413883431,731,88,50,Tight High-Spin Breakers,1,-0.2747720967741936,-15.770380806451612,75.61989612903227,2588.8270629032254,4.812345806451613,5.976685161290323,1.714256129032258,50.15970951660489,51.5246487227582,59.20104780615586,624,76,pitch_type_specific,Curveball
"Lovell, Justin",822485.0,WIN_CIT29,Sinker,L,77,36,56.50393697044073,81.79436804191225,279,18,9,Soft-Speed Separation,0,12.337392093023256,-14.872917906976744,93.1404872868217,2238.687412403101,6.268496511627907,5.172895813953489,-2.762641240310077,50.15199700326841,51.4964812412651,59.102815979043875,625,23,pitch_type_specific,Sinker
"Lovell, Justin",822485.0,WIN_CIT29,Sinker,R,52,36,55.12867207936923,77.53765553372625,344,24,13,Soft-Speed Separation,0,12.337392093023256,-14.872917906976744,93.1404872868217,2238.687412403101,6.268496511627907,5.172895813953489,-2.762641240310077,50.15199700326841,51.4964812412651,59.102815979043875,626,24,pitch_type_specific,Sinker
"Sakurai, Masatoshi",1000429128.0,QUE_CAP,Curveball,L,105,54,43.27877996133247,18.467583497053045,1246,127,58,Tight High-Spin Breakers,1,-4.371597344632768,5.352649943502825,78.39986915254238,2454.705952542373,5.595754576271187,5.762874576271186,-1.7510449717514125,50.150161984841354,51.48977942496622,58.971840209561236,627,77,pitch_type_specific,Curveball
"Sakurai, Masatoshi",1000429128.0,QUE_CAP,Curveball,R,72,54,41.87604627694413,14.341846758349703,1309,133,72,Tight High-Spin Breakers,1,-4.371597344632768,5.352649943502825,78.39986915254238,2454.705952542373,5.595754576271187,5.762874576271186,-1.7510449717514125,50.150161984841354,51.48977942496622,58.971840209561236,628,78,pitch_type_specific,Curveball
"Peters, Garrett",833402.0,NEW_YOR13,Sinker,R,41,20,38.63659872896226,6.155861165684348,1434,231,121,Soft-Speed Separation,0,17.400925806451614,-15.90161241935484,85.88271596774194,2199.3791967741936,5.890389354838709,5.741472258064515,-2.5672580645161287,50.149192379344186,51.48623825184852,58.87360838244925,629,25,pitch_type_specific,Sinker
"Brouwer, Adam",10998502.0,LAK_ERI24,Curveball,R,42,18,45.44665952811755,28.487229862475445,1093,113,62,Tight High-Spin Breakers,1,-8.88907876923077,-6.494497846153847,78.07155738461539,2356.500563076923,5.329540923076923,5.763518923076924,1.884002923076923,50.14627043194711,51.47556677607398,58.808120497707925,630,79,pitch_type_specific,Curveball
"Simpson, Garret",1000073158.0,EVA_OTT,Curveball,R,55,24,59.78159360013791,90.43876882776686,147,23,18,Tight High-Spin Breakers,1,-11.84519475,-13.0264755,76.35718608333333,2637.36689,5.127993916666667,5.474878333333334,1.9396053333333327,50.142552062583256,51.46198662448508,58.709888670595944,631,80,pitch_type_specific,Curveball
"Simpson, Garret",1000073158.0,EVA_OTT,Curveball,L,65,24,51.80955542270784,62.80288146692862,569,72,30,Tight High-Spin Breakers,1,-11.84519475,-13.0264755,76.35718608333333,2637.36689,5.127993916666667,5.474878333333334,1.9396053333333327,50.142552062583256,51.46198662448508,58.709888670595944,632,81,pitch_type_specific,Curveball
"Almanzar, Elian",687038.0,DOW_EAS1,Four-Seam,R,65,23,56.45636382583265,81.53241650294696,283,62,36,Soft-Speed Separation,0,15.980507755102042,3.676556802721088,95.13262544217687,2279.442606802721,6.178857823129252,6.750843741496598,0.8258653741496599,50.140629833282816,51.454966298440446,58.57891290111329,633,85,pitch_type_specific,Four-Seam
"Almanzar, Elian",687038.0,DOW_EAS1,Four-Seam,L,82,23,55.73788957973321,79.50229207596594,314,72,31,Soft-Speed Separation,0,15.980507755102042,3.676556802721088,95.13262544217687,2279.442606802721,6.178857823129252,6.750843741496598,0.8258653741496599,50.140629833282816,51.454966298440446,58.57891290111329,634,86,pitch_type_specific,Four-Seam
"Woolfolk, Dallas",663762.0,MIS_MUD,Slider,R,39,16,55.438167537654415,78.32351015062213,332,117,83,Tight High-Spin Breakers,1,0.3587543283582089,-1.3373849253731342,82.34108925373134,2297.090532835821,5.172239253731344,6.08351,1.7023367164179106,50.13937011522561,51.45036558223875,58.447937131630646,635,292,pitch_type_specific,Slider
"Woolfolk, Dallas",663762.0,MIS_MUD,Slider,L,28,16,46.64370401139172,35.88736083824492,980,245,98,Tight High-Spin Breakers,1,0.3587543283582089,-1.3373849253731342,82.34108925373134,2297.090532835821,5.172239253731344,6.08351,1.7023367164179106,50.13937011522561,51.45036558223875,58.447937131630646,636,293,pitch_type_specific,Slider
"MacMillan, Blake",832350.0,TRO_AIG,Slider,L,63,13,62.37413683512452,94.5645055664702,84,42,10,Tight High-Spin Breakers,1,6.1149082075471695,-0.0698390566037735,79.54726490566038,1929.8194576415087,5.316648679245283,6.631344716981133,-0.4232871698113207,50.1349311850731,51.434153813459226,58.316961362148,637,294,pitch_type_specific,Slider
"MacMillan, Blake",832350.0,TRO_AIG,Slider,R,43,13,61.307947898592914,93.1237721021611,106,49,39,Tight High-Spin Breakers,1,6.1149082075471695,-0.0698390566037735,79.54726490566038,1929.8194576415087,5.316648679245283,6.631344716981133,-0.4232871698113207,50.1349311850731,51.434153813459226,58.316961362148,638,295,pitch_type_specific,Slider
"Puccetti, Dominic",1000266076.0,OTT_TIT,Curveball,R,63,35,51.90178730179514,63.45776031434185,559,69,42,Tight High-Spin Breakers,1,-13.460224534883722,9.804821744186048,73.65393488372094,2683.9096802325585,5.269964825581395,6.773948662790698,-1.0117101162790698,50.13488768763988,51.43399495303439,58.185985592665354,639,82,pitch_type_specific,Curveball
"Puccetti, Dominic",1000266076.0,OTT_TIT,Curveball,L,109,35,50.82691917079049,57.95677799607073,643,77,33,Tight High-Spin Breakers,1,-13.460224534883722,9.804821744186048,73.65393488372094,2683.9096802325585,5.269964825581395,6.773948662790698,-1.0117101162790698,50.13488768763988,51.43399495303439,58.185985592665354,640,83,pitch_type_specific,Curveball
"Martinez, Gregory",1000051547.0,DOW_EAS1,Four-Seam,R,30,19,54.27375343074021,74.39423706614276,392,99,58,Soft-Speed Separation,0,16.329054939759036,13.587929759036143,94.81749578313251,2314.95593373494,5.569577349397591,5.952720240963855,2.020861204819277,50.130009782389195,51.41617996849181,58.055009823182715,641,87,pitch_type_specific,Four-Seam
"Martinez, Gregory",1000051547.0,DOW_EAS1,Four-Seam,L,53,19,49.59096443353201,51.40798952193845,743,215,94,Soft-Speed Separation,0,16.329054939759036,13.587929759036143,94.81749578313251,2314.95593373494,5.569577349397591,5.952720240963855,2.020861204819277,50.130009782389195,51.41617996849181,58.055009823182715,642,88,pitch_type_specific,Four-Seam
"Willeman, Landon",812254.0,EVA_OTT,Four-Seam,R,261,169,46.56490826740634,35.36345776031434,988,318,170,Soft-Speed Separation,0,18.50262634057971,12.550338206521738,90.80830702898552,2204.234270833333,5.837341322463768,5.630395380434782,1.9192104347826089,50.11498781035996,51.36131703332877,57.92403405370007,643,89,pitch_type_specific,Four-Seam
"Willeman, Landon",812254.0,EVA_OTT,Four-Seam,L,291,169,43.634343862682,19.842829076620824,1225,411,197,Soft-Speed Separation,0,18.50262634057971,12.550338206521738,90.80830702898552,2204.234270833333,5.837341322463768,5.630395380434782,1.9192104347826089,50.11498781035996,51.36131703332877,57.92403405370007,644,90,pitch_type_specific,Four-Seam
"Tiburcio, David",696010.0,DOW_EAS1,Slider,R,52,15,44.887145514512646,25.08185985592665,1145,274,159,Tight High-Spin Breakers,1,6.270839550561798,0.9102202247191012,86.32022629213483,2340.9145651685394,5.408778426966292,6.064968314606742,1.499307640449438,50.110885373651186,51.34633419893617,57.79305828421742,645,296,pitch_type_specific,Slider
"Tiburcio, David",696010.0,DOW_EAS1,Slider,L,37,15,35.77806253426761,2.554027504911592,1489,321,144,Tight High-Spin Breakers,1,6.270839550561798,0.9102202247191012,86.32022629213483,2340.9145651685394,5.408778426966292,6.064968314606742,1.499307640449438,50.110885373651186,51.34633419893617,57.79305828421742,646,297,pitch_type_specific,Slider
"Bohnert, Matthew",810066.0,WIN_CIT29,Four-Seam,L,151,94,43.98019646327998,21.41453831041257,1201,405,193,Soft-Speed Separation,0,16.86665425,-8.675122,91.62146009375,2141.0463590625,5.225547875,5.4387854375,-1.87086934375,50.10842322269738,51.33734198221008,57.66208251473477,647,91,pitch_type_specific,Four-Seam
"Bohnert, Matthew",810066.0,WIN_CIT29,Four-Seam,R,169,94,43.57896156902166,19.44990176817289,1231,415,218,Soft-Speed Separation,0,16.86665425,-8.675122,91.62146009375,2141.0463590625,5.225547875,5.4387854375,-1.87086934375,50.10842322269738,51.33734198221008,57.66208251473477,648,92,pitch_type_specific,Four-Seam
"Hensey, Rob",802996.0,SUS_COU1,Four-Seam,R,143,60,56.78460878114044,82.58022265880813,267,55,31,Soft-Speed Separation,0,16.45653191780822,-13.9438897260274,92.14390885844747,2201.143293607306,6.204618447488584,5.7880892694063935,-2.454290913242009,50.09678762704978,51.29484670074133,57.531106745252124,649,93,pitch_type_specific,Four-Seam
"Hensey, Rob",802996.0,SUS_COU1,Four-Seam,L,76,60,55.26481174960489,77.99607072691552,337,81,34,Soft-Speed Separation,0,16.45653191780822,-13.9438897260274,92.14390885844747,2201.143293607306,6.204618447488584,5.7880892694063935,-2.454290913242009,50.09678762704978,51.29484670074133,57.531106745252124,650,94,pitch_type_specific,Four-Seam
"Fauci, Sonny",688649.0,NEW_JER6,Four-Seam,R,140,89,50.92972411915271,58.4806810740013,635,179,101,Soft-Speed Separation,0,17.011602066420664,12.75530959409594,93.81315450184502,2214.6101169741696,6.451408671586716,5.926239114391144,1.917498671586716,50.088515075277435,51.2646338584703,57.40013097576948,651,95,pitch_type_specific,Four-Seam
"Fauci, Sonny",688649.0,NEW_JER6,Four-Seam,L,131,89,48.649823372043286,47.21676489849378,807,244,110,Soft-Speed Separation,0,17.011602066420664,12.75530959409594,93.81315450184502,2214.6101169741696,6.451408671586716,5.926239114391144,1.917498671586716,50.088515075277435,51.2646338584703,57.40013097576948,652,96,pitch_type_specific,Four-Seam
"Esposito, Michael",1000059095.0,NEW_ENG23,Four-Seam,L,74,39,47.55961144078335,41.2573673870334,898,281,126,Soft-Speed Separation,0,16.902299136690647,-11.462986402877698,90.49175928057554,2082.693461870504,6.328109424460432,4.930988489208634,-1.69065654676259,50.08586879501535,51.25496916849754,57.26915520628684,653,97,pitch_type_specific,Four-Seam
"Esposito, Michael",1000059095.0,NEW_ENG23,Four-Seam,R,65,39,43.61100722026867,19.71185330713818,1227,412,215,Soft-Speed Separation,0,16.902299136690647,-11.462986402877698,90.49175928057554,2082.693461870504,6.328109424460432,4.930988489208634,-1.69065654676259,50.08586879501535,51.25496916849754,57.26915520628684,654,98,pitch_type_specific,Four-Seam
"Lefebvre, Charles",1000429097.0,TRO_AIG,Curveball,R,52,24,58.56455353788634,87.0988867059594,198,30,20,Tight High-Spin Breakers,1,-9.320535656565657,-8.66928494949495,77.64983181818182,2466.672165656566,6.111531313131313,6.453230505050505,0.9113836363636364,50.08456396990553,51.2502037132524,57.138179436804194,655,84,pitch_type_specific,Curveball
"Lefebvre, Charles",1000429097.0,TRO_AIG,Curveball,L,47,24,53.08160865295868,68.95874263261297,475,61,25,Tight High-Spin Breakers,1,-9.320535656565657,-8.66928494949495,77.64983181818182,2466.672165656566,6.111531313131313,6.453230505050505,0.9113836363636364,50.08456396990553,51.2502037132524,57.138179436804194,656,85,pitch_type_specific,Curveball
"Thebiay, Nolan",1000338675.0,EVA_OTT,Changeup,L,81,24,53.332321067541066,70.13752455795678,457,63,39,Soft-Speed Separation,0,4.899414247787611,16.149574513274338,83.03740796460177,1929.1899168141592,6.3771702654867255,5.364623982300885,1.8931569911504424,50.082077086574905,51.241121169451844,57.00720366732155,657,103,pitch_type_specific,Changeup
"Thebiay, Nolan",1000338675.0,EVA_OTT,Changeup,R,32,24,47.96094582235772,42.76358873608383,875,113,49,Soft-Speed Separation,0,4.899414247787611,16.149574513274338,83.03740796460177,1929.1899168141592,6.3771702654867255,5.364623982300885,1.8931569911504424,50.082077086574905,51.241121169451844,57.00720366732155,658,104,pitch_type_specific,Changeup
"Villers, Ian",677351.0,QUE_CAP,Four-Seam,L,76,55,43.74200180395881,20.43222003929273,1216,408,196,Soft-Speed Separation,0,17.931941543209877,11.87072598765432,93.3564150617284,2260.9952783950616,6.109241111111111,6.587013641975308,1.082642901234568,50.07070338303117,51.19958236490147,56.8762278978389,659,99,pitch_type_specific,Four-Seam
"Villers, Ian",677351.0,QUE_CAP,Four-Seam,R,86,55,43.26880183404462,18.40209561231172,1247,421,220,Soft-Speed Separation,0,17.931941543209877,11.87072598765432,93.3564150617284,2260.9952783950616,6.109241111111111,6.587013641975308,1.082642901234568,50.07070338303117,51.19958236490147,56.8762278978389,660,100,pitch_type_specific,Four-Seam
"Castro, Alexander",669418.0,TRO_AIG,Slider,R,71,26,57.33678755567404,84.41388343156517,239,94,69,Tight High-Spin Breakers,1,0.568655634920635,-4.801431507936508,83.51474071428572,2510.2282904761905,4.832875158730158,5.883205396825397,2.3388390476190475,50.05289514701586,51.13454349410773,56.74525212835625,661,298,pitch_type_specific,Slider
"Castro, Alexander",669418.0,TRO_AIG,Slider,L,55,26,49.57870484337448,51.34250163719712,744,207,80,Tight High-Spin Breakers,1,0.568655634920635,-4.801431507936508,83.51474071428572,2510.2282904761905,4.832875158730158,5.883205396825397,2.3388390476190475,50.05289514701586,51.13454349410773,56.74525212835625,662,299,pitch_type_specific,Slider
"Peters, Garrett",833402.0,NEW_YOR13,Curveball,L,121,43,53.74858005051795,72.36411263916176,423,55,22,Tight High-Spin Breakers,1,0.7923319745222931,-0.4887290445859872,75.95071987261147,2042.7582974522293,5.724945477707006,5.601190891719745,-2.610942675159236,50.05271609827234,51.13388957599448,56.6142763588736,663,86,pitch_type_specific,Curveball
"Peters, Garrett",833402.0,NEW_YOR13,Curveball,R,36,43,50.81866923340174,57.69482645710543,647,78,45,Tight High-Spin Breakers,1,0.7923319745222931,-0.4887290445859872,75.95071987261147,2042.7582974522293,5.724945477707006,5.601190891719745,-2.610942675159236,50.05271609827234,51.13388957599448,56.6142763588736,664,87,pitch_type_specific,Curveball
"Gollert, Harley",1000114236.0,TRO_AIG,Changeup,R,117,52,54.84783211842073,76.68631303208906,357,48,20,Tight High-Spin Breakers,1,9.799947573964497,-13.59384224852071,79.6092875739645,1544.3988781065088,5.268721242603551,5.453532840236687,-1.919059349112426,50.0444261006654,51.1036130184076,56.483300589390964,665,105,pitch_type_specific,Changeup
"Gollert, Harley",1000114236.0,TRO_AIG,Changeup,L,52,52,51.03880483798479,58.808120497707925,630,87,50,Tight High-Spin Breakers,1,9.799947573964497,-13.59384224852071,79.6092875739645,1544.3988781065088,5.268721242603551,5.453532840236687,-1.919059349112426,50.0444261006654,51.1036130184076,56.483300589390964,666,106,pitch_type_specific,Changeup
"Morrissey, Joe",1000570088.0,EVA_OTT,Four-Seam,R,79,47,40.57736975901775,10.412573673870334,1369,457,238,Soft-Speed Separation,0,19.38120900662252,11.193179337748346,89.47788072847682,2355.144841059602,5.758118013245033,5.7920659602649005,1.167788344370861,50.04093397278567,51.09085914128191,56.35232481990832,667,101,pitch_type_specific,Four-Seam
"Morrissey, Joe",1000570088.0,EVA_OTT,Four-Seam,L,72,47,39.46261966177048,7.662082514734774,1411,470,228,Soft-Speed Separation,0,19.38120900662252,11.193179337748346,89.47788072847682,2355.144841059602,5.758118013245033,5.7920659602649005,1.167788344370861,50.04093397278567,51.09085914128191,56.35232481990832,668,102,pitch_type_specific,Four-Seam
"Almonte, Lisandro",1000570068.0,NEW_JER6,Slider,R,33,12,51.99658373569064,63.98166339227242,551,165,106,Tight High-Spin Breakers,1,3.564002631578948,-0.8904038596491228,85.66421561403509,2194.2772754385965,5.447710877192982,5.772345087719298,1.762949649122807,50.02616440728293,51.03691804000794,56.25409299279633,669,300,pitch_type_specific,Slider
"Smith, Ben",814168.0,NEW_ENG23,Changeup,R,43,15,66.67372238971546,97.83889980353636,34,7,3,Tight High-Spin Breakers,1,4.383045357142857,-14.12056375,82.61387839285715,1591.4512589285714,6.117353928571428,4.698689107142857,-1.7241173214285717,50.02595633704003,51.03615813017564,56.188605108055015,670,107,pitch_type_specific,Changeup
"Cameron, Zach",1000084075.0,WIN_CIT29,Changeup,L,135,48,56.704906888907146,82.18729535036017,273,34,21,Soft-Speed Separation,0,7.41261131707317,21.10468985365853,80.32791717073171,2121.293042926829,5.549480731707317,5.0391459512195125,1.7319148780487803,50.02524475567299,51.03355930744272,56.09037328094303,671,108,pitch_type_specific,Changeup
"Cameron, Zach",1000084075.0,WIN_CIT29,Changeup,R,70,48,51.39777183652914,60.83824492468894,599,85,37,Soft-Speed Separation,0,7.41261131707317,21.10468985365853,80.32791717073171,2121.293042926829,5.549480731707317,5.0391459512195125,1.7319148780487803,50.02524475567299,51.03355930744272,56.09037328094303,672,109,pitch_type_specific,Changeup
"Balzan, Jackson",827496.0,SUS_COU1,Four-Seam,R,181,107,48.05951726931156,43.811394891944985,859,268,148,Soft-Speed Separation,0,18.60295708053691,-12.10145667785235,86.32953288590603,2251.13773557047,5.446288859060402,5.441871912751678,-0.9767301006711409,50.01414778329843,50.993031174737695,55.95939751146039,673,103,pitch_type_specific,Four-Seam
"Balzan, Jackson",827496.0,SUS_COU1,Four-Seam,L,117,107,46.358229713002025,33.988212180746565,1009,328,153,Soft-Speed Separation,0,18.60295708053691,-12.10145667785235,86.32953288590603,2251.13773557047,5.446288859060402,5.441871912751678,-0.9767301006711409,50.01414778329843,50.993031174737695,55.95939751146039,674,104,pitch_type_specific,Four-Seam
"Gartland, Chad",1000103698.0,TRI_VAL,Changeup,L,44,23,57.3587925748954,84.5448592010478,237,31,19,Soft-Speed Separation,0,8.342544807692308,14.364826538461536,84.04985653846153,1716.082196153846,6.014553076923077,5.11060076923077,2.095716730769231,50.012733387775285,50.987865548698046,55.86116568434839,675,110,pitch_type_specific,Changeup
"Allemann, Braeden",1000367619.0,QUE_CAP,Sinker,L,40,25,53.577935598575166,71.18533071381793,441,39,19,Soft-Speed Separation,0,15.366318,16.019268,90.44257923076924,2303.824883076923,6.136031384615385,5.132005692307692,1.7786756923076923,50.0124432738944,50.98680600079009,55.762933857236405,676,26,pitch_type_specific,Sinker
"Allemann, Braeden",1000367619.0,QUE_CAP,Sinker,R,25,25,51.67937508524421,62.27897838899804,577,59,28,Soft-Speed Separation,0,15.366318,16.019268,90.44257923076924,2303.824883076923,6.136031384615385,5.132005692307692,1.7786756923076923,50.0124432738944,50.98680600079009,55.762933857236405,677,27,pitch_type_specific,Sinker
"Hill, Kaleb",1000371973.0,OTT_TIT,Slider,L,48,29,52.71975633735401,67.45252128356253,498,152,52,Tight High-Spin Breakers,1,0.5993983870967742,9.234748838709676,78.89091483870968,2253.2792423870965,5.242831935483872,6.17692735483871,-3.040954967741936,50.011459922912266,50.98321462669684,55.631958087753766,678,301,pitch_type_specific,Slider
"Hill, Kaleb",1000371973.0,OTT_TIT,Slider,R,107,29,49.31434319175787,50.09823182711198,763,213,130,Tight High-Spin Breakers,1,0.5993983870967742,9.234748838709676,78.89091483870968,2253.2792423870965,5.242831935483872,6.17692735483871,-3.040954967741936,50.011459922912266,50.98321462669684,55.631958087753766,679,302,pitch_type_specific,Slider
"Wiltse, Ryan",813813.0,EVA_OTT,Curveball,R,40,17,60.44902014156993,91.94499017681729,124,16,13,Tight High-Spin Breakers,1,-12.731881832061068,-4.256703129770992,74.31470312977099,1922.6325603053435,5.845187709923664,6.389635877862595,1.1970964122137404,50.00532055217297,50.96079254401978,55.50098231827112,680,88,pitch_type_specific,Curveball
"Wiltse, Ryan",813813.0,EVA_OTT,Curveball,L,91,17,56.20692283184934,80.94302554027504,292,42,16,Tight High-Spin Breakers,1,-12.731881832061068,-4.256703129770992,74.31470312977099,1922.6325603053435,5.845187709923664,6.389635877862595,1.1970964122137404,50.00532055217297,50.96079254401978,55.50098231827112,681,89,pitch_type_specific,Curveball
"Anibal, Trevor",822669.0,NEW_ENG23,Four-Seam,R,115,83,44.9899399656427,25.605762933857235,1137,377,195,Soft-Speed Separation,0,18.972217882882884,12.216111351351351,90.40368225225224,2255.6886121621624,5.848880045045045,5.534588783783783,0.945957927927928,49.99298282585879,50.91573295547062,55.370006548788474,682,105,pitch_type_specific,Four-Seam
"Anibal, Trevor",822669.0,NEW_ENG23,Four-Seam,L,107,83,44.28124513253992,22.134905042567123,1190,399,192,Soft-Speed Separation,0,18.972217882882884,12.216111351351351,90.40368225225224,2255.6886121621624,5.848880045045045,5.534588783783783,0.945957927927928,49.99298282585879,50.91573295547062,55.370006548788474,683,106,pitch_type_specific,Four-Seam
"Zaffiro, Cole",10994263.0,SCH_BOO,Changeup,L,44,13,44.61488604114263,24.09954158480681,1160,152,87,Soft-Speed Separation,0,4.5008981355932205,16.036507966101695,80.33760033898305,1756.301879661017,5.901715762711865,5.630697288135593,1.215428813559322,49.985860146642004,50.88971965393489,55.27177472167649,684,111,pitch_type_specific,Changeup
"Scafidi, Christian",690280.0,LAK_ERI24,Curveball,R,35,12,56.99958384194422,83.43156516044532,254,38,25,Tight High-Spin Breakers,1,-6.792727627118644,-2.8919640677966103,77.66337101694916,2246.0230084745763,5.811167966101695,6.416041355932204,1.0769918644067795,49.97200804494185,50.83912929496148,55.20628683693517,685,90,pitch_type_specific,Curveball
"Willeman, Landon",812254.0,EVA_OTT,Changeup,L,127,57,60.53338773349521,92.07596594629992,122,19,12,Soft-Speed Separation,0,6.19820374301676,14.51529430167598,83.98866418994413,1696.166151396648,6.234432625698324,5.368005921787709,2.078387597765363,49.95603848623132,50.78080560334407,55.10805500982319,686,112,pitch_type_specific,Changeup
"Willeman, Landon",812254.0,EVA_OTT,Changeup,R,52,57,55.641579393895455,78.91290111329404,323,42,17,Soft-Speed Separation,0,6.19820374301676,14.51529430167598,83.98866418994413,1696.166151396648,6.234432625698324,5.368005921787709,2.078387597765363,49.95603848623132,50.78080560334407,55.10805500982319,687,113,pitch_type_specific,Changeup
"Long, Jalon",809215.0,NEW_YOR13,Changeup,L,99,31,47.83924391551784,42.37066142763589,881,116,65,Soft-Speed Separation,0,5.702421315789473,14.019277719298248,82.15291324561403,1527.8762245614034,6.095090877192983,5.788635964912281,1.573982543859649,49.9549142826418,50.77669981027497,55.0098231827112,688,114,pitch_type_specific,Changeup
"Gamelin, Shaun",815222.0,JOL_SLA,Slider,R,43,15,58.88551433819926,87.95022920759659,185,80,61,Tight High-Spin Breakers,1,2.7640317333333333,-1.1818317333333337,81.89625666666667,2296.522344,4.829051733333333,5.715451866666666,1.9002454666666664,49.95469934174117,50.775914807568775,54.91159135559921,689,303,pitch_type_specific,Slider
"Gamelin, Shaun",815222.0,JOL_SLA,Slider,L,32,15,47.14416021124647,38.37590045841519,942,241,95,Tight High-Spin Breakers,1,2.7640317333333333,-1.1818317333333337,81.89625666666667,2296.522344,4.829051733333333,5.715451866666666,1.9002454666666664,49.95469934174117,50.775914807568775,54.91159135559921,690,304,pitch_type_specific,Slider
"Garcia, Brett",702286.0,OTT_TIT,Four-Seam,R,153,77,59.21024051475112,88.99803536345776,169,29,18,Soft-Speed Separation,0,17.07769523255814,6.386929689922481,91.82874213178296,2365.455398062016,6.143630465116279,6.009817596899225,1.2852045348837209,49.925560203984496,50.66949345208093,54.78061558611657,691,107,pitch_type_specific,Four-Seam
"Garcia, Brett",702286.0,OTT_TIT,Four-Seam,L,105,77,57.59222369131838,85.33071381794369,225,39,17,Soft-Speed Separation,0,17.07769523255814,6.386929689922481,91.82874213178296,2365.455398062016,6.143630465116279,6.009817596899225,1.2852045348837209,49.925560203984496,50.66949345208093,54.78061558611657,692,108,pitch_type_specific,Four-Seam
"Serrano, Elio",665939.0,NEW_JER6,Four-Seam,R,190,158,50.32643749256467,55.0098231827112,688,198,112,Soft-Speed Separation,0,17.449377634660422,10.843904660421543,91.28625896955504,2446.8252358313816,5.724423583138173,5.738885245901639,1.7805449882903983,49.90913007402448,50.60948767168389,54.64963981663392,693,109,pitch_type_specific,Four-Seam
"Serrano, Elio",665939.0,NEW_JER6,Four-Seam,L,237,158,48.17110150099639,44.66273739358218,846,262,119,Soft-Speed Separation,0,17.449377634660422,10.843904660421543,91.28625896955504,2446.8252358313816,5.724423583138173,5.738885245901639,1.7805449882903983,49.90913007402448,50.60948767168389,54.64963981663392,694,110,pitch_type_specific,Four-Seam
"Helt, Robert",836007.0,LAK_ERI24,Curveball,R,69,32,52.33661471744626,65.6188605108055,526,68,41,Tight High-Spin Breakers,1,-5.727428301886793,-5.925793899371069,78.89730157232704,2380.128427044025,5.7718915723270445,6.379343459119497,1.8742977987421383,49.907070201123375,50.601964646531286,54.518664047151276,695,91,pitch_type_specific,Curveball
"Helt, Robert",836007.0,LAK_ERI24,Curveball,L,90,32,50.117538241915206,53.76555337262607,707,84,37,Tight High-Spin Breakers,1,-5.727428301886793,-5.925793899371069,78.89730157232704,2380.128427044025,5.7718915723270445,6.379343459119497,1.8742977987421383,49.907070201123375,50.601964646531286,54.518664047151276,696,92,pitch_type_specific,Curveball
"Odonnell, Brendan",1000423478.0,NEW_ENG23,Sinker,R,54,14,51.59914757687169,61.95153896529142,582,60,29,Soft-Speed Separation,0,8.114806153846153,-11.62464989010989,90.22159054945055,2351.114349450549,6.946393076923076,5.530329999999999,-1.8012951648351647,49.906139483706205,50.598565499654036,54.38768827766863,697,28,pitch_type_specific,Sinker
"Odonnell, Brendan",1000423478.0,NEW_ENG23,Sinker,L,37,14,50.61057183380324,56.64702030124427,663,75,39,Soft-Speed Separation,0,8.114806153846153,-11.62464989010989,90.22159054945055,2351.114349450549,6.946393076923076,5.530329999999999,-1.8012951648351647,49.906139483706205,50.598565499654036,54.38768827766863,698,29,pitch_type_specific,Sinker
"Andueza, Axel",672847.0,DOW_EAS1,Slider,R,46,31,43.575826970497786,19.384413883431563,1232,285,164,Tight High-Spin Breakers,1,-0.5849248275862069,-1.4604775862068966,80.74353560344828,2073.212755689656,5.223946724137931,6.0172425,1.0128375,49.90565642847374,50.596801295337364,54.25671250818599,699,305,pitch_type_specific,Slider
"Andueza, Axel",672847.0,DOW_EAS1,Slider,L,70,31,37.94383951374373,4.780615586116569,1455,318,142,Tight High-Spin Breakers,1,-0.5849248275862069,-1.4604775862068966,80.74353560344828,2073.212755689656,5.223946724137931,6.0172425,1.0128375,49.90565642847374,50.596801295337364,54.25671250818599,700,306,pitch_type_specific,Slider
"Shears, Tanner",808632.0,SCH_BOO,Four-Seam,R,126,39,60.06110030537791,91.35559921414536,133,19,13,Soft-Speed Separation,0,16.83966917808219,12.356700730593609,92.25159310502283,2036.1371251141552,5.183134220183487,5.8173699086758,2.454198310502283,49.90369546951125,50.58963952162302,54.125736738703345,701,111,pitch_type_specific,Four-Seam
"Shears, Tanner",808632.0,SCH_BOO,Four-Seam,L,93,39,58.3795961545578,86.70595939751145,204,36,15,Soft-Speed Separation,0,16.83966917808219,12.356700730593609,92.25159310502283,2036.1371251141552,5.183134220183487,5.8173699086758,2.454198310502283,49.90369546951125,50.58963952162302,54.125736738703345,702,112,pitch_type_specific,Four-Seam
"Hargrove, Dawson",1000471986.0,LAK_ERI24,Four-Seam,R,80,44,55.578842627676735,78.65094957432875,327,77,44,Soft-Speed Separation,0,19.621143445378152,7.611672100840336,89.7154068067227,1991.274605882353,5.481440756302521,6.657931008403361,0.2462763025210084,49.901168409899654,50.580410246841105,53.99476096922069,703,113,pitch_type_specific,Four-Seam
"Hargrove, Dawson",1000471986.0,LAK_ERI24,Four-Seam,L,39,44,49.22988468629525,49.63981663392272,770,229,104,Soft-Speed Separation,0,19.621143445378152,7.611672100840336,89.7154068067227,1991.274605882353,5.481440756302521,6.657931008403361,0.2462763025210084,49.901168409899654,50.580410246841105,53.99476096922069,704,114,pitch_type_specific,Four-Seam
"Barker, Alex",1000106691.0,NEW_YOR13,Curveball,L,33,28,44.38306733528717,22.65880812049771,1182,121,56,Tight High-Spin Breakers,1,-5.587335222222222,10.110531777777778,76.32830244444445,2256.09668,5.753645666666667,6.110964222222222,-2.260175888888889,49.896397127979284,50.562984669817496,53.86378519973805,705,93,pitch_type_specific,Curveball
"Barker, Alex",1000106691.0,NEW_YOR13,Curveball,R,57,28,41.07984281006839,12.311722331368696,1340,141,76,Tight High-Spin Breakers,1,-5.587335222222222,10.110531777777778,76.32830244444445,2256.09668,5.753645666666667,6.110964222222222,-2.260175888888889,49.896397127979284,50.562984669817496,53.86378519973805,706,94,pitch_type_specific,Curveball
"Nabholz, Nate",1000113106.0,TRI_VAL,Four-Seam,R,39,26,30.00808717753151,0.5893909626719057,1519,497,252,Soft-Speed Separation,0,18.5375298989899,10.290624141414142,91.21132262626264,2088.1306292929294,5.745988585858586,6.2800567676767685,0.8483969696969696,49.89459772040555,50.55641291073969,53.7328094302554,707,115,pitch_type_specific,Four-Seam
"Nabholz, Nate",1000113106.0,TRI_VAL,Four-Seam,L,60,26,27.08771555308596,0.2619515389652914,1524,498,246,Soft-Speed Separation,0,18.5375298989899,10.290624141414142,91.21132262626264,2088.1306292929294,5.745988585858586,6.2800567676767685,0.8483969696969696,49.89459772040555,50.55641291073969,53.7328094302554,708,116,pitch_type_specific,Four-Seam
"Alpern, Liam",1000137537.0,FLO_Y'A,Four-Seam,L,86,68,56.77253465962736,82.44924688932548,269,57,25,Soft-Speed Separation,0,17.222483257575757,-12.715147651515151,89.05921640151514,2226.845839015152,6.035173863636364,5.039088825757576,-2.0425453409090912,49.88433408722886,50.51892828219596,53.601833660772755,709,117,pitch_type_specific,Four-Seam
"Alpern, Liam",1000137537.0,FLO_Y'A,Four-Seam,R,178,68,50.29236508911041,54.7478716437459,692,199,113,Soft-Speed Separation,0,17.222483257575757,-12.715147651515151,89.05921640151514,2226.845839015152,6.035173863636364,5.039088825757576,-2.0425453409090912,49.88433408722886,50.51892828219596,53.601833660772755,710,118,pitch_type_specific,Four-Seam
"O'Dell, Casey",1000220727.0,JOL_SLA,Four-Seam,R,63,39,59.73889953042261,90.17681728880156,151,24,15,Soft-Speed Separation,0,17.84567587719298,8.765638771929824,91.15968736842105,2210.1663078947367,6.071584912280701,5.970686842105264,1.2262602631578947,49.87710967501353,50.49254343350968,53.470857891290116,711,119,pitch_type_specific,Four-Seam
"O'Dell, Casey",1000220727.0,JOL_SLA,Four-Seam,L,51,39,56.90041808020597,82.97314996725605,261,52,23,Soft-Speed Separation,0,17.84567587719298,8.765638771929824,91.15968736842105,2210.1663078947367,6.071584912280701,5.970686842105264,1.2262602631578947,49.87710967501353,50.49254343350968,53.470857891290116,712,120,pitch_type_specific,Four-Seam
"Mercado, Nelson",683319.0,OTT_TIT,Four-Seam,R,42,27,65.47932117747284,97.24950884086444,43,7,5,Soft-Speed Separation,0,19.20557395061728,12.62073901234568,87.8185487654321,2126.133588888889,5.666295925925926,5.812977654320988,2.833291975308642,49.86271131880609,50.43995805513686,53.33988212180747,713,121,pitch_type_specific,Four-Seam
"Mercado, Nelson",683319.0,OTT_TIT,Four-Seam,L,39,27,59.31573969857217,89.25998690242305,165,27,11,Soft-Speed Separation,0,19.20557395061728,12.62073901234568,87.8185487654321,2126.133588888889,5.666295925925926,5.812977654320988,2.833291975308642,49.86271131880609,50.43995805513686,53.33988212180747,714,122,pitch_type_specific,Four-Seam
"Zeplin, Blane",830954.0,JOL_SLA,Four-Seam,R,151,87,52.581900856901086,66.40471512770138,514,135,79,Soft-Speed Separation,0,18.587920550847457,8.962691313559322,89.70311110169492,2287.6876211864405,5.92620436440678,6.194454788135593,1.4497485169491524,49.85568207278997,50.41428598840174,53.208906352324824,715,123,pitch_type_specific,Four-Seam
"Zeplin, Blane",830954.0,JOL_SLA,Four-Seam,L,85,87,48.77067824512189,47.74066797642436,799,242,108,Soft-Speed Separation,0,18.587920550847457,8.962691313559322,89.70311110169492,2287.6876211864405,5.92620436440678,6.194454788135593,1.4497485169491524,49.85568207278997,50.41428598840174,53.208906352324824,716,124,pitch_type_specific,Four-Seam
"Austin, Zack",813186.0,SUS_COU1,Four-Seam,R,92,38,44.68897537249647,24.49246889325475,1154,381,199,Soft-Speed Separation,0,16.09557094972067,6.448596145251397,91.58129089385476,2287.479474860336,5.894201899441341,5.538655586592179,2.28737312849162,49.84525557996474,50.376206567222205,53.07793058284217,717,125,pitch_type_specific,Four-Seam
"Austin, Zack",813186.0,SUS_COU1,Four-Seam,L,87,38,44.407778583955775,22.789783889980352,1180,394,188,Soft-Speed Separation,0,16.09557094972067,6.448596145251397,91.58129089385476,2287.479474860336,5.894201899441341,5.538655586592179,2.28737312849162,49.84525557996474,50.376206567222205,53.07793058284217,718,126,pitch_type_specific,Four-Seam
"Kaminer, Brandon",690510.0,DOW_EAS1,Four-Seam,R,121,57,56.77516273500972,82.5147347740668,268,56,32,Soft-Speed Separation,0,18.059482432432432,-4.807482972972974,89.35872464864865,2364.501427567568,5.376486,6.120867675675675,-1.1812207027027029,49.843739155088436,50.3706683116918,52.946954813359525,719,127,pitch_type_specific,Four-Seam
"Kaminer, Brandon",690510.0,DOW_EAS1,Four-Seam,L,64,57,53.97388545991424,73.21545514079895,410,104,43,Soft-Speed Separation,0,18.059482432432432,-4.807482972972974,89.35872464864865,2364.501427567568,5.376486,6.120867675675675,-1.1812207027027029,49.843739155088436,50.3706683116918,52.946954813359525,720,128,pitch_type_specific,Four-Seam
"Eldred, Zach",1000227712.0,NEW_ENG23,Curveball,R,25,13,43.824746805743054,20.825147347740668,1210,124,67,Tight High-Spin Breakers,1,-9.846427283950618,-12.358976172839505,77.60756728395062,2488.714902469136,5.8828660493827165,5.782003209876543,1.4217096296296297,49.83874113930646,50.352414661954136,52.81597904387688,721,95,pitch_type_specific,Curveball
"Eldred, Zach",1000227712.0,NEW_ENG23,Curveball,L,56,13,39.47223204559522,7.727570399476097,1410,146,67,Tight High-Spin Breakers,1,-9.846427283950618,-12.358976172839505,77.60756728395062,2488.714902469136,5.8828660493827165,5.782003209876543,1.4217096296296297,49.83874113930646,50.352414661954136,52.81597904387688,722,96,pitch_type_specific,Curveball
"Kirby, Zach",813716.0,WAS_WIL3,Curveball,R,52,12,53.63382903383808,71.77472167648985,432,57,35,Tight High-Spin Breakers,1,-18.283612666666667,-10.73816085714286,70.78799095238095,2261.262364761905,5.409231238095239,6.244328761904763,1.8807977142857144,49.837104246552485,50.34643643613563,52.68500327439424,723,97,pitch_type_specific,Curveball
"Kirby, Zach",813716.0,WAS_WIL3,Curveball,L,53,12,51.87867429103338,63.32678454485921,561,70,28,Tight High-Spin Breakers,1,-18.283612666666667,-10.73816085714286,70.78799095238095,2261.262364761905,5.409231238095239,6.244328761904763,1.8807977142857144,49.837104246552485,50.34643643613563,52.68500327439424,724,98,pitch_type_specific,Curveball
"Estrella, Noah",805762.0,TRI_VAL,Four-Seam,R,70,72,47.39151509731378,40.27504911591356,913,286,158,Soft-Speed Separation,0,17.06451805,12.53203935,92.69180615,2227.3694760000003,5.7845796,5.81387935,1.55510225,49.83263966840849,50.33013099629273,52.554027504911595,725,129,pitch_type_specific,Four-Seam
"Estrella, Noah",805762.0,TRI_VAL,Four-Seam,L,130,72,40.45339937821144,10.08513425016372,1374,459,221,Soft-Speed Separation,0,17.06451805,12.53203935,92.69180615,2227.3694760000003,5.7845796,5.81387935,1.55510225,49.83263966840849,50.33013099629273,52.554027504911595,726,130,pitch_type_specific,Four-Seam
"Zaffiro, Cole",10994263.0,SCH_BOO,Four-Seam,L,130,78,59.844620947446046,90.70072036673216,143,20,7,Soft-Speed Separation,0,17.954586228373703,8.135245467128028,90.74633020761244,2159.3772356401387,6.044205882352941,5.821529100346021,0.9894135294117647,49.820957876042456,50.287466996125595,52.42305173542895,727,131,pitch_type_specific,Four-Seam
"Zaffiro, Cole",10994263.0,SCH_BOO,Four-Seam,R,159,78,59.19148260269921,88.86705959397511,171,30,19,Soft-Speed Separation,0,17.954586228373703,8.135245467128028,90.74633020761244,2159.3772356401387,6.044205882352941,5.821529100346021,0.9894135294117647,49.820957876042456,50.287466996125595,52.42305173542895,728,132,pitch_type_specific,Four-Seam
"Noriega, Branden",804447.0,LAK_ERI24,Sinker,R,52,27,46.334191210420926,33.66077275703995,1014,134,67,Soft-Speed Separation,0,13.168479130434784,-15.70059108695652,90.3245020652174,2201.432501086957,6.1552457608695645,5.82246,-0.8996910869565218,49.81214586967511,50.25528396895399,52.2920759659463,729,30,pitch_type_specific,Sinker
"Noriega, Branden",804447.0,LAK_ERI24,Sinker,L,40,27,46.27588583588563,33.33333333333333,1019,136,69,Soft-Speed Separation,0,13.168479130434784,-15.70059108695652,90.3245020652174,2201.432501086957,6.1552457608695645,5.82246,-0.8996910869565218,49.81214586967511,50.25528396895399,52.2920759659463,730,31,pitch_type_specific,Sinker
"Lovell, Justin",822485.0,WIN_CIT29,Four-Seam,L,103,47,47.18910803431834,38.768827766863126,936,295,134,Soft-Speed Separation,0,15.012015027027028,-12.91283491891892,93.3893111891892,2308.0639654054053,6.292866810810812,5.235045027027027,-2.6714384864864864,49.811839379875764,50.25416461325574,52.16110019646365,731,133,pitch_type_specific,Four-Seam
"Lovell, Justin",822485.0,WIN_CIT29,Four-Seam,R,82,47,44.42797357321481,22.920759659463,1178,392,206,Soft-Speed Separation,0,15.012015027027028,-12.91283491891892,93.3893111891892,2308.0639654054053,6.292866810810812,5.235045027027027,-2.6714384864864864,49.811839379875764,50.25416461325574,52.16110019646365,732,134,pitch_type_specific,Four-Seam
"Hohenstein, Liam",1000116556.0,WIN_CIT29,Curveball,R,58,19,63.44330474920858,95.80877537655532,65,6,3,Tight High-Spin Breakers,1,-7.340135825242719,-11.905489708737862,75.78816844660194,2583.0788699029126,5.365584563106796,5.727689223300971,1.1272288349514563,49.80656831669459,50.23491374546112,52.030124426981004,733,99,pitch_type_specific,Curveball
"Hohenstein, Liam",1000116556.0,WIN_CIT29,Curveball,L,45,19,58.7445880936575,87.55730189914865,191,27,8,Tight High-Spin Breakers,1,-7.340135825242719,-11.905489708737862,75.78816844660194,2583.0788699029126,5.365584563106796,5.727689223300971,1.1272288349514563,49.80656831669459,50.23491374546112,52.030124426981004,734,100,pitch_type_specific,Curveball
"Gollert, Harley",8890793.0,QUE_CAP,Changeup,R,38,13,47.980531552971215,43.02554027504912,871,111,48,Tight High-Spin Breakers,1,10.182643461538463,-8.417623461538462,81.02051384615385,1676.1312326923075,5.461905000000001,5.593969615384615,-1.0038790384615384,49.79475982457092,50.19178701506291,51.93189259986902,735,115,pitch_type_specific,Changeup
"Kines, Gunnar",665129.0,JOL_SLA,Sinker,L,73,49,52.333708252365625,65.55337262606417,527,55,30,Soft-Speed Separation,0,17.320623008849555,-12.703182389380531,84.67783743362831,2194.5131451327434,5.852600707964602,6.026419292035398,-1.2063709734513277,49.794096843926894,50.189365690884124,51.83366077275704,736,32,pitch_type_specific,Sinker
"Kines, Gunnar",665129.0,JOL_SLA,Sinker,R,40,49,51.82729711713186,62.86836935166994,568,58,27,Soft-Speed Separation,0,17.320623008849555,-12.703182389380531,84.67783743362831,2194.5131451327434,5.852600707964602,6.026419292035398,-1.2063709734513277,49.794096843926894,50.189365690884124,51.83366077275704,737,33,pitch_type_specific,Sinker
"Noriega, Branden",804447.0,LAK_ERI24,Four-Seam,L,62,49,46.52053372650786,34.905042567125086,995,321,149,Soft-Speed Separation,0,15.255577175141244,-14.623827401129944,90.8598913559322,2238.7649355932203,5.925134802259887,5.93794197740113,-0.7404529378531074,49.79035272244863,50.17569148795625,51.7026850032744,738,135,pitch_type_specific,Four-Seam
"Noriega, Branden",804447.0,LAK_ERI24,Four-Seam,R,115,49,44.923104626652105,25.343811394891947,1141,378,196,Soft-Speed Separation,0,15.255577175141244,-14.623827401129944,90.8598913559322,2238.7649355932203,5.925134802259887,5.93794197740113,-0.7404529378531074,49.79035272244863,50.17569148795625,51.7026850032744,739,136,pitch_type_specific,Four-Seam
"Hughes, Grif",835627.0,EVA_OTT,Four-Seam,R,27,16,56.820044685984726,82.71119842829077,265,54,30,Soft-Speed Separation,0,17.667540877192984,-12.864936315789476,87.95006333333333,2418.976752631579,6.380288947368421,6.128095964912281,-1.2041142105263158,49.78755019211212,50.16545614469738,51.57170923379175,740,137,pitch_type_specific,Four-Seam
"Hughes, Grif",835627.0,EVA_OTT,Four-Seam,L,30,16,55.72156280717047,79.43680419122462,315,73,32,Soft-Speed Separation,0,17.667540877192984,-12.864936315789476,87.95006333333333,2418.976752631579,6.380288947368421,6.128095964912281,-1.2041142105263158,49.78755019211212,50.16545614469738,51.57170923379175,741,138,pitch_type_specific,Four-Seam
"Misla, Luis",695417.0,TRI_VAL,Four-Seam,L,116,104,47.96827755958695,42.82907662082515,874,276,124,Soft-Speed Separation,0,17.435118035714286,-11.197457714285717,88.51723210714286,2399.688455,5.793884214285714,5.742122178571429,-1.4867873214285714,49.7837496318601,50.15157581724874,51.440733464309105,742,139,pitch_type_specific,Four-Seam
"Misla, Luis",695417.0,TRI_VAL,Four-Seam,R,164,104,43.72365397639009,20.23575638506876,1219,410,214,Soft-Speed Separation,0,17.435118035714286,-11.197457714285717,88.51723210714286,2399.688455,5.793884214285714,5.742122178571429,-1.4867873214285714,49.7837496318601,50.15157581724874,51.440733464309105,743,140,pitch_type_specific,Four-Seam
"Catrambone, Ben",1000565186.0,JOL_SLA,Four-Seam,R,99,62,50.05777667563338,53.43811394891945,712,206,117,Soft-Speed Separation,0,19.91176218390805,8.889582471264369,87.88587890804598,2118.463535057472,5.144078793103448,5.837279942528736,0.3225932183908045,49.76612423378417,50.08720470339093,51.30975769482645,744,141,pitch_type_specific,Four-Seam
"Catrambone, Ben",1000565186.0,JOL_SLA,Four-Seam,L,75,62,46.16645175810828,32.74394237066143,1028,337,160,Soft-Speed Separation,0,19.91176218390805,8.889582471264369,87.88587890804598,2118.463535057472,5.144078793103448,5.837279942528736,0.3225932183908045,49.76612423378417,50.08720470339093,51.30975769482645,745,142,pitch_type_specific,Four-Seam
"Tiburcio, David",696010.0,DOW_EAS1,Four-Seam,R,28,21,54.31209899699873,74.59070072036673,389,97,56,Soft-Speed Separation,0,16.827575322580646,13.513962096774192,93.68228741935484,2274.924691935484,5.160481612903226,6.343546290322581,1.2298162903225809,49.76072162207401,50.06747339678292,51.178781925343806,746,143,pitch_type_specific,Four-Seam
"Tiburcio, David",696010.0,DOW_EAS1,Four-Seam,L,34,21,53.41736872629096,70.39947609692206,453,117,50,Soft-Speed Separation,0,16.827575322580646,13.513962096774192,93.68228741935484,2274.924691935484,5.160481612903226,6.343546290322581,1.2298162903225809,49.76072162207401,50.06747339678292,51.178781925343806,747,144,pitch_type_specific,Four-Seam
"Brito, Richard",695870.0,NEW_ENG23,Four-Seam,L,48,24,44.59447080813394,23.83759004584152,1164,386,184,Soft-Speed Separation,0,16.31507344262295,11.307340163934429,93.47528557377048,2384.515331147541,6.541825573770492,6.4109644262295085,2.068838524590164,49.75811925654035,50.05796909127191,51.080550098231825,748,145,pitch_type_specific,Four-Seam
"Escobar, Anthony",678673.0,TRO_AIG,Four-Seam,R,183,120,47.210018366000185,39.09626719056975,931,292,160,Soft-Speed Separation,0,17.75194389312977,10.476657735368958,90.56163157760815,2143.9014608142493,6.333207684478372,5.714732188295165,1.802530203562341,49.749335582029204,50.0258895371188,50.982318271119844,749,146,pitch_type_specific,Four-Seam
"Escobar, Anthony",678673.0,TRO_AIG,Four-Seam,L,210,120,45.256008457818446,27.37393582187295,1110,368,177,Soft-Speed Separation,0,17.75194389312977,10.476657735368958,90.56163157760815,2143.9014608142493,6.333207684478372,5.714732188295165,1.802530203562341,49.749335582029204,50.0258895371188,50.982318271119844,750,147,pitch_type_specific,Four-Seam
"Hines, Carter",809552.0,FLO_Y'A,Four-Seam,R,36,13,45.46650219159873,28.814669286182053,1088,356,186,Soft-Speed Separation,0,16.619209811320754,-8.134207547169812,90.9738566037736,2502.244432075472,5.908015094339622,5.322478301886792,-2.2318267924528303,49.74880202911406,50.02394090621118,50.884086444007856,751,148,pitch_type_specific,Four-Seam
"Williams, Brian",1000079778.0,MIS_MUD,Four-Seam,R,297,212,44.697818981942646,24.62344466273739,1152,380,198,Soft-Speed Separation,0,17.792567062706272,8.28436787128713,89.34248658415841,2249.5812721122115,6.335996320132013,6.284277788778878,2.666331303630363,49.74395111446733,50.00622449619343,50.785854616895875,752,149,pitch_type_specific,Four-Seam
"Williams, Brian",1000079778.0,MIS_MUD,Four-Seam,L,309,212,42.30343959392223,15.651604453176162,1289,437,209,Soft-Speed Separation,0,17.792567062706272,8.28436787128713,89.34248658415841,2249.5812721122115,6.335996320132013,6.284277788778878,2.666331303630363,49.74395111446733,50.00622449619343,50.785854616895875,753,150,pitch_type_specific,Four-Seam
"Wiltse, Ryan",813813.0,EVA_OTT,Four-Seam,L,229,168,45.28255932314717,27.439423706614274,1109,367,176,Soft-Speed Separation,0,20.304092573839664,9.932010316455695,87.30738430379746,2165.2846407173,6.055686919831223,6.397535675105485,1.1740443670886076,49.74006485869651,49.99203119334568,50.65487884741323,754,151,pitch_type_specific,Four-Seam
"Wiltse, Ryan",813813.0,EVA_OTT,Four-Seam,R,245,168,42.54198508475167,16.30648330058939,1279,433,227,Soft-Speed Separation,0,20.304092573839664,9.932010316455695,87.30738430379746,2165.2846407173,6.055686919831223,6.397535675105485,1.1740443670886076,49.74006485869651,49.99203119334568,50.65487884741323,755,152,pitch_type_specific,Four-Seam
"Anderson, Colt",1000568252.0,WAS_WIL3,Changeup,R,42,14,29.448196939239963,0.5239030779305829,1520,191,85,Soft-Speed Separation,0,7.883023137254902,-6.037709411764706,79.16744490196079,1490.9485078431371,6.513678039215686,5.784682156862746,-2.62489,49.73982057924864,49.9911390410048,50.55664702030125,756,116,pitch_type_specific,Changeup
"Hill, Kaleb",1000371973.0,OTT_TIT,Curveball,R,111,51,60.40988843712876,91.87950229207595,125,17,14,Tight High-Spin Breakers,1,-4.170333648648649,13.20717,73.16952009009009,2147.6765765765767,5.320799504504505,5.967985990990991,-3.1714909459459464,49.73592128135695,49.9768981059933,50.45841519318927,757,101,pitch_type_specific,Curveball
"Hill, Kaleb",1000371973.0,OTT_TIT,Curveball,L,111,51,58.69901035499189,87.49181401440734,192,28,9,Tight High-Spin Breakers,1,-4.170333648648649,13.20717,73.16952009009009,2147.6765765765767,5.320799504504505,5.967985990990991,-3.1714909459459464,49.73592128135695,49.9768981059933,50.45841519318927,758,102,pitch_type_specific,Curveball
"Brodsky, Jack",1000302079.0,WAS_WIL3,Curveball,R,32,15,40.82783161068124,11.26391617550753,1356,143,78,Tight High-Spin Breakers,1,-8.65882265060241,-11.73593,76.94562975903614,2668.464757831325,5.327415060240964,5.454840843373494,1.5114695180722892,49.73586863763374,49.97670584167757,50.32743942370661,759,103,pitch_type_specific,Curveball
"Brodsky, Jack",1000302079.0,WAS_WIL3,Curveball,L,51,15,37.47460154907055,3.994760969220694,1467,151,70,Tight High-Spin Breakers,1,-8.65882265060241,-11.73593,76.94562975903614,2668.464757831325,5.327415060240964,5.454840843373494,1.5114695180722892,49.73586863763374,49.97670584167757,50.32743942370661,760,104,pitch_type_specific,Curveball
"Pierson, Kenny",1000055344.0,LAK_ERI24,Changeup,R,181,79,51.71559212913144,62.40995415848069,575,82,35,Tight High-Spin Breakers,1,-1.3634565942028989,-16.02628561594203,76.93708786231883,1756.117308695652,4.942698442028986,4.4257659057971015,-3.311359710144928,49.721974054336066,49.92596033229341,50.19646365422397,761,117,pitch_type_specific,Changeup
"Pierson, Kenny",1000055344.0,LAK_ERI24,Changeup,L,95,79,50.36326168014836,55.075311067452525,687,93,52,Tight High-Spin Breakers,1,-1.3634565942028989,-16.02628561594203,76.93708786231883,1756.117308695652,4.942698442028986,4.4257659057971015,-3.311359710144928,49.721974054336066,49.92596033229341,50.19646365422397,762,118,pitch_type_specific,Changeup
"Smith, Jackson",1000333915.0,MIS_MUD,Sinker,R,217,116,45.47398426343402,28.945645055664706,1086,150,74,Tight High-Spin Breakers,1,0.913759955654102,21.754711529933484,85.29041399113082,2407.362737472284,5.130733525498891,4.002767849223947,3.9459536585365855,49.70950707920126,49.880428703878096,50.06548788474132,763,34,pitch_type_specific,Sinker
"Smith, Jackson",1000333915.0,MIS_MUD,Sinker,L,234,116,45.04822137772422,25.93320235756385,1132,157,80,Tight High-Spin Breakers,1,0.913759955654102,21.754711529933484,85.29041399113082,2407.362737472284,5.130733525498891,4.002767849223947,3.9459536585365855,49.70950707920126,49.880428703878096,50.06548788474132,764,35,pitch_type_specific,Sinker
"Kelly, Colin",1000456530.0,SUS_COU1,Four-Seam,R,49,30,59.52288519637767,89.71840209561232,158,25,16,Soft-Speed Separation,0,17.424607926829268,10.589698536585368,90.58819756097562,1989.660214634146,5.939912195121952,6.085924146341463,2.4805775609756098,49.70620625271653,49.868373493745636,49.93451211525868,765,153,pitch_type_specific,Four-Seam
"Kelly, Colin",1000456530.0,SUS_COU1,Four-Seam,L,33,30,55.710445895653976,79.24034053700065,318,75,33,Soft-Speed Separation,0,17.424607926829268,10.589698536585368,90.58819756097562,1989.660214634146,5.939912195121952,6.085924146341463,2.4805775609756098,49.70620625271653,49.868373493745636,49.93451211525868,766,154,pitch_type_specific,Four-Seam
"Vilchez, Michael",699074.0,OTT_TIT,Four-Seam,R,96,45,56.72993917465596,82.2527832351015,272,58,33,Soft-Speed Separation,0,16.14061536231884,9.02379855072464,93.6511404347826,2255.871005072464,6.284342826086957,6.014895942028986,1.117660507246377,49.704459887785,49.86199545590726,49.80353634577603,767,155,pitch_type_specific,Four-Seam
"Vilchez, Michael",699074.0,OTT_TIT,Four-Seam,L,42,45,51.71048719380608,62.34446627373936,576,158,67,Soft-Speed Separation,0,16.14061536231884,9.02379855072464,93.6511404347826,2255.871005072464,6.284342826086957,6.014895942028986,1.117660507246377,49.704459887785,49.86199545590726,49.80353634577603,768,156,pitch_type_specific,Four-Seam
"Snyder, Jack",801389.0,SCH_BOO,Four-Seam,R,45,36,46.527835236228526,34.9705304518664,994,320,172,Soft-Speed Separation,0,16.795685272727273,5.454529909090909,90.3361460909091,2427.020001818182,5.800839545454545,5.5902248181818175,1.4903365454545454,49.702608741931556,49.85523473935572,49.672560576293385,769,157,pitch_type_specific,Four-Seam
"Snyder, Jack",801389.0,SCH_BOO,Four-Seam,L,65,36,43.08453889847855,18.009168303863785,1253,424,202,Soft-Speed Separation,0,16.795685272727273,5.454529909090909,90.3361460909091,2427.020001818182,5.800839545454545,5.5902248181818175,1.4903365454545454,49.702608741931556,49.85523473935572,49.672560576293385,770,158,pitch_type_specific,Four-Seam
"Peters, Garrett",833402.0,NEW_YOR13,Changeup,R,362,153,47.89103257023879,42.56712508185986,878,115,51,Tight High-Spin Breakers,1,12.208193708333331,-14.930483166666669,80.35719474999999,1871.693748958333,5.95755993736952,5.688027208333334,-2.5675219166666663,49.699621556897505,49.8443250040344,49.54158480681074,771,119,pitch_type_specific,Changeup
"Peters, Garrett",833402.0,NEW_YOR13,Changeup,L,118,153,45.89223455728565,31.499672560576293,1047,138,77,Tight High-Spin Breakers,1,12.208193708333331,-14.930483166666669,80.35719474999999,1871.693748958333,5.95755993736952,5.688027208333334,-2.5675219166666663,49.699621556897505,49.8443250040344,49.54158480681074,772,120,pitch_type_specific,Changeup
"Barreto, Brayhans",810980.0,TRI_VAL,Changeup,R,87,25,54.786726999840624,76.2278978388998,364,50,21,Soft-Speed Separation,0,11.008864608695651,-12.967143652173911,81.00055269565217,1787.6930286956522,6.106154956521739,7.004433913043479,-1.3266527826086956,49.68766344779672,49.80065184561072,49.41060903732809,773,121,pitch_type_specific,Changeup
"Barreto, Brayhans",810980.0,TRI_VAL,Changeup,L,28,25,54.105100534588125,73.6738703339882,403,55,34,Soft-Speed Separation,0,11.008864608695651,-12.967143652173911,81.00055269565217,1787.6930286956522,6.106154956521739,7.004433913043479,-1.3266527826086956,49.68766344779672,49.80065184561072,49.41060903732809,774,122,pitch_type_specific,Changeup
"Marklund, Brandon",647282.0,OTT_TIT,Four-Seam,R,153,65,53.16579443561349,69.41715782580222,468,122,71,Soft-Speed Separation,0,16.920219498207885,10.538823655913978,90.76353982078854,2208.789931899641,5.25247935483871,5.688515555555555,2.198153870967742,49.68298710774779,49.78357301332388,49.27963326784545,775,159,pitch_type_specific,Four-Seam
"Marklund, Brandon",647282.0,OTT_TIT,Four-Seam,L,126,65,48.16884453708742,44.59724950884086,847,263,120,Soft-Speed Separation,0,16.920219498207885,10.538823655913978,90.76353982078854,2208.789931899641,5.25247935483871,5.688515555555555,2.198153870967742,49.68298710774779,49.78357301332388,49.27963326784545,776,160,pitch_type_specific,Four-Seam
"Grounds, Jackson",805984.0,DOW_EAS1,Four-Seam,R,48,27,72.61893639455495,99.6725605762934,6,1,1,Soft-Speed Separation,0,17.0341461682243,14.240285607476636,92.4652793457944,2162.7614570093456,5.590913457943926,6.146667102803739,1.9688526168224296,49.67740782247203,49.76319646317822,49.1486574983628,777,161,pitch_type_specific,Four-Seam
"Grounds, Jackson",805984.0,DOW_EAS1,Four-Seam,L,59,27,68.92179192521158,98.49377865094957,24,3,1,Soft-Speed Separation,0,17.0341461682243,14.240285607476636,92.4652793457944,2162.7614570093456,5.590913457943926,6.146667102803739,1.9688526168224296,49.67740782247203,49.76319646317822,49.1486574983628,778,162,pitch_type_specific,Four-Seam
"Henderson, Drew",1000429021.0,DOW_EAS1,Changeup,L,100,44,49.9550964519315,52.84872298624754,721,95,54,Soft-Speed Separation,0,9.23465125,14.098458263888888,81.57021118055555,1688.1469097222223,5.814904027777778,5.856530069444444,1.3321356944444445,49.677057188709725,49.76191588581263,49.017681728880156,779,123,pitch_type_specific,Changeup
"Henderson, Drew",1000429021.0,DOW_EAS1,Changeup,R,44,44,47.57593192815767,41.32285527177472,897,118,52,Soft-Speed Separation,0,9.23465125,14.098458263888888,81.57021118055555,1688.1469097222223,5.814904027777778,5.856530069444444,1.3321356944444445,49.677057188709725,49.76191588581263,49.017681728880156,780,124,pitch_type_specific,Changeup
"Villalobos, Jonaiker",665690.0,FLO_Y'A,Curveball,L,51,23,40.56225067114799,10.281597904387688,1371,144,66,Tight High-Spin Breakers,1,-5.259058090909091,5.493234454545455,74.6806919090909,2263.511790909091,5.323967272727272,5.799247272727272,-1.382241,49.67198514159029,49.743391860357384,48.88670595939752,781,105,pitch_type_specific,Curveball
"Villalobos, Jonaiker",665690.0,FLO_Y'A,Curveball,R,59,23,38.96648424254328,6.745252128356253,1425,147,80,Tight High-Spin Breakers,1,-5.259058090909091,5.493234454545455,74.6806919090909,2263.511790909091,5.323967272727272,5.799247272727272,-1.382241,49.67198514159029,49.743391860357384,48.88670595939752,782,106,pitch_type_specific,Curveball
"Leak, Anthony",1000264276.0,NEW_YOR13,Four-Seam,L,75,60,46.65181883035758,36.08382449246889,977,313,146,Soft-Speed Separation,0,17.496271474358974,10.249552307692309,90.80387955128204,2233.062878205128,6.134122756410256,5.755984615384615,1.5048192307692307,49.663389252796705,49.71199813331319,48.755730189914864,783,163,pitch_type_specific,Four-Seam
"Leak, Anthony",1000264276.0,NEW_YOR13,Four-Seam,R,81,60,45.72366350843463,30.320890635232484,1065,350,183,Soft-Speed Separation,0,17.496271474358974,10.249552307692309,90.80387955128204,2233.062878205128,6.134122756410256,5.755984615384615,1.5048192307692307,49.663389252796705,49.71199813331319,48.755730189914864,784,164,pitch_type_specific,Four-Seam
"Brothers, Kellen",1000131959.0,SUS_COU1,Sinker,R,50,55,52.317876128348594,65.48788474132286,528,56,26,Soft-Speed Separation,0,16.308575588235296,16.02879632352941,89.12039257352941,2346.665282352941,6.430216838235294,5.937990220588236,2.7436699264705884,49.66185368596653,49.70638996793526,48.62475442043222,785,36,pitch_type_specific,Sinker
"Brothers, Kellen",1000131959.0,SUS_COU1,Sinker,L,86,55,50.88944682865447,58.349705304518665,637,70,37,Soft-Speed Separation,0,16.308575588235296,16.02879632352941,89.12039257352941,2346.665282352941,6.430216838235294,5.937990220588236,2.7436699264705884,49.66185368596653,49.70638996793526,48.62475442043222,786,37,pitch_type_specific,Sinker
"Shinn, Nathan",1000490914.0,LAK_ERI24,Slider,L,77,34,54.50743277663297,75.57301899148658,374,129,39,Tight High-Spin Breakers,1,0.306981304347826,0.7920934057971015,82.14640072463767,2178.8548934782607,5.243499492753624,5.706384637681159,-2.5168126811594203,49.65745905461348,49.69033998631378,48.49377865094958,787,307,pitch_type_specific,Slider
"Shinn, Nathan",1000490914.0,LAK_ERI24,Slider,R,61,34,52.89504039275517,67.97642436149313,490,149,100,Tight High-Spin Breakers,1,0.306981304347826,0.7920934057971015,82.14640072463767,2178.8548934782607,5.243499492753624,5.706384637681159,-2.5168126811594203,49.65745905461348,49.69033998631378,48.49377865094958,788,308,pitch_type_specific,Slider
"Williams, Pierce",1000337420.0,NEW_ENG23,Curveball,L,65,38,42.763533042353416,17.092337917485263,1267,129,59,Tight High-Spin Breakers,1,-5.728885364238411,6.420884503311258,75.40791443708609,2172.173035099337,5.769215165562914,5.960743178807947,-1.7772460264900662,49.643581454698925,49.63965650328975,48.362802881466926,789,107,pitch_type_specific,Curveball
"Williams, Pierce",1000337420.0,NEW_ENG23,Curveball,R,86,38,40.05138672739664,9.102815979043877,1389,145,79,Tight High-Spin Breakers,1,-5.728885364238411,6.420884503311258,75.40791443708609,2172.173035099337,5.769215165562914,5.960743178807947,-1.7772460264900662,49.643581454698925,49.63965650328975,48.362802881466926,790,108,pitch_type_specific,Curveball
"Gollert, Harley",1000114236.0,TRO_AIG,Slider,L,32,18,46.263532241536616,33.26784544859201,1020,252,102,Tight High-Spin Breakers,1,-1.897287042253521,7.684334507042254,78.2336071830986,2220.5804577464787,4.905897887323944,5.549580704225352,-1.8070861971830987,49.64132501914354,49.631415596081695,48.23182711198428,791,309,pitch_type_specific,Slider
"Gollert, Harley",1000114236.0,TRO_AIG,Slider,R,39,18,40.96563357069269,11.722331368696793,1349,304,172,Tight High-Spin Breakers,1,-1.897287042253521,7.684334507042254,78.2336071830986,2220.5804577464787,4.905897887323944,5.549580704225352,-1.8070861971830987,49.64132501914354,49.631415596081695,48.23182711198428,792,310,pitch_type_specific,Slider
"Carroll, Jake",1000088275.0,JOL_SLA,Curveball,L,35,13,53.32775822304508,70.07203667321545,458,59,24,Tight High-Spin Breakers,1,-7.145151176470589,8.236876470588236,75.5762462745098,2028.2247588235296,6.178301568627451,6.1939809803921575,-2.1102413725490194,49.637016314275094,49.615679433387875,48.1335952848723,793,109,pitch_type_specific,Curveball
"Misla, Luis",695417.0,TRI_VAL,Curveball,R,80,34,47.84253806428266,42.43614931237721,880,100,55,Tight High-Spin Breakers,1,-5.473723846153846,9.205450897435895,76.97944891025641,2788.6227737179483,5.119675064102564,5.627010512820513,-1.624751602564103,49.63016393013634,49.590653297938736,48.03536345776032,794,110,pitch_type_specific,Curveball
"Misla, Luis",695417.0,TRI_VAL,Curveball,L,76,34,47.19030556661929,38.83431565160445,935,101,46,Tight High-Spin Breakers,1,-5.473723846153846,9.205450897435895,76.97944891025641,2788.6227737179483,5.119675064102564,5.627010512820513,-1.624751602564103,49.63016393013634,49.590653297938736,48.03536345776032,795,111,pitch_type_specific,Curveball
"Shears, Tanner",808632.0,SCH_BOO,Splitter,R,33,16,58.43298256468763,86.90242305173544,201,8,4,Tight High-Spin Breakers,1,-1.5397859420289857,7.099236666666667,82.01561782608695,897.1509015942029,5.082859130434783,5.857044927536232,2.4523453623188405,49.62193058564432,49.56058364768498,47.904387688277666,796,24,pooled_fixed_effects,Pooled
"Shears, Tanner",808632.0,SCH_BOO,Splitter,L,36,16,58.404035905497096,86.77144728225278,203,9,5,Tight High-Spin Breakers,1,-1.5397859420289857,7.099236666666667,82.01561782608695,897.1509015942029,5.082859130434783,5.857044927536232,2.4523453623188405,49.62193058564432,49.56058364768498,47.904387688277666,797,25,pooled_fixed_effects,Pooled
"Catrambone, Ben",1000565186.0,JOL_SLA,Slider,R,77,22,40.4981176384928,10.150622134905042,1373,308,173,Tight High-Spin Breakers,1,2.112979074074074,-1.6350564814814814,82.586945,2265.883290740741,4.859667592592593,5.562190277777778,0.8504174074074073,49.619453121967254,49.55153550614809,47.806155861165685,798,311,pitch_type_specific,Slider
"Catrambone, Ben",1000565186.0,JOL_SLA,Slider,L,31,22,31.600367889277223,0.7858546168958742,1516,323,146,Tight High-Spin Breakers,1,2.112979074074074,-1.6350564814814814,82.586945,2265.883290740741,4.859667592592593,5.562190277777778,0.8504174074074073,49.61945312196725,49.55153550614806,47.74066797642436,799,312,pitch_type_specific,Slider
"Brothers, Kellen",1000131959.0,SUS_COU1,Four-Seam,L,181,101,57.45233127986961,84.87229862475442,232,43,18,Soft-Speed Separation,0,18.28847797720797,14.269974957264957,89.3085999145299,2353.163956125356,6.471093874643875,6.0052488888888895,2.6856311965811965,49.61730740078214,49.54369894767042,47.64243614931238,800,165,pitch_type_specific,Four-Seam
"Brothers, Kellen",1000131959.0,SUS_COU1,Four-Seam,R,170,101,57.43932730026072,84.74132285527178,234,45,27,Soft-Speed Separation,0,18.28847797720797,14.269974957264957,89.3085999145299,2353.163956125356,6.471093874643875,6.0052488888888895,2.6856311965811965,49.61730740078214,49.54369894767042,47.64243614931238,801,166,pitch_type_specific,Four-Seam
"Scafidi, Christian",690280.0,LAK_ERI24,Four-Seam,R,189,96,54.39827336901976,75.18009168303864,380,95,54,Soft-Speed Separation,0,17.738665087108014,4.783146306620209,89.77898337979094,2487.202775958188,6.1561034146341465,6.546088048780488,0.9618615331010452,49.60093739367092,49.48391274669669,47.511460379829735,802,167,pitch_type_specific,Four-Seam
"Scafidi, Christian",690280.0,LAK_ERI24,Four-Seam,L,98,96,50.44264570027342,55.5992141453831,679,193,85,Soft-Speed Separation,0,17.738665087108014,4.783146306620209,89.77898337979094,2487.202775958188,6.1561034146341465,6.546088048780488,0.9618615331010452,49.60093739367092,49.48391274669669,47.511460379829735,803,168,pitch_type_specific,Four-Seam
"Hampton, Ky",673132.0,OTT_TIT,Changeup,L,138,67,53.205319113642304,69.6136214800262,465,65,40,Soft-Speed Separation,0,2.2368447807017544,15.618326359649124,83.98916092105263,1705.4242789473683,6.012222280701754,5.413237412280702,2.4154858771929826,49.59968555119052,49.479340793513515,47.38048461034708,804,125,pitch_type_specific,Changeup
"Hampton, Ky",673132.0,OTT_TIT,Changeup,R,90,67,42.73771569571074,17.026850032743944,1268,165,70,Soft-Speed Separation,0,2.2368447807017544,15.618326359649124,83.98916092105263,1705.4242789473683,6.012222280701754,5.413237412280702,2.4154858771929826,49.59968555119052,49.479340793513515,47.38048461034708,805,126,pitch_type_specific,Changeup
"Kostura, Brit",1000146015.0,WAS_WIL3,Sinker,L,35,52,50.16242601241737,53.96201702685003,704,82,45,Tight High-Spin Breakers,1,13.097546992481204,-16.707515413533834,84.90746804511278,2075.0727759398496,5.537686240601503,5.099178345864663,-1.695862781954887,49.599257973022425,49.477779201382496,47.24950884086444,806,38,pitch_type_specific,Sinker
"Kostura, Brit",1000146015.0,WAS_WIL3,Sinker,R,98,52,47.65056345216333,41.58480681074001,893,111,55,Tight High-Spin Breakers,1,13.097546992481204,-16.707515413533834,84.90746804511278,2075.0727759398496,5.537686240601503,5.099178345864663,-1.695862781954887,49.599257973022425,49.477779201382496,47.24950884086444,807,39,pitch_type_specific,Sinker
"Parsons, Billy",698892.0,SUS_COU1,Four-Seam,L,171,114,53.925654224748,73.14996725605762,411,105,44,Soft-Speed Separation,0,17.50973568914956,9.480736158357772,90.48048413489737,2234.290393255132,5.733418826979472,5.867371319648093,1.2927818768328443,49.591299135008455,49.44871209800327,47.1185330713818,808,169,pitch_type_specific,Four-Seam
"Parsons, Billy",698892.0,SUS_COU1,Four-Seam,R,170,114,51.11354093080274,59.3320235756385,622,173,98,Soft-Speed Separation,0,17.50973568914956,9.480736158357772,90.48048413489737,2234.290393255132,5.733418826979472,5.867371319648093,1.2927818768328443,49.591299135008455,49.44871209800327,47.1185330713818,809,170,pitch_type_specific,Four-Seam
"Foy, Corbin",813822.0,LAK_ERI24,Four-Seam,R,47,19,60.25762147176287,91.48657498362805,131,18,12,Soft-Speed Separation,0,16.460386315789474,10.398229894736843,91.29729484210526,2336.5153231578947,6.149718105263157,5.303276947368421,1.8389270526315789,49.56728891667842,49.3610224758333,46.987557301899145,810,171,pitch_type_specific,Four-Seam
"Foy, Corbin",813822.0,LAK_ERI24,Four-Seam,L,48,19,58.978581940495545,88.34315651604453,179,31,12,Soft-Speed Separation,0,16.460386315789474,10.398229894736843,91.29729484210526,2336.5153231578947,6.149718105263157,5.303276947368421,1.8389270526315789,49.56728891667842,49.3610224758333,46.987557301899145,811,172,pitch_type_specific,Four-Seam
"Rodriguez, Joe Joe",689487.0,NEW_JER6,Four-Seam,R,48,26,58.58638078073045,87.22986247544205,196,34,21,Soft-Speed Separation,0,16.613238674698795,13.365545180722892,91.75880409638556,2119.2292373493974,5.745455903614458,5.740846144578313,2.3078965060240964,49.54886638527907,49.2937400881591,46.856581532416506,812,173,pitch_type_specific,Four-Seam
"Rodriguez, Joe Joe",689487.0,NEW_JER6,Four-Seam,L,35,26,55.92485191540105,80.28814669286182,302,68,29,Soft-Speed Separation,0,16.613238674698795,13.365545180722892,91.75880409638556,2119.2292373493974,5.745455903614458,5.740846144578313,2.3078965060240964,49.54886638527907,49.2937400881591,46.856581532416506,813,174,pitch_type_specific,Four-Seam
"McCartney, Seth",823530.0,MIS_MUD,Sinker,L,67,39,57.37187461218937,84.61034708578913,236,15,7,Soft-Speed Separation,0,10.419685833333334,15.158357583333332,90.15501508333334,2315.5121775,5.756986833333333,5.048432333333333,2.9200946666666665,49.54561834212177,49.28187765220203,46.72560576293386,814,40,pitch_type_specific,Sinker
"McCartney, Seth",823530.0,MIS_MUD,Sinker,R,53,39,55.8960623834831,80.15717092337917,304,22,12,Soft-Speed Separation,0,10.419685833333334,15.158357583333332,90.15501508333334,2315.5121775,5.756986833333333,5.048432333333333,2.9200946666666665,49.54561834212177,49.28187765220203,46.72560576293386,815,41,pitch_type_specific,Sinker
"Campbell, Tyler",809429.0,MIS_MUD,Sinker,R,100,37,40.815256769321685,11.19842829076621,1357,203,104,Tight High-Spin Breakers,1,7.250970725806451,-9.697220806451613,84.60102088709677,2284.347324193548,6.145092661290323,4.839576854838709,-2.4677369354838707,49.53848339797447,49.25581955694105,46.62737393582187,816,42,pitch_type_specific,Sinker
"Delongchamp, Luke",802194.0,TRI_VAL,Changeup,R,115,96,48.14257678072813,44.335297969875576,851,106,44,Soft-Speed Separation,0,8.22554958041958,16.35339339160839,82.35211695804196,1870.318263286713,5.536558671328671,5.639814160839161,2.09621993006993,49.52812403461158,49.21798530459372,46.529142108709884,817,127,pitch_type_specific,Changeup
"Delongchamp, Luke",802194.0,TRI_VAL,Changeup,L,171,96,48.127718022216406,44.20432220039292,853,107,63,Soft-Speed Separation,0,8.22554958041958,16.35339339160839,82.35211695804196,1870.318263286713,5.536558671328671,5.639814160839161,2.09621993006993,49.52812403461158,49.21798530459372,46.529142108709884,818,128,pitch_type_specific,Changeup
"Cook, Cole",1000161363.0,SCH_BOO,Changeup,L,29,70,44.65809518547624,24.361493123772103,1156,151,86,Tight High-Spin Breakers,1,9.024545062240664,-9.709030871369295,80.93865788381743,1864.9633369294609,5.448786970954357,5.656995767634856,-1.1926366390041494,49.51786949746611,49.18053389638685,46.398166339227245,819,129,pitch_type_specific,Changeup
"Cook, Cole",1000161363.0,SCH_BOO,Changeup,R,212,70,44.60842607670155,23.968565815324165,1162,153,66,Tight High-Spin Breakers,1,9.024545062240664,-9.709030871369295,80.93865788381743,1864.9633369294609,5.448786970954357,5.656995767634856,-1.1926366390041494,49.51786949746611,49.18053389638685,46.398166339227245,820,130,pitch_type_specific,Changeup
"Eisenbarger, Jack",1000570067.0,QUE_CAP,Curveball,L,66,13,59.458654324887775,89.52193844138834,161,25,7,Tight High-Spin Breakers,1,-3.568108387096774,12.118140967741937,77.30981483870968,2796.465968817204,5.265869677419355,5.929608817204301,-1.9455575268817205,49.51339012709963,49.164174432695326,46.2671905697446,821,112,pitch_type_specific,Curveball
"Eisenbarger, Jack",1000570067.0,QUE_CAP,Curveball,R,27,13,57.824437329656746,85.78912901113294,218,32,21,Tight High-Spin Breakers,1,-3.568108387096774,12.118140967741937,77.30981483870968,2796.465968817204,5.265869677419355,5.929608817204301,-1.9455575268817205,49.51339012709963,49.164174432695326,46.2671905697446,822,113,pitch_type_specific,Curveball
"Sakurai, Masatoshi",1000429128.0,QUE_CAP,Changeup,R,132,36,48.07222333748851,43.87688277668632,858,109,46,Soft-Speed Separation,0,8.574834896551724,-5.606380000000001,80.47765986206896,1444.282792413793,5.98769124137931,5.681288896551724,-1.7028166896551724,49.49196927452148,49.08594163850257,46.16895874263262,823,131,pitch_type_specific,Changeup
"Martzolf, Max",824782.0,OTT_TIT,Changeup,L,91,66,44.79692785943548,24.81990831696136,1149,149,84,Tight High-Spin Breakers,1,9.431473092783506,-19.534553917525773,83.23750716494845,2044.1656632474228,5.418927113402062,4.946608144329897,-1.5604359793814433,49.48964532616606,49.07745416244433,46.07072691552062,824,132,pitch_type_specific,Changeup
"Martzolf, Max",824782.0,OTT_TIT,Changeup,R,103,66,42.06018463080007,14.996725605762936,1299,169,72,Tight High-Spin Breakers,1,9.431473092783506,-19.534553917525773,83.23750716494845,2044.1656632474228,5.418927113402062,4.946608144329897,-1.5604359793814433,49.48964532616606,49.07745416244433,46.07072691552062,825,133,pitch_type_specific,Changeup
"Gordillo, Lucas",808851.0,TRI_VAL,Four-Seam,R,111,50,46.4627111206801,34.70857891290111,998,324,175,Soft-Speed Separation,0,16.88090546558704,9.910440121457489,90.87966736842104,2101.8651927125507,6.186549311740891,5.997751295546559,2.013975182186235,49.48437267386334,49.058197490892915,45.939751146037985,826,175,pitch_type_specific,Four-Seam
"Gordillo, Lucas",808851.0,TRI_VAL,Four-Seam,L,136,50,43.75769798381421,20.497707924034053,1215,407,195,Soft-Speed Separation,0,16.88090546558704,9.910440121457489,90.87966736842104,2101.8651927125507,6.186549311740891,5.997751295546559,2.013975182186235,49.48437267386334,49.058197490892915,45.939751146037985,827,176,pitch_type_specific,Four-Seam
"Eckaus, David",824671.0,EVA_OTT,Four-Seam,L,113,77,46.64416128332087,35.952848722986246,979,315,147,Soft-Speed Separation,0,15.015213852813853,-11.337096926406923,91.15246164502165,2351.813466233766,6.130060432900433,5.74555961038961,-1.1541678787878786,49.46563516235166,48.989764739375225,45.80877537655534,828,177,pitch_type_specific,Four-Seam
"Eckaus, David",824671.0,EVA_OTT,Four-Seam,R,118,77,46.31787364262192,33.529796987557305,1016,331,176,Soft-Speed Separation,0,15.015213852813853,-11.337096926406923,91.15246164502165,2351.813466233766,6.130060432900433,5.74555961038961,-1.1541678787878786,49.46563516235166,48.989764739375225,45.80877537655534,829,178,pitch_type_specific,Four-Seam
"Maietta, Dante",1000137704.0,WIN_CIT29,Four-Seam,L,187,144,47.97922092124408,42.960052390307794,872,275,123,Soft-Speed Separation,0,19.151225754060324,9.314422320185615,88.37683895591647,2049.238116009281,6.052572343387471,6.50105668213457,1.0466908120649652,49.46169271503987,48.97536621494516,45.677799607072686,830,179,pitch_type_specific,Four-Seam
"Maietta, Dante",1000137704.0,WIN_CIT29,Four-Seam,R,244,144,47.8085810026646,42.23968565815324,883,278,154,Soft-Speed Separation,0,19.151225754060324,9.314422320185615,88.37683895591647,2049.238116009281,6.052572343387471,6.50105668213457,1.0466908120649652,49.46169271503987,48.97536621494516,45.677799607072686,831,180,pitch_type_specific,Four-Seam
"Cohn, Cooper",1000301881.0,NIU_HUS,Four-Seam,R,38,26,54.99395114053392,77.21021611001964,349,86,49,Soft-Speed Separation,0,17.801946857142855,12.584340571428571,91.068749,2195.3771314285714,5.955519285714286,5.893885285714286,0.7525884285714286,49.452394730840275,48.94140830959847,45.54682383759005,832,181,pitch_type_specific,Four-Seam
"Cohn, Cooper",1000301881.0,NIU_HUS,Four-Seam,L,32,26,43.78075880970946,20.6286836935167,1213,406,194,Soft-Speed Separation,0,17.801946857142855,12.584340571428571,91.068749,2195.3771314285714,5.955519285714286,5.893885285714286,0.7525884285714286,49.452394730840275,48.94140830959847,45.54682383759005,833,182,pitch_type_specific,Four-Seam
"Binns, Malik",702238.0,NEW_JER6,Curveball,R,28,13,62.673555904795705,94.76096922069416,81,11,8,Tight High-Spin Breakers,1,-7.552233454545455,-16.192382,74.82743545454547,2448.3027,5.951959272727272,5.963799272727273,1.101261090909091,49.426960971999314,48.84851966225385,45.4158480681074,834,114,pitch_type_specific,Curveball
"Binns, Malik",702238.0,NEW_JER6,Curveball,L,27,13,59.57990615128136,89.84937786509497,156,24,6,Tight High-Spin Breakers,1,-7.552233454545455,-16.192382,74.82743545454547,2448.3027,5.951959272727272,5.963799272727273,1.101261090909091,49.426960971999314,48.84851966225385,45.4158480681074,835,115,pitch_type_specific,Curveball
"Shinn, Nathan",1000490914.0,LAK_ERI24,Four-Seam,L,101,73,56.43161539615009,81.46692861820564,284,63,27,Soft-Speed Separation,0,17.40977764,-9.48407284,89.0775906,1970.19583,5.88117904,5.802242000000001,-2.28558964,49.42153578738129,48.828705915339185,45.284872298624755,836,183,pitch_type_specific,Four-Seam
"Shinn, Nathan",1000490914.0,LAK_ERI24,Four-Seam,R,149,73,52.166005923079695,64.44007858546169,544,147,86,Soft-Speed Separation,0,17.40977764,-9.48407284,89.0775906,1970.19583,5.88117904,5.802242000000001,-2.28558964,49.42153578738129,48.828705915339185,45.284872298624755,837,184,pitch_type_specific,Four-Seam
"Bihm, Gage",815079.0,MIS_MUD,Four-Seam,L,73,58,52.878290318446886,67.9109364767518,491,130,55,Soft-Speed Separation,0,15.083965388888888,-10.831095111111113,92.11687355555556,1946.1910916666664,5.441457166666667,6.316817,-1.5048714444444449,49.419598501995075,48.82163060176988,45.15389652914211,838,185,pitch_type_specific,Four-Seam
"Bihm, Gage",815079.0,MIS_MUD,Four-Seam,R,107,58,48.85206456393432,48.33005893909627,790,238,131,Soft-Speed Separation,0,15.083965388888888,-10.831095111111113,92.11687355555556,1946.1910916666664,5.441457166666667,6.316817,-1.5048714444444449,49.419598501995075,48.82163060176988,45.15389652914211,839,186,pitch_type_specific,Four-Seam
"Blair, Davis",836357.0,DOW_EAS1,Four-Seam,R,111,62,46.49481298544437,34.83955468238376,996,322,173,Soft-Speed Separation,0,16.603778039215687,8.077865049019607,91.7036124509804,2083.65732254902,5.593647598039215,5.866440980392157,0.7180963725490196,49.41671296424846,48.81109210056678,45.02292075965946,840,187,pitch_type_specific,Four-Seam
"Blair, Davis",836357.0,DOW_EAS1,Four-Seam,L,93,62,45.78866782047786,30.910281597904387,1056,347,165,Soft-Speed Separation,0,16.603778039215687,8.077865049019607,91.7036124509804,2083.65732254902,5.593647598039215,5.866440980392157,0.7180963725490196,49.41671296424846,48.81109210056678,45.02292075965946,841,188,pitch_type_specific,Four-Seam
"Thebiay, Nolan",1000338675.0,EVA_OTT,Four-Seam,R,300,138,52.53997243392017,66.2082514734774,517,136,80,Soft-Speed Separation,0,17.607267394636015,9.21373174329502,89.49507030651341,2275.832982375479,6.813835804597701,5.638287413793103,1.4859954789272032,49.415807333437556,48.80778457447343,44.89194499017682,842,189,pitch_type_specific,Four-Seam
"Thebiay, Nolan",1000338675.0,EVA_OTT,Four-Seam,L,222,138,51.47440498565,61.29666011787819,592,163,71,Soft-Speed Separation,0,17.607267394636015,9.21373174329502,89.49507030651341,2275.832982375479,6.813835804597701,5.638287413793103,1.4859954789272032,49.415807333437556,48.80778457447343,44.89194499017682,843,190,pitch_type_specific,Four-Seam
"Sparks, Alec",836152.0,GAT_GRI,Four-Seam,R,213,134,46.72379471944658,36.41126391617551,972,311,167,Soft-Speed Separation,0,17.153766887052342,4.861927300275482,91.02050815426998,2178.950567217631,5.902677548209367,7.10328044077135,0.7958028650137741,49.41131177537107,48.79136599039915,44.76096922069417,844,191,pitch_type_specific,Four-Seam
"Sparks, Alec",836152.0,GAT_GRI,Four-Seam,L,150,134,46.23754619428777,33.071381794368044,1023,335,158,Soft-Speed Separation,0,17.153766887052342,4.861927300275482,91.02050815426998,2178.950567217631,5.902677548209367,7.10328044077135,0.7958028650137741,49.41131177537107,48.79136599039915,44.76096922069417,845,192,pitch_type_specific,Four-Seam
"Rodriguez, Leonardo",673164.0,NEW_JER6,Four-Seam,R,87,62,52.66524710955064,67.19056974459725,502,133,77,Soft-Speed Separation,0,15.553700165745855,10.31046497237569,92.2306785082873,2439.5367425414365,6.567419668508288,5.946496408839779,2.384861049723757,49.39921042528344,48.74716969020962,44.629993451211526,846,193,pitch_type_specific,Four-Seam
"Rodriguez, Leonardo",673164.0,NEW_JER6,Four-Seam,L,94,62,42.07567813912437,15.062213490504256,1298,441,210,Soft-Speed Separation,0,15.553700165745855,10.31046497237569,92.2306785082873,2439.5367425414365,6.567419668508288,5.946496408839779,2.384861049723757,49.39921042528344,48.74716969020962,44.629993451211526,847,194,pitch_type_specific,Four-Seam
"Scott, Brandon",1000138331.0,LAK_ERI24,Changeup,R,202,64,47.90228335197916,42.63261296660118,877,114,50,Tight High-Spin Breakers,1,2.152890753138075,-12.430656569037655,81.18280108786611,1511.393429707113,5.754982887029289,5.404350836820083,-1.7224082426778242,49.39240520952342,48.72231582213649,44.49901768172888,848,134,pitch_type_specific,Changeup
"Scott, Brandon",1000138331.0,LAK_ERI24,Changeup,L,37,64,46.69165806785632,36.21480026195154,975,131,75,Tight High-Spin Breakers,1,2.152890753138075,-12.430656569037655,81.18280108786611,1511.393429707113,5.754982887029289,5.404350836820083,-1.7224082426778242,49.39240520952342,48.72231582213649,44.49901768172888,849,135,pitch_type_specific,Changeup
"Bargo, Casey",1000492781.0,NEW_ENG23,Four-Seam,R,67,45,48.77254002334959,47.806155861165685,798,241,134,Soft-Speed Separation,0,16.034584081632655,12.726656938775507,92.18434054421768,2282.196284353741,6.185604149659864,5.99526149659864,2.317713197278912,49.38917563773337,48.71052084692439,44.368041912246234,850,195,pitch_type_specific,Four-Seam
"Bargo, Casey",1000492781.0,NEW_ENG23,Four-Seam,L,80,45,46.33759591470563,33.79174852652259,1012,330,155,Soft-Speed Separation,0,16.034584081632655,12.726656938775507,92.18434054421768,2282.196284353741,6.185604149659864,5.99526149659864,2.317713197278912,49.38917563773337,48.71052084692439,44.368041912246234,851,196,pitch_type_specific,Four-Seam
"De Jesus, Larry",692356.0,DOW_EAS1,Four-Seam,R,31,22,55.22630196391536,77.86509495743287,339,82,48,Soft-Speed Separation,0,16.986478243243244,12.232610405405405,89.99469243243243,2406.631193243243,5.24629,5.708320945945946,2.0084086486486488,49.38751784255148,48.704466281691495,44.23706614276359,852,197,pitch_type_specific,Four-Seam
"De Jesus, Larry",692356.0,DOW_EAS1,Four-Seam,L,43,22,52.1270946948825,64.24361493123773,547,148,62,Soft-Speed Separation,0,16.986478243243244,12.232610405405405,89.99469243243243,2406.631193243243,5.24629,5.708320945945946,2.0084086486486488,49.38751784255148,48.704466281691495,44.23706614276359,853,198,pitch_type_specific,Four-Seam
"Agosto, Justus",1000116159.0,TRI_VAL,Four-Seam,L,45,28,57.250292693327424,84.28290766208252,241,47,19,Soft-Speed Separation,0,17.618024743589746,8.140224615384614,89.30975461538462,2013.399978205128,6.045216923076923,5.77409641025641,1.3690646153846155,49.38683023636429,48.7019550206139,44.10609037328094,854,199,pitch_type_specific,Four-Seam
"Agosto, Justus",1000116159.0,TRI_VAL,Four-Seam,R,33,28,51.23300747459744,60.11787819253438,610,169,95,Soft-Speed Separation,0,17.618024743589746,8.140224615384614,89.30975461538462,2013.399978205128,6.045216923076923,5.77409641025641,1.3690646153846155,49.38683023636429,48.7019550206139,44.10609037328094,855,200,pitch_type_specific,Four-Seam
"Peters, Andrew",687107.0,NEW_JER6,Four-Seam,L,144,85,43.32819529720235,18.59855926653569,1244,420,201,Soft-Speed Separation,0,15.331356222222224,7.877145481481481,93.15675625925924,2229.1901337037034,6.66336462962963,5.791826814814815,1.340349962962963,49.38181101057714,48.68362390813458,43.975114603798296,856,201,pitch_type_specific,Four-Seam
"Peters, Andrew",687107.0,NEW_JER6,Four-Seam,R,126,85,42.77249488002694,17.157825802226586,1266,431,225,Soft-Speed Separation,0,15.331356222222224,7.877145481481481,93.15675625925924,2229.1901337037034,6.66336462962963,5.791826814814815,1.340349962962963,49.38181101057714,48.68362390813458,43.975114603798296,857,202,pitch_type_specific,Four-Seam
"Henderson, Drew",1000429021.0,DOW_EAS1,Four-Seam,R,225,147,47.19902182588065,38.9652914210871,933,294,161,Soft-Speed Separation,0,18.542734863636365,13.175942045454546,89.07943697727274,2249.5276275,5.713321068181818,5.9712730681818185,1.2095514772727272,49.37391049349376,48.65476980325032,43.84413883431565,858,203,pitch_type_specific,Four-Seam
"Henderson, Drew",1000429021.0,DOW_EAS1,Four-Seam,L,215,147,45.45139662343404,28.552717747216764,1092,359,171,Soft-Speed Separation,0,18.542734863636365,13.175942045454546,89.07943697727274,2249.5276275,5.713321068181818,5.9712730681818185,1.2095514772727272,49.37391049349376,48.65476980325032,43.84413883431565,859,204,pitch_type_specific,Four-Seam
"Dill, Austin",1000429156.0,TRI_VAL,Changeup,L,118,45,59.898528994803456,90.96267190569743,139,20,13,Soft-Speed Separation,0,10.672417450980392,16.50382,80.49617122549019,1931.0763039215683,5.228787598039215,6.213267843137255,1.7451846568627452,49.36582633650791,48.62524501251714,43.713163064833005,860,136,pitch_type_specific,Changeup
"Dill, Austin",1000429156.0,TRI_VAL,Changeup,R,86,45,52.28605262658368,65.09495743287492,534,77,33,Soft-Speed Separation,0,10.672417450980392,16.50382,80.49617122549019,1931.0763039215683,5.228787598039215,6.213267843137255,1.7451846568627452,49.36582633650791,48.62524501251714,43.713163064833005,861,137,pitch_type_specific,Changeup
"Matos, Dwayne",684228.0,OTT_TIT,Changeup,L,157,64,46.8700750155528,37.13163064833006,961,130,74,Soft-Speed Separation,0,3.5978434468085108,15.925233361702126,83.99353029787234,1525.109069787234,6.37591970212766,4.977513702127659,1.451993744680851,49.36475155538906,48.62131971917197,43.58218729535036,862,138,pitch_type_specific,Changeup
"Matos, Dwayne",684228.0,OTT_TIT,Changeup,R,78,64,41.01078739887751,11.853307138179437,1347,174,76,Soft-Speed Separation,0,3.5978434468085108,15.925233361702126,83.99353029787234,1525.109069787234,6.37591970212766,4.977513702127659,1.451993744680851,49.36475155538906,48.62131971917197,43.58218729535036,863,139,pitch_type_specific,Changeup
"Good, Ty",688612.0,GAT_GRI,Four-Seam,R,273,144,50.24521705690634,54.09299279633268,702,202,114,Soft-Speed Separation,0,18.744603371040725,4.765829457013575,89.25754658371041,2096.7465619909503,6.126406651583711,7.005195814479638,-0.1889312443438914,49.35120954458251,48.571861867738654,43.45121152586772,864,205,pitch_type_specific,Four-Seam
"Good, Ty",688612.0,GAT_GRI,Four-Seam,L,169,144,46.73661482302103,36.47675180091683,971,310,144,Soft-Speed Separation,0,18.744603371040725,4.765829457013575,89.25754658371041,2096.7465619909503,6.126406651583711,7.005195814479638,-0.1889312443438914,49.35120954458251,48.571861867738654,43.45121152586772,865,206,pitch_type_specific,Four-Seam
"Lefebvre, Charles",1000429097.0,TRO_AIG,Changeup,L,99,41,44.99625889811844,25.736738703339885,1135,143,82,Soft-Speed Separation,0,5.811201217391305,14.661823652173911,82.63889591304347,1613.1556182608697,6.685436695652173,6.271230434782609,1.1188009565217392,49.342784844989794,48.54109335434881,43.352979698755725,866,140,pitch_type_specific,Changeup
"De Los Santos, Enmanuel",679735.0,NEW_ENG23,Four-Seam,R,119,51,51.77441976314856,62.67190569744597,571,157,91,Soft-Speed Separation,0,18.1278088,4.1469771,88.4987476,2119.7034375,6.7906403,6.373048750000001,0.87410765,49.34078011353573,48.533771715647205,43.254747871643744,867,207,pitch_type_specific,Four-Seam
"De Los Santos, Enmanuel",679735.0,NEW_ENG23,Four-Seam,L,81,51,47.20659962697338,39.030779305828425,932,293,133,Soft-Speed Separation,0,18.1278088,4.1469771,88.4987476,2119.7034375,6.7906403,6.373048750000001,0.87410765,49.34078011353573,48.533771715647205,43.254747871643744,868,208,pitch_type_specific,Four-Seam
"Cosentino, Nick",700818.0,JOL_SLA,Four-Seam,R,30,27,38.13989520965695,5.1735428945645054,1449,483,248,Soft-Speed Separation,0,16.941140119047617,11.14870011904762,90.52042095238096,2219.650622619048,5.48271869047619,6.174804047619047,1.803099404761905,49.32669588208815,48.482333577217304,43.1237721021611,869,209,pitch_type_specific,Four-Seam
"Cosentino, Nick",700818.0,JOL_SLA,Four-Seam,L,54,27,32.73215542260039,1.2442698100851344,1509,495,245,Soft-Speed Separation,0,16.941140119047617,11.14870011904762,90.52042095238096,2219.650622619048,5.48271869047619,6.174804047619047,1.803099404761905,49.32669588208815,48.482333577217304,43.1237721021611,870,210,pitch_type_specific,Four-Seam
"Cooper, Garrett",1000327042.0,NEW_YOR13,Curveball,R,81,48,50.25011306197671,54.223968565815326,700,82,46,Tight High-Spin Breakers,1,-5.630428881987577,-6.713257142857143,76.22181024844721,2193.945965838509,5.549644968944099,5.682045465838509,1.446722111801242,49.32511864109324,48.47657321031794,42.99279633267846,871,116,pitch_type_specific,Curveball
"Cooper, Garrett",1000327042.0,NEW_YOR13,Curveball,L,80,48,48.77346697004489,47.87164374590701,797,93,41,Tight High-Spin Breakers,1,-5.630428881987577,-6.713257142857143,76.22181024844721,2193.945965838509,5.549644968944099,5.682045465838509,1.446722111801242,49.32511864109324,48.47657321031794,42.99279633267846,872,117,pitch_type_specific,Curveball
"Harris, Ben",1000390130.0,GAT_GRI,Four-Seam,R,297,162,46.650475036261,36.01833660772757,978,314,168,Soft-Speed Separation,0,17.046370471311477,8.622196987704918,91.11325030737706,2350.897326639345,5.885457909836065,6.299534426229508,0.616350430327869,49.322093582782834,48.46552515500102,42.861820563195806,873,211,pitch_type_specific,Four-Seam
"Harris, Ben",1000390130.0,GAT_GRI,Four-Seam,L,191,162,45.36756231410848,28.028814669286184,1100,362,172,Soft-Speed Separation,0,17.046370471311477,8.622196987704918,91.11325030737706,2350.897326639345,5.885457909836065,6.299534426229508,0.616350430327869,49.322093582782834,48.46552515500102,42.861820563195806,874,212,pitch_type_specific,Four-Seam
"Langhorne, Miles",695680.0,SUS_COU1,Four-Seam,R,40,21,62.0170748025585,93.97511460379827,93,12,8,Soft-Speed Separation,0,14.174214428571428,3.7800477142857134,93.92540071428571,2304.484337142857,6.502676,6.004582714285714,1.2088032857142856,49.31030765988189,48.42248085145068,42.73084479371316,875,213,pitch_type_specific,Four-Seam
"Langhorne, Miles",695680.0,SUS_COU1,Four-Seam,L,30,21,56.93418215836732,83.16961362148002,258,51,22,Soft-Speed Separation,0,14.174214428571428,3.7800477142857134,93.92540071428571,2304.484337142857,6.502676,6.004582714285714,1.2088032857142856,49.31030765988189,48.42248085145068,42.73084479371316,876,214,pitch_type_specific,Four-Seam
"Earwood, Micah",1000112366.0,SUS_COU1,Curveball,R,49,17,56.04176176271595,80.68107400130977,296,43,27,Tight High-Spin Breakers,1,-6.811228173076923,-6.2001426923076925,78.61544480769231,2457.887265384615,5.463827115384616,5.600565096153845,2.372930673076924,49.309732735310405,48.4203811238365,42.59986902423052,877,118,pitch_type_specific,Curveball
"Earwood, Micah",1000112366.0,SUS_COU1,Curveball,L,55,17,54.00541493369076,73.28094302554028,409,54,21,Tight High-Spin Breakers,1,-6.811228173076923,-6.2001426923076925,78.61544480769231,2457.887265384615,5.463827115384616,5.600565096153845,2.372930673076924,49.309732735310405,48.4203811238365,42.59986902423052,878,119,pitch_type_specific,Curveball
"Lovin, Xander",815234.0,GAT_GRI,Slider,R,90,41,47.69237304934279,41.8467583497053,889,233,141,Tight High-Spin Breakers,1,3.125820955414013,-3.6313929299363057,84.9607023566879,2438.0245426751594,4.9126793630573244,6.050335350318472,0.9268422929936306,49.307683540105856,48.41289709554615,42.46889325474787,879,313,pitch_type_specific,Slider
"Lovin, Xander",815234.0,GAT_GRI,Slider,L,67,41,44.29879394317842,22.26588081204977,1188,280,119,Tight High-Spin Breakers,1,3.125820955414013,-3.6313929299363057,84.9607023566879,2438.0245426751594,4.9126793630573244,6.050335350318472,0.9268422929936306,49.307683540105856,48.41289709554615,42.46889325474787,880,314,pitch_type_specific,Slider
"Campbell, Tyler",809429.0,MIS_MUD,Cutter,L,56,54,48.42437175825196,45.841519318926,828,31,16,Soft-Speed Separation,0,8.406101212121213,-3.785945909090909,83.81709537878787,2273.752988636364,6.066808484848485,4.901025681818182,-2.520580606060606,49.29228619254135,48.35666322162662,42.33791748526522,881,27,pitch_type_specific,Cutter
"Campbell, Tyler",809429.0,MIS_MUD,Cutter,R,76,54,46.43529143445003,34.577603143418465,1000,42,23,Soft-Speed Separation,0,8.406101212121213,-3.785945909090909,83.81709537878787,2273.752988636364,6.066808484848485,4.901025681818182,-2.520580606060606,49.29228619254135,48.35666322162662,42.33791748526522,882,28,pitch_type_specific,Cutter
"Hopewell, Chase",803045.0,FLO_Y'A,Four-Seam,R,133,80,56.53182873254167,81.9253438113949,277,59,34,Soft-Speed Separation,0,16.651006956521737,11.309374743083003,92.94931695652171,2216.417990513834,6.493046126482213,6.721264940711462,0.8161105533596837,49.284116596087074,48.3268263906362,42.206941715782584,883,215,pitch_type_specific,Four-Seam
"Hopewell, Chase",803045.0,FLO_Y'A,Four-Seam,L,120,80,52.249466484965865,64.96398166339226,536,143,59,Soft-Speed Separation,0,16.651006956521737,11.309374743083003,92.94931695652171,2216.417990513834,6.493046126482213,6.721264940711462,0.8161105533596837,49.284116596087074,48.3268263906362,42.206941715782584,884,216,pitch_type_specific,Four-Seam
"Cerda, Junior",693702.0,EVA_OTT,Four-Seam,R,59,33,56.043012159971966,80.74656188605108,295,66,39,Soft-Speed Separation,0,15.304140787401575,15.699037716535434,93.18144102362204,2225.383115748032,5.521705039370079,5.187389212598426,1.9941547244094489,49.279346790988356,48.30940620723005,42.07596594629994,885,217,pitch_type_specific,Four-Seam
"Cerda, Junior",693702.0,EVA_OTT,Four-Seam,L,68,33,49.01871475889877,49.05042567125082,779,233,106,Soft-Speed Separation,0,15.304140787401575,15.699037716535434,93.18144102362204,2225.383115748032,5.521705039370079,5.187389212598426,1.9941547244094489,49.279346790988356,48.30940620723005,42.07596594629994,886,218,pitch_type_specific,Four-Seam
"Delaney, Carter",1000039247.0,WIN_CIT29,Four-Seam,R,73,43,55.76076887035317,79.6332678454486,312,71,41,Soft-Speed Separation,0,17.951477066666666,9.4420354,88.94766106666667,2226.4078133333333,6.3028922000000005,6.1374972,1.331887933333333,49.27483882859162,48.29294232031771,41.944990176817285,887,219,pitch_type_specific,Four-Seam
"Delaney, Carter",1000039247.0,WIN_CIT29,Four-Seam,L,77,43,51.52986673652257,61.68958742632613,586,162,70,Soft-Speed Separation,0,17.951477066666666,9.4420354,88.94766106666667,2226.4078133333333,6.3028922000000005,6.1374972,1.331887933333333,49.27483882859162,48.29294232031771,41.944990176817285,888,220,pitch_type_specific,Four-Seam
"Baker, Luke",694914.0,EVA_OTT,Curveball,L,37,11,48.214200135479366,44.85920104780616,843,98,44,Tight High-Spin Breakers,1,-7.376609827586207,9.671356379310344,75.5467501724138,2694.354512068965,5.509847586206897,5.996036206896552,-1.645571896551724,49.26095953272873,48.24225264338629,41.846758349705304,889,120,pitch_type_specific,Curveball
"Gollert, Harley",8890793.0,QUE_CAP,Four-Seam,R,57,26,43.207191169686034,18.20563195808776,1250,423,222,Soft-Speed Separation,0,16.595323950617285,-8.310875185185186,88.70125308641975,2168.670632098765,5.589722962962963,5.755130617283951,-1.3369017283950615,49.25782785038284,48.230815177974996,41.78127046496398,890,221,pitch_type_specific,Four-Seam
"Miranda, Kevin",806656.0,OTT_TIT,Four-Seam,L,96,72,48.87166150642639,48.59201047806156,786,235,107,Soft-Speed Separation,0,19.391296243386243,13.615765608465608,87.17648497354497,2170.131697354497,5.754173703703703,5.405243756613756,0.9106280423280424,49.25428639011174,48.21788113011112,41.683038637852,891,222,pitch_type_specific,Four-Seam
"Miranda, Kevin",806656.0,OTT_TIT,Four-Seam,R,93,72,45.885896384494856,31.43418467583497,1048,344,181,Soft-Speed Separation,0,19.391296243386243,13.615765608465608,87.17648497354497,2170.131697354497,5.754173703703703,5.405243756613756,0.9106280423280424,49.25428639011174,48.21788113011112,41.683038637852,892,223,pitch_type_specific,Four-Seam
"Ginn, Landon",701061.0,WAS_WIL3,Four-Seam,R,67,47,59.78761146010206,90.5042567125082,146,21,14,Soft-Speed Separation,0,15.428259225352113,3.353012887323944,91.8551597887324,2597.4609119718307,5.636992816901409,6.442122746478873,0.6598204929577465,49.2502294853556,48.20306458657305,41.55206286836935,893,224,pitch_type_specific,Four-Seam
"Ginn, Landon",701061.0,WAS_WIL3,Four-Seam,L,75,47,49.494765087372144,50.75311067452522,753,220,98,Soft-Speed Separation,0,15.428259225352113,3.353012887323944,91.8551597887324,2597.4609119718307,5.636992816901409,6.442122746478873,0.6598204929577465,49.2502294853556,48.20306458657305,41.55206286836935,894,225,pitch_type_specific,Four-Seam
"Townes, Holland",830218.0,SCH_BOO,Four-Seam,R,70,62,48.45971903323655,46.10347085789129,824,251,137,Soft-Speed Separation,0,15.3111822147651,13.063708523489934,92.6376377181208,2201.7114234899327,5.402490402684564,5.954870939597315,2.3310093288590603,49.2378639110437,48.157903292143324,41.42108709888671,895,226,pitch_type_specific,Four-Seam
"Townes, Holland",830218.0,SCH_BOO,Four-Seam,L,79,62,45.0780274327778,26.45710543549444,1124,371,179,Soft-Speed Separation,0,15.3111822147651,13.063708523489934,92.6376377181208,2201.7114234899327,5.402490402684564,5.954870939597315,2.3310093288590603,49.2378639110437,48.157903292143324,41.42108709888671,896,227,pitch_type_specific,Four-Seam
"Cook, Cole",1000161363.0,SCH_BOO,Sinker,L,53,35,53.16535489989312,69.3516699410609,469,46,23,Tight High-Spin Breakers,1,12.15437313559322,-11.63383186440678,84.86627745762712,2258.373113559322,5.3149772881355934,5.740557796610169,-1.0495943220338984,49.23697552087141,48.15465873195328,41.29011132940406,897,43,pitch_type_specific,Sinker
"Cook, Cole",1000161363.0,SCH_BOO,Sinker,R,65,35,50.26355213717433,54.420432220039295,697,80,37,Tight High-Spin Breakers,1,12.15437313559322,-11.63383186440678,84.86627745762712,2258.373113559322,5.3149772881355934,5.740557796610169,-1.0495943220338984,49.23697552087141,48.15465873195328,41.29011132940406,898,44,pitch_type_specific,Sinker
"Toribio, Noe",672848.0,TRO_AIG,Changeup,R,61,59,53.06922754074711,68.762278978389,478,67,27,Soft-Speed Separation,0,6.876185811320754,16.442359886792453,83.12861566037735,1985.441521509434,5.6535871698113205,5.752336150943396,2.3099710943396228,49.23502288464092,48.1475273543484,41.15913555992142,899,141,pitch_type_specific,Changeup
"Toribio, Noe",672848.0,TRO_AIG,Changeup,L,204,59,52.31394026720171,65.42239685658153,529,76,44,Soft-Speed Separation,0,6.876185811320754,16.442359886792453,83.12861566037735,1985.441521509434,5.6535871698113205,5.752336150943396,2.3099710943396228,49.23502288464092,48.1475273543484,41.15913555992142,900,142,pitch_type_specific,Changeup
"Fowler, Dalton",687096.0,SUS_COU1,Four-Seam,L,43,20,56.46367796523937,81.59790438768827,282,61,26,Soft-Speed Separation,0,14.637967640449435,-10.859139101123596,92.19468202247192,2106.6310078651686,5.569549325842696,6.606794719101123,-1.419548426966292,49.22862852062382,48.124173990502676,41.028159790438764,901,228,pitch_type_specific,Four-Seam
"Fowler, Dalton",687096.0,SUS_COU1,Four-Seam,R,46,20,46.118420178618194,32.54747871643746,1031,339,179,Soft-Speed Separation,0,14.637967640449435,-10.859139101123596,92.19468202247192,2106.6310078651686,5.569549325842696,6.606794719101123,-1.419548426966292,49.22862852062382,48.124173990502676,41.028159790438764,902,229,pitch_type_specific,Four-Seam
"Ginn, Landon",701061.0,WAS_WIL3,Cutter,R,61,18,48.00339763010518,43.28749181401441,867,34,18,Tight High-Spin Breakers,1,3.164401621621621,-1.9730206306306304,86.26817252252252,2840.7051108108108,5.367656306306306,6.295024054054053,1.016524954954955,49.227093199781756,48.11856672351743,40.897184020956125,903,29,pitch_type_specific,Cutter
"Ginn, Landon",701061.0,WAS_WIL3,Cutter,L,50,18,43.467131644400574,18.925998690242302,1239,55,27,Tight High-Spin Breakers,1,3.164401621621621,-1.9730206306306304,86.26817252252252,2840.7051108108108,5.367656306306306,6.295024054054053,1.016524954954955,49.227093199781756,48.11856672351743,40.897184020956125,904,30,pitch_type_specific,Cutter
"Kines, Gunnar",665129.0,JOL_SLA,Four-Seam,R,289,158,54.97659106928467,77.079240340537,351,87,50,Soft-Speed Separation,0,17.320050998043055,-12.300710880626225,86.2401963405088,2230.389572015656,5.850705733855186,6.0510839530332685,-1.0343677690802349,49.22697267231224,48.11812653558922,40.76620825147348,905,230,pitch_type_specific,Four-Seam
"Kines, Gunnar",665129.0,JOL_SLA,Four-Seam,L,222,158,54.976316718773575,77.01375245579568,352,88,38,Soft-Speed Separation,0,17.320050998043055,-12.300710880626225,86.2401963405088,2230.389572015656,5.850705733855186,6.0510839530332685,-1.0343677690802349,49.22697267231224,48.11812653558922,40.76620825147348,906,231,pitch_type_specific,Four-Seam
"Grills, Evan",592361.0,OTT_TIT,Four-Seam,R,37,14,39.45943094980149,7.531106745252128,1413,471,243,Soft-Speed Separation,0,16.774036862745096,-10.60027549019608,88.3377356862745,2219.721847058823,5.441846862745098,6.392378431372549,-1.53922,49.212323287443276,48.064624355537184,40.66797642436149,907,232,pitch_type_specific,Four-Seam
"Roland, Cole",813401.0,QUE_CAP,Changeup,R,33,17,52.56185864507747,66.27373935821873,516,74,31,Soft-Speed Separation,0,10.351916197183098,9.576182253521129,82.57694,2033.302404225352,5.564836901408451,5.607161267605634,1.162455352112676,49.2104807809947,48.057895191641194,40.56974459724951,908,143,pitch_type_specific,Changeup
"Roland, Cole",813401.0,QUE_CAP,Changeup,L,38,17,52.19912787509633,64.57105435494434,542,78,45,Soft-Speed Separation,0,10.351916197183098,9.576182253521129,82.57694,2033.302404225352,5.564836901408451,5.607161267605634,1.162455352112676,49.2104807809947,48.057895191641194,40.56974459724951,909,144,pitch_type_specific,Changeup
"McKillican, Adam",1000570064.0,QUE_CAP,Changeup,L,37,23,55.30288611374458,78.06155861165685,336,44,27,Soft-Speed Separation,0,10.266131714285716,13.061906,85.51391328571428,1713.7797785714286,6.787187714285714,5.9040927142857145,1.6324174285714286,49.20727885996757,48.04620120197281,40.438768827766864,910,145,pitch_type_specific,Changeup
"McKillican, Adam",1000570064.0,QUE_CAP,Changeup,R,33,23,53.277413966045984,69.74459724950884,463,64,25,Soft-Speed Separation,0,10.266131714285716,13.061906,85.51391328571428,1713.7797785714286,6.787187714285714,5.9040927142857145,1.6324174285714286,49.20727885996757,48.04620120197281,40.438768827766864,911,146,pitch_type_specific,Changeup
"Correa, Nelvin",673388.0,QUE_CAP,Cutter,R,51,31,61.34009003820178,93.18925998690244,105,4,2,Soft-Speed Separation,0,11.846891090909091,-0.4848065454545454,87.54748018181819,2242.874537272727,5.975717545454546,6.189721818181819,1.6125134545454545,49.204512620146495,48.03609839818288,40.30779305828422,912,31,pitch_type_specific,Cutter
"Correa, Nelvin",673388.0,QUE_CAP,Cutter,L,59,31,59.99606201402575,91.0936476751801,137,6,3,Soft-Speed Separation,0,11.846891090909091,-0.4848065454545454,87.54748018181819,2242.874537272727,5.975717545454546,6.189721818181819,1.6125134545454545,49.204512620146495,48.03609839818288,40.30779305828422,913,32,pitch_type_specific,Cutter
"Sanchez, Sergio",1000583994.0,MIS_MUD,Four-Seam,L,66,52,53.719738033613616,72.2331368696791,425,111,47,Soft-Speed Separation,0,15.197055357142858,9.944937142857144,92.06387885714284,2299.0623892857143,6.372535642857143,5.529123928571429,1.9894678571428568,49.199364586899925,48.01729685776767,40.17681728880157,914,233,pitch_type_specific,Four-Seam
"Sanchez, Sergio",1000583994.0,MIS_MUD,Four-Seam,R,74,52,52.96166942390043,68.43483955468238,483,126,73,Soft-Speed Separation,0,15.197055357142858,9.944937142857144,92.06387885714284,2299.0623892857143,6.372535642857143,5.529123928571429,1.9894678571428568,49.199364586899925,48.01729685776767,40.17681728880157,915,234,pitch_type_specific,Four-Seam
"Miner, Jace",701731.0,DOW_EAS1,Curveball,R,57,28,51.343590768281686,60.64178127046497,602,74,43,Tight High-Spin Breakers,1,2.544320275229358,11.175811834862383,75.81478917431193,1842.538944036697,5.42170119266055,4.769816788990826,-3.4398919266055046,49.198241516710894,48.01319520408036,40.04584151931893,916,121,pitch_type_specific,Curveball
"Miner, Jace",701731.0,DOW_EAS1,Curveball,L,52,28,50.4674705236215,55.86116568434839,675,81,36,Tight High-Spin Breakers,1,2.544320275229358,11.175811834862383,75.81478917431193,1842.538944036697,5.42170119266055,4.769816788990826,-3.4398919266055046,49.198241516710894,48.01319520408036,40.04584151931893,917,122,pitch_type_specific,Curveball
"Hohenstein, Liam",1000116556.0,WIN_CIT29,Changeup,L,61,27,45.58414542708598,29.73149967256057,1074,140,79,Soft-Speed Separation,0,11.06828380952381,8.987560833333333,84.07516392857143,1547.3320904761906,6.038689761904761,5.664114285714286,1.0877197619047618,49.18995407392013,47.982927977140214,39.94760969220694,918,147,pitch_type_specific,Changeup
"Rivera, Matthew",681344.0,NEW_ENG23,Four-Seam,R,92,56,48.02956126599699,43.48395546823838,864,270,149,Soft-Speed Separation,0,17.884483916083916,8.947142867132868,88.17412601398603,2393.4945125874124,6.42048062937063,6.208198741258741,1.6323844055944057,49.184657160179526,47.96358269846779,39.84937786509496,919,235,pitch_type_specific,Four-Seam
"Rivera, Matthew",681344.0,NEW_ENG23,Four-Seam,L,51,56,42.32958282170669,15.717092337917483,1288,436,208,Soft-Speed Separation,0,17.884483916083916,8.947142867132868,88.17412601398603,2393.4945125874124,6.42048062937063,6.208198741258741,1.6323844055944057,49.184657160179526,47.96358269846779,39.84937786509496,920,236,pitch_type_specific,Four-Seam
"Wehrle, Tyler",806332.0,WIN_CIT29,Four-Seam,L,80,50,63.5988436012225,96.2671905697446,58,9,3,Soft-Speed Separation,0,16.48209754237288,14.041585550847458,91.3452245338983,2321.599954661017,5.657934025423729,5.760217415254237,1.5760111440677966,49.182665830967984,47.956310007158784,39.71840209561231,921,237,pitch_type_specific,Four-Seam
"Wehrle, Tyler",806332.0,WIN_CIT29,Four-Seam,R,156,50,61.66666825760125,93.77865094957431,96,13,9,Soft-Speed Separation,0,16.48209754237288,14.041585550847458,91.3452245338983,2321.599954661017,5.657934025423729,5.760217415254237,1.5760111440677966,49.182665830967984,47.956310007158784,39.71840209561231,922,238,pitch_type_specific,Four-Seam
"Kramer, Cameron",1000249123.0,TRO_AIG,Four-Seam,R,41,23,48.86273542755654,48.461034708578914,788,237,130,Soft-Speed Separation,0,16.61647864197531,7.945938024691358,89.82310728395062,2244.836135802469,5.902143456790124,6.104593086419753,1.6631934567901234,49.17471396040574,47.92726835016246,39.587426326129666,923,239,pitch_type_specific,Four-Seam
"Kramer, Cameron",1000249123.0,TRO_AIG,Four-Seam,L,40,23,45.74968237354859,30.58284217419777,1061,349,167,Soft-Speed Separation,0,16.61647864197531,7.945938024691358,89.82310728395062,2244.836135802469,5.902143456790124,6.104593086419753,1.6631934567901234,49.17471396040574,47.92726835016246,39.587426326129666,924,240,pitch_type_specific,Four-Seam
"Miranda, Agnel",695064.0,NEW_JER6,Four-Seam,L,26,17,33.72894407967175,1.5717092337917484,1504,494,244,Soft-Speed Separation,0,15.5987666,9.77824,91.3725724,2185.517776,7.4492486,5.8697262,2.6491128,49.17413204737887,47.92514309945625,39.489194499017685,925,241,pitch_type_specific,Four-Seam
"Valdez, Alex",677678.0,EVA_OTT,Slider,R,66,25,48.71012098855238,47.54420432220039,802,219,134,Tight High-Spin Breakers,1,3.5245828682170544,-2.5490586046511625,85.81953627906977,2167.426074418605,5.299358217054263,6.0607984496124025,1.807314186046512,49.163192199500884,47.88518881358383,39.3909626719057,926,315,pitch_type_specific,Slider
"Valdez, Alex",677678.0,EVA_OTT,Slider,L,63,25,39.52268825046522,7.7930582842174205,1409,315,140,Tight High-Spin Breakers,1,3.5245828682170544,-2.5490586046511625,85.81953627906977,2167.426074418605,5.299358217054263,6.0607984496124025,1.807314186046512,49.163192199500884,47.88518881358383,39.3909626719057,927,316,pitch_type_specific,Slider
"Hohenstein, Liam",1000116556.0,WIN_CIT29,Four-Seam,R,62,52,49.577417262311215,51.277013752455794,745,216,122,Soft-Speed Separation,0,17.423725317919075,4.257916647398845,87.97605312138728,1952.050883815029,5.857621560693642,5.712115780346821,1.0384178612716763,49.15634208067211,47.86017095145289,39.25998690242305,928,242,pitch_type_specific,Four-Seam
"Hohenstein, Liam",1000116556.0,WIN_CIT29,Four-Seam,L,111,52,45.99446960416119,32.02357563850688,1039,342,162,Soft-Speed Separation,0,17.423725317919075,4.257916647398845,87.97605312138728,1952.050883815029,5.857621560693642,5.712115780346821,1.0384178612716763,49.15634208067211,47.86017095145289,39.25998690242305,929,243,pitch_type_specific,Four-Seam
"Lovin, Xander",815234.0,GAT_GRI,Four-Seam,R,173,93,43.209636444970144,18.27111984282908,1249,422,221,Soft-Speed Separation,0,15.826603184713376,6.114814394904458,91.25760050955414,2311.931728980892,4.965079108280255,6.266396242038216,0.6862290127388535,49.116688982761126,47.71535072841754,39.129011132940406,930,244,pitch_type_specific,Four-Seam
"Lovin, Xander",815234.0,GAT_GRI,Four-Seam,L,141,93,41.04892262449309,12.049770792403406,1344,449,213,Soft-Speed Separation,0,15.826603184713376,6.114814394904458,91.25760050955414,2311.931728980892,4.965079108280255,6.266396242038216,0.6862290127388535,49.116688982761126,47.71535072841754,39.129011132940406,931,245,pitch_type_specific,Four-Seam
"Darden, Nathan",1000439869.0,FLO_Y'A,Four-Seam,R,77,57,51.87826702329555,63.261296660117885,562,154,90,Soft-Speed Separation,0,15.758784966887417,7.606319867549669,91.55986417218544,1934.6062304635764,5.382498278145696,5.905142715231788,1.047986953642384,49.11172893547954,47.697235746450744,38.99803536345776,932,246,pitch_type_specific,Four-Seam
"Darden, Nathan",1000439869.0,FLO_Y'A,Four-Seam,L,74,57,49.67977269950047,51.8664047151277,736,213,93,Soft-Speed Separation,0,15.758784966887417,7.606319867549669,91.55986417218544,1934.6062304635764,5.382498278145696,5.905142715231788,1.047986953642384,49.11172893547954,47.697235746450744,38.99803536345776,933,247,pitch_type_specific,Four-Seam
"Johnston, Spencer",800918.0,DOW_EAS1,Curveball,R,34,18,34.19521708532617,1.83366077275704,1500,154,83,Tight High-Spin Breakers,1,-4.667329848484848,-5.969047575757576,74.40371075757575,2132.5676606060606,5.683788939393939,6.434268939393939,1.715239393939394,49.10999072693721,47.690887497208095,38.867059593975114,934,123,pitch_type_specific,Curveball
"Johnston, Spencer",800918.0,DOW_EAS1,Curveball,L,32,18,32.2988937724824,1.0478061558611658,1512,156,73,Tight High-Spin Breakers,1,-4.667329848484848,-5.969047575757576,74.40371075757575,2132.5676606060606,5.683788939393939,6.434268939393939,1.715239393939394,49.10999072693721,47.690887497208095,38.867059593975114,935,124,pitch_type_specific,Curveball
"Masick, Jason",1000183506.0,NEW_YOR13,Four-Seam,L,34,24,47.36137566321611,40.01309757694826,917,287,129,Soft-Speed Separation,0,14.839007123287672,7.9818617808219186,94.275191369863,2131.049684931507,6.066157534246576,6.370088493150685,0.567277397260274,49.108574089390345,47.68571368289583,38.73608382449247,936,248,pitch_type_specific,Four-Seam
"Masick, Jason",1000183506.0,NEW_YOR13,Four-Seam,R,39,24,45.45447734830445,28.618205631958087,1091,358,188,Soft-Speed Separation,0,14.839007123287672,7.9818617808219186,94.275191369863,2131.049684931507,6.066157534246576,6.370088493150685,0.567277397260274,49.108574089390345,47.68571368289583,38.73608382449247,937,249,pitch_type_specific,Four-Seam
"Eldred, Zach",1000227712.0,NEW_ENG23,Four-Seam,R,204,197,51.16569911670308,59.72495088408645,616,170,96,Soft-Speed Separation,0,16.357721018867927,6.65766420754717,89.68730500000001,2496.106378490566,6.434875075471698,5.997687905660377,1.4816583396226417,49.10716341844176,47.68056165967024,38.60510805500982,938,250,pitch_type_specific,Four-Seam
"Eldred, Zach",1000227712.0,NEW_ENG23,Four-Seam,L,326,197,50.25185429725488,54.28945645055665,699,201,88,Soft-Speed Separation,0,16.357721018867927,6.65766420754717,89.68730500000001,2496.106378490566,6.434875075471698,5.997687905660377,1.4816583396226417,49.10716341844176,47.68056165967024,38.60510805500982,939,251,pitch_type_specific,Four-Seam
"Zentko, Dylan",1000303828.0,EVA_OTT,Four-Seam,L,112,63,53.8165203754333,72.82252783235101,416,107,45,Soft-Speed Separation,0,17.41233798076923,-8.121936250000001,86.78740225961539,1946.3997245192309,5.675846923076923,5.878748221153846,-1.0012070673076925,49.10522317855872,47.67347555574881,38.474132285527176,940,252,pitch_type_specific,Four-Seam
"Zentko, Dylan",1000303828.0,EVA_OTT,Four-Seam,R,96,63,50.55884328704684,56.25409299279633,669,189,107,Soft-Speed Separation,0,17.41233798076923,-8.121936250000001,86.78740225961539,1946.3997245192309,5.675846923076923,5.878748221153846,-1.0012070673076925,49.10522317855872,47.67347555574881,38.474132285527176,941,253,pitch_type_specific,Four-Seam
"Peyton, Blake",1000017005.0,GAT_GRI,Sinker,R,62,26,45.740004587977786,30.45186640471513,1063,141,68,Soft-Speed Separation,0,16.424615454545457,-14.982486493506494,89.06414376623377,2210.5232766233767,6.051828701298701,6.15917038961039,-2.1032297402597404,49.08997594265053,47.617789916511924,38.37590045841519,942,45,pitch_type_specific,Sinker
"Webster, Evan",804248.0,FLO_Y'A,Changeup,R,130,50,47.02023949514012,37.78650949574329,951,127,55,Soft-Speed Separation,0,11.36732891566265,-11.425811686746988,82.5414271686747,1784.3299807228916,6.9083557228915655,5.745872891566265,-2.6358697590361446,49.0798935606133,47.58096724962629,38.27766863130321,943,148,pitch_type_specific,Changeup
"Webster, Evan",804248.0,FLO_Y'A,Changeup,L,36,50,46.98176007741431,37.721021611001966,952,128,73,Soft-Speed Separation,0,11.36732891566265,-11.425811686746988,82.5414271686747,1784.3299807228916,6.9083557228915655,5.745872891566265,-2.6358697590361446,49.0798935606133,47.58096724962629,38.27766863130321,944,149,pitch_type_specific,Changeup
"Gartland, Chad",1000103698.0,SUS_COU1,Four-Seam,L,51,35,47.04194303484631,37.85199738048461,950,301,137,Soft-Speed Separation,0,15.55884923076923,9.656171442307691,91.01499307692308,2114.550051923077,6.258509134615385,5.238537692307692,1.7678016346153846,49.07851126053944,47.575918841921876,38.14669286182056,945,254,pitch_type_specific,Four-Seam
"Gartland, Chad",1000103698.0,SUS_COU1,Four-Seam,R,53,35,44.4592372046601,23.051735428945644,1176,390,204,Soft-Speed Separation,0,15.55884923076923,9.656171442307691,91.01499307692308,2114.550051923077,6.258509134615385,5.238537692307692,1.7678016346153846,49.07851126053944,47.575918841921876,38.14669286182056,946,255,pitch_type_specific,Four-Seam
"Peyton, Blake",1000017005.0,GAT_GRI,Changeup,R,90,20,70.76795164594232,98.88670595939752,18,3,2,Tight High-Spin Breakers,1,10.314157311827955,-13.23058612903226,81.01877666666667,1927.29296344086,6.101144838709677,5.869226129032258,-2.463598924731183,49.0701165904649,47.54526000171643,38.04846103470858,947,150,pitch_type_specific,Changeup
"Lockhart, Gauge",840803.0,LAK_ERI24,Cutter,R,59,27,66.11231587272158,97.57694826457104,38,1,1,Soft-Speed Separation,0,5.426217684210526,-0.9051530526315787,86.59290789473684,2105.1748810526315,6.094127578947369,5.82555252631579,1.604543789473684,49.0667028990254,47.53279258853344,37.95022920759659,948,33,pitch_type_specific,Cutter
"Lockhart, Gauge",840803.0,LAK_ERI24,Cutter,L,36,27,62.778104969970514,94.8919449901768,79,3,2,Soft-Speed Separation,0,5.426217684210526,-0.9051530526315787,86.59290789473684,2105.1748810526315,6.094127578947369,5.82555252631579,1.604543789473684,49.0667028990254,47.53279258853344,37.95022920759659,949,34,pitch_type_specific,Cutter
"Nakata, Yuto",1000432352.0,QUE_CAP,Four-Seam,R,115,94,42.879760435966,17.41977734119188,1262,429,224,Soft-Speed Separation,0,15.87110185185185,9.786884732510288,92.43205086419754,2086.840998353909,5.78178255144033,6.346543744855967,0.836625390946502,49.05715097284211,47.49790724153263,37.81925343811395,950,256,pitch_type_specific,Four-Seam
"Nakata, Yuto",1000432352.0,QUE_CAP,Four-Seam,L,128,94,39.230656091461306,7.203667321545513,1418,473,230,Soft-Speed Separation,0,15.87110185185185,9.786884732510288,92.43205086419754,2086.840998353909,5.78178255144033,6.346543744855967,0.836625390946502,49.05715097284211,47.49790724153263,37.81925343811395,951,257,pitch_type_specific,Four-Seam
"Anderson, Nathan",1000570089.0,EVA_OTT,Four-Seam,L,31,18,42.940804788437305,17.61624099541585,1259,428,205,Soft-Speed Separation,0,16.252957307692306,10.256628461538462,90.54291480769233,2266.8070384615385,6.386178076923077,5.946128653846154,1.6958755769230769,49.044161359714764,47.45046684546401,37.721021611001966,952,258,pitch_type_specific,Four-Seam
"Herbert, Andrew",1000083218.0,WAS_WIL3,Four-Seam,L,35,17,59.762348333653954,90.24230517354287,150,23,9,Soft-Speed Separation,0,15.806175454545455,10.937136909090908,91.21207363636364,2226.311732727273,6.430249636363636,6.016896727272727,2.027302727272727,49.036287791365886,47.42171116218982,37.65553372626064,953,259,pitch_type_specific,Four-Seam
"Moore, Kyle",1000517760.0,SCH_BOO,Four-Seam,R,73,69,55.49133503850216,78.45448592010477,330,79,46,Soft-Speed Separation,0,17.94568449704142,14.467209171597633,88.37903609467456,2172.1194804733727,4.69112526627219,6.347312071005916,1.8580914792899408,49.0167985552389,47.35053297759918,37.55730189914866,954,260,pitch_type_specific,Four-Seam
"Moore, Kyle",1000517760.0,SCH_BOO,Four-Seam,L,96,69,55.158297592536286,77.73411918795023,341,83,35,Soft-Speed Separation,0,17.94568449704142,14.467209171597633,88.37903609467456,2172.1194804733727,4.69112526627219,6.347312071005916,1.8580914792899408,49.0167985552389,47.35053297759918,37.55730189914866,955,261,pitch_type_specific,Four-Seam
"Marynczak, Arlo",837346.0,TRI_VAL,Four-Seam,R,152,102,52.39038527999501,65.94629993451213,521,138,82,Soft-Speed Separation,0,16.763148267148015,10.31649202166065,88.76343335740073,2142.6752812274367,6.353943790613719,5.977807797833935,2.5500416245487365,49.014666664841386,47.34274693163757,37.42632612966601,956,262,pitch_type_specific,Four-Seam
"Marynczak, Arlo",837346.0,TRI_VAL,Four-Seam,L,125,102,52.21398685636737,64.83300589390963,538,144,60,Soft-Speed Separation,0,16.763148267148015,10.31649202166065,88.76343335740073,2142.6752812274367,6.353943790613719,5.977807797833935,2.5500416245487365,49.014666664841386,47.34274693163757,37.42632612966601,957,263,pitch_type_specific,Four-Seam
"Brodsky, Jack",1000302079.0,WAS_WIL3,Four-Seam,R,97,93,54.714994660248905,76.09692206941716,366,92,51,Soft-Speed Separation,0,15.39625958801498,6.652408164794007,90.60471490636704,2170.2282153558053,6.124898726591761,5.471474119850187,1.521408352059925,49.012896352932344,47.33628143514383,37.29535036018336,958,264,pitch_type_specific,Four-Seam
"Brodsky, Jack",1000302079.0,WAS_WIL3,Four-Seam,L,170,93,49.201188889803625,49.50884086444008,772,230,105,Soft-Speed Separation,0,15.39625958801498,6.652408164794007,90.60471490636704,2170.2282153558053,6.124898726591761,5.471474119850187,1.521408352059925,49.012896352932344,47.33628143514383,37.29535036018336,959,265,pitch_type_specific,Four-Seam
"Linderman, Greyson",1000124562.0,JOL_SLA,Four-Seam,L,32,26,49.55809790917332,51.08055009823183,748,217,95,Soft-Speed Separation,0,14.171990588235294,12.653169117647058,94.28504985294116,2190.353377941177,5.393676617647059,5.789786176470589,1.529535,49.00058309876282,47.29131122325459,37.164374590700724,960,266,pitch_type_specific,Four-Seam
"Linderman, Greyson",1000124562.0,JOL_SLA,Four-Seam,R,36,26,44.63322038592891,24.230517354289457,1158,383,201,Soft-Speed Separation,0,14.171990588235294,12.653169117647058,94.28504985294116,2190.353377941177,5.393676617647059,5.789786176470589,1.529535,49.00058309876282,47.29131122325459,37.164374590700724,961,267,pitch_type_specific,Four-Seam
"Sanchez, Edwin",835958.0,LAK_ERI24,Curveball,L,44,25,50.02528083183792,53.37262606417813,713,85,38,Tight High-Spin Breakers,1,-5.092622989690722,6.206273298969072,75.58031154639175,2459.5243092783508,5.318526391752577,5.073078762886598,-1.5834645360824742,49.00017220439557,47.289810563355516,37.03339882121807,962,125,pitch_type_specific,Curveball
"Sanchez, Edwin",835958.0,LAK_ERI24,Curveball,R,53,25,48.81526621935825,48.19908316961362,792,92,52,Tight High-Spin Breakers,1,-5.092622989690722,6.206273298969072,75.58031154639175,2459.5243092783508,5.318526391752577,5.073078762886598,-1.5834645360824742,49.00017220439557,47.289810563355516,37.03339882121807,963,126,pitch_type_specific,Curveball
"Tokar, Heitor",677573.0,OTT_TIT,Four-Seam,R,142,78,52.29846834419117,65.22593320235757,532,140,83,Soft-Speed Separation,0,17.389749253112033,6.419601701244813,88.11665659751037,2014.652300829876,6.385529502074689,6.999819045643154,2.1773995435684648,48.991351983887164,47.25759753666803,36.902423051735425,964,268,pitch_type_specific,Four-Seam
"Tokar, Heitor",677573.0,OTT_TIT,Four-Seam,L,99,78,50.71747254202896,57.17092337917485,655,183,80,Soft-Speed Separation,0,17.389749253112033,6.419601701244813,88.11665659751037,2014.652300829876,6.385529502074689,6.999819045643154,2.1773995435684648,48.991351983887164,47.25759753666803,36.902423051735425,965,269,pitch_type_specific,Four-Seam
"Hickey, Matt",806277.0,GAT_GRI,Four-Seam,L,55,25,40.3720939379034,9.823182711198427,1378,461,223,Soft-Speed Separation,0,16.06684831460674,11.699239887640449,89.91907651685393,2303.260460674157,5.505107191011236,5.792302471910112,2.2214912359550563,48.99120141780176,47.257047642328914,36.77144728225279,966,270,pitch_type_specific,Four-Seam
"Hickey, Matt",806277.0,GAT_GRI,Four-Seam,R,34,25,37.97735285643908,4.846103470857891,1454,484,249,Soft-Speed Separation,0,16.06684831460674,11.699239887640449,89.91907651685393,2303.260460674157,5.505107191011236,5.792302471910112,2.2214912359550563,48.99120141780176,47.257047642328914,36.77144728225279,967,271,pitch_type_specific,Four-Seam
"Parenteau, Matt",1000091037.0,EVA_OTT,Four-Seam,R,38,16,50.22087781637235,54.02750491159135,703,203,115,Soft-Speed Separation,0,14.569048787878788,4.929922272727272,92.01933803030305,2251.601751515152,6.393233787878788,6.495336212121212,1.9121974242424244,48.98658568256094,47.24019014966723,36.64047151277014,968,272,pitch_type_specific,Four-Seam
"Parenteau, Matt",1000091037.0,EVA_OTT,Four-Seam,L,28,16,47.04476130937766,37.91748526522593,949,300,136,Soft-Speed Separation,0,14.569048787878788,4.929922272727272,92.01933803030305,2251.601751515152,6.393233787878788,6.495336212121212,1.9121974242424244,48.98658568256094,47.24019014966723,36.64047151277014,969,273,pitch_type_specific,Four-Seam
"Kelly, Aiden",1000062337.0,TRI_VAL,Four-Seam,R,59,53,48.33460245796662,45.44859201047806,834,256,140,Soft-Speed Separation,0,15.50191027027027,8.451856418918918,90.13622486486489,2247.748772972973,5.9936273648648655,5.664782702702703,2.1294534459459458,48.97270468079469,47.18949424247089,36.50949574328749,970,274,pitch_type_specific,Four-Seam
"Kelly, Aiden",1000062337.0,TRI_VAL,Four-Seam,L,89,53,45.55845301126744,29.46954813359529,1078,352,169,Soft-Speed Separation,0,15.50191027027027,8.451856418918918,90.13622486486489,2247.748772972973,5.9936273648648655,5.664782702702703,2.1294534459459458,48.97270468079469,47.18949424247089,36.50949574328749,971,275,pitch_type_specific,Four-Seam
"Rodriguez, Esteban",701454.0,TRO_AIG,Four-Seam,R,60,61,53.80160141834378,72.69155206286837,418,109,63,Soft-Speed Separation,0,16.756395070422535,5.038134295774648,88.68312176056338,2157.194233802817,5.8072602112676055,6.162508591549296,1.1530240845070423,48.97122846073361,47.184102822134086,36.37851997380485,972,276,pitch_type_specific,Four-Seam
"Rodriguez, Esteban",701454.0,TRO_AIG,Four-Seam,L,82,61,53.380373172752414,70.33398821218074,454,118,51,Soft-Speed Separation,0,16.756395070422535,5.038134295774648,88.68312176056338,2157.194233802817,5.8072602112676055,6.162508591549296,1.1530240845070423,48.97122846073361,47.184102822134086,36.37851997380485,973,277,pitch_type_specific,Four-Seam
"Simone, Andrew",1000132681.0,TRO_AIG,Four-Seam,R,99,57,48.28220812788989,45.12115258677144,839,258,141,Soft-Speed Separation,0,15.928728663101603,8.585307914438502,90.98923342245988,1932.260564171123,6.056067486631016,5.350832406417112,0.7863248128342246,48.9656237727324,47.16363349668059,36.2475442043222,974,278,pitch_type_specific,Four-Seam
"Simone, Andrew",1000132681.0,TRO_AIG,Four-Seam,L,88,57,43.504986652756045,19.122462344466275,1236,416,198,Soft-Speed Separation,0,15.928728663101603,8.585307914438502,90.98923342245988,1932.260564171123,6.056067486631016,5.350832406417112,0.7863248128342246,48.9656237727324,47.16363349668059,36.2475442043222,975,279,pitch_type_specific,Four-Seam
"Webster, Evan",804248.0,FLO_Y'A,Four-Seam,L,175,182,51.10086195170063,59.20104780615586,624,174,76,Soft-Speed Separation,0,16.565603451676527,-10.83453899408284,89.07422360946747,1982.2352291913207,6.79460560157791,5.982260867850099,-2.466853727810651,48.96055196092891,47.145110330641366,36.11656843483955,976,280,pitch_type_specific,Four-Seam
"Webster, Evan",804248.0,FLO_Y'A,Four-Seam,R,332,182,48.12445770584674,44.13883431565161,854,266,146,Soft-Speed Separation,0,16.565603451676527,-10.83453899408284,89.07422360946747,1982.2352291913207,6.79460560157791,5.982260867850099,-2.466853727810651,48.96055196092891,47.145110330641366,36.11656843483955,977,281,pitch_type_specific,Four-Seam
"Smith, Ethan",680733.0,WIN_CIT29,Four-Seam,R,84,67,48.46388626423336,46.16895874263262,823,250,136,Soft-Speed Separation,0,16.58482,9.849043846153846,89.32830053254438,2211.2915662721894,6.290477041420118,6.033445798816568,1.961482307692308,48.95488859781751,47.12442671316551,35.98559266535691,978,282,pitch_type_specific,Four-Seam
"Smith, Ethan",680733.0,WIN_CIT29,Four-Seam,L,85,67,45.30922867990872,27.635887360838247,1106,365,175,Soft-Speed Separation,0,16.58482,9.849043846153846,89.32830053254438,2211.2915662721894,6.290477041420118,6.033445798816568,1.961482307692308,48.95488859781751,47.12442671316551,35.98559266535691,979,283,pitch_type_specific,Four-Seam
"Cooper, Garrett",1000327042.0,NEW_YOR13,Four-Seam,L,115,76,46.39706298597337,34.31565160445317,1004,327,152,Soft-Speed Separation,0,16.19315659685864,6.187011989528796,89.57048350785341,2084.368767539267,5.897240837696336,5.717547539267016,1.1376343455497382,48.95241578973532,47.115395574695825,35.854616895874265,980,284,pitch_type_specific,Four-Seam
"Cooper, Garrett",1000327042.0,NEW_YOR13,Four-Seam,R,76,76,44.06530563024264,21.54551407989522,1199,403,211,Soft-Speed Separation,0,16.19315659685864,6.187011989528796,89.57048350785341,2084.368767539267,5.897240837696336,5.717547539267016,1.1376343455497382,48.95241578973532,47.115395574695825,35.854616895874265,981,285,pitch_type_specific,Four-Seam
"Salata, Derek",1000057774.0,SCH_BOO,Four-Seam,L,286,194,46.41767100780905,34.3811394891945,1003,326,151,Soft-Speed Separation,0,16.29082651205937,4.5475610575139145,89.49554304267161,2317.300046011132,6.201767439703154,6.279274916512059,1.0042311873840446,48.942659041149426,47.0797621795578,35.72364112639162,982,286,pitch_type_specific,Four-Seam
"Salata, Derek",1000057774.0,SCH_BOO,Four-Seam,R,253,194,46.13092028279917,32.678454485920106,1029,338,178,Soft-Speed Separation,0,16.29082651205937,4.5475610575139145,89.49554304267161,2317.300046011132,6.201767439703154,6.279274916512059,1.0042311873840446,48.942659041149426,47.0797621795578,35.72364112639162,983,287,pitch_type_specific,Four-Seam
"Garbrick, Alex",687885.0,LAK_ERI24,Four-Seam,R,43,32,60.3405359531351,91.74852652259332,127,17,11,Soft-Speed Separation,0,15.230078536585363,10.696731707317074,91.38204219512195,2266.2687548780486,5.607378292682927,5.639006219512195,1.6800778048780487,48.93503443703035,47.05191575828803,35.59266535690897,984,288,pitch_type_specific,Four-Seam
"Garbrick, Alex",687885.0,LAK_ERI24,Four-Seam,L,39,32,54.88138374341735,76.75180091683038,356,89,39,Soft-Speed Separation,0,15.230078536585363,10.696731707317074,91.38204219512195,2266.2687548780486,5.607378292682927,5.639006219512195,1.6800778048780487,48.93503443703035,47.05191575828803,35.59266535690897,985,289,pitch_type_specific,Four-Seam
"Allemann, Braeden",1000367619.0,QUE_CAP,Curveball,R,122,52,56.73273228344124,82.31827111984283,271,40,26,Tight High-Spin Breakers,1,-7.0982238888888896,-15.730821324786325,76.8563658119658,2195.0955047008547,6.126460085470086,5.163013717948718,1.6172913247863248,48.92677038372075,47.021733953926635,35.46168958742633,986,127,pitch_type_specific,Curveball
"Allemann, Braeden",1000367619.0,QUE_CAP,Curveball,L,112,52,50.659053775451554,56.777996070726914,661,80,35,Tight High-Spin Breakers,1,-7.0982238888888896,-15.730821324786325,76.8563658119658,2195.0955047008547,6.126460085470086,5.163013717948718,1.6172913247863248,48.92677038372075,47.021733953926635,35.46168958742633,987,128,pitch_type_specific,Curveball
"Rodriguez, Esteban",701454.0,WAS_WIL3,Four-Seam,R,108,49,42.2076040763676,15.324165029469548,1294,439,230,Soft-Speed Separation,0,17.01836090361446,4.38410578313253,87.8629434939759,2186.727453012048,5.972221987951808,6.173605060240964,1.1123276506024096,48.89745036518578,46.91465198940607,35.33071381794368,988,290,pitch_type_specific,Four-Seam
"Rodriguez, Esteban",701454.0,WAS_WIL3,Four-Seam,L,58,49,40.37252642680844,9.88867059593975,1377,460,222,Soft-Speed Separation,0,17.01836090361446,4.38410578313253,87.8629434939759,2186.727453012048,5.972221987951808,6.173605060240964,1.1123276506024096,48.89745036518578,46.91465198940607,35.33071381794368,989,291,pitch_type_specific,Four-Seam
"Burcham, Jacob",1000122547.0,GAT_GRI,Sinker,L,79,63,46.722076027298975,36.34577603143418,973,128,65,Soft-Speed Separation,0,6.31032865470852,15.872626278026903,91.02190551569508,2269.3292901345294,6.620328161434978,4.826807174887892,3.1497167264574,48.8972583362349,46.91395066524827,35.19973804846103,990,46,pitch_type_specific,Sinker
"Burcham, Jacob",1000122547.0,GAT_GRI,Sinker,R,144,63,46.633245347609815,35.75638506876228,982,130,65,Soft-Speed Separation,0,6.31032865470852,15.872626278026903,91.02190551569508,2269.3292901345294,6.620328161434978,4.826807174887892,3.1497167264574,48.8972583362349,46.91395066524827,35.19973804846103,991,47,pitch_type_specific,Sinker
"Morgan, Cooper",692707.0,QUE_CAP,Sinker,L,55,21,47.517046715842845,41.06090373280943,901,114,58,Soft-Speed Separation,0,12.163483980582525,-12.36278155339806,87.43148213592234,2162.9087669902915,6.148241165048543,4.827231456310679,-4.125558737864077,48.891025470814796,46.891187123234104,35.06876227897839,992,48,pitch_type_specific,Sinker
"Morgan, Cooper",692707.0,QUE_CAP,Sinker,R,48,21,44.19775178223852,22.00392927308448,1192,167,81,Soft-Speed Separation,0,12.163483980582525,-12.36278155339806,87.43148213592234,2162.9087669902915,6.148241165048543,4.827231456310679,-4.125558737864077,48.891025470814796,46.891187123234104,35.06876227897839,993,49,pitch_type_specific,Sinker
"Gollert, Harley",1000114236.0,TRO_AIG,Four-Seam,L,40,53,46.25182187239338,33.20235756385069,1021,333,156,Soft-Speed Separation,0,15.534285696202533,-10.08466981012658,88.70102284810126,2148.4748430379746,5.393008037974684,5.607249620253165,-1.6684654430379748,48.87644601459845,46.837940335159054,34.937786509495744,994,292,pitch_type_specific,Four-Seam
"Gollert, Harley",1000114236.0,TRO_AIG,Four-Seam,R,118,53,45.45577952862408,28.68369351669941,1090,357,187,Soft-Speed Separation,0,15.534285696202533,-10.08466981012658,88.70102284810126,2148.4748430379746,5.393008037974684,5.607249620253165,-1.6684654430379748,48.87644601459845,46.837940335159054,34.937786509495744,995,293,pitch_type_specific,Four-Seam
"Voytko, Fawster",1000207039.0,TRO_AIG,Curveball,R,33,18,41.09513565419033,12.37721021611002,1339,140,75,Tight High-Spin Breakers,1,-7.312000769230769,-11.761551384615386,74.63051892307692,2338.0795184615386,6.052533384615384,6.156449538461539,1.617790615384615,48.87352945528637,46.82728853763698,34.8068107400131,996,129,pitch_type_specific,Curveball
"Voytko, Fawster",1000207039.0,TRO_AIG,Curveball,L,32,18,36.893569373300274,3.601833660772757,1473,152,71,Tight High-Spin Breakers,1,-7.312000769230769,-11.761551384615386,74.63051892307692,2338.0795184615386,6.052533384615384,6.156449538461539,1.617790615384615,48.87352945528637,46.82728853763698,34.8068107400131,997,130,pitch_type_specific,Curveball
"Phelps, Travis",1000568112.0,FLO_Y'A,Four-Seam,R,96,38,53.37439533574398,70.2030124426981,456,120,69,Soft-Speed Separation,0,15.30228512987013,6.8658639610389605,91.05275636363636,2131.236573376624,6.391171103896104,6.066015909090909,1.4549275974025977,48.863625000278056,46.79111569216175,34.67583497053045,998,294,pitch_type_specific,Four-Seam
"Phelps, Travis",1000568112.0,FLO_Y'A,Four-Seam,L,58,38,48.54809378757614,46.496398166339226,818,246,112,Soft-Speed Separation,0,15.30228512987013,6.8658639610389605,91.05275636363636,2131.236573376624,6.391171103896104,6.066015909090909,1.4549275974025977,48.863625000278056,46.79111569216175,34.67583497053045,999,295,pitch_type_specific,Four-Seam
"Hickey, Matt",806277.0,GAT_GRI,Curveball,R,36,13,60.94797232047476,92.73084479371316,112,15,12,Tight High-Spin Breakers,1,-4.133802903225806,-5.990244838709677,79.8178885483871,2254.693741935484,5.452849677419355,4.982566451612904,2.727431612903226,48.85611866299276,46.7637012025732,34.54485920104781,1000,131,pitch_type_specific,Curveball
"Hickey, Matt",806277.0,GAT_GRI,Curveball,L,26,13,57.20159040104213,84.02095612311722,245,36,13,Tight High-Spin Breakers,1,-4.133802903225806,-5.990244838709677,79.8178885483871,2254.693741935484,5.452849677419355,4.982566451612904,2.727431612903226,48.85611866299276,46.7637012025732,34.54485920104781,1001,132,pitch_type_specific,Curveball
"Bauer, Patrick",10998513.0,QUE_CAP,Four-Seam,R,52,53,53.79868531857534,72.62606417812705,419,110,64,Soft-Speed Separation,0,17.522764666666664,11.1277984,87.7591702,2381.46497,6.433317133333333,6.615654533333333,2.300756,48.85134214376212,46.74625649795346,34.41388343156516,1002,296,pitch_type_specific,Four-Seam
"Bauer, Patrick",10998513.0,QUE_CAP,Four-Seam,L,98,53,52.68824104977718,67.25605762933857,501,132,56,Soft-Speed Separation,0,17.522764666666664,11.1277984,87.7591702,2381.46497,6.433317133333333,6.615654533333333,2.300756,48.85134214376212,46.74625649795346,34.41388343156516,1003,297,pitch_type_specific,Four-Seam
"McEvoy, Aidan",1000079355.0,FLO_Y'A,Four-Seam,R,26,20,54.658343745126544,75.96594629993452,368,93,52,Soft-Speed Separation,0,14.408524032258065,-15.050054193548386,90.1409406451613,1962.3852064516127,6.450005,5.258127096774193,-2.44022870967742,48.8157020849161,46.616092613087254,34.282907662082515,1004,298,pitch_type_specific,Four-Seam
"McEvoy, Aidan",1000079355.0,FLO_Y'A,Four-Seam,L,36,20,48.27024448294765,44.9901768172888,841,260,118,Soft-Speed Separation,0,14.408524032258065,-15.050054193548386,90.1409406451613,1962.3852064516127,6.450005,5.258127096774193,-2.44022870967742,48.8157020849161,46.616092613087254,34.282907662082515,1005,299,pitch_type_specific,Four-Seam
"House, Tristan",1000248636.0,MIS_MUD,Four-Seam,R,166,114,48.8629722815278,48.52652259332024,787,236,129,Soft-Speed Separation,0,16.96093464968153,9.63106535031847,89.29673429936305,1975.3476063694263,6.154951178343949,6.174278248407643,1.1352891082802548,48.799237053861724,46.555959367636135,34.15193189259987,1006,300,pitch_type_specific,Four-Seam
"House, Tristan",1000248636.0,MIS_MUD,Four-Seam,L,148,114,47.99480268223206,43.222003929273086,868,273,122,Soft-Speed Separation,0,16.96093464968153,9.63106535031847,89.29673429936305,1975.3476063694263,6.154951178343949,6.174278248407643,1.1352891082802548,48.799237053861724,46.555959367636135,34.15193189259987,1007,301,pitch_type_specific,Four-Seam
"Thompson, Ross",1000103401.0,SCH_BOO,Four-Seam,R,191,149,41.76532481613633,13.7524557956778,1318,445,234,Soft-Speed Separation,0,16.038341576673865,11.984356328293735,89.09695894168468,2053.5544717062635,5.73893049676026,5.496496695464363,2.4526484017278616,48.798096635017906,46.55179435355108,34.02095612311722,1008,302,pitch_type_specific,Four-Seam
"Thompson, Ross",1000103401.0,SCH_BOO,Four-Seam,L,272,149,40.67796359308623,10.740013097576949,1364,454,218,Soft-Speed Separation,0,16.038341576673865,11.984356328293735,89.09695894168468,2053.5544717062635,5.73893049676026,5.496496695464363,2.4526484017278616,48.798096635017906,46.55179435355108,34.02095612311722,1009,303,pitch_type_specific,Four-Seam
"Moore, Kyle",1000517760.0,SCH_BOO,Slider,R,31,20,72.75538743458876,99.73804846103472,5,4,4,Tight High-Spin Breakers,1,8.82592566037736,-1.174748679245283,84.08072056603774,2161.959054716981,4.865822641509434,6.387008301886793,2.451900943396226,48.79210760074593,46.529921326606726,33.92272429600524,1010,317,pitch_type_specific,Slider
"Thornton, Tyler",1000429124.0,NEW_ENG23,Slider,R,75,40,48.6529990339649,47.41322855271775,804,221,136,Tight High-Spin Breakers,1,1.8936236231884056,-0.1645986231884058,79.97767847826087,1925.4044507246376,4.927126014492754,6.170897028985507,1.9621592028985504,48.78801599335908,46.514978042839424,33.824492468893254,1011,318,pitch_type_specific,Slider
"Thornton, Tyler",1000429124.0,NEW_ENG23,Slider,L,63,40,40.89560190578713,11.525867714472822,1352,305,133,Tight High-Spin Breakers,1,1.8936236231884056,-0.1645986231884058,79.97767847826087,1925.4044507246376,4.927126014492754,6.170897028985507,1.9621592028985504,48.78801599335908,46.514978042839424,33.824492468893254,1012,319,pitch_type_specific,Slider
"Sanchez, Edwin",835958.0,LAK_ERI24,Four-Seam,L,42,54,53.04257115540117,68.63130320890635,480,125,53,Soft-Speed Separation,0,15.424411016949152,-13.336990677966105,86.99422706214689,2092.1786920903955,5.506427966101695,5.071398305084746,-1.4957222033898308,48.78038964033376,46.48712523425048,33.69351669941061,1013,304,pitch_type_specific,Four-Seam
"Sanchez, Edwin",835958.0,LAK_ERI24,Four-Seam,R,135,54,50.36391688137164,55.14079895219385,686,197,111,Soft-Speed Separation,0,15.424411016949152,-13.336990677966105,86.99422706214689,2092.1786920903955,5.506427966101695,5.071398305084746,-1.4957222033898308,48.78038964033376,46.48712523425048,33.69351669941061,1014,305,pitch_type_specific,Four-Seam
"Albert, Wes",670784.0,TRI_VAL,Four-Seam,R,54,36,58.13841779324056,86.31303208906353,210,38,22,Soft-Speed Separation,0,16.11512712,9.29211416,89.0845996,2013.5299296,5.65111576,5.97529312,1.98336528,48.75895845828638,46.40885471498411,33.56254092992796,1015,306,pitch_type_specific,Four-Seam
"Albert, Wes",670784.0,TRI_VAL,Four-Seam,L,71,36,49.87507037553366,52.58677144728225,725,209,92,Soft-Speed Separation,0,16.11512712,9.29211416,89.0845996,2013.5299296,5.65111576,5.97529312,1.98336528,48.75895845828638,46.40885471498411,33.56254092992796,1016,307,pitch_type_specific,Four-Seam
"Bauer, Patrick",10998513.0,QUE_CAP,Curveball,R,36,17,50.0087001015403,53.11067452521283,717,86,48,Tight High-Spin Breakers,1,-12.5191752,-14.199448666666669,69.7123856,2250.435789333333,6.0060378666666665,6.743750666666666,1.998812,48.755370344709036,46.39575028088129,33.43156516044532,1017,133,pitch_type_specific,Curveball
"Bauer, Patrick",10998513.0,QUE_CAP,Curveball,L,39,17,49.03763825111451,49.18140144073347,777,90,39,Tight High-Spin Breakers,1,-12.5191752,-14.199448666666669,69.7123856,2250.435789333333,6.0060378666666665,6.743750666666666,1.998812,48.755370344709036,46.39575028088129,33.43156516044532,1018,134,pitch_type_specific,Curveball
"Pindel, Buddie",1000054422.0,SCH_BOO,Four-Seam,L,238,179,48.333952604793815,45.383104125736736,835,257,117,Soft-Speed Separation,0,15.945859394618834,13.465008004484304,89.7632480044843,2200.490430044843,5.6320783632287,5.874334215246637,2.366838452914798,48.75345659293761,46.38876091629257,33.30058939096267,1019,308,pitch_type_specific,Four-Seam
"Pindel, Buddie",1000054422.0,SCH_BOO,Four-Seam,R,208,179,46.27984062686294,33.39882121807465,1018,332,177,Soft-Speed Separation,0,15.945859394618834,13.465008004484304,89.7632480044843,2200.490430044843,5.6320783632287,5.874334215246637,2.366838452914798,48.75345659293761,46.38876091629257,33.30058939096267,1020,309,pitch_type_specific,Four-Seam
"Helt, Robert",836007.0,LAK_ERI24,Four-Seam,R,243,155,48.26342146612927,44.92468893254748,842,261,143,Soft-Speed Separation,0,14.857155854166669,7.085807583333334,91.40153895833332,2283.653458333333,6.292373083333334,6.647431895833334,1.7850926458333334,48.743013645085,46.35062139840278,33.169613621480025,1021,310,pitch_type_specific,Four-Seam
"Helt, Robert",836007.0,LAK_ERI24,Four-Seam,L,237,155,46.84648791952112,37.066142763588736,962,305,140,Soft-Speed Separation,0,14.857155854166669,7.085807583333334,91.40153895833332,2283.653458333333,6.292373083333334,6.647431895833334,1.7850926458333334,48.743013645085,46.35062139840278,33.169613621480025,1022,311,pitch_type_specific,Four-Seam
"Harajli, Ahmad",800677.0,FLO_Y'A,Four-Seam,R,112,54,52.26159651727576,65.0294695481336,535,142,84,Soft-Speed Separation,0,14.651722819148937,8.833245,92.03370441489362,2041.8302494680847,6.42600494680851,6.092600797872341,1.7260147872340423,48.73698302781244,46.32859650288483,33.03863785199738,1023,312,pitch_type_specific,Four-Seam
"Harajli, Ahmad",800677.0,FLO_Y'A,Four-Seam,L,76,54,49.49510843176508,50.81859855926653,752,219,97,Soft-Speed Separation,0,14.651722819148937,8.833245,92.03370441489362,2041.8302494680847,6.42600494680851,6.092600797872341,1.7260147872340423,48.73698302781244,46.32859650288483,33.03863785199738,1024,313,pitch_type_specific,Four-Seam
"Cook, Avery",690004.0,WIN_CIT29,Sinker,L,56,24,49.63552379832157,51.53896529142109,741,89,47,Soft-Speed Separation,0,-0.1481932142857142,16.250577321428572,88.39012955357143,2186.589032142857,6.555364196428571,4.0081138392857145,4.133058125,48.727929012467136,46.29552961553554,32.90766208251473,1025,50,pitch_type_specific,Sinker
"Cook, Avery",690004.0,WIN_CIT29,Sinker,R,56,24,47.4982112923343,40.79895219384414,905,115,57,Soft-Speed Separation,0,-0.1481932142857142,16.250577321428572,88.39012955357143,2186.589032142857,6.555364196428571,4.0081138392857145,4.133058125,48.727929012467136,46.29552961553554,32.90766208251473,1026,51,pitch_type_specific,Sinker
"Calderon, Jean",703300.0,LAK_ERI24,Four-Seam,R,51,25,57.483314900461295,85.00327439423707,230,41,24,Soft-Speed Separation,0,12.021461494252874,0.7859933333333332,94.05460057471264,2525.7951379310343,6.383003908045977,6.249977241379311,1.5420213793103448,48.72404318450559,46.281337875123945,32.77668631303209,1027,314,pitch_type_specific,Four-Seam
"Calderon, Jean",703300.0,LAK_ERI24,Four-Seam,L,36,25,53.81258684224582,72.7570399476097,417,108,46,Soft-Speed Separation,0,12.021461494252874,0.7859933333333332,94.05460057471264,2525.7951379310343,6.383003908045977,6.249977241379311,1.5420213793103448,48.72404318450559,46.281337875123945,32.77668631303209,1028,315,pitch_type_specific,Four-Seam
"Huter, Blayne",1000145980.0,SUS_COU1,Four-Seam,R,81,57,51.99591406179866,63.85068762278978,553,149,87,Soft-Speed Separation,0,17.073467605633805,6.168043028169015,87.06390936619718,2055.407785211268,6.5439219718309865,5.933560211267606,1.5618921126760563,48.687650784230634,46.148426304470824,32.64571054354944,1029,316,pitch_type_specific,Four-Seam
"Huter, Blayne",1000145980.0,SUS_COU1,Four-Seam,L,61,57,45.07358327950136,26.39161755075311,1125,372,180,Soft-Speed Separation,0,17.073467605633805,6.168043028169015,87.06390936619718,2055.407785211268,6.5439219718309865,5.933560211267606,1.5618921126760563,48.687650784230634,46.148426304470824,32.64571054354944,1030,317,pitch_type_specific,Four-Seam
"Boies, Emiles",1000429129.0,QUE_CAP,Four-Seam,L,45,32,46.24712017778703,33.13686967910937,1022,334,157,Soft-Speed Separation,0,17.11702693877551,12.870883367346938,87.46925438775509,2131.451806122449,6.026172346938775,5.652964387755102,2.2438911224489795,48.67788487283717,46.11275944511673,32.5147347740668,1031,318,pitch_type_specific,Four-Seam
"Boies, Emiles",1000429129.0,QUE_CAP,Four-Seam,R,53,32,45.432993253828286,28.29076620825148,1096,360,189,Soft-Speed Separation,0,17.11702693877551,12.870883367346938,87.46925438775509,2131.451806122449,6.026172346938775,5.652964387755102,2.2438911224489795,48.67788487283717,46.11275944511673,32.5147347740668,1032,319,pitch_type_specific,Four-Seam
"Petery, Dylan",10998503.0,WIN_CIT29,Curveball,R,48,13,53.19317946131768,69.54813359528488,466,60,36,Tight High-Spin Breakers,1,-7.030987246376812,-14.593620869565218,74.64660405797102,2556.1523028985507,5.459781739130435,5.065071739130435,1.5821302898550724,48.67569213993883,46.10475119143358,32.416502946954814,1033,135,pitch_type_specific,Curveball
"Grounds, Jackson",805984.0,TRO_AIG,Four-Seam,R,35,15,64.15080348365807,96.66011787819254,52,8,6,Soft-Speed Separation,0,14.647102258064518,12.19281612903226,92.36962467741937,2229.135556451613,5.788833870967742,6.139898387096774,1.687330322580645,48.67463954153177,46.100906913329005,32.31827111984283,1034,320,pitch_type_specific,Four-Seam
"Grounds, Jackson",805984.0,TRO_AIG,Four-Seam,L,27,15,61.02534816275672,92.8618205631958,110,15,5,Soft-Speed Separation,0,14.647102258064518,12.19281612903226,92.36962467741937,2229.135556451613,5.788833870967742,6.139898387096774,1.687330322580645,48.67463954153177,46.100906913329005,32.31827111984283,1035,321,pitch_type_specific,Four-Seam
"Gregory, Ben",833406.0,GAT_GRI,Curveball,R,29,14,62.04704997530148,94.04060248853962,92,13,10,Tight High-Spin Breakers,1,-6.997076603773585,-5.657664528301887,78.00455981132076,2309.3690509433964,6.132384339622641,5.848222264150944,2.0557600000000003,48.67232539551065,46.092455237153104,32.220039292730846,1036,136,pitch_type_specific,Curveball
"Carroll, Jake",1000088275.0,JOL_SLA,Four-Seam,R,111,52,41.15347354901518,12.508185985592664,1337,448,236,Soft-Speed Separation,0,17.64839307053942,-6.493792157676348,86.57169614107885,2140.0544543568462,7.090474854771784,6.348605933609958,-1.5385422821576762,48.6700502308182,46.08414592777853,32.121807465618865,1037,322,pitch_type_specific,Four-Seam
"Carroll, Jake",1000088275.0,JOL_SLA,Four-Seam,L,130,52,39.87098252147727,8.513425016371972,1398,467,226,Soft-Speed Separation,0,17.64839307053942,-6.493792157676348,86.57169614107885,2140.0544543568462,7.090474854771784,6.348605933609958,-1.5385422821576762,48.6700502308182,46.08414592777853,32.121807465618865,1038,323,pitch_type_specific,Four-Seam
"Long, Maddox",1000248716.0,WAS_WIL3,Changeup,L,57,22,45.76574185700649,30.71381794368042,1059,139,78,Soft-Speed Separation,0,7.873550491803279,15.71570737704918,84.21354655737706,1931.922696721312,5.971310819672131,5.458012786885246,1.6844624590163937,48.638076010581955,45.96737034276903,32.02357563850688,1039,151,pitch_type_specific,Changeup
"Bargo, Casey",1000057987.0,FLO_Y'A,Four-Seam,R,134,57,50.80826056317381,57.629338572364105,648,182,103,Soft-Speed Separation,0,14.499092872340425,11.617457659574466,91.28850819148936,2211.008404787234,5.88545335106383,6.041562446808511,2.546669574468085,48.63341191809293,45.95033624076686,31.92534381139489,1040,324,pitch_type_specific,Four-Seam
"Bargo, Casey",1000057987.0,FLO_Y'A,Four-Seam,L,54,57,45.85308233277945,31.237721021611005,1051,345,164,Soft-Speed Separation,0,14.499092872340425,11.617457659574466,91.28850819148936,2211.008404787234,5.88545335106383,6.041562446808511,2.546669574468085,48.63341191809293,45.95033624076686,31.92534381139489,1041,325,pitch_type_specific,Four-Seam
"Voytko, Fawster",1000207039.0,TRO_AIG,Four-Seam,R,65,50,39.90902838454392,8.644400785854616,1396,466,241,Soft-Speed Separation,0,15.50271013888889,5.356867013888889,89.45894423611111,2169.338585416667,6.771801944444444,6.143057152777778,1.5560789583333332,48.62960417666524,45.93642968637715,31.794368041912247,1042,326,pitch_type_specific,Four-Seam
"Voytko, Fawster",1000207039.0,TRO_AIG,Four-Seam,L,79,50,38.148215389456034,5.239030779305828,1448,482,235,Soft-Speed Separation,0,15.50271013888889,5.356867013888889,89.45894423611111,2169.338585416667,6.771801944444444,6.143057152777778,1.5560789583333332,48.62960417666524,45.93642968637715,31.794368041912247,1043,327,pitch_type_specific,Four-Seam
"Petery, Dylan",10998503.0,WIN_CIT29,Four-Seam,R,35,19,54.30161895401855,74.52521283562541,390,98,57,Soft-Speed Separation,0,17.44553078125,10.0204903125,86.33228875,2348.5010796875,6.10348109375,5.3289984375,1.40392375,48.61996170913103,45.90121366612951,31.663392272429604,1044,328,pitch_type_specific,Four-Seam
"Petery, Dylan",10998503.0,WIN_CIT29,Four-Seam,L,29,19,51.06825247716373,59.00458415193189,627,175,77,Soft-Speed Separation,0,17.44553078125,10.0204903125,86.33228875,2348.5010796875,6.10348109375,5.3289984375,1.40392375,48.61996170913103,45.90121366612951,31.663392272429604,1045,329,pitch_type_specific,Four-Seam
"Sakurai, Masatoshi",1000429128.0,QUE_CAP,Four-Seam,L,199,183,50.60189762125866,56.58153241650295,664,186,82,Soft-Speed Separation,0,16.4589336196319,-7.231952862985685,87.5797273619632,2031.2339916155413,6.505171042944785,5.6874018200409,-1.6909590797546012,48.616971200348374,45.890291791882355,31.53241650294695,1046,330,pitch_type_specific,Four-Seam
"Sakurai, Masatoshi",1000429128.0,QUE_CAP,Four-Seam,R,290,183,44.37947693949924,22.593320235756384,1183,396,207,Soft-Speed Separation,0,16.4589336196319,-7.231952862985685,87.5797273619632,2031.2339916155413,6.505171042944785,5.6874018200409,-1.6909590797546012,48.616971200348374,45.890291791882355,31.53241650294695,1047,331,pitch_type_specific,Four-Seam
"Jones, Breyln",690202.0,NEW_JER6,Cutter,R,44,15,45.33661305041461,27.76686313032089,1104,49,25,Soft-Speed Separation,0,8.492590144927536,-0.2108134782608695,87.14880347826086,2061.942371014493,5.8426557971014494,5.763339130434783,1.4531384057971013,48.58921970100764,45.78893834068134,31.40144073346431,1048,35,pitch_type_specific,Cutter
"Jones, Breyln",690202.0,NEW_JER6,Cutter,L,25,15,42.455320139432175,16.0445317616241,1283,58,29,Soft-Speed Separation,0,8.492590144927536,-0.2108134782608695,87.14880347826086,2061.942371014493,5.8426557971014494,5.763339130434783,1.4531384057971013,48.58921970100764,45.78893834068134,31.40144073346431,1049,36,pitch_type_specific,Cutter
"Thiels, Brenton",816364.0,MIS_MUD,Four-Seam,R,82,53,42.3553984999777,15.782580222658806,1287,435,228,Soft-Speed Separation,0,15.882974611398964,11.15813621761658,89.43709321243523,2254.2386642487045,6.783163056994819,6.531980880829015,2.540553367875648,48.58717445065723,45.78146871970557,31.270464963981663,1050,332,pitch_type_specific,Four-Seam
"Thiels, Brenton",816364.0,MIS_MUD,Four-Seam,L,111,53,38.25422858340859,5.435494433529797,1445,479,233,Soft-Speed Separation,0,15.882974611398964,11.15813621761658,89.43709321243523,2254.2386642487045,6.783163056994819,6.531980880829015,2.540553367875648,48.58717445065723,45.78146871970557,31.270464963981663,1051,333,pitch_type_specific,Four-Seam
"Morgan, Cooper",692707.0,QUE_CAP,Curveball,L,56,22,71.2443938418069,99.01768172888016,16,2,1,Tight High-Spin Breakers,1,-1.4576873611111112,17.62219222222222,75.5728725,2684.8110930555554,5.2470675,4.7760815277777775,-4.237312638888889,48.58463568077969,45.77219667693288,31.172233136869682,1052,137,pitch_type_specific,Curveball
"Turner, Eric",1000080978.0,JOL_SLA,Four-Seam,R,218,144,51.38289450802646,60.772757039947614,600,164,93,Soft-Speed Separation,0,16.1717584295612,13.852124872979216,88.21055307159352,2285.5825360277136,5.176213094688222,5.697478614318707,2.512143325635104,48.581313348944995,45.76006292540662,31.074001309757694,1053,334,pitch_type_specific,Four-Seam
"Turner, Eric",1000080978.0,JOL_SLA,Four-Seam,L,215,144,46.76861028192181,36.60772757039948,969,309,143,Soft-Speed Separation,0,16.1717584295612,13.852124872979216,88.21055307159352,2285.5825360277136,5.176213094688222,5.697478614318707,2.512143325635104,48.581313348944995,45.76006292540662,31.074001309757694,1054,335,pitch_type_specific,Four-Seam
"Simpson, Garret",1000073158.0,EVA_OTT,Changeup,L,67,26,42.97231436785859,17.747216764898493,1257,163,94,Tight High-Spin Breakers,1,4.611108409090909,10.729826477272727,83.79687306818181,1710.608296590909,5.166773409090909,5.530487954545454,1.9515611363636365,48.578298849123655,45.74905343158481,30.97576948264571,1055,152,pitch_type_specific,Changeup
"Wilcenski, Blaise",824656.0,WIN_CIT29,Four-Seam,L,30,26,51.33853184902578,60.576293385723645,603,165,72,Soft-Speed Separation,0,15.291658103448276,9.353526034482758,90.6297220689655,2049.0271879310344,6.278851896551724,6.166927241379311,1.551331379310345,48.56460878355908,45.699054857630244,30.877537655533725,1056,336,pitch_type_specific,Four-Seam
"Wilcenski, Blaise",824656.0,WIN_CIT29,Four-Seam,R,28,26,48.10592078020321,44.07334643091029,855,267,147,Soft-Speed Separation,0,15.291658103448276,9.353526034482758,90.6297220689655,2049.0271879310344,6.278851896551724,6.166927241379311,1.551331379310345,48.56460878355908,45.699054857630244,30.877537655533725,1057,337,pitch_type_specific,Four-Seam
"Boies, Emiles",1000429129.0,QUE_CAP,Curveball,R,52,20,59.8473470366486,90.76620825147349,142,21,16,Tight High-Spin Breakers,1,-4.302719,-5.75166075,76.49101025,2120.9766575000003,5.608126875,5.593721,2.486598625,48.55643826947714,45.66921467529906,30.746561886051083,1058,138,pitch_type_specific,Curveball
"Boies, Emiles",1000429129.0,QUE_CAP,Curveball,L,28,20,56.98010419771124,83.366077275704,255,39,14,Tight High-Spin Breakers,1,-4.302719,-5.75166075,76.49101025,2120.9766575000003,5.608126875,5.593721,2.486598625,48.55643826947714,45.66921467529906,30.746561886051083,1059,139,pitch_type_specific,Curveball
"Garcia, Jorge",1000221236.0,SUS_COU1,Four-Seam,R,88,53,50.57690436607703,56.4505566470203,666,188,106,Soft-Speed Separation,0,16.9082352,4.260687371428571,86.12928074285715,2102.7868777142858,6.034373828571428,5.594009714285714,1.1892195428571428,48.552830019525764,45.65603669954799,30.615586116568434,1060,338,pitch_type_specific,Four-Seam
"Garcia, Jorge",1000221236.0,SUS_COU1,Four-Seam,L,87,53,46.07894794316461,32.416502946954814,1033,340,161,Soft-Speed Separation,0,16.9082352,4.260687371428571,86.12928074285715,2102.7868777142858,6.034373828571428,5.594009714285714,1.1892195428571428,48.552830019525764,45.65603669954799,30.615586116568434,1061,339,pitch_type_specific,Four-Seam
"Ferguson, Francis",823799.0,QUE_CAP,Four-Seam,L,51,51,55.139454081838906,77.6686313032089,342,84,36,Soft-Speed Separation,0,14.678097209302326,-8.075807286821707,90.09471325581396,2190.453217054264,5.696394031007752,5.529279534883721,-2.2426848837209303,48.552244267111696,45.65389742671137,30.484610347085788,1062,340,pitch_type_specific,Four-Seam
"Ferguson, Francis",823799.0,QUE_CAP,Four-Seam,R,78,51,49.8471544944238,52.52128356254093,726,210,118,Soft-Speed Separation,0,14.678097209302326,-8.075807286821707,90.09471325581396,2190.453217054264,5.696394031007752,5.529279534883721,-2.2426848837209303,48.552244267111696,45.65389742671137,30.484610347085788,1063,341,pitch_type_specific,Four-Seam
"Hungate, Chase",801835.0,NEW_JER6,Sinker,R,34,24,54.32659700046666,74.7871643745907,386,30,16,Soft-Speed Separation,0,0.2206716666666666,20.488100303030304,88.3460215151515,2239.607887878788,5.7931043939393945,3.818671666666667,3.833732575757576,48.52279917226309,45.546358661068275,30.353634577603145,1064,52,pitch_type_specific,Sinker
"Hungate, Chase",801835.0,NEW_JER6,Sinker,L,32,24,53.20714763458652,69.67910936476753,464,45,22,Soft-Speed Separation,0,0.2206716666666666,20.488100303030304,88.3460215151515,2239.607887878788,5.7931043939393945,3.818671666666667,3.833732575757576,48.52279917226309,45.546358661068275,30.353634577603145,1065,53,pitch_type_specific,Sinker
"Cameron, Wyatt",1000179557.0,SCH_BOO,Four-Seam,R,107,58,46.84005722657395,37.00065487884741,963,306,166,Soft-Speed Separation,0,14.78065545945946,10.92207037837838,91.18826978378378,2243.046705405405,5.480164540540541,5.822872756756756,1.2732336216216216,48.51415225507575,45.514778569181125,30.222658808120496,1066,342,pitch_type_specific,Four-Seam
"Cameron, Wyatt",1000179557.0,SCH_BOO,Four-Seam,L,78,58,46.81055841657419,36.73870333988212,967,307,141,Soft-Speed Separation,0,14.78065545945946,10.92207037837838,91.18826978378378,2243.046705405405,5.480164540540541,5.822872756756756,1.2732336216216216,48.51415225507575,45.514778569181125,30.222658808120496,1067,343,pitch_type_specific,Four-Seam
"Hicks, Jackson",703104.0,DOW_EAS1,Four-Seam,L,49,20,45.5634342254063,29.53503601833661,1077,351,168,Soft-Speed Separation,0,17.919139027777778,12.222332777777778,86.45240958333333,2118.777130555556,5.414048888888889,5.937598055555556,1.216328888888889,48.49846951036592,45.4575023737176,30.12442698100851,1068,344,pitch_type_specific,Four-Seam
"Aldeano, Austin",699054.0,TRO_AIG,Sinker,R,25,24,57.10474068864619,83.88998035363457,247,16,9,Soft-Speed Separation,0,16.030849,17.757058571428573,90.18807685714286,2218.82574,6.062735714285714,5.661507285714286,3.0507898571428576,48.49274629966373,45.43660018211001,30.02619515389653,1069,54,pitch_type_specific,Sinker
"Aldeano, Austin",699054.0,TRO_AIG,Sinker,L,45,24,56.3793961796667,81.40144073346431,285,19,10,Soft-Speed Separation,0,16.030849,17.757058571428573,90.18807685714286,2218.82574,6.062735714285714,5.661507285714286,3.0507898571428576,48.49274629966373,45.43660018211001,30.02619515389653,1070,55,pitch_type_specific,Sinker
"Martinez, Mason",809209.0,TRI_VAL,Sinker,L,172,105,51.44411279177989,60.969220694171575,597,63,33,Soft-Speed Separation,0,12.08075008645533,18.898977002881846,88.78855988472623,2279.060583861672,6.448849077809799,5.39042409221902,2.6532596829971182,48.48201647603908,45.39741294246634,29.895219384413885,1071,56,pitch_type_specific,Sinker
"Martinez, Mason",809209.0,TRI_VAL,Sinker,R,175,105,49.73364821909351,52.06286836935167,733,85,39,Soft-Speed Separation,0,12.08075008645533,18.898977002881846,88.78855988472623,2279.060583861672,6.448849077809799,5.39042409221902,2.6532596829971182,48.48201647603908,45.39741294246634,29.895219384413885,1072,57,pitch_type_specific,Sinker
"Joven, Art",1000048892.0,MIS_MUD,Changeup,R,334,148,46.889196245245074,37.32809430255403,958,129,56,Tight High-Spin Breakers,1,5.315394537444934,-15.474845748898678,81.74651742290749,1803.1227922907487,5.267521387665198,5.070474581497797,-2.2065163876651983,48.465241172131215,45.336146524924985,29.764243614931235,1073,153,pitch_type_specific,Changeup
"Joven, Art",1000048892.0,MIS_MUD,Changeup,L,120,148,44.73935594871449,24.75442043222004,1150,150,85,Tight High-Spin Breakers,1,5.315394537444934,-15.474845748898678,81.74651742290749,1803.1227922907487,5.267521387665198,5.070474581497797,-2.2065163876651983,48.465241172131215,45.336146524924985,29.764243614931235,1074,154,pitch_type_specific,Changeup
"Huter, Blayne",1000145980.0,SUS_COU1,Curveball,R,56,37,43.1050736661675,18.07465618860511,1252,128,70,Tight High-Spin Breakers,1,-5.0568,-14.241019417475728,73.69118194174757,2136.9634834951457,6.006360970873786,5.857499708737864,1.9373958252427184,48.45914459882351,45.3138807461413,29.63326784544859,1075,140,pitch_type_specific,Curveball
"Huter, Blayne",1000145980.0,SUS_COU1,Curveball,L,47,37,41.16422163793322,12.573673870333987,1336,139,65,Tight High-Spin Breakers,1,-5.0568,-14.241019417475728,73.69118194174757,2136.9634834951457,6.006360970873786,5.857499708737864,1.9373958252427184,48.45914459882351,45.3138807461413,29.63326784544859,1076,141,pitch_type_specific,Curveball
"Williams, Pierce",1000337420.0,NEW_ENG23,Four-Seam,R,175,74,56.48103970472147,81.72888015717092,280,60,35,Soft-Speed Separation,0,16.55146501872659,-11.426028501872658,85.70189310861424,1922.169372659176,6.164589475655431,5.976553146067416,-1.5688738202247192,48.43860459394596,45.23886496567968,29.502292075965947,1077,345,pitch_type_specific,Four-Seam
"Williams, Pierce",1000337420.0,NEW_ENG23,Four-Seam,L,92,74,55.82119719259146,79.96070726915521,307,70,30,Soft-Speed Separation,0,16.55146501872659,-11.426028501872658,85.70189310861424,1922.169372659176,6.164589475655431,5.976553146067416,-1.5688738202247192,48.43860459394596,45.23886496567968,29.502292075965947,1078,346,pitch_type_specific,Four-Seam
"Odonnell, Brendan",1000423478.0,NEW_ENG23,Four-Seam,L,26,17,53.12476390945173,69.22069417157826,471,123,52,Soft-Speed Separation,0,13.508505942028986,-7.390883333333334,91.39393115942028,2452.8056898550726,6.978563913043479,5.7731386956521735,-1.4644339130434785,48.434130252720415,45.222523869312525,29.3713163064833,1079,347,pitch_type_specific,Four-Seam
"Odonnell, Brendan",1000423478.0,NEW_ENG23,Four-Seam,R,43,17,51.987452374038114,63.78519973804846,554,150,88,Soft-Speed Separation,0,13.508505942028986,-7.390883333333334,91.39393115942028,2452.8056898550726,6.978563913043479,5.7731386956521735,-1.4644339130434785,48.434130252720415,45.222523869312525,29.3713163064833,1080,348,pitch_type_specific,Four-Seam
"Bice, Emmett",828456.0,NEW_YOR13,Four-Seam,R,65,75,43.05839105801692,17.87819253438114,1255,426,223,Soft-Speed Separation,0,15.50987248756219,7.374320348258706,89.08737253731344,2231.151909452736,5.897896417910448,6.178540945273632,1.3502499502487562,48.429768045536164,45.20659230656885,29.24034053700065,1081,349,pitch_type_specific,Four-Seam
"Bice, Emmett",828456.0,NEW_YOR13,Four-Seam,L,136,75,39.72585448969169,8.316961362148003,1401,469,227,Soft-Speed Separation,0,15.50987248756219,7.374320348258706,89.08737253731344,2231.151909452736,5.897896417910448,6.178540945273632,1.3502499502487562,48.429768045536164,45.20659230656885,29.24034053700065,1082,350,pitch_type_specific,Four-Seam
"Hickey, Matt",806277.0,GAT_GRI,Sinker,R,45,24,49.109413418083975,49.37786509495744,774,94,45,Soft-Speed Separation,0,5.82334223880597,17.862895820895524,88.52214343283582,2258.753567164179,5.663398805970149,4.497037910447761,2.882097462686567,48.42312503221258,45.18233083087513,29.14210870988867,1083,58,pitch_type_specific,Sinker
"Ronne, Andrew",701809.0,GAT_GRI,Four-Seam,R,123,69,52.92635171916413,68.10740013097578,488,128,74,Soft-Speed Separation,0,13.2514225,6.812295231481482,91.87695837962964,2182.140415740741,6.357135627906977,5.908943564814814,2.071318472222222,48.421938016271696,45.17799563583712,29.043876882776686,1084,351,pitch_type_specific,Four-Seam
"Ronne, Andrew",701809.0,GAT_GRI,Four-Seam,L,93,69,49.34848080127502,50.29469548133595,760,223,100,Soft-Speed Separation,0,13.2514225,6.812295231481482,91.87695837962964,2182.140415740741,6.357135627906977,5.908943564814814,2.071318472222222,48.421938016271696,45.17799563583712,29.043876882776686,1085,352,pitch_type_specific,Four-Seam
"Cihocki, Danny",1000368111.0,NIU_HUS,Four-Seam,R,35,21,50.38586509310306,55.27177472167649,684,196,110,Soft-Speed Separation,0,15.77591,12.280282,89.1765869090909,2220.834321818182,6.536965636363637,5.375720181818181,1.5277585454545457,48.40902680225695,45.13084156738402,28.945645055664706,1086,353,pitch_type_specific,Four-Seam
"Correa, Nelvin",673388.0,QUE_CAP,Four-Seam,R,45,29,61.05063356627623,92.92730844793712,109,14,10,Soft-Speed Separation,0,15.39201534883721,7.299250465116279,89.32137430232558,2108.8821290697674,5.946752093023256,6.277698139534883,1.4374794186046511,48.405933568277305,45.1195445222997,28.847413228552714,1087,354,pitch_type_specific,Four-Seam
"Correa, Nelvin",673388.0,QUE_CAP,Four-Seam,L,41,29,58.30654956897688,86.57498362802882,206,37,16,Soft-Speed Separation,0,15.39201534883721,7.299250465116279,89.32137430232558,2108.8821290697674,5.946752093023256,6.277698139534883,1.4374794186046511,48.405933568277305,45.1195445222997,28.847413228552714,1088,355,pitch_type_specific,Four-Seam
"Armstrong, Andrew",803262.0,NEW_YOR13,Sinker,R,59,28,47.23452755589504,39.35821872953504,927,119,59,Soft-Speed Separation,0,12.954218888888889,-12.278971444444444,88.64199244444444,2101.9451455555554,6.459117444444444,5.366247666666666,-2.4423904444444444,48.40362694849766,45.111120333307056,28.71643745907007,1089,59,pitch_type_specific,Sinker
"Armstrong, Andrew",803262.0,NEW_YOR13,Sinker,L,31,28,44.89940291204403,25.21283562540929,1143,159,81,Soft-Speed Separation,0,12.954218888888889,-12.278971444444444,88.64199244444444,2101.9451455555554,6.459117444444444,5.366247666666666,-2.4423904444444444,48.40362694849766,45.111120333307056,28.71643745907007,1090,60,pitch_type_specific,Sinker
"Galva, Claudio",669996.0,GAT_GRI,Slider,L,99,54,45.487170503839806,29.011132940406025,1085,263,109,Tight High-Spin Breakers,1,2.8689318229166667,-0.4980148958333333,83.70346322916667,2253.869764583333,4.781381302083333,5.752755885416666,-0.8499294791666667,48.39639711759837,45.084715694615426,28.585461689587426,1091,320,pitch_type_specific,Slider
"Galva, Claudio",669996.0,GAT_GRI,Slider,R,93,54,41.659520496349536,13.686967910936476,1319,299,170,Tight High-Spin Breakers,1,2.8689318229166667,-0.4980148958333333,83.70346322916667,2253.869764583333,4.781381302083333,5.752755885416666,-0.8499294791666667,48.39639711759837,45.084715694615426,28.585461689587426,1092,321,pitch_type_specific,Slider
"Reeves, Cobe",802696.0,NEW_YOR13,Changeup,R,52,14,41.52684615010758,13.425016371971186,1323,171,73,Soft-Speed Separation,0,5.179731290322581,-13.02623822580645,84.37648112903226,1388.4189266129033,6.333814677419355,5.975947419354839,-1.489389193548387,48.396082129915044,45.083565303121304,28.487229862475445,1093,155,pitch_type_specific,Changeup
"Garcia, Andrew",1000190083.0,EVA_OTT,Four-Seam,L,114,53,50.11474702711543,53.70006548788474,708,204,89,Soft-Speed Separation,0,13.19465743902439,7.085558333333333,91.60638036585368,2107.457636178862,6.025074837398374,5.373429552845528,1.847595406504065,48.3926861027047,45.07116240287023,28.388998035363457,1094,356,pitch_type_specific,Four-Seam
"Garcia, Andrew",1000190083.0,EVA_OTT,Four-Seam,R,132,53,48.43395009565536,45.90700720366732,827,253,139,Soft-Speed Separation,0,13.19465743902439,7.085558333333333,91.60638036585368,2107.457636178862,6.025074837398374,5.373429552845528,1.847595406504065,48.3926861027047,45.07116240287023,28.388998035363457,1095,357,pitch_type_specific,Four-Seam
"De Jesus, Larry",692356.0,DOW_EAS1,Sinker,R,40,20,50.82986896518317,58.02226588081205,642,71,34,Soft-Speed Separation,0,14.246904533333334,16.048073866666666,89.49904146666667,2346.7421613333336,5.176585733333333,5.680791066666666,2.065021466666667,48.38997650091528,45.06126645132663,28.25802226588081,1096,61,pitch_type_specific,Sinker
"De Jesus, Larry",692356.0,DOW_EAS1,Sinker,L,35,20,47.669489032315965,41.650294695481335,892,110,56,Soft-Speed Separation,0,14.246904533333334,16.048073866666666,89.49904146666667,2346.7421613333336,5.176585733333333,5.680791066666666,2.065021466666667,48.38997650091528,45.06126645132663,28.25802226588081,1097,62,pitch_type_specific,Sinker
"Glickstein, Aaron",1000292360.0,SCH_BOO,Four-Seam,R,75,67,57.465892505121744,84.93778650949574,231,42,25,Soft-Speed Separation,0,14.610274644808744,9.572126994535518,89.07267163934426,2236.0427224043715,6.122883060109289,5.303486885245902,2.3735812021857923,48.37721852684846,45.014672042637955,28.127046496398165,1098,358,pitch_type_specific,Four-Seam
"Glickstein, Aaron",1000292360.0,SCH_BOO,Four-Seam,L,108,67,57.00383327580791,83.49705304518665,253,50,21,Soft-Speed Separation,0,14.610274644808744,9.572126994535518,89.07267163934426,2236.0427224043715,6.122883060109289,5.303486885245902,2.3735812021857923,48.37721852684846,45.014672042637955,28.127046496398165,1099,359,pitch_type_specific,Four-Seam
"Eldred, Zach",1000227712.0,NEW_ENG23,Sinker,L,53,30,47.7479914479422,42.17419777341192,884,106,54,Soft-Speed Separation,0,11.7443927,13.1762606,88.8780919,2374.208998,6.4955506000000005,5.889615,1.522655,48.375197350927614,45.00729034579531,27.996070726915523,1100,63,pitch_type_specific,Sinker
"Eldred, Zach",1000227712.0,NEW_ENG23,Sinker,R,47,30,47.41638343272113,40.4060248853962,911,116,58,Soft-Speed Separation,0,11.7443927,13.1762606,88.8780919,2374.208998,6.4955506000000005,5.889615,1.522655,48.375197350927614,45.00729034579531,27.996070726915523,1101,64,pitch_type_specific,Sinker
"McEvoy, Aidan",1000079355.0,FLO_Y'A,Sinker,R,136,63,49.72304592606238,51.997380484610346,734,86,40,Soft-Speed Separation,0,12.916623064516129,-16.52555629032258,90.42307161290324,1990.0560306451607,6.440587688172043,5.132647150537634,-2.412155376344086,48.361825928212376,44.95845551265648,27.865094957432873,1102,65,pitch_type_specific,Sinker
"McEvoy, Aidan",1000079355.0,FLO_Y'A,Sinker,L,50,63,49.60313368803311,51.47347740667977,742,90,48,Soft-Speed Separation,0,12.916623064516129,-16.52555629032258,90.42307161290324,1990.0560306451607,6.440587688172043,5.132647150537634,-2.412155376344086,48.361825928212376,44.95845551265648,27.865094957432873,1103,66,pitch_type_specific,Sinker
"Gartland, Chad",1000103698.0,TRI_VAL,Four-Seam,R,43,38,42.604829108105406,16.633922724296006,1274,432,226,Soft-Speed Separation,0,15.074948067226892,9.048381764705882,89.00230773109244,2071.54418907563,6.118573697478992,5.37843411764706,1.7756689915966386,48.361418381371635,44.9569670785244,27.734119187950228,1104,360,pitch_type_specific,Four-Seam
"Gartland, Chad",1000103698.0,TRI_VAL,Four-Seam,L,76,38,38.1752067072137,5.370006548788474,1446,480,234,Soft-Speed Separation,0,15.074948067226892,9.048381764705882,89.00230773109244,2071.54418907563,6.118573697478992,5.37843411764706,1.7756689915966386,48.361418381371635,44.9569670785244,27.734119187950228,1105,361,pitch_type_specific,Four-Seam
"Correa, Nelvin",673388.0,QUE_CAP,Changeup,L,67,17,47.26316491095086,39.75114603798297,921,123,70,Soft-Speed Separation,0,10.819787571428572,13.971682142857142,84.63057185714285,1989.9993342857144,6.0107162857142855,6.226917571428571,1.828917285714286,48.35845384321525,44.94614005366071,27.635887360838247,1106,156,pitch_type_specific,Changeup
"Barreto, Brayhans",810980.0,TRI_VAL,Four-Seam,L,60,37,45.53376468980697,29.27308447937132,1081,353,170,Soft-Speed Separation,0,15.416847874015748,-9.15739440944882,88.58552582677164,2033.532786614173,6.14413811023622,7.004853543307086,-1.351881811023622,48.358319461097835,44.94564926607434,27.537655533726262,1107,362,pitch_type_specific,Four-Seam
"Barreto, Brayhans",810980.0,TRI_VAL,Four-Seam,R,67,37,44.11827865519183,21.611001964636543,1198,402,210,Soft-Speed Separation,0,15.416847874015748,-9.15739440944882,88.58552582677164,2033.532786614173,6.14413811023622,7.004853543307086,-1.351881811023622,48.358319461097835,44.94564926607434,27.537655533726262,1108,363,pitch_type_specific,Four-Seam
"Lefebvre, Charles",1000429097.0,TRO_AIG,Four-Seam,R,30,19,46.46345405916823,34.77406679764244,997,323,174,Soft-Speed Separation,0,16.099700000000002,12.051794126984126,89.76847492063492,2255.7048841269843,6.393585396825397,6.4059365079365085,1.0720419047619048,48.34744294052839,44.905926262886744,27.406679764243613,1109,364,pitch_type_specific,Four-Seam
"Lefebvre, Charles",1000429097.0,TRO_AIG,Four-Seam,L,33,19,43.40974683413076,18.79502292075966,1241,418,199,Soft-Speed Separation,0,16.099700000000002,12.051794126984126,89.76847492063492,2255.7048841269843,6.393585396825397,6.4059365079365085,1.0720419047619048,48.34744294052839,44.905926262886744,27.406679764243613,1110,365,pitch_type_specific,Four-Seam
"McEvoy, Aidan",1000079355.0,FLO_Y'A,Changeup,R,54,16,39.43228390674973,7.465618860510806,1414,177,78,Tight High-Spin Breakers,1,3.1671853703703703,-13.812965925925926,82.959825,1727.1615462962964,6.236371666666667,4.958856666666667,-2.6186475925925925,48.33118525813907,44.84655029193628,27.308447937131632,1111,157,pitch_type_specific,Changeup
"Sesar, Jorden",813853.0,SUS_COU1,Curveball,R,83,26,54.47676254280572,75.44204322200393,376,51,31,Tight High-Spin Breakers,1,-12.034001176470587,-11.050191848739496,74.88330579831933,2419.190619327731,6.0288393277310925,5.507870672268908,2.250282773109244,48.32454993282877,44.82231689424547,27.210216110019648,1112,142,pitch_type_specific,Curveball
"Sesar, Jorden",813853.0,SUS_COU1,Curveball,L,36,26,51.610071945130784,62.01702685003274,581,73,31,Tight High-Spin Breakers,1,-12.034001176470587,-11.050191848739496,74.88330579831933,2419.190619327731,6.0288393277310925,5.507870672268908,2.250282773109244,48.32454993282877,44.82231689424547,27.210216110019648,1113,143,pitch_type_specific,Curveball
"Villalobos, Jonaiker",665690.0,FLO_Y'A,Four-Seam,L,193,155,48.71902646747944,47.60969220694172,801,243,109,Soft-Speed Separation,0,14.81994525862069,-9.671141767241378,87.79629400862069,2237.0951101293103,5.8697078879310345,5.842575107758621,-1.33211625,48.31633472857264,44.792313495385564,27.079240340537,1114,366,pitch_type_specific,Four-Seam
"Villalobos, Jonaiker",665690.0,FLO_Y'A,Four-Seam,R,271,155,45.50179492096025,29.14210870988867,1083,355,185,Soft-Speed Separation,0,14.81994525862069,-9.671141767241378,87.79629400862069,2237.0951101293103,5.8697078879310345,5.842575107758621,-1.33211625,48.31633472857264,44.792313495385564,27.079240340537,1115,367,pitch_type_specific,Four-Seam
"Encarnacion, J.D.",1000563022.0,EVA_OTT,Four-Seam,R,169,107,52.69436150755028,67.3215455140799,500,131,76,Soft-Speed Separation,0,14.433681165644174,8.107315889570552,88.68619515337423,2332.7223423312885,5.892542331288344,5.32741226993865,2.263545766871166,48.31617500511172,44.7917301566692,26.948264571054352,1116,368,pitch_type_specific,Four-Seam
"Encarnacion, J.D.",1000563022.0,EVA_OTT,Four-Seam,L,157,107,47.23676681133918,39.489194499017685,925,290,131,Soft-Speed Separation,0,14.433681165644174,8.107315889570552,88.68619515337423,2332.7223423312885,5.892542331288344,5.32741226993865,2.263545766871166,48.31617500511172,44.7917301566692,26.948264571054352,1117,369,pitch_type_specific,Four-Seam
"Valdez, Alex",677678.0,EVA_OTT,Four-Seam,R,102,64,49.000332778948,48.853962017026845,782,234,128,Soft-Speed Separation,0,12.999756043956042,5.521138571428572,91.60140648351648,2164.413017582417,5.947231318681318,5.901104615384616,1.8804270329670327,48.315974735396985,44.79099873576434,26.81728880157171,1118,370,pitch_type_specific,Four-Seam
"Valdez, Alex",677678.0,EVA_OTT,Four-Seam,L,80,64,47.43740160300476,40.537000654878845,909,285,128,Soft-Speed Separation,0,12.999756043956042,5.521138571428572,91.60140648351648,2164.413017582417,5.947231318681318,5.901104615384616,1.8804270329670327,48.315974735396985,44.79099873576434,26.81728880157171,1119,371,pitch_type_specific,Four-Seam
"Daly, Ryan",831333.0,JOL_SLA,Four-Seam,R,296,176,54.176830737525805,73.9358218729535,399,103,61,Soft-Speed Separation,0,14.706474850088185,13.423159153439151,90.3650092063492,2207.1608599647266,6.770261164021164,5.394337442680776,2.1356243386243383,48.312378901445186,44.77786610546981,26.686313032089064,1120,372,pitch_type_specific,Four-Seam
"Daly, Ryan",831333.0,JOL_SLA,Four-Seam,L,271,176,51.65697707372964,62.14800261951539,579,159,68,Soft-Speed Separation,0,14.706474850088185,13.423159153439151,90.3650092063492,2207.1608599647266,6.770261164021164,5.394337442680776,2.1356243386243383,48.312378901445186,44.77786610546981,26.686313032089064,1121,373,pitch_type_specific,Four-Seam
"Hensey, Rob",802996.0,SUS_COU1,Sinker,L,158,164,54.267996851038845,74.32874918140145,393,32,15,Soft-Speed Separation,0,13.460860618336888,-15.883302345415778,91.65691049040512,2143.176498507463,6.245743240938166,5.783517270788912,-2.456037057569296,48.30851883311269,44.76376844384201,26.555337262606415,1122,67,pitch_type_specific,Sinker
"Hensey, Rob",802996.0,SUS_COU1,Sinker,R,311,164,50.78603970986725,57.36738703339882,652,72,35,Soft-Speed Separation,0,13.460860618336888,-15.883302345415778,91.65691049040512,2143.176498507463,6.245743240938166,5.783517270788912,-2.456037057569296,48.30851883311269,44.76376844384201,26.555337262606415,1123,68,pitch_type_specific,Sinker
"Burcham, Jacob",1000122547.0,GAT_GRI,Four-Seam,R,36,33,39.02927074229636,6.941715782580222,1422,475,245,Soft-Speed Separation,0,12.6276597752809,11.677412247191011,92.2773186516854,2346.279314606741,6.325938988764045,5.314273370786517,2.7647138202247192,48.30851872427545,44.763768046348886,26.424361493123772,1124,374,pitch_type_specific,Four-Seam
"Burcham, Jacob",1000122547.0,GAT_GRI,Four-Seam,L,53,33,37.59124151644275,4.060248853962016,1466,486,237,Soft-Speed Separation,0,12.6276597752809,11.677412247191011,92.2773186516854,2346.279314606741,6.325938988764045,5.314273370786517,2.7647138202247192,48.30851872427545,44.763768046348886,26.424361493123772,1125,375,pitch_type_specific,Four-Seam
"Turner, Eric",1000080978.0,JOL_SLA,Sinker,R,46,34,58.05345975865416,86.11656843483956,213,14,8,Soft-Speed Separation,0,15.00332010989011,16.022764615384617,88.34040054945055,2310.631705494505,5.142491428571429,5.770935164835164,2.489197032967033,48.30676668931624,44.75736930055283,26.293385723641126,1126,69,pitch_type_specific,Sinker
"Turner, Eric",1000080978.0,JOL_SLA,Sinker,L,45,34,54.10148885235031,73.60838244924689,404,34,17,Soft-Speed Separation,0,15.00332010989011,16.022764615384617,88.34040054945055,2310.631705494505,5.142491428571429,5.770935164835164,2.489197032967033,48.30676668931624,44.75736930055283,26.293385723641126,1127,70,pitch_type_specific,Sinker
"Cameron, Zach",1000084075.0,WIN_CIT29,Four-Seam,R,63,42,68.92152881362468,98.42829076620824,25,4,3,Soft-Speed Separation,0,15.722416869565215,10.208063826086956,88.11360417391303,2168.8911573913047,5.535360869565218,5.403668347826088,1.4005056521739132,48.3022429207905,44.74084768682345,26.162409954158484,1128,376,pitch_type_specific,Four-Seam
"Cameron, Zach",1000084075.0,WIN_CIT29,Four-Seam,L,52,42,62.4250499750122,94.62999345121152,83,11,4,Soft-Speed Separation,0,15.722416869565215,10.208063826086956,88.11360417391303,2168.8911573913047,5.535360869565218,5.403668347826088,1.4005056521739132,48.3022429207905,44.74084768682345,26.162409954158484,1129,377,pitch_type_specific,Four-Seam
"Oe, Ryoya",1000551188.0,OTT_TIT,Four-Seam,R,40,25,40.306846953106685,9.561231172233136,1382,463,240,Soft-Speed Separation,0,18.09391310344828,-3.833612931034483,84.63289086206896,2124.928518965517,5.697828103448275,6.233983620689656,-1.6944672413793105,48.296558916133115,44.72008868272082,26.064178127046496,1130,378,pitch_type_specific,Four-Seam
"Parra, Andres",800365.0,LAK_ERI24,Four-Seam,R,177,76,48.01020974979926,43.352979698755725,866,272,151,Soft-Speed Separation,0,14.190315833333331,-13.016676625,88.43701070833335,2043.7885941666668,6.065787291666666,5.13901775,-2.217158083333333,48.29353476613627,44.70904394472787,25.96594629993451,1131,379,pitch_type_specific,Four-Seam
"Parra, Andres",800365.0,LAK_ERI24,Four-Seam,L,63,76,46.77396743812807,36.6732154551408,968,308,142,Soft-Speed Separation,0,14.190315833333331,-13.016676625,88.43701070833335,2043.7885941666668,6.065787291666666,5.13901775,-2.217158083333333,48.29353476613627,44.70904394472787,25.96594629993451,1132,380,pitch_type_specific,Four-Seam
"Bradford, Ethan",688428.0,NEW_YOR13,Sinker,L,86,73,42.47289314786874,16.110019646365423,1282,183,93,Tight High-Spin Breakers,1,6.869779665271967,-15.848545899581593,89.99994928870294,2178.2784912133893,5.678295397489539,4.846152217573222,-3.1062949372384936,48.2862898709997,44.68258428874083,25.834970530451866,1133,71,pitch_type_specific,Sinker
"Bradford, Ethan",688428.0,NEW_YOR13,Sinker,R,153,73,41.42978193400712,13.163064833005894,1327,195,97,Tight High-Spin Breakers,1,6.869779665271967,-15.848545899581593,89.99994928870294,2178.2784912133893,5.678295397489539,4.846152217573222,-3.1062949372384936,48.2862898709997,44.68258428874083,25.834970530451866,1134,72,pitch_type_specific,Sinker
"Bihm, Gage",815079.0,MIS_MUD,Slider,R,39,13,48.28629862555913,45.18664047151277,838,226,137,Tight High-Spin Breakers,1,-2.4840425,10.403114166666668,80.43190069444444,2278.128248611111,4.981316666666667,6.062416388888889,-1.6562647222222222,48.28160628814696,44.665479004435895,25.703994760969223,1135,322,pitch_type_specific,Slider
"Bihm, Gage",815079.0,MIS_MUD,Slider,L,33,13,45.54848156920234,29.338572364112643,1080,262,108,Tight High-Spin Breakers,1,-2.4840425,10.403114166666668,80.43190069444444,2278.128248611111,4.981316666666667,6.062416388888889,-1.6562647222222222,48.28160628814696,44.665479004435895,25.703994760969223,1136,323,pitch_type_specific,Slider
"Armstrong, Andrew",803262.0,NEW_YOR13,Four-Seam,R,84,37,47.58782405187818,41.38834315651605,896,280,155,Soft-Speed Separation,0,14.813764728682171,-9.351287906976744,88.84995868217054,2115.303490697674,6.434158372093023,5.352328914728682,-2.42795496124031,48.27764452936992,44.651009951072375,25.573018991486574,1137,381,pitch_type_specific,Four-Seam
"Armstrong, Andrew",803262.0,NEW_YOR13,Four-Seam,L,45,37,45.90147796144984,31.630648330058943,1045,343,163,Soft-Speed Separation,0,14.813764728682171,-9.351287906976744,88.84995868217054,2115.303490697674,6.434158372093023,5.352328914728682,-2.42795496124031,48.27764452936992,44.651009951072375,25.573018991486574,1138,382,pitch_type_specific,Four-Seam
"Escobar, Anthony",678673.0,TRO_AIG,Curveball,R,38,21,52.724443888931845,67.51800916830386,497,64,38,Tight High-Spin Breakers,1,-1.9525166,-5.936168,77.1532526,2221.11936,5.9782888000000005,5.703387,1.8537878,48.26075989260559,44.58934423033675,25.47478716437459,1139,144,pitch_type_specific,Curveball
"Bell, Jacob",1000200105.0,SCH_BOO,Four-Seam,R,59,34,41.871582045940215,14.276358873608382,1310,442,232,Soft-Speed Separation,0,16.68209306122449,11.735688367346938,87.09354704081633,2324.959658163265,6.095360408163265,6.025952653061225,1.68799,48.260543657981536,44.58855450272066,25.37655533726261,1140,383,pitch_type_specific,Four-Seam
"Bell, Jacob",1000200105.0,SCH_BOO,Four-Seam,L,39,34,40.64603879484845,10.478061558611657,1368,456,219,Soft-Speed Separation,0,16.68209306122449,11.735688367346938,87.09354704081633,2324.959658163265,6.095360408163265,6.025952653061225,1.68799,48.260543657981536,44.58855450272066,25.37655533726261,1141,384,pitch_type_specific,Four-Seam
"Gregory, Ben",833406.0,GAT_GRI,Four-Seam,R,74,18,62.86141958836757,95.02292075965948,77,10,7,Soft-Speed Separation,0,15.734623655913978,13.64623612903226,88.87292172043011,2229.8304548387096,6.4530883870967735,5.936906021505376,2.085194623655914,48.246044153099724,44.53559971125392,25.278323510150624,1142,385,pitch_type_specific,Four-Seam
"Mannering, Shawn",1000457814.0,DOW_EAS1,Sinker,L,27,15,61.58283270479593,93.64767518009168,98,7,3,Soft-Speed Separation,0,13.51220661016949,18.55734440677966,89.13675237288136,2231.0259694915253,5.822554406779661,5.100436271186441,1.920502372881356,48.240493189941716,44.51532659856022,25.180091683038636,1143,73,pitch_type_specific,Sinker
"Mannering, Shawn",1000457814.0,DOW_EAS1,Sinker,R,32,15,61.4193290089451,93.32023575638507,103,9,6,Soft-Speed Separation,0,13.51220661016949,18.55734440677966,89.13675237288136,2231.0259694915253,5.822554406779661,5.100436271186441,1.920502372881356,48.240493189941716,44.51532659856022,25.180091683038636,1144,74,pitch_type_specific,Sinker
"Wehrle, Tyler",806332.0,WIN_CIT29,Sinker,R,32,27,47.54135885164267,41.19187950229208,899,112,56,Soft-Speed Separation,0,15.485736702127658,16.561209468085107,91.29753925531917,2318.854636170213,5.694862127659575,5.718070531914894,1.6036348936170213,48.22516534137089,44.4593465474262,25.04911591355599,1145,75,pitch_type_specific,Sinker
"Wehrle, Tyler",806332.0,WIN_CIT29,Sinker,L,62,27,46.04939077018856,32.35101506221349,1034,137,70,Soft-Speed Separation,0,15.485736702127658,16.561209468085107,91.29753925531917,2318.854636170213,5.694862127659575,5.718070531914894,1.6036348936170213,48.22516534137089,44.4593465474262,25.04911591355599,1146,76,pitch_type_specific,Sinker
"Foy, Corbin",813822.0,LAK_ERI24,Sinker,L,43,11,33.48032950569958,1.37524557956778,1507,257,128,Soft-Speed Separation,0,11.421206842105263,13.174307368421053,91.76157684210528,2242.8860736842107,6.327700350877193,5.307220701754385,1.7513445614035088,48.21096104162099,44.40746989802899,24.95088408644401,1147,77,pitch_type_specific,Sinker
"Gilleran, Jimmy",10103730.0,NEW_ENG23,Four-Seam,R,63,30,44.43401400774003,22.98624754420432,1177,391,205,Soft-Speed Separation,0,16.281044356435643,13.949913267326734,88.44766673267327,2165.454650495049,5.646234752475248,5.619130396039603,1.0272177227722772,48.19009667440244,44.33126948814261,24.85265225933202,1148,386,pitch_type_specific,Four-Seam
"Gilleran, Jimmy",10103730.0,NEW_ENG23,Four-Seam,L,38,30,40.508365007484784,10.216110019646363,1372,458,220,Soft-Speed Separation,0,16.281044356435643,13.949913267326734,88.44766673267327,2165.454650495049,5.646234752475248,5.619130396039603,1.0272177227722772,48.19009667440244,44.33126948814261,24.85265225933202,1149,387,pitch_type_specific,Four-Seam
"Smith, Donny",1000381366.0,JOL_SLA,Four-Seam,R,30,19,47.45194400792252,40.66797642436149,907,284,157,Soft-Speed Separation,0,15.116155192307692,11.005012692307693,88.14957538461537,2198.374294230769,5.869839423076924,5.79728,2.464410576923077,48.17428812075066,44.2735338158666,24.75442043222004,1150,388,pitch_type_specific,Four-Seam
"Phelps, Travis",,FLO_Y'A,Four-Seam,R,35,18,47.87071159228938,42.50163719711853,879,277,153,Soft-Speed Separation,0,13.745428679245284,5.09526603773585,90.64341509433962,2091.526858490566,6.643895094339623,5.962806981132076,1.3575743396226416,48.16647836632984,44.24501119249898,24.688932547478718,1151,389,pitch_type_specific,Four-Seam
"Perez, Kelvin",692487.0,WAS_WIL3,Four-Seam,R,59,43,55.40449525129911,78.1925343811395,334,80,47,Soft-Speed Separation,0,15.445245984251969,10.879589763779526,89.14398700787402,2076.8326661417323,6.140838346456693,5.952267637795276,1.3169751181102365,48.14846726171852,44.17923140922001,24.590700720366733,1152,390,pitch_type_specific,Four-Seam
"Perez, Kelvin",692487.0,WAS_WIL3,Four-Seam,L,68,43,52.29660499466065,65.16044531761625,533,141,58,Soft-Speed Separation,0,15.445245984251969,10.879589763779526,89.14398700787402,2076.8326661417323,6.140838346456693,5.952267637795276,1.3169751181102365,48.14846726171852,44.17923140922001,24.590700720366733,1153,391,pitch_type_specific,Four-Seam
"Heredia-Bustos, Rolando",837343.0,DOW_EAS1,Curveball,R,40,18,63.29632237997107,95.61231172233136,68,7,4,Tight High-Spin Breakers,1,5.573646266666667,-11.022328666666668,73.73444946666666,2220.1646626666666,5.050011733333333,5.438483333333334,1.8475796,48.13736038909969,44.138667119047895,24.459724950884087,1154,145,pitch_type_specific,Curveball
"Heredia-Bustos, Rolando",837343.0,DOW_EAS1,Curveball,L,35,18,58.56883144024114,87.16437459070072,197,29,10,Tight High-Spin Breakers,1,5.573646266666667,-11.022328666666668,73.73444946666666,2220.1646626666666,5.050011733333333,5.438483333333334,1.8475796,48.13736038909969,44.138667119047895,24.459724950884087,1155,146,pitch_type_specific,Curveball
"Lawson, Nathan",1000569348.0,FLO_Y'A,Four-Seam,R,39,29,44.16385644083552,21.74197773411919,1196,401,209,Soft-Speed Separation,0,14.606264,8.43140075,88.834458,2239.1913225,6.100744125,5.608443125,1.657943375,48.11198086952429,44.04597656322573,24.32874918140144,1156,392,pitch_type_specific,Four-Seam
"Lawson, Nathan",1000569348.0,FLO_Y'A,Four-Seam,L,41,29,43.01643661190859,17.812704649639816,1256,427,204,Soft-Speed Separation,0,14.606264,8.43140075,88.834458,2239.1913225,6.100744125,5.608443125,1.657943375,48.11198086952429,44.04597656322573,24.32874918140144,1157,393,pitch_type_specific,Four-Seam
"Williams, Brian",1000079778.0,MIS_MUD,Cutter,R,88,44,45.072741915037966,26.326129666011788,1126,51,27,Soft-Speed Separation,0,6.609925416666666,-0.0878174305555555,83.16735354166667,2189.821815972222,6.470782569444444,6.082258819444444,2.827282013888889,48.111104445727605,44.04277570638489,24.197773411918792,1158,37,pitch_type_specific,Cutter
"Williams, Brian",1000079778.0,MIS_MUD,Cutter,L,56,44,43.7015676801508,20.104780615586115,1221,54,26,Soft-Speed Separation,0,6.609925416666666,-0.0878174305555555,83.16735354166667,2189.821815972222,6.470782569444444,6.082258819444444,2.827282013888889,48.111104445727605,44.04277570638489,24.197773411918792,1159,38,pitch_type_specific,Cutter
"Wilson, Bradley",1000073000.0,FLO_Y'A,Four-Seam,R,38,23,47.0924249810287,38.179436804191226,945,298,163,Soft-Speed Separation,0,12.506557833333334,5.0121855,92.18402416666666,2260.824711666666,6.774356666666667,5.644169000000001,1.2378384999999998,48.10777298560148,44.0306086167017,24.09954158480681,1160,394,pitch_type_specific,Four-Seam
"Nettleton, Blake",10067637.0,WIN_CIT29,Four-Seam,R,96,70,40.31074012593432,9.69220694171578,1380,462,239,Soft-Speed Separation,0,14.498991255411257,7.962968268398269,89.5064851948052,2138.7513285714285,6.48968645021645,5.652488095238096,1.3403819047619048,48.10112629356042,44.00633370567219,24.001309757694827,1161,395,pitch_type_specific,Four-Seam
"Nettleton, Blake",10067637.0,WIN_CIT29,Four-Seam,L,135,70,38.7305396966154,6.352324819908317,1431,477,231,Soft-Speed Separation,0,14.498991255411257,7.962968268398269,89.5064851948052,2138.7513285714285,6.48968645021645,5.652488095238096,1.3403819047619048,48.10112629356042,44.00633370567219,24.001309757694827,1162,396,pitch_type_specific,Four-Seam
"Wehrle, Tyler",806332.0,WIN_CIT29,Changeup,L,51,17,42.8654562845995,17.354289456450555,1263,164,95,Soft-Speed Separation,0,6.351669076923077,15.776331999999998,84.18995769230769,1897.737467692308,5.564789538461539,5.569566769230769,1.867591846153846,48.095052008761144,43.98414932851745,23.903077930582842,1163,158,pitch_type_specific,Changeup
"Daly, Ryan",831333.0,JOL_SLA,Sinker,L,67,43,50.96510907871135,58.54616895874263,634,69,36,Soft-Speed Separation,0,12.72270090225564,15.4271207518797,90.1752957894737,2199.873042105263,6.926212631578948,5.423288721804512,2.0197044360902257,48.09210422854217,43.97338350664574,23.804846103470858,1164,78,pitch_type_specific,Sinker
"Daly, Ryan",831333.0,JOL_SLA,Sinker,R,66,43,49.66379208343015,51.66994106090373,739,88,42,Soft-Speed Separation,0,12.72270090225564,15.4271207518797,90.1752957894737,2199.873042105263,6.926212631578948,5.423288721804512,2.0197044360902257,48.09210422854217,43.97338350664574,23.804846103470858,1165,79,pitch_type_specific,Sinker
"Hagan, Jack",699522.0,DOW_EAS1,Four-Seam,R,44,25,51.014607970011184,58.67714472822529,632,177,99,Soft-Speed Separation,0,13.510186419753088,13.24311950617284,91.60269839506174,2381.426504938272,5.991373703703704,5.8269235802469135,1.965397654320988,48.08821925782447,43.95919489704237,23.673870333988212,1166,397,pitch_type_specific,Four-Seam
"Hagan, Jack",699522.0,DOW_EAS1,Four-Seam,L,37,25,50.62738988440943,56.71250818598559,662,185,81,Soft-Speed Separation,0,13.510186419753088,13.24311950617284,91.60269839506174,2381.426504938272,5.991373703703704,5.8269235802469135,1.965397654320988,48.08821925782447,43.95919489704237,23.673870333988212,1167,398,pitch_type_specific,Four-Seam
"Gregory, Ben",833406.0,GAT_GRI,Sinker,R,136,66,53.14445257401069,69.28618205631957,470,47,24,Soft-Speed Separation,0,14.689477136563877,15.90617845814978,89.13032022026431,2259.711811894273,6.542401145374449,5.853679030837005,2.140367400881057,48.07963976127421,43.927861037409784,23.542894564505566,1168,80,pitch_type_specific,Sinker
"Gregory, Ben",833406.0,GAT_GRI,Sinker,L,91,66,52.63825537587143,66.86313032089063,507,54,29,Soft-Speed Separation,0,14.689477136563877,15.90617845814978,89.13032022026431,2259.711811894273,6.542401145374449,5.853679030837005,2.140367400881057,48.07963976127421,43.927861037409784,23.542894564505566,1169,81,pitch_type_specific,Sinker
"Johnston, Spencer",800918.0,DOW_EAS1,Four-Seam,R,27,12,55.717991757153406,79.3713163064833,316,74,42,Soft-Speed Separation,0,17.694802280701754,11.849896140350875,84.82508140350876,2137.1450596491227,5.959494912280702,6.322734210526316,1.923878245614035,48.06588260370169,43.877617431413164,23.41191879502292,1170,399,pitch_type_specific,Four-Seam
"Johnston, Spencer",800918.0,DOW_EAS1,Four-Seam,L,30,12,52.95486175669434,68.30386378519974,485,127,54,Soft-Speed Separation,0,17.694802280701754,11.849896140350875,84.82508140350876,2137.1450596491227,5.959494912280702,6.322734210526316,1.923878245614035,48.06588260370169,43.877617431413164,23.41191879502292,1171,400,pitch_type_specific,Four-Seam
"Dill, Austin",1000429156.0,TRI_VAL,Four-Seam,R,73,42,49.81437623904668,52.32481990831697,729,212,120,Soft-Speed Separation,0,16.40753221238938,13.3298996460177,87.24248477876107,2323.7489415929203,5.332861238938054,6.283720884955753,1.634009203539823,48.061126554034075,43.86024748530764,23.280943025540275,1172,401,pitch_type_specific,Four-Seam
"Dill, Austin",1000429156.0,TRI_VAL,Four-Seam,L,40,42,46.17653068162805,32.80943025540275,1027,336,159,Soft-Speed Separation,0,16.40753221238938,13.3298996460177,87.24248477876107,2323.7489415929203,5.332861238938054,6.283720884955753,1.634009203539823,48.061126554034075,43.86024748530764,23.280943025540275,1173,402,pitch_type_specific,Four-Seam
"Binns, Malik",702238.0,NEW_JER6,Four-Seam,R,48,27,53.07168361791713,68.82776686313032,477,124,72,Soft-Speed Separation,0,13.728323636363635,7.518496868686869,91.26180868686868,2101.983876767677,6.524284747474748,6.029718383838384,0.9655309090909092,48.02960984169237,43.745142801156284,23.14996725605763,1174,403,pitch_type_specific,Four-Seam
"Binns, Malik",702238.0,NEW_JER6,Four-Seam,L,51,27,44.35662726513896,22.52783235101506,1184,397,190,Soft-Speed Separation,0,13.728323636363635,7.518496868686869,91.26180868686868,2101.983876767677,6.524284747474748,6.029718383838384,0.9655309090909092,48.02960984169237,43.745142801156284,23.14996725605763,1175,404,pitch_type_specific,Four-Seam
"Moore, Kyle",1000517760.0,SCH_BOO,Changeup,L,85,25,48.74325769101762,47.67518009168304,800,101,59,Tight High-Spin Breakers,1,9.858535319148936,16.35876659574468,82.5866670212766,2030.5604265957447,4.681901382978723,6.094714255319149,2.3081597872340422,48.019434157180385,43.707979376904504,23.051735428945644,1176,159,pitch_type_specific,Changeup
"Andueza, Axel",672847.0,DOW_EAS1,Four-Seam,R,188,148,49.40229567899591,50.4256712508186,758,222,123,Soft-Speed Separation,0,13.847825774336282,7.795637234513274,90.56657495575222,2125.4006940265485,5.523745442477876,5.976560663716814,1.01723342920354,48.01918797332228,43.70708026931604,22.95350360183366,1177,405,pitch_type_specific,Four-Seam
"Andueza, Axel",672847.0,DOW_EAS1,Four-Seam,L,264,148,45.35651953287934,27.89783889980353,1102,364,174,Soft-Speed Separation,0,13.847825774336282,7.795637234513274,90.56657495575222,2125.4006940265485,5.523745442477876,5.976560663716814,1.01723342920354,48.01918797332228,43.70708026931604,22.95350360183366,1178,406,pitch_type_specific,Four-Seam
"Brown, Ethan",690384.0,WAS_WIL3,Four-Seam,L,25,25,58.42482245363793,86.83693516699411,202,35,14,Soft-Speed Separation,0,12.73733656716418,-10.77735776119403,90.37331104477612,2076.754858208956,6.087360149253732,5.5026225373134325,-1.867450597014925,48.01509171152841,43.6921199868198,22.822527832351014,1179,407,pitch_type_specific,Four-Seam
"Brown, Ethan",690384.0,WAS_WIL3,Four-Seam,R,42,25,53.593260794900814,71.38179436804192,438,113,65,Soft-Speed Separation,0,12.73733656716418,-10.77735776119403,90.37331104477612,2076.754858208956,6.087360149253732,5.5026225373134325,-1.867450597014925,48.01509171152841,43.6921199868198,22.822527832351014,1180,408,pitch_type_specific,Four-Seam
"Serratos, Oscar",8898893.0,WIN_CIT29,Four-Seam,R,44,31,47.33731950018962,39.8166339227243,920,289,159,Soft-Speed Separation,0,13.03680125,10.091695,91.653820625,2203.87329375,5.60597525,5.913453125,1.6893258750000002,48.007109831354384,43.66296872934077,22.691552062868368,1181,409,pitch_type_specific,Four-Seam
"Serratos, Oscar",8898893.0,WIN_CIT29,Four-Seam,L,36,31,44.38702599543768,22.72429600523903,1181,395,189,Soft-Speed Separation,0,13.03680125,10.091695,91.653820625,2203.87329375,5.60597525,5.913453125,1.6893258750000002,48.007109831354384,43.66296872934077,22.691552062868368,1182,410,pitch_type_specific,Four-Seam
"Westcott, Zac",686170.0,FLO_Y'A,Curveball,R,117,44,28.467494970129827,0.3929273084479371,1522,158,85,Tight High-Spin Breakers,1,-15.222359877300612,-9.16518208588957,67.09701552147239,1872.2270214723928,5.48063263803681,5.589307423312883,2.044855828220859,48.00156951388371,43.64273449660589,22.560576293385722,1183,147,pitch_type_specific,Curveball
"Westcott, Zac",686170.0,FLO_Y'A,Curveball,L,46,44,26.49926365374514,0.1964636542239685,1525,160,74,Tight High-Spin Breakers,1,-15.222359877300612,-9.16518208588957,67.09701552147239,1872.2270214723928,5.48063263803681,5.589307423312883,2.044855828220859,48.00156951388371,43.64273449660589,22.560576293385722,1184,148,pitch_type_specific,Curveball
"Barker, Alex",1000106691.0,NEW_YOR13,Four-Seam,L,76,95,46.44923787264605,34.64309102815979,999,325,150,Soft-Speed Separation,0,15.590896680851063,-7.92015914893617,87.36137025531914,2170.46196,6.284663617021277,6.056298808510638,-2.364651957446809,48.000692774656244,43.639532487755275,22.42960052390308,1185,411,pitch_type_specific,Four-Seam
"Barker, Alex",1000106691.0,NEW_YOR13,Four-Seam,R,159,95,44.1646216521508,21.872953503601835,1194,400,208,Soft-Speed Separation,0,15.590896680851063,-7.92015914893617,87.36137025531914,2170.46196,6.284663617021277,6.056298808510638,-2.364651957446809,48.000692774656244,43.639532487755275,22.42960052390308,1186,412,pitch_type_specific,Four-Seam
"Sohosky, Zac",1000224033.0,MIA_RED,Four-Seam,L,34,21,39.29911738909624,7.334643091028161,1416,472,229,Soft-Speed Separation,0,14.311488103448276,-7.469361896551724,88.36424379310346,1888.1370844827584,6.331682586206897,6.193489655172414,-0.827966724137931,48.00020513265384,43.63775153173241,22.331368696791092,1187,413,pitch_type_specific,Four-Seam
"Hill, Kaleb",1000371973.0,OTT_TIT,Four-Seam,R,40,15,46.53214753849733,35.10150622134905,992,319,171,Soft-Speed Separation,0,14.309789056603773,-10.011511698113209,89.63876226415094,1961.5415075471697,5.513805849056604,6.304415471698114,-2.873445283018868,47.986575048699244,43.58797202137168,22.265880812049772,1188,414,pitch_type_specific,Four-Seam
"Beriguete, Randy",691335.0,LAK_ERI24,Four-Seam,R,67,21,38.15062747895178,5.304518664047151,1447,481,247,Soft-Speed Separation,0,11.64610843137255,7.330118627450981,93.30749323529412,2283.579348039216,6.474792647058823,5.911447156862746,1.7674236274509805,47.97961646350885,43.56255802064099,22.167648984937788,1189,415,pitch_type_specific,Four-Seam
"Beriguete, Randy",691335.0,LAK_ERI24,Four-Seam,L,35,21,34.62229640747469,2.030124426981008,1497,492,242,Soft-Speed Separation,0,11.64610843137255,7.330118627450981,93.30749323529412,2283.579348039216,6.474792647058823,5.911447156862746,1.7674236274509805,47.97961646350885,43.56255802064099,22.167648984937788,1190,416,pitch_type_specific,Four-Seam
"Martzolf, Max",824782.0,OTT_TIT,Curveball,L,56,19,46.08827166800652,32.48199083169613,1032,106,48,Tight High-Spin Breakers,1,-4.24163647887324,11.133017605633803,73.92538112676056,2155.139523098592,5.434835774647887,4.82644028169014,-1.5460840845070425,47.97447961104599,43.543797314452526,22.069417157825804,1191,149,pitch_type_specific,Curveball
"Galva, Claudio",669996.0,GAT_GRI,Four-Seam,L,34,48,50.9003173086864,58.41519318925998,636,180,79,Tight High-Spin Breakers,1,12.791641743119268,-10.365006238532107,89.00793220183486,2006.766428440367,4.878660458715596,5.729035504587156,-0.9456144036697248,47.97206200193872,43.53496777253593,21.97118533071382,1192,417,pitch_type_specific,Four-Seam
"Galva, Claudio",669996.0,GAT_GRI,Four-Seam,R,75,48,45.052029072498925,26.064178127046496,1130,375,194,Tight High-Spin Breakers,1,12.791641743119268,-10.365006238532107,89.00793220183486,2006.766428440367,4.878660458715596,5.729035504587156,-0.9456144036697248,47.97206200193872,43.53496777253593,21.97118533071382,1193,418,pitch_type_specific,Four-Seam
"Steinhauer, Ryan",1000424762.0,NEW_JER6,Changeup,R,57,24,45.94234469834596,31.696136214800266,1044,137,61,Soft-Speed Separation,0,10.827091505376345,-12.54348946236559,82.30946322580645,1665.3752462365592,6.31381311827957,5.798490107526882,-3.0167518279569894,47.951125405782136,43.45850356961782,21.840209561231173,1194,160,pitch_type_specific,Changeup
"Steinhauer, Ryan",1000424762.0,NEW_JER6,Changeup,L,36,24,39.583676197760695,8.055009823182711,1405,176,99,Soft-Speed Separation,0,10.827091505376345,-12.54348946236559,82.30946322580645,1665.3752462365592,6.31381311827957,5.798490107526882,-3.0167518279569894,47.951125405782136,43.45850356961782,21.840209561231173,1195,161,pitch_type_specific,Changeup
"Vail, Tyler",592821.0,NEW_YOR13,Curveball,R,166,22,55.75368652361183,79.56777996070727,313,46,29,Tight High-Spin Breakers,1,-2.908588524590164,-5.507308306010929,74.73706710382514,2225.4027038251365,5.718807595628415,5.393782841530055,1.4462467213114754,47.93532204880608,43.40078687653327,21.74197773411919,1196,150,pitch_type_specific,Curveball
"Saturria, Michael",800014.0,NEW_ENG23,Cutter,R,128,62,53.63845881309645,71.84020956123118,431,15,7,Soft-Speed Separation,0,12.89696775510204,-0.7693831836734695,86.50083669387755,2505.108591836735,6.377306612244898,5.708581510204082,3.0815550204081634,47.88919653831329,43.23232824230045,21.643745907007204,1197,39,pitch_type_specific,Cutter
"Saturria, Michael",800014.0,NEW_ENG23,Cutter,L,117,62,52.13681385682535,64.30910281597905,546,19,11,Soft-Speed Separation,0,12.89696775510204,-0.7693831836734695,86.50083669387755,2505.108591836735,6.377306612244898,5.708581510204082,3.0815550204081634,47.88919653831329,43.23232824230045,21.643745907007204,1198,40,pitch_type_specific,Cutter
"Cox, Carter",10156934.0,NIU_HUS,Four-Seam,L,54,20,38.3654801798714,5.631958087753765,1442,478,232,Soft-Speed Separation,0,14.487340266666669,-7.527457333333333,87.32594066666667,2225.526573333333,6.591872266666667,5.355352133333334,-1.5383844,47.88563632515274,43.21932570552205,21.54551407989522,1199,419,pitch_type_specific,Four-Seam
"Parsons, Billy",698892.0,SUS_COU1,Sinker,R,30,24,40.69923985624429,10.805500982318271,1363,206,105,Soft-Speed Separation,0,12.994291475409836,9.784744918032787,89.39949737704919,2277.487083606557,5.782209016393442,5.781068360655738,1.3237875409836066,47.88347875711462,43.21144588021316,21.447282252783236,1200,82,pitch_type_specific,Sinker
"Parsons, Billy",698892.0,SUS_COU1,Sinker,L,31,24,37.17033491862558,3.732809430255403,1471,244,121,Soft-Speed Separation,0,12.994291475409836,9.784744918032787,89.39949737704919,2277.487083606557,5.782209016393442,5.781068360655738,1.3237875409836066,47.88347875711462,43.21144588021316,21.447282252783236,1201,83,pitch_type_specific,Sinker
"O'Hanlon, Michael",1000061333.0,WAS_WIL3,Four-Seam,L,62,43,37.814717815670434,4.5841519318926,1458,485,236,Soft-Speed Separation,0,15.831637428571428,10.754088785714286,88.37414600000001,2134.0360764285715,5.921170071428572,6.00878,0.3971492857142857,47.88296486289091,43.20956904637131,21.31630648330059,1202,420,pitch_type_specific,Four-Seam
"O'Hanlon, Michael",1000061333.0,WAS_WIL3,Four-Seam,R,78,43,36.78165506768601,3.4053700065487886,1476,488,250,Soft-Speed Separation,0,15.831637428571428,10.754088785714286,88.37414600000001,2134.0360764285715,5.921170071428572,6.00878,0.3971492857142857,47.88296486289091,43.20956904637131,21.31630648330059,1203,421,pitch_type_specific,Four-Seam
"Baker, Luke",694914.0,EVA_OTT,Four-Seam,L,49,30,41.01736862169738,11.91879502292076,1346,450,214,Soft-Speed Separation,0,14.24153609195402,-10.5849308045977,87.05307218390806,2425.865424137932,5.856698850574713,5.918486551724138,-1.6769454022988506,47.87030764783413,43.163342627652554,21.185330713817944,1204,422,pitch_type_specific,Four-Seam
"Baker, Luke",694914.0,EVA_OTT,Four-Seam,R,38,30,38.78124081911719,6.4833005893909625,1429,476,246,Soft-Speed Separation,0,14.24153609195402,-10.5849308045977,87.05307218390806,2425.865424137932,5.856698850574713,5.918486551724138,-1.6769454022988506,47.87030764783413,43.163342627652554,21.185330713817944,1205,423,pitch_type_specific,Four-Seam
"Steinhauer, Ryan",1000424762.0,NEW_JER6,Four-Seam,L,28,18,48.49968019299735,46.36542239685658,820,248,114,Soft-Speed Separation,0,15.98678948275862,-9.259625000000002,86.38473155172414,1935.7518448275864,6.053681724137931,5.720316551724138,-3.031098103448276,47.868138795363514,43.15542158957299,21.054354944335298,1206,424,pitch_type_specific,Four-Seam
"Steinhauer, Ryan",1000424762.0,NEW_JER6,Four-Seam,R,30,18,46.02737903042343,32.15455140798952,1037,341,180,Soft-Speed Separation,0,15.98678948275862,-9.259625000000002,86.38473155172414,1935.7518448275864,6.053681724137931,5.720316551724138,-3.031098103448276,47.868138795363514,43.15542158957299,21.054354944335298,1207,425,pitch_type_specific,Four-Seam
"Almonte, Dawil",805044.0,EVA_OTT,Four-Seam,R,89,40,41.207454690766646,12.639161755075312,1335,447,235,Soft-Speed Separation,0,11.223099295774649,9.3631511971831,92.01771528169014,2028.445503521127,5.502167605633803,5.328173591549295,3.009692887323944,47.85825957169817,43.11934089348606,20.923379174852652,1208,426,pitch_type_specific,Four-Seam
"Almonte, Dawil",805044.0,EVA_OTT,Four-Seam,L,53,40,40.70290546241042,10.870988867059594,1362,453,217,Soft-Speed Separation,0,11.223099295774649,9.3631511971831,92.01771528169014,2028.445503521127,5.502167605633803,5.328173591549295,3.009692887323944,47.85825957169817,43.11934089348606,20.923379174852652,1209,427,pitch_type_specific,Four-Seam
"Whitesell, Max",1000223610.0,FLO_Y'A,Four-Seam,R,109,74,52.49972290768069,66.07727570399476,519,137,81,Soft-Speed Separation,0,14.059864272727271,12.812945636363636,88.79906972727272,1915.240005454545,6.378344045454545,5.258398636363636,2.7712341363636366,47.85066899756897,43.09161875584059,20.792403405370006,1210,428,pitch_type_specific,Four-Seam
"Whitesell, Max",1000223610.0,FLO_Y'A,Four-Seam,L,111,74,47.35229910010705,39.94760969220694,918,288,130,Soft-Speed Separation,0,14.059864272727271,12.812945636363636,88.79906972727272,1915.240005454545,6.378344045454545,5.258398636363636,2.7712341363636366,47.85066899756897,43.09161875584059,20.792403405370006,1211,429,pitch_type_specific,Four-Seam
"Scott, Brandon",1000138331.0,LAK_ERI24,Four-Seam,R,327,148,53.52451046669032,70.92337917485266,445,115,67,Soft-Speed Separation,0,13.390945250544664,-8.839821045751634,88.83479063180827,2303.5336374727667,6.187623464052288,5.606082026143791,-1.6876431154684095,47.84381207225715,43.06657603521324,20.66142763588736,1212,430,pitch_type_specific,Four-Seam
"Scott, Brandon",1000138331.0,LAK_ERI24,Four-Seam,L,132,148,51.588691558201816,61.8860510805501,583,160,69,Soft-Speed Separation,0,13.390945250544664,-8.839821045751634,88.83479063180827,2303.5336374727667,6.187623464052288,5.606082026143791,-1.6876431154684095,47.84381207225715,43.06657603521324,20.66142763588736,1213,431,pitch_type_specific,Four-Seam
"Long, Maddox",1000248716.0,WAS_WIL3,Four-Seam,L,85,61,55.08465926577667,77.47216764898494,345,85,37,Soft-Speed Separation,0,12.722390387096777,9.408594,91.65430348387098,2343.304667741936,6.125293935483871,5.970117612903226,1.3270565161290322,47.78394946205735,42.84794704990483,20.530451866404714,1214,432,pitch_type_specific,Four-Seam
"Long, Maddox",1000248716.0,WAS_WIL3,Four-Seam,R,70,61,53.30141179177454,69.87557301899149,461,121,70,Soft-Speed Separation,0,12.722390387096777,9.408594,91.65430348387098,2343.304667741936,6.125293935483871,5.970117612903226,1.3270565161290322,47.78394946205735,42.84794704990483,20.530451866404714,1215,433,pitch_type_specific,Four-Seam
"Debban, Caleb",1000551056.0,NEW_JER6,Curveball,R,104,42,46.33874198877566,33.85723641126391,1011,104,58,Tight High-Spin Breakers,1,-7.164146699029126,18.56734990291262,76.92260150485437,2810.2177805825245,5.909415388349515,5.2779194660194175,-2.367660436893204,47.783358449828775,42.84578856728259,20.39947609692207,1216,151,pitch_type_specific,Curveball
"Debban, Caleb",1000551056.0,NEW_JER6,Curveball,L,102,42,44.87994572196655,25.01637197118533,1146,119,55,Tight High-Spin Breakers,1,-7.164146699029126,18.56734990291262,76.92260150485437,2810.2177805825245,5.909415388349515,5.2779194660194175,-2.367660436893204,47.783358449828775,42.84578856728259,20.39947609692207,1217,152,pitch_type_specific,Curveball
"Kalisky, Jack",1000571646.0,OTT_TIT,Four-Seam,R,45,24,54.45027636217314,75.31106745252129,378,94,53,Soft-Speed Separation,0,13.29013676470588,7.365363823529412,88.43757235294117,2405.4114632352944,5.8735445588235295,5.939803382352942,2.61415,47.773743694594295,42.81067375732213,20.301244269810084,1218,434,pitch_type_specific,Four-Seam
"Bell, Brendan",681141.0,NEW_ENG23,Changeup,L,42,14,43.706016890452645,20.17026850032744,1220,160,92,Soft-Speed Separation,0,7.3099475,15.415000892857142,82.74120285714285,1950.4437017857144,5.155485714285715,6.030478214285714,1.6464894642857144,47.77324904999386,42.80886722655575,20.23575638506876,1219,162,pitch_type_specific,Changeup
"Vitas, Ben",1000076969.0,JOL_SLA,Four-Seam,L,156,98,48.50072513067476,46.4309102815979,819,247,113,Soft-Speed Separation,0,13.828064709897612,16.516980682593857,90.2977223890785,2152.916567576792,5.126883105802048,5.454652969283277,1.91771180887372,47.76448501034837,42.77685938245239,20.13752455795678,1220,435,pitch_type_specific,Four-Seam
"Vitas, Ben",1000076969.0,JOL_SLA,Four-Seam,R,137,98,48.270347541516045,45.05566470203012,840,259,142,Soft-Speed Separation,0,13.828064709897612,16.516980682593857,90.2977223890785,2152.916567576792,5.126883105802048,5.454652969283277,1.91771180887372,47.76448501034837,42.77685938245239,20.13752455795678,1221,436,pitch_type_specific,Four-Seam
"Maryniak, Connor",831880.0,NEW_JER6,Four-Seam,L,73,42,44.62940008781092,24.16502946954813,1159,384,183,Soft-Speed Separation,0,13.047053040000002,7.09901816,89.9966984,2456.2991384,5.77957104,6.1210564000000005,1.58004288,47.76383468545452,42.774484279342296,20.00654878847413,1222,437,pitch_type_specific,Four-Seam
"Maryniak, Connor",831880.0,NEW_JER6,Four-Seam,R,52,42,43.42078061612034,18.860510805500983,1240,417,219,Soft-Speed Separation,0,13.047053040000002,7.09901816,89.9966984,2456.2991384,5.77957104,6.1210564000000005,1.58004288,47.76383468545452,42.774484279342296,20.00654878847413,1223,438,pitch_type_specific,Four-Seam
"Barker, Alex",1000106691.0,NEW_YOR13,Changeup,R,117,28,50.40821631087419,55.40275049115914,682,92,41,Soft-Speed Separation,0,5.39096132231405,-12.197563636363636,82.78689719008264,1537.1623082644628,6.251435619834711,5.952095619834711,-2.517537520661157,47.722640280306585,42.62403492593428,19.90831696136215,1224,163,pitch_type_specific,Changeup
"Sechrist, Zander",801415.0,WAS_WIL3,Curveball,R,54,28,57.2065983392032,84.08644400785855,244,35,23,Tight High-Spin Breakers,1,0.3337594565217391,8.566881739130434,67.38044586956521,1837.878888043478,4.962203913043479,4.969546413043478,-2.6541207608695654,47.72199429449241,42.62167566992113,19.810085134250162,1225,153,pitch_type_specific,Curveball
"Sechrist, Zander",801415.0,WAS_WIL3,Curveball,L,38,28,55.24136715508142,77.9305828421742,338,49,19,Tight High-Spin Breakers,1,0.3337594565217391,8.566881739130434,67.38044586956521,1837.878888043478,4.962203913043479,4.969546413043478,-2.6541207608695654,47.72199429449241,42.62167566992113,19.810085134250162,1226,154,pitch_type_specific,Curveball
"Tomczak, Anthony",687088.0,EVA_OTT,Sinker,L,44,20,37.8168081129789,4.649639816633923,1457,239,117,Soft-Speed Separation,0,12.253502285714289,17.158309428571428,93.90353585714286,2284.240331428572,5.927368,5.4074607142857145,1.7929855714285714,47.720637967093666,42.6167221190829,19.67910936476752,1227,84,pitch_type_specific,Sinker
"Tomczak, Anthony",687088.0,EVA_OTT,Sinker,R,26,20,36.48697211393119,3.0124426981008514,1482,249,125,Soft-Speed Separation,0,12.253502285714289,17.158309428571428,93.90353585714286,2284.240331428572,5.927368,5.4074607142857145,1.7929855714285714,47.720637967093666,42.6167221190829,19.67910936476752,1228,85,pitch_type_specific,Sinker
"Harper, Scott",1000241275.0,NEW_YOR13,Sinker,R,133,66,42.649017191094856,16.830386378519975,1271,180,88,Soft-Speed Separation,0,3.4880426976744183,19.42381846511628,89.17315372093024,2289.2797902325583,6.237107255813953,4.356239581395348,1.724268,47.69594890480719,42.52655323707304,19.548133595284874,1229,86,pitch_type_specific,Sinker
"Harper, Scott",1000241275.0,NEW_YOR13,Sinker,L,82,66,42.43010437046455,15.913555992141454,1285,184,94,Soft-Speed Separation,0,3.4880426976744183,19.42381846511628,89.17315372093024,2289.2797902325583,6.237107255813953,4.356239581395348,1.724268,47.69594890480719,42.52655323707304,19.548133595284874,1230,87,pitch_type_specific,Sinker
"McKillican, Adam",1000570064.0,QUE_CAP,Four-Seam,L,37,13,34.37090039684748,1.899148657498363,1499,493,243,Soft-Speed Separation,0,14.453615769230767,9.909615,88.66826115384615,2041.878225,6.701425192307692,5.953071538461539,1.645506923076923,47.691665426120174,42.51090920491663,19.44990176817289,1231,439,pitch_type_specific,Four-Seam
"Sabatine, Gino",1000229070.0,TRI_VAL,Four-Seam,R,41,23,44.56264470685024,23.70661427635888,1166,388,203,Soft-Speed Separation,0,14.643403174603174,11.514934285714286,88.61576571428571,1845.5062698412696,5.018118571428571,6.106778888888889,1.5272388888888888,47.690066662483765,42.50507023347169,19.384413883431563,1232,440,pitch_type_specific,Four-Seam
"Morel, Yohanse",678353.0,OTT_TIT,Changeup,L,55,17,49.69945894540764,51.93189259986902,735,97,56,Soft-Speed Separation,0,5.061659805825243,17.065441262135923,85.22576067961165,2117.58547184466,5.364619514563106,5.348203883495145,2.3903731067961163,47.67463300593224,42.4487037526217,19.286182056319582,1233,164,pitch_type_specific,Changeup
"Morel, Yohanse",678353.0,OTT_TIT,Changeup,R,48,17,44.79904362984088,24.885396201702683,1148,148,65,Soft-Speed Separation,0,5.061659805825243,17.065441262135923,85.22576067961165,2117.58547184466,5.364619514563106,5.348203883495145,2.3903731067961163,47.67463300593224,42.4487037526217,19.286182056319582,1234,165,pitch_type_specific,Changeup
"Baird, Dustin",1000027580.0,MIS_MUD,Four-Seam,R,41,20,51.13415028099693,59.5939751146038,618,171,97,Soft-Speed Separation,0,14.368957530864195,13.404188024691356,89.54048,2056.317709876543,5.988174938271605,6.363452222222222,1.8677961728395065,47.6671421170554,42.42134568339056,19.155206286836936,1235,441,pitch_type_specific,Four-Seam
"Baird, Dustin",1000027580.0,MIS_MUD,Four-Seam,L,40,20,44.5454576017172,23.64112639161755,1167,389,186,Soft-Speed Separation,0,14.368957530864195,13.404188024691356,89.54048,2056.317709876543,5.988174938271605,6.363452222222222,1.8677961728395065,47.6671421170554,42.42134568339056,19.155206286836936,1236,442,pitch_type_specific,Four-Seam
"Hagan, Jack",699522.0,DOW_EAS1,Sinker,L,143,86,50.24595597894505,54.158480681074,701,81,44,Soft-Speed Separation,0,10.641814981132075,16.59253920754717,91.38689701886793,2376.5816973584906,6.030552878787878,5.8084087547169805,1.9900744905660377,47.646474934785864,42.345865428291575,19.02423051735429,1237,88,pitch_type_specific,Sinker
"Hagan, Jack",699522.0,DOW_EAS1,Sinker,R,122,86,48.60174455436675,46.75834970530452,814,103,50,Soft-Speed Separation,0,10.641814981132075,16.59253920754717,91.38689701886793,2376.5816973584906,6.030552878787878,5.8084087547169805,1.9900744905660377,47.646474934785864,42.345865428291575,19.02423051735429,1238,89,pitch_type_specific,Sinker
"Jones, Breyln",690202.0,NEW_JER6,Four-Seam,L,28,13,56.82500234309893,82.77668631303209,264,53,24,Soft-Speed Separation,0,13.415831698113209,6.280412830188679,89.12109547169811,1995.248450943396,5.8886171698113206,5.811034339622641,1.3049218867924528,47.62000412773731,42.24918929495886,18.893254747871644,1239,443,pitch_type_specific,Four-Seam
"Jones, Breyln",690202.0,NEW_JER6,Four-Seam,R,25,13,51.56289032168361,61.82056319580877,584,161,92,Soft-Speed Separation,0,13.415831698113209,6.280412830188679,89.12109547169811,1995.248450943396,5.8886171698113206,5.811034339622641,1.3049218867924528,47.62000412773731,42.24918929495886,18.893254747871644,1240,444,pitch_type_specific,Four-Seam
"Kramer, Cameron",1000249123.0,TRO_AIG,Sinker,R,31,25,36.72587142691642,3.3398821218074657,1477,246,124,Soft-Speed Separation,0,13.147353623188408,16.045647246376813,90.54128130434782,2251.3984,6.250466376811594,5.884431739130434,2.7272404347826087,47.58538749995506,42.122763163830065,18.762278978389,1241,90,pitch_type_specific,Sinker
"Kramer, Cameron",1000249123.0,TRO_AIG,Sinker,L,38,25,31.67499113310989,0.8513425016371972,1515,259,130,Soft-Speed Separation,0,13.147353623188408,16.045647246376813,90.54128130434782,2251.3984,6.250466376811594,5.884431739130434,2.7272404347826087,47.58538749995506,42.122763163830065,18.762278978389,1242,91,pitch_type_specific,Sinker
"Harris, Ben",1000390130.0,GAT_GRI,Changeup,L,165,82,47.97838146803206,42.89456450556647,873,112,64,Soft-Speed Separation,0,8.598319430379748,16.190360379746835,82.96593750000001,1789.5702503164557,5.625033670886076,6.119985791139241,1.1054810759493672,47.57410796483029,42.08156827922934,18.631303208906353,1243,166,pitch_type_specific,Changeup
"Harris, Ben",1000390130.0,GAT_GRI,Changeup,R,151,82,47.259153090494,39.62017026850032,923,125,54,Soft-Speed Separation,0,8.598319430379748,16.190360379746835,82.96593750000001,1789.5702503164557,5.625033670886076,6.119985791139241,1.1054810759493672,47.57410796483029,42.08156827922934,18.631303208906353,1244,167,pitch_type_specific,Changeup
"Andueza, Axel",672847.0,DOW_EAS1,Changeup,L,86,21,55.96833312680696,80.48461034708579,299,37,23,Tight High-Spin Breakers,1,5.68945951923077,11.249241634615384,82.38585471153846,2087.4206529807693,5.2243675,6.053152403846155,0.9727439423076922,47.56364258732617,42.04334684423079,18.533071381794368,1245,168,pitch_type_specific,Changeup
"Pardinho, Eric",672078.0,OTT_TIT,Changeup,L,102,20,57.91826657666993,85.85461689587426,217,29,18,Soft-Speed Separation,0,4.489541764705883,15.007623277310923,84.0503750420168,1606.7120630252102,5.394544453781513,5.518675798319328,1.4761904201680671,47.56071152303756,42.0326420719338,18.467583497053045,1246,169,pitch_type_specific,Changeup
"Thornton, Tyler",1000429124.0,NEW_ENG23,Changeup,R,72,58,39.12175968924467,7.072691552062868,1420,178,79,Soft-Speed Separation,0,9.611068877005348,13.972828930481285,83.47577139037433,1820.330165026738,4.9407224064171125,6.295728181818181,1.917288502673797,47.549204646877634,41.99061689711235,18.36935166994106,1247,170,pitch_type_specific,Changeup
"Thornton, Tyler",1000429124.0,NEW_ENG23,Changeup,L,115,58,36.604854919565874,3.20890635232482,1479,187,104,Soft-Speed Separation,0,9.611068877005348,13.972828930481285,83.47577139037433,1820.330165026738,4.9407224064171125,6.295728181818181,1.917288502673797,47.549204646877634,41.99061689711235,18.36935166994106,1248,171,pitch_type_specific,Changeup
"Simone, Andrew",1000132681.0,TRO_AIG,Changeup,L,73,24,51.7317468557016,62.540929927963326,573,81,47,Soft-Speed Separation,0,10.346486404494383,12.677205505617977,85.40575617977528,1684.7447786516852,5.94941404494382,5.295871685393259,0.8094367415730336,47.53367051948676,41.93388347874348,18.271119842829076,1249,172,pitch_type_specific,Changeup
"Nova, Fraynel",805843.0,LAK_ERI24,Four-Seam,R,225,150,45.799548973710216,31.04125736738704,1054,346,182,Soft-Speed Separation,0,12.407709182242993,6.752885303738318,90.28766936915888,2053.4597154205608,6.034571658878505,5.7551950000000005,1.5038656775700934,47.52029337770762,41.88502775855788,18.172888015717092,1250,445,pitch_type_specific,Four-Seam
"Nova, Fraynel",805843.0,LAK_ERI24,Four-Seam,L,203,150,45.78695950825343,30.844793713163064,1057,348,166,Soft-Speed Separation,0,12.407709182242993,6.752885303738318,90.28766936915888,2053.4597154205608,6.034571658878505,5.7551950000000005,1.5038656775700934,47.52029337770762,41.88502775855788,18.172888015717092,1251,446,pitch_type_specific,Four-Seam
"Bell, Brendan",681141.0,NEW_ENG23,Four-Seam,L,81,36,54.81793955328757,76.4898493778651,360,91,41,Soft-Speed Separation,0,11.007472714285717,3.0120739285714286,92.01397528571428,2361.488980714286,5.981636428571428,6.160804785714285,1.0844423571428572,47.483272935592254,41.749822466501016,18.041912246234446,1252,447,pitch_type_specific,Four-Seam
"Bell, Brendan",681141.0,NEW_ENG23,Four-Seam,R,59,36,48.8019347816742,48.06810740013098,794,239,132,Soft-Speed Separation,0,11.007472714285717,3.0120739285714286,92.01397528571428,2361.488980714286,5.981636428571428,6.160804785714285,1.0844423571428572,47.483272935592254,41.749822466501016,18.041912246234446,1253,448,pitch_type_specific,Four-Seam
"Simpson, Garret",1000073158.0,EVA_OTT,Cutter,L,78,50,42.5815451486033,16.437459070072038,1277,57,28,Tight High-Spin Breakers,1,5.384262237762238,0.4075595804195804,85.93738454545455,2406.2410167832168,5.375219160839161,5.563862167832168,1.930274055944056,47.46671484264746,41.68934934234088,17.9109364767518,1254,41,pitch_type_specific,Cutter
"Simpson, Garret",1000073158.0,EVA_OTT,Cutter,R,65,50,41.626978195546144,13.555992141453832,1321,60,31,Tight High-Spin Breakers,1,5.384262237762238,0.4075595804195804,85.93738454545455,2406.2410167832168,5.375219160839161,5.563862167832168,1.930274055944056,47.46671484264746,41.68934934234088,17.9109364767518,1255,42,pitch_type_specific,Cutter
"Hensey, Rob",802996.0,SUS_COU1,Changeup,L,55,63,58.1806621014135,86.37851997380484,209,27,17,Soft-Speed Separation,0,6.363556209386282,-15.828580324909746,84.10182862815884,1698.172321299639,6.132085306859206,5.681414187725632,-2.5416468953068594,47.42896074612088,41.55146461283622,17.779960707269154,1256,173,pitch_type_specific,Changeup
"Hensey, Rob",802996.0,SUS_COU1,Changeup,R,222,63,55.13186715410121,77.60314341846758,343,45,18,Soft-Speed Separation,0,6.363556209386282,-15.828580324909746,84.10182862815884,1698.172321299639,6.132085306859206,5.681414187725632,-2.5416468953068594,47.42896074612088,41.55146461283622,17.779960707269154,1257,174,pitch_type_specific,Changeup
"McMahon, Chris",675657.0,LAK_ERI24,Four-Seam,R,49,21,54.18141385768182,74.00130975769483,398,102,60,Soft-Speed Separation,0,13.873402028985506,9.742500289855071,88.18015449275363,2266.2422217391304,6.5427413043478255,5.735187536231884,1.5351131884057971,47.42510145404889,41.53736978625096,17.68172888015717,1258,449,pitch_type_specific,Four-Seam
"Campbell, AJ",1000132168.0,WIN_CIT29,Cutter,L,31,16,45.58604867062115,29.7969875573019,1073,47,24,Tight High-Spin Breakers,1,8.94975294117647,1.0066333333333335,85.65374784313727,2501.595249019608,5.154369803921568,5.976909607843137,1.8087617647058825,47.40643249571161,41.469187403217184,17.61624099541585,1259,43,pitch_type_specific,Cutter
"Cook, Cole",1000161363.0,SCH_BOO,Four-Seam,L,120,88,49.338772361688825,50.22920759659463,761,224,101,Tight High-Spin Breakers,1,14.059868507462689,-9.282551641791043,84.83370861940298,2296.8613100746265,5.331518134328358,5.753305559701492,-0.9591062313432837,47.396366878113,41.43242596306711,17.518009168303863,1260,450,pitch_type_specific,Four-Seam
"Cook, Cole",1000161363.0,SCH_BOO,Four-Seam,R,148,88,47.463231452658015,40.73346430910282,906,283,156,Tight High-Spin Breakers,1,14.059868507462689,-9.282551641791043,84.83370861940298,2296.8613100746265,5.331518134328358,5.753305559701492,-0.9591062313432837,47.396366878113,41.43242596306711,17.518009168303863,1261,451,pitch_type_specific,Four-Seam
"De Los Santos, Enmanuel",679735.0,NEW_ENG23,Curveball,R,54,13,53.65624822726794,71.90569744597249,430,56,34,Tight High-Spin Breakers,1,-5.660299333333333,-11.10153142857143,71.27217914285714,2219.110036190476,6.466013142857142,6.142757333333333,1.225923238095238,47.39210674851124,41.416867205956336,17.38703339882122,1262,155,pitch_type_specific,Curveball
"De Los Santos, Enmanuel",679735.0,NEW_ENG23,Curveball,L,51,13,50.85860080347185,58.21872953503602,639,76,32,Tight High-Spin Breakers,1,-5.660299333333333,-11.10153142857143,71.27217914285714,2219.110036190476,6.466013142857142,6.142757333333333,1.225923238095238,47.39210674851124,41.416867205956336,17.38703339882122,1263,156,pitch_type_specific,Curveball
"Soto, Carlos",666728.0,JOL_SLA,Four-Seam,R,82,55,45.39374807981413,28.094302554027507,1099,361,190,Soft-Speed Separation,0,12.981134666666668,9.62362921212121,88.4910830909091,2211.863683636364,5.470596606060607,5.635967272727273,2.0387781818181816,47.390117619995145,41.40960255198168,17.25605762933857,1264,452,pitch_type_specific,Four-Seam
"Soto, Carlos",666728.0,JOL_SLA,Four-Seam,L,83,55,45.35882423377899,27.96332678454486,1101,363,173,Soft-Speed Separation,0,12.981134666666668,9.62362921212121,88.4910830909091,2211.863683636364,5.470596606060607,5.635967272727273,2.0387781818181816,47.390117619995145,41.40960255198168,17.25605762933857,1265,453,pitch_type_specific,Four-Seam
"Sanchez, Dikember",699129.0,LAK_ERI24,Four-Seam,R,92,45,45.532338536714974,29.20759659462999,1082,354,184,Soft-Speed Separation,0,11.723162290076337,7.780512061068702,91.3323327480916,2278.613035877863,5.773824427480916,5.90859717557252,1.1493719847328243,47.36271962740307,41.30954017080751,17.125081859855925,1266,454,pitch_type_specific,Four-Seam
"Sanchez, Dikember",699129.0,LAK_ERI24,Four-Seam,L,39,45,37.226620469987,3.863785199738048,1469,487,238,Soft-Speed Separation,0,11.723162290076337,7.780512061068702,91.3323327480916,2278.613035877863,5.773824427480916,5.90859717557252,1.1493719847328243,47.36271962740307,41.30954017080751,17.125081859855925,1267,455,pitch_type_specific,Four-Seam
"Kassebaum, Torin",10120793.0,LON_ISL22,Curveball,L,25,16,42.43529410375824,15.979043876882775,1284,131,60,Tight High-Spin Breakers,1,1.1112870909090908,10.247508363636364,71.56442527272726,2155.4375472727274,5.305760363636364,4.3057965454545455,-3.112567272727273,47.3460645141338,41.24871271102747,16.994106090373283,1268,157,pitch_type_specific,Curveball
"Kassebaum, Torin",10120793.0,LON_ISL22,Curveball,R,30,16,41.60722059760607,13.490504256712509,1322,137,74,Tight High-Spin Breakers,1,1.1112870909090908,10.247508363636364,71.56442527272726,2155.4375472727274,5.305760363636364,4.3057965454545455,-3.112567272727273,47.3460645141338,41.24871271102747,16.994106090373283,1269,158,pitch_type_specific,Curveball
"Traver, Eliott",1000124995.0,LAK_ERI24,Sinker,R,57,15,50.01258779343559,53.17616240995415,716,83,38,Soft-Speed Separation,0,8.846899846153846,16.66066323076923,80.70809461538461,2147.225324615385,5.766489538461538,4.664465384615385,1.5880960000000002,47.32157869471042,41.159286108393346,16.895874263261295,1270,92,pitch_type_specific,Sinker
"Sechrist, Zander",801415.0,WAS_WIL3,Sinker,L,32,36,47.51747403855202,41.12639161755075,900,113,57,Tight High-Spin Breakers,1,13.196501836734695,-17.842929081632654,80.13032153061225,1892.9930663265309,5.59919306122449,5.150780612244898,-2.4836101020408163,47.31028832351981,41.118051648537374,16.797642436149314,1271,93,pitch_type_specific,Sinker
"Sechrist, Zander",801415.0,WAS_WIL3,Sinker,R,66,36,39.68761079763164,8.25147347740668,1402,219,115,Tight High-Spin Breakers,1,13.196501836734695,-17.842929081632654,80.13032153061225,1892.9930663265309,5.59919306122449,5.150780612244898,-2.4836101020408163,47.31028832351981,41.118051648537374,16.797642436149314,1272,94,pitch_type_specific,Sinker
"Gorgen, Grady",1000138303.0,NEW_YOR13,Changeup,R,59,18,43.862079716381984,21.02161100196464,1207,157,68,Tight High-Spin Breakers,1,6.750982352941176,-12.089467794117647,83.79685073529411,1865.9634544117648,6.059593529411765,5.155798823529412,-2.6250325,47.29711194031208,41.06992913464887,16.699410609037326,1273,175,pitch_type_specific,Changeup
"Foster, Kobe",816330.0,WAS_WIL3,Curveball,L,76,44,48.44926100869213,46.037982973149965,825,95,43,Tight High-Spin Breakers,1,-8.291483655913979,15.121848333333334,67.63810978494624,2248.112519892473,5.344957311827957,6.111335698924731,-1.0558038172043012,47.25796367944465,40.926952667009594,16.601178781925345,1274,159,pitch_type_specific,Curveball
"Foster, Kobe",816330.0,WAS_WIL3,Curveball,R,110,44,48.38228432703548,45.51407989521938,833,96,53,Tight High-Spin Breakers,1,-8.291483655913979,15.121848333333334,67.63810978494624,2248.112519892473,5.344957311827957,6.111335698924731,-1.0558038172043012,47.25796367944465,40.926952667009594,16.601178781925345,1275,160,pitch_type_specific,Curveball
"Fauci, Sonny",688649.0,NEW_JER6,Sinker,L,45,23,46.04686393664981,32.28552717747217,1035,138,71,Soft-Speed Separation,0,13.949320869565218,16.019443623188405,92.99251550724638,2223.2339739130434,6.505144927536232,5.834707391304348,2.042409275362319,47.24363626111167,40.874626366472846,16.50294695481336,1276,95,pitch_type_specific,Sinker
"Benitez, Jorge",1000561771.0,NEW_JER6,Four-Seam,L,34,28,36.38198819856777,2.8159790438768826,1485,489,239,Soft-Speed Separation,0,9.918386588235292,-10.018301764705882,93.1006011764706,2106.649488235294,5.963099529411765,5.261063411764706,-2.805934117647059,47.24238307981292,40.870049523685026,16.404715127701376,1277,456,pitch_type_specific,Four-Seam
"Benitez, Jorge",1000561771.0,NEW_JER6,Four-Seam,R,51,28,30.970923146501505,0.6548788474132285,1518,496,251,Soft-Speed Separation,0,9.918386588235292,-10.018301764705882,93.1006011764706,2106.649488235294,5.963099529411765,5.261063411764706,-2.805934117647059,47.24238307981292,40.870049523685026,16.404715127701376,1278,457,pitch_type_specific,Four-Seam
"Vega, Lucas",837223.0,TRO_AIG,Four-Seam,R,50,40,52.906542289548526,68.04191224623445,489,129,75,Soft-Speed Separation,0,11.742717177419356,10.135257419354838,89.76036588709677,2080.6987959677417,6.134458548387097,5.202330403225806,2.333323306451613,47.23395930633369,40.839284392627675,16.27373935821873,1279,458,pitch_type_specific,Four-Seam
"Vega, Lucas",837223.0,TRO_AIG,Four-Seam,L,74,40,50.01562046387833,53.24165029469549,715,207,90,Soft-Speed Separation,0,11.742717177419356,10.135257419354838,89.76036588709677,2080.6987959677417,6.134458548387097,5.202330403225806,2.333323306451613,47.23395930633369,40.839284392627675,16.27373935821873,1280,459,pitch_type_specific,Four-Seam
"Glickstein, Aaron",1000292360.0,SCH_BOO,Sinker,R,72,34,66.22656335140282,97.64243614931236,37,1,1,Soft-Speed Separation,0,9.414961584158416,13.792004158415844,88.34216316831683,2164.0147,6.09814504950495,5.221603762376238,2.364992376237624,47.23029637876544,40.82590672441655,16.142763588736084,1281,96,pitch_type_specific,Sinker
"Glickstein, Aaron",1000292360.0,SCH_BOO,Sinker,L,29,34,62.31673106682469,94.43352979698756,86,6,2,Soft-Speed Separation,0,9.414961584158416,13.792004158415844,88.34216316831683,2164.0147,6.09814504950495,5.221603762376238,2.364992376237624,47.23029637876544,40.82590672441655,16.142763588736084,1282,97,pitch_type_specific,Sinker
"Petschke, Ben",814386.0,EVA_OTT,Four-Seam,L,101,67,52.17655583062228,64.50556647020301,543,146,61,Soft-Speed Separation,0,11.753190675675675,5.386246486486487,89.64766567567568,2252.369281981982,5.50538954954955,5.97676509009009,1.5050598648648648,47.218512682198586,40.78287055183747,16.01178781925344,1283,460,pitch_type_specific,Four-Seam
"Petschke, Ben",814386.0,EVA_OTT,Four-Seam,R,121,67,51.92145481922552,63.52324819908317,558,153,89,Soft-Speed Separation,0,11.753190675675675,5.386246486486487,89.64766567567568,2252.369281981982,5.50538954954955,5.97676509009009,1.5050598648648648,47.218512682198586,40.78287055183747,16.01178781925344,1284,461,pitch_type_specific,Four-Seam
"Johnson, Caiden",1000147367.0,OTT_TIT,Sinker,L,33,22,51.0877435198397,59.13555992141454,625,67,34,Soft-Speed Separation,0,12.792059047619048,-15.488509880952382,90.04158488095239,2224.8358119047616,5.949635,6.476081428571429,-2.32289119047619,47.18091507658938,40.64555735522056,15.880812049770793,1285,98,pitch_type_specific,Sinker
"Johnson, Caiden",1000147367.0,OTT_TIT,Sinker,R,51,22,47.11914926326284,38.31041257367387,943,123,62,Soft-Speed Separation,0,12.792059047619048,-15.488509880952382,90.04158488095239,2224.8358119047616,5.949635,6.476081428571429,-2.32289119047619,47.18091507658938,40.64555735522056,15.880812049770793,1286,99,pitch_type_specific,Sinker
"Manning, Noah",828538.0,WIN_CIT29,Sinker,R,25,13,37.303293217700414,3.9292730844793713,1468,243,123,Soft-Speed Separation,0,4.722974363636364,19.52264763636364,90.71916727272726,2312.3163545454545,5.505953272727273,4.772668909090909,2.324419090909091,47.160977976457666,40.57274349098643,15.749836280288147,1287,100,pitch_type_specific,Sinker
"Manning, Noah",828538.0,WIN_CIT29,Sinker,L,30,13,35.67273894071641,2.4230517354289454,1491,253,125,Soft-Speed Separation,0,4.722974363636364,19.52264763636364,90.71916727272726,2312.3163545454545,5.505953272727273,4.772668909090909,2.324419090909091,47.160977976457666,40.57274349098643,15.749836280288147,1288,101,pitch_type_specific,Sinker
"Duby, Bill",1000270408.0,NEW_JER6,Sinker,R,67,51,47.1875749802007,38.70333988212181,937,122,61,Soft-Speed Separation,0,13.968579179104475,15.880918880597015,86.58883276119403,2051.39924477612,6.372610373134329,5.446324477611941,3.037930223880597,47.15311953419835,40.54404305090332,15.618860510805503,1289,102,pitch_type_specific,Sinker
"Duby, Bill",1000270408.0,NEW_JER6,Sinker,L,67,51,46.56405464110618,35.2324819908317,990,131,66,Soft-Speed Separation,0,13.968579179104475,15.880918880597015,86.58883276119403,2051.39924477612,6.372610373134329,5.446324477611941,3.037930223880597,47.15311953419835,40.54404305090332,15.618860510805503,1290,103,pitch_type_specific,Sinker
"Boies, Emiles",1000429129.0,QUE_CAP,Sinker,R,96,79,44.99386245611967,25.67125081859856,1136,158,78,Soft-Speed Separation,0,14.812059853658536,16.137390341463416,87.53381926829267,2126.583923902439,6.0654052682926825,5.617306341463415,2.451598926829268,47.145755058136196,40.51714666393617,15.487884741322855,1291,104,pitch_type_specific,Sinker
"Boies, Emiles",1000429129.0,QUE_CAP,Sinker,L,109,79,44.34053381795546,22.46234446627374,1185,165,86,Soft-Speed Separation,0,14.812059853658536,16.137390341463416,87.53381926829267,2126.583923902439,6.0654052682926825,5.617306341463415,2.451598926829268,47.145755058136196,40.51714666393617,15.487884741322855,1292,105,pitch_type_specific,Sinker
"Cerda, Junior",693702.0,EVA_OTT,Sinker,L,49,42,54.45883120736504,75.3765553372626,377,29,14,Soft-Speed Separation,0,11.509347807017544,16.451371403508773,93.73924614035089,2194.16684122807,5.341582719298246,5.15363596491228,2.117303245614035,47.09059915407923,40.31570741333391,15.35690897184021,1293,106,pitch_type_specific,Sinker
"Cerda, Junior",693702.0,EVA_OTT,Sinker,R,65,42,54.29491338727087,74.4597249508841,391,31,17,Soft-Speed Separation,0,11.509347807017544,16.451371403508773,93.73924614035089,2194.16684122807,5.341582719298246,5.15363596491228,2.117303245614035,47.09059915407923,40.31570741333391,15.35690897184021,1294,107,pitch_type_specific,Sinker
"Morgan, Cooper",692707.0,QUE_CAP,Four-Seam,L,34,19,59.38479273032989,89.3909626719057,163,26,10,Soft-Speed Separation,0,13.78492153846154,-8.326679538461537,87.42637707692307,2214.139590769231,6.114544461538461,4.885633692307692,-4.092538307692308,47.08236481111775,40.28563411649067,15.225933202357563,1295,462,pitch_type_specific,Four-Seam
"Morgan, Cooper",692707.0,QUE_CAP,Four-Seam,R,31,19,54.36548860921701,75.049115913556,382,96,55,Soft-Speed Separation,0,13.78492153846154,-8.326679538461537,87.42637707692307,2214.139590769231,6.114544461538461,4.885633692307692,-4.092538307692308,47.08236481111775,40.28563411649067,15.225933202357563,1296,463,pitch_type_specific,Four-Seam
"Leach, Landon",667743.0,TRO_AIG,Four-Seam,R,57,48,50.69006329513198,56.97445972495089,658,184,104,Soft-Speed Separation,0,10.505778764044944,5.0536941573033705,91.61984573033708,1970.675109550562,5.662724606741573,5.9500608426966295,1.322235168539326,47.06689824838234,40.22914745635731,15.094957432874917,1297,464,pitch_type_specific,Four-Seam
"Leach, Landon",667743.0,TRO_AIG,Four-Seam,L,121,48,46.9414357478233,37.459070072036674,956,303,138,Soft-Speed Separation,0,10.505778764044944,5.0536941573033705,91.61984573033708,1970.675109550562,5.662724606741573,5.9500608426966295,1.322235168539326,47.06689824838234,40.22914745635731,15.094957432874917,1298,465,pitch_type_specific,Four-Seam
"Wiltse, Ryan",813813.0,EVA_OTT,Cutter,R,47,12,46.6178687065312,35.69089718402096,983,41,22,Soft-Speed Separation,0,8.271160196078432,-0.9881998039215686,81.22472960784314,1979.665617647059,6.140578823529411,6.307772549019608,1.3511335294117646,47.065135355360006,40.22270905496798,14.996725605762935,1299,44,pitch_type_specific,Cutter
"Simpson, Garret",1000073158.0,EVA_OTT,Four-Seam,L,182,126,48.401927936098765,45.77603143418468,829,254,115,Soft-Speed Separation,0,10.962062059620596,3.161312032520325,89.04591268292683,2340.5886642276423,5.740514715447154,5.6218545799458,1.8169575880758808,47.05815836794095,40.19722784599885,14.89849377865095,1300,466,pitch_type_specific,Four-Seam
"Simpson, Garret",1000073158.0,EVA_OTT,Four-Seam,R,187,126,47.98157780682741,43.09102815979044,870,274,152,Soft-Speed Separation,0,10.962062059620596,3.161312032520325,89.04591268292683,2340.5886642276423,5.740514715447154,5.6218545799458,1.8169575880758808,47.05815836794095,40.19722784599885,14.89849377865095,1301,467,pitch_type_specific,Four-Seam
"Trizuto, Colin",1000218135.0,WAG_SEA,Changeup,R,60,24,42.42793559773848,15.848068107400133,1286,168,71,Soft-Speed Separation,0,6.966723478260869,18.48328797101449,84.03827028985508,1960.5586159420288,5.345359855072464,5.421420144927536,1.4370666666666667,47.0441661715299,40.14612583602347,14.800261951538966,1302,176,pitch_type_specific,Changeup
"Westcott, Zac",686170.0,FLO_Y'A,Four-Seam,R,207,122,55.608209452282296,78.7819253438114,325,76,43,Soft-Speed Separation,0,16.477388523076925,14.460538953846154,83.39890763076923,2099.361166153846,5.902737046153846,5.932613384615385,1.8108055692307687,47.04391250850508,40.145199413177195,14.702030124426981,1303,468,pitch_type_specific,Four-Seam
"Westcott, Zac",686170.0,FLO_Y'A,Four-Seam,L,118,122,51.30141260135756,60.37982973149967,606,168,74,Soft-Speed Separation,0,16.477388523076925,14.460538953846154,83.39890763076923,2099.361166153846,5.902737046153846,5.932613384615385,1.8108055692307687,47.04391250850508,40.145199413177195,14.702030124426981,1304,469,pitch_type_specific,Four-Seam
"Galva, Claudio",669996.0,GAT_GRI,Changeup,R,86,23,52.63999272247584,66.92861820563196,506,72,29,Tight High-Spin Breakers,1,4.553326666666667,-13.480374583333337,84.3815665625,1474.1247218750002,4.832721875,5.5267884375,-1.125156458333333,47.03944542501118,40.12888482334725,14.603798297314995,1305,177,pitch_type_specific,Changeup
"Benitez, Jorge",1000561771.0,NEW_JER6,Sinker,R,61,37,50.71063577566196,57.10543549443353,656,73,36,Soft-Speed Separation,0,8.694368974358975,-11.904017008547008,93.26235444444444,2140.131831623932,6.074464615384615,5.266933760683761,-2.878094871794872,47.00883735564386,40.01709866625034,14.505566470203012,1306,108,pitch_type_specific,Sinker
"Benitez, Jorge",1000561771.0,NEW_JER6,Sinker,L,56,37,50.26611086154264,54.48592010478062,696,79,43,Soft-Speed Separation,0,8.694368974358975,-11.904017008547008,93.26235444444444,2140.131831623932,6.074464615384615,5.266933760683761,-2.878094871794872,47.00883735564386,40.01709866625034,14.505566470203012,1307,109,pitch_type_specific,Sinker
"Chapple, Bronson",1000218472.0,TRO_AIG,Four-Seam,R,49,29,48.479602186998,46.29993451211526,821,249,135,Soft-Speed Separation,0,11.194104631578949,8.810284736842105,90.2256034736842,2128.8728210526315,6.666185263157895,5.115466105263158,1.6763527368421054,46.998585399034084,39.97965668262248,14.374590700720367,1308,470,pitch_type_specific,Four-Seam
"Chapple, Bronson",1000218472.0,TRO_AIG,Four-Seam,L,46,29,46.656699602414896,36.14931237721022,976,312,145,Soft-Speed Separation,0,11.194104631578949,8.810284736842105,90.2256034736842,2128.8728210526315,6.666185263157895,5.115466105263158,1.6763527368421054,46.998585399034084,39.97965668262248,14.374590700720367,1309,471,pitch_type_specific,Four-Seam
"Sabatine, Gino",1000229070.0,TRI_VAL,Changeup,L,199,88,42.4834578911534,16.175507531106746,1281,167,97,Soft-Speed Separation,0,8.29791369337979,15.49597024390244,85.0846405574913,1784.333767944251,5.067498954703833,5.797276794425087,1.9768884668989544,46.965997675605124,39.860640473957254,14.243614931237722,1310,178,pitch_type_specific,Changeup
"Sabatine, Gino",1000229070.0,TRI_VAL,Changeup,R,88,88,37.72562112586163,4.387688277668631,1461,183,83,Soft-Speed Separation,0,8.29791369337979,15.49597024390244,85.0846405574913,1784.333767944251,5.067498954703833,5.797276794425087,1.9768884668989544,46.965997675605124,39.860640473957254,14.243614931237722,1311,179,pitch_type_specific,Changeup
"Martinez, Gregory",1000051547.0,DOW_EAS1,Sinker,L,62,30,45.789240734229054,30.97576948264571,1055,140,73,Soft-Speed Separation,0,12.144232359550562,15.94926,94.19593943820225,2288.468276404494,5.533254382022472,5.80776808988764,2.1595412359550563,46.919510051548215,39.690859336064364,14.112639161755075,1312,110,pitch_type_specific,Sinker
"Martinez, Gregory",1000051547.0,DOW_EAS1,Sinker,R,27,30,45.67333926660215,29.927963326784543,1071,146,71,Soft-Speed Separation,0,12.144232359550562,15.94926,94.19593943820225,2288.468276404494,5.533254382022472,5.80776808988764,2.1595412359550563,46.919510051548215,39.690859336064364,14.112639161755075,1313,111,pitch_type_specific,Sinker
"Parsons, Billy",698892.0,SUS_COU1,Cutter,L,39,18,58.77795840371876,87.6882776686313,189,9,5,Tight High-Spin Breakers,1,9.519108214285714,-2.857969642857143,86.30232660714286,2551.9689803571428,5.560212321428572,5.781302321428571,1.3219664285714283,46.86949371620989,39.5081907119037,14.014407334643092,1314,45,pitch_type_specific,Cutter
"Milburn, Isaac",830926.0,FLO_Y'A,Four-Seam,L,73,89,44.41638098829807,22.85527177472168,1179,393,187,Soft-Speed Separation,0,11.774231186440677,-9.260382838983052,87.6252866101695,2089.0520940677966,5.529409745762712,5.730882627118644,-1.69435593220339,46.83146996266567,39.36932114662343,13.916175507531106,1315,472,pitch_type_specific,Four-Seam
"Milburn, Isaac",830926.0,FLO_Y'A,Four-Seam,R,163,89,42.12111364228927,15.258677144728225,1295,440,231,Soft-Speed Separation,0,11.774231186440677,-9.260382838983052,87.6252866101695,2089.0520940677966,5.529409745762712,5.730882627118644,-1.69435593220339,46.83146996266567,39.36932114662343,13.916175507531106,1316,473,pitch_type_specific,Four-Seam
"Debban, Caleb",1000551056.0,NEW_JER6,Four-Seam,R,37,13,68.4872155993927,98.36280288146692,26,5,4,Soft-Speed Separation,0,13.060401964285717,-4.575228214285715,87.24131339285714,2324.788823214286,6.581025892857142,5.427232678571428,-2.3519233928571426,46.80407975837359,39.26928720971721,13.817943680419123,1317,474,pitch_type_specific,Four-Seam
"Puccetti, Dominic",1000266076.0,OTT_TIT,Changeup,R,97,37,37.74222806597791,4.453176162409954,1460,182,82,Soft-Speed Separation,0,14.36902401234568,-6.733358888888889,84.24574358024692,1711.335800802469,5.422572777777778,6.88876512345679,-0.8375011111111111,46.793325058375416,39.23000911709731,13.719711853307137,1318,180,pitch_type_specific,Changeup
"Puccetti, Dominic",1000266076.0,OTT_TIT,Changeup,L,65,37,34.76498062694829,2.161100196463654,1495,188,105,Soft-Speed Separation,0,14.36902401234568,-6.733358888888889,84.24574358024692,1711.335800802469,5.422572777777778,6.88876512345679,-0.8375011111111111,46.793325058375416,39.23000911709731,13.719711853307137,1319,181,pitch_type_specific,Changeup
"Kelly, Aiden",1000062337.0,TRI_VAL,Sinker,L,51,18,54.10938286035245,73.80484610347085,401,33,16,Soft-Speed Separation,0,9.288065897435898,13.787190128205127,88.7635514102564,2221.402273076923,5.90378,5.490166153846154,1.9768889743589744,46.75459408902016,39.08855667287731,13.588736083824493,1320,112,pitch_type_specific,Sinker
"Kelly, Aiden",1000062337.0,TRI_VAL,Sinker,R,27,18,53.59837215976212,71.44728225278324,437,37,20,Soft-Speed Separation,0,9.288065897435898,13.787190128205127,88.7635514102564,2221.402273076923,5.90378,5.490166153846154,1.9768889743589744,46.75459408902016,39.08855667287731,13.588736083824493,1321,113,pitch_type_specific,Sinker
"Dill, Austin",1000429156.0,TRI_VAL,Sinker,R,106,85,45.28514860010725,27.5049115913556,1108,154,77,Soft-Speed Separation,0,14.792818020304567,15.786971776649748,88.05943467005076,2314.7280223350253,5.42905730964467,6.242287817258884,1.6238255837563451,46.7409471012601,39.0387154267883,13.457760314341845,1322,114,pitch_type_specific,Sinker
"Dill, Austin",1000429156.0,TRI_VAL,Sinker,L,91,85,42.88385888031962,17.550753110674524,1260,178,91,Soft-Speed Separation,0,14.792818020304567,15.786971776649748,88.05943467005076,2314.7280223350253,5.42905730964467,6.242287817258884,1.6238255837563451,46.7409471012601,39.0387154267883,13.457760314341845,1323,115,pitch_type_specific,Sinker
"Ferguson, Francis",823799.0,WIN_CIT29,Four-Seam,R,112,50,48.43985381074336,45.97249508840864,826,252,138,Soft-Speed Separation,0,10.749399320987653,-5.82339950617284,90.20073216049384,1965.687537654321,5.455775925925926,5.271740740740741,-2.251892839506173,46.731743473203366,39.0051021269926,13.326784544859201,1324,475,pitch_type_specific,Four-Seam
"Ferguson, Francis",823799.0,WIN_CIT29,Four-Seam,L,50,50,47.73640141869959,42.04322200392927,886,279,125,Soft-Speed Separation,0,10.749399320987653,-5.82339950617284,90.20073216049384,1965.687537654321,5.455775925925926,5.271740740740741,-2.251892839506173,46.731743473203366,39.0051021269926,13.326784544859201,1325,476,pitch_type_specific,Four-Seam
"Glickstein, Aaron",1000292360.0,SCH_BOO,Cutter,R,31,21,38.58826113849959,6.090373280943026,1435,62,33,Soft-Speed Separation,0,9.908304137931037,0.9945198275862068,85.77417379310344,2263.2847103448275,5.6722681034482765,5.26459448275862,2.4591112068965515,46.71981951898998,38.96155370834136,13.195808775376555,1326,46,pitch_type_specific,Cutter
"Glickstein, Aaron",1000292360.0,SCH_BOO,Cutter,L,27,21,38.46378859765959,5.95939751146038,1437,63,30,Soft-Speed Separation,0,9.908304137931037,0.9945198275862068,85.77417379310344,2263.2847103448275,5.6722681034482765,5.26459448275862,2.4591112068965515,46.71981951898998,38.96155370834136,13.195808775376555,1327,47,pitch_type_specific,Cutter
"Walsh, John",1000208173.0,MIS_MUD,Four-Seam,R,46,24,44.04510286225157,21.480026195153897,1200,404,212,Soft-Speed Separation,0,13.062571518987342,-11.700477721518988,84.42910898734178,1909.5567886075949,5.622557974683544,5.964590759493671,-1.3779089873417725,46.71839702185963,38.956358493779646,13.064833005893908,1328,477,pitch_type_specific,Four-Seam
"Walsh, John",1000208173.0,MIS_MUD,Four-Seam,L,33,24,40.03228634796843,9.037328094302556,1390,464,224,Soft-Speed Separation,0,13.062571518987342,-11.700477721518988,84.42910898734178,1909.5567886075949,5.622557974683544,5.964590759493671,-1.3779089873417725,46.71839702185963,38.956358493779646,13.064833005893908,1329,478,pitch_type_specific,Four-Seam
"Hill, Kaleb",1000371973.0,OTT_TIT,Changeup,R,175,62,47.438732049500906,40.60248853962017,908,119,53,Tight High-Spin Breakers,1,9.40176,-15.203545683760684,82.61061585470085,1811.4695944444445,5.640045854700855,5.977038034188034,-3.1157904273504275,46.66019414630922,38.743791156987186,12.933857236411264,1330,182,pitch_type_specific,Changeup
"Hill, Kaleb",1000371973.0,OTT_TIT,Changeup,L,59,62,42.59576140886208,16.568434839554683,1275,166,96,Tight High-Spin Breakers,1,9.40176,-15.203545683760684,82.61061585470085,1811.4695944444445,5.640045854700855,5.977038034188034,-3.1157904273504275,46.66019414630922,38.743791156987186,12.933857236411264,1331,183,pitch_type_specific,Changeup
"Henderson, Drew",1000429021.0,DOW_EAS1,Sinker,R,39,29,56.21234697215999,81.00851342501637,291,21,11,Soft-Speed Separation,0,16.07461104347826,15.52383547826087,88.94891782608697,2211.192666956522,5.611759043478261,5.943999391304348,1.3539547826086955,46.65891456338909,38.73911789074448,12.802881466928618,1332,116,pitch_type_specific,Sinker
"Henderson, Drew",1000429021.0,DOW_EAS1,Sinker,L,76,29,53.58761410819264,71.25081859855926,440,38,18,Soft-Speed Separation,0,16.07461104347826,15.52383547826087,88.94891782608697,2211.192666956522,5.611759043478261,5.943999391304348,1.3539547826086955,46.65891456338909,38.73911789074448,12.802881466928618,1333,117,pitch_type_specific,Sinker
"Jones, Logan",814785.0,TRI_VAL,Sinker,R,45,45,42.04958239780912,14.931237721021612,1300,186,91,Soft-Speed Separation,0,12.116783119266056,17.918547798165136,89.96168550458717,2285.5609743119267,5.3373517431192665,5.956259816513761,2.8060149541284405,46.65878817886583,38.73865631180585,12.671905697445974,1334,118,pitch_type_specific,Sinker
"Jones, Logan",814785.0,TRI_VAL,Sinker,L,64,45,38.99999625494043,6.810740013097577,1424,227,108,Soft-Speed Separation,0,12.116783119266056,17.918547798165136,89.96168550458717,2285.5609743119267,5.3373517431192665,5.956259816513761,2.8060149541284405,46.65878817886583,38.73865631180585,12.671905697445974,1335,119,pitch_type_specific,Sinker
"Leduc, Zachary",824497.0,TRO_AIG,Sinker,L,54,18,43.82669058248006,20.89063523248199,1209,172,88,Soft-Speed Separation,0,11.58111328358209,16.074109850746268,90.99404343283582,2110.1503970149256,6.463237313432836,5.193025223880596,1.6916088059701493,46.656693714968476,38.73100695413309,12.573673870333987,1336,120,pitch_type_specific,Sinker
"Vailes, Gage",1000050773.0,GAT_GRI,Changeup,L,139,51,53.598458306241405,71.51277013752456,436,61,37,Soft-Speed Separation,0,6.16859347826087,11.12087801242236,85.72130304347827,1873.2760161490685,5.156062111801242,5.699110310559006,1.5567312422360249,46.63149480396374,38.63897601319259,12.508185985592664,1337,184,pitch_type_specific,Changeup
"Townes, Holland",830218.0,SCH_BOO,Sinker,R,45,36,42.01970504445492,14.734774066797645,1303,189,93,Soft-Speed Separation,0,13.10025244680851,15.440008404255318,92.20844691489364,2240.8597382978724,5.208869787234042,5.891688829787234,2.4610071276595744,46.62162933857173,38.60294556478662,12.40995415848068,1338,121,pitch_type_specific,Sinker
"Townes, Holland",830218.0,SCH_BOO,Sinker,L,49,36,38.76783285858568,6.41781270464964,1430,229,110,Soft-Speed Separation,0,13.10025244680851,15.440008404255318,92.20844691489364,2240.8597382978724,5.208869787234042,5.891688829787234,2.4610071276595744,46.62162933857173,38.60294556478662,12.40995415848068,1339,122,pitch_type_specific,Sinker
"Lawson, Nathan",1000569348.0,FLO_Y'A,Sinker,L,115,64,55.56287881371246,78.58546168958742,328,23,11,Soft-Speed Separation,0,9.784402043010752,15.802519462365591,88.88378129032259,2196.148115591398,6.1480642473118285,5.433085698924732,2.020051451612904,46.618282679082405,38.59072296430392,12.278978388998036,1340,123,pitch_type_specific,Sinker
"Lawson, Nathan",1000569348.0,FLO_Y'A,Sinker,R,71,64,53.574749090817946,71.11984282907662,442,40,21,Soft-Speed Separation,0,9.784402043010752,15.802519462365591,88.88378129032259,2196.148115591398,6.1480642473118285,5.433085698924732,2.020051451612904,46.618282679082405,38.59072296430392,12.278978388998036,1341,124,pitch_type_specific,Sinker
"Morgan, Cooper",692707.0,QUE_CAP,Changeup,R,59,20,57.23323578147981,84.21741977734119,242,32,13,Tight High-Spin Breakers,1,6.067484189189189,-16.221642432432432,82.37061743243244,1995.762974324324,5.9123921621621625,4.796964189189189,-4.213581756756756,46.60804487410703,38.55333266498218,12.180746561886052,1342,185,pitch_type_specific,Changeup
"Campbell, AJ",1000132168.0,WIN_CIT29,Four-Seam,R,184,140,45.057430773500656,26.12966601178781,1129,374,193,Soft-Speed Separation,0,11.331127205882352,7.898645098039215,88.35622705882354,2412.337667156863,5.467466887254902,6.06224725490196,1.667898039215686,46.59618442152311,38.51001616566707,12.082514734774067,1343,479,pitch_type_specific,Four-Seam
"Campbell, AJ",1000132168.0,WIN_CIT29,Four-Seam,L,224,140,43.06255151751584,17.94368041912246,1254,425,203,Soft-Speed Separation,0,11.331127205882352,7.898645098039215,88.35622705882354,2412.337667156863,5.467466887254902,6.06224725490196,1.667898039215686,46.59618442152311,38.51001616566707,12.082514734774067,1344,480,pitch_type_specific,Four-Seam
"Martzolf, Max",824782.0,OTT_TIT,Four-Seam,R,51,25,40.6597088047692,10.609037328094304,1366,455,237,Tight High-Spin Breakers,1,10.484201690140846,-20.41338,84.51552619718309,2140.447795774648,5.826037042253522,4.820374084507042,-1.3267239436619718,46.5839674752382,38.465397687439605,11.984282907662083,1345,481,pitch_type_specific,Four-Seam
"Anderson, Colt",1000568252.0,WAS_WIL3,Four-Seam,L,112,92,58.67663686778584,87.3608382449247,194,32,13,Soft-Speed Separation,0,11.768150968992249,-6.922467713178294,88.76953996124031,2042.4960011627904,6.68391011627907,5.910575581395348,-2.389072519379845,46.57956939482288,38.449335109224336,11.886051080550098,1346,482,pitch_type_specific,Four-Seam
"Anderson, Colt",1000568252.0,WAS_WIL3,Four-Seam,R,146,92,57.44478204120416,84.80681074001309,233,44,26,Soft-Speed Separation,0,11.768150968992249,-6.922467713178294,88.76953996124031,2042.4960011627904,6.68391011627907,5.910575581395348,-2.389072519379845,46.57956939482288,38.449335109224336,11.886051080550098,1347,483,pitch_type_specific,Four-Seam
"Frey, Hayden",839374.0,TOL_ROC,Four-Seam,L,26,15,40.92048420845907,11.591355599214143,1351,451,215,Soft-Speed Separation,0,9.737611090909091,-17.445979636363635,88.77242854545455,2136.832330909091,6.371902363636364,5.617741090909091,-2.4526216363636366,46.55587921354522,38.362814319749546,11.755075311067452,1348,484,pitch_type_specific,Four-Seam
"Frey, Hayden",839374.0,TOL_ROC,Four-Seam,R,29,15,39.20652315176437,7.138179436804191,1419,474,244,Soft-Speed Separation,0,9.737611090909091,-17.445979636363635,88.77242854545455,2136.832330909091,6.371902363636364,5.617741090909091,-2.4526216363636366,46.55587921354522,38.362814319749546,11.755075311067452,1349,485,pitch_type_specific,Four-Seam
"Stuka, Ted",682247.0,OTT_TIT,Sinker,L,82,40,53.43284643749358,70.4649639816634,452,43,21,Soft-Speed Separation,0,12.07492949044586,19.34364299363057,95.07972541401274,2339.9522700636944,5.210774904458599,5.887616687898089,2.2596354777070062,46.55158880348992,38.34714497299343,11.624099541584807,1350,125,pitch_type_specific,Sinker
"Stuka, Ted",682247.0,OTT_TIT,Sinker,R,75,40,49.55915204250607,51.14603798297315,747,91,43,Soft-Speed Separation,0,12.07492949044586,19.34364299363057,95.07972541401274,2339.9522700636944,5.210774904458599,5.887616687898089,2.2596354777070062,46.55158880348992,38.34714497299343,11.624099541584807,1351,126,pitch_type_specific,Sinker
"Figueredo, Kevin",1000210447.0,WIN_CIT29,Sinker,L,97,75,43.68517405777815,20.039292730844792,1222,174,89,Soft-Speed Separation,0,12.144893971291864,-14.4455114354067,88.08952205741627,2017.0518665071768,5.385544688995215,5.268750861244019,-3.344054019138756,46.51159594016055,38.20108386573306,11.49312377210216,1352,127,pitch_type_specific,Sinker
"Figueredo, Kevin",1000210447.0,WIN_CIT29,Sinker,R,112,75,40.02375846564946,8.97184020956123,1391,214,112,Soft-Speed Separation,0,12.144893971291864,-14.4455114354067,88.08952205741627,2017.0518665071768,5.385544688995215,5.268750861244019,-3.344054019138756,46.51159594016055,38.20108386573306,11.49312377210216,1353,128,pitch_type_specific,Sinker
"Valdez, Alex",677678.0,EVA_OTT,Cutter,R,52,20,53.30772811250661,69.9410609037328,460,16,8,Tight High-Spin Breakers,1,4.5239267948717945,-1.7610961538461538,86.36504384615385,2069.6677141025643,5.3612357692307695,6.028711923076923,1.8458137179487173,46.50597340593787,38.180549362679116,11.362148002619515,1354,48,pitch_type_specific,Cutter
"Valdez, Alex",677678.0,EVA_OTT,Cutter,L,26,20,50.847710330827056,58.08775376555337,641,24,12,Tight High-Spin Breakers,1,4.5239267948717945,-1.7610961538461538,86.36504384615385,2069.6677141025643,5.3612357692307695,6.028711923076923,1.8458137179487173,46.50597340593787,38.180549362679116,11.362148002619515,1355,49,pitch_type_specific,Cutter
"Miner, Jace",701731.0,DOW_EAS1,Changeup,R,89,36,58.34234381539728,86.64047151277013,205,25,9,Tight High-Spin Breakers,1,6.200739615384616,-12.569925897435898,84.23503198717948,1710.1212224358974,5.917665128205128,5.1110134615384615,-3.008241923076923,46.4323766031652,37.91176064367025,11.23117223313687,1356,186,pitch_type_specific,Changeup
"Miner, Jace",701731.0,DOW_EAS1,Changeup,L,67,36,56.818811920839885,82.64571054354944,266,33,20,Tight High-Spin Breakers,1,6.200739615384616,-12.569925897435898,84.23503198717948,1710.1212224358974,5.917665128205128,5.1110134615384615,-3.008241923076923,46.4323766031652,37.91176064367025,11.23117223313687,1357,187,pitch_type_specific,Changeup
"Escobar, Anthony",678673.0,TRO_AIG,Sinker,R,71,49,42.0087783837992,14.669286182056322,1304,190,94,Soft-Speed Separation,0,13.02553679738562,13.441949477124185,89.03362156862745,2110.8657751633987,6.365910065359477,5.689728888888888,1.7966918300653594,46.37040144782664,37.68541626475363,11.100196463654225,1358,129,pitch_type_specific,Sinker
"Escobar, Anthony",678673.0,TRO_AIG,Sinker,L,82,49,38.35411170580505,5.566470203012443,1443,234,113,Soft-Speed Separation,0,13.02553679738562,13.441949477124185,89.03362156862745,2110.8657751633987,6.365910065359477,5.689728888888888,1.7966918300653594,46.37040144782664,37.68541626475363,11.100196463654225,1359,130,pitch_type_specific,Sinker
"Bargo, Casey",1000057987.0,FLO_Y'A,Sinker,R,61,40,44.60895838207861,24.03405370006549,1161,161,79,Soft-Speed Separation,0,12.521001891891892,15.59817288288288,91.14253657657656,2215.911009009009,5.852313783783783,6.016009639639639,2.5761516216216216,46.35876450756934,37.6429160725292,10.969220694171579,1360,131,pitch_type_specific,Sinker
"Bargo, Casey",1000057987.0,FLO_Y'A,Sinker,L,50,40,43.95887025619962,21.28356254092993,1203,168,87,Soft-Speed Separation,0,12.521001891891892,15.59817288288288,91.14253657657656,2215.911009009009,5.852313783783783,6.016009639639639,2.5761516216216216,46.35876450756934,37.6429160725292,10.969220694171579,1361,132,pitch_type_specific,Sinker
"Belton, Hunter",10294453.0,MIS_MUD,Four-Seam,R,61,38,45.286458956882086,27.570399476096924,1107,366,191,Soft-Speed Separation,0,12.956749302325582,10.55998573643411,86.38810689922481,2231.000224806201,6.131312790697675,5.989141085271318,1.1243757364341085,46.35319392021288,37.6225712887443,10.838244924688931,1362,486,pitch_type_specific,Four-Seam
"Belton, Hunter",10294453.0,MIS_MUD,Four-Seam,L,68,38,40.005804126036594,8.840864440078585,1393,465,225,Soft-Speed Separation,0,12.956749302325582,10.55998573643411,86.38810689922481,2231.000224806201,6.131312790697675,5.989141085271318,1.1243757364341085,46.35319392021288,37.6225712887443,10.838244924688931,1363,487,pitch_type_specific,Four-Seam
"Catrambone, Ben",1000565186.0,JOL_SLA,Cutter,L,25,21,45.765687920483984,30.64833005893909,1060,45,22,Tight High-Spin Breakers,1,5.972055737704918,-0.3401762295081967,83.15867836065573,2368.011393442623,5.248486393442623,5.487048852459016,0.9075283606557376,46.32884894070736,37.533659058741605,10.707269155206287,1364,50,pitch_type_specific,Cutter
"Catrambone, Ben",1000565186.0,JOL_SLA,Cutter,R,36,21,45.57521975277864,29.60052390307793,1076,48,24,Tight High-Spin Breakers,1,5.972055737704918,-0.3401762295081967,83.15867836065573,2368.011393442623,5.248486393442623,5.487048852459016,0.9075283606557376,46.32884894070736,37.533659058741605,10.707269155206287,1365,51,pitch_type_specific,Cutter
"Hernandez, Nyan",683466.0,NEW_JER6,Sinker,L,46,31,45.68904048404119,30.05893909626719,1069,145,75,Soft-Speed Separation,0,14.375400652173912,16.458055760869566,88.43380358695651,2084.752479347826,6.4368957608695645,5.667639130434783,2.0948475,46.324174282152605,37.51658636757298,10.576293385723641,1366,133,pitch_type_specific,Sinker
"Hernandez, Nyan",683466.0,NEW_JER6,Sinker,R,46,31,43.9196107675485,21.218074656188605,1204,169,82,Soft-Speed Separation,0,14.375400652173912,16.458055760869566,88.43380358695651,2084.752479347826,6.4368957608695645,5.667639130434783,2.0948475,46.324174282152605,37.51658636757298,10.576293385723641,1367,134,pitch_type_specific,Sinker
"Colon, Jeffrey",681738.0,TRO_AIG,Sinker,R,26,17,62.864445668439934,95.0884086444008,76,5,4,Soft-Speed Separation,0,13.90886982142857,17.741614464285714,90.1649375,2261.9668892857144,5.606242678571428,6.096117678571429,2.126033571428571,46.31247921866772,37.47387389890039,10.445317616240995,1368,135,pitch_type_specific,Sinker
"Colon, Jeffrey",681738.0,TRO_AIG,Sinker,L,30,17,60.306394572920425,91.61755075311068,129,11,4,Soft-Speed Separation,0,13.90886982142857,17.741614464285714,90.1649375,2261.9668892857144,5.606242678571428,6.096117678571429,2.126033571428571,46.31247921866772,37.47387389890039,10.445317616240995,1369,136,pitch_type_specific,Sinker
"Pindel, Buddie",1000054422.0,SCH_BOO,Sinker,R,96,70,41.06668533920732,12.246234446627374,1341,200,101,Soft-Speed Separation,0,13.856285265957446,14.591088617021276,89.86571297872341,2135.015870744681,5.686521382978723,5.817740744680851,2.352364255319149,46.30428172137392,37.44393516904164,10.31434184675835,1370,137,pitch_type_specific,Sinker
"Pindel, Buddie",1000054422.0,SCH_BOO,Sinker,L,92,70,40.78321007004612,11.06745252128356,1359,204,100,Soft-Speed Separation,0,13.856285265957446,14.591088617021276,89.86571297872341,2135.015870744681,5.686521382978723,5.817740744680851,2.352364255319149,46.30428172137392,37.44393516904164,10.31434184675835,1371,138,pitch_type_specific,Sinker
"Matos, Dwayne",684228.0,OTT_TIT,Sinker,R,131,131,40.95918661896436,11.656843483955468,1350,201,102,Soft-Speed Separation,0,11.60040918128655,18.501138187134504,90.58066078947368,2123.692494152047,6.012118947368421,5.0255976023391815,1.2848376900584797,46.28165501712,37.36129838833,10.183366077275705,1372,139,pitch_type_specific,Sinker
"Matos, Dwayne",684228.0,OTT_TIT,Sinker,L,211,131,38.79417006638688,6.614276358873608,1427,228,109,Soft-Speed Separation,0,11.60040918128655,18.501138187134504,90.58066078947368,2123.692494152047,6.012118947368421,5.0255976023391815,1.2848376900584797,46.28165501712,37.36129838833,10.183366077275705,1373,140,pitch_type_specific,Sinker
"Smith, Ben",814168.0,NEW_ENG23,Four-Seam,L,45,26,43.34653383437586,18.66404715127701,1243,419,200,Soft-Speed Separation,0,10.40492393258427,-10.181308426966291,86.80807438202248,2167.161550561798,6.297847752808989,4.78943797752809,-1.690792808988764,46.27367835924909,37.332166203638266,10.052390307793058,1374,488,pitch_type_specific,Four-Seam
"Smith, Ben",814168.0,NEW_ENG23,Four-Seam,R,44,26,41.84867282747904,14.21087098886706,1311,443,233,Soft-Speed Separation,0,10.40492393258427,-10.181308426966291,86.80807438202248,2167.161550561798,6.297847752808989,4.78943797752809,-1.690792808988764,46.27367835924909,37.332166203638266,10.052390307793058,1375,489,pitch_type_specific,Four-Seam
"Castro, Alexander",669418.0,TRO_AIG,Sinker,L,36,17,50.55974004609858,56.31958087753765,668,76,40,Soft-Speed Separation,0,15.797492307692307,16.89234673076923,93.41540326923078,2189.217228846154,5.2662775,5.927481153846154,2.0444217307692307,46.24126713460589,37.21379460018338,9.954158480681075,1376,141,pitch_type_specific,Sinker
"Morel, Yohanse",678353.0,OTT_TIT,Sinker,L,111,75,42.00396330570615,14.603798297314995,1305,191,97,Soft-Speed Separation,0,8.99458644628099,18.559658264462808,91.0841411570248,2255.638094214876,5.2570250826446285,5.398862768595041,2.3186955785123966,46.23638057040122,37.19594799158835,9.85592665356909,1377,142,pitch_type_specific,Sinker
"Morel, Yohanse",678353.0,OTT_TIT,Sinker,R,131,75,40.850911526292265,11.329404060248857,1355,202,103,Soft-Speed Separation,0,8.99458644628099,18.559658264462808,91.0841411570248,2255.638094214876,5.2570250826446285,5.398862768595041,2.3186955785123966,46.23638057040122,37.19594799158835,9.85592665356909,1378,143,pitch_type_specific,Sinker
"Vitas, Ben",1000076969.0,JOL_SLA,Sinker,R,121,80,44.310861220527215,22.33136869679109,1187,166,80,Soft-Speed Separation,0,14.52974425531915,17.63710540425532,90.35924365957446,2170.6181089361703,5.189754085106383,5.551373914893617,1.6192282978723402,46.23473409787218,37.18993477871372,9.724950884086445,1379,144,pitch_type_specific,Sinker
"Vitas, Ben",1000076969.0,JOL_SLA,Sinker,L,114,80,41.78315519521682,13.883431565160445,1316,192,98,Soft-Speed Separation,0,14.52974425531915,17.63710540425532,90.35924365957446,2170.6181089361703,5.189754085106383,5.551373914893617,1.6192282978723402,46.23473409787218,37.18993477871372,9.724950884086445,1380,145,pitch_type_specific,Sinker
"Milburn, Isaac",830926.0,FLO_Y'A,Sinker,R,56,34,51.19812598110296,59.85592665356909,614,65,32,Soft-Speed Separation,0,10.0718434,-13.3409166,88.1070364,2066.992135,5.4792091,5.739194,-1.7745381,46.226606532360634,37.160251452261946,9.593975114603797,1381,146,pitch_type_specific,Sinker
"Milburn, Isaac",830926.0,FLO_Y'A,Sinker,L,44,34,50.67443637845852,56.90897184020957,659,74,38,Soft-Speed Separation,0,10.0718434,-13.3409166,88.1070364,2066.992135,5.4792091,5.739194,-1.7745381,46.226606532360634,37.160251452261946,9.593975114603797,1382,147,pitch_type_specific,Sinker
"Marynczak, Arlo",837346.0,TRI_VAL,Sinker,R,27,20,41.34826782575123,12.83562540929928,1332,198,99,Soft-Speed Separation,0,14.587926981132076,12.596938490566036,88.16368396226416,2074.707841509434,6.175270943396226,5.999326226415095,2.51889320754717,46.211272534972395,37.1042489445443,9.462999345121153,1383,148,pitch_type_specific,Sinker
"Marynczak, Arlo",837346.0,TRI_VAL,Sinker,L,26,20,38.39197326624592,5.697445972495088,1441,233,112,Soft-Speed Separation,0,14.587926981132076,12.596938490566036,88.16368396226416,2074.707841509434,6.175270943396226,5.999326226415095,2.51889320754717,46.211272534972395,37.1042489445443,9.462999345121153,1384,149,pitch_type_specific,Sinker
"Majick, Eli",828663.0,NEW_ENG23,Changeup,R,66,38,46.12486424591949,32.61296660117878,1030,136,60,Tight High-Spin Breakers,1,3.8542224615384617,-13.863820230769232,83.23986199999999,1847.9178815384607,6.029716615384615,5.558093307692308,-3.420265307692308,46.205315975466405,37.08249452126778,9.332023575638507,1385,188,pitch_type_specific,Changeup
"Majick, Eli",828663.0,NEW_ENG23,Changeup,L,64,38,43.80448493661845,20.694171578258025,1212,158,90,Tight High-Spin Breakers,1,3.8542224615384617,-13.863820230769232,83.23986199999999,1847.9178815384607,6.029716615384615,5.558093307692308,-3.420265307692308,46.205315975466405,37.08249452126778,9.332023575638507,1386,189,pitch_type_specific,Changeup
"Cook, Cole",1000161363.0,SCH_BOO,Cutter,L,33,38,44.46082158259097,23.117223313686967,1175,52,25,Tight High-Spin Breakers,1,9.22763128440367,-3.560516055045872,82.43035990825688,2410.4787972477066,5.250692385321101,5.574451100917432,-1.2527969724770642,46.20146661577923,37.06843596953266,9.201047806155861,1387,52,pitch_type_specific,Cutter
"Cook, Cole",1000161363.0,SCH_BOO,Cutter,R,76,38,43.16153674294735,18.14014407334643,1251,56,29,Tight High-Spin Breakers,1,9.22763128440367,-3.560516055045872,82.43035990825688,2410.4787972477066,5.250692385321101,5.574451100917432,-1.2527969724770642,46.20146661577923,37.06843596953266,9.201047806155861,1388,53,pitch_type_specific,Cutter
"Sechrist, Zander",801415.0,WAS_WIL3,Four-Seam,L,36,40,45.05962891667247,26.195153896529145,1128,373,181,Tight High-Spin Breakers,1,13.876098,-16.089742,80.23988377777778,1905.093645185185,5.653161481481481,5.137969259259259,-2.518215407407407,46.18063135772907,36.99234187154825,9.070072036673215,1389,490,pitch_type_specific,Four-Seam
"Sechrist, Zander",801415.0,WAS_WIL3,Four-Seam,R,99,40,44.6020295798189,23.90307793058284,1163,385,202,Tight High-Spin Breakers,1,13.876098,-16.089742,80.23988377777778,1905.093645185185,5.653161481481481,5.137969259259259,-2.518215407407407,46.18063135772907,36.99234187154825,9.070072036673215,1390,491,pitch_type_specific,Four-Seam
"Widener, Jacob",683179.0,SUS_COU1,Four-Seam,L,59,34,51.32222818451631,60.51080550098232,604,166,73,Soft-Speed Separation,0,10.550840923076922,-7.0649011538461535,89.02252130769232,2371.3624307692307,6.689490846153847,4.329832538461539,-3.946178307692308,46.16171454891727,36.92325429414403,8.93909626719057,1391,492,pitch_type_specific,Four-Seam
"Widener, Jacob",683179.0,SUS_COU1,Four-Seam,R,71,34,48.147380786843726,44.46627373935822,849,265,145,Soft-Speed Separation,0,10.550840923076922,-7.0649011538461535,89.02252130769232,2371.3624307692307,6.689490846153847,4.329832538461539,-3.946178307692308,46.16171454891727,36.92325429414403,8.93909626719057,1392,493,pitch_type_specific,Four-Seam
"Morgan, Marcus",808861.0,JOL_SLA,Cutter,L,40,15,55.47356521514595,78.38899803536346,331,12,6,Tight High-Spin Breakers,1,6.424274920634921,-3.117789523809524,86.91703031746032,2670.242895238095,5.755002857142857,5.297790793650794,2.68132507936508,46.1309069002975,36.81073923783429,8.840864440078585,1393,54,pitch_type_specific,Cutter
"Primeaux, Parker",1000101108.0,SUS_COU1,Sinker,R,33,34,51.20424352443354,59.98690242305174,612,64,31,Soft-Speed Separation,0,0.2352453164556961,18.69147113924051,87.82372215189874,2088.3376430379744,5.570454810126582,4.155525189873418,3.7543174683544303,46.1014167923128,36.703036076147704,8.7426326129666,1394,150,pitch_type_specific,Sinker
"Primeaux, Parker",1000101108.0,SUS_COU1,Sinker,L,46,34,48.62046653698575,47.02030124426981,810,100,52,Soft-Speed Separation,0,0.2352453164556961,18.69147113924051,87.82372215189874,2088.3376430379744,5.570454810126582,4.155525189873418,3.7543174683544303,46.1014167923128,36.703036076147704,8.7426326129666,1395,151,pitch_type_specific,Sinker
"Biddinger, Tyler",1000324948.0,WIN_CIT29,Sinker,R,55,39,38.074801352379325,4.9770792403405375,1452,237,122,Soft-Speed Separation,0,6.993079152542373,16.69141627118644,90.23023686440678,2225.882869491525,5.3112048305084745,5.08735033898305,1.5962898305084745,45.945438712503794,36.13337616313726,8.611656843483956,1396,152,pitch_type_specific,Sinker
"Biddinger, Tyler",1000324948.0,WIN_CIT29,Sinker,L,63,39,37.91692612718085,4.715127701375246,1456,238,116,Soft-Speed Separation,0,6.993079152542373,16.69141627118644,90.23023686440678,2225.882869491525,5.3112048305084745,5.08735033898305,1.5962898305084745,45.945438712503794,36.13337616313726,8.611656843483956,1397,153,pitch_type_specific,Sinker
"Whitesell, Max",1000223610.0,FLO_Y'A,Sinker,R,45,28,39.98885481265785,8.775376555337262,1394,215,113,Soft-Speed Separation,0,12.712510821917808,14.03084,89.39131109589042,1932.263720547945,6.303997397260273,5.255320958904109,2.779111095890411,45.89202605877466,35.93830357528227,8.48068107400131,1398,154,pitch_type_specific,Sinker
"Whitesell, Max",1000223610.0,FLO_Y'A,Sinker,L,28,28,38.1101327256296,5.0425671250818604,1451,236,115,Soft-Speed Separation,0,12.712510821917808,14.03084,89.39131109589042,1932.263720547945,6.303997397260273,5.255320958904109,2.779111095890411,45.89202605877466,35.93830357528227,8.48068107400131,1399,155,pitch_type_specific,Sinker
"Godwin, Connor",802684.0,NEW_YOR13,Sinker,R,81,48,46.82193665412488,36.86967910936477,965,125,63,Soft-Speed Separation,0,5.970118724832215,14.49638711409396,91.78023208053692,2153.330410738255,6.0720759060402685,5.244705570469799,2.567963892617449,45.889190007576886,35.927945807828046,8.349705304518663,1400,156,pitch_type_specific,Sinker
"Godwin, Connor",802684.0,NEW_YOR13,Sinker,L,68,48,46.28816347935423,33.46430910281598,1017,135,68,Soft-Speed Separation,0,5.970118724832215,14.49638711409396,91.78023208053692,2153.330410738255,6.0720759060402685,5.244705570469799,2.567963892617449,45.889190007576886,35.927945807828046,8.349705304518663,1401,157,pitch_type_specific,Sinker
"O'Brien, Keenan",1000245579.0,SUS_COU1,Sinker,R,28,19,40.33798432160758,9.757694826457106,1379,211,109,Soft-Speed Separation,0,10.739902,15.838995,90.24347783333332,2089.5897416666667,5.787047666666667,5.390630333333333,2.5084478333333333,45.87202778484341,35.86526629336429,8.218729535036019,1402,158,pitch_type_specific,Sinker
"O'Brien, Keenan",1000245579.0,SUS_COU1,Sinker,L,32,19,38.44825567046304,5.893909626719057,1438,232,111,Soft-Speed Separation,0,10.739902,15.838995,90.24347783333332,2089.5897416666667,5.787047666666667,5.390630333333333,2.5084478333333333,45.87202778484341,35.86526629336429,8.218729535036019,1403,159,pitch_type_specific,Sinker
"Harris, Ben",1000390130.0,GAT_GRI,Sinker,R,39,31,38.72336024357936,6.286836935166994,1432,230,120,Soft-Speed Separation,0,13.34619234234234,15.006126756756755,90.24030342342344,2243.3456207207205,5.892953783783784,6.076904594594595,1.0009524324324324,45.83032137602355,35.712947010748465,8.087753765553373,1404,160,pitch_type_specific,Sinker
"Harris, Ben",1000390130.0,GAT_GRI,Sinker,L,72,31,36.53910850711944,3.143418467583497,1480,247,123,Soft-Speed Separation,0,13.34619234234234,15.006126756756755,90.24030342342344,2243.3456207207205,5.892953783783784,6.076904594594595,1.0009524324324324,45.83032137602355,35.712947010748465,8.087753765553373,1405,161,pitch_type_specific,Sinker
"Chapple, Bronson",1000218472.0,TRO_AIG,Sinker,L,54,49,39.46209623063663,7.596594629993452,1412,223,106,Soft-Speed Separation,0,7.462247734374999,13.36278015625,90.480452734375,2067.42263125,6.49842875,5.0519675,1.724665078125,45.7848627377481,35.5469239134179,7.956777996070727,1406,162,pitch_type_specific,Sinker
"Chapple, Bronson",1000218472.0,TRO_AIG,Sinker,R,74,49,39.30886030386679,7.400130975769483,1415,224,118,Soft-Speed Separation,0,7.462247734374999,13.36278015625,90.480452734375,2067.42263125,6.49842875,5.0519675,1.724665078125,45.7848627377481,35.5469239134179,7.956777996070727,1407,163,pitch_type_specific,Sinker
"Jones, Logan",1000577428.0,FLO_Y'A,Sinker,R,57,26,46.71525782366491,36.28028814669286,974,129,64,Soft-Speed Separation,0,10.839709444444445,18.091077444444444,89.58974377777778,2216.397455555556,5.233597666666667,5.779379,2.5928704444444444,45.709164587913484,35.27046069818508,7.825802226588081,1408,164,pitch_type_specific,Sinker
"Jones, Logan",1000577428.0,FLO_Y'A,Sinker,L,33,26,42.02631599000687,14.865749836280289,1301,187,96,Soft-Speed Separation,0,10.839709444444445,18.091077444444444,89.58974377777778,2216.397455555556,5.233597666666667,5.779379,2.5928704444444444,45.709164587913484,35.27046069818508,7.825802226588081,1409,165,pitch_type_specific,Sinker
"Thompson, Ross",1000103401.0,SCH_BOO,Sinker,L,34,17,47.34662654794927,39.88212180746562,919,118,60,Soft-Speed Separation,0,13.613443529411764,12.61532,89.95771352941176,1963.6285098039216,5.9668947058823525,5.5060819607843134,2.480946666666666,45.6778948141842,35.156257878120286,7.727570399476097,1410,166,pitch_type_specific,Sinker
"Leak, Anthony",1000264276.0,NEW_YOR13,Sinker,L,34,33,51.02999435745307,58.7426326129666,631,68,35,Soft-Speed Separation,0,10.211479421487605,14.309324876033058,89.15223586776858,2113.803194214876,6.313362727272727,5.563201074380165,1.6608736363636365,45.59054634842741,34.83724562033676,7.629338572364112,1411,167,pitch_type_specific,Sinker
"Leak, Anthony",1000264276.0,NEW_YOR13,Sinker,R,87,33,48.61512745374322,46.88932547478717,812,101,49,Soft-Speed Separation,0,10.211479421487605,14.309324876033058,89.15223586776858,2113.803194214876,6.313362727272727,5.563201074380165,1.6608736363636365,45.59054634842741,34.83724562033676,7.629338572364112,1412,168,pitch_type_specific,Sinker
"Rodriguez, Joe Joe",689487.0,NEW_JER6,Sinker,R,94,75,39.55571768890448,7.9240340537000655,1407,221,116,Soft-Speed Separation,0,13.185725520833332,15.302639947916669,91.83682802083332,2069.5305817708336,5.706547395833333,5.688092604166666,2.421624427083333,45.564329043383026,34.74149532177404,7.498362802881467,1413,169,pitch_type_specific,Sinker
"Rodriguez, Joe Joe",689487.0,NEW_JER6,Sinker,L,98,75,38.32383712516747,5.50098231827112,1444,235,114,Soft-Speed Separation,0,13.185725520833332,15.302639947916669,91.83682802083332,2069.5305817708336,5.706547395833333,5.688092604166666,2.421624427083333,45.564329043383026,34.74149532177404,7.498362802881467,1414,170,pitch_type_specific,Sinker
"Galva, Claudio",669996.0,GAT_GRI,Sinker,R,128,66,36.445557425099416,2.881466928618205,1484,251,127,Tight High-Spin Breakers,1,10.42776043956044,-12.318633076923076,89.10682175824175,1989.019565384616,4.942596648351649,5.719332802197802,-0.9317135164835164,45.54635225180287,34.675840855836924,7.367387033398821,1415,171,pitch_type_specific,Sinker
"Galva, Claudio",669996.0,GAT_GRI,Sinker,L,54,66,34.69974566414078,2.0956123117223315,1496,255,126,Tight High-Spin Breakers,1,10.42776043956044,-12.318633076923076,89.10682175824175,1989.019565384616,4.942596648351649,5.719332802197802,-0.9317135164835164,45.54635225180287,34.675840855836924,7.367387033398821,1416,172,pitch_type_specific,Sinker
"Smith, Donny",1000381366.0,JOL_SLA,Sinker,L,67,43,33.56989046422281,1.4407334643091028,1506,256,127,Soft-Speed Separation,0,10.848161780821917,15.530591712328768,88.79334815068493,2123.575391780822,5.764008082191781,5.724543424657534,2.4774877397260275,45.51563478931357,34.56365517544528,7.236411263916176,1417,173,pitch_type_specific,Sinker
"Smith, Donny",1000381366.0,JOL_SLA,Sinker,R,79,43,29.236120853871046,0.45841519318926,1521,260,130,Soft-Speed Separation,0,10.848161780821917,15.530591712328768,88.79334815068493,2123.575391780822,5.764008082191781,5.724543424657534,2.4774877397260275,45.51563478931357,34.56365517544528,7.236411263916176,1418,174,pitch_type_specific,Sinker
"Gordillo, Lucas",808851.0,TRI_VAL,Sinker,R,27,19,47.19696088106916,38.89980353634578,934,121,60,Soft-Speed Separation,0,13.729976438356164,14.37777780821918,91.55410753424655,2120.234876712329,5.978499589041096,5.982199452054794,1.8540867123287672,45.50440071872405,34.52262633547868,7.1054354944335305,1419,175,pitch_type_specific,Sinker
"Gordillo, Lucas",808851.0,TRI_VAL,Sinker,L,46,19,45.73907707241392,30.386378519973807,1064,142,74,Soft-Speed Separation,0,13.729976438356164,14.37777780821918,91.55410753424655,2120.234876712329,5.978499589041096,5.982199452054794,1.8540867123287672,45.50440071872405,34.52262633547868,7.1054354944335305,1420,176,pitch_type_specific,Sinker
"Grounds, Jackson",805984.0,TRO_AIG,Sinker,R,30,23,43.72888489761375,20.36673215455141,1217,173,85,Soft-Speed Separation,0,13.767774545454548,14.48323909090909,92.16089672727271,2156.8117345454543,5.708130545454545,6.062090181818182,1.8245034545454544,45.492937192020285,34.48075948064333,6.974459724950884,1421,177,pitch_type_specific,Sinker
"Grounds, Jackson",805984.0,TRO_AIG,Sinker,L,25,23,37.656993912828646,4.256712508185986,1463,241,119,Soft-Speed Separation,0,13.767774545454548,14.48323909090909,92.16089672727271,2156.8117345454543,5.708130545454545,6.062090181818182,1.8245034545454544,45.492937192020285,34.48075948064333,6.974459724950884,1422,178,pitch_type_specific,Sinker
"Lawson, Nathan",1000569348.0,FLO_Y'A,Cutter,R,41,29,35.68363214165633,2.4885396201702688,1490,65,34,Tight High-Spin Breakers,1,7.39139704225352,-1.556622676056338,83.44712732394366,2290.5939633802814,5.722790845070422,5.537355070422535,2.1172552112676057,45.48804448634304,34.46289044228937,6.843483955468238,1423,55,pitch_type_specific,Cutter
"Lawson, Nathan",1000569348.0,FLO_Y'A,Cutter,L,30,29,35.429171630109245,2.2920759659463,1493,66,32,Tight High-Spin Breakers,1,7.39139704225352,-1.556622676056338,83.44712732394366,2290.5939633802814,5.722790845070422,5.537355070422535,2.1172552112676057,45.48804448634304,34.46289044228937,6.843483955468238,1424,56,pitch_type_specific,Cutter
"Webster, Evan",804248.0,FLO_Y'A,Sinker,L,33,32,53.04727765114696,68.69679109364768,479,48,24,Soft-Speed Separation,0,15.624250952380953,-11.213717936507935,88.94186444444443,1887.9230095238097,6.912744126984127,5.959123015873016,-2.402984603174603,45.46334910500513,34.37269848197071,6.712508185985593,1425,179,pitch_type_specific,Sinker
"Webster, Evan",804248.0,FLO_Y'A,Sinker,R,30,32,43.85851569527693,20.95612311722332,1208,171,84,Soft-Speed Separation,0,15.624250952380953,-11.213717936507935,88.94186444444443,1887.9230095238097,6.912744126984127,5.959123015873016,-2.402984603174603,45.46334910500513,34.37269848197071,6.712508185985593,1426,180,pitch_type_specific,Sinker
"Parks, Pavin",682030.0,LAK_ERI24,Cutter,R,94,43,48.052546687913946,43.68041912246235,861,33,17,Tight High-Spin Breakers,1,7.044705447761194,-3.580778432835821,84.69148328358209,2428.2788753731343,5.774520149253732,5.587904552238807,2.031910373134328,45.46280750012739,34.370720443852036,6.581532416502947,1427,57,pitch_type_specific,Cutter
"Parks, Pavin",682030.0,LAK_ERI24,Cutter,L,40,43,45.74269333029015,30.51735428945645,1062,46,23,Tight High-Spin Breakers,1,7.044705447761194,-3.580778432835821,84.69148328358209,2428.2788753731343,5.774520149253732,5.587904552238807,2.031910373134328,45.46280750012739,34.370720443852036,6.581532416502947,1428,58,pitch_type_specific,Cutter
"Shinn, Nathan",1000490914.0,LAK_ERI24,Sinker,L,25,20,46.82031789022579,36.804191224623445,966,126,63,Soft-Speed Separation,0,15.884699,-10.3569994,89.3244404,1907.432792,5.7619546,5.8215296,-2.0848564,45.434759138782766,34.26828279938796,6.450556647020302,1429,181,pitch_type_specific,Sinker
"Shinn, Nathan",1000490914.0,LAK_ERI24,Sinker,R,25,20,40.44407514441978,10.019646365422396,1375,209,107,Soft-Speed Separation,0,15.884699,-10.3569994,89.3244404,1907.432792,5.7619546,5.8215296,-2.0848564,45.434759138782766,34.26828279938796,6.450556647020302,1430,182,pitch_type_specific,Sinker
"Garcia, Andrew",1000190083.0,EVA_OTT,Sinker,R,29,12,61.46983074467696,93.3857236411264,102,8,5,Soft-Speed Separation,0,10.488453076923076,14.220468846153846,91.02721230769232,2057.620732692308,5.9202776923076925,5.371980192307692,1.956904807692308,45.42385152746881,34.228446247227126,6.352324819908317,1431,183,pitch_type_specific,Sinker
"Fowler, Dalton",687096.0,SUS_COU1,Sinker,L,26,10,44.54354916156723,23.575638506876228,1168,162,83,Soft-Speed Separation,0,11.292066666666669,-12.855744705882351,91.4347325490196,2160.1096549019608,5.53919705882353,6.668691960784314,-1.388985294117647,45.418546078858995,34.20906979768209,6.254092992796332,1432,184,pitch_type_specific,Sinker
"Fowler, Dalton",687096.0,SUS_COU1,Sinker,R,25,10,43.51078142002524,19.1879502292076,1235,175,86,Soft-Speed Separation,0,11.292066666666669,-12.855744705882351,91.4347325490196,2160.1096549019608,5.53919705882353,6.668691960784314,-1.388985294117647,45.418546078858995,34.20906979768209,6.254092992796332,1433,185,pitch_type_specific,Sinker
"Hampton, Ky",673132.0,OTT_TIT,Sinker,L,79,55,36.53880644921332,3.077930582842174,1481,248,124,Soft-Speed Separation,0,7.1807878064516135,16.118113548387097,88.40516851612904,2145.310727096774,6.209111612903225,5.426076129032258,2.1967036774193547,45.40060354854459,34.14354046003024,6.123117223313687,1434,186,pitch_type_specific,Sinker
"Hampton, Ky",673132.0,OTT_TIT,Sinker,R,76,55,35.65644887233037,2.357563850687623,1492,254,129,Soft-Speed Separation,0,7.1807878064516135,16.118113548387097,88.40516851612904,2145.310727096774,6.209111612903225,5.426076129032258,2.1967036774193547,45.40060354854459,34.14354046003024,6.123117223313687,1435,187,pitch_type_specific,Sinker
"Shoemaker, Adam",692248.0,QUE_CAP,Sinker,L,25,13,50.52461705073426,55.992141453831046,673,77,41,Soft-Speed Separation,0,10.456468387096772,-15.177693064516127,91.68103596774192,2055.517008064516,6.057157258064516,6.054410322580646,-2.6085229032258064,45.38986785067031,34.104331766573736,5.992141453831041,1436,188,pitch_type_specific,Sinker
"Shoemaker, Adam",692248.0,QUE_CAP,Sinker,R,37,13,47.71911463350754,41.97773411918795,887,107,53,Soft-Speed Separation,0,10.456468387096772,-15.177693064516127,91.68103596774192,2055.517008064516,6.057157258064516,6.054410322580646,-2.6085229032258064,45.38986785067031,34.104331766573736,5.992141453831041,1437,189,pitch_type_specific,Sinker
"Vega, Lucas",837223.0,TRO_AIG,Sinker,R,114,87,45.44108335265516,28.3562540929928,1095,152,75,Soft-Speed Separation,0,9.053148599221789,14.613986031128404,89.56236505836576,2018.2296354085604,6.10487093385214,5.193540700389105,2.354034357976654,45.374203183308104,34.04712159282483,5.8611656843483955,1438,190,pitch_type_specific,Sinker
"Vega, Lucas",837223.0,TRO_AIG,Sinker,L,143,87,43.47050129036632,18.99148657498363,1238,176,90,Soft-Speed Separation,0,9.053148599221789,14.613986031128404,89.56236505836576,2018.2296354085604,6.10487093385214,5.193540700389105,2.354034357976654,45.374203183308104,34.04712159282483,5.8611656843483955,1439,191,pitch_type_specific,Sinker
"Estrella, Noah",805762.0,TRI_VAL,Sinker,L,35,19,45.579152836762105,29.66601178781925,1075,147,76,Soft-Speed Separation,0,14.239990357142858,14.547076071428572,91.65949910714286,2086.1528357142856,5.639711607142857,5.787486607142857,1.5994612499999998,45.3405686831905,33.924282368014474,5.762933857236411,1440,192,pitch_type_specific,Sinker
"Gaskey, Blake",1000362764.0,NIU_HUS,Four-Seam,R,33,22,39.78047619499546,8.382449246889326,1400,468,242,Soft-Speed Separation,0,10.33824887096774,13.817342741935484,84.97200064516129,2189.9687693548385,6.73143,4.6678277419354846,2.677162258064516,45.332232220317444,33.89383611094493,5.6647020301244275,1441,494,pitch_type_specific,Four-Seam
"Gaskey, Blake",1000362764.0,NIU_HUS,Four-Seam,L,29,22,36.2823365708215,2.685003274394237,1487,490,240,Soft-Speed Separation,0,10.33824887096774,13.817342741935484,84.97200064516129,2189.9687693548385,6.73143,4.6678277419354846,2.677162258064516,45.332232220317444,33.89383611094493,5.6647020301244275,1442,495,pitch_type_specific,Four-Seam
"Harley, Tristan",10041912.0,SUS_COU1,Sinker,L,74,36,54.520553252384296,75.70399476096922,372,27,13,Soft-Speed Separation,0,11.71437762886598,14.697684020618556,92.0714587628866,1999.451863917525,5.825825876288659,5.162670412371134,1.6884729896907216,45.30728614336781,33.80272856530467,5.566470203012443,1443,193,pitch_type_specific,Sinker
"Heredia-Bustos, Rolando",837343.0,DOW_EAS1,Sinker,R,50,38,39.23174569956443,7.269155206286837,1417,225,119,Soft-Speed Separation,0,13.355864222222223,16.768391185185184,87.9020942962963,2111.461074074074,5.712359626865672,5.692819407407407,1.4272540740740742,45.292387977303136,33.74831779172155,5.468238375900459,1444,194,pitch_type_specific,Sinker
"Heredia-Bustos, Rolando",837343.0,DOW_EAS1,Sinker,L,85,38,36.80334688824423,3.470857891290111,1475,245,122,Soft-Speed Separation,0,13.355864222222223,16.768391185185184,87.9020942962963,2111.461074074074,5.712359626865672,5.692819407407407,1.4272540740740742,45.292387977303136,33.74831779172155,5.468238375900459,1445,195,pitch_type_specific,Sinker
"Plumadore, Carson",1000207816.0,WIN_CIT29,Curveball,R,41,13,32.23933740259885,0.9823182711198428,1513,157,84,Tight High-Spin Breakers,1,1.312488961038961,-6.864190259740259,75.43243129870129,2482.660909090909,5.571079610389611,4.268323766233767,4.060828961038961,45.23763494922606,33.54834991643011,5.337262606417813,1446,161,pitch_type_specific,Curveball
"Plumadore, Carson",1000207816.0,WIN_CIT29,Curveball,L,36,13,26.20841706035896,0.0654878847413228,1527,162,76,Tight High-Spin Breakers,1,1.312488961038961,-6.864190259740259,75.43243129870129,2482.660909090909,5.571079610389611,4.268323766233767,4.060828961038961,45.23763494922606,33.54834991643011,5.337262606417813,1447,162,pitch_type_specific,Curveball
"MacMillan, Blake",832350.0,TRO_AIG,Cutter,L,61,43,49.98654153648545,52.97969875573018,719,29,15,Soft-Speed Separation,0,21.826265347222225,-6.929069305555555,87.94282854166666,2192.819632638889,5.517973055555555,6.750881944444444,0.0952213194444444,45.22316187610535,33.495491658493904,5.206286836935167,1448,59,pitch_type_specific,Cutter
"MacMillan, Blake",832350.0,TRO_AIG,Cutter,R,83,43,48.58031803407526,46.56188605108055,817,30,15,Soft-Speed Separation,0,21.826265347222225,-6.929069305555555,87.94282854166666,2192.819632638889,5.517973055555555,6.750881944444444,0.0952213194444444,45.22316187610535,33.495491658493904,5.206286836935167,1449,60,pitch_type_specific,Cutter
"Gamelin, Shaun",815222.0,JOL_SLA,Cutter,R,81,25,47.17535845608563,38.57236411263917,939,39,21,Tight High-Spin Breakers,1,5.628225182481752,-0.3728448905109489,84.02198846715328,2316.1506496350366,5.061798759124088,5.676817445255474,2.0334657664233577,45.151390725859464,33.23337054983687,5.075311067452521,1450,61,pitch_type_specific,Cutter
"Gamelin, Shaun",815222.0,JOL_SLA,Cutter,L,56,25,46.42468421357464,34.446627373935826,1002,43,20,Tight High-Spin Breakers,1,5.628225182481752,-0.3728448905109489,84.02198846715328,2316.1506496350366,5.061798759124088,5.676817445255474,2.0334657664233577,45.151390725859464,33.23337054983687,5.075311067452521,1451,62,pitch_type_specific,Cutter
"Potteiger, Jack",1000565185.0,JOL_SLA,Sinker,L,46,23,46.76790878459772,36.54223968565815,970,127,64,Soft-Speed Separation,0,5.112480506329114,-14.661575189873416,89.37687,1942.0568329113928,6.388360506329113,5.318142658227848,-1.7426036708860762,45.14695554294918,33.2171724666578,4.944335297969875,1452,196,pitch_type_specific,Sinker
"Potteiger, Jack",1000565185.0,JOL_SLA,Sinker,R,33,23,41.38242806395522,12.966601178781923,1330,197,98,Soft-Speed Separation,0,5.112480506329114,-14.661575189873416,89.37687,1942.0568329113928,6.388360506329113,5.318142658227848,-1.7426036708860762,45.14695554294918,33.2171724666578,4.944335297969875,1453,197,pitch_type_specific,Sinker
"Hoeymans, Jack",1000184889.0,GAT_GRI,Sinker,R,35,18,52.86130686730786,67.77996070726915,493,50,25,Soft-Speed Separation,0,7.36031803030303,15.077851818181818,89.42637727272728,2157.4701924242427,6.318393181818182,5.686797272727273,2.1683143939393936,45.12177289843315,33.12520093385049,4.81335952848723,1454,198,pitch_type_specific,Sinker
"Hoeymans, Jack",1000184889.0,GAT_GRI,Sinker,L,31,18,49.299675992311336,50.03274394237066,764,92,49,Soft-Speed Separation,0,7.36031803030303,15.077851818181818,89.42637727272728,2157.4701924242427,6.318393181818182,5.686797272727273,2.1683143939393936,45.12177289843315,33.12520093385049,4.81335952848723,1455,199,pitch_type_specific,Sinker
"Grounds, Jackson",805984.0,DOW_EAS1,Sinker,R,41,26,53.27864548797292,69.81008513425017,462,44,23,Soft-Speed Separation,0,14.96062474137931,16.364435431034483,92.15568241379312,2138.778992241379,5.5015325,6.1603108620689655,1.9916941379310344,45.0834899795136,32.985384850153345,4.682383759004584,1456,200,pitch_type_specific,Sinker
"Grounds, Jackson",805984.0,DOW_EAS1,Sinker,L,75,26,52.95647550270736,68.36935166994105,484,49,25,Soft-Speed Separation,0,14.96062474137931,16.364435431034483,92.15568241379312,2138.778992241379,5.5015325,6.1603108620689655,1.9916941379310344,45.0834899795136,32.985384850153345,4.682383759004584,1457,201,pitch_type_specific,Sinker
"Figueredo, Kevin",1000210447.0,WIN_CIT29,Changeup,R,74,27,49.41934342334713,50.55664702030125,756,98,42,Tight High-Spin Breakers,1,6.007454414414415,-12.659673333333332,83.98271423423424,1696.045325855856,5.341149459459459,5.242650630630631,-3.420458738738739,45.05718772875594,32.8893243146157,4.551407989521938,1458,190,pitch_type_specific,Changeup
"Figueredo, Kevin",1000210447.0,WIN_CIT29,Changeup,L,37,27,46.38531652555042,34.25016371971185,1005,134,76,Tight High-Spin Breakers,1,6.007454414414415,-12.659673333333332,83.98271423423424,1696.045325855856,5.341149459459459,5.242650630630631,-3.420458738738739,45.05718772875594,32.8893243146157,4.551407989521938,1459,191,pitch_type_specific,Changeup
"Moore, Kyle",1000517760.0,SCH_BOO,Cutter,L,35,42,53.10019388024962,69.02423051735428,474,17,9,Tight High-Spin Breakers,1,9.645487421875,1.70218328125,84.48295656250001,2132.612609375,4.70621890625,6.130913125,2.188533984375,45.05489074075713,32.88093530261355,4.4204322200392925,1460,63,pitch_type_specific,Cutter
"Moore, Kyle",1000517760.0,SCH_BOO,Cutter,R,93,42,51.21691743541153,60.05239030779306,611,22,11,Tight High-Spin Breakers,1,9.645487421875,1.70218328125,84.48295656250001,2132.612609375,4.70621890625,6.130913125,2.188533984375,45.05489074075713,32.88093530261355,4.4204322200392925,1461,64,pitch_type_specific,Cutter
"Williams, Pierce",1000337420.0,NEW_ENG23,Sinker,L,29,33,47.69203429813391,41.78127046496398,890,108,55,Soft-Speed Separation,0,12.278583855421688,-14.217177951807228,85.76449409638555,1869.973865060241,6.132962891566264,5.872630602409639,-1.7032014457831326,45.05038596147749,32.864483041015546,4.289456450556647,1462,202,pitch_type_specific,Sinker
"Williams, Pierce",1000337420.0,NEW_ENG23,Sinker,R,54,33,41.10079506295726,12.442698100851342,1338,199,100,Soft-Speed Separation,0,12.278583855421688,-14.217177951807228,85.76449409638555,1869.973865060241,6.132962891566264,5.872630602409639,-1.7032014457831326,45.05038596147749,32.864483041015546,4.289456450556647,1463,203,pitch_type_specific,Sinker
"Gilleran, Jimmy",10103730.0,NEW_ENG23,Sinker,R,86,59,49.67569181443241,51.80091683038638,737,87,41,Soft-Speed Separation,0,12.427882352941175,15.82957256684492,88.06380887700536,2105.8413620320857,5.520073422459893,5.58711064171123,1.1186229411764703,45.02273332559628,32.76349065689408,4.158480681074002,1464,204,pitch_type_specific,Sinker
"Gilleran, Jimmy",10103730.0,NEW_ENG23,Sinker,L,101,59,47.387479695568544,40.20956123117223,914,117,59,Soft-Speed Separation,0,12.427882352941175,15.82957256684492,88.06380887700536,2105.8413620320857,5.520073422459893,5.58711064171123,1.1186229411764703,45.02273332559628,32.76349065689408,4.158480681074002,1465,205,pitch_type_specific,Sinker
"Lefebvre, Charles",1000429097.0,TRO_AIG,Sinker,L,199,142,48.60880968587704,46.82383759004584,813,102,53,Soft-Speed Separation,0,12.31166718446602,16.662649296116506,89.07707330097088,2232.3454393203883,6.530014805825243,6.327867621359223,0.9764459223300972,44.92587361172202,32.409741615699375,4.027504911591356,1466,206,pitch_type_specific,Sinker
"Lefebvre, Charles",1000429097.0,TRO_AIG,Sinker,R,213,142,48.14287237541384,44.4007858546169,850,104,51,Soft-Speed Separation,0,12.31166718446602,16.662649296116506,89.07707330097088,2232.3454393203883,6.530014805825243,6.327867621359223,0.9764459223300972,44.92587361172202,32.409741615699375,4.027504911591356,1467,207,pitch_type_specific,Sinker
"Linderman, Greyson",1000124562.0,JOL_SLA,Sinker,L,48,24,40.745661026702365,10.936476751800916,1361,205,101,Soft-Speed Separation,0,11.697878333333334,14.668652435897435,93.7527841025641,2120.014121794872,5.457523461538462,5.750370769230769,1.5791084615384616,44.8136580672139,31.999910327859503,3.8965291421087103,1468,208,pitch_type_specific,Sinker
"Linderman, Greyson",1000124562.0,JOL_SLA,Sinker,R,30,24,40.65850260177095,10.54354944335298,1367,208,106,Soft-Speed Separation,0,11.697878333333334,14.668652435897435,93.7527841025641,2120.014121794872,5.457523461538462,5.750370769230769,1.5791084615384616,44.8136580672139,31.999910327859503,3.8965291421087103,1469,209,pitch_type_specific,Sinker
"Potteiger, Jack",1000095892.0,JOL_SLA,Sinker,L,42,19,44.51962989990663,23.444662737393585,1170,164,85,Soft-Speed Separation,0,5.304672432432432,-13.659196891891892,89.37885783783784,1939.993843243244,6.065552162162162,5.352253648648649,-1.7643018918918918,44.710959824629015,31.62483793301486,3.765553372626064,1470,210,pitch_type_specific,Sinker
"Potteiger, Jack",1000095892.0,JOL_SLA,Sinker,R,32,19,40.121878381464605,9.233791748526524,1387,212,110,Soft-Speed Separation,0,5.304672432432432,-13.659196891891892,89.37885783783784,1939.993843243244,6.065552162162162,5.352253648648649,-1.7643018918918918,44.710959824629015,31.62483793301486,3.765553372626064,1471,211,pitch_type_specific,Sinker
"Moore, Kyle",1000517760.0,SCH_BOO,Sinker,L,42,28,44.64236133549459,24.29600523903078,1157,160,82,Soft-Speed Separation,0,14.893339883720932,15.43747930232558,87.77546558139534,2157.56355116279,4.722613023255814,6.301693139534883,1.869786046511628,44.64486464042312,31.3834464699885,3.6345776031434185,1472,212,pitch_type_specific,Sinker
"Moore, Kyle",1000517760.0,SCH_BOO,Sinker,R,44,28,39.874581869321766,8.578912901113293,1397,217,114,Soft-Speed Separation,0,14.893339883720932,15.43747930232558,87.77546558139534,2157.56355116279,4.722613023255814,6.301693139534883,1.869786046511628,44.64486464042312,31.3834464699885,3.6345776031434185,1473,213,pitch_type_specific,Sinker
"Majick, Eli",828663.0,NEW_ENG23,Sinker,R,157,82,45.68909319389536,30.12442698100851,1068,144,70,Tight High-Spin Breakers,1,6.88885988372093,-16.471791705426355,87.46003081395348,2010.66760503876,5.854576240310077,5.611110658914728,-3.366840891472868,44.62144862191977,31.297926972120557,3.503601833660773,1474,214,pitch_type_specific,Sinker
"Majick, Eli",828663.0,NEW_ENG23,Sinker,L,101,82,42.88136765907493,17.4852652259332,1261,179,92,Tight High-Spin Breakers,1,6.88885988372093,-16.471791705426355,87.46003081395348,2010.66760503876,5.854576240310077,5.611110658914728,-3.366840891472868,44.62144862191977,31.297926972120557,3.503601833660773,1475,215,pitch_type_specific,Sinker
"Barreto, Brayhans",810980.0,TRI_VAL,Sinker,L,57,41,46.96146336650712,37.59004584151932,954,124,62,Soft-Speed Separation,0,12.091872205882352,-14.05111492647059,88.28750926470588,2051.3827963235294,6.113528161764706,6.911787279411764,-1.3583200735294116,44.53155032043767,30.96960225710426,3.3726260641781267,1476,216,pitch_type_specific,Sinker
"Barreto, Brayhans",810980.0,TRI_VAL,Sinker,R,79,41,45.40075228683416,28.159790438768827,1098,153,76,Soft-Speed Separation,0,12.091872205882352,-14.05111492647059,88.28750926470588,2051.3827963235294,6.113528161764706,6.911787279411764,-1.3583200735294116,44.53155032043767,30.96960225710426,3.3726260641781267,1477,217,pitch_type_specific,Sinker
"Long, Maddox",1000248716.0,WAS_WIL3,Sinker,R,117,84,54.08946257965361,73.54289456450557,405,35,18,Soft-Speed Separation,0,7.072164771929824,16.644123649122808,89.94795028070176,2181.739884912281,5.888958315789473,5.664510210526316,1.6430663859649122,44.448634254509095,30.66677791818512,3.2416502946954813,1478,218,pitch_type_specific,Sinker
"Long, Maddox",1000248716.0,WAS_WIL3,Sinker,L,168,84,52.78939087350681,67.71447282252782,494,51,26,Soft-Speed Separation,0,7.072164771929824,16.644123649122808,89.94795028070176,2181.739884912281,5.888958315789473,5.664510210526316,1.6430663859649122,44.448634254509095,30.66677791818512,3.2416502946954813,1479,219,pitch_type_specific,Sinker
"Kelly, Colin",1000456530.0,SUS_COU1,Sinker,R,53,29,53.44264876814689,70.53045186640472,451,42,22,Soft-Speed Separation,0,14.329698854166669,15.794738229166668,90.53656854166668,2008.3051427083333,5.907203958333334,6.1022153125,2.490537395833333,44.33067501296295,30.235969618966166,3.1106745252128354,1480,220,pitch_type_specific,Sinker
"Kelly, Colin",1000456530.0,SUS_COU1,Sinker,L,43,29,50.27782013745384,54.55140798952194,695,78,42,Soft-Speed Separation,0,14.329698854166669,15.794738229166668,90.53656854166668,2008.3051427083333,5.907203958333334,6.1022153125,2.490537395833333,44.33067501296295,30.235969618966166,3.1106745252128354,1481,221,pitch_type_specific,Sinker
"Jensik, CJ",10009752.0,WIN_CIT29,Sinker,R,35,14,41.6471458905372,13.621480026195156,1320,193,95,Soft-Speed Separation,0,8.399740322580646,15.16956258064516,92.53073548387096,2079.22795,5.778601935483871,5.6476206451612905,2.270875161290322,44.25692383003793,29.96661707596185,2.97969875573019,1482,222,pitch_type_specific,Sinker
"Jensik, CJ",10009752.0,WIN_CIT29,Sinker,L,27,14,39.022467459782895,6.8762278978389,1423,226,107,Soft-Speed Separation,0,8.399740322580646,15.16956258064516,92.53073548387096,2079.22795,5.778601935483871,5.6476206451612905,2.270875161290322,44.25692383003793,29.96661707596185,2.97969875573019,1483,223,pitch_type_specific,Sinker
"McKillican, Adam",1000570064.0,QUE_CAP,Sinker,L,40,20,46.00890751535779,32.0890635232482,1038,139,72,Soft-Speed Separation,0,11.505230169491526,12.61400372881356,88.55637271186441,1988.2933796610168,6.725178813559322,5.93190593220339,1.6888528813559325,44.234579653396196,29.885012136744717,2.8814669286182055,1484,224,pitch_type_specific,Sinker
"Delongchamp, Luke",802194.0,TRI_VAL,Sinker,L,47,31,46.4340322262068,34.51211525867714,1001,132,67,Soft-Speed Separation,0,11.178582,17.378601200000002,86.9199705,2025.487899,5.6133984,5.6070758000000005,2.0883149,44.21031923000188,29.796408720820338,2.7832351015062216,1485,225,pitch_type_specific,Sinker
"Delongchamp, Luke",802194.0,TRI_VAL,Sinker,R,53,31,46.37759838075982,34.18467583497053,1006,133,66,Soft-Speed Separation,0,11.178582,17.378601200000002,86.9199705,2025.487899,5.6133984,5.6070758000000005,2.0883149,44.21031923000188,29.796408720820338,2.7832351015062216,1486,226,pitch_type_specific,Sinker
"Nova, Fraynel",805843.0,LAK_ERI24,Sinker,R,33,42,40.11180684537936,9.1683038637852,1388,213,111,Soft-Speed Separation,0,9.075856825396826,13.38958365079365,90.07441015873016,2040.646222222222,6.0884559523809525,5.640576428571428,1.572225873015873,44.142289391956275,29.547951555104312,2.6522593320235757,1487,227,pitch_type_specific,Sinker
"Nova, Fraynel",805843.0,LAK_ERI24,Sinker,L,93,42,39.648426559241535,8.185985592665357,1403,220,105,Soft-Speed Separation,0,9.075856825396826,13.38958365079365,90.07441015873016,2040.646222222222,6.0884559523809525,5.640576428571428,1.572225873015873,44.142289391956275,29.547951555104312,2.6522593320235757,1488,228,pitch_type_specific,Sinker
"Primeaux, Parker",1000101108.0,SUS_COU1,Four-Seam,L,37,18,47.212161313077615,39.22724296005239,929,291,132,Soft-Speed Separation,0,5.350902727272727,15.972479454545454,87.64090854545454,2089.0141327272727,5.558066545454546,4.378615090909091,3.3978278181818182,44.06555242069784,29.26769437777983,2.5540275049115913,1489,496,pitch_type_specific,Four-Seam
"Tiburcio, David",696010.0,DOW_EAS1,Sinker,R,56,53,42.95469062573457,17.68172888015717,1258,177,87,Soft-Speed Separation,0,11.722258843930636,17.573919595375724,92.58164265895954,2237.374283815029,5.165133988439306,6.257438208092486,1.299260751445087,44.0525933227219,29.220365428515226,2.455795677799607,1490,229,pitch_type_specific,Sinker
"Tiburcio, David",696010.0,DOW_EAS1,Sinker,L,117,53,41.40870850194086,13.032089063523248,1329,196,99,Soft-Speed Separation,0,11.722258843930636,17.573919595375724,92.58164265895954,2237.374283815029,5.165133988439306,6.257438208092486,1.299260751445087,44.0525933227219,29.220365428515226,2.455795677799607,1491,230,pitch_type_specific,Sinker
"Joven, Art",1000048892.0,MIS_MUD,Sinker,L,111,83,51.99642142567716,63.9161755075311,552,57,31,Tight High-Spin Breakers,1,7.18082386885246,-15.56113750819672,83.27402724590164,1793.0169504918033,5.146754032786886,5.105009442622952,-2.129920426229508,43.942034293086664,28.81658402999021,2.3248199083169614,1492,231,pitch_type_specific,Sinker
"Joven, Art",1000048892.0,MIS_MUD,Sinker,R,194,83,48.87808838389343,48.65749836280288,785,98,47,Tight High-Spin Breakers,1,7.18082386885246,-15.56113750819672,83.27402724590164,1793.0169504918033,5.146754032786886,5.105009442622952,-2.129920426229508,43.942034293086664,28.81658402999021,2.3248199083169614,1493,232,pitch_type_specific,Sinker
"Miner, Jace",701731.0,DOW_EAS1,Sinker,L,34,28,37.62895761637108,4.191224623444663,1464,242,120,Soft-Speed Separation,0,6.371731391304348,-11.967955304347823,88.64685582608695,1853.8461973913045,5.978127913043478,4.942034260869565,-3.071395739130435,43.88730932352906,28.616718629442538,2.1938441388343155,1494,233,pitch_type_specific,Sinker
"Miner, Jace",701731.0,DOW_EAS1,Sinker,R,81,28,36.47727824733354,2.9469548133595285,1483,250,126,Soft-Speed Separation,0,6.371731391304348,-11.967955304347823,88.64685582608695,1853.8461973913045,5.978127913043478,4.942034260869565,-3.071395739130435,43.88730932352906,28.616718629442538,2.1938441388343155,1495,234,pitch_type_specific,Sinker
"Toribio, Noe",672848.0,TRO_AIG,Sinker,R,175,145,41.50876086266427,13.294040602488538,1325,194,96,Soft-Speed Separation,0,11.473969742990654,17.800904205607477,90.23431425233645,2029.141111682243,5.785276028037384,5.798951939252337,2.186862546728972,43.85024062455517,28.481337094686282,2.06286836935167,1496,235,pitch_type_specific,Sinker
"Toribio, Noe",672848.0,TRO_AIG,Sinker,L,253,145,37.80754908745045,4.518664047151278,1459,240,118,Soft-Speed Separation,0,11.473969742990654,17.800904205607477,90.23431425233645,2029.141111682243,5.785276028037384,5.798951939252337,2.186862546728972,43.85024062455517,28.481337094686282,2.06286836935167,1497,236,pitch_type_specific,Sinker
"Andueza, Axel",672847.0,DOW_EAS1,Sinker,L,55,27,44.52410021787223,23.510150622134905,1169,163,84,Soft-Speed Separation,0,11.296528522727272,11.038573295454546,89.93719636363636,2039.697859090909,5.473950113636364,5.901260568181818,1.087537159090909,43.81381903633032,28.348318924407003,1.9318925998690242,1498,237,pitch_type_specific,Sinker
"Andueza, Axel",672847.0,DOW_EAS1,Sinker,R,33,27,42.02620547027372,14.800261951538966,1302,188,92,Soft-Speed Separation,0,11.296528522727272,11.038573295454546,89.93719636363636,2039.697859090909,5.473950113636364,5.901260568181818,1.087537159090909,43.81381903633032,28.348318924407003,1.9318925998690242,1499,238,pitch_type_specific,Sinker
"Donnan, Blake",1000557509.0,FLO_Y'A,Sinker,R,84,36,45.5536773065524,29.404060248853963,1079,148,72,Soft-Speed Separation,0,6.63393405882353,17.410706529411765,90.71703041176472,1977.765043529412,5.86023205882353,5.3765358823529406,3.306970117647059,43.72956222632006,28.04059794771749,1.8009168303863783,1500,239,pitch_type_specific,Sinker
"Donnan, Blake",1000557509.0,FLO_Y'A,Sinker,L,86,36,39.983656868235855,8.70988867059594,1395,216,103,Soft-Speed Separation,0,6.63393405882353,17.410706529411765,90.71703041176472,1977.765043529412,5.86023205882353,5.3765358823529406,3.306970117647059,43.72956222632006,28.04059794771749,1.8009168303863783,1501,240,pitch_type_specific,Sinker
"Petschke, Ben",814386.0,EVA_OTT,Sinker,R,42,13,60.79459522773224,92.40340537000657,117,10,7,Soft-Speed Separation,0,6.468652777777778,13.088656851851852,89.98394870370372,2109.943116666667,5.271904814814815,5.747767962962963,2.0461435185185186,43.71425026024932,27.984675902321378,1.7026850032743943,1502,241,pitch_type_specific,Sinker
"Smith, Jackson",1000333915.0,MIS_MUD,Cutter,R,55,33,50.82379341440762,57.89129011132941,644,25,13,Tight High-Spin Breakers,1,3.316516288659794,4.987334639175257,81.69547742268041,2426.670407216495,5.076511546391753,4.130102989690721,4.113132164948453,43.68510383492195,27.878227931318726,1.60445317616241,1503,65,pitch_type_specific,Cutter
"Smith, Jackson",1000333915.0,MIS_MUD,Cutter,L,42,33,50.3241399437381,54.94433529796987,689,28,14,Tight High-Spin Breakers,1,3.316516288659794,4.987334639175257,81.69547742268041,2426.670407216495,5.076511546391753,4.130102989690721,4.113132164948453,43.68510383492195,27.878227931318726,1.60445317616241,1504,66,pitch_type_specific,Cutter
"Shears, Tanner",808632.0,SCH_BOO,Sinker,R,48,13,47.68406471602411,41.71578258022266,891,109,54,Soft-Speed Separation,0,12.9215565,14.669260166666668,92.657025,1945.3647083333333,5.305456166666668,5.785111666666666,2.424853833333333,43.66748938994034,27.813896820125187,1.5062213490504257,1505,242,pitch_type_specific,Sinker
"Perez, Kelvin",692487.0,WAS_WIL3,Sinker,R,52,39,40.37498556083103,9.954158480681077,1376,210,108,Soft-Speed Separation,0,9.571834128440369,13.999085412844035,88.97047779816513,2029.582404587156,6.007319266055046,5.802465321100917,1.4656112844036695,43.57777310585223,27.486236865265916,1.4079895219384413,1506,243,pitch_type_specific,Sinker
"Perez, Kelvin",692487.0,WAS_WIL3,Sinker,L,57,39,39.78138580094538,8.447937131630647,1399,218,104,Soft-Speed Separation,0,9.571834128440369,13.999085412844035,88.97047779816513,2029.582404587156,6.007319266055046,5.802465321100917,1.4656112844036695,43.57777310585223,27.486236865265916,1.4079895219384413,1507,244,pitch_type_specific,Sinker
"Fritz, AJ",1000059998.0,MIS_MUD,Sinker,L,33,21,54.81013648272302,76.35887360838245,362,26,12,Soft-Speed Separation,0,6.806056727272727,16.46859309090909,88.40326127272726,2041.500036363636,5.3931178181818185,5.273014909090909,1.3977010909090908,43.37293529872692,26.738132467961254,1.309757694826457,1508,245,pitch_type_specific,Sinker
"Townes, Holland",830218.0,SCH_BOO,Cutter,R,35,15,34.12941595699833,1.768172888015717,1501,67,35,Tight High-Spin Breakers,1,3.3133711475409835,-2.0452134426229507,83.70917655737705,2144.916104918033,4.945846557377049,5.81316131147541,2.6347473770491807,43.256526552465374,26.312986855512314,1.2115258677144727,1509,67,pitch_type_specific,Cutter
"Townes, Holland",830218.0,SCH_BOO,Cutter,L,26,15,32.794608326709465,1.309757694826457,1508,68,33,Tight High-Spin Breakers,1,3.3133711475409835,-2.0452134426229507,83.70917655737705,2144.916104918033,4.945846557377049,5.81316131147541,2.6347473770491807,43.256526552465374,26.312986855512314,1.2115258677144727,1510,68,pitch_type_specific,Cutter
"Reeves, Cobe",802696.0,NEW_YOR13,Sinker,L,52,60,51.53717730405398,61.75507531106745,585,61,32,Soft-Speed Separation,0,8.930309336734693,-15.034104285714283,90.23275918367348,1825.6080698979592,6.00039918367347,6.070248469387756,-1.2963945918367348,43.20783962039981,26.13517345045452,1.080550098231827,1511,246,pitch_type_specific,Sinker
"Reeves, Cobe",802696.0,NEW_YOR13,Sinker,R,144,60,48.990175087082086,48.78847413228552,783,97,46,Soft-Speed Separation,0,8.930309336734693,-15.034104285714283,90.23275918367348,1825.6080698979592,6.00039918367347,6.070248469387756,-1.2963945918367348,43.20783962039981,26.13517345045452,1.080550098231827,1512,247,pitch_type_specific,Sinker
"Kaftan, Eddie",1000557510.0,FLO_Y'A,Sinker,R,73,47,42.61407915951572,16.764898493778652,1272,181,89,Soft-Speed Separation,0,7.365577890625,13.63220859375,85.993164609375,2034.82365703125,5.43450140625,5.7283247656250005,1.81914140625,43.19563369524799,26.090595223381136,0.9495743287491815,1513,248,pitch_type_specific,Sinker
"Kaftan, Eddie",1000557510.0,FLO_Y'A,Sinker,L,55,47,40.673257672374575,10.674525212835626,1365,207,102,Soft-Speed Separation,0,7.365577890625,13.63220859375,85.993164609375,2034.82365703125,5.43450140625,5.7283247656250005,1.81914140625,43.19563369524799,26.090595223381136,0.9495743287491815,1514,249,pitch_type_specific,Sinker
"Pierson, Kenny",1000055344.0,LAK_ERI24,Sinker,L,60,66,52.712018771879855,67.38703339882122,499,52,27,Tight High-Spin Breakers,1,0.3974289519650655,-17.620113755458515,81.05780969432315,1765.0535283842794,4.800602576419214,4.471481397379913,-3.145826768558952,42.64378496650596,24.075144724214507,0.8185985592665358,1515,250,pitch_type_specific,Sinker
"Pierson, Kenny",1000055344.0,LAK_ERI24,Sinker,R,169,66,51.51555837681887,61.55861165684349,588,62,30,Tight High-Spin Breakers,1,0.3974289519650655,-17.620113755458515,81.05780969432315,1765.0535283842794,4.800602576419214,4.471481397379913,-3.145826768558952,42.64378496650596,24.075144724214507,0.8185985592665358,1516,251,pitch_type_specific,Sinker
"Hill, Kaleb",1000371973.0,OTT_TIT,Sinker,L,130,141,42.25932530161566,15.455140798952192,1292,185,95,Soft-Speed Separation,0,10.62296018469657,-15.528775831134563,89.72371002638522,1883.159791292876,5.522278179419525,6.257856279683377,-2.93042073878628,42.560122839444816,23.76959563627677,0.68762278978389,1517,252,pitch_type_specific,Sinker
"Hill, Kaleb",1000371973.0,OTT_TIT,Sinker,R,249,141,39.54296074027033,7.858546168958743,1408,222,117,Soft-Speed Separation,0,10.62296018469657,-15.528775831134563,89.72371002638522,1883.159791292876,5.522278179419525,6.257856279683377,-2.93042073878628,42.560122839444816,23.76959563627677,0.68762278978389,1518,253,pitch_type_specific,Sinker
"Orth, Harry",1000145875.0,SCH_BOO,Sinker,L,38,22,47.22195492320347,39.29273084479371,928,120,61,Soft-Speed Separation,0,13.147682456140352,15.410034385964911,90.94288087719298,1962.8263649122805,6.235345087719298,6.242934035087719,1.24969350877193,42.50844636642165,23.580863891642462,0.5893909626719057,1519,254,pitch_type_specific,Sinker
"Thornton, Tyler",1000429124.0,NEW_ENG23,Sinker,R,63,43,36.27357966307973,2.619515389652914,1488,252,128,Soft-Speed Separation,0,9.682404710743802,14.797382975206611,84.70428388429751,1955.811047107438,5.526788595041323,6.163176942148761,1.8760646280991733,41.879253400148436,21.28293836984556,0.4911591355599214,1520,255,pitch_type_specific,Sinker
"Thornton, Tyler",1000429124.0,NEW_ENG23,Sinker,L,58,43,31.81737088560321,0.91683038637852,1514,258,129,Soft-Speed Separation,0,9.682404710743802,14.797382975206611,84.70428388429751,1955.811047107438,5.526788595041323,6.163176942148761,1.8760646280991733,41.879253400148436,21.28293836984556,0.4911591355599214,1521,256,pitch_type_specific,Sinker
"Leach, Landon",667743.0,TRO_AIG,Sinker,R,47,21,45.69251638371166,30.189914865749834,1067,143,69,Soft-Speed Separation,0,9.64971887096774,11.455844838709677,91.74517951612904,1912.2826467741927,5.696591129032258,5.971672419354839,1.2537033870967742,41.83186746437035,21.10987643648724,0.3929273084479371,1522,257,pitch_type_specific,Sinker
"Okumura, Shuto",1000232749.0,WAS_WIL3,Four-Seam,R,35,22,46.63712446298196,35.8218729535036,981,316,169,Tight High-Spin Breakers,1,6.063611166666666,7.5925785,75.28482183333334,1756.9534733333337,5.557541333333333,3.995071833333333,2.741205,41.60659756743239,20.287150383886217,0.29469548133595286,1523,497,pitch_type_specific,Four-Seam
"Okumura, Shuto",1000232749.0,WAS_WIL3,Four-Seam,L,25,22,40.868966740628615,11.394891944990176,1354,452,216,Tight High-Spin Breakers,1,6.063611166666666,7.5925785,75.28482183333334,1756.9534733333337,5.557541333333333,3.995071833333333,2.741205,41.60659756743239,20.287150383886217,0.29469548133595286,1524,498,pitch_type_specific,Four-Seam
"Sabatine, Gino",1000229070.0,TRI_VAL,Sinker,L,36,19,58.689239637658034,87.42632612966601,193,13,6,Soft-Speed Separation,0,9.458431296296297,14.015529629629633,88.18236296296297,1890.242353703704,5.026216851851852,5.866474259259259,1.8490603703703703,41.482338241003106,20.0,0.19646365422396855,1525,258,pitch_type_specific,Sinker
"Vailes, Gage",1000050773.0,GAT_GRI,Sinker,R,203,128,49.271162152932405,49.770792403405366,768,93,44,Soft-Speed Separation,0,7.586802144702843,16.140045762273903,90.08538271317828,1957.464496124031,5.0381539793281656,5.740348242894058,1.4992307751937983,41.33264790926541,20.0,0.09823182711198428,1526,259,pitch_type_specific,Sinker
"Vailes, Gage",1000050773.0,GAT_GRI,Sinker,L,184,128,45.08401462629255,26.52259332023576,1123,156,79,Soft-Speed Separation,0,7.586802144702843,16.140045762273903,90.08538271317828,1957.464496124031,5.0381539793281656,5.740348242894058,1.4992307751937983,41.33264790926541,20.0,0.09823182711198428,1527,260,pitch_type_specific,Sinker
