pitcher_name,pitcher_id,pitcher_team,pitch_type,batter_side,pitch_count,batted_ball_count,xwoba_frontier,woba_value,whiff_pct,hardhit_pct,movement_quality_20_80,location_score_20_80
"Perez, Kelvin",692487.0,WAS_WIL3,Slider,R,45,13,0.15310642934779906,0.06126666666666667,0.3333333333333333,0.2,70.80985915492957,80.0
"Harper, Scott",1000241275.0,NEW_YOR13,Slider,R,98,20,0.1337884399077468,0.04164285714285714,0.4722222222222222,0.0,77.99295774647887,67.26230431313046
"Bargo, Casey",1000492781.0,NEW_ENG23,Slider,R,29,16,0.17540694898244336,0.0,0.1111111111111111,0.0,66.16197183098592,72.26695538340013
"Davis, Tyler",824623.0,WIN_CIT29,Four-Seam,R,33,19,0.09399700442270648,0.11296969696969696,0.08333333333333333,0.0,39.647887323943664,70.26463096482394
"Grounds, Jackson",805984.0,DOW_EAS1,Curveball,R,43,10,0.10738051528057468,0.03706976744186046,0.375,0.0,66.37323943661971,52.06681073826222
"Escobar, Anthony",678673.0,TRO_AIG,Changeup,L,79,23,0.11400230484239417,0.03148101265822785,0.34146341463414637,0.045454545454545456,60.45774647887324,57.49912063586872
"Grounds, Jackson",805984.0,DOW_EAS1,Four-Seam,R,48,27,0.20451253439307043,0.10654166666666666,0.2916666666666667,0.14285714285714285,21.901408450704224,67.15106232605598
"Carroll, Jake",1000088275.0,JOL_SLA,Slider,L,40,11,0.21724284203154778,0.057374999999999995,0.08333333333333333,0.0,75.56338028169014,46.06009456167548
"Alpern, Liam",1000137537.0,FLO_Y'A,Slider,L,38,16,0.05980120822685141,0.038526315789473686,0.0,0.0,71.86619718309859,58.77721710715897
"Ryan, Dillon",1000132418.0,NEW_ENG23,Slider,R,39,18,0.17716514583831222,0.07761538461538461,0.4,0.0,63.73239436619718,53.356292057935
"Grounds, Jackson",805984.0,DOW_EAS1,Four-Seam,L,59,27,0.10306855478312096,0.07832203389830508,0.21739130434782608,0.07692307692307693,21.901408450704224,60.89859808682978
"Grounds, Jackson",805984.0,DOW_EAS1,Curveball,L,39,10,0.100496322926745,0.07841025641025641,0.45454545454545453,0.0,66.37323943661971,42.41870278977596
"Kirby, Zach",813716.0,WAS_WIL3,Slider,R,102,32,0.16827850167882216,0.028911764705882352,0.20454545454545456,0.03125,77.88732394366197,68.95513889184417
"McEvoy, Aidan",1000079355.0,FLO_Y'A,Slider,L,51,20,0.1544330181973326,0.09,0.5,0.08333333333333333,65.8450704225352,53.08925206072458
"Smith, Jackson",1000333915.0,MIS_MUD,Slider,R,52,21,0.17659474829151925,0.034346153846153846,0.21428571428571427,0.047619047619047616,77.25352112676056,65.8777937121154
"Correa, Nelvin",673388.0,QUE_CAP,Cutter,R,28,19,0.09928432251984698,0.07342857142857143,0.42857142857142855,0.0,51.05633802816901,52.31011122134708
"Davis, Tyler",824623.0,WIN_CIT29,Four-Seam,L,43,19,0.1324792056148492,0.048906976744186044,0.35714285714285715,0.125,39.647887323943664,55.96434134216363
"Ryan, Dillon",1000132418.0,NEW_ENG23,Slider,L,54,18,0.1299758151273177,0.029518518518518517,0.30434782608695654,0.0,63.73239436619718,47.23886923892709
"Jones, Logan",814785.0,TRI_VAL,Slider,L,33,17,0.1763626552040433,0.10242424242424242,0.1875,0.1,63.20422535211267,54.275960416226994
"Harajli, Ahmad",800677.0,FLO_Y'A,Slider,R,39,17,0.071910210032071,0.041666666666666664,0.3333333333333333,0.0,69.33098591549296,61.98219249820151
"Donnan, Blake",1000557509.0,FLO_Y'A,Slider,R,52,10,0.18593542275738822,0.08623076923076924,0.5,0.1,73.2394366197183,62.72048842698457
"Webster, Evan",804248.0,FLO_Y'A,Cutter,L,70,24,0.1261458150471697,0.06764285714285714,0.25806451612903225,0.1,57.6056338028169,46.39497306360392
"Vitas, Ben",1000076969.0,JOL_SLA,Splitter,L,38,10,0.15016854682757655,0.0,0.5,0.0,45.77464788732394,45.919396067245536
"Webster, Evan",804248.0,FLO_Y'A,Slider,L,36,11,0.0768159481983343,0.01947222222222222,0.1875,0.0,67.21830985915493,53.32059988702851
"Willeman, Landon",812254.0,EVA_OTT,Changeup,L,80,38,0.1469337394210044,0.0469,0.2549019607843137,0.07142857142857142,49.26056338028169,60.16066124946938
"Maietta, Dante",1000137704.0,WIN_CIT29,Changeup,L,68,19,0.14095878506783494,0.060014705882352935,0.5151515151515151,0.0,67.32394366197182,63.50211594573612
"Cameron, Zach",1000084075.0,WIN_CIT29,Four-Seam,R,34,24,0.1479353664958131,0.06276470588235294,0.21428571428571427,0.08333333333333333,37.00704225352112,64.78856725357792
"Foster, Kobe",816330.0,WAS_WIL3,Slider,L,76,26,0.1312563552394846,0.035250000000000004,0.29411764705882354,0.09090909090909091,72.7112676056338,49.05553619448903
"Peyton, Blake",1000017005.0,GAT_GRI,Changeup,R,59,17,0.12767375372113193,0.04215254237288136,0.32142857142857145,0.0625,65.7394366197183,51.84694817857077
"Alpern, Liam",1000137537.0,FLO_Y'A,Slider,R,40,16,0.1653826535182116,0.06294999999999999,0.25,0.25,71.86619718309859,45.73840013823334
"Nakata, Yuto",1000432352.0,QUE_CAP,Slider,R,50,14,0.1500553477041235,0.03188,0.3333333333333333,0.0,70.70422535211267,62.697729599124976
"Long, Maddox",1000248716.0,WAS_WIL3,Slider,R,111,28,0.16749879344202573,0.0,0.391304347826087,0.13043478260869565,70.59859154929578,67.53451252302241
"Jones, Logan",814785.0,TRI_VAL,Slider,R,32,17,0.2080729466360403,0.02790625,0.3,0.14285714285714285,63.20422535211267,48.538679571577134
"Wehrle, Tyler",806332.0,WIN_CIT29,Four-Seam,L,75,46,0.14185240131534393,0.042506666666666665,0.4,0.07142857142857142,26.338028169014084,76.49223680708934
"Lefebvre, Charles",1000429097.0,TRO_AIG,Slider,R,53,12,0.13302927255273506,0.016849056603773584,0.35714285714285715,0.0,67.95774647887325,70.96095326243875
"Foster, Kobe",816330.0,WAS_WIL3,Four-Seam,L,88,83,0.19653867864387958,0.028261363636363637,0.18,0.10810810810810811,55.49295774647887,71.20767380398138
"Still, Stephen",1000338771.0,TRI_VAL,Sinker,R,50,18,0.24993752413051892,0.08224000000000001,0.25,0.15384615384615385,47.99295774647888,57.31598581830667
"Nova, Fraynel",805843.0,LAK_ERI24,Slider,R,100,35,0.16886602913141865,0.03572,0.34210526315789475,0.10526315789473684,72.2887323943662,80.0
"Perozzi, John",1000377762.0,SUS_COU1,Slider,R,46,19,0.19708787851157444,0.0547391304347826,0.5357142857142857,0.2,61.09154929577465,75.97586601885592
"Bargo, Casey",1000492781.0,NEW_ENG23,Slider,L,27,16,0.17938745409307685,0.033074074074074075,0.375,0.0,66.16197183098592,46.79039459803166
"Sechrist, Zander",801415.0,WAS_WIL3,Curveball,R,37,20,0.1425181772587812,0.04827027027027027,0.13636363636363635,0.07142857142857142,79.36619718309859,54.7528744244536
"Garcia, Hector",815312.0,WAS_WIL3,Splitter,L,59,13,0.1850959076781529,0.015135593220338984,0.42424242424242425,0.07692307692307693,60.88028169014084,46.64539013615478
"Webster, Evan",804248.0,FLO_Y'A,Cutter,R,29,24,0.18809176919084164,0.0,0.3333333333333333,0.0,57.6056338028169,38.18015312105749
"Sesar, Jorden",813853.0,SUS_COU1,Curveball,R,53,17,0.20995842750101537,0.04692452830188679,0.13333333333333333,0.0,79.47183098591549,57.90627676567885
"Correa, Nelvin",673388.0,QUE_CAP,Cutter,L,40,19,0.15838469893665258,0.057374999999999995,0.2608695652173913,0.08333333333333333,51.05633802816901,40.71431657009041
"Cartwright, Eli",1000304859.0,GAT_GRI,Four-Seam,L,42,30,0.17772665409365562,0.030119047619047618,0.4166666666666667,0.07692307692307693,46.40845070422535,66.4704478586304
"Harris, Ben",1000390130.0,GAT_GRI,Curveball,R,86,10,0.22570295812897082,0.016662790697674415,0.35714285714285715,0.2,71.97183098591549,53.20351409369395
"Whitesell, Max",1000223610.0,FLO_Y'A,Slider,R,77,38,0.16095926377175668,0.0821948051948052,0.2926829268292683,0.1111111111111111,64.7887323943662,75.31653478451821
"Rodriguez, Joe Joe",689487.0,NEW_JER6,Four-Seam,L,27,19,0.09626735042918914,0.025962962962962962,0.2222222222222222,0.0,25.070422535211268,60.53143554525272
"Shears, Tanner",808632.0,SCH_BOO,Four-Seam,R,67,19,0.21141333068204274,0.05517910447761194,0.2777777777777778,0.0,21.16197183098592,68.9122036141215
"Mercado, Nelson",683319.0,OTT_TIT,Four-Seam,R,42,27,0.1932439315470245,0.1448809523809524,0.16666666666666666,0.058823529411764705,38.16901408450704,71.47435170474058
"Vailes, Gage",1000050773.0,GAT_GRI,Slider,R,125,49,0.1896882977803214,0.053984,0.3793103448275862,0.0967741935483871,71.44366197183099,69.79430503128435
"Cohn, Cooper",1000301881.0,NIU_HUS,Slider,R,27,12,0.19046361559196837,0.0,0.4,0.0,77.35915492957747,75.2734177340707
"Lawson, Nathan",1000569348.0,FLO_Y'A,Sinker,L,28,15,0.12380050179695447,0.07342857142857143,0.125,0.16666666666666666,35.0,64.45805910090846
"McEvoy, Aidan",1000079355.0,FLO_Y'A,Slider,R,27,20,0.1227504616896846,0.025962962962962962,0.4,0.0,65.8450704225352,36.24206508873769
"Perez, Kelvin",692487.0,WAS_WIL3,Four-Seam,R,27,17,0.16698023289308855,0.13211111111111112,0.1111111111111111,0.125,35.84507042253521,52.06797526325341
"Maietta, Dante",1000137704.0,WIN_CIT29,Changeup,R,44,19,0.18780821123692507,0.07654545454545454,0.5,0.0,67.32394366197182,52.829391245157446
"Morin, Jacob",822351.0,QUE_CAP,Slider,R,60,20,0.17962375362996807,0.0765,0.2916666666666667,0.07142857142857142,78.09859154929578,58.256479092677054
"Duby, Bill",1000270408.0,NEW_JER6,Slider,R,38,24,0.15173270542404427,0.09007894736842105,0.09523809523809523,0.0625,68.80281690140845,71.57115664677224
"Mannering, Shawn",1000457814.0,DOW_EAS1,Sinker,R,32,15,0.20601094846302834,0.1361875,0.15384615384615385,0.08333333333333333,30.24647887323944,62.146394234719246
"Hagan, Jack",699522.0,DOW_EAS1,Slider,R,73,28,0.2937930542849532,0.083,0.2903225806451613,0.125,65.2112676056338,73.6811970861693
"Garcia, Hector",815312.0,WAS_WIL3,Slider,R,36,12,0.1785896966068122,0.024805555555555556,0.5263157894736842,0.0,77.78169014084506,74.07146871913528
"Heredia-Bustos, Rolando",837343.0,DOW_EAS1,Slider,R,181,103,0.1819012750610084,0.06467403314917126,0.2553191489361702,0.13114754098360656,75.03521126760563,68.61652167673576
"Rodriguez, Joe Joe",689487.0,NEW_JER6,Four-Seam,R,28,19,0.2814514819173454,0.13399999999999998,0.25,0.14285714285714285,25.070422535211268,54.1168726299247
"Zentko, Dylan",1000303828.0,EVA_OTT,Four-Seam,L,41,19,0.10668545299810535,0.05673170731707317,0.125,0.0,49.366197183098585,64.28267361946673
"Leak, Anthony",1000264276.0,NEW_YOR13,Slider,R,94,33,0.20114509855653398,0.04928723404255319,0.3125,0.15789473684210525,69.01408450704226,72.03200070436061
"Wiltse, Ryan",813813.0,EVA_OTT,Changeup,R,29,32,0.17909991720824955,0.08724137931034483,0.2222222222222222,0.1111111111111111,65.3169014084507,51.2333200232081
"Widener, Jacob",683179.0,SUS_COU1,Sinker,L,28,22,0.11906564464911189,0.2087857142857143,0.21428571428571427,0.1,57.07746478873239,50.055792140315255
"Dill, Austin",1000429156.0,TRI_VAL,Slider,R,60,19,0.2099642668301951,0.0893,0.2727272727272727,0.0625,73.76760563380282,68.68055375905314
"Foster, Kobe",816330.0,WAS_WIL3,Four-Seam,R,164,83,0.17721309747697325,0.031236363636363635,0.3466666666666667,0.08695652173913043,55.49295774647887,59.63563679740177
"Moreno, Jose",1000306184.0,DOW_EAS1,Changeup,L,28,12,0.16872511817232058,0.031892857142857146,0.35714285714285715,0.0,55.598591549295776,51.680038100118686
"Mannering, Shawn",1000457814.0,DOW_EAS1,Sinker,L,27,15,0.45287297324705555,0.2201851851851852,0.4,0.3333333333333333,30.24647887323944,58.910102959583625
"Zaffiro, Cole",10994263.0,SCH_BOO,Four-Seam,L,44,23,0.1509662329118939,0.06809090909090909,0.2631578947368421,0.0,32.78169014084507,60.77645206222834
"MacMillan, Blake",832350.0,TRO_AIG,Four-Seam,R,54,28,0.16442133672239465,0.016537037037037038,0.4230769230769231,0.13333333333333333,50.1056338028169,61.2038059740878
"Harris, Ben",1000390130.0,GAT_GRI,Curveball,L,52,10,0.20498186510416255,0.01348076923076923,0.42857142857142855,0.0,71.97183098591549,43.47384176623967
"Cooper, Garrett",1000327042.0,NEW_YOR13,Changeup,L,73,25,0.19072136151564645,0.10139726027397261,0.27586206896551724,0.125,63.41549295774647,59.6439538347632
"Cameron, Zach",1000084075.0,WIN_CIT29,Four-Seam,L,30,24,0.24508815179221455,0.0893,0.13333333333333333,0.25,37.00704225352112,48.52553955725926
"Rodriguez, Joe Joe",689487.0,NEW_JER6,Changeup,L,41,11,0.12797122363673222,0.038878048780487805,0.391304347826087,0.0,54.96478873239436,44.21834348259691
"Zaffiro, Cole",10994263.0,SCH_BOO,Four-Seam,R,64,23,0.17968353308513096,0.10684375,0.45454545454545453,0.08333333333333333,32.78169014084507,59.70414360601672
"Cerda, Junior",693702.0,EVA_OTT,Sinker,R,26,20,0.16102794188461145,0.0625,0.0,0.0,20.528169014084508,51.805998381230125
"Herbert, Andrew",1000083218.0,WAS_WIL3,Four-Seam,L,35,17,0.17959746716899222,0.025514285714285715,0.14285714285714285,0.0,32.359154929577464,69.59130933088365
"Colon, Jeffrey",681738.0,TRO_AIG,Sinker,R,26,17,0.08268679527460947,0.09565384615384616,0.125,0.0,25.70422535211268,53.49388244572844
"Plumadore, Carson",1000207816.0,WIN_CIT29,Sinker,R,32,24,0.2388760539906727,0.02190625,0.23076923076923078,0.1111111111111111,38.38028169014085,58.69285126403744
"Long, Jalon",809215.0,NEW_YOR13,Slider,R,62,17,0.20127244857440618,0.02040322580645161,0.3333333333333333,0.08333333333333333,56.65492957746479,55.20595225090219
"Villers, Ian",677351.0,QUE_CAP,Slider,R,52,11,0.16700522750422428,0.03065384615384615,0.5263157894736842,0.0,67.11267605633802,64.41422920032686
"Vega, Lucas",837223.0,TRO_AIG,Slider,R,51,18,0.18507919662452513,0.09437254901960784,0.3181818181818182,0.07142857142857142,78.41549295774647,65.1050896747673
"Wehrle, Tyler",806332.0,WIN_CIT29,Four-Seam,R,152,46,0.20868062969240816,0.08520394736842105,0.3157894736842105,0.09375,26.338028169014084,61.65264624272593
"Messina, Chris",10179238.0,FDU_KNI,Changeup,R,52,16,0.21161717807299005,0.10753846153846153,0.21052631578947367,0.09090909090909091,65.63380281690141,49.18213698079166
"Thompson, Ross",1000103401.0,SCH_BOO,Slider,R,111,34,0.2212229044925624,0.040225225225225224,0.35714285714285715,0.12903225806451613,69.85915492957747,70.00253402329646
"McCartney, Seth",823530.0,MIS_MUD,Slider,R,36,10,0.19135013991623998,0.04427777777777778,0.3,0.14285714285714285,69.43661971830986,80.0
"Hensey, Rob",802996.0,SUS_COU1,Changeup,R,119,25,0.16936554917876992,0.05091596638655462,0.49206349206349204,0.041666666666666664,58.978873239436616,38.53962576022228
"Willeman, Landon",812254.0,EVA_OTT,Changeup,R,32,38,0.1968122784924986,0.049812499999999996,0.21428571428571427,0.1,49.26056338028169,40.17260185608526
"Martinez, Mason",809209.0,TRI_VAL,Slider,R,71,29,0.17321976165085348,0.11429577464788733,0.26666666666666666,0.05,60.03521126760564,64.07110916691325
"Dill, Austin",1000429156.0,TRI_VAL,Changeup,L,107,36,0.22010217454766304,0.11378504672897195,0.34,0.19230769230769232,56.232394366197184,71.20745885840302
"Colon, Jeffrey",681738.0,TRO_AIG,Sinker,L,30,17,0.2912812543427689,0.15143333333333334,0.2727272727272727,0.5714285714285714,25.70422535211268,51.51799563912347
"Wiltse, Ryan",813813.0,EVA_OTT,Changeup,L,78,32,0.19070815395171398,0.052871794871794865,0.43478260869565216,0.043478260869565216,65.3169014084507,46.23308385983029
"Garcia, Andrew",1000190083.0,EVA_OTT,Slider,R,109,30,0.13485880655282978,0.019577981651376145,0.2727272727272727,0.0,68.06338028169014,63.05624011888068
"Armstrong, Andrew",803262.0,NEW_YOR13,Slider,L,40,13,0.21870069319912452,0.066975,0.35294117647058826,0.125,71.7605633802817,55.18494677149423
"Boies, Emiles",1000429129.0,QUE_CAP,Changeup,R,34,38,0.1773075505719663,0.09467647058823529,0.3888888888888889,0.18181818181818182,55.809859154929576,43.712579113322846
"Widener, Jacob",683179.0,SUS_COU1,Four-Seam,L,26,18,0.18375435709022034,0.11523076923076923,0.4444444444444444,0.0,54.54225352112676,55.02912698923511
"Kines, Gunnar",665129.0,JOL_SLA,Four-Seam,R,131,78,0.15843134713349238,0.03674045801526717,0.1935483870967742,0.024390243902439025,58.45070422535211,66.68360728199697
"Foster, Kobe",816330.0,WAS_WIL3,Changeup,R,112,31,0.19161592398399477,0.06074107142857143,0.4647887323943662,0.06451612903225806,68.69718309859155,44.9727650772906
"Baird, Dustin",1000027580.0,MIS_MUD,Slider,R,34,10,0.18931064044007823,0.10470588235294116,0.5384615384615384,0.25,74.29577464788733,56.93290344590859
"Anderson, Colt",1000568252.0,WAS_WIL3,Four-Seam,L,37,37,0.29256802594795844,0.12554054054054054,0.35294117647058826,0.2,50.0,57.38549150620119
"Blair, Davis",836357.0,DOW_EAS1,Slider,R,61,19,0.29578612904049195,0.14432786885245902,0.1875,0.2222222222222222,66.26760563380282,79.19927304543651
"Cook, Cole",1000161363.0,SCH_BOO,Slider,L,87,24,0.1937795676956906,0.0636551724137931,0.56,0.0,70.07042253521126,58.84338317587115
"Kines, Gunnar",665129.0,JOL_SLA,Four-Seam,L,121,78,0.23068647952276913,0.09447107438016528,0.288135593220339,0.1891891891891892,58.45070422535211,66.10648468669974
"Morin, Jacob",822351.0,QUE_CAP,Slider,L,25,20,0.2689478549149789,0.1352,0.3333333333333333,0.16666666666666666,78.09859154929578,47.566342223692864
"Bice, Emmett",828456.0,NEW_YOR13,Slider,R,83,62,0.2806787455820044,0.05813253012048192,0.3783783783783784,0.17647058823529413,66.79577464788733,67.69148708167566
"Gamelin, Shaun",815222.0,JOL_SLA,Slider,R,31,12,0.19920622787048994,0.09512903225806452,0.4166666666666667,0.16666666666666666,65.0,75.82791609467722
"Langhorne, Miles",695680.0,SUS_COU1,Four-Seam,R,40,21,0.28612620195800204,0.108075,0.17647058823529413,0.0,27.3943661971831,61.34185229592591
"Langhorne, Miles",695680.0,SUS_COU1,Four-Seam,L,30,21,0.2133640555639433,0.0953,0.0,0.16666666666666666,27.3943661971831,61.32461728087062
"Langhorne, Miles",695680.0,SUS_COU1,Slider,R,31,14,0.2069076672749857,0.028806451612903225,0.47058823529411764,0.125,60.24647887323944,61.4098372504434
"Toribio, Noe",672848.0,TRO_AIG,Slider,R,68,22,0.17166812937605047,0.030235294117647058,0.17857142857142858,0.058823529411764705,64.57746478873239,53.93054377980008
"Petschke, Ben",814386.0,EVA_OTT,Slider,R,73,35,0.19936306932184344,0.05853424657534246,0.125,0.08695652173913043,72.8169014084507,64.26452497979763
"Eisenbarger, Jack",1000570067.0,QUE_CAP,Four-Seam,L,50,17,0.14504886467143818,0.06736,0.35714285714285715,0.1111111111111111,55.281690140845065,52.79485036723391
"Quigley, Michael",808828.0,NEW_ENG23,Four-Seam,R,61,38,0.1789452198332792,0.03762295081967213,0.37037037037037035,0.1875,23.06338028169014,57.665150776228224
"Villers, Ian",677351.0,QUE_CAP,Splitter,R,25,20,0.05913304070062297,0.0,0.5625,0.0,45.88028169014085,46.40134596095608
"Brito, Richard",695870.0,NEW_ENG23,Slider,R,36,10,0.15910536081664203,0.03894444444444444,0.45454545454545453,0.0,72.18309859154928,60.607562680021886
"Ginn, Landon",701061.0,WAS_WIL3,Four-Seam,R,44,36,0.18000475701922003,0.16036363636363637,0.15,0.15384615384615385,35.2112676056338,71.56813734608693
"Shears, Tanner",808632.0,SCH_BOO,Four-Seam,L,61,19,0.1765161771441845,0.06162295081967213,0.5238095238095238,0.0,21.16197183098592,52.32080925315094
"Hill, Kaleb",1000371973.0,OTT_TIT,Curveball,R,79,43,0.2227595329099945,0.06940506329113924,0.2857142857142857,0.14285714285714285,76.30281690140845,45.69331834378171
"Plumadore, Carson",1000207816.0,WIN_CIT29,Sinker,L,47,24,0.12207116372432882,0.014914893617021276,0.19047619047619047,0.0,38.38028169014085,51.76748155550652
"Gregory, Ben",833406.0,GAT_GRI,Sinker,L,31,21,0.15218679106518895,0.05141935483870967,0.4,0.1111111111111111,39.11971830985915,62.77191669097644
"Pindel, Buddie",1000054422.0,SCH_BOO,Splitter,R,30,28,0.20985645553489432,0.15246666666666667,0.1,0.2,54.33098591549295,46.91037901869306
"Pindel, Buddie",1000054422.0,SCH_BOO,Splitter,L,50,28,0.23609094276992842,0.08161999999999998,0.3181818181818182,0.07692307692307693,54.33098591549295,46.68142378952912
"Pierson, Kenny",1000055344.0,LAK_ERI24,Sinker,R,69,27,0.19286622543392323,0.04620289855072463,0.0,0.13636363636363635,69.64788732394366,53.02355978960176
"Widener, Jacob",683179.0,SUS_COU1,Sinker,R,37,22,0.19909544787953695,0.062027027027027025,0.35,0.08333333333333333,57.07746478873239,39.84632589211966
"Widener, Jacob",683179.0,SUS_COU1,Four-Seam,R,34,18,0.22701057573206873,0.07314705882352941,0.125,0.07692307692307693,54.54225352112676,50.09347376607697
"Villers, Ian",677351.0,QUE_CAP,Splitter,L,39,20,0.30573170277637907,0.11448717948717949,0.3076923076923077,0.15384615384615385,45.88028169014085,44.01061690826141
"Binns, Malik",702238.0,NEW_JER6,Four-Seam,R,25,17,0.16657203900656514,0.05392307692307692,0.14285714285714285,0.3333333333333333,29.718309859154928,80.0
"Belton, Hunter",10294453.0,MIS_MUD,Slider,R,75,22,0.2366974836476728,0.09869333333333334,0.3939393939393939,0.2,74.92957746478872,76.29150906779236
"Joven, Art",1000048892.0,MIS_MUD,Slider,R,68,34,0.2080032287466873,0.1199705882352941,0.22580645161290322,0.29411764705882354,73.66197183098592,57.40945390814792
"Kelly, Colin",1000456530.0,SUS_COU1,Four-Seam,R,49,30,0.2409727312017841,0.1159591836734694,0.13636363636363635,0.11764705882352941,28.767605633802816,58.16885765270288
"Westcott, Zac",686170.0,FLO_Y'A,Four-Seam,R,124,88,0.21793994559933888,0.10135483870967742,0.13559322033898305,0.1590909090909091,43.97887323943662,63.862146554618576
"Foy, Corbin",813822.0,LAK_ERI24,Four-Seam,R,47,19,0.18166357990057014,0.15406382978723404,0.2,0.1,32.46478873239437,42.566837899542826
"Cartwright, Eli",1000304859.0,GAT_GRI,Four-Seam,R,79,30,0.178332113879763,0.08873417721518988,0.13636363636363635,0.11764705882352941,46.40845070422535,45.85867832172607
"Smith, Ethan",680733.0,WIN_CIT29,Slider,R,30,12,0.21811439988620995,0.08889999999999999,0.2222222222222222,0.3333333333333333,73.55633802816901,80.0
"Garcia, Brett",702286.0,OTT_TIT,Four-Seam,L,73,40,0.2039610292710081,0.0821917808219178,0.3541666666666667,0.08333333333333333,34.36619718309859,59.34292511837575
"Garcia, Brett",702286.0,OTT_TIT,Curveball,R,36,11,0.21570618623218385,0.01947222222222222,0.36363636363636365,0.2,65.1056338028169,52.519284779718376
"Hagan, Jack",699522.0,DOW_EAS1,Four-Seam,R,31,15,0.131036604718331,0.028806451612903225,0.3333333333333333,0.0,27.922535211267604,46.20341217184959
"Joven, Art",1000048892.0,MIS_MUD,Slider,L,93,34,0.20523495367059746,0.040677419354838706,0.5,0.058823529411764705,73.66197183098592,56.271871644051885
"Maher, Adam",1000133555.0,TRI_VAL,Four-Seam,R,46,21,0.258155958890591,0.20730434782608695,0.2631578947368421,0.14285714285714285,50.73943661971831,48.78160710931751
"Cameron, Zach",1000084075.0,WIN_CIT29,Changeup,L,74,27,0.1939602034839165,0.05758108108108107,0.39285714285714285,0.125,57.5,59.59105378399387
"Calderon, Jean",703300.0,LAK_ERI24,Four-Seam,R,51,25,0.24178464599787863,0.16156862745098038,0.17647058823529413,0.15384615384615385,30.985915492957748,64.42765182914327
"Long, Maddox",1000248716.0,WAS_WIL3,Slider,L,33,28,0.20290910344826757,0.08354545454545455,0.2,0.2,70.59859154929578,41.213776461393024
"Thebiay, Nolan",1000338675.0,EVA_OTT,Four-Seam,R,164,77,0.18860213512781418,0.07966463414634146,0.24242424242424243,0.12195121951219512,41.54929577464789,57.932789621071386
"Darden, Nathan",1000439869.0,FLO_Y'A,Four-Seam,R,27,29,0.27543541742336614,0.11922222222222222,0.26666666666666666,0.2222222222222222,23.274647887323944,54.71797431763321
"Marynczak, Arlo",837346.0,TRI_VAL,Four-Seam,L,52,51,0.19158000331905645,0.10203846153846154,0.21428571428571427,0.09523809523809523,41.232394366197184,67.44867977369466
"Quigley, Michael",808828.0,NEW_ENG23,Four-Seam,L,84,38,0.20027264147767812,0.046297619047619046,0.38461538461538464,0.09090909090909091,23.06338028169014,52.072266041405726
"Garcia, Brett",702286.0,OTT_TIT,Four-Seam,R,73,40,0.18291079902975227,0.05327397260273972,0.5,0.125,34.36619718309859,57.36303892029831
"Boies, Emiles",1000429129.0,QUE_CAP,Changeup,L,88,38,0.16658157545552676,0.04147727272727273,0.21951219512195122,0.07407407407407407,55.809859154929576,34.95268193060109
"Cerda, Junior",693702.0,EVA_OTT,Sinker,L,28,20,0.1717348470753812,0.0,0.2222222222222222,0.0,20.528169014084508,39.47347589167087
"Tokar, Heitor",677573.0,OTT_TIT,Slider,L,29,30,0.15477901498074842,0.07913793103448276,0.21052631578947367,0.09090909090909091,68.48591549295773,47.12597043189077
"Gregory, Ben",833406.0,GAT_GRI,Sinker,R,45,21,0.2126314315847131,0.051,0.17647058823529413,0.16666666666666666,39.11971830985915,58.02698593889576
"Hill, Kaleb",1000371973.0,OTT_TIT,Curveball,L,100,43,0.17469158576436042,0.07002,0.3076923076923077,0.045454545454545456,76.30281690140845,40.8438129179552
"Eisenbarger, Jack",1000570067.0,QUE_CAP,Four-Seam,R,34,17,0.1886813450903504,0.04123529411764706,0.2727272727272727,0.125,55.281690140845065,45.82550558572265
"Fowler, Dalton",687096.0,SUS_COU1,Four-Seam,L,43,20,0.17690815849910801,0.09534883720930232,0.1875,0.08333333333333333,42.6056338028169,67.1039680691106
"Salata, Derek",1000057774.0,SCH_BOO,Curveball,R,37,12,0.1883510817676546,0.024135135135135134,0.4375,0.14285714285714285,79.57746478873239,54.00831572222791
"Dima, Josh",1000098214.0,GAT_GRI,Slider,L,60,22,0.18760689215025103,0.04765,0.34782608695652173,0.07692307692307693,59.50704225352113,59.01508859803143
"Alpern, Liam",1000137537.0,FLO_Y'A,Four-Seam,L,86,68,0.16426387101866197,0.12513953488372093,0.25925925925925924,0.05263157894736842,51.901408450704224,64.66062695650102
"Mercado, Nelson",683319.0,OTT_TIT,Four-Seam,L,39,27,0.12942194968334084,0.05884615384615385,0.2,0.2,38.16901408450704,50.11724900783941
"Moore, Kyle",1000517760.0,SCH_BOO,Four-Seam,L,64,48,0.19047881089510754,0.072875,0.125,0.09523809523809523,28.556338028169016,62.25421314851944
"Foy, Corbin",813822.0,LAK_ERI24,Four-Seam,L,48,19,0.16988475187224295,0.1150816326530612,0.16666666666666666,0.0,32.46478873239437,39.43259439650344
"Daly, Ryan",831333.0,JOL_SLA,Sinker,L,47,31,0.17416842286979814,0.05700000000000001,0.20833333333333334,0.16666666666666666,34.7887323943662,54.55726446612728
"McCartney, Seth",823530.0,MIS_MUD,Sinker,L,67,39,0.30656924203697355,0.15483582089552236,0.09090909090909091,0.23529411764705882,28.97887323943662,58.1064812380922
"Albert, Wes",670784.0,TRI_VAL,Four-Seam,R,52,36,0.16995418258349734,0.11492307692307692,0.18181818181818182,0.17647058823529413,33.41549295774648,65.79906283747471
"Pindel, Buddie",1000054422.0,SCH_BOO,Changeup,L,70,21,0.16336683248838876,0.06104285714285714,0.3793103448275862,0.0,52.21830985915493,54.6799356269246
"Almanzar, Elian",687038.0,DOW_EAS1,Four-Seam,L,82,23,0.22118876198454893,0.08162195121951218,0.2727272727272727,0.25,22.852112676056336,63.73698253526193
"Kaminer, Brandon",690510.0,DOW_EAS1,Four-Seam,R,105,50,0.23358942465622676,0.08978095238095238,0.043478260869565216,0.10526315789473684,45.56338028169014,47.76615086327664
"Perez, Kelvin",692487.0,WAS_WIL3,Four-Seam,L,29,17,0.13551587961162165,0.030793103448275863,0.09090909090909091,0.0,35.84507042253521,31.391769587545163
"Riedel, Caleb",1000120428.0,SCH_BOO,Four-Seam,R,72,30,0.2408403936110914,0.07093055555555555,0.2631578947368421,0.08333333333333333,53.485915492957744,40.05558621650669
"Hensey, Rob",802996.0,SUS_COU1,Slider,L,45,16,0.15933444837165767,0.10748888888888888,0.25,0.09090909090909091,59.82394366197183,54.77166000352108
"Turner, Eric",1000080978.0,JOL_SLA,Sinker,R,42,29,0.21328705123427633,0.14088095238095238,0.09090909090909091,0.1,32.67605633802817,61.00951921757133
"Johnson, Preston",699980.0,MIS_MUD,Four-Seam,R,28,34,0.1352221747382228,0.07089655172413793,0.3333333333333333,0.1,34.26056338028169,71.23529959450931
"Martinez, Mason",809209.0,TRI_VAL,Slider,L,32,29,0.28729021696749557,0.0726875,0.25,0.3333333333333333,60.03521126760564,52.33224911548851
"Thebiay, Nolan",1000338675.0,EVA_OTT,Four-Seam,L,137,77,0.16965902684378928,0.04885401459854014,0.2698412698412698,0.16666666666666666,41.54929577464789,54.39879994350592
"McEvoy, Aidan",1000079355.0,FLO_Y'A,Cutter,L,29,15,0.15656585908584514,0.0,0.26666666666666666,0.0,58.13380281690141,49.03154124695752
"Delaney, Carter",1000039247.0,WIN_CIT29,Four-Seam,R,41,20,0.2053324864550166,0.051292682926829265,0.15,0.09090909090909091,40.38732394366197,58.330954338808894
"Odonnell, Brendan",1000423478.0,NEW_ENG23,Slider,L,47,19,0.15837060950182696,0.0,0.68,0.14285714285714285,61.61971830985915,53.83537309817938
"Plumadore, Carson",1000207816.0,WIN_CIT29,Slider,R,43,19,0.1715008131149031,0.10637209302325581,0.23809523809523808,0.0,79.2605633802817,51.35954862500567
"Majick, Eli",828663.0,NEW_ENG23,Slider,L,42,28,0.25686054091060545,0.01669047619047619,0.3,0.14285714285714285,70.91549295774647,56.85937213983098
"Cook, Cole",1000161363.0,SCH_BOO,Sinker,R,36,18,0.24148845903863755,0.16416666666666668,0.17647058823529413,0.14285714285714285,58.66197183098591,54.19677123876828
"Dima, Josh",1000098214.0,GAT_GRI,Four-Seam,L,81,45,0.25350990773226234,0.06532098765432098,0.2222222222222222,0.09523809523809523,47.78169014084507,51.13907804416171
"Kelly, Colin",1000456530.0,SUS_COU1,Four-Seam,L,33,30,0.17563134629662572,0.15224242424242423,0.17647058823529413,0.07692307692307693,28.767605633802816,52.79425311595326
"Perdomo, Rafael",1000557553.0,QUE_CAP,Slider,R,46,19,0.24930147541907272,0.057978260869565215,0.5454545454545454,0.0,63.83802816901409,76.02119101885812
"Toribio, Noe",672848.0,TRO_AIG,Changeup,R,27,35,0.2959036624891881,0.059037037037037034,0.42857142857142855,0.2,51.69014084507042,67.63717591741249
"Calderon, Jean",703300.0,LAK_ERI24,Slider,R,36,11,0.14639461491133085,0.04427777777777778,0.5555555555555556,0.2,64.36619718309859,50.344506471225785
"Garcia, Brett",702286.0,OTT_TIT,Curveball,L,36,11,0.1696514094763806,0.0,0.46153846153846156,0.16666666666666666,65.1056338028169,47.42191986528627
"Hughes, Grif",835627.0,EVA_OTT,Four-Seam,R,27,16,0.20586237870555937,0.025962962962962962,0.3,0.14285714285714285,57.7112676056338,64.360105539891
"Glickstein, Aaron",1000292360.0,SCH_BOO,Four-Seam,L,59,33,0.1846616356778011,0.014883333333333333,0.45161290322580644,0.13333333333333333,38.69718309859155,62.882474639994655
"Correa, Nelvin",673388.0,QUE_CAP,Four-Seam,L,28,15,0.20739163284418213,0.12028571428571429,0.125,0.0,37.852112676056336,46.67076347662061
"Cerda, Junior",693702.0,EVA_OTT,Four-Seam,R,41,25,0.22129494527522373,0.03419512195121951,0.3333333333333333,0.0,21.37323943661972,63.71104337581809
"Plumadore, Carson",1000207816.0,WIN_CIT29,Changeup,L,133,53,0.20729870445804371,0.09466917293233082,0.3220338983050847,0.13513513513513514,43.345070422535215,57.22610918201064
"Whitesell, Max",1000223610.0,FLO_Y'A,Slider,L,35,38,0.31486603705429705,0.07105714285714286,0.2222222222222222,0.18181818181818182,64.7887323943662,50.0368507629705
"Thompson, Ross",1000103401.0,SCH_BOO,Splitter,L,69,15,0.18214493320223346,0.025884057971014493,0.5757575757575758,0.07692307692307693,52.852112676056336,47.58075958124529
"Cook, Cole",1000161363.0,SCH_BOO,Sinker,L,29,18,0.10862063140888185,0.024172413793103448,0.36363636363636365,0.0,58.66197183098591,52.97135705455834
"Hopewell, Chase",803045.0,FLO_Y'A,Slider,R,52,19,0.19162140091662438,0.037807692307692306,0.32,0.21428571428571427,62.25352112676056,65.71245857738013
"Kirby, Zach",813716.0,WAS_WIL3,Changeup,L,114,35,0.2075459658549006,0.06908771929824561,0.423728813559322,0.09375,58.87323943661972,64.69079457854009
"Almanzar, Elian",687038.0,DOW_EAS1,Four-Seam,R,65,23,0.16586228131478234,0.04361538461538461,0.35294117647058826,0.09090909090909091,22.852112676056336,59.93461589805224
"Ortiz, Julio",683650.0,GAT_GRI,Four-Seam,R,116,49,0.2514428117749181,0.1184655172413793,0.27906976744186046,0.09090909090909091,21.47887323943662,57.64485078626896
"Rohde, Isaac",1000135938.0,NEW_YOR13,Changeup,R,384,163,0.21280059718805822,0.08023697916666667,0.15517241379310345,0.11475409836065574,77.14788732394366,51.08612915414734
"Fauci, Sonny",688649.0,NEW_JER6,Slider,R,48,12,0.20738162497989196,0.051812500000000004,0.5454545454545454,0.0,68.16901408450704,51.19353361957006
"Hughes, Grif",835627.0,EVA_OTT,Four-Seam,L,30,16,0.1678448810480271,0.024399999999999998,0.16666666666666666,0.1111111111111111,57.7112676056338,62.55391944489671
"Kelly, Aiden",1000062337.0,TRI_VAL,Sinker,L,51,18,0.26979324122632975,0.04123529411764706,0.21428571428571427,0.3333333333333333,34.154929577464785,63.51947854229131
"Tokar, Heitor",677573.0,OTT_TIT,Slider,R,51,30,0.2076045926594925,0.11011764705882353,0.18518518518518517,0.15789473684210525,68.48591549295773,41.804465767870624
"Anibal, Trevor",822669.0,NEW_ENG23,Curveball,R,37,15,0.2466511694742466,0.1065945945945946,0.3125,0.3,78.20422535211267,51.963535325452334
"Majick, Eli",828663.0,NEW_ENG23,Slider,R,65,28,0.21187103960375886,0.05772307692307692,0.11538461538461539,0.047619047619047616,70.91549295774647,53.73021753695829
"Shinn, Nathan",1000490914.0,LAK_ERI24,Four-Seam,L,101,73,0.2014104948766519,0.0423069306930693,0.1836734693877551,0.1875,46.936619718309856,56.6658820336288
"Moore, Kyle",1000517760.0,SCH_BOO,Four-Seam,R,59,48,0.24463240563384428,0.1367457627118644,0.14705882352941177,0.07407407407407407,28.556338028169016,57.03250618044164
"Brito, Richard",695870.0,NEW_ENG23,Slider,L,37,10,0.25482440530862016,0.07451351351351351,0.3333333333333333,0.0,72.18309859154928,49.37613918652234
"Burcham, Jacob",1000122547.0,GAT_GRI,Changeup,L,42,14,0.2097658105859901,0.11516666666666667,0.3888888888888889,0.2,50.63380281690141,69.81200030035818
"Davis, Tyler",824623.0,WAS_WIL3,Four-Seam,L,48,40,0.23883303241187342,0.06720833333333333,0.125,0.13333333333333333,44.08450704225352,74.95008085796496
"Brothers, Kellen",1000131959.0,SUS_COU1,Four-Seam,R,60,44,0.2593402377453659,0.06253333333333333,0.26666666666666666,0.3,40.49295774647887,67.35437620193967
"Castro, Alexander",669418.0,TRO_AIG,Four-Seam,R,53,29,0.22897551953933104,0.09479245283018868,0.30434782608695654,0.11764705882352941,21.056338028169016,61.74504509318316
"Kines, Gunnar",665129.0,JOL_SLA,Sinker,L,30,24,0.20446651409938954,0.13706666666666667,0.13636363636363635,0.2631578947368421,59.71830985915493,59.79815422593886
"Calderon, Jean",703300.0,LAK_ERI24,Four-Seam,L,36,25,0.24179619144113704,0.07408333333333333,0.07692307692307693,0.25,30.985915492957748,56.45941222986348
"Morgan, Marcus",808861.0,JOL_SLA,Sinker,L,54,18,0.1775008860642003,0.06834545454545454,0.3333333333333333,0.0,25.281690140845072,47.38305386614464
"VanMarter, Luke",1000565948.0,LEM_COL,Changeup,R,29,17,0.2970243438324135,0.14448275862068963,0.18181818181818182,0.2222222222222222,67.00704225352112,47.74879405273344
"Stuka, Ted",682247.0,OTT_TIT,Sinker,L,45,21,0.2197576907940755,0.0678,0.28,0.07692307692307693,20.1056338028169,55.788974418462
"Nova, Fraynel",805843.0,LAK_ERI24,Slider,L,98,35,0.268149082217243,0.06037755102040816,0.38095238095238093,0.0625,72.2887323943662,48.38014989843168
"Ferguson, Francis",823799.0,QUE_CAP,Four-Seam,L,51,51,0.30549055702559075,0.0952156862745098,0.13043478260869565,0.3157894736842105,44.929577464788736,64.99342071614983
"Ortiz, Julio",683650.0,GAT_GRI,Four-Seam,L,103,49,0.19576688801766196,0.05003883495145631,0.3,0.037037037037037035,21.47887323943662,55.71117707664826
"Hampton, Ky",673132.0,OTT_TIT,Changeup,L,74,29,0.21458215125726673,0.08431081081081081,0.2894736842105263,0.1111111111111111,48.83802816901408,66.18515584501961
"McCartney, Seth",823530.0,MIS_MUD,Sinker,R,53,39,0.1824694944503186,0.12790566037735848,0.07692307692307693,0.18181818181818182,28.97887323943662,51.94524743553704
"Hocom, Quinn",1000152021.0,TRI_VAL,Four-Seam,R,50,24,0.2300654787791089,0.05334,0.35,0.16666666666666666,40.809859154929576,51.05726277962094
"Zentko, Dylan",1000303828.0,EVA_OTT,Four-Seam,R,28,19,0.2974525368026246,0.08882142857142858,0.25,0.1111111111111111,49.366197183098585,41.991051181862105
"Perozzi, John",1000377762.0,SUS_COU1,Four-Seam,R,51,36,0.20862445332417595,0.13031372549019607,0.15,0.15384615384615385,31.93661971830986,70.54685355957285
"Almonte, Lisandro",1000570068.0,NEW_JER6,Four-Seam,R,37,24,0.16121468216762666,0.05767567567567567,0.4,0.16666666666666666,20.211267605633804,61.02969694426554
"Scafidi, Christian",690280.0,LAK_ERI24,Four-Seam,R,71,42,0.20115641160566733,0.10347887323943661,0.14705882352941177,0.125,42.5,54.94700758593399
"Johnson, Caiden",1000147367.0,OTT_TIT,Sinker,L,31,12,0.2500494139588103,0.09664516129032258,0.4444444444444444,0.0,49.15492957746479,49.58166817458253
"Morgan, Marcus",808861.0,JOL_SLA,Sinker,R,28,18,0.3260107972021661,0.056928571428571426,0.3333333333333333,0.4,25.281690140845072,46.11818958150059
"Rodriguez, Esteban",701454.0,TRO_AIG,Four-Seam,R,60,61,0.2204408208219639,0.15991666666666668,0.15625,0.11538461538461539,39.96478873239437,62.20232068268473
"Armstrong, Andrew",803262.0,NEW_YOR13,Slider,R,28,13,0.23113920179499176,0.02614285714285714,0.4166666666666667,0.0,71.7605633802817,38.22578559756673
"Anderson, Colt",1000568252.0,WAS_WIL3,Four-Seam,R,70,37,0.2144531358417171,0.1300714285714286,0.11764705882352941,0.1111111111111111,50.0,40.947809312591
"Kaminer, Brandon",690510.0,DOW_EAS1,Slider,L,33,27,0.19091389814475968,0.06954545454545455,0.18181818181818182,0.0,61.93661971830986,54.90659066059845
"Tokar, Heitor",677573.0,OTT_TIT,Four-Seam,R,78,44,0.24966160889748978,0.08666666666666667,0.3333333333333333,0.16666666666666666,41.33802816901408,62.11273069071022
"Kirby, Zach",813716.0,WAS_WIL3,Curveball,R,50,11,0.2196792201833131,0.01786,0.29411764705882354,0.0,79.89436619718309,47.97705565430668
"Good, Ty",688612.0,GAT_GRI,Slider,R,63,18,0.19046601816617725,0.07373015873015873,0.5161290322580645,0.16666666666666666,71.6549295774648,60.613112010590285
"Bell, Brendan",681141.0,NEW_ENG23,Four-Seam,L,61,26,0.2627844442175406,0.1252622950819672,0.06666666666666667,0.15384615384615385,33.098591549295776,55.07141874843607
"Salata, Derek",1000057774.0,SCH_BOO,Splitter,L,64,18,0.1793584041870923,0.076796875,0.4117647058823529,0.2222222222222222,47.35915492957746,47.49991364983528
"Vailes, Gage",1000050773.0,GAT_GRI,Changeup,L,79,18,0.21704958719498704,0.01130379746835443,0.35294117647058826,0.0625,46.09154929577464,62.78192897465275
"Cooper, Garrett",1000327042.0,NEW_YOR13,Changeup,R,36,25,0.27751363631001436,0.06375,0.3333333333333333,0.2222222222222222,63.41549295774647,37.75798747558934
"Marynczak, Arlo",837346.0,TRI_VAL,Four-Seam,R,83,51,0.2094080113086934,0.0813012048192771,0.21052631578947367,0.1,41.232394366197184,57.1506126018009
"Williams, Pierce",1000337420.0,NEW_ENG23,Four-Seam,R,83,46,0.21548069970298583,0.09012048192771084,0.3333333333333333,0.14285714285714285,56.866197183098585,55.83226764485441
"Gollert, Harley",8890793.0,QUE_CAP,Slider,R,35,22,0.22339937560761206,0.1281142857142857,0.17647058823529413,0.23076923076923078,67.85211267605634,39.68071345681231
"Barreto, Brayhans",810980.0,TRI_VAL,Changeup,L,26,23,0.29763519829528756,0.07561538461538461,0.3,0.2857142857142857,63.94366197183099,47.44671901672552
"Garcia, Jorge",1000221236.0,SUS_COU1,Four-Seam,R,34,16,0.19312821081438672,0.04123529411764706,0.35714285714285715,0.1111111111111111,43.0281690140845,56.87753103296104
"Castro, Alexander",669418.0,TRO_AIG,Slider,R,40,17,0.3023565617392368,0.13845000000000002,0.4117647058823529,0.1111111111111111,63.098591549295776,69.71036761280206
"Pardinho, Eric",672078.0,OTT_TIT,Slider,R,36,11,0.23856876075382782,0.04961111111111111,0.375,0.14285714285714285,57.816901408450704,60.556897552634354
"Kirby, Zach",813716.0,WAS_WIL3,Four-Seam,L,132,113,0.23360568250932254,0.09336363636363636,0.13636363636363635,0.14545454545454545,41.866197183098585,60.493680207308685
"Parsons, Billy",698892.0,SUS_COU1,Four-Seam,L,128,80,0.23362068067131733,0.10390625,0.19718309859154928,0.23404255319148937,31.19718309859155,71.10949895358146
"Fritz, AJ",1000059998.0,MIS_MUD,Sinker,L,31,18,0.18529040992503937,0.07403225806451613,0.3125,0.0,27.183098591549296,51.7980497488164
"Sakurai, Masatoshi",1000429128.0,QUE_CAP,Changeup,R,91,24,0.26417661122734093,0.06494505494505495,0.2972972972972973,0.2,62.67605633802817,54.50259119643374
"Simpson, Garret",1000073158.0,EVA_OTT,Curveball,L,46,11,0.22573731496740868,0.03182608695652174,0.4,0.16666666666666666,78.73239436619717,39.22507895158613
"Barreto, Brayhans",810980.0,TRI_VAL,Changeup,R,82,23,0.19642151535811167,0.13009756097560976,0.42857142857142855,0.0,63.94366197183099,46.8682460272442
"Harper, Scott",1000241275.0,NEW_YOR13,Sinker,L,41,31,0.16372450161610858,0.10860975609756096,0.2777777777777778,0.14285714285714285,30.45774647887324,59.61471169809677
"Cameron, Zach",1000084075.0,WIN_CIT29,Slider,R,31,19,0.1742227895795415,0.1272258064516129,0.2631578947368421,0.08333333333333333,71.54929577464789,56.13140583607885
"Aldeano, Austin",699054.0,TRO_AIG,Sinker,L,45,24,0.22627149227649498,0.07084444444444443,0.2857142857142857,0.16666666666666666,29.507042253521128,54.157386195718345
"Kelly, Colin",1000456530.0,SUS_COU1,Sinker,R,53,29,0.15669899244043642,0.14135849056603775,0.2413793103448276,0.15789473684210525,24.33098591549296,53.77152234204658
"Milburn, Isaac",830926.0,FLO_Y'A,Slider,L,69,26,0.11575904650544123,0.10226086956521739,0.391304347826087,0.08333333333333333,67.74647887323944,53.02895847584638
"Hensey, Rob",802996.0,SUS_COU1,Sinker,L,79,100,0.22629815381000398,0.111,0.125,0.06666666666666667,46.19718309859155,52.146045398223976
"Zeplin, Blane",830954.0,JOL_SLA,Four-Seam,R,44,17,0.17521442648870558,0.07654545454545454,0.0,0.0,37.429577464788736,61.366517046553
"Maher, Adam",1000133555.0,TRI_VAL,Four-Seam,L,26,21,0.14599664148708805,0.1226153846153846,0.09090909090909091,0.0,50.73943661971831,36.5715342592609
"Perozzi, John",1000377762.0,SUS_COU1,Slider,L,37,19,0.18427694192757477,0.11759459459459459,0.3888888888888889,0.2222222222222222,61.09154929577465,41.73462919706935
"Cook, Cole",1000161363.0,SCH_BOO,Slider,R,39,24,0.24016760779411045,0.0962051282051282,0.5217391304347826,0.25,70.07042253521126,39.91160854213848
"Campbell, AJ",1000132168.0,WIN_CIT29,Slider,R,100,47,0.21886435202095547,0.07002,0.20454545454545456,0.14285714285714285,74.40140845070422,67.19800709752086
"Vecerka, Boris",807828.0,QUE_CAP,Sinker,L,52,18,0.20083076996030852,0.09196153846153846,0.4090909090909091,0.07692307692307693,20.84507042253521,57.68388418668547
"Eckaus, David",824671.0,EVA_OTT,Slider,L,45,12,0.2225425364772783,0.07980000000000001,0.47058823529411764,0.14285714285714285,65.52816901408451,55.68940722758581
"Johnston, Spencer",800918.0,DOW_EAS1,Slider,R,88,73,0.21315108226406593,0.0747159090909091,0.15555555555555556,0.19444444444444445,69.22535211267606,48.780791325490725
"Hocom, Quinn",1000152021.0,TRI_VAL,Four-Seam,L,31,24,0.15258058257405818,0.12393548387096774,0.125,0.0,40.809859154929576,46.86052552020087
"Long, Jalon",809215.0,NEW_YOR13,Four-Seam,R,62,37,0.20634440224531678,0.040112903225806455,0.3939393939393939,0.05263157894736842,30.352112676056336,49.40872479782173
"Vailes, Gage",1000050773.0,GAT_GRI,Slider,L,52,49,0.20661185241295327,0.06386538461538462,0.21428571428571427,0.1111111111111111,71.44366197183099,38.00930585826073
"Saturria, Michael",800014.0,NEW_ENG23,Cutter,R,79,39,0.24907161859813673,0.05408860759493671,0.3333333333333333,0.17647058823529413,47.570422535211264,45.51547853879074
"Henderson, Drew",1000429021.0,DOW_EAS1,Sinker,L,43,13,0.23301983022823583,0.09909302325581396,0.07142857142857142,0.1111111111111111,32.25352112676056,49.4059179063216
"Morgan, Marcus",808861.0,JOL_SLA,Cutter,L,38,13,0.2271251572885836,0.05534210526315789,0.1,0.0,61.83098591549295,46.38951952667123
"Dima, Josh",1000098214.0,GAT_GRI,Slider,R,37,22,0.2495197722594939,0.087,0.23529411764705882,0.1111111111111111,59.50704225352113,47.67197007224128
"Lawson, Nathan",1000569348.0,FLO_Y'A,Sinker,R,27,15,0.2356783061400122,0.06614814814814815,0.25,0.1111111111111111,35.0,32.94030457218699
"Stuka, Ted",682247.0,OTT_TIT,Sinker,R,29,21,0.2113406952180124,0.08127586206896552,0.18181818181818182,0.25,20.1056338028169,50.54663875768198
"Gamelin, Shaun",815222.0,JOL_SLA,Cutter,L,51,18,0.21337296669441908,0.056803921568627444,0.45,0.3333333333333333,62.147887323943664,48.40684869325196
"Gorgen, Grady",1000138303.0,NEW_YOR13,Cutter,L,30,16,0.11641847134014296,0.07113333333333333,0.3076923076923077,0.0,52.00704225352113,45.26900639329202
"Shinn, Nathan",1000490914.0,LAK_ERI24,Slider,R,61,34,0.28248553620715566,0.14208196721311475,0.34285714285714286,0.16666666666666666,63.309859154929576,42.76052785943288
"Long, Maddox",1000248716.0,WAS_WIL3,Four-Seam,R,59,47,0.2543521797991379,0.054152542372881356,0.13793103448275862,0.19047619047619047,29.92957746478873,48.25516173426586
"Dima, Josh",1000098214.0,GAT_GRI,Four-Seam,R,108,45,0.17635761653721846,0.037787037037037036,0.425531914893617,0.08333333333333333,47.78169014084507,41.415027817920496
"Sesar, Jorden",813853.0,SUS_COU1,Four-Seam,L,169,125,0.21185356657178314,0.10523529411764707,0.2597402597402597,0.19230769230769232,37.11267605633803,55.71803531825832
"Daly, Ryan",831333.0,JOL_SLA,Sinker,R,55,31,0.21385395434709278,0.06636363636363636,0.21739130434782608,0.15384615384615385,34.7887323943662,43.05085757275797
"Darden, Nathan",1000439869.0,FLO_Y'A,Four-Seam,L,45,29,0.15347501892110404,0.03968888888888889,0.125,0.05,23.274647887323944,40.91582899777341
"Hopewell, Chase",803045.0,FLO_Y'A,Four-Seam,R,70,43,0.1926389457920816,0.06892857142857142,0.16129032258064516,0.1111111111111111,24.225352112676056,48.14213136893071
"Brown, Ethan",690384.0,WAS_WIL3,Four-Seam,L,25,25,0.11499048437265401,0.06376,0.0,0.14285714285714285,45.352112676056336,35.00203537720436
"Garcia, Andrew",1000190083.0,EVA_OTT,Slider,L,69,30,0.3346652664195622,0.09155072463768116,0.5,0.5,68.06338028169014,41.20018072365117
"Rodriguez, Esteban",701454.0,TRO_AIG,Four-Seam,L,82,61,0.24141356134494682,0.128,0.11627906976744186,0.08571428571428572,39.96478873239437,57.54863070797239
"Rohde, Isaac",1000135938.0,NEW_YOR13,Changeup,L,159,163,0.21447859870165562,0.06642767295597483,0.3488372093023256,0.0975609756097561,77.14788732394366,43.28363636476648
"Toribio, Noe",672848.0,TRO_AIG,Changeup,L,120,35,0.24954370780849075,0.07891666666666666,0.46774193548387094,0.23333333333333334,51.69014084507042,57.66289809383007
"Johnson, Preston",699980.0,MIS_MUD,Four-Seam,L,60,34,0.22451506527197204,0.04147540983606557,0.3055555555555556,0.16666666666666666,34.26056338028169,60.40407381321349
"Cameron, Zach",1000084075.0,WIN_CIT29,Changeup,R,37,27,0.24517286204379343,0.06805405405405404,0.3125,0.2727272727272727,57.5,45.095881843775175
"Bargo, Casey",1000057987.0,FLO_Y'A,Four-Seam,R,38,12,0.2268666485860863,0.0,0.375,0.0,27.077464788732392,58.375053485681065
"Scafidi, Christian",690280.0,LAK_ERI24,Slider,R,67,21,0.27339350464206524,0.03980597014925373,0.3448275862068966,0.2727272727272727,64.68309859154928,69.52816379148433
"Sechrist, Zander",801415.0,WAS_WIL3,Sinker,L,28,25,0.3357742603887043,0.12028571428571429,0.16666666666666666,0.5,69.11971830985915,75.73005748831602
"Roland, Cole",813401.0,QUE_CAP,Changeup,R,33,17,0.1980734917219946,0.06954545454545455,0.1,0.0,56.33802816901408,51.75399134185125
"Sittinger, Brandyn",670087.0,LAK_ERI24,Four-Seam,R,77,54,0.24516410790628756,0.09994805194805194,0.25,0.18518518518518517,20.633802816901408,54.07263951347896
"Noriega, Branden",804447.0,LAK_ERI24,Curveball,L,29,10,0.24790970699228593,0.0,0.6153846153846154,0.0,70.49295774647888,49.62525768438089
"Grounds, Jackson",805984.0,DOW_EAS1,Sinker,L,75,26,0.1968881998344621,0.08245333333333334,0.2777777777777778,0.05555555555555555,21.58450704225352,45.020146534358
"Westcott, Zac",686170.0,FLO_Y'A,Four-Seam,L,107,88,0.1852671897321044,0.07477570093457943,0.11320754716981132,0.11363636363636363,43.97887323943662,48.00676190267036
"Gamelin, Shaun",815222.0,JOL_SLA,Cutter,R,62,18,0.23081871470310122,0.06582258064516128,0.5161290322580645,0.16666666666666666,62.147887323943664,47.18830346992552
"Shinn, Nathan",1000490914.0,LAK_ERI24,Slider,L,77,34,0.14237607106506026,0.04623376623376623,0.5,0.125,63.309859154929576,41.586184829559016
"Petschke, Ben",814386.0,EVA_OTT,Curveball,R,79,40,0.19647219434460436,0.12556962025316457,0.2,0.08695652173913043,78.83802816901408,45.649815687721095
"Cohn, Cooper",1000301881.0,NIU_HUS,Four-Seam,R,38,26,0.20423374948198864,0.08389473684210526,0.2916666666666667,0.2727272727272727,29.08450704225352,61.2544591545639
"Henderson, Drew",1000429021.0,DOW_EAS1,Curveball,R,105,53,0.17243152291855407,0.12364761904761905,0.12195121951219512,0.21212121212121213,75.77464788732394,58.293745330815455
"Helt, Robert",836007.0,LAK_ERI24,Slider,R,70,24,0.20025786498002507,0.010014285714285713,0.4230769230769231,0.25,73.45070422535211,67.58452749649378
"Thompson, Ross",1000103401.0,SCH_BOO,Changeup,L,74,12,0.22354659755278156,0.0771081081081081,0.5142857142857142,0.09090909090909091,54.647887323943664,53.37519115508121
"Cohn, Cooper",1000301881.0,NIU_HUS,Slider,L,36,12,0.1898716009119441,0.0,0.08333333333333333,0.2222222222222222,77.35915492957747,41.57873981734212
"Hill, Kaleb",1000371973.0,OTT_TIT,Slider,R,29,12,0.14314035227402072,0.048344827586206895,0.0,0.0,68.59154929577466,65.17875060759052
"Hopewell, Chase",803045.0,FLO_Y'A,Four-Seam,L,83,43,0.2328266175234516,0.1425421686746988,0.14705882352941177,0.16,24.225352112676056,46.83632516641144
"Matos, Dwayne",684228.0,OTT_TIT,Slider,R,40,16,0.25947964525140366,0.13472499999999998,0.21428571428571427,0.36363636363636365,62.887323943661976,70.57148706418701
"Burcham, Jacob",1000122547.0,GAT_GRI,Sinker,R,95,39,0.2095660927548825,0.06365263157894736,0.2,0.09523809523809523,27.5,49.20978079406765
"Wehrle, Tyler",806332.0,WIN_CIT29,Slider,R,90,50,0.22057421021299928,0.06966666666666667,0.391304347826087,0.18518518518518517,73.87323943661971,58.78862902756367
"DeCastro, Justin",1000214319.0,LON_ISL22,Changeup,R,82,42,0.21760778627187446,0.10210975609756097,0.15,0.10344827586206896,57.394366197183096,51.23765106740712
"Petschke, Ben",814386.0,EVA_OTT,Slider,L,38,35,0.21428955725313295,0.0235,0.23809523809523808,0.16666666666666666,72.8169014084507,43.16766645306514
"Hampton, Ky",673132.0,OTT_TIT,Slider,R,35,22,0.28032155870184405,0.07105714285714286,0.23529411764705882,0.18181818181818182,64.8943661971831,69.65696536201872
"Vega, Lucas",837223.0,TRO_AIG,Four-Seam,R,37,26,0.19158784391589304,0.018945945945945945,0.42105263157894735,0.1,32.147887323943664,57.86098458464318
"Langhorne, Miles",695680.0,SUS_COU1,Slider,L,30,14,0.2455863707160563,0.12323333333333333,0.38461538461538464,0.16666666666666666,60.24647887323944,39.96590851253893
"Henderson, Drew",1000429021.0,DOW_EAS1,Changeup,L,57,23,0.21315148194735675,0.16605263157894737,0.32142857142857145,0.1875,54.01408450704225,57.68543680931798
"Brothers, Kellen",1000131959.0,SUS_COU1,Four-Seam,L,44,44,0.24088220060420873,0.1905681818181818,0.07407407407407407,0.16666666666666666,40.49295774647887,58.93411661837054
"Saturria, Michael",800014.0,NEW_ENG23,Cutter,L,76,39,0.21605090171159605,0.08894736842105262,0.2777777777777778,0.13636363636363635,47.570422535211264,42.50984894714436
"Correa, Nelvin",673388.0,QUE_CAP,Four-Seam,R,27,15,0.16939119342055786,0.08499999999999999,0.18181818181818182,0.125,37.852112676056336,35.52251686443175
"Shinn, Nathan",1000490914.0,LAK_ERI24,Four-Seam,R,149,73,0.22308337273134635,0.12113422818791945,0.14814814814814814,0.12195121951219512,46.936619718309856,47.867925972753866
"Scafidi, Christian",690280.0,LAK_ERI24,Four-Seam,L,57,42,0.19322347091354114,0.11419298245614036,0.09090909090909091,0.05555555555555555,42.5,47.82295933788928
"Gorgen, Grady",1000138303.0,NEW_YOR13,Cutter,R,28,16,0.257301391927268,0.031892857142857146,0.3076923076923077,0.5,52.00704225352113,42.89556829538921
"Aldeano, Austin",699054.0,TRO_AIG,Sinker,R,25,24,0.20597044472027326,0.06376,0.13333333333333333,0.16666666666666666,29.507042253521128,49.597176596285856
"Pierson, Kenny",1000055344.0,LAK_ERI24,Changeup,R,104,35,0.25272892734756125,0.108,0.21621621621621623,0.2,76.72535211267605,53.99059439932302
"Kaftan, Eddie",1000557510.0,FLO_Y'A,Slider,R,38,16,0.20336056557337184,0.0235,0.47368421052631576,0.125,76.51408450704227,63.06310849196436
"Sakurai, Masatoshi",1000429128.0,QUE_CAP,Four-Seam,L,115,113,0.24066429291231922,0.09324347826086955,0.2545454545454545,0.17073170731707318,53.59154929577465,58.68550208821048
"Sesar, Jorden",813853.0,SUS_COU1,Four-Seam,R,198,125,0.21251225913508667,0.09982828282828282,0.19791666666666666,0.136986301369863,37.11267605633803,53.33389050702306
"Puccetti, Dominic",1000266076.0,OTT_TIT,Curveball,L,104,30,0.21408418982062,0.13492307692307692,0.22857142857142856,0.30434782608695654,77.67605633802816,49.93321837173363
"Riedel, Caleb",1000120428.0,SCH_BOO,Sinker,R,28,16,0.11181409928657213,0.031892857142857146,0.35714285714285715,0.125,55.070422535211264,38.92761440984852
"Puccetti, Dominic",1000266076.0,OTT_TIT,Curveball,R,44,30,0.3237065004630016,0.049045454545454545,0.3076923076923077,0.14285714285714285,77.67605633802816,49.78004094543943
"Calderon, Jean",703300.0,LAK_ERI24,Slider,L,37,11,0.2431009634654093,0.04827027027027027,0.45,0.16666666666666666,64.36619718309859,37.92225219525997
"Turner, Eric",1000080978.0,JOL_SLA,Sinker,L,33,29,0.2627731768734212,0.07536363636363637,0.3157894736842105,0.3333333333333333,32.67605633802817,47.56560423473745
"Williams, Brian",1000079778.0,MIS_MUD,Slider,R,97,40,0.20574264247307508,0.08365979381443299,0.36538461538461536,0.1111111111111111,68.90845070422534,52.38879989715707
"Flontek, Zac",1000563032.0,DOW_EAS1,Four-Seam,R,87,33,0.2337114273496575,0.07035227272727272,0.37142857142857144,0.125,41.12676056338028,51.3400340941508
"Burcham, Jacob",1000122547.0,GAT_GRI,Sinker,L,57,39,0.2760457433796983,0.08389473684210526,0.14814814814814814,0.1111111111111111,27.5,47.57273534594368
"Langrell, Connor",815223.0,MIS_MUD,Curveball,R,38,17,0.27183116478214925,0.07050000000000001,0.15384615384615385,0.1,78.62676056338027,56.75579478553691
"Eldred, Zach",1000227712.0,NEW_ENG23,Four-Seam,L,217,113,0.24288633597909245,0.09620183486238533,0.1414141414141414,0.19736842105263158,41.76056338028169,59.19676716273134
"Flontek, Zac",1000563032.0,DOW_EAS1,Four-Seam,L,82,33,0.18469616079329182,0.0919390243902439,0.17857142857142858,0.058823529411764705,41.12676056338028,50.9813845446138
"Heredia-Bustos, Rolando",837343.0,DOW_EAS1,Slider,L,119,103,0.20987591227743468,0.06019327731092437,0.22388059701492538,0.14285714285714285,75.03521126760563,37.14724299683687
"Forsyth, Braden",687732.0,MIS_MUD,Slider,R,67,21,0.2137699505694986,0.11853731343283583,0.41379310344827586,0.14285714285714285,74.19014084507043,58.99712319497348
"Long, Maddox",1000248716.0,WAS_WIL3,Sinker,L,104,61,0.23719240794214147,0.09290384615384614,0.09433962264150944,0.10526315789473684,24.64788732394366,47.63255785968574
"Brown, Ethan",690384.0,WAS_WIL3,Four-Seam,R,42,25,0.2558139696265627,0.16354761904761905,0.13636363636363635,0.16666666666666666,45.352112676056336,31.39908059386488
"Milburn, Isaac",830926.0,FLO_Y'A,Curveball,L,50,15,0.3611105715220919,0.06462,0.45454545454545453,0.0,71.33802816901408,46.85930208288513
"Petschke, Ben",814386.0,EVA_OTT,Curveball,L,79,40,0.2796760494622422,0.08248101265822785,0.26666666666666666,0.17647058823529413,78.83802816901408,42.7613109588711
"Nabholz, Nate",1000113106.0,TRI_VAL,Slider,R,48,31,0.2686111461348711,0.018604166666666668,0.391304347826087,0.2857142857142857,58.23943661971831,48.08698058366499
"Fauci, Sonny",688649.0,NEW_JER6,Four-Seam,R,80,44,0.18282044106034495,0.10338750000000001,0.1935483870967742,0.043478260869565216,22.95774647887324,55.47161140212191
"Martinez, Mason",809209.0,TRI_VAL,Sinker,L,126,78,0.23683865516139443,0.09029365079365079,0.04,0.15555555555555556,35.42253521126761,49.03229414907123
"Milburn, Isaac",830926.0,FLO_Y'A,Sinker,R,51,32,0.24123312369300032,0.1258627450980392,0.19230769230769232,0.2857142857142857,49.471830985915496,53.97624264086684
"Hensey, Rob",802996.0,SUS_COU1,Sinker,R,190,100,0.22264832111284702,0.08230526315789474,0.1935483870967742,0.2,46.19718309859155,45.70773131362019
"Nabholz, Nate",1000113106.0,TRI_VAL,Slider,L,50,31,0.1774604214150973,0.0676,0.30434782608695654,0.058823529411764705,58.23943661971831,47.64658746839778
"Lefebvre, Charles",1000429097.0,TRO_AIG,Sinker,L,108,78,0.2737724560664125,0.11637037037037036,0.20833333333333334,0.2571428571428571,32.570422535211264,54.43333460317486
"Tokar, Heitor",677573.0,OTT_TIT,Four-Seam,L,71,44,0.20876960938868727,0.08002816901408451,0.28125,0.05,41.33802816901408,53.51751243246057
"Kirby, Zach",813716.0,WAS_WIL3,Curveball,L,48,11,0.2298642267315234,0.018604166666666668,0.45454545454545453,0.16666666666666666,79.89436619718309,39.55409533302109
"Balzan, Jackson",827496.0,SUS_COU1,Changeup,R,134,61,0.23811364404287305,0.12044776119402985,0.4117647058823529,0.1388888888888889,62.99295774647887,43.29668553045578
"Long, Maddox",1000248716.0,WAS_WIL3,Four-Seam,L,61,47,0.18968318249692842,0.0792950819672131,0.0967741935483871,0.038461538461538464,29.92957746478873,43.368263357446565
"Williams, Pierce",1000337420.0,NEW_ENG23,Four-Seam,L,78,46,0.25615849015118164,0.16667948717948716,0.1875,0.24,56.866197183098585,47.61768122930617
"Armstrong, Andrew",803262.0,NEW_YOR13,Sinker,R,42,22,0.1858742819906234,0.055380952380952385,0.2,0.07142857142857142,52.53521126760564,50.92482737931578
"Harris, Ben",1000390130.0,GAT_GRI,Four-Seam,R,157,90,0.20584196731069193,0.07962420382165605,0.24691358024691357,0.16071428571428573,31.83098591549296,56.4257948608354
"Anibal, Trevor",822669.0,NEW_ENG23,Curveball,L,34,15,0.20574886738684356,0.07844117647058824,0.2222222222222222,0.0,78.20422535211267,39.83973806661624
"Good, Ty",688612.0,GAT_GRI,Four-Seam,R,140,77,0.18949081817227667,0.046914285714285714,0.15384615384615385,0.1276595744680851,37.21830985915493,44.505717161447
"Dill, Austin",1000429156.0,TRI_VAL,Changeup,R,77,36,0.21162330565545112,0.023194805194805195,0.525,0.2,56.232394366197184,43.43519569545329
"Scott, Brandon",1000138331.0,LAK_ERI24,Four-Seam,R,187,90,0.22513520230005787,0.08957219251336898,0.14814814814814814,0.14285714285714285,50.52816901408451,56.84770792946691
"Peyton, Blake",1000017005.0,GAT_GRI,Four-Seam,L,49,50,0.10816170581280402,0.051387755102040814,0.28,0.0,51.79577464788732,55.9874213014523
"Milburn, Isaac",830926.0,FLO_Y'A,Slider,R,80,26,0.316545107126883,0.0893875,0.2857142857142857,0.14285714285714285,67.74647887323944,45.16101748852617
"Langrell, Connor",815223.0,MIS_MUD,Cutter,L,50,55,0.17120835385828315,0.05718,0.21739130434782608,0.06666666666666667,52.11267605633802,47.46912564100736
"Peters, Andrew",687107.0,NEW_JER6,Four-Seam,L,71,40,0.2306064084145466,0.040267605633802814,0.3235294117647059,0.09090909090909091,28.028169014084504,68.01285308690248
"Joven, Art",1000048892.0,MIS_MUD,Sinker,L,65,52,0.26353733090237225,0.07109230769230769,0.2727272727272727,0.14285714285714285,56.97183098591549,53.68936393122785
"Hoeymans, Jack",1000184889.0,GAT_GRI,Sinker,R,35,18,0.12011236701100786,0.1898857142857143,0.0,0.125,31.619718309859152,54.12360813731062
"Plumadore, Carson",1000207816.0,WIN_CIT29,Changeup,R,47,53,0.21457211014118854,0.06848936170212766,0.18181818181818182,0.0625,43.345070422535215,42.18368005783657
"Serrano, Elio",665939.0,NEW_JER6,Four-Seam,R,64,66,0.30139946987948446,0.13590625,0.13333333333333333,0.19047619047619047,32.04225352112676,59.68894149362605
"Balzan, Jackson",827496.0,SUS_COU1,Changeup,L,64,61,0.22262323681312332,0.129609375,0.08108108108108109,0.2,62.99295774647887,41.624672972923335
"Long, Jalon",809215.0,NEW_YOR13,Four-Seam,L,47,37,0.22298634147182034,0.1166595744680851,0.20833333333333334,0.1111111111111111,30.352112676056336,42.02234081775508
"Balzan, Jackson",827496.0,SUS_COU1,Curveball,R,35,10,0.3396704163914189,0.08425714285714285,0.2727272727272727,0.4,72.6056338028169,46.230371627099295
"Kelly, Aiden",1000062337.0,TRI_VAL,Sinker,R,27,18,0.21281816070381313,0.09325925925925925,0.3076923076923077,0.2222222222222222,34.154929577464785,49.78789427658149
"Eckaus, David",824671.0,EVA_OTT,Four-Seam,L,67,31,0.21829802944579843,0.09467647058823529,0.14814814814814814,0.0,48.732394366197184,50.652545611693775
"Balzan, Jackson",827496.0,SUS_COU1,Sinker,L,38,30,0.22166341818651014,0.0235,0.2,0.1111111111111111,56.02112676056338,50.571278305396255
"Barraza, Chris",696511.0,MIS_MUD,Four-Seam,R,153,82,0.2471323679803676,0.04962745098039216,0.4,0.17142857142857143,25.38732394366197,50.50840488790935
"Langrell, Connor",815223.0,MIS_MUD,Curveball,L,35,17,0.23001810192645064,0.09657142857142857,0.4375,0.14285714285714285,78.62676056338027,53.52521954955299
"Peyton, Blake",1000017005.0,GAT_GRI,Curveball,R,43,13,0.2568324619665194,0.13060465116279069,0.2,0.2,73.3450704225352,48.90036568782445
"Hoeymans, Jack",1000184889.0,GAT_GRI,Sinker,L,31,18,0.3015443180300787,0.0,0.16666666666666666,0.4,31.619718309859152,53.49546652823818
"Peters, Garrett",833402.0,NEW_YOR13,Curveball,L,62,22,0.16268303363819245,0.046112903225806454,0.34615384615384615,0.15384615384615385,77.04225352112675,50.42531868707699
"Turner, Eric",1000080978.0,JOL_SLA,Four-Seam,R,93,83,0.16085611330194355,0.07296774193548386,0.034482758620689655,0.10714285714285714,33.62676056338028,55.34411754290913
"Harris, Ben",1000390130.0,GAT_GRI,Four-Seam,L,115,90,0.2679070730270581,0.11657391304347825,0.16666666666666666,0.20588235294117646,31.83098591549296,54.88631490947253
"Maietta, Dante",1000137704.0,WIN_CIT29,Four-Seam,L,99,65,0.23190810876105405,0.10206060606060605,0.075,0.25,37.74647887323944,55.80235631804894
"Grounds, Jackson",805984.0,DOW_EAS1,Sinker,R,41,26,0.2500979975500843,0.23017073170731706,0.08333333333333333,0.25,21.58450704225352,38.81042191631518
"Martinez, Mason",809209.0,TRI_VAL,Sinker,R,135,78,0.21720408322531445,0.10342222222222222,0.16,0.09090909090909091,35.42253521126761,46.278226407297744
"Helt, Robert",836007.0,LAK_ERI24,Curveball,R,44,18,0.2943439389494245,0.13404545454545455,0.2,0.3,75.24647887323944,54.38759190164465
"Ronne, Andrew",701809.0,GAT_GRI,Four-Seam,R,57,34,0.2542653824147278,0.15973684210526318,0.32142857142857145,0.17647058823529413,31.40845070422535,57.844761768378376
"Kines, Gunnar",665129.0,JOL_SLA,Changeup,R,116,65,0.19932999873945628,0.062258620689655174,0.26153846153846155,0.1590909090909091,75.66901408450704,40.242053038235824
"Long, Maddox",1000248716.0,WAS_WIL3,Sinker,R,82,61,0.2577037174471132,0.061182926829268285,0.18181818181818182,0.21739130434782608,24.64788732394366,43.91193474324959
"Bihm, Gage",815079.0,MIS_MUD,Four-Seam,R,66,39,0.19019486147972994,0.07245454545454545,0.11428571428571428,0.037037037037037035,42.0774647887324,50.93146151357717
"Fauci, Sonny",688649.0,NEW_JER6,Four-Seam,L,64,44,0.2806696999605121,0.094484375,0.18518518518518517,0.2857142857142857,22.95774647887324,52.19137668856918
"Moore, Kyle",1000517760.0,SCH_BOO,Cutter,R,73,34,0.1877179045876645,0.05590410958904109,0.3076923076923077,0.1,58.55633802816901,37.53474017635983
"Godwin, Connor",802684.0,NEW_YOR13,Slider,R,51,19,0.20296656953083847,0.06335294117647058,0.4117647058823529,0.125,72.9225352112676,67.30653379735874
"Allemann, Braeden",1000367619.0,QUE_CAP,Curveball,R,74,31,0.23947930115331964,0.024135135135135134,0.41935483870967744,0.11764705882352941,79.1549295774648,59.00852055336627
"Eldred, Zach",1000227712.0,NEW_ENG23,Four-Seam,R,109,113,0.252604733017743,0.11821100917431192,0.10638297872340426,0.24324324324324326,41.76056338028169,54.84784721738244
"Eldred, Zach",1000227712.0,NEW_ENG23,Sinker,L,36,18,0.3178521374760747,0.08855555555555555,0.25,0.2857142857142857,40.598591549295776,47.59633139308424
"Daly, Ryan",831333.0,JOL_SLA,Four-Seam,L,171,104,0.26575386420920466,0.09511695906432749,0.27631578947368424,0.15384615384615385,35.528169014084504,51.76911436982624
"Linderman, Greyson",1000124562.0,JOL_SLA,Four-Seam,L,29,23,0.20774823725394673,0.16017241379310343,0.2222222222222222,0.23076923076923078,20.422535211267604,61.464543063729536
"Ryan, Dillon",1000132418.0,NEW_ENG23,Sinker,R,66,45,0.316339892260909,0.13903030303030303,0.05,0.058823529411764705,28.450704225352112,58.78653513924169
"Oe, Ryoya",1000551188.0,OTT_TIT,Curveball,R,35,10,0.2428148842233639,0.061657142857142855,0.3076923076923077,0.2857142857142857,77.57042253521126,45.42149911026624
"Ferguson, Francis",823799.0,QUE_CAP,Four-Seam,R,78,51,0.18636216601340772,0.061307692307692306,0.17073170731707318,0.0625,44.929577464788736,51.1034732958033
"Cook, Cole",1000161363.0,SCH_BOO,Four-Seam,L,91,61,0.2762683177758504,0.07509890109890109,0.20930232558139536,0.25,57.9225352112676,62.89119576897497
"Turner, Eric",1000080978.0,JOL_SLA,Changeup,L,77,29,0.2683543627901598,0.12572727272727274,0.1891891891891892,0.24,53.697183098591545,50.916525208394376
"Daly, Ryan",831333.0,JOL_SLA,Four-Seam,R,158,104,0.23482547679151505,0.08310759493670886,0.1,0.057692307692307696,35.528169014084504,51.00015451932494
"Petschke, Ben",814386.0,EVA_OTT,Four-Seam,R,94,45,0.1872814463906012,0.08682978723404254,0.15151515151515152,0.09523809523809523,36.79577464788733,55.68182141660146
"Kelly, Colin",1000456530.0,SUS_COU1,Sinker,L,43,29,0.24726695399940812,0.14509302325581394,0.26666666666666666,0.2,24.33098591549296,42.81002924857277
"Cooper, Garrett",1000327042.0,NEW_YOR13,Curveball,R,54,28,0.21377127457966036,0.10922222222222222,0.3,0.2857142857142857,76.61971830985917,51.52435970390115
"Bihm, Gage",815079.0,MIS_MUD,Four-Seam,L,40,39,0.24300997206860456,0.12767499999999998,0.38095238095238093,0.25,42.0774647887324,49.44491664166284
"Glickstein, Aaron",1000292360.0,SCH_BOO,Four-Seam,R,41,33,0.25632369676558914,0.08978048780487805,0.09523809523809523,0.16666666666666666,38.69718309859155,44.78802897127266
"Bradford, Ethan",688428.0,NEW_YOR13,Slider,L,30,15,0.2847834553668015,0.0829,0.3333333333333333,0.125,64.2605633802817,63.06528212153283
"Huter, Blayne",1000145980.0,SUS_COU1,Four-Seam,R,81,57,0.229546245365297,0.15496296296296297,0.20512820512820512,0.2413793103448276,42.7112676056338,54.12593972719327
"Marklund, Brandon",647282.0,OTT_TIT,Four-Seam,R,92,41,0.18839113937118807,0.05542391304347826,0.2222222222222222,0.0,25.492957746478872,59.07068611604086
"McEvoy, Aidan",1000079355.0,FLO_Y'A,Sinker,R,73,34,0.21110973259656302,0.1013972602739726,0.25,0.17857142857142858,49.5774647887324,47.3284356627289
"Turner, Eric",1000080978.0,JOL_SLA,Slider,R,56,39,0.22781962862227084,0.06378571428571429,0.21428571428571427,0.15,74.61267605633802,59.81296310495412
"Puccetti, Dominic",1000266076.0,OTT_TIT,Four-Seam,L,142,85,0.1978448734314146,0.06955633802816902,0.25806451612903225,0.08571428571428572,46.30281690140845,55.54425195099105
"Sittinger, Brandyn",670087.0,LAK_ERI24,Four-Seam,L,75,54,0.22811888473905564,0.047466666666666664,0.2631578947368421,0.07407407407407407,20.633802816901408,45.59034515804758
"Shoemaker, Adam",692248.0,QUE_CAP,Sinker,L,25,13,0.24791990652836252,0.03572,0.3,0.2,44.19014084507042,58.49360756764647
"Ronne, Andrew",701809.0,GAT_GRI,Four-Seam,L,60,34,0.23124337123407412,0.049933333333333337,0.13636363636363635,0.11764705882352941,31.40845070422535,55.74019818327256
"DeCastro, Justin",1000214319.0,LON_ISL22,Changeup,L,40,42,0.27753133711472894,0.122875,0.25,0.23076923076923078,57.394366197183096,43.61973344441181
"Parenteau, Matt",1000091037.0,EVA_OTT,Four-Seam,R,38,16,0.26790609222298184,0.09728947368421052,0.26666666666666666,0.2,33.20422535211267,61.18729440048115
"Leak, Anthony",1000264276.0,NEW_YOR13,Slider,L,48,33,0.15195720509349483,0.042833333333333334,0.2727272727272727,0.07142857142857142,69.01408450704226,35.499687072709705
"Kaminer, Brandon",690510.0,DOW_EAS1,Slider,R,66,27,0.22246277603138948,0.060939393939393946,0.16666666666666666,0.10526315789473684,61.93661971830986,41.41899235138676
"Rodriguez, Luis",693543.0,TRO_AIG,Four-Seam,L,118,39,0.20237231372426848,0.06428813559322033,0.2631578947368421,0.038461538461538464,22.640845070422536,52.32698210627167
"Barker, Alex",1000106691.0,NEW_YOR13,Curveball,R,43,18,0.21728619447160522,0.029418604651162788,0.0625,0.07142857142857142,73.97887323943661,50.1211335939983
"Miranda, Kevin",806656.0,OTT_TIT,Four-Seam,L,70,47,0.24782090087161351,0.09772857142857143,0.14285714285714285,0.18518518518518517,41.02112676056338,55.868571369439614
"Noriega, Branden",804447.0,LAK_ERI24,Curveball,R,61,10,0.24183370449238795,0.04077049180327869,0.6190476190476191,0.0,70.49295774647888,40.90814964725749
"Alpern, Liam",1000137537.0,FLO_Y'A,Four-Seam,R,178,68,0.23632694201093601,0.09293258426966292,0.171875,0.14285714285714285,51.901408450704224,43.108152730386806
"Forsyth, Braden",687732.0,MIS_MUD,Four-Seam,R,106,56,0.1734248708397378,0.08349999999999999,0.22727272727272727,0.15625,38.063380281690144,54.548782547822086
"Barker, Alex",1000106691.0,NEW_YOR13,Changeup,R,61,11,0.31469871339475375,0.09836065573770492,0.4166666666666667,0.3,62.04225352112676,55.44173802314079
"Williams, Brian",1000079778.0,MIS_MUD,Slider,L,63,40,0.3357466999908048,0.09741269841269841,0.35,0.15384615384615385,68.90845070422534,45.73929035083292
"Eldred, Zach",1000227712.0,NEW_ENG23,Sinker,R,30,18,0.1781017238819266,0.07216666666666667,0.15384615384615385,0.0,40.598591549295776,45.611496951892114
"Phelps, Travis",1000568112.0,FLO_Y'A,Four-Seam,R,47,21,0.30883078415242526,0.10174468085106383,0.1875,0.3076923076923077,35.316901408450704,61.32105062234919
"Andueza, Axel",672847.0,DOW_EAS1,Four-Seam,R,103,93,0.183611400875425,0.06767961165048544,0.13725490196078433,0.1,30.140845070422536,49.4330238256325
"Good, Ty",688612.0,GAT_GRI,Four-Seam,L,84,77,0.20151085710493002,0.05729761904761904,0.19047619047619047,0.2,37.21830985915493,39.86481885666439
"Bargo, Casey",1000057987.0,FLO_Y'A,Sinker,L,33,20,0.20175112066806206,0.14584848484848487,0.4117647058823529,0.1,24.964788732394368,49.39100507973647
"Kaminer, Brandon",690510.0,DOW_EAS1,Four-Seam,L,46,50,0.17166417690101743,0.1081304347826087,0.25,0.0,45.56338028169014,26.37354388903882
"Sparks, Alec",836152.0,GAT_GRI,Slider,R,74,23,0.22157296183631436,0.06901351351351352,0.32142857142857145,0.1875,75.35211267605634,53.21742984000862
"Langrell, Connor",815223.0,MIS_MUD,Cutter,R,101,55,0.24485178310313938,0.044207920792079206,0.18867924528301888,0.175,52.11267605633802,42.93578390959284
"Roland, Cole",813401.0,QUE_CAP,Changeup,L,38,17,0.2692892387211024,0.17128947368421055,0.25,0.18181818181818182,56.33802816901408,41.94786162122203
"Milburn, Isaac",830926.0,FLO_Y'A,Curveball,R,84,15,0.1935675174449754,0.06852380952380953,0.21739130434782608,0.1,71.33802816901408,40.27262594478356
"Kirby, Zach",813716.0,WAS_WIL3,Four-Seam,R,161,113,0.23272143365260337,0.0621304347826087,0.14457831325301204,0.1206896551724138,41.866197183098585,47.05380281427206
"Delaney, Carter",1000039247.0,WIN_CIT29,Four-Seam,L,35,20,0.2561817544976177,0.0,0.26666666666666666,0.2222222222222222,40.38732394366197,37.55208255778697
"Cook, Cole",1000161363.0,SCH_BOO,Four-Seam,R,99,61,0.2751251744818323,0.1582727272727273,0.1111111111111111,0.15151515151515152,57.9225352112676,60.65010129249164
"Daly, Ryan",831333.0,JOL_SLA,Changeup,L,92,32,0.2872060963185953,0.0826195652173913,0.4,0.25,64.47183098591549,55.99172958436635
"Galva, Claudio",669996.0,GAT_GRI,Slider,R,46,31,0.2865739718430255,0.16091304347826088,0.2727272727272727,0.23076923076923078,60.77464788732394,51.09155740874919
"Kelly, Aiden",1000062337.0,TRI_VAL,Four-Seam,R,59,53,0.22403479234712012,0.10806779661016948,0.2916666666666667,0.21428571428571427,35.63380281690141,59.5489651917982
"McEvoy, Aidan",1000079355.0,FLO_Y'A,Sinker,L,27,34,0.18529927017743442,0.059037037037037034,0.36363636363636365,0.0,49.5774647887324,45.53963816658724
"Pardinho, Eric",672078.0,OTT_TIT,Four-Seam,R,39,42,0.20882196876139061,0.08666666666666667,0.16666666666666666,0.13333333333333333,22.112676056338028,44.00423425824578
"Kines, Gunnar",665129.0,JOL_SLA,Changeup,L,60,65,0.27524663637776703,0.17851666666666668,0.23529411764705882,0.38095238095238093,75.66901408450704,36.32235600661159
"Sparks, Alec",836152.0,GAT_GRI,Slider,L,34,23,0.2999053135106938,0.03720588235294117,0.3076923076923077,0.2857142857142857,75.35211267605634,52.45295597420076
"Ferguson, Francis",823799.0,WIN_CIT29,Four-Seam,R,62,21,0.23925490763167906,0.05141935483870967,0.18518518518518517,0.15789473684210525,42.8169014084507,53.638058767278125
"Villalobos, Jonaiker",665690.0,FLO_Y'A,Changeup,R,104,44,0.2329999618389309,0.1118076923076923,0.15217391304347827,0.22857142857142856,65.4225352112676,57.83900189674731
"Blair, Davis",836357.0,DOW_EAS1,Slider,L,38,19,0.22638745879448977,0.06121052631578947,0.3181818181818182,0.0,66.26760563380282,47.22573260425903
"Bargo, Casey",1000057987.0,FLO_Y'A,Sinker,R,29,20,0.2179209674066433,0.061586206896551726,0.1875,0.2,24.964788732394368,48.16969605707262
"Petschke, Ben",814386.0,EVA_OTT,Four-Seam,L,70,45,0.29282189575157663,0.15274285714285715,0.0967741935483871,0.20833333333333334,36.79577464788733,52.85177970401955
"Leak, Anthony",1000264276.0,NEW_YOR13,Sinker,R,61,25,0.23281344980793248,0.12840983606557377,0.07692307692307693,0.15,34.683098591549296,39.76481621860649
"Vega, Lucas",837223.0,TRO_AIG,Four-Seam,L,60,26,0.2692859191500758,0.053649999999999996,0.3076923076923077,0.3125,32.147887323943664,48.11917500242963
"MacMillan, Blake",832350.0,TRO_AIG,Four-Seam,L,38,28,0.23134709858371416,0.04194736842105263,0.21052631578947367,0.15384615384615385,50.1056338028169,23.83928864352005
"Dill, Austin",1000429156.0,TRI_VAL,Four-Seam,R,61,33,0.22616626969857886,0.13283606557377048,0.14285714285714285,0.18181818181818182,39.54225352112677,56.65923497028106
"Wiltse, Ryan",813813.0,EVA_OTT,Curveball,L,61,10,0.24480468681766349,0.10111475409836065,0.3157894736842105,0.3,77.46478873239437,47.38059513978139
"Castro, Alexander",669418.0,TRO_AIG,Four-Seam,L,38,29,0.2914853014152645,0.10739473684210525,0.23076923076923078,0.08333333333333333,21.056338028169016,43.71483858456444
"Sanchez, Edwin",835958.0,LAK_ERI24,Curveball,L,29,12,0.37152318579633326,0.043620689655172414,0.5294117647058824,0.0,76.09154929577466,46.07382317390437
"Williams, Pierce",1000337420.0,NEW_ENG23,Changeup,L,106,73,0.2220646009860457,0.10833018867924529,0.28846153846153844,0.1875,66.05633802816901,48.249318794883685
"Saturria, Michael",800014.0,NEW_ENG23,Slider,L,62,39,0.2670651676032281,0.17149999999999999,0.3793103448275862,0.2,76.83098591549295,48.20947182237464
"Binns, Malik",702238.0,NEW_JER6,Four-Seam,L,28,17,0.28434595506989285,0.1791785714285714,0.2,0.2727272727272727,29.718309859154928,52.475202190739495
"Peyton, Blake",1000017005.0,GAT_GRI,Four-Seam,R,130,50,0.22892034750740228,0.05582307692307692,0.26785714285714285,0.16666666666666666,51.79577464788732,49.53133378892851
"Webster, Evan",804248.0,FLO_Y'A,Four-Seam,L,87,92,0.22897495730849657,0.05959770114942528,0.1891891891891892,0.10714285714285714,53.06338028169014,47.39108682848932
"Cooper, Garrett",1000327042.0,NEW_YOR13,Slider,R,36,18,0.1962662856905323,0.04427777777777778,0.2631578947368421,0.15384615384615385,69.75352112676056,39.38837471066712
"Townes, Holland",830218.0,SCH_BOO,Four-Seam,R,51,40,0.2658097341103647,0.10496078431372549,0.20689655172413793,0.10526315789473684,21.795774647887324,62.157698025967925
"Turner, Eric",1000080978.0,JOL_SLA,Four-Seam,L,150,83,0.26616300375213564,0.12838000000000002,0.16176470588235295,0.18181818181818182,33.62676056338028,49.61154168026569
"Moore, Kyle",1000517760.0,SCH_BOO,Curveball,R,60,19,0.2650170179909039,0.06305,0.10526315789473684,0.16666666666666666,75.45774647887325,56.38618038037309
"Eckaus, David",824671.0,EVA_OTT,Four-Seam,R,37,31,0.3048286806845091,0.07727027027027027,0.0,0.3,48.732394366197184,44.53781010899448
"Saturria, Michael",800014.0,NEW_ENG23,Slider,R,82,39,0.2020184524689956,0.026317073170731706,0.35555555555555557,0.20833333333333334,76.83098591549295,47.5471738137498
"Burcham, Jacob",1000122547.0,GAT_GRI,Slider,R,42,23,0.1872411300515613,0.13585714285714284,0.2777777777777778,0.25,72.5,57.91027034789112
"Figueredo, Kevin",1000210447.0,WIN_CIT29,Changeup,L,37,27,0.18183929266605703,0.03789189189189189,0.05555555555555555,0.16666666666666666,54.43661971830986,45.10527382504202
"Pardinho, Eric",672078.0,OTT_TIT,Four-Seam,L,84,42,0.20935558119638142,0.08033333333333333,0.225,0.07407407407407407,22.112676056338028,42.10282576747044
"Morgan, Cooper",692707.0,QUE_CAP,Sinker,L,30,12,0.10355960137286242,0.024399999999999998,0.4166666666666667,0.0,54.85915492957746,42.0699631802048
"Foy, Corbin",813822.0,LAK_ERI24,Slider,R,41,19,0.2823824304833302,0.12063414634146341,0.13333333333333333,0.2727272727272727,71.12676056338027,54.02745393950956
"Sanchez, Edwin",835958.0,LAK_ERI24,Sinker,L,47,28,0.2492166115555279,0.09357446808510637,0.14285714285714285,0.0,55.17605633802817,53.222657570761456
"Odonnell, Brendan",1000423478.0,NEW_ENG23,Slider,R,51,19,0.23832825319893058,0.091078431372549,0.5172413793103449,0.16666666666666666,61.61971830985915,30.45336037662188
"Barraza, Chris",696511.0,MIS_MUD,Four-Seam,L,166,82,0.16549397374117972,0.04932738095238095,0.36470588235294116,0.1276595744680851,25.38732394366197,43.77221871574283
"Salata, Derek",1000057774.0,SCH_BOO,Slider,R,100,27,0.3073591757087311,0.03752,0.23076923076923078,0.18518518518518517,75.98591549295773,74.7063416073349
"Parsons, Billy",698892.0,SUS_COU1,Four-Seam,R,127,80,0.22581728876089854,0.0970787401574803,0.2916666666666667,0.2727272727272727,31.19718309859155,54.89850195949781
"Escobar, Anthony",678673.0,TRO_AIG,Four-Seam,R,108,74,0.25746133826769646,0.06509259259259259,0.23404255319148937,0.1,35.1056338028169,51.78076664614759
"Simpson, Garret",1000073158.0,EVA_OTT,Cutter,R,28,22,0.28287877416901364,0.201,0.13333333333333333,0.23076923076923078,62.46478873239436,41.47914974731383
"Whitesell, Max",1000223610.0,FLO_Y'A,Four-Seam,R,64,48,0.2181046036546274,0.09215625,0.21428571428571427,0.15,36.47887323943662,53.794284776781126
"Puccetti, Dominic",1000266076.0,OTT_TIT,Four-Seam,R,153,85,0.24527306941463042,0.09022222222222222,0.21739130434782608,0.2,46.30281690140845,51.10481787477014
"Salata, Derek",1000057774.0,SCH_BOO,Four-Seam,R,161,114,0.24521878688075946,0.10545341614906834,0.2073170731707317,0.2033898305084746,41.44366197183099,52.11760297396484
"Williams, Pierce",1000337420.0,NEW_ENG23,Changeup,R,176,73,0.26875306290146783,0.0985284090909091,0.37662337662337664,0.12195121951219512,66.05633802816901,46.43854494524171
"Garcia, Hector",815312.0,WAS_WIL3,Four-Seam,R,96,63,0.25158215688670904,0.04838541666666666,0.4528301886792453,0.14814814814814814,36.58450704225352,57.229952702758816
"Cooper, Garrett",1000327042.0,NEW_YOR13,Curveball,L,38,28,0.2273755436718555,0.047,0.18181818181818182,0.21428571428571427,76.61971830985917,46.39241790226871
"Bice, Emmett",828456.0,NEW_YOR13,Slider,L,104,62,0.21625356761151093,0.09636538461538462,0.1774193548387097,0.08888888888888889,66.79577464788733,34.04570844875748
"Rodriguez, Luis",693543.0,TRO_AIG,Four-Seam,R,67,39,0.3354882852905704,0.20726865671641792,0.2222222222222222,0.38461538461538464,22.640845070422536,47.26604797182349
"Milburn, Isaac",830926.0,FLO_Y'A,Sinker,L,43,32,0.24765277262704688,0.1583720930232558,0.10526315789473684,0.18181818181818182,49.471830985915496,43.68710364922913
"Ginn, Landon",701061.0,WAS_WIL3,Four-Seam,L,52,36,0.2748220421586193,0.11169230769230769,0.06666666666666667,0.17391304347826086,35.2112676056338,39.14224385816806
"Vitas, Ben",1000076969.0,JOL_SLA,Four-Seam,R,52,37,0.2022963949288491,0.09984615384615385,0.20833333333333334,0.0,22.535211267605632,47.05003859764488
"Albert, Wes",670784.0,TRI_VAL,Four-Seam,L,71,36,0.212866378770648,0.05207042253521127,0.25925925925925924,0.10526315789473684,33.41549295774648,39.4650983451474
"McEvoy, Aidan",1000079355.0,FLO_Y'A,Four-Seam,L,35,20,0.136229050552906,0.14211428571428572,0.0,0.08333333333333333,49.04929577464789,39.11984456354085
"Simpson, Garret",1000073158.0,EVA_OTT,Cutter,L,36,22,0.2265977402730734,0.04427777777777778,0.5217391304347826,0.1111111111111111,62.46478873239436,40.022813757632846
"Cook, Avery",690004.0,WIN_CIT29,Sinker,L,56,24,0.2010516013794848,0.06485964912280702,0.1111111111111111,0.23076923076923078,34.894366197183096,44.885344138428
"Heredia-Bustos, Rolando",837343.0,DOW_EAS1,Changeup,R,42,52,0.25418908144961777,0.05138095238095238,0.2777777777777778,0.2,60.56338028169014,54.361435948678384
"Figueredo, Kevin",1000210447.0,WIN_CIT29,Changeup,R,74,27,0.3104864829492931,0.06244594594594594,0.38461538461538464,0.2,54.43661971830986,42.733806782932376
"Pierson, Kenny",1000055344.0,LAK_ERI24,Changeup,L,41,35,0.21662575982812454,0.07851219512195122,0.13333333333333333,0.1,76.72535211267605,40.98821741145076
"Delongchamp, Luke",802194.0,TRI_VAL,Changeup,L,40,36,0.21632282281482998,0.127675,0.21052631578947367,0.21428571428571427,52.74647887323944,54.07736185306521
"Lefebvre, Charles",1000429097.0,TRO_AIG,Sinker,R,118,78,0.18269436981991866,0.10199152542372882,0.15873015873015872,0.18604651162790697,32.570422535211264,43.63757593180704
"Joven, Art",1000048892.0,MIS_MUD,Sinker,R,127,52,0.24750543427113586,0.09371653543307086,0.024390243902439025,0.18421052631578946,56.97183098591549,44.377651768051976
"Scott, Brandon",1000138331.0,LAK_ERI24,Four-Seam,L,95,90,0.24507283743151811,0.08895789473684211,0.15151515151515152,0.2222222222222222,50.52816901408451,47.170220839690806
"Smith, Ethan",680733.0,WIN_CIT29,Four-Seam,R,84,67,0.2151386547741821,0.14294047619047617,0.16279069767441862,0.13157894736842105,38.59154929577464,57.52926831526496
"Hagan, Jack",699522.0,DOW_EAS1,Slider,L,43,28,0.1691253971885974,0.11755813953488371,0.3157894736842105,0.16666666666666666,65.2112676056338,29.2234259941586
"Henderson, Drew",1000429021.0,DOW_EAS1,Changeup,R,34,23,0.3147670388099817,0.02061764705882353,0.375,0.14285714285714285,54.01408450704225,43.872608016048495
"Balzan, Jackson",827496.0,SUS_COU1,Sinker,R,54,30,0.22807650898353124,0.10255555555555557,0.07692307692307693,0.14285714285714285,56.02112676056338,41.268157793928445
"Andueza, Axel",672847.0,DOW_EAS1,Changeup,L,48,14,0.2359340998240683,0.0478125,0.30434782608695654,0.15384615384615385,52.42957746478873,52.06076665579692
"Fowler, Dalton",687096.0,SUS_COU1,Four-Seam,R,46,20,0.3090086370075731,0.12728260869565217,0.08333333333333333,0.375,42.6056338028169,39.01378160681912
"Cihocki, Danny",1000368111.0,NIU_HUS,Four-Seam,R,35,21,0.2505894170025604,0.1298,0.06666666666666667,0.3333333333333333,39.014084507042256,49.91035510806192
"Leach, Landon",667743.0,TRO_AIG,Sinker,R,44,20,0.27014094781670117,0.09274999999999999,0.23809523809523808,0.13333333333333333,21.690140845070424,69.94113517132092
"Salata, Derek",1000057774.0,SCH_BOO,Cutter,R,39,18,0.2610967023882318,0.13707692307692307,0.1875,0.08333333333333333,43.23943661971831,49.86929440560103
"Bargo, Casey",1000492781.0,NEW_ENG23,Four-Seam,R,67,45,0.25626417542270064,0.167,0.19230769230769232,0.3157894736842105,26.232394366197184,56.27890059775461
"Steinhauer, Ryan",1000424762.0,NEW_JER6,Four-Seam,L,28,18,0.29075144533122854,0.13999999999999999,0.1,0.5,54.11971830985915,51.16579313043815
"Sittinger, Brandyn",670087.0,LAK_ERI24,Slider,R,41,21,0.260484927203187,0.06534146341463415,0.36,0.16666666666666666,58.0281690140845,53.848430419688775
"Willeman, Landon",812254.0,EVA_OTT,Curveball,R,37,12,0.24352203943494022,0.10383783783783783,0.3333333333333333,0.14285714285714285,74.50704225352112,54.59168727462247
"Galva, Claudio",669996.0,GAT_GRI,Slider,L,71,31,0.1829986075041064,0.09801408450704224,0.4411764705882353,0.16666666666666666,60.77464788732394,45.58871666468487
"Webster, Evan",804248.0,FLO_Y'A,Four-Seam,R,182,92,0.22418309064853087,0.07922404371584699,0.24468085106382978,0.125,53.06338028169014,43.304894910530535
"Miranda, Kevin",806656.0,OTT_TIT,Changeup,L,51,19,0.2551263778941224,0.08015686274509803,0.3870967741935484,0.14285714285714285,58.767605633802816,46.90936666422211
"Cerda, Junior",693702.0,EVA_OTT,Four-Seam,L,54,25,0.24393490198162335,0.05294444444444445,0.27586206896551724,0.058823529411764705,21.37323943661972,38.0560771356206
"Debban, Caleb",1000551056.0,NEW_JER6,Cutter,R,34,11,0.26535554378442566,0.1073529411764706,0.09090909090909091,0.14285714285714285,45.24647887323944,45.03650200544667
"Ryan, Dillon",1000132418.0,NEW_ENG23,Sinker,L,107,45,0.21736417922541257,0.08553271028037382,0.32,0.10714285714285714,28.450704225352112,49.69085237839483
"Bell, Brendan",681141.0,NEW_ENG23,Four-Seam,R,31,26,0.26289744574085455,0.10383870967741934,0.0,0.15384615384615385,33.098591549295776,34.2347885497026
"Parra, Andres",800365.0,LAK_ERI24,Four-Seam,R,177,76,0.23282146582886493,0.10593258426966291,0.14473684210526316,0.16666666666666666,51.37323943661972,44.5375183382654
"Barreto, Brayhans",810980.0,TRI_VAL,Sinker,L,30,29,0.27643416140441873,0.1658,0.25,0.125,53.80281690140845,50.62842767748775
"Serrano, Elio",665939.0,NEW_JER6,Four-Seam,L,112,66,0.20935108158809787,0.11572321428571429,0.21875,0.15555555555555556,32.04225352112676,48.55814114507835
"House, Tristan",1000248636.0,MIS_MUD,Four-Seam,R,105,73,0.22526774192646817,0.13024761904761906,0.10638297872340426,0.1282051282051282,36.05633802816901,61.00772368441399
"Salata, Derek",1000057774.0,SCH_BOO,Four-Seam,L,159,114,0.23291342359095143,0.05322641509433962,0.18181818181818182,0.12727272727272726,41.44366197183099,48.34039040682907
"Baker, Luke",694914.0,EVA_OTT,Curveball,L,37,11,0.26205918174146614,0.05410526315789474,0.3125,0.25,76.93661971830986,48.5396871967401
"Willeman, Landon",812254.0,EVA_OTT,Four-Seam,R,138,89,0.2719432058425032,0.12032608695652174,0.08695652173913043,0.27450980392156865,28.34507042253521,57.59781161543942
"Chapple, Bronson",1000218472.0,TRO_AIG,Four-Seam,R,49,29,0.24511581445429625,0.06569387755102041,0.0625,0.15384615384615385,36.267605633802816,63.72121449489937
"Salata, Derek",1000057774.0,SCH_BOO,Cutter,L,26,18,0.19617293773212285,0.09565384615384616,0.2222222222222222,0.0,43.23943661971831,48.36228336795507
"Galva, Claudio",669996.0,GAT_GRI,Changeup,R,45,13,0.28053857694308015,0.05953333333333334,0.2222222222222222,0.08333333333333333,53.90845070422535,54.26685094191885
"Perdomo, Rafael",1000557553.0,QUE_CAP,Four-Seam,R,57,64,0.15997876382977547,0.043631578947368424,0.05714285714285714,0.13333333333333333,38.80281690140845,53.17552090804308
"Coles, Chad",694311.0,WAS_WIL3,Four-Seam,R,62,36,0.25724326022133376,0.09076190476190477,0.3157894736842105,0.21052631578947367,25.91549295774648,56.43323448455184
"Linderman, Greyson",1000124562.0,JOL_SLA,Four-Seam,R,28,23,0.34377566406498183,0.19414285714285714,0.16666666666666666,0.3,20.422535211267604,51.5612808256775
"Heredia-Bustos, Rolando",837343.0,DOW_EAS1,Changeup,L,120,52,0.2762586529441912,0.13635833333333333,0.22033898305084745,0.16666666666666666,60.56338028169014,51.6371657739036
"Forsyth, Braden",687732.0,MIS_MUD,Slider,L,30,21,0.37914440049277964,0.11266666666666666,0.18181818181818182,0.14285714285714285,74.19014084507043,44.66363473476682
"Parenteau, Matt",1000091037.0,EVA_OTT,Four-Seam,L,28,16,0.17234855684480313,0.15539285714285714,0.0,0.16666666666666666,33.20422535211267,52.39674782515719
"Cook, Cole",1000161363.0,SCH_BOO,Cutter,L,28,30,0.23495629752314776,0.17275,0.3333333333333333,0.1,68.38028169014083,51.14678199656228
"Gollert, Harley",8890793.0,QUE_CAP,Changeup,R,38,13,0.21289199195408184,0.14510526315789474,0.3684210526315789,0.25,62.35915492957746,55.94690608268045
"Barreto, Brayhans",810980.0,TRI_VAL,Four-Seam,L,38,28,0.2618832634672838,0.08863157894736842,0.0,0.08333333333333333,51.26760563380281,70.40751161617939
"Aldeano, Austin",699054.0,TRO_AIG,Changeup,L,46,16,0.22059509217300746,0.027499999999999997,0.23809523809523808,0.07692307692307693,56.44366197183098,44.60775600345896
"Bell, Brendan",681141.0,NEW_ENG23,Changeup,L,41,13,0.2119546321166888,0.06914634146341464,0.23076923076923078,0.3,50.95070422535211,51.7960875229893
"Phelps, Travis",,FLO_Y'A,Four-Seam,R,35,18,0.27309627211271775,0.04554285714285714,0.5,0.08333333333333333,36.901408450704224,62.84815037173448
"Campbell, Tyler",809429.0,MIS_MUD,Slider,R,55,22,0.27475741089232536,0.11016363636363637,0.3548387096774194,0.17647058823529413,78.52112676056339,50.26421837225491
"Noble, Nick",1000397875.0,FDU_KNI,Changeup,L,46,23,0.26329794504252513,0.12208695652173912,0.058823529411764705,0.07142857142857142,57.2887323943662,59.458277881158025
"Eckaus, David",824671.0,EVA_OTT,Slider,R,25,12,0.24030745188165556,0.08224000000000001,0.4,0.2,65.52816901408451,35.67445661865867
"Linderman, Greyson",1000124562.0,JOL_SLA,Sinker,L,39,18,0.2815279305361314,0.16689743589743591,0.35,0.07692307692307693,20.316901408450704,53.18639736364676
"Cook, Avery",690004.0,WIN_CIT29,Sinker,R,56,24,0.28025628961903243,0.128375,0.10526315789473684,0.18181818181818182,34.894366197183096,41.29625980323196
"Harper, Scott",1000241275.0,NEW_YOR13,Sinker,R,67,31,0.31840173936462496,0.1703283582089552,0.15384615384615385,0.17647058823529413,30.45774647887324,38.66727792094826
"Maietta, Dante",1000137704.0,WIN_CIT29,Four-Seam,R,97,65,0.20250959849118064,0.08075257731958763,0.14583333333333334,0.18181818181818182,37.74647887323944,43.935245072248215
"Helt, Robert",836007.0,LAK_ERI24,Curveball,L,62,18,0.21421855070224982,0.040112903225806455,0.52,0.25,75.24647887323944,42.6208989708229
"Blair, Davis",836357.0,DOW_EAS1,Four-Seam,R,111,62,0.28142492236392724,0.12080180180180179,0.22448979591836735,0.34375,24.753521126760564,55.01191016495925
"Scott, Brandon",1000138331.0,LAK_ERI24,Slider,R,48,24,0.2398345765802871,0.07441666666666667,0.16666666666666666,0.25,73.13380281690141,59.34661193875056
"Godwin, Connor",802684.0,NEW_YOR13,Sinker,R,81,48,0.26470977451267774,0.12676543209876545,0.15151515151515152,0.15384615384615385,22.74647887323944,51.22422248653928
"Johnston, Spencer",800918.0,DOW_EAS1,Changeup,L,167,82,0.23763295473251908,0.0904491017964072,0.3111111111111111,0.18867924528301888,62.781690140845065,41.56524856195063
"Armstrong, Andrew",803262.0,NEW_YOR13,Sinker,L,25,22,0.35883086232208494,0.1352,0.18181818181818182,0.375,52.53521126760564,37.09158917032245
"Hicks, Jackson",703104.0,DOW_EAS1,Slider,R,74,27,0.2539220460974773,0.10447297297297298,0.34210526315789475,0.17647058823529413,69.54225352112675,45.51238331319685
"Johnston, Spencer",800918.0,DOW_EAS1,Changeup,R,92,82,0.2520905184270839,0.07394565217391304,0.22727272727272727,0.2413793103448276,62.781690140845065,41.50264613871599
"Encarnacion, J.D.",1000563022.0,EVA_OTT,Four-Seam,R,84,59,0.22159004942856977,0.07664285714285714,0.26666666666666666,0.18518518518518517,40.17605633802817,53.6442246869047
"Leak, Anthony",1000264276.0,NEW_YOR13,Four-Seam,L,31,29,0.25033153201222424,0.1256774193548387,0.11764705882352941,0.13333333333333333,34.57746478873239,67.92393910862705
"Baird, Dustin",1000027580.0,MIS_MUD,Four-Seam,R,41,20,0.24172800804113542,0.10953658536585364,0.0,0.14285714285714285,31.091549295774648,41.64569559529177
"Hill, Kaleb",1000371973.0,OTT_TIT,Slider,L,29,12,0.31903481432811664,0.12586206896551724,0.2857142857142857,0.2857142857142857,68.59154929577466,47.18034262755825
"Henderson, Drew",1000429021.0,DOW_EAS1,Curveball,L,66,53,0.2786512569021694,0.13968181818181818,0.20689655172413793,0.4,75.77464788732394,40.05308071873614
"Bohnert, Matthew",810066.0,WIN_CIT29,Four-Seam,L,85,57,0.2558846372510487,0.07283529411764705,0.21951219512195122,0.16666666666666666,42.9225352112676,58.24782544162871
"Hensey, Rob",802996.0,SUS_COU1,Four-Seam,L,31,26,0.2413138006166851,0.028806451612903225,0.07692307692307693,0.2727272727272727,45.66901408450704,42.04699778845551
"Townes, Holland",830218.0,SCH_BOO,Four-Seam,L,51,40,0.26964139363914236,0.06603921568627451,0.14285714285714285,0.23809523809523808,21.795774647887324,55.07988967245961
"Johnston, Spencer",800918.0,DOW_EAS1,Slider,L,83,73,0.19581026330783935,0.08701204819277109,0.2222222222222222,0.08108108108108109,69.22535211267606,27.96343820743839
"Kelly, Aiden",1000062337.0,TRI_VAL,Four-Seam,L,89,53,0.262037441590153,0.11595505617977528,0.09090909090909091,0.2564102564102564,35.63380281690141,50.71466567772004
"Garcia, Jorge",1000221236.0,SUS_COU1,Four-Seam,L,33,16,0.18916143742863772,0.08663636363636364,0.36363636363636365,0.2857142857142857,43.0281690140845,34.25303344601368
"Leach, Landon",667743.0,TRO_AIG,Four-Seam,R,47,38,0.20889757741061094,0.12074468085106382,0.2,0.06666666666666667,23.80281690140845,48.83897522771309
"Delongchamp, Luke",802194.0,TRI_VAL,Sinker,R,37,14,0.32864143217902936,0.11548648648648648,0.0,0.25,43.45070422535211,59.05830645539088
"Bradford, Ethan",688428.0,NEW_YOR13,Sinker,L,44,43,0.2439890664127286,0.07681818181818181,0.05,0.1875,48.309859154929576,56.77248486142325
"Blair, Davis",836357.0,DOW_EAS1,Four-Seam,L,93,62,0.18968333420957031,0.11787096774193548,0.13636363636363635,0.13333333333333333,24.753521126760564,54.1136852486251
"Woolfolk, Dallas",663762.0,MIS_MUD,Four-Seam,R,53,21,0.20284273401422492,0.10596226415094338,0.19230769230769232,0.2,23.908450704225352,43.17726074055424
"Phelps, Travis",1000568112.0,FLO_Y'A,Four-Seam,L,33,21,0.2016015997472223,0.0483030303030303,0.1,0.125,35.316901408450704,51.088440592947656
"Marklund, Brandon",647282.0,OTT_TIT,Four-Seam,L,104,41,0.29444709141110603,0.06977884615384615,0.2631578947368421,0.2692307692307692,25.492957746478872,47.99619974523476
"Smith, Ethan",680733.0,WIN_CIT29,Slider,L,28,12,0.34528065600173696,0.08882142857142858,0.2,0.16666666666666666,73.55633802816901,45.14066728899283
"Daly, Ryan",831333.0,JOL_SLA,Changeup,R,43,32,0.2479662988944575,0.0856046511627907,0.28,0.25,64.47183098591549,46.42058878843512
"Lovin, Xander",815234.0,GAT_GRI,Slider,L,50,27,0.26484672367720835,0.11984,0.45,0.1111111111111111,60.98591549295774,50.44951952822662
"Pindel, Buddie",1000054422.0,SCH_BOO,Four-Seam,R,100,74,0.21644131507582828,0.06251000000000001,0.10909090909090909,0.1276595744680851,30.56338028169014,39.0992697251673
"Andueza, Axel",672847.0,DOW_EAS1,Four-Seam,L,164,93,0.25141786583792497,0.08778658536585365,0.13095238095238096,0.14285714285714285,30.140845070422536,39.120659468156205
"MacMillan, Blake",832350.0,TRO_AIG,Cutter,L,37,25,0.27047658177327755,0.1304054054054054,0.15384615384615385,0.18181818181818182,50.84507042253521,41.785124495269045
"Petschke, Ben",814386.0,EVA_OTT,Cutter,L,128,71,0.24193133835800398,0.065875,0.18032786885245902,0.16279069767441862,37.95774647887323,49.38657810614041
"Potteiger, Jack",1000565185.0,JOL_SLA,Sinker,L,46,23,0.1904781091103562,0.10395652173913043,0.05555555555555555,0.15384615384615385,48.098591549295776,47.81737643846027
"Chapple, Bronson",1000218472.0,TRO_AIG,Four-Seam,L,46,29,0.3309658321271318,0.1284782608695652,0.05263157894736842,0.375,36.267605633802816,60.74104546822216
"Campbell, AJ",1000132168.0,WIN_CIT29,Slider,L,62,47,0.3025004257996074,0.09279032258064517,0.10714285714285714,0.3684210526315789,74.40140845070422,44.72989633467518
"Orth, Harry",1000145875.0,SCH_BOO,Sinker,L,38,22,0.32160295777110387,0.07760526315789473,0.2608695652173913,0.26666666666666666,24.11971830985916,47.62385368267759
"Vailes, Gage",1000050773.0,GAT_GRI,Sinker,R,112,73,0.2432683445596346,0.07315178571428571,0.15384615384615385,0.10256410256410256,21.267605633802816,48.02103265837885
"Villalobos, Jonaiker",665690.0,FLO_Y'A,Four-Seam,L,129,103,0.2480978633877577,0.10692248062015504,0.22807017543859648,0.225,52.95774647887324,56.40034405794653
"Perdomo, Rafael",1000557553.0,QUE_CAP,Four-Seam,L,108,64,0.2847110484240869,0.08851851851851852,0.25925925925925924,0.3235294117647059,38.80281690140845,49.738641621366455
"Fowler, Dalton",687096.0,SUS_COU1,Sinker,L,26,10,0.30436194538360806,0.18692307692307691,0.5454545454545454,0.25,43.55633802816901,53.46487935060141
"Parsons, Billy",698892.0,SUS_COU1,Slider,L,86,49,0.25210567979493287,0.04522093023255814,0.375,0.3125,68.27464788732394,57.77676861149249
"Williams, Brian",1000079778.0,MIS_MUD,Four-Seam,R,195,143,0.22190208897182032,0.11196923076923077,0.19101123595505617,0.24615384615384617,39.85915492957746,56.78157912742733
"Lovin, Xander",815234.0,GAT_GRI,Slider,R,45,27,0.2733091529589331,0.11348888888888889,0.2,0.2777777777777778,60.98591549295774,49.2382168652664
"Petschke, Ben",814386.0,EVA_OTT,Cutter,R,82,71,0.2370299589771359,0.1259390243902439,0.08108108108108109,0.21428571428571427,37.95774647887323,48.17699266634064
"Simone, Andrew",1000132681.0,TRO_AIG,Four-Seam,R,65,34,0.22398366635795522,0.08483076923076924,0.2413793103448276,0.2,30.880281690140844,61.939585662504605
"Wilson, Bradley",1000073000.0,FLO_Y'A,Four-Seam,R,38,23,0.21978141394575335,0.09605263157894736,0.2608695652173913,0.13333333333333333,33.83802816901408,35.058921775943766
"De Los Santos, Enmanuel",679735.0,NEW_ENG23,Four-Seam,L,46,26,0.3458287732559699,0.18619565217391304,0.2727272727272727,0.3333333333333333,42.3943661971831,66.65137502032181
"Harris, Ben",1000390130.0,GAT_GRI,Changeup,L,99,46,0.238463661506251,0.05933333333333333,0.3508771929824561,0.25,50.2112676056338,48.27938366719072
"Almonte, Lisandro",1000570068.0,NEW_JER6,Four-Seam,L,54,24,0.236833998268411,0.1544814814814815,0.15,0.05555555555555555,20.211267605633804,34.00570487077902
"Parra, Andres",800365.0,LAK_ERI24,Four-Seam,L,63,76,0.26038968141053326,0.09617460317460318,0.12,0.09090909090909091,51.37323943661972,39.85728098390404
"Smith, Jackson",1000333915.0,MIS_MUD,Sinker,L,140,78,0.2361076076029295,0.08707857142857144,0.09523809523809523,0.15555555555555556,50.316901408450704,44.68537318301773
"Cooper, Garrett",1000327042.0,NEW_YOR13,Four-Seam,L,79,54,0.26814500856377044,0.10311392405063292,0.08333333333333333,0.15625,38.27464788732394,51.73270073668797
"Andueza, Axel",672847.0,DOW_EAS1,Curveball,L,72,30,0.21765678282329687,0.08881944444444444,0.22727272727272727,0.11764705882352941,70.28169014084506,48.40668777880689
"Catrambone, Ben",1000565186.0,JOL_SLA,Four-Seam,R,48,30,0.21607383899806873,0.08502083333333332,0.05555555555555555,0.14285714285714285,38.90845070422535,58.315786308407006
"Long, Jalon",809215.0,NEW_YOR13,Changeup,L,45,11,0.29269281962322785,0.10322222222222222,0.5833333333333334,0.2,51.478873239436616,61.1053736949528
"Smith, Ethan",680733.0,WIN_CIT29,Four-Seam,L,85,67,0.2823396947822021,0.10915294117647059,0.34782608695652173,0.3103448275862069,38.59154929577464,50.29111795622883
"Belton, Hunter",10294453.0,MIS_MUD,Four-Seam,R,61,38,0.2870166773736718,0.1421967213114754,0.13636363636363635,0.23529411764705882,42.28873239436619,59.17687878745942
"Sabatine, Gino",1000229070.0,TRI_VAL,Slider,R,92,41,0.27577989195948793,0.06835869565217391,0.24528301886792453,0.21212121212121213,70.17605633802816,60.0667178751398
"Peters, Garrett",833402.0,NEW_YOR13,Curveball,R,27,22,0.34075272026049014,0.23222222222222222,0.16666666666666666,0.2222222222222222,77.04225352112675,34.44907095315893
"Sanchez, Dikember",699129.0,LAK_ERI24,Slider,R,71,15,0.2736746600626667,0.0727605633802817,0.5,0.2222222222222222,61.19718309859155,58.29914377526063
"Sakurai, Masatoshi",1000429128.0,QUE_CAP,Four-Seam,R,193,113,0.2275312066510596,0.08447150259067358,0.17582417582417584,0.19444444444444445,53.59154929577465,38.15980564086884
"Boies, Emiles",1000429129.0,QUE_CAP,Four-Seam,R,42,20,0.2702682643939319,0.08504761904761905,0.2608695652173913,0.2857142857142857,40.070422535211264,51.9519713126873
"Chapple, Bronson",1000218472.0,TRO_AIG,Changeup,L,39,16,0.2735895927661158,0.022897435897435897,0.125,0.09090909090909091,52.640845070422536,49.03659755037816
"Davis, Tyler",824623.0,WAS_WIL3,Four-Seam,R,71,40,0.26152935033327007,0.06018309859154929,0.2222222222222222,0.24,44.08450704225352,45.49601870482618
"De Los Santos, Enmanuel",679735.0,NEW_ENG23,Four-Seam,R,68,26,0.20795955443884725,0.1277941176470588,0.4827586206896552,0.21428571428571427,42.3943661971831,65.29654778549326
"Woolfolk, Dallas",663762.0,SCH_BOO,Four-Seam,L,49,31,0.2117447066853847,0.05442857142857142,0.13636363636363635,0.2,23.697183098591548,64.6354494986598
"Miranda, Kevin",806656.0,OTT_TIT,Four-Seam,R,59,47,0.21706081292474594,0.03332203389830508,0.3333333333333333,0.2,41.02112676056338,42.06558424453444
"Foster, Kobe",816330.0,WAS_WIL3,Curveball,L,35,26,0.2451346107368534,0.09197142857142857,0.25,0.16666666666666666,79.68309859154928,45.562566631426094
"Baird, Dustin",1000027580.0,MIS_MUD,Four-Seam,L,40,20,0.2523898409853867,0.079875,0.17647058823529413,0.07692307692307693,31.091549295774648,37.59045293867743
"Foltz Jr., Michael",803189.0,WAS_WIL3,Four-Seam,L,67,42,0.23385996816462815,0.03711940298507463,0.4838709677419355,0.07142857142857142,43.13380281690141,50.74079273242991
"Moore, Kyle",1000517760.0,SCH_BOO,Changeup,L,65,22,0.3074037292201119,0.12412307692307692,0.20689655172413793,0.15789473684210525,49.894366197183096,52.40756362275138
"Moore, Kyle",1000517760.0,SCH_BOO,Sinker,L,39,26,0.2677403919808971,0.13094871794871796,0.058823529411764705,0.2857142857142857,29.823943661971832,49.16216199803837
"Sakurai, Masatoshi",1000429128.0,QUE_CAP,Slider,L,44,32,0.2155045710131607,0.05286363636363636,0.11764705882352941,0.15384615384615385,72.3943661971831,41.90185573442011
"Simpson, Garret",1000073158.0,EVA_OTT,Four-Seam,R,112,74,0.24015286613397815,0.121375,0.05,0.16666666666666666,40.70422535211267,53.82644377386431
"Wehrle, Tyler",806332.0,WIN_CIT29,Sinker,L,50,22,0.22649699188071476,0.03188,0.21739130434782608,0.15384615384615385,25.809859154929576,48.52656939797305
"Smith, Jackson",1000333915.0,MIS_MUD,Sinker,R,157,78,0.28829181285306854,0.08356687898089171,0.2,0.30303030303030304,50.316901408450704,42.89391286437949
"Whitesell, Max",1000223610.0,FLO_Y'A,Four-Seam,L,80,48,0.2594831652978119,0.0445,0.14285714285714285,0.21428571428571427,36.47887323943662,43.52493745176554
"Allemann, Braeden",1000367619.0,QUE_CAP,Curveball,L,72,31,0.26527488470758737,0.05530555555555556,0.24,0.14285714285714285,79.1549295774648,42.86681917047707
"Shinn, Nathan",1000490914.0,LAK_ERI24,Sinker,L,25,20,0.24976209407596126,0.11559999999999998,0.1875,0.15384615384615385,45.45774647887323,48.53954479636171
"Esposito, Michael",1000059095.0,NEW_ENG23,Four-Seam,L,74,39,0.2689254689636738,0.11289189189189189,0.22580645161290322,0.1,47.25352112676056,42.80814660205278
"Vitas, Ben",1000076969.0,JOL_SLA,Four-Seam,L,67,37,0.29532161910415566,0.0713731343283582,0.16,0.15789473684210525,22.535211267605632,37.93697147423939
"Peters, Andrew",687107.0,NEW_JER6,Four-Seam,R,66,40,0.28758352966987766,0.1106060606060606,0.25,0.2777777777777778,28.028169014084504,50.00325006066577
"Garcia, Andrew",1000190083.0,EVA_OTT,Four-Seam,R,72,27,0.2784073414091965,0.07158333333333333,0.28125,0.1111111111111111,28.87323943661972,43.54544528563161
"Drakeford, Dosie",836144.0,NEW_JER6,Four-Seam,L,39,22,0.2381592925170785,0.1211025641025641,0.11764705882352941,0.21428571428571427,29.190140845070424,48.64947584522255
"Gartland, Chad",1000103698.0,SUS_COU1,Four-Seam,L,51,35,0.22484924487505906,0.15911764705882353,0.09523809523809523,0.2222222222222222,30.66901408450704,45.65214369050936
"Wehrle, Tyler",806332.0,WIN_CIT29,Sinker,R,29,22,0.28643905342416454,0.061586206896551726,0.0,0.0,25.809859154929576,48.02376722979613
"Hicks, Jackson",703104.0,DOW_EAS1,Slider,L,42,27,0.29835569558203867,0.1255952380952381,0.21428571428571427,0.1,69.54225352112675,40.44913737413319
"MacMillan, Blake",832350.0,TRO_AIG,Cutter,R,51,25,0.22830260405893663,0.12209803921568627,0.4,0.14285714285714285,50.84507042253521,37.76588357677349
"Morgan, Cooper",692707.0,QUE_CAP,Sinker,R,25,12,0.37905611829671654,0.0,0.25,0.6,54.85915492957746,30.713097143066108
"Williams, Brian",1000079778.0,MIS_MUD,Cutter,R,62,31,0.2751427465737475,0.0862258064516129,0.375,0.125,60.352112676056336,46.81285620421065
"Godwin, Connor",802684.0,NEW_YOR13,Sinker,L,68,48,0.2717904842604515,0.1128235294117647,0.20689655172413793,0.13636363636363635,22.74647887323944,45.79853129169217
"Bargo, Casey",1000492781.0,NEW_ENG23,Four-Seam,L,80,45,0.24935726006938636,0.13125,0.125,0.2692307692307692,26.232394366197184,47.78483811796878
"Sanchez, Dikember",699129.0,LAK_ERI24,Four-Seam,R,92,45,0.2821392433241326,0.19270652173913042,0.08333333333333333,0.36363636363636365,29.612676056338028,60.74755121772158
"Figueredo, Kevin",1000210447.0,WIN_CIT29,Curveball,L,45,12,0.16819630805486482,0.03184444444444444,0.3125,0.0,75.14084507042253,48.495497222007344
"Esposito, Michael",1000059095.0,NEW_ENG23,Four-Seam,R,65,39,0.22794062490252895,0.05181538461538461,0.2413793103448276,0.2631578947368421,47.25352112676056,42.02580072803809
"Simpson, Garret",1000073158.0,EVA_OTT,Four-Seam,L,128,74,0.3214361823188481,0.0992265625,0.12727272727272726,0.25,40.70422535211267,52.80128831772367
"Parra, Andres",800365.0,LAK_ERI24,Slider,L,61,56,0.1922578850310333,0.04391803278688525,0.3076923076923077,0.125,72.07746478873239,43.30914328142544
"Matos, Dwayne",684228.0,OTT_TIT,Slider,L,40,16,0.21164433743281377,0.0183,0.25,0.2,62.887323943661976,47.28221697884912
"Morgan, Cooper",692707.0,QUE_CAP,Cutter,R,27,20,0.2772499415827155,0.20292592592592593,0.3333333333333333,0.3,51.16197183098592,50.82303229420219
"Sechrist, Zander",801415.0,WAS_WIL3,Changeup,R,117,39,0.285039689571631,0.11742735042735042,0.3090909090909091,0.2647058823529412,74.08450704225353,46.52671801360201
"Hensey, Rob",802996.0,SUS_COU1,Four-Seam,R,56,26,0.22874633775619088,0.08726785714285713,0.43333333333333335,0.13333333333333333,45.66901408450704,36.38246133584084
"Binns, Malik",702238.0,NEW_JER6,Cutter,R,48,21,0.20850269434926177,0.08991666666666666,0.21739130434782608,0.23529411764705882,45.985915492957744,46.20356904472919
"Steinhauer, Ryan",1000424762.0,NEW_JER6,Four-Seam,R,30,18,0.2578123456967018,0.3028666666666667,0.2,0.08333333333333333,54.11971830985915,41.8658956039598
"Pindel, Buddie",1000054422.0,SCH_BOO,Four-Seam,L,59,74,0.27138709453608906,0.09711864406779662,0.0967741935483871,0.2222222222222222,30.56338028169014,33.88656071664321
"Forsyth, Braden",687732.0,MIS_MUD,Four-Seam,L,74,56,0.32164451995837984,0.14554054054054053,0.15151515151515152,0.20833333333333334,38.063380281690144,38.63011142689261
"Garcia, Hector",815312.0,WAS_WIL3,Four-Seam,L,101,63,0.24374601328877818,0.096009900990099,0.1875,0.2647058823529412,36.58450704225352,45.5509324651506
"Gamelin, Shaun",815222.0,JOL_SLA,Slider,L,30,12,0.26942331007590675,0.08393333333333333,0.2727272727272727,0.0,65.0,30.643436044467617
"Noriega, Branden",804447.0,LAK_ERI24,Sinker,L,37,24,0.2848349524452429,0.1667027027027027,0.4,0.0,49.78873239436619,43.82475611446701
"Castro, Alexander",669418.0,TRO_AIG,Slider,L,33,17,0.22862310267063607,0.08175757575757575,0.35714285714285715,0.0,63.098591549295776,41.01226775928872
"Brito, Richard",695870.0,NEW_ENG23,Four-Seam,L,48,24,0.3140149697844341,0.1915625,0.125,0.21052631578947367,26.02112676056338,53.76212500774172
"Barreto, Brayhans",810980.0,TRI_VAL,Sinker,R,57,29,0.2535403737958977,0.11996491228070176,0.08,0.19047619047619047,53.80281690140845,42.00513512030795
"Morgan, Marcus",808861.0,JOL_SLA,Slider,L,33,10,0.24831499251396844,0.06954545454545455,0.29411764705882354,0.2222222222222222,71.23239436619718,32.9118398159781
"Austin, Zack",813186.0,SUS_COU1,Four-Seam,L,25,11,0.35800754405782503,0.146,0.16666666666666666,0.2,34.04929577464789,43.48655147136144
"Wehrle, Tyler",806332.0,WIN_CIT29,Slider,L,52,50,0.23938398773262556,0.0925576923076923,0.13333333333333333,0.13043478260869565,73.87323943661971,34.31582859702101
"Martzolf, Max",824782.0,OTT_TIT,Curveball,L,56,19,0.2995904916515697,0.137125,0.19047619047619047,0.26666666666666666,76.19718309859155,49.17532768922547
"Willeman, Landon",812254.0,EVA_OTT,Four-Seam,L,173,89,0.23358005179020164,0.10258620689655171,0.24193548387096775,0.15789473684210525,28.34507042253521,48.84411211212567
"Binns, Malik",702238.0,NEW_JER6,Cutter,L,30,21,0.23320384111793208,0.0765,0.2727272727272727,0.25,45.985915492957744,45.26594013683224
"Hill, Kaleb",1000371973.0,OTT_TIT,Changeup,R,115,49,0.22452662182343974,0.08364347826086957,0.18,0.17142857142857143,59.19014084507042,52.04026647143736
"Matos, Dwayne",684228.0,OTT_TIT,Changeup,L,139,50,0.23650985023923143,0.08033093525179856,0.0847457627118644,0.23255813953488372,48.20422535211267,51.69112837429884
"Figueredo, Kevin",1000210447.0,WIN_CIT29,Curveball,R,33,12,0.38503952494618043,0.14606060606060606,0.3,0.5,75.14084507042253,46.368530841347074
"Sanchez, Edwin",835958.0,LAK_ERI24,Sinker,R,47,28,0.2400930704735772,0.09882978723404254,0.16,0.23529411764705882,55.17605633802817,39.613427284888296
"Tiburcio, David",696010.0,DOW_EAS1,Slider,R,32,10,0.41192865674448864,0.10378124999999999,0.38461538461538464,0.4,59.29577464788733,66.7491576283376
"Delongchamp, Luke",802194.0,TRI_VAL,Changeup,R,60,36,0.27501659895744723,0.10631666666666666,0.15625,0.2727272727272727,52.74647887323944,42.47701095645269
"Vega, Lucas",837223.0,TRO_AIG,Sinker,L,102,53,0.2652255161125598,0.11768627450980391,0.05,0.3125,27.6056338028169,50.109878374207376
"Parsons, Billy",698892.0,SUS_COU1,Slider,R,101,49,0.23598239843804136,0.11346534653465347,0.24,0.3333333333333333,68.27464788732394,52.02976360350817
"Hicks, Jackson",703104.0,DOW_EAS1,Four-Seam,L,49,20,0.29796909452532244,0.14322448979591837,0.0625,0.2,40.91549295774648,51.82808397468454
"Perdomo, Rafael",1000557553.0,QUE_CAP,Slider,L,38,19,0.26911248513971836,0.09605263157894736,0.4166666666666667,0.08333333333333333,63.83802816901409,39.33881654497648
"Sittinger, Brandyn",670087.0,LAK_ERI24,Slider,L,32,21,0.3003671423905654,0.07771875,0.55,0.2222222222222222,58.0281690140845,42.989608441485885
"Garcia, Andrew",1000190083.0,EVA_OTT,Four-Seam,L,56,27,0.3248087178123107,0.08196428571428571,0.2222222222222222,0.3333333333333333,28.87323943661972,40.48117172438072
"Henderson, Drew",1000429021.0,DOW_EAS1,Four-Seam,R,129,82,0.273717345063555,0.11211627906976744,0.1935483870967742,0.2619047619047619,36.16197183098591,55.4587584785341
"House, Tristan",1000248636.0,MIS_MUD,Four-Seam,L,102,73,0.3133960917950761,0.1281078431372549,0.09523809523809523,0.20588235294117646,36.05633802816901,51.08194422170774
"Encarnacion, J.D.",1000563022.0,EVA_OTT,Four-Seam,L,104,59,0.2597331018146523,0.09515384615384616,0.19607843137254902,0.28125,40.17605633802817,45.370248128572655
"Cameron, Wyatt",1000179557.0,SCH_BOO,Four-Seam,L,50,34,0.16060654936293767,0.12478,0.18518518518518517,0.125,27.816901408450704,46.65873466239724
"Boies, Emiles",1000429129.0,QUE_CAP,Sinker,L,71,49,0.23756198577279525,0.11302816901408451,0.19047619047619047,0.14814814814814814,37.53521126760563,48.12311366600432
"Perozzi, John",1000377762.0,SUS_COU1,Four-Seam,L,79,36,0.20967522038906436,0.10484810126582278,0.24324324324324326,0.21739130434782608,31.93661971830986,37.70921823763668
"Hagan, Jack",699522.0,DOW_EAS1,Sinker,L,88,51,0.20142644433303938,0.09168181818181818,0.06976744186046512,0.12903225806451613,26.76056338028169,43.90218904441066
"Shinn, Nathan",1000490914.0,LAK_ERI24,Curveball,L,29,19,0.256328190576089,0.061586206896551726,0.5333333333333333,0.0,67.42957746478874,53.23673264376685
"Thiels, Brenton",816364.0,MIS_MUD,Four-Seam,R,82,53,0.3045477693872136,0.12842682926829266,0.08333333333333333,0.15384615384615385,40.28169014084507,59.76030922666752
"Reeves, Cobe",802696.0,NEW_YOR13,Sinker,L,33,39,0.1940684695600305,0.02124242424242424,0.13333333333333333,0.07692307692307693,44.71830985915493,52.09680340399487
"Vailes, Gage",1000050773.0,GAT_GRI,Sinker,L,115,73,0.3066719588216596,0.12075652173913044,0.0851063829787234,0.23529411764705882,21.267605633802816,41.290248904937904
"Miranda, Kevin",806656.0,OTT_TIT,Changeup,R,31,19,0.23927574070311602,0.10903225806451612,0.5,0.4,58.767605633802816,35.70237339258453
"Donnan, Blake",1000557509.0,FLO_Y'A,Sinker,R,84,36,0.2151212195630162,0.09710714285714286,0.13043478260869565,0.058823529411764705,22.007042253521128,58.57704525848612
"Lovell, Justin",822485.0,WIN_CIT29,Four-Seam,L,50,28,0.2688854043432947,0.06798,0.2727272727272727,0.3076923076923077,44.401408450704224,56.90234178377649
"Shoemaker, Adam",692248.0,QUE_CAP,Sinker,R,37,13,0.27345622919592855,0.11029729729729729,0.3333333333333333,0.125,44.19014084507042,39.67418627939856
"Primeaux, Parker",1000101108.0,SUS_COU1,Changeup,R,61,20,0.2673682826166242,0.08204918032786886,0.2222222222222222,0.07142857142857142,43.767605633802816,39.70178019887683
"Escobar, Anthony",678673.0,TRO_AIG,Four-Seam,L,122,74,0.24345578082978012,0.07836065573770493,0.07272727272727272,0.11363636363636363,35.1056338028169,37.1330291677561
"Nettleton, Blake",10067637.0,WIN_CIT29,Four-Seam,L,47,31,0.29845586394506457,0.08274468085106383,0.05,0.35294117647058826,39.33098591549296,57.28121818483195
"Escobar, Anthony",678673.0,TRO_AIG,Slider,R,90,50,0.26039196753855137,0.1037,0.2391304347826087,0.1875,69.96478873239437,41.7589273781205
"Valdez, Alex",677678.0,EVA_OTT,Four-Seam,R,54,39,0.2098529281381093,0.029518518518518517,0.1724137931034483,0.16666666666666666,31.725352112676056,52.98992136009354
"Noriega, Branden",804447.0,LAK_ERI24,Sinker,R,47,24,0.2782881753960152,0.20248936170212764,0.05,0.17647058823529413,49.78873239436619,41.35689171045537
"Campbell, AJ",1000132168.0,WIN_CIT29,Four-Seam,R,85,77,0.3258595665573493,0.11155294117647058,0.13043478260869565,0.30303030303030304,39.225352112676056,54.80743348259444
"Martzolf, Max",824782.0,OTT_TIT,Changeup,L,91,66,0.22192400133265788,0.10039560439560438,0.14634146341463414,0.07692307692307693,61.514084507042256,43.64850443512738
"Gartland, Chad",1000103698.0,SUS_COU1,Four-Seam,R,53,35,0.2827339192975785,0.12598113207547168,0.17391304347826086,0.23529411764705882,30.66901408450704,41.468195020740616
"Helt, Robert",836007.0,LAK_ERI24,Four-Seam,L,152,87,0.28266431148552806,0.1570921052631579,0.13432835820895522,0.2549019607843137,36.37323943661972,48.81311190269975
"Escobar, Anthony",678673.0,TRO_AIG,Slider,L,59,50,0.2819992598779444,0.1024915254237288,0.3225806451612903,0.2222222222222222,69.96478873239437,41.442265242774056
"Helt, Robert",836007.0,LAK_ERI24,Four-Seam,R,121,87,0.2601560909629845,0.1230909090909091,0.1836734693877551,0.2777777777777778,36.37323943661972,48.7979343778852
"Sanchez, Dikember",699129.0,LAK_ERI24,Slider,L,40,15,0.2781565533215251,0.062349999999999996,0.6,0.0,61.19718309859155,52.68823485685751
"Barker, Alex",1000106691.0,NEW_YOR13,Four-Seam,L,49,62,0.3476021588804132,0.08759183673469387,0.21739130434782608,0.2,54.75352112676056,60.5063772253563
"Lawson, Nathan",1000569348.0,FLO_Y'A,Four-Seam,R,27,19,0.28233491358109786,0.1560740740740741,0.07692307692307693,0.2727272727272727,39.436619718309856,61.47445732335204
"Joven, Art",1000048892.0,MIS_MUD,Changeup,L,72,86,0.26343402823791595,0.08898611111111111,0.15789473684210525,0.2962962962962963,60.66901408450704,44.97380463984148
"Gilleran, Jimmy",10103730.0,NEW_ENG23,Sinker,L,35,19,0.3329757398787417,0.057057142857142855,0.21428571428571427,0.18181818181818182,31.51408450704225,48.12527820107423
"Nakata, Yuto",1000432352.0,QUE_CAP,Splitter,L,47,13,0.26714046132072217,0.04591489361702127,0.5483870967741935,0.1,44.50704225352113,41.070894705942095
"Cook, Cole",1000161363.0,SCH_BOO,Cutter,R,65,30,0.20414360534362092,0.09361538461538461,0.2,0.1,68.38028169014083,40.05169680048543
"Joven, Art",1000048892.0,MIS_MUD,Changeup,R,179,86,0.2590459204562024,0.07986033519553072,0.21176470588235294,0.1694915254237288,60.66901408450704,44.70350370145953
"Helt, Robert",836007.0,LAK_ERI24,Slider,L,50,24,0.3267212157029879,0.04974,0.25,0.16666666666666666,73.45070422535211,39.55596253804437
"Moore, Kyle",1000517760.0,SCH_BOO,Curveball,L,25,19,0.2659524338032217,0.09975999999999999,0.4,0.14285714285714285,75.45774647887325,39.46357872595418
"Leach, Landon",667743.0,TRO_AIG,Four-Seam,L,98,38,0.2918236130008403,0.08512244897959183,0.11428571428571428,0.17391304347826086,23.80281690140845,39.0687114176425
"Hagan, Jack",699522.0,DOW_EAS1,Sinker,R,75,51,0.3179973179103182,0.08798666666666667,0.2222222222222222,0.25,26.76056338028169,41.93526007096365
"Allemann, Braeden",1000367619.0,QUE_CAP,Four-Seam,R,162,102,0.2585592545048515,0.08088271604938271,0.19696969696969696,0.1956521739130435,33.943661971830984,54.03332975374824
"Nettleton, Blake",10067637.0,WIN_CIT29,Four-Seam,R,39,31,0.23567226532734104,0.1611282051282051,0.05555555555555555,0.35714285714285715,39.33098591549296,55.4952673241457
"Misla, Luis",695417.0,TRI_VAL,Curveball,R,42,16,0.2270303467944017,0.12176190476190477,0.23076923076923078,0.3,74.82394366197184,45.97163173797841
"Huter, Blayne",1000145980.0,SUS_COU1,Curveball,R,56,37,0.2643193448999144,0.06035714285714285,0.038461538461538464,0.15,79.78873239436619,42.58908179526771
"Harris, Ben",1000390130.0,GAT_GRI,Changeup,R,80,46,0.2828936692175457,0.08625000000000001,0.35,0.2777777777777778,50.2112676056338,39.81155507904733
"Hill, Kaleb",1000371973.0,OTT_TIT,Sinker,L,95,79,0.21755833903660243,0.07317894736842105,0.11627906976744186,0.15151515151515152,45.03521126760563,49.85155532772509
"Vega, Lucas",837223.0,TRO_AIG,Sinker,R,66,53,0.2344879282572307,0.07012121212121213,0.10344827586206896,0.19047619047619047,27.6056338028169,46.67463479242936
"Williams, Pierce",1000337420.0,NEW_ENG23,Curveball,L,52,32,0.2777875781705335,0.08563461538461538,0.21052631578947367,0.3333333333333333,75.88028169014083,52.04981943633184
"Foltz Jr., Michael",803189.0,WAS_WIL3,Four-Seam,R,78,42,0.30682420014243544,0.11612820512820513,0.15,0.25,43.13380281690141,43.57154834423342
"Foy, Corbin",813822.0,LAK_ERI24,Slider,L,37,19,0.25199704173114096,0.0,0.4117647058823529,0.125,71.12676056338027,36.467003585222464
"Scott, Brandon",1000138331.0,LAK_ERI24,Slider,L,42,24,0.29237954687499285,0.05921428571428572,0.1875,0.25,73.13380281690141,47.75646153917082
"Willeman, Landon",812254.0,EVA_OTT,Curveball,L,29,12,0.351679474247175,0.030793103448275863,0.4444444444444444,0.4,74.50704225352112,40.033966836822806
"Balzan, Jackson",827496.0,SUS_COU1,Four-Seam,R,103,65,0.24256803796657378,0.1454757281553398,0.10204081632653061,0.18604651162790697,54.225352112676056,53.74334471264612
"Huter, Blayne",1000145980.0,SUS_COU1,Four-Seam,L,61,57,0.2557827013221115,0.1109344262295082,0.14705882352941177,0.21428571428571427,42.7112676056338,32.0353856330154
"Sparks, Alec",836152.0,GAT_GRI,Four-Seam,R,154,104,0.2236727931100079,0.0893896103896104,0.12162162162162163,0.10714285714285714,32.99295774647887,45.73690471146611
"Turner, Eric",1000080978.0,JOL_SLA,Slider,L,62,39,0.29258302305032036,0.060629032258064514,0.13793103448275862,0.3684210526315789,74.61267605633802,37.74412688259174
"Cohn, Cooper",1000301881.0,NIU_HUS,Four-Seam,L,32,26,0.22481259150378405,0.09376470588235293,0.22727272727272727,0.26666666666666666,29.08450704225352,31.10867101207413
"Martinez, Mason",809209.0,TRI_VAL,Changeup,L,51,16,0.265844891231006,0.1293921568627451,0.34782608695652173,0.2857142857142857,46.61971830985915,62.66236944714032
"Steinhauer, Ryan",1000424762.0,NEW_JER6,Changeup,R,57,24,0.18890065804804995,0.059298245614035086,0.43478260869565216,0.2,61.30281690140845,51.616071588721454
"Leak, Anthony",1000264276.0,NEW_YOR13,Four-Seam,R,42,29,0.2798781151021968,0.11059523809523808,0.3181818181818182,0.2857142857142857,34.57746478873239,55.731783185854674
"Hill, Kaleb",1000371973.0,OTT_TIT,Changeup,L,55,49,0.3493021933925567,0.053618181818181815,0.05263157894736842,0.42857142857142855,59.19014084507042,47.11448955311672
"Dill, Austin",1000429156.0,TRI_VAL,Sinker,R,102,83,0.2510865690812496,0.1001764705882353,0.0196078431372549,0.0975609756097561,35.95070422535211,39.65856798200088
"Bradford, Ethan",688428.0,NEW_YOR13,Sinker,R,87,43,0.24212760313005588,0.08440229885057471,0.10526315789473684,0.25925925925925924,48.309859154929576,45.02733695440374
"Dill, Austin",1000429156.0,TRI_VAL,Sinker,L,90,83,0.27977299428175223,0.13998888888888888,0.020833333333333332,0.21428571428571427,35.95070422535211,39.575850746897146
"Boies, Emiles",1000429129.0,QUE_CAP,Sinker,R,58,49,0.269900611644067,0.13170689655172413,0.17857142857142858,0.3181818181818182,37.53521126760563,44.14215081798565
"Hines, Carter",809552.0,FLO_Y'A,Four-Seam,R,36,13,0.18301531677316882,0.04427777777777778,0.25,0.125,46.83098591549296,37.10121978051089
"Sechrist, Zander",801415.0,WAS_WIL3,Sinker,R,39,25,0.23930668390200793,0.07823076923076923,0.08333333333333333,0.14285714285714285,69.11971830985915,44.68821016168476
"Hernandez, Nyan",683466.0,NEW_JER6,Changeup,R,32,38,0.35372816515232797,0.216,0.13333333333333333,0.5454545454545454,57.18309859154929,46.06308936397809
"Vitas, Ben",1000076969.0,JOL_SLA,Sinker,R,84,49,0.2384469606733246,0.08741666666666667,0.03125,0.06451612903225806,23.16901408450704,45.20128436361456
"Duncan, Tanner",677365.0,DOW_EAS1,Four-Seam,L,55,30,0.2710323757992279,0.08052727272727274,0.15,0.07692307692307693,22.42957746478873,50.55230204784198
"Bohnert, Matthew",810066.0,WIN_CIT29,Four-Seam,R,86,57,0.2569879947489966,0.10009302325581396,0.2682926829268293,0.14814814814814814,42.9225352112676,45.90054041299551
"Villers, Ian",677351.0,QUE_CAP,Four-Seam,R,86,55,0.3227137424820054,0.12929069767441861,0.17777777777777778,0.3448275862068966,23.485915492957744,44.390223183767496
"Peters, Garrett",833402.0,NEW_YOR13,Changeup,L,79,89,0.3147650351515045,0.09741772151898734,0.24242424242424243,0.391304347826087,66.58450704225353,47.40535112604951
"Majick, Eli",828663.0,NEW_ENG23,Sinker,R,95,56,0.2836365205726585,0.14202105263157896,0.11627906976744186,0.1935483870967742,52.32394366197183,50.05906327542476
"Thornton, Tyler",1000429124.0,NEW_ENG23,Changeup,R,25,26,0.1832881359084678,0.07144,0.2,0.09090909090909091,47.147887323943664,58.38872288099222
"Misla, Luis",695417.0,TRI_VAL,Curveball,L,40,16,0.3131411653696164,0.062175,0.3333333333333333,0.3333333333333333,74.82394366197184,43.65463780001315
"Barreto, Brayhans",810980.0,TRI_VAL,Slider,R,33,16,0.2938738964229864,0.08081818181818182,0.1875,0.2,63.62676056338027,44.31519626237865
"Duby, Bill",1000270408.0,NEW_JER6,Sinker,R,45,39,0.296037850793368,0.14064444444444443,0.04,0.09523809523809523,41.65492957746479,53.125127371119376
"Williams, Brian",1000079778.0,MIS_MUD,Cutter,L,45,31,0.2739772229684865,0.0811111111111111,0.25925925925925924,0.26666666666666666,60.352112676056336,38.89628694639737
"Sparks, Alec",836152.0,GAT_GRI,Four-Seam,L,109,104,0.274055197742432,0.12054128440366972,0.13793103448275862,0.25,32.99295774647887,44.42675992384951
"Figueredo, Kevin",1000210447.0,WIN_CIT29,Sinker,L,97,75,0.2604583247884937,0.12426804123711341,0.08333333333333333,0.25,49.683098591549296,46.40594243606316
"Foster, Kobe",816330.0,WAS_WIL3,Curveball,R,64,26,0.2948436853221543,0.024906249999999998,0.15,0.14285714285714285,79.68309859154928,36.34668166520225
"Austin, Zack",813186.0,SUS_COU1,Four-Seam,R,34,11,0.15391644785826067,0.12370588235294117,0.25,0.0,34.04929577464789,37.05898252499649
"Reeves, Cobe",802696.0,NEW_YOR13,Sinker,R,90,39,0.3401583776369413,0.08703333333333334,0.125,0.34615384615384615,44.71830985915493,47.38530368973549
"Andueza, Axel",672847.0,DOW_EAS1,Curveball,R,46,30,0.28672875818474286,0.24834782608695652,0.21739130434782608,0.23076923076923078,70.28169014084506,37.96528575041897
"Barker, Alex",1000106691.0,NEW_YOR13,Slider,L,43,24,0.24623480113249885,0.06665116279069766,0.34782608695652173,0.08333333333333333,66.69014084507043,53.71671147797291
"Simone, Andrew",1000132681.0,TRO_AIG,Four-Seam,L,44,34,0.35437981363507426,0.1193409090909091,0.10526315789473684,0.42857142857142855,30.880281690140844,50.75892128165543
"Anderson, Nathan",1000570089.0,EVA_OTT,Four-Seam,L,31,18,0.2634349671162641,0.1846774193548387,0.07142857142857142,0.16666666666666666,35.739436619718305,46.78128412858914
"Kassebaum, Torin",10120793.0,LON_ISL22,Curveball,L,25,16,0.29373690771318356,0.09304,0.0,0.375,79.04929577464789,49.5224346508038
"Duby, Bill",1000270408.0,NEW_JER6,Sinker,L,46,39,0.2710307319171426,0.1356304347826087,0.13043478260869565,0.2777777777777778,41.65492957746479,52.50699018411754
"Harajli, Ahmad",800677.0,FLO_Y'A,Four-Seam,L,54,37,0.33125747283973855,0.23222222222222222,0.16666666666666666,0.15789473684210525,26.654929577464788,50.612767759398686
"Sabatine, Gino",1000229070.0,TRI_VAL,Changeup,L,185,83,0.29059263983906125,0.1358054054054054,0.12,0.3333333333333333,43.87323943661972,56.31804648976392
"Wehrle, Tyler",806332.0,WIN_CIT29,Changeup,L,47,15,0.28809412478542706,0.09665957446808511,0.15789473684210525,0.38461538461538464,48.52112676056338,46.98882969603642
"Williams, Brian",1000079778.0,MIS_MUD,Four-Seam,L,207,143,0.2765824767029144,0.10261835748792271,0.1,0.21794871794871795,39.85915492957746,45.00307582468759
"Bradford, Ethan",688428.0,NEW_YOR13,Slider,R,39,15,0.28040577976891584,0.017974358974358975,0.4,0.2857142857142857,64.2605633802817,38.772203510414
"Scafidi, Christian",690280.0,LAK_ERI24,Slider,L,50,21,0.20654820331886445,0.03188,0.2631578947368421,0.1,64.68309859154928,36.76159218669429
"Cameron, Wyatt",1000179557.0,SCH_BOO,Four-Seam,R,67,34,0.3499421292627599,0.08470149253731343,0.18181818181818182,0.2222222222222222,27.816901408450704,40.69944047200371
"Jensik, CJ",10009752.0,WIN_CIT29,Sinker,R,35,14,0.2554383788302464,0.112,0.09090909090909091,0.375,20.950704225352112,43.22449759534751
"Shinn, Nathan",1000490914.0,LAK_ERI24,Curveball,R,59,19,0.288890072673391,0.0,0.36,0.3076923076923077,67.42957746478874,47.24056638462256
"Lawson, Nathan",1000569348.0,FLO_Y'A,Four-Seam,L,28,19,0.2770446764701932,0.12714285714285714,0.18181818181818182,0.125,39.436619718309856,56.61787963471226
"Carroll, Jake",1000088275.0,JOL_SLA,Four-Seam,R,83,36,0.2682322825011632,0.07719277108433735,0.30303030303030304,0.2,58.34507042253521,55.03525547805602
"Brothers, Kellen",1000131959.0,SUS_COU1,Sinker,L,29,24,0.28867759598422615,0.2649655172413793,0.13333333333333333,0.23076923076923078,38.485915492957744,29.39733350555688
"Parra, Andres",800365.0,LAK_ERI24,Slider,R,100,56,0.29587193416085994,0.10567,0.125,0.25,72.07746478873239,34.00527748317089
"Hampton, Ky",673132.0,OTT_TIT,Sinker,R,47,28,0.23055339928559374,0.038,0.11538461538461539,0.14285714285714285,34.471830985915496,44.64014913948
"Fowler, Dalton",687096.0,SUS_COU1,Sinker,R,25,10,0.26879661620863876,0.12204000000000001,0.4375,0.3333333333333333,43.55633802816901,40.48354340872398
"Bell, Jacob",1000200105.0,SCH_BOO,Four-Seam,R,59,34,0.24741126670960856,0.13428813559322034,0.3125,0.2727272727272727,42.183098591549296,58.25343465317522
"Gollert, Harley",8890793.0,QUE_CAP,Four-Seam,R,57,26,0.23116519585757006,0.06403508771929825,0.2857142857142857,0.15789473684210525,48.62676056338028,32.594665540851324
"Encarnacion, J.D.",1000563022.0,EVA_OTT,Slider,R,33,29,0.1621431947395679,0.054121212121212126,0.11764705882352941,0.15384615384615385,70.38732394366198,35.71289364790769
"Thiels, Brenton",816364.0,MIS_MUD,Slider,R,39,15,0.2836137717749337,0.16197435897435897,0.5333333333333333,0.16666666666666666,60.140845070422536,55.44832054321296
"Bice, Emmett",828456.0,NEW_YOR13,Curveball,R,28,24,0.2932387576978195,0.09567857142857143,0.09090909090909091,0.2,78.30985915492957,48.02709709774455
"Gamelin, Shaun",815222.0,JOL_SLA,Four-Seam,R,128,106,0.23335725649024228,0.064375,0.2857142857142857,0.18181818181818182,28.133802816901408,43.93723724370158
"Harajli, Ahmad",800677.0,FLO_Y'A,Four-Seam,R,77,37,0.2960858547110376,0.14093589743589743,0.2903225806451613,0.1111111111111111,26.654929577464788,49.13621868439348
"Hernandez, Nyan",683466.0,NEW_JER6,Changeup,L,82,38,0.23293431392851008,0.0951829268292683,0.15789473684210525,0.2222222222222222,57.18309859154929,43.18584505514339
"Gamelin, Shaun",815222.0,JOL_SLA,Four-Seam,L,163,106,0.25819069307408876,0.13557668711656443,0.2,0.25806451612903225,28.133802816901408,43.74479376221973
"Kemlage, Joe",703240.0,NEW_ENG23,Sinker,R,63,24,0.26383588676098346,0.08485714285714285,0.13636363636363635,0.23529411764705882,47.67605633802817,48.15433865420217
"Martzolf, Max",824782.0,OTT_TIT,Four-Seam,R,51,25,0.23033322546800716,0.14045098039215687,0.18518518518518517,0.2857142857142857,61.725352112676056,40.25520099801725
"Godwin, Connor",802684.0,NEW_YOR13,Slider,L,42,19,0.3050803116620411,0.09259523809523809,0.3333333333333333,0.18181818181818182,72.9225352112676,39.79175584905352
"Huter, Blayne",1000145980.0,SUS_COU1,Curveball,L,47,37,0.2826276180039822,0.076,0.2692307692307692,0.17647058823529413,79.78873239436619,37.34915581809111
"Simone, Andrew",1000132681.0,TRO_AIG,Changeup,L,45,16,0.31080136884160703,0.03968888888888889,0.4782608695652174,0.2,47.04225352112677,44.649202231346464
"Noriega, Branden",804447.0,LAK_ERI24,Four-Seam,L,31,24,0.27169322797607365,0.09222580645161291,0.25,0.14285714285714285,46.725352112676056,43.44564214540777
"Lovell, Justin",822485.0,WIN_CIT29,Four-Seam,R,49,28,0.2860075605804957,0.058346938775510206,0.2727272727272727,0.2,44.401408450704224,49.24994421006247
"Kaftan, Eddie",1000557510.0,FLO_Y'A,Sinker,R,73,47,0.22580686031896688,0.08513698630136986,0.09090909090909091,0.13793103448275862,45.14084507042253,44.19447215573799
"Galva, Claudio",669996.0,GAT_GRI,Four-Seam,R,37,24,0.3271328053156905,0.22418918918918918,0.125,0.35714285714285715,44.82394366197183,45.33637382608688
"Dill, Austin",1000429156.0,TRI_VAL,Four-Seam,L,33,33,0.25374222259880297,0.1589090909090909,0.07142857142857142,0.2727272727272727,39.54225352112677,32.31343192357346
"Hampton, Ky",673132.0,OTT_TIT,Changeup,R,31,29,0.31251178487586323,0.12103225806451612,0.18181818181818182,0.2727272727272727,48.83802816901408,24.459515638775912
"Donnan, Blake",1000557509.0,FLO_Y'A,Sinker,L,86,36,0.36357700357711514,0.17486046511627906,0.15384615384615385,0.2631578947368421,22.007042253521128,50.10098600823984
"Villers, Ian",677351.0,QUE_CAP,Four-Seam,L,76,55,0.22003505006622454,0.0585921052631579,0.14705882352941177,0.038461538461538464,23.485915492957744,39.76136660361235
"Catrambone, Ben",1000565186.0,JOL_SLA,Four-Seam,L,42,30,0.3165757076889804,0.11385714285714285,0.2,0.3125,38.90845070422535,44.08336976991177
"Tiburcio, David",696010.0,DOW_EAS1,Sinker,R,34,42,0.27771005909390645,0.08673529411764705,0.14285714285714285,0.2,20.739436619718308,52.951867791329846
"Majick, Eli",828663.0,NEW_ENG23,Changeup,L,32,15,0.3171799010699778,0.09534375,0.07692307692307693,0.08333333333333333,59.61267605633802,37.23512495249873
"Carroll, Jake",1000088275.0,JOL_SLA,Four-Seam,L,92,36,0.2841185476648849,0.08202173913043478,0.3125,0.1875,58.34507042253521,52.242974228615495
"Noriega, Branden",804447.0,LAK_ERI24,Four-Seam,R,48,24,0.2720622591838274,0.115375,0.21739130434782608,0.17647058823529413,46.725352112676056,42.21354220943952
"Bice, Emmett",828456.0,NEW_YOR13,Four-Seam,R,27,34,0.30809956488616586,0.1771111111111111,0.21428571428571427,0.2857142857142857,39.75352112676056,51.02757583817765
"Cosentino, Nick",700818.0,JOL_SLA,Four-Seam,R,30,27,0.23467266309483875,0.17386666666666664,0.1111111111111111,0.125,29.401408450704224,55.679517350565
"Campbell, AJ",1000132168.0,WIN_CIT29,Four-Seam,L,133,77,0.2525277921270805,0.06416541353383458,0.1016949152542373,0.25,39.225352112676056,46.11424896417886
"Peters, Garrett",833402.0,NEW_YOR13,Changeup,R,213,89,0.25119744394884014,0.11045070422535211,0.25961538461538464,0.19696969696969696,66.58450704225353,42.20198297497314
"Coles, Chad",694311.0,WAS_WIL3,Four-Seam,L,42,36,0.2763016484414446,0.1396904761904762,0.28,0.11764705882352941,25.91549295774648,37.10668443152645
"Potteiger, Jack",1000565185.0,JOL_SLA,Sinker,R,33,23,0.3540373184074747,0.12366666666666665,0.0,0.2,48.098591549295776,31.13325558406897
"Parks, Pavin",682030.0,LAK_ERI24,Cutter,R,73,32,0.28741088269626996,0.10895945945945947,0.2647058823529412,0.3,64.04929577464789,52.22486344417634
"Thompson, Ross",1000103401.0,SCH_BOO,Four-Seam,R,112,75,0.2708052859660812,0.12951785714285716,0.1111111111111111,0.25,33.521126760563384,49.14270240868038
"Thiels, Brenton",816364.0,MIS_MUD,Slider,L,47,15,0.34595310838355986,0.05291489361702128,0.35,0.3333333333333333,60.140845070422536,52.53862934626885
"Cook, Cole",1000161363.0,SCH_BOO,Changeup,R,97,28,0.25734168457813666,0.09274226804123711,0.28888888888888886,0.24,64.1549295774648,46.68505127765673
"Encarnacion, J.D.",1000563022.0,EVA_OTT,Slider,L,55,29,0.28266517630799964,0.1313090909090909,0.19047619047619047,0.25,70.38732394366198,32.52256815055554
"Wiltse, Ryan",813813.0,EVA_OTT,Four-Seam,R,124,92,0.26838710564847135,0.1242741935483871,0.03389830508474576,0.2765957446808511,41.971830985915496,59.23725295517308
"Bell, Jacob",1000200105.0,SCH_BOO,Four-Seam,L,39,34,0.34689819531217214,0.0962051282051282,0.16666666666666666,0.4166666666666667,42.183098591549296,54.58588085313264
"Henderson, Drew",1000429021.0,DOW_EAS1,Four-Seam,L,137,82,0.24239090979245467,0.12489781021897811,0.1568627450980392,0.25,36.16197183098591,44.77510820475226
"Kaftan, Eddie",1000557510.0,FLO_Y'A,Sinker,L,55,47,0.32264569690620837,0.14896363636363635,0.13043478260869565,0.3333333333333333,45.14084507042253,41.98869440464865
"Toribio, Noe",672848.0,TRO_AIG,Sinker,R,111,97,0.3172152406017008,0.11512612612612612,0.2,0.34210526315789475,23.591549295774648,48.948341199835625
"Martzolf, Max",824782.0,OTT_TIT,Changeup,R,103,66,0.26192042428838946,0.09962135922330097,0.09803921568627451,0.25,61.514084507042256,33.84475665089663
"Thiels, Brenton",816364.0,MIS_MUD,Cutter,R,28,13,0.3513578409063441,0.12714285714285714,0.1,0.6,44.61267605633802,43.69586201404164
"Valdez, Alex",677678.0,EVA_OTT,Slider,R,46,14,0.30175511045773995,0.15282608695652175,0.3333333333333333,0.1,59.08450704225353,54.75687344045542
"Jones, Logan",814785.0,TRI_VAL,Sinker,R,45,45,0.22442120733005927,0.09842222222222223,0.15,0.23529411764705882,24.859154929577464,50.3943939725365
"Correa, Nelvin",673388.0,QUE_CAP,Slider,L,28,17,0.24667688835690219,0.0702142857142857,0.125,0.3333333333333333,67.64084507042253,51.45439155979918
"Nakata, Yuto",1000432352.0,QUE_CAP,Four-Seam,R,58,41,0.30595024432437745,0.1538793103448276,0.15384615384615385,0.23809523809523808,26.12676056338028,66.54861777996803
"Kassebaum, Torin",10120793.0,LON_ISL22,Curveball,R,30,16,0.3211716249782517,0.10193333333333333,0.18181818181818182,0.125,79.04929577464789,43.67953258162291
"Bice, Emmett",828456.0,NEW_YOR13,Curveball,L,59,24,0.333270155630729,0.07872881355932203,0.15,0.14285714285714285,78.30985915492957,43.44754411744973
"Kemlage, Joe",703240.0,NEW_ENG23,Sinker,L,46,24,0.3110059058070112,0.07347826086956522,0.3333333333333333,0.2857142857142857,47.67605633802817,43.83569748978063
"Correa, Nelvin",673388.0,QUE_CAP,Slider,R,44,17,0.2922848282236169,0.12586363636363637,0.45454545454545453,0.36363636363636365,67.64084507042253,51.19383119442772
"Bice, Emmett",828456.0,NEW_YOR13,Four-Seam,L,76,34,0.28406482888349854,0.12269736842105262,0.06060606060606061,0.2962962962962963,39.75352112676056,48.834138736157925
"Chapple, Bronson",1000218472.0,TRO_AIG,Sinker,L,54,49,0.31272356382766014,0.0565,0.07407407407407407,0.2857142857142857,28.66197183098592,46.60301090710422
"Misla, Luis",695417.0,TRI_VAL,Four-Seam,L,56,52,0.28075240524040623,0.19232142857142856,0.19230769230769232,0.3157894736842105,53.16901408450704,50.89223975792477
"Sakurai, Masatoshi",1000429128.0,QUE_CAP,Slider,R,48,32,0.2841149148521389,0.125,0.27586206896551724,0.3684210526315789,72.3943661971831,26.2647988685806
"Villalobos, Jonaiker",665690.0,FLO_Y'A,Four-Seam,R,181,103,0.265411918061323,0.0885414364640884,0.18292682926829268,0.1746031746031746,52.95774647887324,37.961793079242725
"Anibal, Trevor",822669.0,NEW_ENG23,Four-Seam,R,75,57,0.3513043322275851,0.14752,0.27906976744186046,0.39285714285714285,32.88732394366197,43.40946591362125
"Hampton, Ky",673132.0,OTT_TIT,Slider,L,32,22,0.22498722108291178,0.19275,0.08333333333333333,0.2727272727272727,64.8943661971831,31.76254903084913
"Westcott, Zac",686170.0,FLO_Y'A,Changeup,L,86,45,0.2783582268363138,0.07513953488372092,0.14285714285714285,0.25806451612903225,67.53521126760563,54.45283744105784
"Escobar, Anthony",678673.0,TRO_AIG,Sinker,R,58,39,0.34869086702574437,0.11141379310344827,0.11538461538461539,0.2777777777777778,36.69014084507042,45.05150050850824
"Trizuto, Colin",1000218135.0,WAG_SEA,Changeup,R,60,24,0.2517322238335583,0.09561666666666667,0.08,0.09090909090909091,46.51408450704225,41.15343267234682
"Gaskey, Blake",1000362764.0,NIU_HUS,Four-Seam,R,33,22,0.3624460952370288,0.08936363636363635,0.2631578947368421,0.5,43.66197183098591,64.9840924062311
"Barreto, Brayhans",810980.0,TRI_VAL,Four-Seam,R,49,28,0.3072194698090054,0.18055102040816326,0.15789473684210525,0.3125,51.26760563380281,48.330762662740185
"Hampton, Ky",673132.0,OTT_TIT,Sinker,L,44,28,0.31387964268554963,0.17436363636363636,0.06666666666666667,0.35714285714285715,34.471830985915496,38.37933633255209
"Harris, Ben",1000390130.0,GAT_GRI,Sinker,L,46,24,0.2968121267254683,0.03882608695652174,0.14285714285714285,0.2,27.7112676056338,40.39609246936008
"Floyd, Conner",1000161370.0,QUE_CAP,Four-Seam,R,66,38,0.35728461696118285,0.08509090909090909,0.4074074074074074,0.5384615384615384,25.176056338028168,54.64390424932682
"Matos, Dwayne",684228.0,OTT_TIT,Sinker,R,72,105,0.2968643730211812,0.1706388888888889,0.08823529411764706,0.25925925925925924,24.54225352112676,44.07184711864674
"Wiltse, Ryan",813813.0,EVA_OTT,Four-Seam,L,148,92,0.2608332293485069,0.05877027027027027,0.21428571428571427,0.3111111111111111,41.971830985915496,55.550689334140486
"Armstrong, Andrew",803262.0,NEW_YOR13,Four-Seam,L,27,23,0.2458672292722821,0.08499999999999999,0.6153846153846154,0.0,51.58450704225352,54.01434305773313
"Williams, Pierce",1000337420.0,NEW_ENG23,Curveball,R,68,32,0.27053639526776735,0.10735294117647058,0.07407407407407407,0.2608695652173913,75.88028169014083,41.04277210050806
"Duncan, Tanner",677365.0,DOW_EAS1,Four-Seam,R,42,30,0.30394344198700723,0.13185714285714287,0.23076923076923078,0.17647058823529413,22.42957746478873,40.66382540379351
"Jones, Logan",814785.0,TRI_VAL,Sinker,L,64,45,0.3259578517090261,0.190375,0.034482758620689655,0.2857142857142857,24.859154929577464,47.45189326508547
"Anibal, Trevor",822669.0,NEW_ENG23,Four-Seam,L,81,57,0.27815373252182857,0.08567901234567901,0.2727272727272727,0.034482758620689655,32.88732394366197,41.276590269816495
"Cox, Carter",10156934.0,NIU_HUS,Four-Seam,L,54,20,0.29716513443154025,0.08361111111111111,0.2631578947368421,0.25,55.387323943661976,55.787822682231095
"Oe, Ryoya",1000551188.0,OTT_TIT,Four-Seam,R,40,25,0.2671077589030964,0.207375,0.18181818181818182,0.23529411764705882,56.54929577464788,43.70013308690988
"Scott, Brandon",1000138331.0,LAK_ERI24,Changeup,R,122,39,0.30489161447767205,0.0869016393442623,0.20967741935483872,0.2727272727272727,61.40845070422535,43.80603386559224
"Woolfolk, Dallas",663762.0,SCH_BOO,Four-Seam,R,52,31,0.26630062703663093,0.18821153846153843,0.10526315789473684,0.25,23.697183098591548,45.55950831074879
"Morgan, Cooper",692707.0,QUE_CAP,Cutter,L,25,20,0.23895715219118546,0.09975999999999999,0.2,0.2,51.16197183098592,33.44097070496298
"Jensik, CJ",10009752.0,WIN_CIT29,Sinker,L,27,14,0.25725697253148966,0.13185185185185186,0.14285714285714285,0.16666666666666666,20.950704225352112,34.298057908263246
"Williams, Pierce",1000337420.0,NEW_ENG23,Sinker,R,36,23,0.28402959437046327,0.2056111111111111,0.0,0.23076923076923078,55.91549295774647,34.17634349898682
"Baker, Luke",694914.0,EVA_OTT,Four-Seam,R,38,30,0.3202904718594361,0.21984210526315787,0.11764705882352941,0.21428571428571427,56.12676056338028,43.69334166443325
"Nova, Fraynel",805843.0,LAK_ERI24,Four-Seam,L,120,88,0.2996491203067684,0.11778512396694214,0.1,0.3076923076923077,33.309859154929576,42.441076221915765
"Harris, Ben",1000390130.0,GAT_GRI,Sinker,R,25,24,0.22648777681410687,0.03572,0.0,0.1111111111111111,27.7112676056338,37.84193281439961
"Nova, Fraynel",805843.0,LAK_ERI24,Four-Seam,R,116,88,0.25107023341719836,0.11201724137931034,0.07142857142857142,0.24489795918367346,33.309859154929576,42.02152182949111
"Shinn, Nathan",1000490914.0,LAK_ERI24,Sinker,R,25,20,0.21942299686368757,0.09948,0.0,0.2857142857142857,45.45774647887323,29.168057402021365
"Sakurai, Masatoshi",1000429128.0,QUE_CAP,Curveball,R,38,30,0.3557203901619853,0.17952631578947367,0.3333333333333333,0.2222222222222222,73.02816901408451,42.74523382240056
"Barker, Alex",1000106691.0,NEW_YOR13,Slider,R,49,24,0.34465903022759764,0.11948979591836734,0.38095238095238093,0.4166666666666667,66.69014084507043,43.16610156023325
"Sohosky, Zac",1000224033.0,MIA_RED,Four-Seam,L,34,21,0.2560419817857795,0.09961764705882353,0.05263157894736842,0.125,48.94366197183098,39.62086803986019
"Villalobos, Jonaiker",665690.0,FLO_Y'A,Curveball,L,39,21,0.2114260548299866,0.0,0.09090909090909091,0.0,76.40845070422534,46.82205071370602
"Baker, Luke",694914.0,EVA_OTT,Four-Seam,L,49,30,0.2974183110813261,0.09479591836734692,0.13043478260869565,0.25,56.12676056338028,42.93569581544115
"Armstrong, Andrew",803262.0,NEW_YOR13,Four-Seam,R,46,23,0.341214371950919,0.09680434782608695,0.19230769230769232,0.2222222222222222,51.58450704225352,51.92139875472933
"Galva, Claudio",669996.0,GAT_GRI,Sinker,R,84,47,0.29431547665933316,0.14891666666666667,0.075,0.23333333333333334,44.29577464788733,49.74307760628082
"Tiburcio, David",696010.0,DOW_EAS1,Sinker,L,92,42,0.2701382084733538,0.1506086956521739,0.12121212121212122,0.25925925925925924,20.739436619718308,45.81011499252661
"Floyd, Conner",1000161370.0,QUE_CAP,Four-Seam,L,109,38,0.23007471912897695,0.05195412844036697,0.3958333333333333,0.08,25.176056338028168,51.665302854584375
"Milburn, Isaac",830926.0,FLO_Y'A,Four-Seam,L,55,56,0.3091165989941009,0.14049090909090908,0.08333333333333333,0.2857142857142857,50.4225352112676,48.23066664989509
"Balzan, Jackson",827496.0,SUS_COU1,Four-Seam,L,63,65,0.33290740918090655,0.1943015873015873,0.14814814814814814,0.36363636363636365,54.225352112676056,40.65583153978076
"Brothers, Kellen",1000131959.0,SUS_COU1,Changeup,L,40,10,0.21816743851845702,0.017525,0.5454545454545454,0.2857142857142857,59.401408450704224,32.0420379453944
"Vitas, Ben",1000076969.0,JOL_SLA,Sinker,L,48,49,0.3156284624538459,0.16260416666666666,0.16666666666666666,0.2222222222222222,23.16901408450704,32.734005903729205
"Figueredo, Kevin",1000210447.0,WIN_CIT29,Sinker,R,112,75,0.27663312073626073,0.11938392857142857,0.05357142857142857,0.23404255319148937,49.683098591549296,34.66834989686524
"Toribio, Noe",672848.0,TRO_AIG,Sinker,L,184,97,0.25857879977936077,0.09802717391304347,0.0547945205479452,0.22033898305084745,23.591549295774648,42.74526990420235
"Steinhauer, Ryan",1000424762.0,NEW_JER6,Changeup,L,36,24,0.3082380791368406,0.2056111111111111,0.15,0.35714285714285715,61.30281690140845,38.71201752197539
"Cooper, Garrett",1000327042.0,NEW_YOR13,Four-Seam,R,56,54,0.2904598920577067,0.16644642857142858,0.07407407407407407,0.3181818181818182,38.27464788732394,29.4772414320969
"Frey, Hayden",839374.0,TOL_ROC,Four-Seam,L,26,15,0.32002866917822664,0.17246153846153847,0.08333333333333333,0.25,53.38028169014085,38.632468167470485
"Milburn, Isaac",830926.0,FLO_Y'A,Four-Seam,R,95,56,0.30718261622048704,0.21362105263157896,0.18181818181818182,0.2857142857142857,50.4225352112676,47.55487172189682
"Belton, Hunter",10294453.0,MIS_MUD,Changeup,L,40,13,0.31711067571922463,0.057374999999999995,0.25,0.2,59.92957746478873,54.16242279932587
"Frey, Hayden",839374.0,TOL_ROC,Four-Seam,R,29,15,0.31416536611977336,0.054965517241379304,0.2222222222222222,0.5714285714285714,53.38028169014085,38.30110444105665
"Escobar, Anthony",678673.0,TRO_AIG,Sinker,L,60,39,0.3181865276489729,0.07441666666666666,0.17857142857142858,0.23809523809523808,36.69014084507042,39.8969400509683
"Chapple, Bronson",1000218472.0,TRO_AIG,Sinker,R,74,49,0.27212838606617595,0.15664864864864866,0.05714285714285714,0.17857142857142858,28.66197183098592,40.59606084175482
"Hill, Kaleb",1000371973.0,OTT_TIT,Sinker,R,126,79,0.3312151440076551,0.1191111111111111,0.06451612903225806,0.2391304347826087,45.03521126760563,34.992242439467205
"Parks, Pavin",682030.0,LAK_ERI24,Cutter,L,39,32,0.32716841787931367,0.1888974358974359,0.2857142857142857,0.25,64.04929577464789,44.04262893169734
"Belton, Hunter",10294453.0,MIS_MUD,Four-Seam,L,68,38,0.3034688460172613,0.1040735294117647,0.15384615384615385,0.2857142857142857,42.28873239436619,36.28786785024832
"Valdez, Alex",677678.0,EVA_OTT,Four-Seam,L,55,39,0.3266146238512264,0.13885454545454545,0.10714285714285714,0.38095238095238093,31.725352112676056,35.289984427931586
"Matos, Dwayne",684228.0,OTT_TIT,Changeup,R,49,50,0.3788066543481586,0.08048979591836734,0.4444444444444444,0.42857142857142855,48.20422535211267,32.3110775280887
"Matos, Dwayne",684228.0,OTT_TIT,Sinker,L,173,105,0.2783299612923398,0.10947976878612717,0.13402061855670103,0.28205128205128205,24.54225352112676,38.78960334828172
"Allemann, Braeden",1000367619.0,QUE_CAP,Four-Seam,L,174,102,0.2804453796195608,0.10575862068965518,0.3023255813953488,0.21428571428571427,33.943661971830984,37.03053411228844
"Thompson, Ross",1000103401.0,SCH_BOO,Four-Seam,L,148,75,0.2881920255677917,0.06377702702702703,0.22033898305084745,0.1794871794871795,33.521126760563384,39.65361009435018
"Villalobos, Jonaiker",665690.0,FLO_Y'A,Curveball,R,51,21,0.3356515618891846,0.07356862745098039,0.125,0.4166666666666667,76.40845070422534,43.28623448676415
"Galva, Claudio",669996.0,GAT_GRI,Sinker,L,43,47,0.27055307837900167,0.18734883720930234,0.08695652173913043,0.4117647058823529,44.29577464788733,45.970408611790816
"Puccetti, Dominic",1000266076.0,OTT_TIT,Changeup,R,78,31,0.269888418735383,0.10443589743589743,0.25,0.35,53.27464788732394,42.594055738850166
"Almonte, Dawil",805044.0,EVA_OTT,Four-Seam,R,60,29,0.2847143465337491,0.13158333333333333,0.30434782608695654,0.25,23.380281690140844,55.907002699408
"Rodriguez, Joe Joe",689487.0,NEW_JER6,Sinker,R,47,37,0.3407274730717284,0.1714042553191489,0.08695652173913043,0.47368421052631576,24.01408450704225,58.0935369245475
"Moore, Kyle",1000517760.0,SCH_BOO,Sinker,R,38,26,0.333430153345797,0.1493421052631579,0.125,0.08333333333333333,29.823943661971832,24.886255385249967
"Barker, Alex",1000106691.0,NEW_YOR13,Four-Seam,R,112,62,0.2826984892782997,0.08616071428571428,0.06896551724137931,0.23404255319148937,54.75352112676056,41.4975120893633
"Thiels, Brenton",816364.0,MIS_MUD,Four-Seam,L,111,53,0.26093126574844455,0.14793693693693694,0.13513513513513514,0.18518518518518517,40.28169014084507,39.53843090455796
"Majick, Eli",828663.0,NEW_ENG23,Sinker,L,63,56,0.3054207389685881,0.09922222222222223,0.0967741935483871,0.32,52.32394366197183,33.88621316174367
"Pindel, Buddie",1000054422.0,SCH_BOO,Sinker,R,74,52,0.2663053956806688,0.10812162162162162,0.09375,0.20833333333333334,28.23943661971831,43.940343173308776
"Thornton, Tyler",1000429124.0,NEW_ENG23,Changeup,L,40,26,0.36501828280535503,0.139225,0.11764705882352941,0.4666666666666667,47.147887323943664,42.09969003179639
"Sabatine, Gino",1000229070.0,TRI_VAL,Changeup,R,84,83,0.31682200684812223,0.09604761904761905,0.15,0.27586206896551724,43.87323943661972,40.37615601044093
"Pindel, Buddie",1000054422.0,SCH_BOO,Sinker,L,67,52,0.3184234853098267,0.09329850746268657,0.14285714285714285,0.32142857142857145,28.23943661971831,43.01174813326183
"Sakurai, Masatoshi",1000429128.0,QUE_CAP,Curveball,L,51,30,0.2782558880867291,0.08754901960784313,0.16666666666666666,0.2857142857142857,73.02816901408451,36.61356214861996
"Morel, Yohanse",678353.0,OTT_TIT,Sinker,L,82,44,0.2717943249665129,0.1371219512195122,0.17142857142857143,0.15384615384615385,22.218309859154928,52.05407109173877
"Hernandez, Nyan",683466.0,NEW_JER6,Sinker,L,25,21,0.31737156999140964,0.27884,0.23529411764705882,0.4166666666666667,37.32394366197183,46.40987020790724
"Smith, Ethan",680733.0,WIN_CIT29,Changeup,L,45,17,0.28619191880375755,0.16744444444444445,0.4166666666666667,0.38461538461538464,56.76056338028169,60.43256531860178
"Noble, Nick",1000397875.0,FDU_KNI,Changeup,R,25,23,0.36301420550983665,0.2616,0.09090909090909091,0.5555555555555556,57.2887323943662,28.042237028889737
"Lovin, Xander",815234.0,GAT_GRI,Four-Seam,L,108,58,0.35128572753865145,0.15499074074074073,0.06451612903225806,0.23076923076923078,26.549295774647888,51.10636161759772
"Gorgen, Grady",1000138303.0,NEW_YOR13,Slider,L,31,21,0.27930018619339125,0.1256774193548387,0.25,0.125,63.52112676056338,46.606314062752816
"Gorgen, Grady",1000138303.0,NEW_YOR13,Slider,R,44,21,0.3444520809778693,0.21593181818181817,0.1,0.46153846153846156,63.52112676056338,46.47376244753541
"Hernandez, Nyan",683466.0,NEW_JER6,Sinker,R,28,21,0.25249366388066463,0.056928571428571426,0.16666666666666666,0.1111111111111111,37.32394366197183,45.3765561403815
"Burcham, Jacob",1000122547.0,GAT_GRI,Four-Seam,L,38,21,0.24099380734569686,0.1171842105263158,0.13636363636363635,0.3333333333333333,29.29577464788732,50.682496593967386
"Manning, Noah",828538.0,WIN_CIT29,Sinker,L,30,13,0.44674424483358943,0.15483333333333332,0.2727272727272727,0.375,22.323943661971832,38.51817436985448
"Jones, Breyln",690202.0,NEW_JER6,Cutter,R,33,11,0.28195262677904226,0.07666666666666666,0.3333333333333333,0.2857142857142857,47.46478873239436,51.52278080487902
"Gaskey, Blake",1000362764.0,NIU_HUS,Four-Seam,L,29,22,0.3293915749244855,0.17813793103448278,0.0,0.25,43.66197183098591,53.03835120154969
"Webster, Evan",804248.0,FLO_Y'A,Changeup,R,58,18,0.3000016825144228,0.18251724137931036,0.2,0.4,62.570422535211264,52.0442761150472
"Lovin, Xander",815234.0,GAT_GRI,Four-Seam,R,93,58,0.2884426079163116,0.11744086021505377,0.10526315789473684,0.28125,26.549295774647888,49.09808674543378
"Manning, Noah",828538.0,WIN_CIT29,Sinker,R,25,13,0.12384716216849298,0.09304,0.125,0.0,22.323943661971832,37.2443430368004
"Rodriguez, Joe Joe",689487.0,NEW_JER6,Sinker,L,40,37,0.29962091974774613,0.1359,0.0,0.2777777777777778,24.01408450704225,52.99688939598405
"Sanchez, Dikember",699129.0,LAK_ERI24,Four-Seam,L,39,45,0.26685775279722235,0.10543589743589744,0.0625,0.25,29.612676056338028,32.559541365699744
"Puccetti, Dominic",1000266076.0,OTT_TIT,Changeup,L,62,31,0.2915568676378885,0.13145161290322582,0.21052631578947367,0.18181818181818182,53.27464788732394,37.046726464378935
"Beriguete, Randy",691335.0,LAK_ERI24,Four-Seam,R,67,21,0.33742871033991767,0.10474626865671642,0.38095238095238093,0.25,25.598591549295776,49.37830933369506
"Beriguete, Randy",691335.0,LAK_ERI24,Four-Seam,L,35,21,0.3090297270394529,0.16594285714285714,0.4444444444444444,0.3333333333333333,25.598591549295776,48.83480973210854
"Rybarczyk, Ty",1000084463.0,JOL_SLA,Four-Seam,L,44,14,0.33185274473029336,0.1248,0.2222222222222222,0.5,27.2887323943662,47.11332783135395
"Thornton, Tyler",1000429124.0,NEW_ENG23,Sinker,R,39,28,0.3714065334490292,0.15243589743589744,0.13333333333333333,0.3333333333333333,48.41549295774647,52.98699680872922
"Heredia-Bustos, Rolando",837343.0,DOW_EAS1,Sinker,R,39,29,0.36449928575107554,0.20807692307692308,0.14285714285714285,0.36363636363636365,33.732394366197184,52.411291173458565
"Misla, Luis",695417.0,TRI_VAL,Four-Seam,R,92,52,0.30296352264682364,0.12690217391304345,0.16666666666666666,0.3333333333333333,53.16901408450704,35.09172443063746
"Tiburcio, David",696010.0,DOW_EAS1,Slider,L,29,10,0.19544946256514045,0.07937931034482759,0.36363636363636365,0.2,59.29577464788733,38.54812590972265
"Andueza, Axel",672847.0,DOW_EAS1,Slider,L,37,16,0.2718858067300255,0.1501891891891892,0.375,0.1111111111111111,65.95070422535211,36.29196354350914
"Valdez, Alex",677678.0,EVA_OTT,Slider,L,49,14,0.1722193779420937,0.04012244897959183,0.6956521739130435,0.25,59.08450704225353,37.67964220447256
"Simpson, Garret",1000073158.0,EVA_OTT,Changeup,L,47,16,0.33627295975227983,0.17931914893617024,0.23076923076923078,0.3333333333333333,47.88732394366197,39.305370035723925
"Rodriguez, Leonardo",673164.0,NEW_JER6,Four-Seam,L,33,25,0.2639623084142401,0.2174242424242424,0.125,0.14285714285714285,30.774647887323944,20.0
"Nakata, Yuto",1000432352.0,QUE_CAP,Four-Seam,L,66,41,0.335366268981156,0.1008030303030303,0.29411764705882354,0.4,26.12676056338028,46.68568158080076
"Almonte, Dawil",805044.0,EVA_OTT,Four-Seam,L,39,29,0.32552865505511436,0.18797435897435896,0.14285714285714285,0.35294117647058826,23.380281690140844,44.13965630291434
"Westcott, Zac",686170.0,FLO_Y'A,Changeup,R,37,45,0.3091015410709797,0.2507567567567568,0.21052631578947367,0.5,67.53521126760563,34.22772162644374
"Heredia-Bustos, Rolando",837343.0,DOW_EAS1,Sinker,L,62,29,0.2637056037035976,0.12412903225806451,0.08333333333333333,0.2777777777777778,33.732394366197184,46.91637090189967
"Foy, Corbin",813822.0,LAK_ERI24,Sinker,L,43,11,0.3077769752028939,0.08725581395348837,0.3125,0.3,26.443661971830984,45.638185152675376
"Miranda, Agnel",695064.0,NEW_JER6,Four-Seam,L,26,17,0.26217612393058143,0.20315384615384616,0.18181818181818182,0.42857142857142855,37.64084507042253,49.76512665028098
"Vitas, Ben",1000076969.0,JOL_SLA,Slider,R,37,22,0.2820566981256356,0.12278378378378378,0.16666666666666666,0.3076923076923077,66.90140845070422,50.99738969204341
"Kramer, Cameron",1000249123.0,TRO_AIG,Sinker,R,26,23,0.306883154813134,0.1226153846153846,0.08333333333333333,0.4,30.035211267605632,38.401907135476335
"Eisenbarger, Jack",1000570067.0,QUE_CAP,Changeup,R,55,13,0.2521045368941548,0.09534545454545454,0.4827586206896552,0.2727272727272727,74.71830985915494,45.35268318264685
"Thornton, Tyler",1000429124.0,NEW_ENG23,Sinker,L,34,28,0.3272362598667256,0.1406470588235294,0.0,0.3684210526315789,48.41549295774647,45.16742330762172
"Morel, Yohanse",678353.0,OTT_TIT,Sinker,R,59,44,0.40916460939263616,0.15572881355932205,0.17857142857142858,0.5555555555555556,22.218309859154928,38.72783119464941
"Sechrist, Zander",801415.0,WAS_WIL3,Four-Seam,L,28,23,0.1540865925637763,0.0762142857142857,0.2,0.0,66.47887323943661,44.99441986798135
"Estrella, Noah",805762.0,TRI_VAL,Four-Seam,L,38,22,0.24778117243226513,0.07255263157894737,0.10526315789473684,0.23529411764705882,24.43661971830986,22.94885140994152
"Eldred, Zach",1000227712.0,NEW_ENG23,Slider,R,37,18,0.32178339310290915,0.0797027027027027,0.3076923076923077,0.5,71.02112676056338,56.62278924920777
"Cosentino, Nick",700818.0,JOL_SLA,Four-Seam,L,54,27,0.29544784879570846,0.13374074074074074,0.041666666666666664,0.3157894736842105,29.401408450704224,26.16594072478227
"Kramer, Cameron",1000249123.0,TRO_AIG,Sinker,L,35,23,0.2520155246406002,0.10719999999999999,0.2631578947368421,0.3076923076923077,30.035211267605632,32.71974174704996
"Nabholz, Nate",1000113106.0,TRI_VAL,Four-Seam,R,39,26,0.43998642251750536,0.09851282051282051,0.3,0.6666666666666666,26.97183098591549,56.10023340120758
"Nova, Fraynel",805843.0,LAK_ERI24,Sinker,L,57,27,0.3127722603250116,0.21135087719298246,0.20689655172413793,0.4,26.866197183098592,40.770063587024445
"Smith, Donny",1000381366.0,JOL_SLA,Sinker,L,55,37,0.3708789807793435,0.13892727272727273,0.08695652173913043,0.3157894736842105,31.30281690140845,49.35760380356354
"Sechrist, Zander",801415.0,WAS_WIL3,Four-Seam,R,44,23,0.3243952726353932,0.2095227272727273,0.08695652173913043,0.42105263157894735,66.47887323943661,32.236702704035736
"Duby, Bill",1000270408.0,NEW_JER6,Changeup,R,69,46,0.30348230419021166,0.07010144927536231,0.16666666666666666,0.30434782608695654,55.70422535211267,34.26913526291116
"Duby, Bill",1000270408.0,NEW_JER6,Changeup,L,64,46,0.30761798070165197,0.181609375,0.24390243902439024,0.43478260869565216,55.70422535211267,29.79321980815069
"Smith, Donny",1000381366.0,JOL_SLA,Sinker,R,63,37,0.3144227604031806,0.09933333333333333,0.14814814814814814,0.4444444444444444,31.30281690140845,38.09638042491228
"Johnston, Spencer",800918.0,DOW_EAS1,Curveball,R,30,16,0.36053713273779114,0.12806666666666666,0.25,0.4,78.94366197183099,47.08312271120644
"Johnston, Spencer",800918.0,DOW_EAS1,Curveball,L,30,16,0.3519281289535116,0.07193333333333334,0.4166666666666667,0.6666666666666666,78.94366197183099,46.80779443258423
"Vitas, Ben",1000076969.0,JOL_SLA,Slider,L,51,22,0.370461806997721,0.11201960784313726,0.4782608695652174,0.4444444444444444,66.90140845070422,26.729655780138533
"Westcott, Zac",686170.0,FLO_Y'A,Curveball,R,84,37,0.3804325349390298,0.17035714285714285,0.175,0.4444444444444444,80.0,45.297008801442544
"Eldred, Zach",1000227712.0,NEW_ENG23,Slider,L,47,18,0.3902008983740279,0.09182978723404255,0.3333333333333333,0.5,71.02112676056338,33.243361114546715
"Nabholz, Nate",1000113106.0,TRI_VAL,Four-Seam,L,60,26,0.28742095307173166,0.103,0.3793103448275862,0.2857142857142857,26.97183098591549,36.0696897393256
"Westcott, Zac",686170.0,FLO_Y'A,Curveball,L,43,37,0.44374641618718647,0.0786046511627907,0.14285714285714285,0.3,80.0,41.39933856766401
